time_s,height_m,speed_mps,temperature_k,pressure_pa,density_kg_m3,sound_mps,mach,cd,area_m2,drag_g,spin_g,recovery_k,stagnation_k,theta_deg,spin_rpm
0.0,58221.436492549044,0.0,251.90952239710364,27.889856638791375,0.00038569126568420436,318.1758820812555,0.0,0.6,1.3569699349930187,0.0,0.00012746452662224105,251.90952239710364,251.90952239710364,0.0,0.477464829275686
0.15003124380901522,58221.32811609976,1.4447183653908586,251.90982036795802,27.890259151050028,0.0003856963758409565,318.1760702581662,0.004540625460043625,0.6,1.3569699349930187,1.7588514010111175e-07,0.0001274643190108619,251.91074703966504,251.91085910699653,0.0,0.4774644404334933
0.30006248761803045,58221.00298678342,2.8894363108405807,251.91071428049494,27.891466719788973,0.00038571170668073564,318.17663478821396,0.009081233487694214,0.6,1.3569699349930187,7.035683205547899e-07,0.00012746369616231003,251.91442096624556,251.91486923544124,0.0,0.4774632738780177
0.4500937314270457,58220.46110469452,4.334153416318902,251.91220413463583,27.893479440901014,0.0003857372593121502,318.17757566934586,0.013621806650582468,0.6,1.3569699349930187,1.5831328267212642e-06,0.00012746265803333876,251.92054417353395,251.92155277873562,0.0,0.47746132952255993
0.6001249752360609,58219.70246999062,5.778869261631497,251.91428993024957,27.896297474220187,0.00038577303558301305,318.1788928981405,0.01816232751643115,0.6,1.3569699349930187,2.8147174839130256e-06,0.00012746120455186635,251.92911665601036,251.93090973070804,0.0,0.47745860722261196
0.7501562190450761,58218.72708289231,7.223583426350601,251.9169716671524,27.899921043540814,0.0003858190380805396,318.18058646980757,0.022702778653140902,0.6,1.3569699349930187,4.39851668198686e-06,0.00012745933561697167,251.9401384059445,251.94294008271564,0.0,0.47745510677584463
0.9001874628540913,58217.53494368328,8.668295489715524,251.92024934510815,27.904350436644656,0.00038587527013163124,318.18265637818865,0.027243142628781365,0.6,1.3569699349930187,6.334780409747729e-06,0.00012745705109888387,251.95360941339382,251.95764382364197,0.0,0.47745082792208376
1.0502187066631066,58216.1260527104,10.113005030545532,251.9241229638275,27.909586005334766,0.000385941735803227,318.18510261575636,0.031783402011621206,0.6,1.3569699349930187,8.623814299192002e-06,0.00012745435083896982,251.96952966619978,251.97502093989314,0.0,0.47744577034328023
1.2002499504721218,58214.50041038376,11.557711627185153,251.92859252296836,27.915628165478108,0.00038601843990274744,318.18792517361504,0.03632353937026001,0.6,1.3569699349930187,1.1265979679658972e-05,0.00012745123464972635,251.987899149985,251.9950714153944,0.0,0.4774399336634877
1.350281194281137,58212.65801717673,13.002414857407715,251.93365802213526,27.922477397054973,0.000386105387978609,318.1911240415003,0.04086353727362887,0.6,1.3569699349930187,1.4261693641793476e-05,0.0001274477023147635,252.00871784814848,252.0177952315849,0.0,0.4774333174488217
1.5003124380901522,58210.598873626106,14.447114298312226,251.9393194608793,27.930134244216656,0.000386202586320825,318.1946992077793,0.04540337829097003,0.6,1.3569699349930187,1.7611429111346416e-05,0.00012744375358877838,252.03198574186064,252.04319236741216,0.0,0.4774259212074006
1.6503436818991675,58208.32298033217,15.891809526276504,251.94557683869778,27.93859931535046,0.00038631004196168126,318.1986506594508,0.049943044991993285,0.6,1.3569699349930187,2.1315714932984428e-05,0.00012743938819754637,252.05770281005786,252.0712627993261,0.0,0.47741774438931683
1.8003749257081827,58205.83033795881,17.336500116863682,251.95243015503388,27.94787328315244,0.00038642776267649396,318.202978382145,0.05448251994688579,0.6,1.3569699349930187,2.5375135963920092e-05,0.00012743460583789645,252.08586902943625,252.10200650127183,0.0,0.47740878638657686
1.950406169517198,58203.12094723369,18.781185644720047,251.95987940927648,27.957956884708338,0.0003865557569844521,318.2076823601237,0.059021785726294636,0.6,1.3569699349930187,2.9790333177421614e-05,0.0001274294061776766,252.1164843744444,252.13542344468183,0.0,0.4773990465330218
2.100437413326213,58200.194808948356,20.225865683511028,251.96792460075937,27.96885092158106,0.0003866940341495266,318.2127625762804,0.06356082490142922,0.6,1.3569699349930187,3.456200377636577e-05,0.00012742378885573455,252.1495488172758,252.17151359846733,0.0,0.4773885241042752
2.2504686571352286,58197.05192395836,21.670539805846204,251.97656572876122,27.980556259907413,0.0003868426041814791,318.2182190121401,0.06809962004412912,0.6,1.3569699349930187,3.96909013167435e-05,0.00012741775348189258,252.18506232786078,252.21027692900944,0.0,0.4773772183176774
2.4004999009442436,58193.69229318349,23.115207583178073,251.9858027925049,27.99307383050143,0.0003870014778369351,318.2240516478595,0.07263815372684938,0.6,1.3569699349930187,4.517783584106133e-05,0.00012741129963690604,252.22302487385733,252.25171340014882,0.0,0.4773651283321892
2.5505311447532586,58190.115917607945,24.559868585714508,251.99563579115716,28.00640462896596,0.0003871706666205464,318.23026046222714,0.07717640852268881,0.6,1.3569699349930187,5.102367402178634e-05,0.00012740442687242582,252.26343642064123,252.29582297317475,0.0,0.47735225324830044
2.700562388562274,58186.32279828047,26.004522382362655,252.00606472382785,28.02054971581182,0.00038735018278623006,318.2368454326632,0.0817143670055171,0.6,1.3569699349930187,5.722933931496339e-05,0.00012739713471097674,252.3062969312962,252.34260560681412,0.0,0.4773385921079674
2.8505936323712895,58182.31293631456,27.449168540630595,252.0170895895697,28.035510216585013,0.00038754003933849223,318.2438065352197,0.0862520117499689,0.6,1.3569699349930187,6.379581212374638e-05,0.00012738942264591167,252.3516063666028,252.392061257219,0.0,0.47732414389450334
3.0006248761803045,58178.08633288881,28.893806626521894,252.02871038737734,28.05128732200131,0.0003877402500338275,318.25114374458053,0.09078932533141579,0.6,1.3569699349930187,7.072412997197296e-05,0.0001273812901413535,252.39936468502592,252.44418987795285,0.0,0.4773089075324444
3.1506561199893195,58173.642989246946,30.338436204487657,252.04092711618688,28.06788228808914,0.0003879508293822057,318.25885703406146,0.09532629032611872,0.6,1.3569699349930187,7.801538768813757e-05,0.00012737273663217602,252.44957184270336,252.4989914199776,0.0,0.47729288188748725
3.300687363798335,58168.98290669819,31.78305683733061,252.0537397748754,28.085296436340204,0.000388171792648638,318.26694637561025,0.0998628893112296,0.6,1.3569699349930187,8.567073759932829e-05,0.0001273637615239511,252.5022277934328,252.5564658316393,0.0,0.47727606576636206
3.4507186076073504,58164.10608661752,33.22766808610008,252.06714836225984,28.10353115386766,0.00038840315585482183,318.27541173980666,0.10439910486476421,0.6,1.3569699349930187,9.369138973530017e-05,0.00012735436419288287,252.55733248865698,252.61661305865135,0.0,0.4772584579166794
3.6007498514163654,58159.012530445885,34.67226951002625,252.0811528770966,28.12258789357244,0.00038864493578086957,318.2842530958625,0.10893491956569863,0.6,1.3569699349930187,0.00010207861204299403,0.000127344543985772,252.61488587745,252.67943304407962,0.0,0.4772400570268321
3.7507810952253804,58153.702239690465,36.11686066644272,252.09575331808074,28.142468174317916,0.00038889714996712604,318.29347041162174,0.11347031599402863,0.6,1.3569699349930187,0.0001108337306112995,0.00012733430021996905,252.67488790650253,252.7449257283256,0.0,0.4772208617258753
3.900812339034396,58148.17521592506,37.56144111068205,252.11094968384495,28.16317358111141,0.00038915981671605295,318.3030636535605,0.11800527673074405,0.6,1.3569699349930187,0.0001199581299059809,0.00012732363218330295,252.73733852010514,252.81309104910795,0.0,0.477200870583358
4.050843582843411,58142.431460790336,39.00601039598517,252.12674197295888,28.184705765294776,0.00038943295509421134,318.3130327867872,0.12253978435784696,0.6,1.3569699349930187,0.00012945325301504367,0.00012731253913401752,252.80223766013165,252.88392894144397,0.0,0.4771800821091684
4.200874826652426,58136.47097599411,40.45056807344328,252.1431301839283,28.20706644474261,0.00038971658493432094,318.32337777504233,0.12707382145847143,0.6,1.3569699349930187,0.00013932060190473505,0.00012730102030073697,252.86958526602285,252.95743933763143,0.0,0.477158494753432
4.350906070461441,58130.29376331172,41.895113691895794,252.16011431519408,28.23025740406819,0.0003900107268373995,318.3340985806993,0.1316073706168652,0.6,1.3569699349930187,0.00014956173768574077,0.0001272890748823902,252.93938127476804,253.0336221672279,0.0,0.47713610690633024
4.500937314270457,58123.89982458643,43.33964679782074,252.1776943651312,28.254280494837793,0.0003903154021749895,318.3451951647633,0.13614041441834798,0.6,1.3569699349930187,0.00016017828088982152,0.00012727670204812084,253.01162562088518,253.11247735702887,0.0,0.4771129168978919
4.650968558079472,58117.28916172965,44.78416693528481,252.19587033204792,28.279137635793127,0.00039063063309146856,318.3566674868725,0.14067293544945622,0.6,1.3569699349930187,0.00017117191175744295,0.0001272639009372585,253.08631823640332,253.19400483104778,0.0,0.47708892299789724
4.800999801888487,58110.4617767214,46.22867364584337,252.21464221418475,28.30483081308195,0.0003909564425064451,318.36851550529747,0.14520491629793134,0.6,1.3569699349930187,0.00018254437053569347,0.00012725067065923743,253.16345905084174,253.2782045104932,0.0,0.4770641234156807
4.951031045697502,58103.41767161072,47.673166468430736,252.23401000971313,28.331362080496238,0.00039129285411722986,318.38073917694146,0.1497363395526768,0.6,1.3569699349930187,0.00019429745778678216,0.00012723701029349957,253.24304799118815,253.3650763137441,0.0,0.47703851629990485
5.101062289506517,58096.156848515995,49.11764493929144,252.25397371673455,28.35873355971937,0.00039163989240140326,318.39333845734035,0.15426718780384416,0.6,1.3569699349930187,0.00020643303470759496,0.00012722291888944188,253.3250849818779,253.4546201563271,0.0,0.4770120997384141
5.251093533315533,58088.67930962537,50.56210859189911,252.27453333327955,28.38694744058125,0.0003919975826194634,318.40631330066304,0.15879744364287962,0.6,1.3569699349930187,0.00021895302345997282,0.0001272083954663498,253.4095699447723,253.5468359508919,0.0,0.4769848717580611
5.401124777124548,58080.98505719721,52.00655695684668,252.29568885730632,28.416005981321582,0.00039236595081755846,318.4196636597111,0.16332708966248102,0.6,1.3569699349930187,0.00023185940751161083,0.00012719343901329387,253.4965027991343,253.64172360718445,0.0,0.47695683032446295
5.551156020933563,58073.07409356061,53.45098956175149,252.31744028669928,28.44591150886091,0.0003927450238302971,318.4333894859189,0.16785610845660107,0.6,1.3569699349930187,0.000245154231987987,0.00012717804848904167,253.58588346160423,253.73928303201976,0.0,0.47692797334178344
5.701187264742579,58064.94642111563,54.89540593119382,252.33978761926852,28.47666641908179,0.00039313482928366844,318.4474907293542,0.17238448262055536,0.6,1.3569699349930187,0.0002588396040356074,0.0001271622228220099,253.67771184617723,253.8395141292568,0.0,0.47689829865258937
5.851218508551594,58056.60204233394,56.339805586609515,252.36273085274797,28.508273177116333,0.0003935353955980223,318.4619673387175,0.17691219475098657,0.6,1.3569699349930187,0.0002729176931959019,0.0001271459609101591,253.7719878641766,253.94241679976878,0.0,0.4768678040375981
6.001249752360609,58048.04095975935,57.78418804617414,252.3862699847939,28.540734317642634,0.0003939467519911419,318.47681926134265,0.1814392274458014,0.6,1.3569699349930187,0.00028739073179014736,0.00012712926162087196,253.8687114242263,254.0479909414125,0.0,0.4768364872153914
6.151280996169624,58039.263176008084,59.228552824750274,252.41040501298434,28.574052445191423,0.0003943689284814267,318.49204644319667,0.18596556330430605,0.6,1.3569699349930187,0.0003022610153162222,0.00012711212379091477,253.9678824322267,254.1562364490013,0.0,0.4768043458422839
6.301312239978639,58030.268693769394,60.672899433781595,252.43513593481708,28.608230234458784,0.00039480195589113064,318.50764882887995,0.1904911849271741,0.6,1.3569699349930187,0.0003175309028561269,0.000127094546226328,254.06950079132585,254.26715321427295,0.0,0.47677137751205767
6.451343483787655,58021.05751580623,62.11722738117642,252.4604627477082,28.64327043062858,0.00039524586584970353,318.5236263616261,0.19501607491638162,0.6,1.3569699349930187,0.00033320281749474155,0.00012707652770229741,254.17356640188947,254.38074112585642,0.0,0.476737579755657
6.60137472759667,58011.629644955545,63.561536171234934,252.48638544899072,28.679175849703668,0.0003957006907972236,318.5399789833022,0.19954021587527893,0.6,1.3569699349930187,0.0003492792467504697,0.00012705806696308632,254.2800791614733,254.49700006924078,0.0,0.47670295004099683
6.751405971405685,58001.985084128915,65.0058253045627,252.51290403591352,28.715949378846062,0.0003961664639879211,318.5567066344091,0.20406359040861913,0.6,1.3569699349930187,0.0003657627430172846,0.00012703916272194712,254.38903896479354,254.6159299267425,0.0,0.4766674857727306
6.901437215214701,57992.12383631316,66.45009427795394,252.54001850563913,28.75359397672442,0.00039664321949377544,318.5738092540809,0.208586181122492,0.6,1.3569699349930187,0.00038265592401803193,0.000127019813660988,254.50044570369442,254.73753057746904,0.0,0.4766311842919313
7.051468459023716,57982.04590457098,67.89434258429013,252.5677288552421,28.792112673871227,0.0003971309922082128,318.5912867800855,0.21310797062430542,0.6,1.3569699349930187,0.0003999614732695795,0.00012700001843105922,254.61429926711614,254.86180189728333,0.0,0.4765940428758085
7.201499702832731,57971.75129204129,69.33856971247457,252.59603508170824,28.831508573049643,0.00039762981784990497,318.6091391488245,0.21762894152287968,0.6,1.3569699349930187,0.00041768214056017825,0.00012697977565169252,254.73059954106478,254.98874375877017,0.0,0.4765560587375218
7.351530946641746,57961.24000194004,70.78277514731744,252.6249371819322,28.87178484962772,0.00039813973296664044,318.6273662953336,0.22214907642838608,0.6,1.3569699349930187,0.0004358207424381189,0.00012695908391096642,254.84934640857767,255.1183560311974,0.0,0.476517229025854
7.501562190450761,57950.512037560926,72.22695836941176,252.65443515271545,28.912944751961476,0.00039866077493928566,318.6459681532817,0.2266683579522577,0.6,1.3569699349930187,0.000454380162712202,0.00012693794176535245,254.97053974968685,255.2506385804756,0.0,0.4764775508248467
7.651593434259777,57939.56740227572,73.67111885507703,252.68452899076559,28.954991601789047,0.0003991929819858643,318.6649446549721,0.23118676870731078,0.6,1.3569699349930187,0.00047336335296512113,0.0001269163477396676,255.0941794413881,255.38559126912313,0.0,0.47643702115363235
7.801624678068792,57928.40609953512,75.11525607624533,252.71521869269384,28.99792879463168,0.0003997363931657019,318.6842957313422,0.23570429130768691,0.6,1.3569699349930187,0.000492773333078285,0.0001268943003269367,255.22026535760327,255.52321395622437,0.0,0.4763956369660959
7.951655921877807,57917.028132869484,76.55936950033625,252.74650425501298,29.04175980020408,0.0004002910483836655,318.704021311963,0.2402209083687595,0.6,1.3569699349930187,0.0005126131917687169,0.00012687179798823202,255.34879736914186,255.66350649738686,0.0,0.4763533951504914
8.101687165686823,57905.433505889356,78.00345859017862,252.77838567413602,29.086488162835334,0.0004008569883945159,318.7241213250398,0.24473660250718673,0.6,1.3569699349930187,0.000532886087138933,0.00012684883915258988,255.4797753436654,255.80646874470153,0.0,0.47631029252920104
8.251718409495837,57893.622222286176,79.44752280391727,252.81086294637421,29.132117501898104,0.0004014342548073408,318.74459569741214,0.24925135634091725,0.6,1.3569699349930187,0.0005535952472390895,0.00012682542221690202,255.6131991456496,255.95210054670048,0.0,0.4762663258584446
8.401749653304853,57881.59428583308,80.89156159488691,252.8439360679348,29.17865151224666,0.0004020228900900773,318.7654443545537,0.2537651524890933,0.6,1.3569699349930187,0.0005747439706412336,0.00012680154554575097,255.74906863634294,256.10040174831096,0.0,0.47622149182788137
8.551780897113868,57869.34970038569,82.33557441150306,252.8776050349189,29.22609396466468,0.0004026229375741353,318.78666722057227,0.2582779735720067,0.6,1.3569699349930187,0.00059633562702644,0.00012677720747127208,255.8873836737262,256.2513721908101,0.0,0.47617578706026054
8.701812140922883,57856.888469882564,83.77956069719075,252.91186984332006,29.274448706323387,0.00040323444145912727,318.80826421821007,0.2627898022111728,0.6,1.3569699349930187,0.000618373657785296,0.00012675240629308004,256.02814411247397,256.4050117117821,0.0,0.4761292081111897
8.851843384731898,57844.21059834622,85.22351989026049,252.94673048902175,29.32371966124781,0.0004038574468176784,318.83023526884375,0.26730062102923957,0.6,1.3569699349930187,0.0006408615766305189,0.0001267271402781054,256.1713498039111,256.56132014506943,0.0,0.4760817514687329
9.001874628540914,57831.31608988396,86.66745142377361,252.98218696779483,29.3739108307925,0.0004044919996003315,318.852580292484,0.2718104126498629,0.6,1.3569699349930187,0.0006638029702223869,0.00012670140766040837,256.3170005959671,256.72029732072247,0.0,0.47603341355296236
9.151905872349928,57818.204948688406,88.11135472548105,253.01823927529628,29.425026294128912,0.00040513814664057613,318.8752992077761,0.27631915969781196,0.6,1.3569699349930187,0.0006872014988084382,0.00012667520664112349,256.4650963331365,256.88194306495484,0.0,0.4759841907157553
9.301937116158944,57804.87717903839,89.5552292176999,253.05488740706647,29.477070208740187,0.00040579593565994674,318.89839193199987,0.28082684479887926,0.6,1.3569699349930187,0.0007110608968754621,0.00012664853538829355,256.61563685643245,257.0462572000919,0.0,0.47593407924037917
9.451968359967958,57791.33278530003,90.99907431717696,253.09213135852653,29.53004681092626,0.00040646541527322656,318.92185838106934,0.2853334505797503,0.6,1.3569699349930187,0.0007353849738146344,0.0001266213920366782,256.76862200333835,257.21323954451685,0.0,0.4758830753410272
9.601999603776974,57777.57177192726,92.44288943500393,253.12997112497652,29.58396041631964,0.0004071466349937619,318.94569846953306,0.289838959668034,0.6,1.3569699349930187,0.0007601776146009717,0.00012659377468765537,256.9240516077637,257.38288991262124,0.0,0.47583117516252615
9.75203084758599,57763.59414346271,93.8866739765155,253.16840670159328,29.638815420411078,0.00040783964523887655,318.96991211057417,0.29434335469224043,0.6,1.3569699349930187,0.0007854427804861677,0.0001265656814090929,257.081925499997,257.5552081147528,0.0,0.4757783747799852
9.902062091395004,57749.39990453879,95.3304273411518,253.20743808342743,29.694616299083922,0.0004085444973353706,318.9944992160103,0.2988466182816458,0.6,1.3569699349930187,0.0008111845097045626,0.00012653711023515314,257.2422435066545,257.7301939571583,0.0,0.4757246701983165
10.05209333520402,57734.98905987853,96.77414892233946,253.24706526540078,29.751367609158947,0.00040926124352512537,319.0194596962932,0.3033487330662165,0.6,1.3569699349930187,0.0008374069181932829,0.00012650805916613057,257.40500545063014,257.90784724192713,0.0,0.47567005735181517
10.202124579013034,57720.36161429622,98.21783810741339,253.2872882423048,29.80907398895155,0.00040998993697083987,319.04479346050954,0.3078496816766593,0.6,1.3569699349930187,0.0008641142003271688,0.00012647852616836706,257.57021115104817,258.08816776693936,0.0,0.47561453210388266
10.35215582282205,57705.517572698605,99.6614942774812,253.3281070087974,29.86774015883609,0.0004107306317618303,319.07050041638036,0.31234944674429327,0.6,1.3569699349930187,0.0008913106296668208,0.0001264485091740591,257.73786042320944,258.27115532580524,0.0,0.4755580902465445
10.502187066631066,57690.456940085925,101.1051168072756,253.36952155939974,29.927370921821307,0.00041148338291994405,319.09658047026073,0.3168480109008828,0.6,1.3569699349930187,0.0009190005597207067,0.00012641800608104004,257.9079530785354,258.4568097078029,0.0,0.4755007274999179
10.65221831044008,57675.17972155251,102.54870506508746,253.41153188849495,29.987971164138507,0.00041224824640560755,319.12303352714076,0.3213453567787231,0.6,1.3569699349930187,0.0009471884247232142,0.0001263870147527178,258.0804889245196,258.6451306978244,0.0,0.47544243951196935
10.802249554249096,57659.685922287936,103.99225841263006,253.45413799032457,30.049545855837277,0.0004130252791239425,319.1498594906446,0.3258414670105109,0.6,1.3569699349930187,0.0009758787404260097,0.000126355533017881,258.2554677646708,258.83611807631223,0.0,0.47538322185802184
10.952280798058112,57643.975547578266,105.43577620488934,253.4973398589854,30.112100051392353,0.00041381453893099557,319.1770582630306,0.3303363242291706,0.6,1.3569699349930187,0.0010050761049038468,0.0001263235586704763,258.43288939845377,259.0297716191932,0.0,0.47532307004020513
11.102312041867126,57628.04860280672,106.87925779003061,253.54113748842764,30.17563889032304,0.00041461608464009894,319.20462974519154,0.3348299110678567,0.6,1.3569699349930187,0.0010347851993763647,0.00012629108946949656,258.6127536212356,259.22609109781865,0.0,0.4752619794871114
11.252343285676142,57611.90509345472,108.32270250928651,253.58553087245184,30.240167597822,0.0004154299760283215,319.2325738366548,0.33932221015989794,0.6,1.3569699349930187,0.0010650107890445618,0.00012625812313883303,258.79506022422845,259.4250762789008,0.0,0.4751999455533805
11.402374529485158,57595.54502510319,109.76610969680524,253.63052000470537,30.305691485393794,0.00041625627384301423,319.2608904355814,0.34381320413861716,0.6,1.3569699349930187,0.001095757723941662,0.00012622465736704912,258.9798089944271,259.6267269244426,0.0,0.47513696351913487
11.552405773294172,57578.968403433566,111.20947867951966,253.67610487867978,30.372215951506302,0.00041709503980849014,319.2895794387666,0.3483028756372158,0.6,1.3569699349930187,0.0011270309397997647,0.00012619068980719542,259.1669997145479,259.8310427916705,0.0,0.47507302858948813
11.702437017103188,57562.17523422862,112.65280877706095,253.7222854877082,30.439746482253017,0.00041794633663281254,319.31864074163974,0.3527912072887977,0.6,1.3569699349930187,0.0011588354589329183,0.00012615621807671407,259.35663216297183,260.03802363296995,0.0,0.47500813589422014
11.852468260912202,57545.16552337377,114.09609930160873,253.76906182496214,30.508288652025506,0.00041881022801468193,319.34807423826425,0.3572781817261942,0.6,1.3569699349930187,0.001191176391134591,0.0001261212397572178,259.5487061136793,260.24766919581367,0.0,0.47494228048721143
12.002499504721218,57527.939276858466,115.53934955772816,253.81643388344725,30.577848124196155,0.00041968677865042344,319.3778798213368,0.36176378158174893,0.6,1.3569699349930187,0.0012240589345906346,0.00012608575239424083,259.7432213361821,260.4599792226848,0.0,0.47487545734582326
12.152530748530234,57510.49650077677,116.98255884229573,253.86440165600212,30.64843065181634,0.0004205760542411389,319.4080573821885,0.3662479894873784,0.6,1.3569699349930187,0.0012574883768102603,0.00012604975349717144,259.94017759546534,260.67495345101327,0.0,0.47480766137061425
12.302561992339248,57492.837201328846,118.42572644434904,253.91296513529372,30.72004207832141,0.00042147812149991384,319.4386068107836,0.37073078807439636,0.6,1.3569699349930187,0.0012914700955714885,0.0001260132405390309,260.1395746519186,260.8925916130979,0.0,0.4747388873847667
12.452593236148264,57474.961384822345,119.86885164492084,253.962124313814,30.792688338249008,0.0004223930481591636,319.46952799571966,0.3752121599732882,0.6,1.3569699349930187,0.001326009559882648,0.00012597621095622035,260.34141226126474,261.11289343602783,0.0,0.4746691301334475
12.602624479957278,57456.86905767326,121.31193371693584,254.01187918387728,30.86637545797025,0.00042332090297810866,319.5008208242278,0.37969208781368097,0.6,1.3569699349930187,0.0013611123309618123,0.00012593866214839693,260.54569017449495,261.33585864160983,0.0,0.47459838428340995
12.752655723766294,57438.56022640716,122.75497192508614,254.0622297376169,30.941109556431602,0.000424261755750355,319.5324851821723,0.384170554224247,0.6,1.3569699349930187,0.0013967840632325033,0.00012590059147830782,260.7524081378004,261.561486946292,0.0,0.47452664442251197
12.90268696757531,57420.0348976607,124.19796552566275,254.11317596698098,31.01689684590759,0.0004252156773115782,319.56452095405035,0.38864754183247074,0.6,1.3569699349930187,0.0014330305053352733,0.00012586199627153438,260.961565892497,261.78977806107986,0.0,0.474453905059063
13.052718211384324,57401.293078182876,125.64091376641034,254.16471786372912,31.09374363276655,0.0004261827395473406,319.59692802299145,0.39312303326448705,0.6,1.3569699349930187,0.0014698575011569128,0.00012582287381628516,261.17316317495204,262.0207316914549,0.0,0.4743801606212571
13.20274945519334,57382.33477483592,127.08381588643114,254.21685541942978,31.17165631825027,0.0004271630154010503,319.62970627075845,0.39759701114507295,0.6,1.3569699349930187,0.0015072709908781846,0.00012578322136329147,261.38719971651665,262.2543475372986,0.0,0.47430540545679767
13.352780699002356,57363.15999459695,128.5266711160181,254.2695886254558,31.250641399262452,0.0004281565788819984,319.6628555777462,0.4020694580974195,0.6,1.3569699349930187,0.001545277012037283,0.00012574303612555908,261.6036752434469,262.4906252928052,0.0,0.4742296338322462
13.50281194281137,57343.76874455949,129.96947867647359,254.32291747298015,31.330705469170315,0.000429163505073529,319.69637582298134,0.4065403567428578,0.6,1.3569699349930187,0.001583881700610611,0.00012570231527808925,261.8225894768227,262.72956464639077,0.0,0.4741528399323096
13.652843186620386,57324.16103193429,131.4122377800269,254.37684195297368,31.4118552186217,0.0004301838701413701,319.73026688412295,0.41100968970089247,0.6,1.3569699349930187,0.001623091292113941,0.00012566105595780743,262.0439421324788,262.9711652806163,0.0,0.4740750178595152
13.802874430429402,57304.33686405094,132.85494762966655,254.43136205620058,31.494097436371344,0.00043121775134204594,319.7645286374617,0.4154774395889703,0.6,1.3569699349930187,0.0016629121227195042,0.0001256192552633171,262.2677329209222,263.2154268720959,0.0,0.47399616163355257
13.952905674238416,57284.29624835962,134.29760741895512,254.4864777732139,31.577439010119956,0.0004322652270314161,319.79916095791924,0.4199435890221947,0.6,1.3569699349930187,0.001703350630390891,0.00012557691025461676,262.4939615472471,263.46234909140185,0.0,0.47391626519054075
14.102936918047432,57264.03919243204,135.74021633191447,254.54218909435238,31.661886927368364,0.00043332637667336935,319.8341637190486,0.42440812061325794,0.6,1.3569699349930187,0.0017444133560382922,0.00012553401795296651,262.7226277110582,263.7119316029785,0.0,0.47383532238257464
14.252968161856446,57243.565703962915,137.1827735428861,254.59849600973683,31.74744827628379,0.00043440128084863407,319.86953679303366,0.4288710169722976,0.6,1.3569699349930187,0.0017861069446918484,0.00012549057534070533,262.9537311063884,263.96417406505157,0.0,0.47375332697717365
14.402999405665462,57222.875790771745,138.62527821634333,254.65539850926507,31.834130246577324,0.00043549002126369455,319.9052800506887,0.4333322607066013,0.6,1.3569699349930187,0.001828438146692585,0.0001254465793609672,263.1872714216098,264.21907612952793,0.0,0.47367027265653544
14.553030649474477,57201.96946080427,140.0677295067286,254.71289658260773,31.921940130395864,0.0004365926807598521,319.94139336145776,0.4377918344203913,0.6,1.3569699349930187,0.0018714138189031642,0.00012540202691745374,263.42324833934623,264.4766374418987,0.0,0.4735861530168921
14.703061893283492,57180.846722133516,141.5101265583461,254.7709902192058,32.010885323230184,0.00043770934332245336,319.9778765934153,0.44224972071477947,0.6,1.3569699349930187,0.001915040925939639,0.0001253569148743237,263.6616615363934,264.7368576411495,0.0,0.47350096156808175
14.853093137092507,57159.50758296176,142.95246850517495,254.82967940826467,32.10097332483115,0.0004388400940901821,320.0147296132651,0.4467059021874765,0.6,1.3569699349930187,0.0019593265414204557,0.0001253112400559186,263.9025106836247,264.99973635965637,0.0,0.4734146917328079
15.003124380901522,57137.95205162231,144.39475447066624,254.88896413874969,32.192211740142056,0.00043998501936451774,320.0519522863394,0.4511603614324504,0.6,1.3569699349930187,0.002004277849234896,0.00012526499924645556,264.14579544589503,265.2652732230777,0.0,0.4733273368458308
15.153155624710537,57116.1801365804,145.83698356765058,254.94884439938323,32.28460828024726,0.00044114420661935935,320.08954447659943,0.45561308103992815,0.6,1.3569699349930187,0.00204990214483476,0.00012521818918995547,264.391515481959,265.5334678502634,0.0,0.4732388901535989
15.303186868519553,57094.19184643518,147.27915489814995,255.00932017863965,32.37817076333094,0.0004423177445107385,320.1275060466351,0.46006404359610015,0.6,1.3569699349930187,0.00209620683654355,0.00012517080658997273,264.6396704443736,265.80431985314624,0.0,0.47314934481350196
15.453218112328567,57071.98718992167,148.72126755317015,255.0703914647395,32.47290711564966,0.00044350572288666683,320.1658368576631,0.4645132316827654,0.6,1.3569699349930187,0.0021431994468855695,0.00012512284810928525,264.8902599793965,266.0778288366283,0.0,0.4730586938930428
15.603249356137583,57049.5661759119,150.16332061257205,255.1320582456466,32.56882537252309,0.00044470823279717123,320.20453676952803,0.46896062787721937,0.6,1.3569699349930187,0.0021908876139382404,0.00012507431036975366,265.1432837268955,266.3539943984805,0.0,0.47296693036932447
15.7532805999466,57026.92881341668,151.60531314491467,255.19432050906317,32.665933679336234,0.0004459253665044341,320.2436056407013,0.47340621475205635,0.6,1.3569699349930187,0.0022392790927045474,0.0001250251899521244,265.39874132025193,266.6328161292342,0.0,0.4728740471284268
15.903311843755613,57004.07511158756,153.04724420724403,255.2571782424242,32.764240292555044,0.00044715721749306013,320.2830433282805,0.47784997487480224,0.6,1.3569699349930187,0.002288381756505089,0.00012497548339572022,265.6566323862545,266.91429361206315,0.0,0.4727800369645643
16.053343087564627,56981.005079718634,154.48911284491086,255.32063143289264,32.86375358075814,0.0004484038804805051,320.3228496879885,0.48229189080763823,0.6,1.3569699349930187,0.00233820359839254,0.00012492518719819516,265.9169565449961,267.19842642266855,0.0,0.4726848925793613
16.203374331373645,56957.71872724771,155.93091809144948,255.3846800673562,32.96448202568571,0.0004496654514276777,320.3630245741742,0.48673194510731227,0.6,1.3569699349930187,0.002388752732589919,0.00012487429781542062,266.17971340977954,267.4852141291737,0.0,0.4725886065813699
16.35340557518266,56934.21606375861,157.3726589683676,255.44932413242074,33.066434223298536,0.00045094202754962645,320.4035678398109,0.4911701203247765,0.6,1.3569699349930187,0.0024400373959479527,0.00012482281166118788,266.4449025870066,267.7746562920002,0.0,0.47249117148523484
16.503436818991673,56910.497098983236,158.8143344849182,255.5145636144049,33.16961888485326,0.0004522337073263871,320.4444793364952,0.49560639900476805,0.6,1.3569699349930187,0.0024920659494241885,0.00012477072510687525,266.71252367606394,268.066752463741,0.0,0.4723925797107865
16.65346806280069,56886.561842802614,160.25594363799524,255.58039849933692,33.27404483799769,0.0004535405905140393,320.485758914448,0.5000407636857734,0.6,1.3569699349930187,0.0025448468795888513,0.00012471803448137935,266.9825762692272,268.3615021890531,0.0,0.47229282358262753
16.803499306609705,56862.41030524925,161.69748541192203,255.64682877294828,33.37972102787535,0.0004548627781558326,320.52740642251285,0.5044731968996611,0.6,1.3569699349930187,0.0025983888001498466,0.0001246647360708238,267.2550599515458,268.6589050045293,0.0,0.4721918953292936
16.95353055041872,56838.04249650931,163.13895877821702,255.71385442066767,33.486656518247194,0.0004562003725934868,320.5694217081548,0.5089036811712445,0.6,1.3569699349930187,0.0026527004535002296,0.00012461082611822473,267.5299743007229,268.9589604385645,0.0,0.4720897870823254
17.103561794227737,56813.458426924066,164.58036269544905,255.781475427617,33.59486049263175,0.00045755347747867387,320.61180461746056,0.5133321990181205,0.6,1.3569699349930187,0.002707790712292085,0.0001245563008233466,267.8073188870095,269.26166801123685,0.0,0.47198649087569655
17.25359303803675,56788.65810699178,166.0216961090603,255.84969177860597,33.70434225545941,0.0004589221977846353,320.65455499513797,0.5177587329504103,0.6,1.3569699349930187,0.0027636685810330233,0.00012450115634249484,268.08709327308986,269.56702723418107,0.0,0.4718819986451142
17.403624281845765,56763.64154737021,167.46295795112786,255.9185034581255,33.81511123324079,0.00046030663981792705,320.6976726845142,0.5221832654703088,0.6,1.3569699349930187,0.0028203431977044807,0.0001244453887881834,268.36929701395695,269.87503761044843,0.0,0.47177630222707806
17.553655525654783,56738.408758878475,168.90414714015867,255.98791045034235,33.92717697575351,0.0004617069112303491,320.7411575275354,0.5266057790717376,0.6,1.3569699349930187,0.002877823835405454,0.00012438899422887644,268.6539296567907,270.1856986343719,0.0,0.47166939335807323
17.703686769463797,56712.9597524986,170.34526258095204,256.05791273909483,34.04054915724727,0.0004631231210310562,320.7850093647666,0.5310262562402078,0.6,1.3569699349930187,0.0029361199040232964,0.00012433196868887473,268.9409907408474,270.49900979144195,0.0,0.47156126367403023
17.85371801327281,56687.29453937803,171.78630316436298,256.128510307886,34.15523757766141,0.0004645553795987774,320.8292280353905,0.5354446794523763,0.6,1.3569699349930187,0.00299524095192573,0.00012427430814799896,269.23047979732945,270.814970558162,0.0,0.47145190470939546
18.00374925708183,56661.41313083215,173.22726776704408,256.19970313987653,34.271252163859025,0.000466003798694193,320.873813377205,0.5398610311755351,0.6,1.3569699349930187,0.0030551966676771597,0.00012421600854123517,269.5223963492501,271.13358040189706,0.0,0.47134130789612083
18.153780500890843,56635.31553834541,174.66815525132805,256.2714912178818,34.38860297088502,0.00046746849147256313,320.91876522662534,0.5442752938675353,0.6,1.3569699349930187,0.003115996881785932,0.00012415706575867337,269.8167399113223,271.45483878075015,0.0,0.4712294645632052
18.303811744699857,56609.00177357407,176.1089644649882,256.3438745243639,34.50730018323287,0.0004689495724964128,320.9640834186809,0.5486874499763366,0.6,1.3569699349930187,0.00317765156847249,0.00012409747564519954,270.1135099898223,271.77874514340976,0.0,0.47111636593575945
18.45384298850887,56582.47184834879,177.5496942409737,256.416853041425,34.62735411613142,0.0004704471577484195,321.00976778701454,0.5530974819394762,0.6,1.3569699349930187,0.003240170847462876,0.00012403723400014111,270.41270608244906,272.1052989289933,0.0,0.47100200313397744
18.60387423231789,56555.72577467618,178.99034339724636,256.4904267508027,34.74877521685255,0.000471961364644508,321.0558181638822,0.5575053721838523,0.6,1.3569699349930187,0.003303564985812527,0.00012397633657712447,270.71432767819954,272.4344995669081,0.0,0.47088636717250154
18.753905476126903,56528.76356474113,180.43091073657956,256.56459563386375,34.871574066033354,0.0004734923120470762,321.102234380152,0.5619111031253925,0.6,1.3569699349930187,0.0033678443997552992,0.0001239147790838613,271.01837425723505,272.76634647670204,0.0,0.47076944895964656
18.903936719935917,56501.58523090957,181.871395046289,256.6393596715962,34.995761379014866,0.00047504012027837367,321.14901626530246,0.5663146571685099,0.6,1.3569699349930187,0.003433019656576883,0.00012385255718179832,271.3248452907341,273.1008390678996,0.0,0.47065123929635694
19.053967963744935,56474.19078573074,183.31179509800043,256.7147188446035,35.12134800720129,0.0004766049111340834,321.19616364742143,0.5707160167056748,0.6,1.3569699349930187,0.003499101476517131,0.00012378966648585093,271.6337402407503,273.43797673984335,0.0,0.470531728875315
19.20399920755395,56446.58024193885,184.75210964749414,256.7906731330995,35.2483449394397,0.00047818680789710525,321.24367635320596,0.5751151641172231,0.6,1.3569699349930187,0.003566100734703262,0.00012372610256429514,271.9450585600823,273.777758881549,0.0,0.4704109082803438
19.354030451362963,56418.75361245614,186.19233743443664,256.8672225169002,35.3767633034126,0.0004797859353514448,321.29155420796036,0.5795120817708177,0.6,1.3569699349930187,0.003634028463106425,0.00012366186093843698,272.2587996921214,274.120184871535,0.0,0.4702887679853781
19.50406169517198,56390.71091039565,187.6324771820885,256.9443669754161,35.50661436705087,0.0004814024197963008,321.33979703559436,0.5839067520208359,0.6,1.3569699349930187,0.003702895852525772,0.0001235969370822415,272.57496307069243,274.4652540776457,0.0,0.47016529835335175
19.654092938980995,56362.45214906263,189.07252759717127,257.02210648764816,35.637909539971176,0.00048303638906040184,321.38840465862336,0.5882991572082473,0.6,1.3569699349930187,0.0037727142546080373,0.0001235313264222854,272.8935481199241,274.81296585690603,0.0,0.4700404896356908
19.80412418279001,56333.97734195762,190.512487369596,257.1004410321795,35.770660374925725,0.00048468797251644,321.43737689816663,0.5926892796600675,0.6,1.3569699349930187,0.003843495183890296,0.00012346502433743746,273.2145542540894,275.1633195553442,0.0,0.46991433197128324
19.954155426599026,56305.286502779505,191.9523551721628,257.1793705871667,35.90487856927142,0.0004863573010956884,321.48671357394494,0.5970771016887203,0.6,1.3569699349930187,0.003915250319870918,0.00012339802615849018,273.5379808774399,275.5163145078061,0.0,0.46978681538534545
20.10418667040804,56276.37964542731,193.3921296596475,257.2588951303351,36.04057596646413,0.000488044507302873,321.53641450428034,0.6014626055894924,0.6000011765683108,1.3569699349930187,0.003987999329326208,0.0001233303271680256,273.8638273839353,275.8719500376538,0.0,0.46965792978872645
20.254217914217055,56247.256784006706,194.83180939013775,257.3390146389604,36.17776455755141,0.0004897497252309667,321.58647950608844,0.6058457733962322,0.60001879518663,1.3569699349930187,0.004061857998946733,0.0001232619226002105,274.1920931435025,276.23022544136415,0.0,0.4695276649770699
20.40424915802607,56217.91793285236,196.27139277915646,257.4197290898077,36.31645648260925,0.0004914730905752288,321.6369083948428,0.6102265867392709,0.6000575206919847,1.3569699349930187,0.004136876818242122,0.0001231928076404809,274.52277749336196,276.5911399788141,0.0,0.46939601062975583
20.554280401835086,56188.36310654038,197.7108782029087,257.50103845909683,36.45666403224542,0.0004932147406480139,321.687700984557,0.6146050271670164,0.6001173187502021,1.3569699349930187,0.004213075983483101,0.00012312297742529796,274.85587975520946,276.95469289254436,0.0,0.4692629563089695
20.7043116456441,56158.592319891875,199.1502640069952,257.58294272249276,36.59839964916305,0.0004949748143942675,321.7388570877817,0.618981076173401,0.6001981546889852,1.3569699349930187,0.004290476065706141,0.00012305242704205776,275.1913992364967,277.32088340919614,0.0,0.46912849145905494
20.854342889453115,56128.60558797869,200.5895485067838,257.66544185508934,36.74167592973577,0.0004967534524071061,321.7903765155977,0.6233547151993867,0.6002999934971245,1.3569699349930187,0.004369098016627614,0.0001229811515287607,275.529335230288,277.68971073935217,0.0,0.4689926054054009
21.004374133262132,56098.40292612868,202.02872998634422,257.7485358313953,36.886505625605665,0.0004985507969436143,321.84225907761055,0.6277259256300027,0.6004227998236222,1.3569699349930187,0.004448963174597706,0.0001229091458736385,275.8696870148626,278.0611740770931,0.0,0.4688552873532366
21.154405377071146,56067.98434992838,203.46780669817278,257.83222462532655,37.032901645314006,0.0005003669919409893,321.8945045819492,0.6320946887938347,0.6005665379768251,1.3569699349930187,0.004530093270691659,0.0001228364050151313,276.2124538534596,278.4352725997119,0.0,0.46871652638708516
21.30443662088016,56037.34987522898,204.90677686252937,257.9165082101896,37.18087705593796,0.0005022021830326929,321.94711283525885,0.6364609859613206,0.6007311719234993,1.3569699349930187,0.004612510434885854,0.00012276292384157253,276.55763499393987,278.81200546733766,0.0,0.46857631146965056
21.454467864689178,56006.499518152064,206.3456386666997,258.00138655866584,37.330445084749776,0.0005040565175648181,322.00008364269445,0.6408247983428165,0.6009166652878524,1.3569699349930187,0.004696237202334842,0.00012268869719082238,276.9052296684315,279.19137182253934,0.0,0.4684346314405963
21.604499108498192,55975.43329509312,207.78439026454194,258.086859642802,37.481619120908526,0.0005059301446127932,322.0534168079185,0.6451861070875402,0.6011229813505496,1.3569699349930187,0.004781296519768446,0.00012261371985015495,277.25523709302723,279.57337078998813,0.0,0.46829147501579743
21.754530352307206,55944.15122272664,209.22302977592403,258.17292743399565,37.6344127171656,0.0005078232149981907,322.10711213309503,0.6495448932821851,0.6013500830476887,1.3569699349930187,0.004867711751990645,0.00012253798655605992,277.6076564674539,279.9580014760887,0.0,0.4681468307864204
21.904561596116224,55912.65331801249,210.661555285966,258.25958990297795,37.78883959158707,0.0005097358813056759,322.1611694188826,0.653901137948932,0.6015979329697043,1.3569699349930187,0.004955506688477264,0.00012246149199388837,277.96248697469815,280.3452629685614,0.0,0.4680006872176938
22.054592839925238,55880.939598200806,212.09996484438855,258.34684701980007,37.944913629304956,0.0005116682979002472,322.2155884644292,0.658254822043792,0.6018664933602446,1.3569699349930187,0.00504470555008924,0.00012238423079759963,278.31972778065006,280.73515433604507,0.0,0.4678530326478617
22.204624083734252,55849.01008083594,213.53825646507207,258.43469875382215,38.102648884295995,0.0005136206209447456,322.2703690673688,0.6626059264556001,0.6021557261150502,1.3569699349930187,0.005135332995908417,0.00012230619754969373,278.6793780337845,281.12767462774036,0.0,0.46770385528748115
22.35465532754327,55816.86478376327,214.97642812529696,258.52314507369454,38.26205958116929,0.0005155930084174051,322.32551102381353,0.6669544320040321,0.6024655927807404,1.3569699349930187,0.005227414130169337,0.0001222273867808869,279.0414368647705,281.52282287297487,0.0,0.4675531432182166
22.504686571352284,55784.50372513554,216.41447776491302,258.61218594734027,38.42316011697937,0.0005175856201296461,322.3810141283459,0.6713003194374045,0.6027960545535317,1.3569699349930187,0.005320974509301544,0.00012214779296974336,279.4059033860625,281.92059808074674,0.0,0.4674008843915408
22.6547178151613,55751.92692341607,217.85240328596035,258.70182134194636,38.58596506307862,0.0005195986177442841,322.4368781740174,0.6756435694318644,0.6031470722780163,1.3569699349930187,0.0054160401491125275,0.00012206741054268461,279.77277669158167,282.3209992393683,0.0,0.46724706662814464
22.804749058970316,55719.13439738589,219.2902025518927,258.79205122394376,38.750489166972876,0.0005216321647937036,322.49310295233926,0.6799841625893662,0.6035186064458172,1.3569699349930187,0.005512637532065686,0.0001219862338736852,280.14205585630526,282.72402531600864,0.0,0.46709167761673664
22.95478030277933,55686.12616615063,220.72787338671452,258.8828755589887,38.91674735420343,0.0005236864266982848,322.54968825327484,0.6843220794353797,0.6039106171941685,1.3569699349930187,0.005610793614672314,0.00012190425728391502,280.51373993583513,283.12967525621195,0.0,0.4669347049127286
23.104811546588344,55652.9022491447,222.1654135744519,258.97429431195076,39.0847547302653,0.0005257615707852047,322.6066338652356,0.6886573004176298,0.604323064304538,1.3569699349930187,0.0057105358350227975,0.00012182147504165556,280.88782796603186,283.53794798348883,0.0,0.4667761359374315
23.25484279039736,55619.46266613743,223.6028208584925,259.0663074468962,39.25452658254177,0.0005278577663073614,322.6639395750747,0.6929898059044385,0.6047559072011798,1.3569699349930187,0.005811892120432065,0.00012173788136212445,281.26431896261454,283.94884239886966,0.0,0.466615957977066
23.404874034206376,55585.80743724059,225.04009294069903,259.158914927067,39.42607838225509,0.0005299751844624225,322.72160516807764,0.6973195761823731,0.6052091049495741,1.3569699349930187,0.005914890895194822,0.00012165347040713507,281.643211920706,284.36235738039744,0.0,0.4664541581814431
23.55490527801539,55551.93658291434,226.4772274806482,259.2521167148645,39.59942578645124,0.000532113998412215,322.7796304279555,0.7016465914542831,0.6056826162548506,1.3569699349930187,0.006019561088473067,0.00012156823628486667,282.02450581440087,284.7784917826457,0.0,0.4662907235628436
23.704936521824404,55517.85012397192,227.9142220951133,259.34591277183637,39.774584640015775,0.0005342743833024213,322.8380151368413,0.7059708318380886,0.606176399460251,1.3569699349930187,0.006125932142324638,0.00012148217304983238,282.40819959638105,285.19724443628877,0.0,0.46612564099526455
23.854967765633422,55483.548081587716,229.35107435717543,259.44030305865437,39.95157097769799,0.000536456516282296,322.89675907527953,0.7102922773644345,0.6066904125454283,1.3569699349930187,0.0062340340198367514,0.00012139527470257475,282.79429219744225,285.6186141475741,0.0,0.46595889721313005
24.004999009442436,55449.03047730492,230.78778179525122,259.5352875350932,40.13040102616336,0.0005386605765246521,322.9558620222169,0.7146109079740897,0.6072246131246549,1.3569699349930187,0.006343897213383655,0.00012130753518931722,283.1827825259978,286.04259969776825,0.0,0.4657904788099033
24.15503025325145,55414.297333039285,232.2243418926497,259.63086616002,40.311091206091575,0.000540886745246326,323.015323755,0.7189267035169723,0.6077789584451776,1.3569699349930187,0.00645555275304873,0.00012121894840201826,283.57366946769537,286.4691998427286,0.0,0.4656203722374581
24.305061497060468,55379.34867108768,233.6607520866623,259.7270388913708,40.49365813427648,0.0005431352057285836,323.0751440493642,0.723239643749753,0.6083534053853613,1.3569699349930187,0.006569032215149011,0.00012112950817809288,283.9669518849194,286.898413312349,0.0,0.4654485638047982
24.455092740869482,55344.184514136294,235.09700976755286,259.8238056861279,40.67811862575459,0.0005454061433377947,323.135322679424,0.7275497083331488,0.6089479104527292,1.3569699349930187,0.00668436773088728,0.00012103920830007976,284.3626286162684,287.33023880997564,0.0,0.46527503967665745
24.605123984678496,55308.80488526561,236.53311227793927,259.92116650030596,40.864489695976694,0.0005476997455465503,323.1958594176679,0.7318568768304241,0.6095624297821105,1.3569699349930187,0.006801591995165622,0.0001209480424956012,284.760698476114,287.7646750119153,0.0,0.46509978587264816
24.755155228487514,55273.20980795768,237.96905691202008,260.0191212889319,41.052788562995346,0.0005500162019548929,323.25675403495035,0.7361611287054222,0.610196919133684,1.3569699349930187,0.006920738275525895,0.00012085600443722576,285.1611602541179,288.2017205668958,0.0,0.46492278826620775
24.905186472296528,55237.39930610523,239.404840914536,260.11767000602,41.243032649670404,0.0005523557043116778,323.31800630048014,0.7404624433197876,0.6108513338908504,1.3569699349930187,0.0070418404212108385,0.0001207630877421585,285.5640127146806,288.64137409545145,0.0,0.4647440325831997
25.055217716105542,55201.37340401857,240.8404614798812,260.2168126045523,41.43523958591237,0.0005547184465363132,323.3796159818124,0.7447607999306507,0.611525629058109,1.3569699349930187,0.007164932872375896,0.00012066928597205147,285.96925459642097,289.08363418934164,0.0,0.46456350440072885
25.205248959914556,55165.13212643126,242.2759157514963,260.31654903646336,41.62942721096278,0.0005571046247408645,323.4415828448432,0.7490561776891794,0.6122197592590195,1.3569699349930187,0.007290050669462974,0.00012057459263302259,286.376884611713,289.5284994110338,0.0,0.46438118914634396
25.355280203723574,55128.675498509714,243.71120082082786,260.4168792526137,41.82561357568039,0.0005595144372521406,323.5039066537971,0.7533485556378128,0.6129336787339118,1.3569699349930187,0.007417229462686824,0.00012047900117538922,286.7869014461139,289.9759682930651,0.0,0.46419707209667416
25.505311447532588,55092.00354586231,245.1463137261914,260.5178032027641,42.02381694485846,0.0005619480846340679,323.56658717121593,0.7576379127071972,0.613667341337475,1.3569699349930187,0.0075465055216595,0.00012038250499335897,287.1993037577635,290.42603933737297,0.0,0.4640111383759679
25.655342691341602,55055.11629454383,246.581251452253,260.61932083556417,42.224055799597956,0.000564405769710661,323.6296241579551,0.7619242277150228,0.6144207005366086,1.3569699349930187,0.007677915745207497,0.00012028509742514429,287.61409017692546,290.8787110147816,0.0,0.4638233729554303
25.80537393515062,55018.01377106566,248.0160109289636,260.72143209852317,42.42634883967661,0.0005668876975888444,323.6930173731705,0.7662074793631942,0.6151937094079466,1.3569699349930187,0.0078114976712959985,0.00012018677175272893,288.0312593053862,291.333981764332,0.0,0.46363376065187545
25.955405178959634,54980.696002405544,249.45058903037705,260.8241369379839,42.63071498595227,0.0005693940756816023,323.7567665743062,0.7704876462346465,0.6159863206352465,1.3569699349930187,0.007947289487094878,0.00012008752120158126,288.45080971582325,291.79184999257706,0.0,0.4634422861262568
26.105436422768648,54943.16301601347,250.88498257392865,260.9274352991059,42.837173382815415,0.0005719251137316341,323.8208715170885,0.7747647067915728,0.6167984865069694,1.3569699349930187,0.008085330039231443,0.00011998733894067548,288.8727399512765,292.25231407299094,0.0,0.4632489338827761
26.255467666577665,54905.414839820354,252.31918831952822,261.0313271258415,43.0457434006573,0.000574481023835101,323.88533195551526,0.7790386393730963,0.6176301589137133,1.3569699349930187,0.008225658844182077,0.00011988621808241192,289.29704852456587,292.715372345319,0.0,0.4630536882677787
26.40549891038668,54867.4515022488,253.75320296834585,261.1358123609063,43.256444638358026,0.0005770620204655218,323.95014764184236,0.7833094221920037,0.6184812893454015,1.3569699349930187,0.00836831609879464,0.00011978415168236051,289.7237339176268,293.18102311483693,0.0,0.46285653346829114
26.555530154195694,54829.273032221354,255.18702316177365,261.240890945756,43.46929692581801,0.0005796683204980961,324.01531832657355,0.7875770333320223,0.6193518288885034,1.3569699349930187,0.008513342690981402,0.00011968113273913271,290.1527945808839,293.64926465165087,0.0,0.4626574535107871
26.70556139800471,54790.87945916721,256.6206454807149,261.3465628205682,43.68432032653011,0.0005823001432344253,324.0808437584535,0.7918414507461029,0.6202417282234032,1.3569699349930187,0.008660780210596792,0.00011957715419447031,290.5842289326954,294.12009519007745,0.0,0.4624564322603549
26.855592641813725,54752.27081303365,258.05406644436715,261.45282792421045,43.901535140156824,0.0005849577104271919,324.1467236844529,0.7961026522531661,0.6211509376213994,1.3569699349930187,0.008810670960433089,0.00011947220893304103,291.0180353586636,294.5935129278744,0.0,0.46225345341927976
27.00562388562274,54713.44712429675,259.4872825088937,261.5596861942109,44.12096190514278,0.0005876412463051669,324.21295784975445,0.8003606155345103,0.6220794069415523,1.3569699349930187,0.008963057967368106,0.00011936628978219299,291.4542122109127,295.06951602543444,0.0,0.4620485005255268
27.155655129431757,54674.408423966765,260.9202900668177,261.66713756674307,44.342621401390254,0.000590350977598882,324.2795459977483,0.8046153181324284,0.6230270856279392,1.3569699349930187,0.00911798499373739,0.00011925938951214943,291.8927578075385,295.54810260517075,0.0,0.46184155695205603
27.30568637324077,54635.15474360016,262.3530854457758,261.77518197659293,44.56653465292943,0.0005930871335661299,324.34648787001623,0.8088667374468853,0.6239939227064384,1.3569699349930187,0.009275496548815569,0.00011915150083584504,292.3336704318866,296.0292707507115,0.0,0.4616326059054252
27.455717617049785,54595.68611531119,263.7856649071369,261.88381935712664,44.79272293062352,0.000595849946017783,324.4137832063161,0.8131148507317835,0.6249798667813367,1.3569699349930187,0.009435637900451847,0.00011904261640871211,292.7769483317909,296.5130185060501,0.0,0.46142163042427436
27.605748860858803,54556.002571778874,265.21802464516094,261.9930496402713,45.021207754933975,0.0005986396493442358,324.481431744575,0.8173596350928796,0.6259848660322404,1.3569699349930187,0.009598455086921535,0.00011893272882878548,293.2225897189418,296.9993438748397,0.0,0.4612086133784081
27.755780104667817,54516.10414625732,266.65016078593754,262.10287275648636,45.2520108987,0.0006014564805419118,324.5494332208761,0.8216010674850432,0.6270088682107808,1.3569699349930187,0.009763994928926774,0.00011882183063670512,293.67059276818657,297.4882448196121,0.0,0.460993537467658
27.90581134847683,54475.990872588416,268.0820693859676,262.21328863472866,45.48515438993803,0.0006043006792398993,324.6177873694418,0.8258391247084316,0.6280518206369887,1.3569699349930187,0.009932305041735222,0.00011870991431554116,294.1209556167312,297.9797192608871,0.0,0.4607763852203806
28.055842592285845,54435.662785211665,269.5137464309531,262.32429720242493,45.72066051469208,0.0006071724877270967,324.6864939226217,0.8300737834053018,0.6291136701957364,1.3569699349930187,0.010103433847510553,0.00011859697229075427,294.57367636338836,298.4737650763337,0.0,0.4605571389921964
28.205873836094863,54395.11991917206,270.94518783496545,262.43589838545034,45.95855181993016,0.0006100721509798021,324.75555261088397,0.8343050200579847,0.630194363333405,1.3569699349930187,0.010277430587852583,0.00011848299693037832,295.0287530679143,298.9703801000282,0.0,0.46033578096513683
28.355905079903877,54354.36231013369,272.3763894390247,262.5480921080904,46.19885111644201,0.0006129999166892032,324.8249631627969,0.8385328109850786,0.6312938460540438,1.3569699349930187,0.010454345336456002,0.00011836798054490725,295.4861837501801,299.4695621215309,0.0,0.46011229314619734
28.50593632371289,54313.389994392426,273.80734700955026,262.6608782930063,46.44158148177797,0.0006159560352892494,324.89472530501234,0.8427571323372484,0.6324120639153323,1.3569699349930187,0.010634229011933557,0.0001182519153871456,295.9459663893049,299.97130888491796,0.0,0.45988665736579515
28.65596756752191,54272.203008882185,275.23805623765423,262.7742568612175,46.68676626326078,0.0006189407599852932,324.96483876225983,0.8469779600955996,0.633548962025141,1.3569699349930187,0.010817133390901006,0.00011813479365250628,296.40809892300075,300.4756180880496,0.0,0.45965885527707423
28.805998811330923,54230.80139118929,276.66851273768594,262.88822773206164,46.934429080985424,0.0006219543467824647,325.03530325732714,0.851195270067788,0.6347044850374359,1.3569699349930187,0.01100311112116597,0.00011801660747894893,296.8725792467061,300.9824873816034,0.0,0.4594288683544881
28.956030055139937,54189.18517956613,278.09871204562177,263.0027908231571,47.18459383086033,0.0006249970545144255,325.106118511042,0.8554090378836606,0.6358785771479615,1.3569699349930187,0.011192215735082616,0.0001178973489468722,297.3394052126729,301.4919143680555,0.0,0.45919667789226953
29.106061298948955,54147.35441293934,279.52864961808575,263.1179460503802,47.43728468771697,0.0006280691448728324,325.17728424226306,0.859619238992819,0.6370711820903657,1.3569699349930187,0.011384501663154079,0.00011777701007933038,297.80857462921296,302.0038966008388,0.0,0.4589622650035065
29.25609254275797,54105.30913092209,280.9583208311108,263.23369332783125,47.692526108432546,0.0006311708824368328,325.2488001678643,0.8638258486614102,0.6382822431320523,1.3569699349930187,0.01158002424779122,0.00011765558284214867,298.28008525986155,302.5184315834093,0.0,0.4587256106189972
29.406123786566983,54063.04937382907,282.3877209784853,263.350032567793,47.950342835074,0.0006343025347026916,325.32066600271463,0.8680288419676631,0.6395117030695896,1.3569699349930187,0.011778839757212377,0.00011753305914386595,298.7539348224206,303.0355167681788,0.0,0.4584866954857442
29.556155030376,54020.57518268806,283.8168452703452,263.46696368069865,48.21075989809975,0.0006374643721139933,325.3928814596632,0.8722281937981734,0.6407595042242387,1.3569699349930187,0.011981005399556276,0.00011740943083581685,299.2301209880611,303.55514955551234,0.0,0.4582455001656944
29.706186274185015,53977.88659924932,285.24568883220434,263.58448657510576,48.47380261961333,0.0006406566680923396,325.4654462495286,0.8764238788455334,0.6420255884378055,1.3569699349930187,0.012186579337230637,0.00011728468971243744,299.70864138053196,304.0773272928447,0.0,0.45800200503488914
29.85621751799403,53934.98366600159,286.6742467032992,263.7026011576522,48.7394966166164,0.0006438796990679119,325.5383600810773,0.880615871603891,0.6433098970678063,1.3569699349930187,0.012395620701373457,0.00011715882751128091,300.18949357516993,304.6020472735761,0.0,0.4577561902820237
30.006248761803043,53891.86642618709,288.10251383478686,263.82130733301443,49.00786780430409,0.0006471337445104094,325.61162266100297,0.8848041463640652,0.6446123709823901,1.3569699349930187,0.012608189606487068,0.00011703183591300349,300.6726750978618,305.12930673591364,0.0,0.45750803590692046
30.15628000561206,53848.534923808926,289.53048508892255,263.94060500388696,49.27894239944904,0.0006504190869609312,325.6852336939195,0.8889886772116438,0.6459329505560946,1.3569699349930187,0.012824347165377281,0.00011690370654179403,301.1581834242672,305.65910286200267,0.0,0.45725752171984324
30.306311249421075,53804.98920364806,290.9581552373656,264.06049407093536,49.55274692376475,0.0006537360120634678,325.7591928823375,0.893169438022454,0.6472715756647208,1.3569699349930187,0.013044155504181804,0.00011677443096545366,301.6460159787829,306.19143277677176,0.0,0.4570046273400995
30.45634249323009,53761.229311279356,292.38551895930635,264.1809744327522,49.8293082073152,0.0006570848085968167,325.83349992664256,0.8973464024574925,0.6486281856799272,1.3569699349930187,0.013267677777571433,0.00011664400069543655,302.1361701334524,306.72629354671534,0.0,0.4567493321945394
30.606373737039107,53717.25529308132,293.8125708403302,264.3020459858295,50.10865339200353,0.0006604657685073139,325.90815452508406,0.9015195439600957,0.6500027194644472,1.3569699349930187,0.013494978184234363,0.00011651240718721174,302.6286432070704,307.2636821788934,0.0,0.45649161551665407
30.75640498084812,53673.06719625053,295.23930537097533,264.4237086245192,50.39080993507286,0.0006638791869415716,325.9831563737562,0.9056888357522023,0.6513951153669453,1.3569699349930187,0.013726121982518212,0.0001163796418405288,303.1234324641861,307.8035956198193,0.0,0.4562314563454579
30.906436224657135,53628.66506881933,296.66571694481115,264.5459622409838,50.67580561262766,0.0006673253622793187,326.0585051665735,0.9098542508291679,0.6528053112162977,1.3569699349930187,0.013961175506208491,0.00011624569599952301,303.62053511396186,308.34603075418573,0.0,0.45596883352402684
31.056467468466153,53584.04895966949,298.09179985680646,264.6688067251591,50.96366852322232,0.0006708045961669116,326.13420059525356,0.9140157619554629,0.6542332443160584,1.3569699349930187,0.014200206180541063,0.00011611056095296035,304.11994830910476,308.8909844036724,0.0,0.45570372569828116
31.206498712275167,53539.21891854322,299.51754830220096,264.7922419647229,51.25442709150758,0.0006743171935513954,326.2102423493036,0.9181733416619081,0.6556788514393679,1.3569699349930187,0.01444328253847653,0.00011597422793470137,304.6216691449281,309.43845332589694,0.0,0.4554361113161676
31.35652995608418,53494.17499606208,300.94295637458396,264.91626784504354,51.54811007187114,0.0006778634627143459,326.28663011599457,0.9223269622405277,0.6571420688229636,1.3569699349930187,0.014690474237070095,0.00011583668812389183,305.1256946581713,309.9884342130991,0.0,0.45516596862627584
31.5065611998932,53448.9172437446,302.3680180638049,265.0408842491303,51.844746552125955,0.0006814437153061378,326.36336358033645,0.9264765957388936,0.6586228321608913,1.3569699349930187,0.01494185207401779,0.00011569793264513323,305.6320218257644,310.5409236907612,0.0,0.45489327567638294
31.656592443702213,53403.44571401506,303.7927272550202,265.1660910576095,52.14436595730202,0.0006850582663813096,326.44044242506993,0.9306222139579161,0.6601210765993387,1.3569699349930187,0.015197488004556059,0.00011555795256907813,306.1406475639084,311.09591831658054,0.0,0.45461801031280197
31.806623687511227,53357.76046022342,305.21707772672744,265.29188814866916,52.44699805340747,0.0006887074344334034,326.5178663306378,0.9347637884465998,0.6616367367303159,1.3569699349930187,0.015457455158422024,0.00011541673891269947,306.65156872684366,311.6534145790955,0.0,0.45434015017905877
31.956654931320244,53311.861536664226,306.64106314859487,265.41827539800664,52.7526729512403,0.0006923915414302592,326.59563497515927,0.9389012904961753,0.6631697465849852,1.3569699349930187,0.015721827856986493,0.00011527428263953227,307.16478210555186,312.2134088962367,0.0,0.45405967271448044
32.106686175129255,53265.74899858806,308.0646770801481,265.5452526787971,53.06142111029464,0.0006961109128502937,326.6737480344165,0.9430346911368346,0.6647200396278389,1.3569699349930187,0.015990681630709012,0.00011513057466022025,307.68028442669714,312.77589761414396,0.0,0.4537765551533524
32.25671741893827,53219.42290221855,309.4879129690982,265.67281986164613,53.37327334267363,0.0006998658777186938,326.7522051818318,0.9471639611334028,0.6662875487504092,1.3569699349930187,0.01626409323674184,0.00011498560583297855,308.198072351444,313.340877005847,0.0,0.45349077452387654
32.40674866274729,53172.88330477317,310.91076414911583,265.80097681453196,53.68826081702256,0.0007036567686436985,326.8310060884383,0.9512890709793472,0.667872206264243,1.3569699349930187,0.01654214067665494,0.00011483936696391533,308.71814247410026,313.9083432697513,0.0,0.4532023076468184
32.5567799065563,53126.13026447925,312.33322383794774,265.9297234027619,54.00641506254086,0.0007074839218536619,326.9101504228594,0.9554099908918204,0.6694739438941482,1.3569699349930187,0.01682490321441339,0.00011469184880749031,309.24049132085275,314.4782925282263,0.0,0.45291113113438897
32.70681115036532,53079.163840587025,313.7552851361093,266.0590594889352,54.32776797305707,0.0007113476772347118,326.9896378512925,0.9595266908084656,0.6710926927720273,1.3569699349930187,0.01711246139464135,0.00011454304206717822,309.7651153486575,315.0507208263652,0.0,0.45261722138949684
32.856842394174336,53031.98409339178,315.1769410246627,266.18898493288214,54.652351811091656,0.0007152483783680924,327.0694680374779,0.9636391403814786,0.6727283834295594,1.3569699349930187,0.017404897060948506,0.00011439293739589125,310.2920109438404,315.62562413042474,0.0,0.45232055460449
33.00687363798335,52984.59108425456,316.5981843628048,266.319499591607,54.98019921197481,0.0007191863725680019,327.14964064267053,0.9677473089710937,0.6743809457905146,1.3569699349930187,0.017702293374427844,0.0001142415253963938,310.8211744206332,316.20299832619025,0.0,0.45202110675984564
33.156904881792364,52936.984875612514,318.0190078867669,266.4506033192586,55.31134318808134,0.000723162010920662,327.23015532562795,0.9718511656430471,0.676050309164551,1.3569699349930187,0.01800473483255996,0.00011408879662210321,311.35260202009,316.78283921776523,0.0,0.4517188536235877
33.30693612560138,52889.16553100227,319.43940420754365,266.5822959670662,55.64581713302554,0.0007271756483227376,327.3110117425781,0.9759506791625291,0.6777364022395218,1.3569699349930187,0.018312307288129902,0.00011393474157760824,311.8862899086298,317.365142525945,0.0,0.45141377075010913
33.45696736941039,52841.13311508219,320.85936580838916,266.7145773832776,55.983654825909916,0.0007312276435202243,327.39220954718775,0.9800458179874405,0.6794391530733586,1.3569699349930187,0.018625097968305818,0.00011377935071917433,312.4222341764993,317.9499038865011,0.0,0.4511058334789316
33.60699861321941,52792.88769364571,322.2788850433063,266.8474474131219,56.32489043568457,0.0007353183591484907,327.4737483905466,0.9841365502646493,0.681158489087074,1.3569699349930187,0.018943195494080307,0.00011362261445552275,312.96043083652637,318.5371188487889,0.0,0.4507950169339688
33.75702985702843,52744.42933364136,323.6979541351152,266.9809058987545,56.669558525509224,0.0007394481617721691,327.55562792114006,0.9882228438250079,0.6828943370571671,1.3569699349930187,0.019266689899838194,0.00011346452314854557,313.5008758227247,319.12678287418964,0.0,0.45048129602262615
33.90706110083744,52695.758103197215,325.11656517289015,267.114952679189,57.0176940571329,0.0007436174219250799,327.6378477848149,0.9923046661764771,0.6846466231071104,1.3569699349930187,0.019595672653013638,0.00011330506711390974,314.04356498869015,319.71889133432154,0.0,0.45016464543464074
34.057092344646456,52646.874071639526,326.53471010979445,267.24958759024554,57.3693323953621,0.0007478265141510322,327.720407624754,0.9963819844984534,0.6864152726992127,1.3569699349930187,0.019930236674011774,0.00011314423662178834,314.58849410611015,320.3134395093748,0.0,0.44984503964113515
34.207123588455474,52597.777309508114,327.9523807615732,267.3848104645084,57.724509312605875,0.00075207581704536,327.80330708145766,1.000454765638098,0.6882002106272451,1.3569699349930187,0.02027047635644004,0.00011298202189777379,315.13565886345987,320.91042258665556,0.0,0.4495224528939932
34.357154832264484,52548.467888582345,329.3695688039969,267.52062113125373,58.083260993392145,0.000756365713295927,327.88654579270656,1.0045229761035328,0.6900013610076127,1.3569699349930187,0.020616487587344107,0.0001128184131235991,315.68505486435095,321.5098356587432,0.0,0.4491968592248136
34.5071860760735,52498.94588190536,330.7862657700922,267.65701941638247,58.44562403894725,0.0007606965897246989,327.97012339352744,1.0085865820563957,0.6918186472700902,1.3569699349930187,0.02096836776759704,0.00011265340043786884,316.2366776258053,322.1116737215643,0.0,0.44886823244384394
34.65721731988252,52449.21136379613,332.2024630488769,267.794005142387,58.8116354719167,0.0007650688373308137,328.0540395161805,1.0126455493089326,0.6936519921504589,1.3569699349930187,0.021326215832755208,0.00011248697393711167,316.7905225769875,322.7159316729747,0.0,0.44853654613951094
34.80724856369153,52399.26440987694,333.61815188275136,267.93157812827474,59.18133274102322,0.000769482851332707,328.13829379011935,1.0166998433170893,0.6955013176812677,1.3569699349930187,0.02169013227384786,0.00011231912367661752,317.34658505748723,323.3226043108445,0.0,0.44820177367748326
34.95727980750055,52349.10509709936,335.0333233646258,268.06973818949626,59.55475372578756,0.0007739390312107939,328.22288584195485,1.0207494291728039,0.6973665451820822,1.3569699349930187,0.02206021915830329,0.0001121498396712828,317.90486031551046,323.9316863310384,0.0,0.44786388819970646
35.107311051309566,52298.73350375985,336.44796843619093,268.2084851379023,59.93193674137913,0.0007784377807515021,328.30781529543594,1.0247942715997482,0.6992475952511783,1.3569699349930187,0.022436580151278696,0.00011197911189667668,318.46534350642065,324.5431723257862,0.0,0.4475228626238367
35.257342295118576,52248.14970952326,337.86207788570175,268.3478187816781,60.31292054345891,0.0007829795080910132,328.39308177141737,1.0288343349476388,0.701144387756491,1.3569699349930187,0.022819320537072772,0.00011180693029007319,319.0280296911001,325.15705678185356,0.0,0.44717866964256375
35.407373538927594,52197.353795451316,339.27564234504115,268.4877389252645,60.69774433303887,0.0007875646257589995,328.47868488781893,1.0328695831843993,0.7030568418254295,1.3569699349930187,0.023208547240573106,0.00011163328475141649,319.59291383406617,325.77333407844026,0.0,0.44683128172275693
35.55740478273661,52146.34584402448,340.68865228724604,268.6282453692978,61.08644776144436,0.0007921935507233837,328.56462425959614,1.036899979889712,0.704984875835197,1.3569699349930187,0.02360436884897247,0.00011145816514439473,320.159990801726,326.3919984852308,0.0,0.4464806711047837
35.70743602654562,52095.1259391599,342.101098024781,268.7693379105594,61.47907093535906,0.0007968667044358773,328.65089949871765,1.0409254882508416,0.7069284074040837,1.3569699349930187,0.02400689563380828,0.00011128156129765964,320.7292553608512,327.01304416069115,0.0,0.4461268098020757
35.85746727035464,52043.69416624178,343.5129697066156,268.91101634189187,61.87565442183093,0.000801584512876844,328.73751021412164,1.0449460710548972,0.7088873533809543,1.3569699349930187,0.024416239572920332,0.00011110346300592641,321.30070217664365,327.6364651499102,0.0,0.44576966960041065
36.00749851416366,51992.050612149644,344.92425731506273,269.0532804521205,62.27623925334533,0.000806347406600755,328.8244560116758,1.0489616906803771,0.7108616298342205,1.3569699349930187,0.024832514372522103,0.00011092386003110609,321.8743258107126,328.2622553823423,0.0,0.4454092220572137
36.15752975797267,51940.19536527242,346.3349506643368,269.19613002601415,62.6808669330654,0.0008111558207834196,328.9117364941615,1.0529723090938854,0.7128511520432156,1.3569699349930187,0.02525583548980399,0.00011074274210366086,322.4501207195995,328.8904086701581,0.0,0.4450454385012592
36.307561001781686,51888.128515540535,347.7450393975747,269.3395648441964,63.08957943998636,0.0008160101952679763,328.9993512612278,1.0569778878422855,0.7148558344872381,1.3569699349930187,0.025686320155352774,0.00011056009892384317,323.0280812527691,329.5209187060033,0.0,0.44467829003209475
36.457592245590696,51835.850154456224,349.1545129835625,269.48358468306134,63.50241923415865,0.0008209109746114881,329.08729990934796,1.0609783880439698,0.7168755908339892,1.3569699349930187,0.026124087395659624,0.00011037592016296916,323.6082016504939,330.153779060638,0.0,0.44430774751948576
36.607623489399714,51783.36037511164,350.56336071477045,269.62818931472344,63.91942926206278,0.0008258586081331179,329.1755820317974,1.0649737703840594,0.7189103339298424,1.3569699349930187,0.026569258056071122,0.0001101901954648345,324.19047604215837,330.78898318104115,0.0,0.44393378160310026
36.75765473320873,51730.65927221635,351.9715717048261,269.773378506941,64.34065296196577,0.0008308535499618645,329.2641972186153,1.0689639951079595,0.72095997578919,1.3569699349930187,0.027021954823750294,0.00011000291444713861,324.7748984443476,331.42652438827815,0.0,0.44355636269216264
36.90768597701774,51677.7469421305,353.37913488517455,269.9191520230246,64.76613426929072,0.0008358962590842298,329.35314505655737,1.0729490220125009,0.7230244275824196,1.3569699349930187,0.02748230225058698,0.00010981406670290232,325.361462758651,332.06639587504907,0.0,0.4431754609650459
37.05771722082676,51624.62348289025,354.7860390022735,270.065509621766,65.19591762210047,0.0008409871993930152,329.44242512906067,1.076928810438681,0.7251035996245504,1.3569699349930187,0.027950426776365295,0.00010962364180196475,325.9501627696308,332.7085907034212,0.0,0.4427910463689757
37.20774846463578,51571.288994228686,356.1922726156296,270.2124510573805,65.63004796667921,0.0008461268397370486,329.53203701621766,1.0809033192669515,0.7271974013650844,1.3569699349930187,0.028426456752259164,0.00010943162929257301,326.5409921430535,333.35310180285217,0.0,0.44240308861987193
37.35777970844479,51517.74357761122,357.59782409448076,270.3599760794087,66.06857076305225,0.0008513156539699478,329.62198029472466,1.084872506908496,0.7293057413756512,1.3569699349930187,0.028910522464113977,0.00010923801870295342,327.1339444236371,333.9999219676782,0.0,0.44201155720210494
37.507810952253806,51463.98733626838,359.0026816142175,270.5080844326252,66.51153199058267,0.0008565541209995636,329.71225453783535,1.0888363312957208,0.7314285273370629,1.3569699349930187,0.029402756155777716,0.00010904279954294204,327.7290130327018,334.6490438544902,0.0,0.441616421368321
37.65784219606282,51410.02037299487,360.4068595193177,270.65,66.95897842823014,0.0008618643050323999,329.79873100377444,1.0928085090636477,0.7335731246330444,1.3569699349930187,0.02990434924688037,0.00010884596219269278,328.3194238467647,335.2936935808959,0.0,0.4412176519371454
37.807873439871834,51355.84280027002,361.81023115263815,270.65,67.41109295797256,0.0008676837094516169,329.79873100377444,1.0970637456712875,0.7358898019934237,1.3569699349930187,0.03043700170774172,0.0001086474403389921,328.7694108510109,335.7980999036496,0.0,0.4408151045212917
37.95790468368085,51301.454740860725,363.21273483845766,270.65,67.86804234541236,0.0008735653458726819,329.79873100377444,1.1013163505298655,0.7395787678304431,1.3569699349930187,0.03103615554920471,0.00010844716326203192,329.2208667072874,336.3041527145115,0.0,0.4404086251630932
38.10793592748987,51246.85631158914,364.6146182657047,270.65,68.32988254330287,0.0008795099344929754,329.79873100377444,1.1055670746699502,0.7382185361056159,1.3569699349930187,0.0314311160161901,0.00010824511747540126,329.67386836469694,336.8119382684478,0.0,0.43999817555532933
38.25796717129888,51192.047597521254,366.01595751676183,270.65,68.79667052427052,0.000885518208637202,329.79873100377444,1.1098161487849172,0.7368588323888265,1.3569699349930187,0.03183081680005855,0.00010804129444621218,330.1284382340592,337.3214816865379,0.0,0.43958372721792915
38.4079984151079,51137.028681213196,367.4167299798997,270.65,69.26846404917562,0.0008915909117758401,329.79873100377444,1.1140635043125582,0.7354996786199814,1.3569699349930187,0.032235315770728246,0.00010783567925327106,330.58456690694135,337.8327724225369,0.0,0.4391652384462826
38.558029658916915,51081.79964822673,368.81692864645146,270.65,69.74532163111901,0.0008977287970618528,329.79873100377444,1.1183091200015274,0.7341410815995113,1.3569699349930187,0.03264467362924388,0.00010762825825798074,331.0422499731184,338.34580553286804,0.0,0.4387426698800285
38.708060902725926,51026.36058517927,370.2165464180369,270.65,70.22730256278983,0.0009039326276826945,329.79873100377444,1.1225529743284546,0.7327830482148946,1.3569699349930187,0.03305895188325831,0.00010741901776787307,331.50148295888766,338.86057600280014,0.0,0.4383159817839187
38.85809214653494,50970.711579760806,371.6155761051601,270.65,70.71446692738884,0.000910203177000912,329.79873100377444,1.1267950454936926,0.7314255854420184,1.3569699349930187,0.033478212857778446,0.00010720794403812711,331.96226132608496,339.3770787453445,0.0,0.43788513404538904
39.00812339034396,50914.852720749645,373.0140104256985,270.65,71.2068756097265,0.0009165412286969925,329.79873100377444,1.1310353114167364,0.7300687003466444,1.3569699349930187,0.03390251970604704,0.00010699502327311549,332.42458047105475,339.89530860010115,0.0,0.43745008617208475
39.15815463415297,50858.78409802017,374.4118420042116,270.65,71.70459030755488,0.0009229475769152237,329.79873100377444,1.1352737497341268,0.7287124000850794,1.3569699349930187,0.03433193642071714,0.0001067802416286729,332.8884357238837,340.4152603323993,0.0,0.43701079729075687
39.30818587796199,50802.50580256073,375.80906337050936,270.65,72.20767354298069,0.0009294230264105958,329.79873100377444,1.1395103377951092,0.7273566919055651,1.3569699349930187,0.034766527845036636,0.00010656358521385944,333.3538223473825,340.9369286321563,0.0,0.43656722614502474
39.45821712177101,50746.017926490356,377.2056669580816,270.65,72.71618867405623,0.0009359683926979958,329.79873100377444,1.1437450526568722,0.7260015831498009,1.3569699349930187,0.035206359684168305,0.00010634504009274552,333.8207355360123,341.46030811267383,0.0,0.4361193310930752
39.60824836558002,50689.32056306873,378.60164510315974,270.65,73.23019990660563,0.0009425845022044287,329.79873100377444,1.1479778710817015,0.7246470812538556,1.3569699349930187,0.0356514985167814,0.00010612459228671482,334.28917041501285,341.98539330966094,0.0,0.43566707010631356
39.758279609389035,50632.413806711374,379.9969900434973,270.65,73.74977230617847,0.0009492721924228783,329.79873100377444,1.1522087695332834,0.7232931937493493,1.3569699349930187,0.03610201180673909,0.00010590222777666101,334.7591220394302,342.51217868014436,0.0,0.4352104007676916
39.90831085319805,50575.29775300795,381.39169391676285,270.65,74.27497181015418,0.000956032312068111,329.79873100377444,1.156437724171831,0.7219399282650141,1.3569699349930187,0.036557967914876185,0.00010567793250502805,335.23058539300575,343.04065860122245,0.0,0.43474928026960347
40.05834209700706,50517.97249873608,382.7857487591965,270.65,74.80586524006681,0.0009628657212353124,329.79873100377444,1.1606647108500112,0.7205872925279965,1.3569699349930187,0.03701943611099253,0.00010545169237811578,335.7035553871438,343.57082736890874,0.0,0.43428366541221236
40.20837334081608,50460.43814187287,384.1791465046595,270.65,75.34252031413484,0.0009697732915613668,329.79873100377444,1.1648897051100622,0.7192352943647802,1.3569699349930187,0.03748648658607661,0.00010522349326871066,336.17802686000505,344.1026791971152,0.0,0.43381351260233547
40.3584045846251,50402.69478161438,385.5718789830323,270.65,75.8850056599042,0.0009767559063875906,329.79873100377444,1.1691126821789366,0.7178839417027403,1.3569699349930187,0.03795919046456543,0.00010499332101841881,336.6539945753711,344.63620821637994,0.0,0.4333387778516016
40.50843582843411,50344.74251839335,386.9639379184906,270.65,76.43339082709448,0.0009838144609250845,329.79873100377444,1.1733336169630741,0.7165332425718163,1.3569699349930187,0.038437619816758306,0.0001047611614400751,337.1314532214571,345.1714084725355,0.0,0.43285941677464795
40.65846707224313,50286.58145388824,388.35531492871604,270.65,76.98774630071945,0.0009909498624236124,329.79873100377444,1.1775524840460088,0.7151832051052772,1.3569699349930187,0.03892184767157673,0.00010452700032070147,337.6103974100348,345.7082739257267,0.0,0.4323753845883325
40.80849831605214,50228.21169104361,389.74600152325905,270.65,77.54814351429471,0.000998163030341606,329.79873100377444,1.1817692576834038,0.7138338375413108,1.3569699349930187,0.03941194802931933,0.00010429082342414067,338.0908216752586,346.2467984490942,0.0,0.43188663611015954
40.958529559861155,50169.63333408914,391.1359891017469,270.65,78.11465486325507,0.001005454896518866,329.79873100377444,1.1859839117976183,0.7124851482247622,1.3569699349930187,0.03990799587457101,0.00010405261649377019,338.57272047242657,346.7869758273857,0.0,0.43139312575674904
41.10856080367017,50110.84648855103,392.525268952813,270.65,78.68735371864408,0.001012826405352767,329.79873100377444,1.1901964199744621,0.7111371456081721,1.3569699349930187,0.04041006718943017,0.00010381236525559083,339.0560881769819,347.328799755837,0.0,0.43089480754295884
41.25859204747918,50051.85126126938,393.91383225270283,270.65,79.26631444095092,0.001020278513976361,329.79873100377444,1.194406755458967,0.7097898382531306,1.3569699349930187,0.040918238966838605,0.0001035700554212923,339.54091908339467,347.872263838918,0.0,0.43039163508083883
41.4086232912882,49992.64776041902,395.3016700634381,270.65,79.85161239411806,0.0010278121924386745,329.79873100377444,1.1986148911498207,0.7084432348320574,1.3569699349930187,0.0414325892240054,0.00010332567269128147,340.02720740387997,348.41736158889637,0.0,0.42988356157838215
41.55865453509722,49933.236095525295,396.6887733312855,270.65,80.44332395980649,0.0010354284238883271,329.79873100377444,1.2028207995947249,0.707097344129688,1.3569699349930187,0.04195319701608203,0.00010307920275792428,340.5149472672116,348.9640864245073,0.0,0.4293705398385941
41.70868577890623,49873.616377477236,398.0751328856689,270.65,81.04152655190066,0.0010431282047602295,329.79873100377444,1.2070244529870948,0.7057521750441297,1.3569699349930187,0.04248014245010455,0.00010283063130901945,341.0041327176831,349.51243166978907,0.0,0.42885252225891635
41.85871702271525,49813.78871854977,399.46073943734064,270.65,81.64629863113787,0.001050912544963888,329.79873100377444,1.211225823160517,0.7044077365886345,1.3569699349930187,0.04301350669896221,0.00010257994403116632,341.4947577137997,350.0623905526169,0.0,0.4283294608303037
42.008748266524265,49753.75323242396,400.8455835764134,270.65,82.25771971997445,0.001058782468074754,329.79873100377444,1.2154248815827793,0.7030640378935107,1.3569699349930187,0.043553372015539764,0.00010232712661327324,341.986816126909,350.6139562031678,0.0,0.4278013071364635
42.158779510333275,49693.51003419728,402.22965577145976,270.65,82.875870417774,0.0010667390115297192,329.79873100377444,1.2196215993531412,0.7017210882069949,1.3569699349930187,0.04409982174727019,0.00010207216475034864,342.4803017402006,351.1671216527996,0.0,0.42726801235355377
42.30881075414229,49633.0592404069,403.61294636764177,270.65,83.50083241609036,0.0010747832268238329,329.79873100377444,1.2238159471966632,0.7003788968970678,1.3569699349930187,0.044652940350662314,0.00010181504414723373,342.9752082473535,351.7218798325344,0.0,0.4267295272496294
42.45884199795131,49572.400969051494,404.99544558466386,270.65,84.13268851418938,0.0010829161797100883,329.79873100377444,1.2280078954579992,0.6990374734534403,1.3569699349930187,0.045212813405998725,0.00010155575052249315,343.47152925110805,352.27822357145783,0.0,0.42618580218428503
42.60887324176032,49511.535339604015,406.3771435155545,270.65,84.77152263489725,0.001091138950403417,329.79873100377444,1.2321974140977021,0.6976968274887353,1.3569699349930187,0.04577952763241387,0.00010129426961246,343.9692582621242,352.8361455954396,0.0,0.42563678710848674
42.75890448556934,49450.46247303177,407.7580301250709,270.65,85.41741984060782,0.001099452633786726,329.79873100377444,1.2363844726873865,0.6963569687400364,1.3569699349930187,0.04635317090307394,0.00010103058717537783,344.4683886976963,353.39563852569245,0.0,0.4250824315644741
42.908935729378356,49389.18249182007,409.13809524760285,270.65,86.07046634948858,0.0011078583396194937,329.79873100377444,1.2405690404033738,0.6950179070709204,1.3569699349930187,0.046933832260456165,0.00010076468899567131,344.96891388027683,353.9566948771177,0.0,0.4245226846857947
43.05896697318737,49327.69551996388,410.51732933396926,270.65,86.73074955227175,0.001116357192753898,329.79873100377444,1.2447510882910917,0.6936796517468506,1.3569699349930187,0.04752160205562284,0.00010049656088823322,345.4708273089727,354.5193073626345,0.0,0.42395749519723713
43.208998216996385,49266.0016821282,411.8957275912763,270.65,87.39835803833316,0.0011249503334704904,329.79873100377444,1.2489306018177562,0.6923422074183181,1.3569699349930187,0.048116572661790744,0.00010022618869914501,345.97412417751895,355.0834705947309,0.0,0.4233868114070899
43.3590294608054,49204.10110927896,413.27321233823443,270.65,88.07338155161986,0.0011336389169109165,329.79873100377444,1.2531073454418618,0.692,1.3569699349930187,0.04878893141605946,9.995355833493971e-05,346.4787729104164,355.64914917931486,0.0,0.422810581259564
43.50906070461441,49141.99394337315,414.64971292800175,270.65,88.75591095435846,0.001142424112610788,329.79873100377444,1.2572811049514203,0.692,1.3569699349930187,0.04949509325758443,9.967865578903159e-05,346.9847441442142,356.2163102018574,0.0,0.4222287523815032
43.65909194842343,49079.68033565868,416.02519568472695,270.65,89.44603825958929,0.0011513071049184468,329.79873100377444,1.2614517782361196,0.692,1.3569699349930187,0.050211419549516335,9.940146713925209e-05,347.4920218299942,356.7849356725596,0.0,0.42164127206806734
43.80912319223245,49017.160439897394,417.39964516052163,270.65,90.14385672160707,0.0011602890941590737,329.79873100377444,1.2656193184556086,0.692,1.3569699349930187,0.0509380609913217,9.91219785239112e-05,348.000596512862,357.3550149930963,0.0,0.4210480872225558
43.95915443604146,48954.43441223315,418.7730461721773,270.65,90.84946085509418,0.0011693712968809638,329.79873100377444,1.269783679572086,0.692,1.3569699349930187,0.05167517064612599,9.884017614632257e-05,348.5104587637473,357.9265375940897,0.0,0.42044914435612446
44.109185679850476,48891.502411122,420.14538329772813,270.65,91.56294645387555,0.0011785549460969305,329.79873100377444,1.2739448148238015,0.692,1.3569699349930187,0.05242290385465852,9.855604627970443e-05,349.0215989933425,358.49949272654635,0.0,0.41984438958815146
44.259216923659494,48828.364597347994,421.5166408853178,270.65,92.28441060899516,0.0011878412915169764,329.79873100377444,1.2781026767519421,0.692,1.3569699349930187,0.05318141827020365,9.82695752726821e-05,349.53400745411034,359.0738694641075,0.0,0.41923376864774126
44.409248167468505,48765.02113406584,422.8868030489994,270.65,93.01395172674424,0.0011972315997803456,329.79873100377444,1.2822572171878963,0.692,1.3569699349930187,0.05395087389061349,9.798074955527781e-05,350.0476742374549,359.64965669987805,0.0,0.41861722687613073
44.55927941127752,48701.472186833074,424.25585366523796,270.65,93.7516695470622,0.0012067271546923706,329.79873100377444,1.2864083872426497,0.692,1.3569699349930187,0.054731433090919,9.768955564485285e-05,350.56258927113254,360.22684314352455,0.0,0.4179947092288623
44.70931065508654,48637.71792363733,425.6237763704109,270.65,94.49766516225417,0.0012163292574653957,329.79873100377444,1.2905561372992056,0.692,1.3569699349930187,0.05552326065659984,9.739598015189422e-05,351.0787423170196,360.80541731877247,0.0,0.4173661602774881
44.85934189889555,48573.75851494189,426.9905545566175,270.65,95.25204103575966,0.001226039226960359,329.79873100377444,1.2947004169998784,0.692,1.3569699349930187,0.05632652381666722,9.710000978643866e-05,351.59612296822723,361.3853675601729,0.0,0.41673152421250187
45.00937314270457,48509.594133727434,428.35617136716974,270.65,96.01490102122494,0.0012358583999322822,329.79873100377444,1.2988411752326219,0.692,1.3569699349930187,0.05714139227703476,9.680163136482606e-05,352.1147206460703,361.96668200970385,0.0,0.4160907448468479
45.159404386513586,48445.22495551324,429.7206096945253,270.65,96.78635038208765,0.0012457881312823546,329.79873100377444,1.3029783601247613,0.692,1.3569699349930187,0.05796803825503999,9.650083181566729e-05,352.6345245979414,362.5493486143881,0.0,0.4154437656176124
45.3094356303226,48380.65115840524,431.08385217599533,270.65,97.56649581111522,0.0012558297943094233,329.79873100377444,1.3071119190299787,0.692,1.3569699349930187,0.0588066365135617,9.619759818678189e-05,353.1555238943248,363.13335512294566,0.0,0.4147905295896612
45.459466874131614,48315.8729231412,432.4458811890421,270.65,98.35544545024784,0.0012659847809654015,329.79873100377444,1.3112417985140545,0.692,1.3569699349930187,0.05965736439539023,9.589191765253237e-05,353.67770742562834,363.71868908224224,0.0,0.41413097946000693
45.60949811794063,48250.89043311719,433.8066788484916,270.65,99.15330891094331,0.0012762545021171377,329.79873100377444,1.3153679443464166,0.692,1.3569699349930187,0.060520401858608484,9.558377752042505e-05,354.2010638997252,364.3053378345341,0.0,0.4134650575604682
45.75952936174964,48185.70387442915,435.16622700286035,270.65,99.96019729462367,0.0012866403878095962,329.79873100377444,1.3194903014890011,0.692,1.3569699349930187,0.06139593151199311,9.527316523826421e-05,354.725581839141,364.8932885143149,0.0,0.412792705861389
45.90956060555866,48120.31343592226,436.52450722954165,270.65,100.77622321330581,0.0012971438875314034,329.79873100377444,1.3236088140816582,0.692,1.3569699349930187,0.06228413865038688,9.496006840201354e-05,355.25124957777814,365.48252804464414,0.0,0.41211386597676375
46.05959184936767,48054.71930922813,437.881500830806,270.65,101.60150081066628,0.0013077664704859845,329.79873100377444,1.3277234254300225,0.692,1.3569699349930187,0.063185211290731,9.464447476340835e-05,355.7780552579311,366.07304313380075,0.0,0.4114284791687054
46.20962309317669,47988.92168879643,439.2371888309357,270.65,102.4361457834708,0.0013185096258673946,329.79873100377444,1.3318340779968276,0.692,1.3569699349930187,0.06409934020882577,9.432637223712854e-05,356.3059868277211,366.66482027240835,0.0,0.4107364863508333
46.359654336985706,47922.920771947654,440.59155197142684,270.65,103.28027540303032,0.0013293748631364895,329.79873100377444,1.335940713387355,0.692,1.3569699349930187,0.06502671897572547,9.400574890912236e-05,356.835032037763,367.25784572969854,0.0,0.41003782809403727
46.50968558079472,47856.71675892143,441.9445707058372,270.65,104.13400853700401,0.001340363712301565,329.79873100377444,1.340043272333814,0.692,1.3569699349930187,0.06596754399438695,9.368259304537857e-05,357.36517843766615,367.85210554958877,0.0,0.40933244463311086
46.659716824603734,47790.30985290091,443.2962251974239,270.65,104.99746567181238,0.001351477724206847,329.79873100377444,1.344141694688178,0.692,1.3569699349930187,0.06692201453767627,9.335689309914971e-05,357.8964133736048,368.44758554795897,0.0,0.408620275869893
46.80974806841275,47723.700260068676,444.64649531423584,270.65,105.87076893494903,0.0013627184708196788,329.79873100377444,1.3482359194073037,0.692,1.3569699349930187,0.06789033278571796,9.302863771985353e-05,358.4287239848753,369.0442713087924,0.0,0.4079012613799509
46.95977931222176,47656.88818965874,445.9953606237444,270.65,106.7540421176428,0.001374087545522216,329.79873100377444,1.3523258845366513,0.692,1.3569699349930187,0.06887270386344613,9.26978157625228e-05,358.96209720024393,369.6421481800815,0.0,0.40717534042036657
47.10981055603078,47589.873853987236,447.3428003896705,270.65,107.64741069811043,0.0013855865634107253,329.79873100377444,1.3564115272006636,0.692,1.3569699349930187,0.06986933587932659,9.236441629588821e-05,359.4965197351375,370.2412012706791,0.0,0.40644245193442746
47.2598417998398,47522.657468500554,448.6887935677875,270.65,108.55100186489534,0.0013972171615959888,329.79873100377444,1.360492783590039,0.692,1.3569699349930187,0.07088043996395928,9.202842861132152e-05,360.03197808841276,370.84141544667693,0.0,0.40570253455809124
47.40987304364881,47455.23925183241,450.0333188004328,270.65,109.46494454039963,0.001408980999506199,329.79873100377444,1.3645695889450902,0.692,1.3569699349930187,0.07190623030850905,9.16898422328678e-05,360.56845853858937,371.4427753271832,0.0,0.4049555266287544
47.559904287457826,47387.61942582552,451.37635465542235,270.65,110.38936940521354,0.0014208797592001135,329.79873100377444,1.36864187828017,0.692,1.3569699349930187,0.07294692428273401,9.13486476920623e-05,361.10594723801034,372.0452653898703,0.0,0.4042013678859621
47.709935531266844,47319.79821580606,452.7178701861237,270.56642606426686,111.32447368965018,0.0014333585857188831,329.74780784464184,1.3729215461514706,0.692,1.3569699349930187,0.07402564080451625,9.100480655512355e-05,361.5608524821726,372.56529178136327,0.0,0.40343993303646003
47.859966775075854,47251.77585549245,454.05779306502126,270.3787657202875,112.27088561368572,0.0014465474162809319,329.63343422943706,1.3774627993256905,0.692,1.3569699349930187,0.07514965473407412,9.065815218227423e-05,361.9126272044036,372.9823032513342,0.0,0.4026708107270625
48.00999801888487,47183.552587123726,455.39607414875996,270.1905471060957,113.2288633189404,0.0014599067059343485,329.5186804888988,1.3820038168188218,0.692,1.3569699349930187,0.0762914230836191,9.030859490977035e-05,362.26477398589316,373.39979929024804,0.0,0.40189375731030924
48.16002926269389,47115.128659393704,456.7326936214709,270.0017708722681,114.19856890701195,0.0014734389819822593,329.4035466226096,1.3865445539502326,0.692,1.3569699349930187,0.07745124508178035,8.995614028440008e-05,362.6172795877783,373.8177649795181,0.0,0.40110873905865035
48.3100605065029,47046.50432333686,458.0676243284681,269.81243767579144,115.1801670503145,0.001487146813963415,329.28803263274676,1.3910849436771016,0.692,1.3569699349930187,0.0786294228164364,8.960077205239239e-05,362.97012770582285,374.2361819636974,0.0,0.4003156728059593
48.46009175031192,46977.6798343561,459.40083900339965,269.62254818565845,116.1738250072817,0.0015010328140125815,329.1721385275023,1.3956249184953933,0.692,1.3569699349930187,0.07982626367208226,8.924247530088215e-05,363.32330188100974,374.6550317123877,0.0,0.399514477244148
48.610122994120935,46908.65545197342,460.73231004912145,269.43210308218175,117.17971267008348,0.0015150996376775425,329.05586432067514,1.4001644097736654,0.692,1.3569699349930187,0.08104208035129036,8.888123577630857e-05,363.6767854089592,375.074295418786,0.0,0.3987050713963824
48.760154237929946,46839.431439880114,462.0620094053402,269.2411030571337,118.19800260892518,0.0015293499846919588,328.9392100317662,1.4047033473471224,0.692,1.3569699349930187,0.08227719092006368,8.8517039499999e-05,364.03056128422946,375.4939539372325,0.0,0.3978873737398082
48.910185481738964,46770.00806602266,463.3899085388538,269.0495488139854,119.22887011658871,0.001543786599755137,328.822175686135,1.4092416594833477,0.692,1.3569699349930187,0.08353191889503787,8.814987278257019e-05,364.3846121942406,375.91398777637045,0.0,0.39706130221547925
49.06021672554798,46700.385602667506,464.71597843544777,268.85744106808687,120.27249325405384,0.001558412273330513,328.70476131512044,1.413779272853115,0.692,1.3569699349930187,0.084806593332676,8.777972223785856e-05,364.7389205137714,376.334377092956,0.0,0.39622677423700714
49.21024796935699,46630.56432645671,466.04018959403135,268.66478054682267,121.32905289705253,0.0015732298424608782,328.58696695614674,1.4183161125079837,0.692,1.3569699349930187,0.08610154892061508,8.740657479607964e-05,365.09346830031984,376.7551016866385,0.0,0.39538370669723694
49.36027921316601,46560.54451850034,467.3625120168439,268.4715679898684,122.39873278287043,0.0015882421915908189,328.46879265289203,1.422852101845569,0.692,1.3569699349930187,0.08741712606839823,8.703041771915877e-05,365.4482372879122,377.1761409929902,0.0,0.39453201597958765
49.51031045697503,46490.32646446135,468.68291519889027,268.27780414942663,123.48171955806235,0.0016034522534057812,328.3502384554443,1.4273871625724082,0.692,1.3569699349930187,0.08875367099915815,8.665123861692301e-05,365.80320888052154,377.59747407610007,0.0,0.39367161797115036
49.66034170078404,46419.91045459876,470.0013681230842,268.0834897903484,124.57820282763318,0.0016188630096956038,328.2313044203878,1.4319212146843923,0.692,1.3569699349930187,0.09011153584513623,8.626902546036069e-05,366.15836414770024,378.0190796236632,0.0,0.39280242806893934
49.810372944593055,46349.29678386627,471.3178392501363,267.88862569040657,125.68837520421282,0.001634477492221958,328.11199061098284,1.436454176430698,0.692,1.3569699349930187,0.0914910787418254,8.588376659811107e-05,366.51368381815206,378.4409359397431,0.0,0.39192436119324875
49.96040418840207,46278.485752004584,472.6322965074334,267.69321264055304,126.81243235815849,0.001650298783602855,327.99229709733646,1.4409859642745602,0.692,1.3569699349930187,0.09289266392293326,8.549545077402497e-05,366.8691482728166,378.86302093698805,0.0,0.3910373318032919
50.110435432211084,46207.477663595586,473.9447072824847,267.4972514450701,127.95057306912346,0.0016663300182219207,327.87222395650815,1.445516492868127,0.692,1.3569699349930187,0.09431666181877084,8.510406714206143e-05,367.224737539714,379.2853121308346,0.0,0.39014125390660076
50.2604666760201,46136.2728281483,475.2550384141755,267.3007429218093,129.102999278009,0.001682574383147297,327.75177127266994,1.4500456750202935,0.692,1.3569699349930187,0.09576344915463898,8.470960528290764e-05,367.5804312879304,379.7077866327363,0.0,0.3892360410721662
50.41049791982911,46064.87156020069,476.5632561813133,267.103687902475,130.26991613953766,0.001699035119063587,327.63093913729455,1.4545734216560309,0.692,1.3569699349930187,0.09723340904909052,8.431205522271127e-05,367.9362088204656,380.13042114211225,0.0,0.38832160644828073
50.56052916363813,45993.27417939607,477.86932629314504,266.9060872328368,131.4515320761357,0.0017157155212266363,327.5097276492999,1.4590996417817899,0.692,1.3569699349930187,0.0987269311144396,8.391140745075038e-05,368.29204906779074,380.5531919391004,0.0,0.38739786277783445
50.71056040744715,45921.48101054918,479.17321388247206,266.70794177291447,132.6480588329071,0.0017326189404382021,327.38813691517777,1.463624242458791,0.692,1.3569699349930187,0.10024441155967016,8.35076529355711e-05,368.64793058244504,380.97607487847756,0.0,0.38646472240994006
50.86059165125616,45849.492383755714,480.4748834941757,266.50925239728184,133.8597115328247,0.0017497487840282524,327.26616704919525,1.4681471287618613,0.692,1.3569699349930187,0.10178625329206324,8.310078314464882e-05,369.00383153177165,381.399045381481,0.0,0.3855220973195569
51.010622895065175,45777.30863449249,481.7742990728671,266.3100199953461,135.0867087329946,0.0017671085168570707,327.14381817358264,1.4726682037355125,0.692,1.3569699349930187,0.10335286601963409,8.269079006519589e-05,369.3597296902032,381.82207842712677,0.0,0.38456989912972717
51.16065413887419,45704.930103668616,483.07142395720695,266.11024547149077,136.32927248271773,0.001784701662347519,327.0210904186369,1.477187368370651,0.692,1.3569699349930187,0.1049446663582074,8.227766621994408e-05,369.7156024342151,382.24514854653535,0.0,0.38360803912209057
51.310685382683204,45632.35713774241,484.36622086807824,265.90992974540075,137.58762838140953,0.001802531803520152,326.89798392293875,1.4817045215618712,0.692,1.3569699349930187,0.10656207793612849,8.186140468805318e-05,370.0714267348079,382.66822981446563,0.0,0.38263642825920247
51.46071662649222,45559.59008883033,485.6586518956042,265.7090737523655,138.86200563761557,0.0018206025840487644,326.77449883355564,1.4862195600611328,0.692,1.3569699349930187,0.10820553149958058,8.144199912747103e-05,370.42717914941886,383.0912958402117,0.0,0.3816549772102602
51.61074787030124,45486.62931477104,486.9486784915164,265.5076784434581,140.1526371298116,0.0018389177093462532,326.65063530617,1.490732378447998,0.692,1.3569699349930187,0.10987546502195704,8.10194437928485e-05,370.7828358159651,383.5143197609041,0.0,0.3806635963664577
51.76077911411025,45413.47517922724,488.23626145894013,265.3057447858188,141.45975946755922,0.0018574809476606792,326.5263935052717,1.4952428690915538,0.692,1.3569699349930187,0.11157232381265555,8.05937335560101e-05,371.13837244585227,383.93727423363816,0.0,0.379662195862278
51.91081035791927,45340.12805180598,489.5213609390503,265.1032737629894,142.78361305335483,0.0018762961311863807,326.4017736043824,1.499750922102458,0.692,1.3569699349930187,0.11329656062517603,8.016486392952754e-05,371.4937643156377,384.3601314260891,0.0,0.3786506856041325
52.060841601728285,45266.58830814869,490.8039364000541,264.9002663751644,144.12444214603906,0.001895367157202575,326.2767757862297,1.5042564252921866,0.692,1.3569699349930187,0.11504863576765628,7.973283108840513e-05,371.84898625956777,384.78286300811635,0.0,0.3776289752946781
52.210872845537295,45192.8563300095,492.08394662917243,264.6967236394099,145.48249492548786,0.0019146979892356287,326.1514002429014,1.5087592641414163,0.692,1.3569699349930187,0.11682901721599968,7.929763188921246e-05,372.20401266335506,385.2054401447612,0.0,0.37659697445116347
52.36090408934631,45118.93250538461,493.36134971929914,264.492646590023,146.8580235574454,0.0019342926582288928,326.02564717608726,1.5132593217515597,0.692,1.3569699349930187,0.11863818072469635,7.885926389445952e-05,372.5588174557465,385.6278334867527,0.0,0.37555459243626427
52.51093533315533,45044.81722863047,494.63610305468177,264.2880362788608,148.2512842596116,0.0019541552637360226,325.89951679730297,1.5177564787932059,0.692,1.3569699349930187,0.1204766099381337,7.841772539843027e-05,372.9133740995805,386.05001316044246,0.0,0.3745017384926255
52.66096657696434,44970.51090052408,495.9081633043345,264.08289377550955,149.66253736991658,0.0019742899751512195,325.7730093280154,1.5222506134785796,0.692,1.3569699349930187,0.12234479650743675,7.797301544524784e-05,373.26765558603074,386.4719487613327,0.0,0.3734383217591063
52.81099782077336,44896.01392840124,497.17748640832235,263.8772201676691,151.09204741445598,0.0019947010329405285,325.64612499990204,1.5267416015113704,0.692,1.3569699349930187,0.12424324020349783,7.752513385447202e-05,373.6216344259157,386.89360934428794,0.0,0.37236425130512274
52.96102906458238,44821.32672628497,498.4440275627411,263.6710165615103,152.54008317669724,0.002015392749897222,325.5188640550939,1.5312293160324488,0.692,1.3569699349930187,0.12617244903017186,7.707408124857562e-05,373.97528264035395,387.3149634130167,0.0,0.3712794361698522
53.11106030839139,44746.44971496077,499.7077412109131,263.4642840818853,154.00691776885444,0.0020363695124342414,325.39122674632864,1.5357136275849246,0.692,1.3569699349930187,0.1281329393421924,7.661985907364246e-05,374.3285717539731,387.73597891243435,0.0,0.3701837853855053
53.261091552200405,44671.38332209709,500.96858103156893,263.25702387266324,155.49282870355265,0.0020576357818870186,325.26321333718187,1.5401944040694306,0.692,1.3569699349930187,0.1301252359615807,7.616246962365159e-05,374.6814727868902,388.15662321963254,0.0,0.36907720800946786
53.41112279600942,44596.12798238705,502.226499923451,263.04923709712466,156.99809796622026,0.0020791960958330136,325.13482410233473,1.5446715106880629,0.692,1.3569699349930187,0.13214987229242575,7.57019160690586e-05,375.0339562451227,388.57686313308307,0.0,0.36795961316724457
53.56115403981843,44520.68413765418,503.481449992645,262.840924938256,158.5230120893626,0.002101055069444614,325.0060593277814,1.5491448098968033,0.692,1.3569699349930187,0.13420739043820568,7.523820248237574e-05,375.3859921120652,388.9966648630482,0.0,0.36683091008866475
53.71118528362745,44445.0522369449,504.7333825433357,262.6320885990085,160.06786222830476,0.002123217396869672,324.87691931101466,1.5536141613684133,0.692,1.3569699349930187,0.1362983413217371,7.47713338598746e-05,375.73754984143073,389.415994023637,0.0,0.3656910081350887
53.86121652743647,44369.232736681086,505.9822480624602,262.4227293027221,161.63294423693532,0.002145687852618752,324.7474043613147,1.558079421935897,0.692,1.3569699349930187,0.1384232848012912,7.430131615063458e-05,376.0885983476063,389.8348156219431,0.0,0.36453981684497144
54.01124777124548,44293.22610079863,507.22799620328976,262.21284829351134,163.2185587449149,0.002168471292980177,324.6175148000148,1.5625404455325669,0.692,1.3569699349930187,0.14058278978661465,7.382815628735751e-05,376.4391059954394,390.25309404654956,0.0,0.363377245984482
54.1612790150545,44217.0328008185,508.4705757778784,262.0024468364651,164.8250112375309,0.0021915726574800263,324.4872509606527,1.5669970831597804,0.692,1.3569699349930187,0.1427774343614193,7.335186220594492e-05,376.7890405937877,390.6707930602745,0.0,0.36220320557122143
54.311310258863514,44140.653316009666,509.7099347413386,261.79152621809925,166.452612134898,0.0022149969703398353,324.3566131892795,1.5714491828285784,0.692,1.3569699349930187,0.1450078058999578,7.287244287554166e-05,377.1383693856324,391.0878757890335,0.0,0.36101760592421545
54.461341502672525,44064.08813353974,510.9460201746759,261.5800877467763,168.10167687263734,0.0022387493419627163,324.2256018447488,1.5758965894967658,0.692,1.3569699349930187,0.14727450118301977,7.238990833090119e-05,377.4870590374578,391.50430470988454,0.0,0.3598203577205708
54.61137274648154,43987.33774856311,512.1787782747571,261.36813275295225,169.7725259851613,0.002262834970464323,324.09421729889954,1.5803391450282942,0.692,1.3569699349930187,0.14957812651926763,7.190426969502805e-05,377.83507563165256,391.92004164248027,0.0,0.358611372028956
54.76140399029056,43910.40266436295,513.4081543408097,261.15566258957176,171.46548518911206,0.0022872591432135303,323.96245993683203,1.584776688141326,0.692,1.3569699349930187,0.15191929786362382,7.141553920661933e-05,378.1823846574752,392.3350477388932,0.0,0.3573905603557267
54.91143523409957,43833.283392517405,514.6340927568932,260.9426786325312,173.18088546754112,0.002312027238391373,323.8303301572261,1.589209054343452,0.692,1.3569699349930187,0.15429864093261855,7.092373025317654e-05,378.5289510002234,392.74928347141906,0.0,0.35615783470622087
55.06146647790859,43755.98045302322,515.8565369775296,260.7291822810232,174.91906315631905,0.0023371447265898826,323.69782837258765,1.5936360758767911,0.692,1.3569699349930187,0.15671679132216365,7.042885739966922e-05,378.8747389316859,393.1627086218325,0.0,0.3549131076361338
55.211497721717606,43678.49437440455,517.0754295171954,260.51517495784094,176.68036003221636,0.002362617172442967,323.5649550094703,1.5980575816749418,0.692,1.3569699349930187,0.15917439462773758,6.993093641166018e-05,379.2197121023032,393.5752822725627,0.0,0.3536562922900192
55.36152896552662,43600.82569389192,518.290711932921,260.3006581098762,178.46512340074554,0.0023884502362618637,323.4317105088186,1.6024733972978493,0.692,1.3569699349930187,0.1616721065585222,6.942998428823275e-05,379.563833530354,393.986962794512,0.0,0.35238730246556194
55.511560209335634,43522.97495758402,519.5023248057487,260.0856332085699,180.27370618569333,0.0024146496757031545,323.29809532628275,1.6068833448630446,0.692,1.3569699349930187,0.16421059305046173,6.892601929694025e-05,379.90706559052944,394.3977078341943,0.0,0.3511060526844997
55.661591453144645,43444.942720530984,520.7102077322081,259.87010175014603,182.10646702182478,0.0024412213474910237,323.1641099323995,1.6112872430083027,0.692,1.3569699349930187,0.1667905303866742,6.841906099330571e-05,380.2493700068811,394.80747430580067,0.0,0.34981245822575247
55.81162269695366,43366.729546925446,521.9142993065739,259.65406525614316,183.96377034648515,0.002468171209132036,323.0297548129591,1.6156849068246764,0.692,1.3569699349930187,0.16941260530900168,6.790913025419506e-05,380.59070784181773,395.2162183788026,0.0,0.34850643519507013
55.96165394076268,43288.33601027831,523.1145371015724,259.43752527390393,185.8459864928712,0.002495505320662655,322.8950304693467,1.6200761477846068,0.692,1.3569699349930187,0.1720775151277456,6.739624931391793e-05,380.93103948430957,395.62389546466966,0.0,0.34718790060349175
56.11168518457169,43209.76269352143,524.3108576571427,259.2204833768629,187.75349178643503,0.002523229846450984,322.75993741876033,1.6244607736953518,0.692,1.3569699349930187,0.174785967837233,6.688044178704435e-05,381.2703246416017,396.0304602075464,0.0,0.34585677241351287
56.26171642838071,43131.01018917398,525.5031964652846,259.00294116501,189.68666864118586,0.002551351057005956,322.6244761945382,1.6288385886395467,0.692,1.3569699349930187,0.17753868222626362,6.636173269736189e-05,381.60852232929363,396.4358664730758,0.0,0.34451296960256744
56.411747672189726,43052.079099536466,526.691487950461,258.7849002654307,191.64590565668894,0.0025798753308056838,322.4886473465351,1.6332093929015015,0.692,1.3569699349930187,0.18033638798343782,6.584014851398291e-05,381.9455908594106,396.84006733496267,0.0,0.3431564122469788
56.56177891599874,42972.97003683413,527.8756654536019,258.56636233270655,193.6315977176908,0.0026088091561731817,322.35245144141317,1.637572982904838,0.692,1.3569699349930187,0.18317982580445033,6.531571718120248e-05,382.281487829993,397.24301506325605,0.0,0.34178702159195223
56.711810159807754,42893.683623344295,529.0556612203948,258.3473290492712,195.6441460955966,0.0026381591331884656,322.21588906290566,1.6419291511633312,0.692,1.3569699349930187,0.18606974750113797,6.478846814081732e-05,382.6161701166509,397.6446611148386,0.0,0.34040472010390066
56.86184140361677,42814.22049160508,530.2314063819381,258.12780212599137,197.68395854933596,0.0026679319756012527,322.07896081222236,1.646277686207117,0.692,1.3569699349930187,0.18900691610135562,6.42584323669484e-05,382.9495938607735,398.0449561201408,0.0,0.33900943155752866
57.01187264742578,42734.58128460304,531.4028309342383,257.9077833026897,199.75144942812952,0.0026981345127810017,321.94166730841977,1.6506183725052122,0.692,1.3569699349930187,0.19199210594621371,6.372564240302135e-05,383.28171445711735,398.44384986916407,0.0,0.3376010811313368
57.1619038912348,42654.76665587,532.569863728791,257.6872743484172,201.8470397780531,0.0027287736917322386,321.8040091886158,1.6549509904229973,0.692,1.3569699349930187,0.19502610279535862,6.319013237843246e-05,383.61248654636336,398.8412913031052,0.0,0.3361795954521
57.31193513504382,42574.77726970578,533.7324324529943,257.4662770620725,203.97115744681665,0.0027598565790938417,321.6659871084232,1.659275316146778,0.692,1.3569699349930187,0.1981097039193048,6.265193804280194e-05,383.9418640032535,399.2372285009834,0.0,0.33474490268813073
57.46196637885283,42494.613801381696,534.8904636089626,257.2447932729696,206.12423719040544,0.0027913903631756262,321.52760174235067,1.6635911216032573,0.692,1.3569699349930187,0.20124371818808773,6.211109680324155e-05,384.269799923908,399.6316086653551,0.0,0.3332969326537588
57.611997622661846,42414.27693725929,536.0438825012311,257.0228248411703,208.30672078344298,0.0028233823560597174,321.3888537840591,1.6678981744071266,0.692,1.3569699349930187,0.2044289661658889,6.156764774426044e-05,384.59624661712536,400.02437811252094,0.0,0.33183561687055124
57.762028866470864,42333.767374983996,537.1926132201597,256.80037365802434,210.5190571290321,0.0028558399957048113,321.2497439467487,1.6721962377943758,0.692,1.3569699349930187,0.20766628019739722,6.102163165516872e-05,384.9211555938833,400.415482260693,0.0,0.3303608886513153
57.912060110279874,42253.085823709625,538.3365786205754,256.57744164679445,212.7617023691701,0.0028887708480694464,321.1102729636002,1.676485070540235,0.692,1.3569699349930187,0.21095650448610914,6.047309106607958e-05,385.24447755467213,400.80486561571945,0.0,0.32887268321066243
58.06209135408889,42172.23300426356,539.4757003044323,256.35403076311815,215.03511999820097,0.0029221826092905977,320.97044158811553,1.6807644268898538,0.692,1.3569699349930187,0.2143004951735603,5.992207027554118e-05,385.5661623785867,401.1924717588023,0.0,0.3273709377567193
58.21212259789791,42091.209649294506,540.6098986081148,256.130142995421,217.33978097826358,0.0029560831079026052,320.83025059442946,1.6850340565033406,0.692,1.3569699349930187,0.2176991204189626,5.936861536834439e-05,385.886159114627,401.57824333669566,0.0,0.32585559155949245
58.36215384170692,42010.016503513994,541.7390925815248,255.9057803655892,219.6761638535493,0.0029904803070497535,320.6897007777843,1.6892937043740994,0.692,1.3569699349930187,0.22115326046539208,5.8812774248559524e-05,386.2044159693649,401.96212204779965,0.0,0.3243265860642868
58.51218508551594,41928.65432391186,542.8631999660739,255.68094492957036,222.0447548666683,0.0030253823067410723,320.5487929549621,1.6935431107436663,0.692,1.3569699349930187,0.224663807701026,5.8254596674658116e-05,386.52088029402694,402.3440486276081,0.0,0.32278386501534734
58.662216329324956,41847.12387986805,543.9821371845915,255.4556387776879,224.4460480794804,0.0030607973461823875,320.40752796453773,1.6977820110543678,0.692,1.3569699349930187,0.22823166672857717,5.769413426908224e-05,386.83549857705975,402.72396284033766,0.0,0.32122737451324274
58.812247573133966,41765.42595340984,545.0958193203668,255.22986403535742,226.8805454911733,0.003096733806079498,320.26590666738593,1.7020101358665045,0.692,1.3569699349930187,0.23185775441633483,5.713144054908325e-05,387.14821643192806,403.10180346516245,0.0,0.3196570631348297
58.962278816942984,41683.56133944522,546.2041600946508,255.0036228637373,229.34875715837538,0.0031332002109830423,320.1239299471484,1.7062272107706151,0.692,1.3569699349930187,0.23554299994283598,5.656657096063727e-05,387.45897858413,403.47750828158127,0.0,0.31807288206689355
59.112310060752,41601.530845898764,547.3070718536521,254.7769174601097,231.85120131960852,0.003170205231709426,319.9815987105331,1.7104329563299854,0.692,1.3569699349930187,0.2392883448469542,5.599958289067941e-05,387.76772886258334,403.85101405971557,0.0,0.3164747851841157
59.26234130456101,41519.33529393492,548.4044655509952,254.54975005850375,234.38840451858084,0.0032077576877568028,319.8389138877673,1.71462708800791,0.692,1.3569699349930187,0.24309474306535966,5.5430535688012154e-05,388.0744101891322,404.22225654847176,0.0,0.3148627291557259
59.41237254837003,41436.97551821511,549.4962507252919,254.32212293041178,236.9609017277828,0.003245866549737778,319.69587643311024,1.7188093160790663,0.692,1.3569699349930187,0.24696316095787355,5.4859490694019906e-05,388.37896456582945,404.59117046119934,0.0,0.31323667358519797
59.56240379217905,41354.45236708587,550.5823354820569,254.0940383853154,239.56923647555521,0.0032845409418759066,319.55248732524825,1.7229793455547755,0.692,1.3569699349930187,0.2508945773318907,5.428651126270092e-05,388.6813330641961,404.9576894635875,0.0,0.3115965811255209
59.71243503598806,41271.76670274848,551.6626264804877,253.8654987711605,242.21396097517098,0.003323790144544734,319.40874756765874,1.727136876123381,0.692,1.3569699349930187,0.25488998346477443,5.371166276845266e-05,388.9814558168889,405.32174616426767,0.0,0.3099424175647653
59.862466279797076,41188.919401535364,552.7370289117739,253.63650647512733,244.89563625190482,0.003363623596789781,319.264658189162,1.731281602062829,0.692,1.3569699349930187,0.2589503831071975,5.313501263147304e-05,389.2792720056142,405.6832721011724,0.0,0.3082741519675704
60.012497523606086,41105.91135415461,553.8054464764947,253.40706392431258,247.6148322723476,0.0034040508988966932,319.12022024441876,1.7354132121503525,0.692,1.3569699349930187,0.26307679247822685,5.255663034487266e-05,389.574719848572,406.04219772737895,0.0,0.30659175682840345
60.162528767415104,41022.74346581733,554.8677813742917,253.177173586088,250.37212807888545,0.003445081815049267,318.97543481422616,1.7395313896114009,0.692,1.3569699349930187,0.26727024026775,5.197658747116853e-05,389.86773659369373,406.3984524034853,0.0,0.30489520814237653
60.31256001122412,40939.416656531495,555.923934282471,252.946837968919,253.16811192008078,0.0034867262759398867,318.83030300610454,1.7436358120320417,0.692,1.3569699349930187,0.2715317676135529,5.1394957663151236e-05,390.15825850701833,406.75196438448194,0.0,0.3031844855527265
60.46259125503313,40855.93186136597,556.9738043332894,252.71605962310122,256.0033813831715,0.003528994381424768,318.68482595483465,1.7477261512671647,0.692,1.3569699349930187,0.27586242806828604,5.081181668755008e-05,390.44622086042455,407.10266080591134,0.0,0.30145957251410754
60.61262249884215,40772.290030603835,558.0172891008965,252.4848411411909,258.87854353155586,0.003571896403267063,318.5390048228036,1.7518020733797093,0.692,1.3569699349930187,0.2802632875701352,5.022724242297842e-05,390.73155792392913,407.4504676751827,0.0,0.2997204563874052
60.76265374265117,40688.49212999668,559.0542845837731,252.25318515871504,261.79421504013783,0.0036154427878618933,318.39284080052863,1.7558632385645176,0.692,1.3569699349930187,0.28473542439499655,4.96413148672677e-05,391.0142029561781,407.79530986082716,0.0,0.2979671285687911
60.91268498646018,40604.53914105501,560.0846851824923,252.02109435498062,264.75102233053167,0.003659644158973078,318.24633510724544,1.7599093010568372,0.692,1.3569699349930187,0.2892799290913011,4.905411615528864e-05,391.2940881928415,408.13711107939173,0.0,0.29619958465786506
61.062716230269196,40520.43206125918,561.1083836819578,251.78857145366533,267.7496017101145,0.0037045113205412916,318.0994889913604,1.7639399090553005,0.692,1.3569699349930187,0.293897904410788,4.846573056386285e-05,391.57114483713286,408.47579388474026,0.0,0.2944178245956117
61.21274747407821,40436.17190425148,562.1252712384934,251.55561922335554,270.7905995129436,0.0037500552595343736,317.9523037308708,1.7679547046600472,0.692,1.3569699349930187,0.2985904652332926,4.787624450215704e-05,391.84530305284216,408.81127966017914,0.0,0.29262185276613417
61.362778717887224,40351.75970014803,563.135237358763,251.32224047841575,273.8746722374763,0.0037962871487641162,317.8047806339973,1.7719533237837055,0.692,1.3569699349930187,0.30335873846546085,4.7285746521221066e-05,392.11649195379334,409.14348860653445,0.0,0.2908116781642378
61.51280996169624,40267.19649581142,564.138169878151,251.08843807974992,277.00248668658503,0.0038432183497517053,317.65692103974897,1.7759353960607058,0.692,1.3569699349930187,0.30820386292678353,4.6694327324499425e-05,392.3846395930656,409.47233972997776,0.0,0.28898731457565
61.66284120550526,40182.48335499368,565.1339549509456,250.85421493520434,280.1747201133721,0.00389086041569478,317.5087263182638,1.7799005447946892,0.692,1.3569699349930187,0.31312698924027316,4.6102079743725756e-05,392.649672957926,409.79775083629727,0.0,0.2871487806597722
61.81287244931427,40097.62135866678,566.1224770301009,250.61957400048885,283.3920603610549,0.003939225094360308,317.3601978714797,1.7838483868710013,0.692,1.3569699349930187,0.31812927968944255,4.5509098740940494e-05,392.91151796026054,410.1196385200602,0.0,0.28529610012110324
61.96290369312329,40012.611605315826,567.1036188461493,250.3845182799954,286.6552060049512,0.00398832433102363,317.2113371337415,1.787778532666533,0.692,1.3569699349930187,0.32321190806031014,4.4915481412598146e-05,393.17009942664595,410.4379181533849,0.0,0.2834293018976692
62.112934936932305,39927.45521110916,568.0772613951742,250.1490508272762,289.96486649998735,0.0040381702715055244,317.0621455721949,1.791690585988996,0.692,1.3569699349930187,0.32837605948340154,4.432132696503856e-05,393.42534109282576,410.7525038796908,0.0,0.28154842026982874
62.262966180741316,39842.153310182955,569.0432839227764,249.91317474583875,293.32176232468845,0.004088775265171505,316.9126246873834,1.7955841440021703,0.692,1.3569699349930187,0.3336229302498713,4.3726736699245554e-05,393.6771655967116,411.0633086057577,0.0,0.2796534950071277
62.41299742455033,39756.707054963175,570.0015639040918,249.6768931900439,296.72662512430816,0.004140151867933193,316.762776013912,1.7994587971380125,0.692,1.3569699349930187,0.3389537276038457,4.313181400592164e-05,393.92549446970713,411.37024399189164,0.0,0.2777445715584378
62.56302866835935,39671.117616397205,570.9519770280826,249.4402093657551,300.180197858062,0.00419231284532674,316.61260112095545,1.8033141290228116,0.692,1.3569699349930187,0.3443696695258766,4.2536664345992505e-05,394.1702481301579,411.6732204445037,0.0,0.2758217012069351
62.71305991216836,39585.38618416737,571.8943971862823,249.2031265309368,303.6832349477887,0.004245271175628275,316.4621016127365,1.8071497164173087,0.692,1.3569699349930187,0.3498719845043373,4.194139521493958e-05,394.4113458792507,411.97214711144176,0.0,0.2738849411831198
62.86309115597738,39499.51396703587,572.8286964545708,248.96564799661687,307.2365024217838,0.00429904005291186,316.311279129237,1.8109651291332143,0.692,1.3569699349930187,0.35546191127263094,4.134611612631025e-05,394.64870589400266,412.26693187401486,0.0,0.2719343548501451
63.0131223997864,39413.50219314212,573.7547450750244,248.72777712771764,310.84077806081245,0.004353632890155723,316.16013534682764,1.8147599299501043,0.692,1.3569699349930187,0.36114069852813174,4.075093859511991e-05,394.8822452204013,412.55748133920326,0.0,0.26997001190133346
63.16315364359541,39327.35211015974,574.6724114477983,248.4895173434987,314.49685155036707,0.004409063322458659,316.0086719786539,1.8185336745651612,0.692,1.3569699349930187,0.36690960465003525,4.0155976084980404e-05,395.11187977153105,412.8437008375048,0.0,0.2679919884499789
63.313184887404425,39241.06498566044,575.5815621145648,248.25087211857212,318.2055246245915,0.00446534521014595,315.856890775387,1.8222859115138759,0.692,1.3569699349930187,0.3727698973744379,3.9561343980805946e-05,395.3375243222703,413.12549441686787,0.0,0.26600036721388215
63.46321613121344,39154.64210743188,576.4820617419185,248.01184498379047,321.9676112120792,0.004522492641919145,315.7047935258966,1.826016182090789,0.692,1.3569699349930187,0.37872285344855044,3.896715956246735e-05,395.5590925041261,413.4027648367943,0.0,0.2639952377162581
63.61324737502245,39068.0847836615,577.3737731120458,247.77243952676451,325.78393758753873,0.0045805199381106325,315.5523820576908,1.8297240202943152,0.692,1.3569699349930187,0.38476975827813087,3.837354194918897e-05,395.7764968037157,413.6754135665742,0.0,0.26197669640092
63.76327861883147,38981.3943432479,578.2565571106155,247.5326593927335,329.6553425180008,0.004639441653871226,315.39965823758155,1.833408952761234,0.692,1.3569699349930187,0.39091190554039845,3.778061205195957e-05,395.98964856051055,413.9433407826523,0.0,0.259944846785406
63.91330986264049,38894.57213614858,579.1302727122114,247.29250828553654,333.5826774071076,0.004699272582344173,315.2466239724176,1.8370704986927386,0.692,1.3569699349930187,0.39715059676606207,3.7188492534945626e-05,396.1984579637511,414.206445365052,0.0,0.25789979965761733
64.0633411064495,38807.619533627265,579.9947769692857,247.051989968306,337.56680644355015,0.004760027757917971,315.09328120964244,1.8407081697924086,0.692,1.3569699349930187,0.4034871409053908,3.6597307761944126e-05,396.4028340512298,414.4646248959272,0.0,0.25584167323472445
64.21337235025851,38720.53792848494,580.8499250045998,246.81110826411626,341.608606750001,0.004821722459502675,314.93963193782616,1.8443214702151818,0.692,1.3569699349930187,0.4099228538733325,3.600718372629287e-05,396.6026847101874,414.71777566048877,0.0,0.25377059327671536
64.36340359406753,38633.32873543141,581.6955699992307,246.56986705702138,345.7089685250904,0.004884372213715846,314.7856781874471,1.8479098965005814,0.692,1.3569699349930187,0.41645905805228967,3.541824799785535e-05,396.79791667669343,414.9657926461844,0.0,0.25168669327145016
64.51343483787655,38545.9933913993,582.5315631815803,246.32827029293333,349.8687951872161,0.004947992798111936,314.63142203157514,1.8514729375094638,0.692,1.3569699349930187,0.4230970817702255,3.483062966863717e-05,396.9884355357619,415.20856954272233,0.0,0.24959011462933733
64.66346608168556,38458.53335571124,583.3577538227142,246.08632198009474,354.08900352459415,0.005012600244522856,314.4768655862978,1.8550100743821838,0.692,1.3569699349930187,0.42983825876707266,3.424445926439042e-05,397.1741457247317,415.4459987458032,0.0,0.24748100677030513
64.81349732549458,38370.950110469246,584.1739892272036,245.844026190166,358.3705238339493,0.0050782108422404906,314.3220110115409,1.8585207804799728,0.692,1.3569699349930187,0.4366839276103294,3.365986867802255e-05,397.35495053535845,415.67797135933336,0.0,0.2453595273000326
64.96352856930359,38283.245160887316,584.9801147252001,245.60138705915588,362.71430006059546,0.0051448411412357035,314.16686051179266,1.8620045213306071,0.692,1.3569699349930187,0.4436354310834698,3.307699110253152e-05,397.53075211681124,415.9043771986718,0.0,0.24322584219893403
65.1135598131126,38195.42003548334,585.7759736682223,245.35840878796256,367.121289944261,0.005212507955480856,314.01141633658006,1.8654607545871689,0.692,1.3569699349930187,0.45069411555610694,3.249596093776071e-05,397.7014514806466,416.1251047961398,0.0,0.24108012592933753
65.26359105692163,38107.476286408906,586.5614074244501,245.11509564329697,371.5924651568699,0.005281228366164415,313.85568078119286,1.8688889299836389,0.692,1.3569699349930187,0.4578613303108385,3.19169137024887e-05,397.8669485063726,416.3400414071466,0.0,0.23892256157364183
65.41362230073064,38019.41548981145,587.336255374117,244.87145195869505,376.1288114369899,0.005351019724869344,313.6996561874666,1.8722884892902956,0.692,1.3569699349930187,0.46513842683277035,3.133998595293331e-05,398.02714194762416,416.5490730169889,0.0,0.23675334100941017
65.56365354453965,37931.23924608762,588.1003549068336,244.62748213522977,380.73132872799175,0.005421899656823408,313.5433449443761,1.875658866276256,0.692,1.3569699349930187,0.47252675807312516,3.076531518804806e-05,398.1819294395301,416.7520843490228,0.0,0.23457266504891128
65.71368478834867,37842.94918012442,588.853541420636,244.3831906421893,385.4010313151439,0.005493886064148172,313.3867494886097,1.8789994866775257,0.692,1.3569699349930187,0.480027677679699,3.019303974001184e-05,398.3312075074491,416.9489588743743,0.0,0.2323807435345341
65.86371603215768,37754.5469416843,589.595648321009,244.13858201815327,390.1389479530935,0.005566997128974541,313.229872305401,1.8823097681633305,0.692,1.3569699349930187,0.4876425391790529,2.9623298677115406e-05,398.47487157661,417.1395788226149,0.0,0.23017779549268122
66.0137472759667,37666.034205721604,590.3265070222128,243.89366087188,394.9461219944418,0.005641251316589304,313.0727159292419,1.8855891203104187,0.692,1.3569699349930187,0.49537269512766274,2.9056231704195216e-05,398.61281598329936,417.3238251941959,0.0,0.22796404929167105
66.16377851977572,37577.41267255326,591.0459469485281,243.64843188278982,399.823611523828,0.005716667378681044,312.9152829443395,1.8888369445785802,0.692,1.3569699349930187,0.5032194962335007,2.8491979036826116e-05,398.7449339861513,417.50157777304355,0.0,0.22573974270953312
66.31380976358473,37488.68406825832,591.753795537703,243.4028998020821,404.77248947701554,0.005793264356368462,312.7575759854813,1.8920526342906978,0.692,1.3569699349930187,0.5111842904232582,2.7930681289728695e-05,398.8711177797857,417.672715141713,0.0,0.22350512306708153
66.46384100739374,37399.85014500839,592.4498782474445,243.1570694536614,409.7938437605486,0.005871061583250748,312.5995977387814,1.8952355746232126,0.692,1.3569699349930187,0.5192684218770284,2.7372479363351803e-05,398.991258510435,417.8371146987918,0.0,0.22126044736578912
66.61387225120276,37310.912681258,593.1340185596166,242.91094573467572,414.888777376184,0.005950078688545298,312.4413509421794,1.8983851425907527,0.692,1.3569699349930187,0.5274732300264356,2.6817514312365846e-05,399.1052462905718,417.99465267523215,0.0,0.21900598236415036
66.76390349501177,37221.87348207782,593.8060379877148,242.66453361645068,420.0584085340697,0.006030335600064282,312.28283838619615,1.9015007070396952,0.692,1.3569699349930187,0.5358000485030221,2.6265927215494996e-05,399.21297021626003,418.14520415368725,0.0,0.21674200466792484
66.91393473882079,37132.73437951164,594.4657560883696,242.41783814548924,425.3038707607305,0.006111852547123001,312.12406291473496,1.9045816286543849,0.692,1.3569699349930187,0.5442502040460333,2.57178590480601e-05,399.3143183873182,418.2886430909918,0.0,0.21446880084065914
67.06396598262981,37043.497232820555,595.1129904719992,242.17086444415955,430.6263130096455,0.006194650063500604,311.96502742568396,1.9076272599619086,0.692,1.3569699349930187,0.5528250153711131,2.517345054603812e-05,399.409177927365,418.4248423405488,0.0,0.21218666748847065
67.21399722643882,36954.163928721006,595.7475568123734,241.9236177113661,436.0268997682829,0.006278748990357781,311.8057348715104,1.9106369453335115,0.692,1.3569699349930187,0.5615257919900232,2.4632842059979176e-05,399.4974350039204,418.55367367478095,0.0,0.20989591130968407
67.36402847024783,36864.73638176159,596.369268863043,241.67610322360466,441.50681115244276,0.006364170478968303,311.6461882601049,1.9136100210065898,0.692,1.3569699349930187,0.570353832982695,2.409617341412473e-05,399.5789748531811,418.67500781277386,0.0,0.20759684917226445
67.51405971405686,36775.21653461979,596.9779384777438,241.42832633579619,447.06724300048694,0.0064509359934593015,311.48639065548537,1.916545815120449,0.692,1.3569699349930187,0.5793104257337992,2.3563583762654845e-05,399.6536818073659,418.7887144508282,0.0,0.20528980818558645
67.66409095786587,36685.60635826482,597.5733756207646,241.1802924817501,452.70940697101133,0.006539067313615796,311.32634517826483,1.919443647721478,0.692,1.3569699349930187,0.5883968446113068,2.3035211434018296e-05,399.72143931707024,418.8946622874614,0.0,0.20297512572574136
67.81412220167488,36595.90785234231,598.1553883898143,240.93200717524138,458.4345306216449,0.006628586537400598,311.1660550065175,1.9223028308061614,0.692,1.3569699349930187,0.597614349597981,2.2511193778293116e-05,399.78212998155306,418.9927190572271,0.0,0.20065314947671148
67.9641534454839,36506.12304547667,598.7237830443198,240.68347601086072,464.2438574870857,0.006719516083471062,311.00552337650083,1.9251226683826754,0.692,1.3569699349930187,0.6069641848883501,2.1991667011914553e-05,399.8356355824096,419.08275156835725,0.0,0.1983242374625894
68.11418468929291,36416.25399544473,599.2783640222514,240.43470466450773,470.1386471596266,0.006811878693743451,310.8447535831497,1.927902456497297,0.692,1.3569699349930187,0.6164475774214899,2.1476766058068538e-05,399.8818371115306,419.1646257340435,0.0,0.19598875806172125
68.26421593310192,36326.30278948831,599.8189339659029,240.18569889426928,476.12017535470545,0.006905697435731039,310.6837489808216,1.930641483288299,0.692,1.3569699349930187,0.626065735364504,2.0966624383732314e-05,399.9206148049342,419.23820661025314,0.0,0.1936470900051321
68.41424717691095,36236.271544636445,600.3452937572832,239.93646454132445,482.18973396904875,0.00700099570477303,310.5225129840614,1.9333390290709709,0.692,1.3569699349930187,0.6358198465597602,2.046137383512037e-05,399.95184818249743,419.30335844015747,0.0,0.19129962236541403
68.56427842071996,36146.162407917174,600.8572425482772,239.68700753054412,488.3486311392082,0.007097797226276001,310.3610490681716,1.9359943664074204,0.692,1.3569699349930187,0.6457110769165081,1.996114447268775e-05,399.97541608537426,419.3599446960014,0.0,0.18894675453997067
68.71430966452897,36055.97755657236,601.3545777856158,239.43733387109887,494.59819129293857,0.007196126057848896,310.19936076978945,1.938606760159972,0.692,1.3569699349930187,0.6557405687345944,1.946606440410936e-05,399.9911967114159,419.4078281187345,0.0,0.18658889621977848
68.864340908338,35965.71919839304,601.8370952526407,239.18744965740072,500.93975518470035,0.00729600659119329,310.03745168768296,1.9411754675977109,0.692,1.3569699349930187,0.6659094389946181,1.8976259613564674e-05,399.9990676606602,419.4468707688875,0.0,0.18422646733346154
69.014372152147,35875.389571963766,602.3045891170054,238.93736106979307,507.37467992924627,0.007397463553967136,309.8753254833862,1.9436997385237043,0.692,1.3569699349930187,0.6762187776132459,1.849185378877033e-05,399.99890598454533,419.47693408165406,0.0,0.1818598979706954
69.16440339595601,35784.99094680118,602.756851954067,238.68707437494797,513.9043390345673,0.007500522011641775,309.71298588164683,1.9461788153255009,0.692,1.3569699349930187,0.686669645597725,1.801296815667982e-05,399.9905882226377,419.4978789080128,0.0,0.17948962833656393
69.31443463976504,35694.52562368627,603.1936747974438,238.43659592679944,520.5301224124298,0.007605207369007916,309.55043667122374,1.9486119331115697,0.692,1.3569699349930187,0.6972630731812295,1.7539721308913307e-05,399.97399045520325,419.509565573543,0.0,0.17711610864326044
69.46446588357405,35603.99593490121,603.6148471978778,238.18593216721317,527.2534363863422,0.007711545371641688,309.38768170551555,1.950998319876279,0.692,1.3569699349930187,0.7080000579291813,1.7072229024588436e-05,399.94898836078664,419.5118539428863,0.0,0.17473979897151365
69.61449712738306,35513.40424436489,604.0201572576309,237.93508962637517,534.0757036975981,0.007819562107340614,309.22472490300885,1.953337196587651,0.692,1.3569699349930187,0.718881562741461,1.661060410744188e-05,399.9154572612233,419.5046034701555,0.0,0.17236116918548788
69.76452837119209,35422.75294788968,604.4093916818024,237.68407492351713,540.9983634925778,0.007929284007262352,309.0615702479473,1.9556277773289954,0.692,1.3569699349930187,0.7299085138200366,1.615495621547361e-05,399.87327217684526,419.48767326072857,0.0,0.16998069879089905
69.9145596150011,35332.04447342642,604.7823358465968,237.43289476760796,548.0228713003379,0.008040737846907235,308.89822179098053,1.9578692694962472,0.692,1.3569699349930187,0.7410817986190235,1.5705391684805368e-05,399.8223078915653,419.4609221441206,0.0,0.16759887673873952
70.0645908588101,35241.28128121204,605.138773856004,237.18155595777714,555.1506990068148,0.008153950747043733,308.7346836496407,1.9600608739597576,0.692,1.3569699349930187,0.7524022637197277,1.526201336370676e-05,399.76243901230225,419.4242087405445,0.0,0.165216201254463
70.21462210261913,35150.46586393237,605.4784885877383,236.93006538377918,562.3833348168876,0.008268950174437042,308.570960008848,1.962201785191895,0.692,1.3569699349930187,0.763870712617384,1.482492045597322e-05,399.69354002347495,419.3773915219382,0.0,0.16283317968973413
70.36465334642814,35059.60074696894,605.8012617692859,236.6784300266912,569.7222831980965,0.00838576394228032,308.4070551215686,1.9642911914920034,0.692,1.3569699349930187,0.775487903512387,1.4394208351640194e-05,399.61548535869997,419.32032889225,0.0,0.16045032827536304
70.51468459023715,34968.688488547064,606.106874061875,236.4266569593371,577.169064819873,0.00850442021054709,308.2429733092978,1.9663282752392024,0.692,1.3569699349930187,0.7872545470767114,1.3969968456876301e-05,399.52814947729837,419.2528792731457,0.0,0.1580681718309725
70.66471583404618,34877.73167982735,606.3951051011547,236.1747533465551,584.7252164850319,0.008624947486212215,308.07871896244154,1.9683122130064477,0.692,1.3569699349930187,0.7991713040585469,1.3552288056970002e-05,399.4314069181488,419.1749011643424,0.0,0.15568724362054898
70.81474707785519,34786.73294513306,606.6657335844507,235.92272644584153,592.3922910371161,0.008747374623078128,307.9142965409453,1.9702421758249815,0.692,1.3569699349930187,0.8112387829302758,1.3141250156499807e-05,399.32513237973996,419.08625323326356,0.0,0.15330808504260454
70.9647783216642,34695.69494207175,606.9185373693917,235.67058360770181,600.1718572627086,0.008871730821508878,307.74971057473323,1.9721173294881427,0.692,1.3569699349930187,0.8234575375254892,1.2736933317372097e-05,399.2092008068451,418.98679441215427,0.0,0.15093124525825408
71.11480956547322,34604.62036160451,607.1532935310051,235.41833227585656,608.0654997843645,0.008998045628001616,307.58496566405444,1.973936834722086,0.692,1.3569699349930187,0.8358280645171873,1.233941153172823e-05,399.0834874554423,418.87638397082674,0.0,0.14855728097204698
71.26484080928223,34513.5119281987,607.369778446108,235.16597998767847,616.0748189320283,0.009126348934399566,307.42006647998096,1.9756998474452532,0.692,1.3569699349930187,0.8483508009009136,1.194875408555668e-05,398.94786797329095,418.75488160692885,0.0,0.14618675611184362
71.41487205309124,34422.372399939595,607.567767903533,234.91353437451593,624.2014306027813,0.009256670976901695,307.255017764833,1.9774055191136164,0.692,1.3569699349930187,0.8610261215018333,1.1565025412935098e-05,398.8022184950532,418.62214755253,0.0,0.14382024139471666
71.56490329690027,34331.20456857336,607.747037194184,234.66100316182627,632.4469661112258,0.009389042334904372,307.08982433248065,1.9790529970025552,0.692,1.3569699349930187,0.8738543363856801,1.1188284971212472e-05,398.6464157270599,418.47804266912226,0.0,0.141458313956334
71.71493454070928,34240.011259579405,607.9073611834149,234.40839416939005,640.8130720214418,0.009523493929527931,306.92449106870004,1.9806414244321244,0.692,1.3569699349930187,0.886835688163112,1.0818587138877824e-05,398.4803370232858,418.3224285327575,0.0,0.1391015570618801
71.86496578451829,34148.79533226683,608.048514430012,234.15571531159247,649.3014099601141,0.00966005702181914,306.7590229315737,1.98216994114512,0.692,1.3569699349930187,0.8999703493733924,1.0455981093793989e-05,398.30386048718196,418.155167548161,0.0,0.13675055963089858
72.01499702832731,34057.55967977153,608.1702713146389,233.90297459742945,657.9136564217464,0.009798763210802895,306.59342495171177,1.9836376837188379,0.692,1.3569699349930187,0.9132584198677168,1.0100510691451321e-05,398.1168650789775,417.9761230690091,0.0,0.13440591568341662
72.16502827213633,33966.307229071375,608.2724061016834,233.65018013056357,666.6515025549055,0.009939644431203591,306.42770223250596,1.9850437857610825,0.692,1.3569699349930187,0.9266999239490052,9.75221439981425e-06,397.9192306876615,417.78515947860944,0.0,0.13206822408023267
72.31505951594534,33875.040941040774,608.3546930713991,233.39734010948922,675.5166539266237,0.01008273295078708,306.2618599504564,1.986387378336342,0.692,1.3569699349930187,0.9402948076687389,9.411125203302873e-06,397.7108382415718,417.58214231384375,0.0,0.12973808799129058
72.46509075975435,33783.76381039639,608.4169066660652,233.14446282739618,684.5108302786099,0.010228061367541065,306.09590335530027,1.987667590440916,0.692,1.3569699349930187,0.954042936148721,9.077270503853191e-06,397.4915698267819,417.3669383978887,0.0,0.1274161142530839
72.61512200356337,33692.478865665405,608.458821574004,232.89155667209542,693.6357652624888,0.01037566260648565,305.9298377701817,1.9888835492767,0.692,1.3569699349930187,0.9679440906735024,8.750672074352663e-06,397.26130877245737,417.13941593590357,0.0,0.12510291299596374
72.76515324737238,33601.18916917325,608.4802128533128,232.63863012599882,702.8932061534609,0.010525569916101433,305.763668591857,1.9900343806560332,0.692,1.3569699349930187,0.9819979658643588,8.43134600495315e-06,397.0199397581409,416.8994446352925,0.0,0.12279909714379919
72.91518449118139,33509.89781695388,608.4808560910714,232.38569176588427,712.2849135515879,0.010677816864521399,305.59740129075936,1.9911192095253938,0.692,1.3569699349930187,0.9962041669502946,8.119302636696858e-06,396.7673489403747,416.6468958476685,0.0,0.12050528172768968
73.06521573499042,33418.60793864028,608.4605275317076,232.1327502626058,721.8126610647457,0.0108324373353881,305.4310414110261,1.9921371603906075,0.692,1.3569699349930187,1.0105622069217506,7.814546522976167e-06,396.5034240629349,416.38164269245374,0.0,0.11822208329544458
73.21524697879943,33327.32269739936,608.419004179772,231.8798143809266,731.4782349659574,0.010989465523255013,305.26459457060713,1.9930873576596377,0.692,1.3569699349930187,1.0250715035671099,7.517076426572123e-06,396.2280545536349,416.1035601654104,0.0,0.11595011949057568
73.36527822260844,33236.045289803355,608.3560639678665,231.62689297917598,741.2834338355888,0.011148935928699246,305.09806646125674,1.9939689262013705,0.692,1.3569699349930187,1.0397313767129106,7.226885293760535e-06,395.94113165637316,415.81252528669916,0.0,0.11369000836504903
73.51530946641746,33144.77894561366,608.2714859343973,231.37399500866346,751.230068191115,0.01131088335318746,304.93146284836456,1.9947809919400703,0.692,1.3569699349930187,1.0545410455059134,6.943960225923758e-06,395.64254856839455,415.5084172548111,0.0,0.11144236755290715
73.66534071022647,33053.52692768548,608.1650503088488,231.12112951342755,761.3199600814567,0.011475342893318063,304.7647895710059,1.995522682147489,0.692,1.3569699349930187,1.0694996253502032,6.668282524231946e-06,395.332200528016,415.19111754493275,0.0,0.10920781390510838
73.81537195403548,32962.29253176894,608.0365386935139,230.86830562969755,771.554942669281,0.011642349934816911,304.59805254180236,1.9961931260544363,0.692,1.3569699349930187,1.0846061251809411,6.399827703191448e-06,395.00998495419753,414.86051006546126,0.0,0.10698696278375829
73.96540319784451,32871.07908621125,607.8857342605214,230.61553258508067,781.9368598011812,0.011811940146283258,304.43125774659916,1.9967914555164046,0.692,1.3569699349930187,1.099859444819247,6.1385654962339575e-06,394.67580159402837,414.5164813234254,0.0,0.10478042716443553
74.11543444165352,32779.88995178633,607.7124218643861,230.36281969810253,792.4675655398893,0.01198414947226125,304.26441124437474,1.9973168054028254,0.692,1.3569699349930187,1.1152583720134417,5.884459922364238e-06,394.329552624817,414.1589205389772,0.0,0.10258881712185917
74.26546568546253,32688.728521446512,607.5163882075294,230.11017637753093,803.1489236806035,0.012159014125993678,304.0975191670051,1.9977683141633653,0.692,1.3569699349930187,1.1308015796865336,5.637469352647903e-06,393.9711427843698,413.78771979150775,0.0,0.10041273921508317
74.41549692927155,32597.598219956868,607.2974220501583,229.85761212137496,813.9828072563921,0.012336570581936887,303.930587718812,1.9981451245440711,0.692,1.3569699349930187,1.1464876233893335,5.397546559509642e-06,393.6004795245753,413.40277419192614,0.0,0.09825279560405302
74.56552817308057,32506.50250358376,607.0553143773147,229.60513651603318,824.9710980125876,0.012516855567705635,303.76362317620715,1.9984463841648814,0.692,1.3569699349930187,1.162314938617002,5.164638792459677e-06,393.21747314162195,413.0039820287284,0.0,0.09610958326432531
74.71555941688958,32415.444859839936,606.7898585323641,229.352759235599,836.1156858485849,0.01269990605541748,303.5966318874384,1.9986712459884526,0.692,1.3569699349930187,1.1782818380126423,4.938687899030327e-06,392.8220368878175,412.5912448934234,0.0,0.09398369349841366
74.8655906606986,32324.42880704923,606.5008504337768,229.10049004066528,847.4184682553481,0.012885759252898052,303.42962027200167,1.9988188690678739,0.692,1.3569699349930187,1.1943865089544206,4.719630423499593e-06,392.4140871272575,412.1644678551726,0.0,0.09187571113936437
75.01562190450761,32233.45789385589,606.1880888000209,228.84833877697545,858.8813497343326,0.013074452594510967,303.2625948199486,1.9988884193249203,0.692,1.3569699349930187,1.2106270112422841,4.507397694049628e-06,391.99354349498657,411.72355963936116,0.0,0.08978621350578563
75.16565314831662,32142.535699195505,605.8514459018741,228.63082691976922,870.5060528936599,0.013264018372211866,303.11844063486177,1.998728433126529,0.692,1.3569699349930187,1.2268160807571324,4.301924172051841e-06,391.594878542432,411.3029868808003,0.0,0.08771585342218505
75.31568439212565,32051.66576629516,605.491442072587,228.54086773884492,882.2888802362501,0.01344884661128517,303.0588008875772,1.9979338672866995,0.692,1.3569699349930187,1.2424333679015884,4.103205829715839e-06,391.31130671103233,410.9960004432145,0.0,0.08566597639210975
75.46571563593466,31960.85157466104,605.1084771818569,228.4509611838039,894.2288912353217,0.013636214186940214,302.9991843007128,1.9970630567154084,0.692,1.3569699349930187,1.2581497518872669,3.911209079086694e-06,391.01556520632505,410.67536622476166,0.0,0.08363772935656325
75.61574687974367,31870.096571288293,604.7023876023402,228.36111067193357,906.3276831220152,0.01382614812794861,302.93959315459676,1.9961154014415912,0.692,1.3569699349930187,1.2739624283372009,3.7258291961197522e-06,390.7075930104538,410.34101541510154,0.0,0.08163157736327444
75.76577812355269,31779.404239142877,604.2729935468832,228.27131965652023,918.5868488203082,0.014018675422629906,302.8800297552286,1.9950902475650978,0.692,1.3569699349930187,1.2898683853373927,3.546955841886053e-06,390.38732212457825,409.99287137430827,0.0,0.07964795113926076
75.9158093673617,31688.77808533197,603.8201714843664,228.18159161514103,931.0079776834859,0.014213823030136439,302.8204964265329,1.993987126399348,0.692,1.3569699349930187,1.3058647115397304,3.374480654933621e-06,390.05471645009374,409.6308932176196,0.0,0.07768732881917265
76.06584061117071,31598.221634596957,603.3437906890333,228.091930043224,943.592655591286,0.014411617881714175,302.76099550610104,1.9928055451147937,0.692,1.3569699349930187,1.3219483325219124,3.208290424218396e-06,389.7097377074577,409.2550376134238,0.0,0.07575016011797456
76.21587185497974,31507.73843107405,602.8437250114473,228.00233845579294,956.3424639231205,0.014612086864291076,302.7015293463603,1.991545025600631,0.692,1.3569699349930187,1.3381160581647724,3.0482686385953126e-06,389.35235178062305,408.8652658947484,0.0,0.07383687991015024
76.36590309878875,31417.332037426742,602.3198530826324,227.91282038661046,969.2589788635397,0.014815256809253665,302.6421003140169,1.9902051051643985,0.692,1.3569699349930187,1.3543645825744113,2.894295718659737e-06,388.9825288421407,408.461544199596,0.0,0.07194790768314989
76.51593434259776,31327.006034017617,601.7720585177168,227.82337938735975,982.3437706864112,0.015021154480862227,302.58271078952384,1.988785337230681,0.692,1.3569699349930187,1.3706904841405725,2.7462492161194074e-06,388.6002434761316,408.04384360888616,0.0,0.07008364653908103
76.66596558640678,31236.76401847829,601.2002300125486,227.73401902722026,995.5984029642088,0.0152298065634599,302.5233631668097,1.9872852916852246,0.692,1.3569699349930187,1.3870902251685306,2.6040040741834366e-06,388.205474742507,407.6121402184943,0.0,0.06824448289186458
76.8159968302158,31146.609604724326,600.6042615481127,227.6447428918938,1009.0244318397173,0.015441239649635192,302.4640598526415,1.985704555578349,0.692,1.3569699349930187,1.4035601522473482,2.4674328854991832e-06,387.79820629635105,407.16641527318905,0.0,0.06643078614969151
76.9660280740248,31056.54642200529,599.98405259809,227.5555545826652,1022.6234052783788,0.015655480228052323,302.4048032660096,1.9840427338395006,0.692,1.3569699349930187,1.4200964967908543,2.336406106139298e-06,387.3784265068149,406.7066553000186,0.0,0.064642907811833
77.11605931783383,30966.578114365017,599.3395082454441,227.4664577158689,1036.3968622432042,0.015872554670033175,302.34559583778184,1.9822994496900463,0.692,1.3569699349930187,1.4366953752243194,2.2107923033224707e-06,386.94612852568605,406.2328521852375,0.0,0.06288118097592621
77.26609056164284,30876.708339716748,598.6705393524517,227.37745592197408,1050.3463319105686,0.016092489216753526,302.28644001010304,1.9804743452350786,0.692,1.3569699349930187,1.4533527896544678,2.090458428149564e-06,386.5013103818824,405.7450032803382,0.0,0.061145920221413484
77.41612180545185,30786.940768764063,597.9770627659154,227.28855284451691,1064.473332896139,0.016315309966570407,302.22733823569195,1.9785670821730332,0.692,1.3569699349930187,1.4700646289160004,1.9752700517357238e-06,386.0439750921038,405.2431115262138,0.0,0.059437421025909945
77.56615304926088,30697.2790842133,597.2590014737607,227.19975213932113,1078.7793724220091,0.016541042861393393,302.1682929773292,1.9765773423440272,0.692,1.3569699349930187,1.4868266694994852,1.86509159017481e-06,385.5741307433896,404.7271855457941,0.0,0.05775595901781064
77.71618429306989,30607.726980026193,596.5162847287243,227.11105747375842,1093.2659454616646,0.016769713672675737,302.10930670737076,1.9745048281697661,0.692,1.3569699349930187,1.5036345764766035,1.7597865742407313e-06,385.09179055577005,404.19723971436315,0.0,0.05610178993183687
77.8662155368789,30518.288160216147,595.748848245107,227.02247252555642,1107.9345339444585,0.017001347988314666,302.0503819069593,1.9723492633378485,0.692,1.3569699349930187,1.520483905069459,1.6592179064216586e-06,384.5969729806477,403.65329426998255,0.0,0.05447514948343588
78.01624678068792,30428.96633777499,594.956634388462,226.934000981736,1122.7866059288228,0.017235971199029313,301.99152106532097,1.9701103934629096,0.692,1.3569699349930187,1.5373701023570794,1.5632480657301745e-06,384.08970179272944,403.0953754166695,0.0,0.05287625247970874
78.16627802449693,30339.765234097915,594.139592265209,226.84564653804145,1137.823614680127,0.01747360848320218,301.9327266793888,1.967787986414947,0.692,1.3569699349930187,1.5542885085443832,1.4717393569957476e-06,383.57000612673517,402.5235153656145,0.0,0.05130529269346955
78.31630926830594,30250.688577644305,593.2976779116206,226.75741289761385,1153.0469978628398,0.017714284793495457,301.8740012529219,1.965381832980484,0.692,1.3569699349930187,1.5712343591053652,1.384554173690946e-06,383.03792056313125,401.9377524314431,0.0,0.04976244312347921
78.46634051211497,30161.74010273367,592.4308544779436,226.66930376979806,1168.4581767027519,0.01795802484296566,301.81534729571206,1.9628917475077663,0.692,1.3569699349930187,1.5882027870854576,1.3015551964233683e-06,382.49348520835656,401.33813112228756,0.0,0.0482478552869428
78.61637175592398,30072.9235488623,591.5390923308811,226.58132286946497,1184.058555049743,0.018204853089575364,301.7567673231326,1.960317568279881,0.692,1.3569699349930187,1.6051888250516875,1.222605607103847e-06,381.9367457295252,400.72470217877014,0.0,0.04676165885847724
78.76640299973299,29984.242659481934,590.6223692024129,226.49347391580105,1199.8495185223958,0.018454793721968375,301.6982638553314,1.95765915804416,0.692,1.3569699349930187,1.6221874076144152,1.1475693376589443e-06,381.3677534100502,400.097522636498,0.0,0.045303962117812596
78.91643424354201,29895.701180639324,589.6806703634462,226.40576063095952,1215.832433671802,0.018707870645519684,301.639839416331,1.9549164046250336,0.692,1.3569699349930187,1.6391933743361493,1.0763112725669314e-06,380.7865652149908,399.4566558994778,0.0,0.04387485175253726
79.06646548735102,29807.302860021646,588.7139887525663,226.31818673911354,1232.008647067073,0.0189641074671169,301.58149653339456,1.9520892213868868,0.692,1.3569699349930187,1.6562014725140695,1.008697423060327e-06,380.19324382999105,398.80217178387784,0.0,0.042474392238297416
79.21649673116003,29719.051446004367,587.7223250769246,226.23075596551146,1248.3794843716478,0.01922352747976515,301.5232377363933,1.9491775476049407,0.692,1.3569699349930187,1.6732063600123248,9.445951426221464e-07,379.5878576824946,398.1341465419215,0.0,0.04110262621707108
79.36652797496906,29630.95068613847,586.7056879702412,226.1434720349766,1264.9462495175517,0.01948615364871423,301.4650655568016,1.9461813490283004,0.692,1.3569699349930187,1.6902026087702668,8.838733331837214e-07,378.9704809890592,397.4526629151066,0.0,0.03975957498225221
79.51655921877807,29543.00432588904,585.6640941366003,226.05633867065558,1281.7102238325201,0.019752008596811373,301.40698252685706,1.9431006183953097,0.692,1.3569699349930187,1.7071847083978544,8.264025845825125e-07,378.341193792072,396.7578101755114,0.0,0.038445237754902176
79.66659046258708,29455.21610793547,584.5975684176906,225.9693595933229,1298.6726650559672,0.020021114588061894,301.34899117909043,1.9399353756929179,0.692,1.3569699349930187,1.7241470693992498,7.720553450392206e-07,377.7000819538292,396.04968411924256,0.0,0.037159591803582755
79.8166217063961,29367.589770513623,583.5061439335358,225.88253851973633,1315.8348065340622,0.020293493514000966,301.29109404522103,1.9366856686641951,0.692,1.3569699349930187,1.7410840272831618,7.207061165186562e-07,377.0472371846744,395.3283870981752,0.0,0.03590259347381823
79.96665295020512,29280.129046027796,582.3898622092156,225.79587916125908,1333.197856366902,0.02056916687927957,301.2332936552294,1.9333515732685858,0.692,1.3569699349930187,1.7579898467540445,6.722315727930976e-07,376.382757060627,394.5940280398806,0.0,0.03467417771489267
80.11668419401413,29192.83766026301,581.2487732442635,225.70938522307648,1350.7629964369787,0.020848155785338118,301.17559253682487,1.9299331939496192,0.692,1.3569699349930187,1.7748587256191186,6.26510681604866e-07,375.70674500851794,393.8467224310575,0.0,0.033474257882002034
80.26671543782315,29105.719330909353,580.0829356116845,225.62306040273117,1368.5313815730103,0.021130480916200674,301.11799321445784,1.9264306640040152,0.692,1.3569699349930187,1.7916847992666523,5.834248666750047e-07,375.019310302504,393.08659231380375,0.0,0.032302726880541165
80.41674668163216,29018.777765995877,578.8924165654046,225.536908388568,1386.504138738736,0.021416162524640868,301.06049820826996,1.9228441459793701,0.692,1.3569699349930187,1.8084621454444452,5.428581190936844e-07,374.3205680614259,392.31376628284164,0.0,0.031159457402648135
80.56677792544117,28932.016662838858,577.6772921149038,225.4509328586886,1404.6823661223018,0.021705220416742665,301.0031100333839,1.9191738319608536,0.692,1.3569699349930187,1.8251847889140418,5.046970726195672e-07,373.61063922635657,391.52837946047805,0.0,0.03004430142734833
80.7168091692502,28845.439706928984,576.4376470817604,225.3651374798451,1423.0671322400474,0.021997673936662996,300.94583119915075,1.915419943798135,0.692,1.3569699349930187,1.8418467062125177,4.6883111730203683e-07,372.88965052552817,390.73057345742353,0.0,0.02895709108087864
80.86684041305921,28759.050570188072,575.1735751846821,225.27952590570885,1441.6594751804962,0.022293541953599488,300.8886642079796,1.911582733429638,0.692,1.3569699349930187,1.8584418309786641,4.351525064670181e-07,372.1577344499922,389.92049634571833,0.0,0.027897639784307926
81.01687165686822,28672.85290962341,573.8851791047109,225.194101775533,1460.4604017765032,0.022592842847593313,300.8316115544282,1.907662483139277,0.692,1.3569699349930187,1.8749640592547183,4.035563939734092e-07,371.4150292161785,389.0983026169251,0.0,0.026865741642491003
81.16690290067724,28586.85036654739,572.5725705142896,225.1088687133749,1479.4708866617161,0.022895594493466107,300.7746757246668,1.9036595056906662,0.692,1.3569699349930187,1.8914072545885285,3.7394089570120383e-07,370.6616787073777,388.26415311662845,0.0,0.02586117181474279
81.31693414448625,28501.04656469017,571.2358701359324,225.02383032622137,1498.691871577875,0.023201814248726794,300.71785919520784,1.8995741445642595,0.692,1.3569699349930187,1.9077652538389138,3.4620718060905027e-07,369.89783242613294,387.41821499129605,0.0,0.02488368833757318
81.46696538829526,28415.445108746546,569.8752077790773,224.93899020254386,1518.1242646050098,0.023511518940231808,300.6611644319215,1.89540677412002,0.692,1.3569699349930187,1.9240318729112083,3.2025948459888513e-07,369.1236454328175,386.56066161960297,0.0,0.023933031798961685
81.61699663210428,28330.049583549928,568.4907223585485,224.85435191147516,1537.7689392623406,0.02382472484876333,300.60459388946555,1.8911577996961237,0.692,1.3569699349930187,1.940200912366835,2.9600512584520686e-07,368.3392782725143,385.6916725305674,0.0,0.02300892526604806
81.7670278759133,28244.863552430386,567.0825619164091,224.76991900117685,1557.6267338064172,0.02414144769672973,300.54815001017306,1.886827657722113,0.692,1.3569699349930187,1.956266163471171,2.733545601581985e-07,367.54489689991567,384.81143331956594,0.0,0.0221110760992625
81.91705911972231,28159.890555568956,565.6508836320432,224.68569499720317,1577.698450552185,0.024461702636214975,300.4918352229367,1.882416815792627,0.692,1.3569699349930187,1.9722214143389578,2.5222138918318694e-07,366.7406725954347,383.9201355544981,0.0,0.02123917651749481
82.06709036353132,28075.134108952745,564.1958538202948,224.6016834014598,1597.9848550730699,0.024785504235080906,300.43565194248924,1.8779257726985603,0.692,1.3569699349930187,1.988060455979779,2.3252233583305991e-07,365.9267818731795,383.0179766727563,0.0,0.020392903126086125
82.21712160734035,27990.59770317821,562.7176479249284,224.51788769101216,1618.4866754521477,0.025112866463865704,300.37960256858287,1.8733550584429193,0.692,1.3569699349930187,2.0037770885084427,2.1417725522527106e-07,365.10340638382496,382.10515987249653,0.0,0.019571918198496352
82.36715285114936,27906.284801607766,561.2164505017446,224.43431131625246,1639.2046017112134,0.02544380268550706,300.3236894847378,1.8687052342245052,0.692,1.3569699349930187,2.0193651276301767,1.9710914157840887e-07,364.27073280915806,381.18189399465143,0.0,0.01877587135270161
82.51718409495837,27822.198839083194,559.6924551803244,224.35095769961825,1660.139285132798,0.02577832564334354,300.26791505735946,1.8639768923476479,0.692,1.3569699349930187,2.0348184109418326,1.8124407488444447e-07,363.4289527441619,380.2483933909096,0.0,0.01800439890310699
82.66721533876739,27738.343221130483,558.1458646427691,224.26783023479814,1681.2913374802274,0.026116447447471637,300.2122816351793,1.8591706561859884,0.692,1.3569699349930187,2.050130804324596,1.66511190120981e-07,362.5782625858518,379.30487779920384,0.0,0.017257124412615635
82.8172465825764,27654.721321983594,556.576890574216,224.1849322847664,1702.6613305364535,0.026458179566183695,300.1567915479125,1.854287180056602,0.692,1.3569699349930187,2.0652962086249738,1.528426745922709e-07,361.71886340476465,378.3515721998966,0.0,0.016533661124615146
82.96727782638541,27571.33648322306,554.9857535881101,224.1022671804268,1724.2497955223791,0.026803532815471844,300.10144710532074,1.849327149006841,0.692,1.3569699349930187,2.0803085660646556,1.4017370082999156e-07,360.8509608026926,377.38870665647295,0.0,0.015833611600311902
83.11730907019444,27488.19201299767,553.3726831821413,224.01983821983436,1746.0572223906859,0.027152517346529344,300.0462505966618,1.8442912787002772,0.692,1.3569699349930187,2.095161866782616,1.284423641906965e-07,359.97476478443764,376.4165161718797,0.0,0.015156567677762309
83.26734031400345,27405.291184345235,551.7379176644957,223.9376486665237,1768.0840593793964,0.0275051426373969,299.9912042895395,1.8391803152067765,0.692,1.3569699349930187,2.10985015553461,1.1758965592555723e-07,359.09048961232713,375.43524052564896,0.0,0.014502112753947074
83.41737155781246,27322.637233631078,550.081704048305,223.85570174795396,1790.3307125726756,0.027861417484720312,299.93631042883067,1.8339950346853027,0.692,1.3569699349930187,2.1243675381897,1.0755939928645215e-07,358.1983536438539,374.4451240920912,0.0,0.01386982245125718
83.56740280162148,27240.23335963459,548.4042979619543,223.77400065459585,1812.7975453220383,0.028221349993267586,299.88157123604157,1.8287362431161085,0.692,1.3569699349930187,2.1387081881920613,9.829816323960466e-08,357.29857917660263,373.446415666578,0.0,0.013259264039988615
83.7174340454305,27158.082722371404,546.7059635693469,223.69254853875674,1835.4848777675045,0.028584947567039453,299.82698890848735,1.8234047760664116,0.692,1.3569699349930187,2.15286635323793,8.975520748882436e-08,356.3913922966333,372.4393682957324,0.0,0.012669997968755889
83.8674652892395,27076.188441318125,544.9869734366724,223.61134851281278,1858.3929865604994,0.02895221690361023,299.7725656180738,1.818001498279248,0.692,1.3569699349930187,2.1668363617776216,8.188242599889032e-08,355.4770226992834,371.42423907677266,0.0,0.012101579782580477
84.01749653304853,26994.553594346715,543.2476083824431,223.53040364814487,1881.5221044322898,0.029323163985993463,299.71830351054945,1.8125273032026286,0.692,1.3569699349930187,2.180612629165916,7.463424737911548e-08,354.5557035020971,370.4012889479476,0.0,0.011553559266509169
84.16752777685754,26913.18121699358,541.4881574016075,223.449716974406,1904.8724197004656,0.029697794073510746,299.6642047049786,1.806983112763522,0.692,1.3569699349930187,2.1941896642967245,6.796755694063473e-08,353.6276710934799,369.3707825189757,0.0,0.011025481058965962
84.31755902066655,26832.07430057025,539.7089174985156,223.36929147764005,1928.4440761425938,0.030076111698550165,299.6102712924448,1.8013698768414863,0.692,1.3569699349930187,2.207562075910336,6.184164148058824e-08,352.69316493572245,368.3329878504767,0.0,0.010516887347905124
84.46759026447558,26751.235791063442,537.9101934981411,223.28913009918298,1952.2371726921094,0.030458120660478545,299.55650533527626,1.795688572665412,0.692,1.3569699349930187,2.2207245784322307,5.6218088984136316e-08,351.75242735859985,367.2881762227408,0.0,0.010027317280635719
84.61762150828459,26670.6685884972,536.0922979387545,223.20923573502222,1976.2517630354382,0.030843824017969597,299.5029088665794,1.7899402044791808,0.692,1.3569699349930187,2.233671998284172,5.106069683178193e-08,350.8057033927224,366.23662194900453,0.0,0.0095563068494655
84.7676527520936,26590.37554536894,534.2555509001181,223.12961123423747,2000.487855521765,0.03123322408635547,299.4494838891544,1.784125802994807,0.692,1.3569699349930187,2.2463992799561097,4.633540769693831e-08,349.8532405712483,365.17860215337106,0.0,0.009103391323780727
84.91768399590262,26510.359465347745,532.4002797847716,223.05025939770147,2024.9454130456759,0.031626322434552455,299.39623237458505,1.778246424686691,0.692,1.3569699349930187,2.2589014915384933,4.2010221210128014e-08,348.8952887102972,364.11439652482625,0.0,0.008668105766091273
85.06771523971163,26430.623102615096,530.5268191455976,222.97118297741758,2049.624352779193,0.03202311987957412,299.34315626275475,1.7723031512366247,0.692,1.3569699349930187,2.2711738303398907,3.805509439811316e-08,347.9320997130245,363.0442870976972,0.0,0.00824998424984349
85.21774648352064,26351.169160819038,528.6355105359528,222.89238467547432,2074.524546061832,0.03242361648359094,299.29025746110494,1.7662970890546046,0.692,1.3569699349930187,2.2832116287591586,3.4441867077355614e-08,346.9639273848073,361.9685580446158,0.0,0.007848561411901924
85.36777772732967,26272.00029154669,526.7267022670909,222.81386714252147,2099.6458184909775,0.03282781155422349,299.23753784357217,1.7602293684906596,0.692,1.3569699349930187,2.2950103594506466,3.114418765945395e-08,345.99102720540145,360.8874954213044,0.0,0.007463374277773617
85.51780897113868,26193.1190936287,524.8007491602236,222.73563297707176,2124.987949802632,0.03323570364147781,299.1849992500779,1.7541011430240916,0.692,1.3569699349930187,2.3065656400238477,2.8137413345454018e-08,345.0136561013057,359.801386911496,0.0,0.007093961103798257
85.66784021494769,26114.528112551114,522.8580124222032,222.65768472490853,2150.550673758569,0.03364729053479355,299.13264348609,1.7479135888641877,0.692,1.3569699349930187,2.3178732386615573,2.539852899164226e-08,344.0320722777169,358.7105216386384,0.0,0.006739861929033182
85.81787145875671,26036.22983883541,520.8988593739315,222.58002487747035,2176.33367841498,0.03406256926624808,299.0804723214957,1.7416679040615959,0.692,1.3569699349930187,2.3289290787052295,2.2906081894095202e-08,343.04653498229317,357.61518990128275,0.0,0.006400621149006078
85.96790270256572,25958.22670734889,518.9236631682423,222.50265587115786,2202.336606145739,0.03448153610982882,299.02848749009434,1.7353653075793734,0.692,1.3569699349930187,2.339729242648462,2.0640090101091027e-08,342.05730426759726,356.51568290688294,0.0,0.006075786604549287
86.11793394637473,25880.521096888133,516.9328026313723,222.42558008691168,2228.5590536178465,0.034904186579949724,298.9766906892709,1.729007038774889,0.692,1.3569699349930187,2.350269976973725,1.858196027305627e-08,341.0646408134155,355.4122925726764,0.0,0.005764909331766474
86.26796519018376,25803.115328880758,514.9266620100092,222.3487998489157,2255.0005721098114,0.03533051543551078,298.92508357908264,1.7225943565682131,0.692,1.3569699349930187,2.360547696315887,1.67144244726482e-08,340.0688057067316,354.3053112792069,0.0,0.005467545819306474
86.41799643399277,25726.01166649603,512.9056306651374,222.27231742370574,2281.6606677503523,0.03576051668269686,298.87366778161646,1.7161285384295268,0.692,1.3569699349930187,2.370558986806065,1.502146370988415e-08,339.0700602007104,353.1950316002676,0.0,0.005183258208150894
86.56802767780178,25649.212314334658,510.8701028392919,222.19613501985268,2308.5388016072316,0.03619418357537981,298.822444880733,1.7096108796084315,0.692,1.3569699349930187,2.3803006096716497,1.3488227986243735e-08,338.06866551110176,352.08174607472245,0.0,0.004911613299613689
86.7180589216108,25572.71941761777,508.82047745391503,222.1202547871489,2335.6343899949998,0.036631508619071024,298.77141642147643,1.7030426924646722,0.692,1.3569699349930187,2.3897695051156687,1.2100973722417429e-08,337.06488262864104,350.9657469963168,0.0,0.0046521839278108905
86.86809016541982,25496.535061063892,506.7571577870068,222.04467881548499,2362.94680494952,0.037072483577591187,298.7205839092754,1.6964253053981522,0.692,1.3569699349930187,2.3989627950006027,1.0847002467970353e-08,336.0589720799562,349.84732614580594,0.0,0.004404550433203724
87.01812140922883,25420.66126866673,504.68055116184064,221.96940913462024,2390.475374437009,0.03751709947548068,298.66994880974505,1.689760061810992,0.692,1.3569699349930187,2.407877785059482,9.714587055177389e-09,335.05119369844556,348.72677453415156,0.0,0.004168299246688353
87.16815265303785,25345.10000331247,502.5910687905302,221.89444771379377,2418.2193826638522,0.037965346602058705,298.6195125483819,1.6830483195872912,0.692,1.3569699349930187,2.4165119684105094,8.692911364099961e-09,334.0418064682333,347.604382227653,0.0,0.003943023299647243
87.31818389684686,25269.853165583474,500.48912543259036,221.81979646052852,2446.1780707365488,0.038417214521165706,298.5692765097152,1.67629144995535,0.692,1.3569699349930187,2.424863027407035,7.772019811575944e-09,333.0310682876226,346.48043808293824,0.0,0.0037283241770111578
87.46821514065587,25194.922593573872,498.37513906016295,221.74545722043925,2474.3506370076875,0.03887269207586356,298.51924203713406,1.6694908363668162,0.692,1.3569699349930187,2.432928834902704,6.942753770523371e-09,332.0192357411975,345.3552294915278,0.0,0.0035238109367560356
87.6182463844649,25120.310062745913,496.2495306711559,221.6714317770808,2502.7362374490954,0.03933176739359964,298.46941043274154,1.6626478738697514,0.692,1.3569699349930187,2.440707456682619,6.1966957871795176e-09,331.0065639418848,344.22904220281504,0.0,0.003329099730735086
87.7682776282739,25046.01728501667,494.11272398899024,221.59772185103296,2531.3339863654564,0.03979442789690484,298.4197829566951,1.6557639681035923,0.692,1.3569699349930187,2.4481971528548496,5.526125070174273e-09,329.9933063256773,343.1021600940746,0.0,0.003143815657488355
87.91830887208292,24972.04590837812,491.9651451131924,221.5243290995144,2560.142956962793,0.04026066031177809,298.3703608269028,1.648840534125982,0.692,1.3569699349930187,2.4553963782842705,4.923966961868161e-09,328.97971442996595,341.97486492203404,0.0,0.002967592622857783
88.06834011589194,24898.397516981087,489.80722226140153,221.45125511645702,2589.16218178326,0.04073045067393697,298.3211452190301,1.6418789955428088,0.692,1.3569699349930187,2.4623037834755297,4.3837424817389825e-09,327.9660377173058,340.84743612531736,0.0,0.002800072231498159
88.21837135970095,24825.073630631414,487.63938554224825,221.37850143199697,2618.390653413968,0.041203784339532826,298.2721372661137,1.6348807837427473,0.692,1.3569699349930187,2.4689182157411076,3.899528298299872e-09,326.95252341622614,339.7201506460655,0.0,0.0026409048599788493
88.36840260350996,24752.075704173752,485.4620665993331,221.30606951185442,2647.827325295795,0.041680645997520596,298.22333805810075,1.6278473366988937,0.692,1.3569699349930187,2.4752387188566725,3.4659179724116854e-09,325.9394163103436,338.5932826936209,0.0,0.002489750668723931
88.51843384731899,24679.405127775946,483.27569828407235,221.23396075760684,2677.471112221626,0.04216101967703221,298.17474864198977,1.6207800978624392,0.692,1.3569699349930187,2.48126453236183,3.077978158024847e-09,324.92695854630415,337.4671035292093,0.0,0.002346278086632974
88.668465091128,24607.06322678543,481.0807144899138,221.16217650653763,2707.3208910458234,0.042644888758202035,298.1263700216864,1.6136805155978617,0.692,1.3569699349930187,2.48699509240325,2.7312131160744105e-09,323.9153895155263,336.3418813334,0.0,0.00221016405934185
88.81849633493701,24535.051261053355,478.8775497898062,221.09071803095702,2737.375501663229,0.043132235987396864,298.0782031575032,1.6065500419591883,0.692,1.3569699349930187,2.4924300305155054,2.4215344143529627e-09,322.9049456552237,335.21788098314784,0.0,0.0020810956450806944
88.96852757874603,24463.370425274647,476.6666390994922,221.01958653853052,2767.6337476186636,0.043623043486493034,298.03024896633895,1.5993901315477859,0.692,1.3569699349930187,2.4975691719672,2.145225189049269e-09,321.89586026719326,334.09536384862554,0.0,0.0019587687266367365
89.11855882255504,24392.021849127952,474.4484174903735,220.94878317240952,2798.0943968351658,0.04411729276411001,297.98250832172516,1.5922022408715413,0.692,1.3569699349930187,2.502412535464074,1.898909397380508e-09,320.88836340500177,332.9745876667522,0.0,0.0018428875645794516
89.26859006636406,24321.006596813288,472.2233198848144,220.87830901076393,2828.7561826426777,0.044614964731754005,297.9349820534697,1.584987827310811,0.692,1.3569699349930187,2.5069603316069062,1.679526903587031e-09,319.88268171514386,331.8558063631982,0.0,0.0017331661571436054
89.41862131017308,24250.325667203644,469.99178071518287,220.80816506692432,2859.6178045932966,0.045116039716537645,297.8876709477116,1.5777483479592573,0.692,1.3569699349930187,2.5112129604368354,1.4843063021169749e-09,318.8790382689654,330.73926986396475,0.0,0.0016293278590035886
89.56865255398209,24179.979994307767,467.7542336793343,220.73835228983285,2890.677929177344,0.04562049747232285,297.84057574718497,1.570485258786152,0.692,1.3569699349930187,2.515171009596456,1.3107386809242084e-09,317.87765244070897,329.62522395862595,0.0,0.0015311042980995988
89.7186837977911,24109.9704471026,465.51111152133524,220.66887156386892,2921.9351908517383,0.04612831719596958,297.79369715106117,1.5632000138847681,0.692,1.3569699349930187,2.518835252757256,1.156556759385782e-09,316.87873980000575,328.5139101798408,0.0,0.0014382361257958293
89.86871504160013,24040.2978294535,463.2628456929725,220.59972370876196,2953.3881930764583,0.046639477543756296,297.7470358148508,1.5558940643192334,0.692,1.3569699349930187,2.522206646470806,1.0197148931549325e-09,315.88251195976727,327.4055656328601,0.0,0.0013504736002729722
90.01874628540914,23970.962880861138,461.00986605873015,220.53090948032474,2985.0355090172484,0.04715395664241353,297.7005923508591,1.5485688571133265,0.692,1.3569699349930187,2.525286326876578,8.983674505037236e-10,314.8891764484846,326.3004228522931,0.0,0.00126757516528632
90.16877752921815,23901.966276556006,458.7526007441456,220.46242957053946,3016.8756825712667,0.04767173210543928,297.6543673282062,1.541225834722276,0.692,1.3569699349930187,2.528075607979258,7.908514716611802e-10,313.8989366455707,325.19870972962025,0.0,0.00118930756454678
90.31880877302717,23833.308627366823,456.4914758028964,220.39428460741945,3048.907229538818,0.04819278105182945,297.60836127269545,1.533866433895713,0.692,1.3569699349930187,2.5305759777980517,6.956717462358867e-10,312.91199164656257,324.10064936211046,0.0,0.0011154468987403217
90.46884001683618,23764.990480525743,454.2269149258351,220.32647515580086,3081.1286383972483,0.048717080118376214,297.56257466731074,1.526492084677257,0.692,1.3569699349930187,2.5327890943309095,6.114839782840056e-10,311.92853615191007,323.0064599280644,0.0,0.001045777416067721
90.6188712606452,23697.01232006073,451.95933927965007,220.25900171772466,3113.538371290553,0.049244605475507755,297.5170079524377,1.51910420984034,0.692,1.3569699349930187,2.5347167828800554,5.370805613206959e-10,310.9487604126013,321.91635462581826,0.0,0.0009800910757170429
90.76890250445422,23629.374566788287,449.6891672390155,220.19186473242232,3146.1348652421248,0.04977533284679754,297.4716615258184,1.511704223966846,0.692,1.3569699349930187,2.5363610321337493,4.713789824590888e-10,309.9728501365069,320.8305415687632,0.0,0.0009181884489689226
90.91893374826323,23562.0775789421,447.41681410024063,220.12506457693252,3178.9165330983124,0.05030923752413047,297.42653574293155,1.504293532460557,0.692,1.3569699349930187,2.5377239895439296,4.134095296074396e-10,309.00098639291446,319.74922367826025,0.0,0.000859878240977533
91.06896499207224,23495.121652944203,445.14269188279405,220.05860156685972,3211.881764422747,0.05084629438210012,297.3816309174711,1.4968735308548005,0.692,1.3569699349930187,2.5388079574065987,3.623037378930474e-10,308.0333455570491,318.67259862135955,0.0,0.0008049763572142609
91.21899623588126,23428.50702355756,442.8672091463508,219.99247595651894,3245.0289267168264,0.05138647789775326,297.3369473214095,1.4894456041738693,0.692,1.3569699349930187,2.5396153891663014,3.172852275710828e-10,307.07009926409995,317.6008587592497,0.0,0.0007533063768414021
91.36902747969027,23362.233864298873,440.5907707135831,219.9266879393387,3278.356366544159,0.05192976216880875,297.2924851852367,1.4820111259760238,0.692,1.3569699349930187,2.5401488843374684,2.77661003472824e-10,306.11141433042155,316.53419105888054,0.0,0.000704699822462749
91.51905872349928,23296.302288539042,438.3137774439889,219.86123764894697,3311.862410330299,0.05247612092661786,297.2482446986612,1.4745714575651556,0.692,1.3569699349930187,2.540411183518506,2.428123524319815e-10,305.1574527001768,315.47277703302257,0.0,0.0006589949794200766
91.6690899673083,23230.71234980341,436.03662611499374,219.7961251594629,3345.545365579887,0.05302552755596052,297.2042260107757,1.4671279475655383,0.692,1.3569699349930187,2.5404051647820243,2.1218762538885516e-10,304.20837143695394,314.41679273083435,0.0,0.0006160369243884256
91.81912121111732,23165.46404213735,433.75970915934056,219.7313504858535,3379.4035220886453,0.05357795511479613,297.16042923026646,1.4596819310125062,0.692,1.3569699349930187,2.5401338382043672,1.852960090599749e-10,303.2643226629807,313.36640866968247,0.0,0.0005756781558055544
91.96915245492633,23100.557301255547,431.4834144532833,219.66691358506873,3413.435152768504,0.05413337634773699,297.11685442615055,1.452234728610894,0.692,1.3569699349930187,2.539600340479355,1.6170072829820812e-10,302.3254535231585,312.3217897946891,0.0,0.000537777596277209
92.11918369873534,23035.992005123415,429.2081251991231,219.6028143566125,3447.6385147756314,0.05469176370449336,297.0735016281323,1.444787646312504,0.692,1.3569699349930187,2.5388079307050666,1.4101339563764532e-10,301.39190618839507,311.2830954823986,0.0,0.0005022002250122475
92.26921494254437,22971.767974352577,426.9342197246302,219.53905264292993,3482.011850755781,0.055253089360268653,297.0303708268361,1.437341974614192,0.692,1.3569699349930187,2.537759985124627,1.2288939893772253e-10,300.4638178299502,310.25047951197365,0.0,0.0004688176220226797
92.41924618635338,22907.884973193202,424.6620712816962,219.47562823038677,3516.5533897888604,0.05581732523127741,296.9874619744405,1.4298989878510215,0.692,1.3569699349930187,2.536459991461604,1.0702311815746055e-10,299.54132059773735,309.2240900407546,0.0,0.00043750751549225165
92.56927743016239,22844.342710506186,422.39204791330656,219.41254085022933,3551.2613483467726,0.05638444299050782,296.94477498530057,1.4224599437192182,0.692,1.3569699349930187,2.534911543934325,9.314352831996435e-11,298.6245416278301,308.20406961255753,0.0,0.00040815306319865125
92.71930867397141,22781.140840182503,420.1245123255636,219.3497901789956,3586.1339315606106,0.05695441408856858,296.9023097361991,1.4150260828177754,0.692,1.3569699349930187,2.533118338435771,8.101072975944328e-11,297.71360305401276,307.19055517057194,0.0,0.0003806431247096717
92.86933991778042,22718.278961948217,417.85982169902184,219.28737583930945,3621.1693342914396,0.057527209771359666,296.86006606685817,1.407598627984245,0.692,1.3569699349930187,2.5310841667116444,7.04126807452324e-11,296.80862199977906,306.1836780482959,0.0,0.00035487234567701425
93.01937116158943,22655.756622671503,415.59832754972166,219.2252974011734,3656.365741923273,0.05810280109322902,296.8180437807892,1.4001787837960955,0.692,1.3569699349930187,2.528812910816631,6.116186763042748e-11,295.9097105924175,305.18356398516823,0.0,0.0003307402778401261
93.16940240539846,22593.57331681437,413.340375653228,219.16355438241263,3691.721331633064,0.058681158937954385,296.776242645569,1.3927677362869912,0.692,1.3569699349930187,2.526308538584888,5.309269361963361e-11,295.0169760019499,304.1903331701628,0.0,0.0003081513661108794
93.31943364920747,22531.728487195734,411.0863058753594,219.10214624942782,3727.2342734972785,0.059262254037084974,296.73466239332606,1.3853666523476742,0.692,1.3569699349930187,2.5235750977553066,4.6059225414145705e-11,294.1305204480697,303.20410024947444,0.0,0.00028701528961606074
93.46946489301648,22470.221526331286,408.8364520531476,219.04107241852137,3762.9027312668695,0.05984605698288366,296.69330272161545,1.3779766792941566,0.692,1.3569699349930187,2.5206167103861947,3.9932796668202305e-11,293.250441228691,302.22497435836044,0.0,0.0002672462260893156
93.6194961368255,22409.051777123612,406.59114192847693,218.98033225657838,3798.7248635088195,0.06043253824729074,296.6521632938586,1.3705989446155316,0.692,1.3569699349930187,2.517437568109356,3.4600044940474457e-11,292.37683076899793,301.2530591760394,0.0,0.0002487625781140089
93.76952738063451,22348.218533569616,404.35069702942326,218.9199250817651,3834.6988247425775,0.061021668200832796,296.6112437397947,1.3632345555455212,0.692,1.3569699349930187,2.514041926674461,2.996131096303812e-11,291.50977665315935,300.2884529611566,0.0,0.00023148727559511563
93.91955862444352,22287.72104197263,402.1154325643287,218.8598501647285,3870.822766277451,0.061613417126660325,296.5705436562731,1.355884598675392,0.692,1.3569699349930187,2.5104341003874993,2.5929007555058754e-11,290.64936166307217,299.331248595068,0.0,0.00021534741592083687
94.06958986825255,22227.558501995347,399.88565735834464,218.80010672963837,3907.0948371316213,0.06220775523594245,296.53006260793967,1.3485501397106494,0.692,1.3569699349930187,2.5066184570939876,2.242614795372083e-11,289.7956638337836,298.3815336438388,0.0,0.0002002737635458946
94.21962111206156,22167.73006727086,397.6616737869721,218.7406939547903,3943.5131852112822,0.06280465268754691,296.48980012762644,1.3412322232191305,0.692,1.3569699349930187,2.5025994132683875,1.9385191174017976e-11,288.94875650859433,297.4393904199378,0.0,0.0001862008939957748
94.36965235587057,22108.23484646914,395.44377768372397,218.6816109736615,3980.075958212483,0.06340407960320109,296.44975571704936,1.333931872290564,0.692,1.3569699349930187,2.498381428565282,1.6746962897716153e-11,288.10870838667677,296.50489603548624,0.0,0.00017306719175284491
94.5196835996796,22049.071904657114,393.23225828769296,218.62285687625817,4016.781304327384,0.0640060060794649,296.4099288477037,1.3266500883299925,0.692,1.3569699349930187,2.493969000729841,1.4459578953862405e-11,287.2755835863031,295.57812247297005,0.0,0.00016081425426469928
94.6697148434886,21990.240263838856,391.0273982117285,218.56443070964878,4053.6273734420574,0.0646104022077822,296.37031896120965,1.3193878509234522,0.692,1.3569699349930187,2.4893666610850995,1.247760985049397e-11,286.44944171526186,294.6591366641072,0.0,0.00014938686682156027
94.81974608729762,21931.73890398969,388.82947337040883,218.5063314789883,4090.6123180243544,0.06521723808947283,296.33092546999023,1.3121461175667473,0.692,1.3569699349930187,2.4845789693057814,1.0761360765657945e-11,285.6303379284224,293.7480005542503,0.0,0.00013873317105216797
94.96977733110664,21873.566764432657,386.638752948565,218.44855814888223,4127.734293777535,0.0658264838468982,296.29174775818166,1.3049258235302592,0.692,1.3569699349930187,2.4796105085682485,9.276121503941619e-12,284.8183230005075,292.8447711837948,0.0,0.00012880417253554818
95.11980857491565,21815.722744556766,384.45549938308216,218.39110964409738,4164.991460691824,0.06643810964117186,296.2527851821008,1.2977278817708493,0.692,1.3569699349930187,2.474465881141434,7.991560058280642e-12,284.0134434031527,291.9495007744715,0.0,0.00011955355687012739
95.26983981872466,21758.205704729095,382.2799683252432,218.33398485046533,4202.381983963911,0.06705208568772308,296.2140370708445,1.2905531827778123,0.692,1.3569699349930187,2.46914970366502,6.881229190912806e-12,283.2157413757459,291.06223680864434,0.0,0.00011093784597481244
95.41987106253369,21701.0144675821,380.11240862272575,218.2771826161585,4239.904034655597,0.06766838226759324,296.17550272714215,1.2834025944843663,0.692,1.3569699349930187,2.463666602549214,5.922070816338596e-12,282.42525500363405,290.18302211682015,0.0,0.00010291614634211678
95.5699023063427,21644.147819036887,377.95306231703154,218.2207017527044,4277.555790500265,0.068286969741172,296.1371814280317,1.2762769622323937,0.692,1.3569699349930187,2.458021209705412,5.093975841845771e-12,281.64201830132043,289.3118949707849,0.0,9.544982976007529e-05
95.71993355015171,21587.60450902534,375.80216463432265,218.1645410357007,4315.335436892162,0.06890781856495225,296.09907242533353,1.2691771087161634,0.692,1.3569699349930187,2.4522181583421374,4.379440839272806e-12,280.866061293006,288.44888917379933,0.0,8.850260411141396e-05
95.86996479396073,21531.383252684613,373.65994398050054,218.10869920599978,4353.241167546118,0.0695308993028859,296.0611749464434,1.2621038339393693,0.692,1.3569699349930187,2.4462620786648617,3.763249310338385e-12,280.09741009487334,287.59403415268986,0.0,8.204048384270163e-05
96.01999603776974,21475.482731636897,371.52662196018343,218.05317497097815,4391.271185071538,0.07015618263633976,296.02348819518363,1.2550579152530514,0.692,1.3569699349930187,2.440157593896901,3.232159265431706e-12,279.3360870051062,286.747355058602,0.0,7.603141864939514e-05
96.17002728157875,21419.9015736073,369.4022551153526,217.99796698428935,4429.423716450605,0.07078363961920471,295.986011338049,1.2480395726994478,0.6926273367361767,1.3569699349930187,2.4361137122068754,2.77466458283157e-12,278.5820586540615,285.90881464914537,0.0,7.04452902690725e-05
96.32005852538778,21364.63898053549,367.27842180917384,217.9430744697713,4467.69657816356,0.07141323452407117,295.94874392779604,1.241020377159568,0.6948734793089383,1.3569699349930187,2.4374808997395347,2.3807860252994476e-12,277.8325270450992,285.0752766449502,0.0,6.525396414433484e-05
96.47008976919679,21309.695176957033,365.1528138296176,217.88849766688696,4506.086844234362,0.07204491937133388,295.91168620616435,1.233992541866739,0.6971223866026436,1.3569699349930187,2.438527432756476,2.041866780149144e-12,277.08674098629035,284.245898979498,0.0,6.043108884191851e-05
96.6201210130058,21255.070382880513,363.0259258805575,217.83423681052383,4544.591542108894,0.07267864536885214,295.87483841146195,1.2269577495322908,0.699373520149667,1.3569699349930187,2.4392552354943646,1.75039767276302e-12,276.34487022877374,283.4208719044283,0.0,5.5951931241240845e-05
96.77015225681482,21200.76475525533,360.8982253740636,217.78029207284945,4583.207694714251,0.07331436360405016,295.8382007390688,1.219917591685119,0.7016263706607619,1.3569699349930187,2.4396662549246106,1.4998689793097321e-12,275.6070719835935,282.6003716223307,0.0,5.179327570352075e-05
96.92018350062384,21146.778381005777,358.7701766769477,217.72666355638614,4621.932327571329,0.07395202516152904,295.8017733367044,1.2128736505868334,0.7038804318122134,1.3569699349930187,2.4397626903933287,1.2846450832165346e-12,274.8734988923268,281.7845692221405,0.0,4.793340682220905e-05
97.07021474443285,21093.1112778583,356.6422406756693,217.67335129482677,4660.762470538159,0.07459158115240268,295.76555630495164,1.2058274977359102,0.7061352007245087,1.3569699349930187,2.439546988012379,1.0998436016843751e-12,274.14429891648075,280.973630555061,0.0,4.435189536131475e-05
97.22024598824187,21039.763394610327,354.51487455363036,217.62035525329594,4699.695159965637,0.07523298275046471,295.7295496974042,1.1987806930906173,0.7083901782110025,1.3569699349930187,2.4390218368582683,9.412414347116743e-13,273.4196153000417,280.1677161925524,0.0,4.102959557829984e-05
97.37027723205088,20986.734611562682,352.3885313616153,217.56767532877393,4738.727440754747,0.07587618122677814,295.6937535209255,1.1917347835914893,0.7106448692507235,1.3569699349930187,2.438190162596807,8.051923906862837e-13,272.6995864718504,279.3669813168491,0.0,3.794866904103252e-05
97.52030847585989,20934.02474162821,350.2636596007086,217.51531135119228,4777.8563679251565,0.0765211279762523,295.65816773636516,1.1846913017232608,0.7128987834485566,1.3569699349930187,2.4370551204511335,6.885443670614842e-13,271.9843459592058,278.5715756239829,0.0,3.5092368606893674e-05
97.67033971966892,20881.633530769017,348.1407030267127,217.463263083863,4817.079008676359,0.07716777455237085,295.6227922588228,1.1776517648270826,0.7151514352553336,1.3569699349930187,2.4356200902084497,5.88575128132238e-13,271.274022375743,277.78164331014267,0.0,3.2444991936878824e-05
97.82037096347793,20829.560658552262,346.02010027545634,217.41153022402537,4856.392444371616,0.0778160727006873,295.5876269579928,1.1706176738061864,0.7174023443820203,1.3569699349930187,2.4338886689447214,5.029389853134773e-13,270.5687393582851,276.9973230008238,0.0,2.999192685701142e-05
97.97040220728694,20777.80573927722,343.90228448465314,217.36011240396044,4895.793772091824,0.07846597438526337,295.55267165889603,1.163590511817665,0.7196510362183473,1.3569699349930187,2.4318646630314715,4.296133277503034e-13,269.86861550904723,276.21874768590754,0.0,2.7719512657304774e-05
98.12043345109596,20726.36832279117,341.7876830512929,217.309009191797,4935.280106412091,0.07911743181880924,295.51792614240236,1.1565717434230856,0.7218970421046127,1.3569699349930187,2.429552081247267,3.668540462608664e-13,269.1737643844528,275.44604470702706,0.0,2.561494185711291e-05
98.27046469490497,20675.24789508473,339.6767173709699,217.25822009209801,4974.84858134405,0.07977039749559021,295.4833901456049,1.1495628136782508,0.7241398996229598,1.3569699349930187,2.4269551274188133,3.1316042080520247e-13,268.4842944824511,274.6793357432809,0.0,2.366628834872272e-05
98.42049593871398,20624.443879369795,337.5698024929372,217.20774454692707,5014.496351900817,0.08042482421813825,295.4490633625214,1.1425651469361164,0.7263791529804428,1.3569699349930187,2.4240781916089658,2.672418317727452e-13,267.800309209336,273.9187367739093,0.0,2.186245545452475e-05
98.57052718252301,20573.955637333012,335.4673468393342,217.1575819370894,5054.220595504187,0.08108066512138343,295.41494544491536,1.1355801458660026,0.7286143533228792,1.3569699349930187,2.4209258415425503,2.279871454945958e-13,267.12190687098166,273.1643580683207,0.0,2.019304895541269e-05
98.72055842633202,20523.782469719223,333.3697520401958,217.10773158270726,5094.018513898362,0.0817378737051714,295.38103600266567,1.128609190866225,0.730845058922808,1.3569699349930187,2.4175028152152476,1.9444135961019743e-13,266.4491807019891,272.4163042186927,0.0,1.8648377078583654e-05
98.87058967014103,20473.92361740357,331.2774126304202,217.058192744281,5133.887334669065,0.0823964038602934,295.3473346044664,1.1216536390080238,0.7330708355174324,1.3569699349930187,2.413814011528043,1.6578504161442275e-13,265.7822188576144,271.67467413079635,0.0,1.7219454490752916e-05
99.02062091395005,20424.378262931223,329.19071577711236,217.00896462421514,5173.8243123605935,0.08305620988789447,295.3138407788453,1.1147148230808348,0.7352912566141329,1.3569699349930187,2.4098644807565015,1.4131399575451244e-13,265.1211044193792,270.9395610301005,0.0,1.5897883345611553e-05
99.17065215775906,20375.14553113656,327.1100411574713,216.96004636742964,5213.826730302247,0.0837172465306176,295.2805540145596,1.107794051149546,0.7375059036321453,1.3569699349930187,2.405659416768952,1.20423708090459e-13,264.46591544737663,270.2110525203293,0.0,1.467583145985725e-05
99.32068340156808,20326.224475854728,325.0368724119123,216.9114370481526,5253.891913861346,0.08437946919266164,295.24747375158887,1.1008963710402049,0.7397131612671345,1.3569699349930187,2.4012166671121085,1.025960998093957e-13,263.8170458399943,269.48959024805305,0.0,1.3546033438735015e-05
99.4707146453771,20277.612656936588,322.99150021846384,216.86313425596583,5294.018412429189,0.08504285348413938,295.214598418707,1.0940905427730931,0.7342690054517954,1.3569699349930187,2.3721446106235953,8.73864864336863e-14,263.18027093791125,268.7816482880792,0.0,1.250169376980542e-05
99.62074588918611,20229.305141074907,320.980157641881,216.81513310284853,5334.206882858007,0.08570740985402543,295.18192475699885,1.087397739228511,0.730656105912785,1.3569699349930187,2.349382415656853,7.441339355516678e-14,262.5572109010686,268.0890433260304,0.0,1.1536452252583235e-05
99.77077713299512,20181.29690167945,319.0018140294778,216.76742860770253,5374.458151209086,0.08637315156713614,295.1494494423216,1.0808145318658895,0.7271504377293779,1.3569699349930187,2.3273156772414274,6.33504939563634e-14,261.94738647874334,267.4112387552386,0.0,1.0644413090734369e-05
99.92080837680415,20133.583059149136,317.05550507329957,216.7200159351071,5414.773012916172,0.08704009140058812,295.11716924785236,1.0743377143436288,0.7237479469868059,1.3569699349930187,2.305914674721265,5.3918742601179396e-14,261.35034744810963,266.7477304898137,0.0,9.820115494049011e-06
100.07083962061316,20086.158897780806,315.1400942922407,216.67289041213712,5455.152214463863,0.08770824133973212,295.0850810556156,1.0679634943416378,0.7204444076200398,1.3569699349930187,2.2851470488228345,4.587934352476281e-14,260.76560502529924,266.0979711997795,0.0,9.058479695152539e-06
100.22087086442217,20039.01982647176,313.25497338958,216.64999999999998,5495.595335256625,0.08836782371050518,295.0694935090715,1.061631175979056,0.7172068384496934,1.3569699349930187,2.264646832768805,3.902879854769501e-14,260.21678031614846,265.4855424626164,0.0,8.354862536385375e-06
100.37090210823119,19992.161315807796,311.40001658917953,216.64999999999998,5536.096555832446,0.08901907339349104,295.0694935090715,1.0553446677455525,0.7140363215443691,1.3569699349930187,2.2444327101649795,3.3193565330877846e-14,259.70234173740454,264.90889009412956,0.0,7.7050182009327e-06
100.5209333520402,19945.578896420324,309.5743825329885,216.64999999999998,5576.655586087856,0.08967125264193124,295.0694935090715,1.0491575352349025,0.710958370302061,1.3569699349930187,2.2248123790232364,2.8224328907677527e-14,259.19901854702596,264.3446973569618,0.0,7.104909164279117e-06
100.67096459584921,19899.268233097926,307.7772157853069,216.64999999999998,5617.273141498528,0.09032437296049893,295.0694935090715,1.0430668793480162,0.7079695427663543,1.3569699349930187,2.205760810688213,2.3993458477862136e-14,258.70643435831437,263.7925423459724,0.0,6.550781955090117e-06
100.82099583965822,19853.2251164825,306.0076969488809,216.64999999999998,5657.949906768894,0.09097844535907328,295.0694935090715,1.0370699231212566,0.7050665647334716,1.3569699349930187,2.1872543335195513,2.0391988402279354e-14,258.2242302400062,263.2520227224334,0.0,6.039159576240582e-06
100.97102708346725,19807.44545880694,304.26504080395165,216.64999999999998,5698.686536312756,0.09163348036046755,295.0694935090715,1.0311640054196163,0.7022463197632178,1.3569699349930187,2.169270544518988,1.732702281566916e-14,257.752063721669,262.7227545991442,0.0,5.56683938623292e-06
101.12105832727626,19761.92528615213,302.548493727773,216.64999999999998,5739.483658003894,0.09228948806073796,295.0694935090715,1.0253465721913797,0.6995058385612262,1.3569699349930187,2.1517882129621335,1.4719218679738825e-14,257.28960764179925,262.2043712492228,0.0,5.130847378964157e-06
101.27108957108527,19716.660735567108,300.8573326980074,216.64999999999998,5780.341872795441,0.09294647812306335,295.0694935090715,1.0196151730905993,0.6968422914183194,1.3569699349930187,2.1347872171691966,1.2500853100969937e-14,256.83654945977287,261.6965223348475,0.0,4.728425421014903e-06
101.4211208148943,19671.648051418266,299.19086375261804,216.64999999999998,5821.26175513098,0.0936044597843555,295.0694935090715,1.0139674562576217,0.6942529801622233,1.3569699349930187,2.1182484746013994,1.0614231340895632e-14,256.39259044808193,261.1988730018061,0.0,4.357034433303037e-06
101.5711520587033,19626.883579489717,297.5484200600284,216.64999999999998,5862.243855540458,0.09426344189700078,295.0694935090715,1.0084011617787954,0.6917353299182484,1.3569699349930187,2.1021538688414596,9.010132557247367e-15,255.9574448098776,260.7111028903187,0.0,4.0143229456783814e-06
101.72118330251232,19582.36376304967,295.9293606734182,216.64999999999998,5903.288701623816,0.09492343294467673,295.0694935090715,1.0029141174647398,0.6892868823288145,1.3569699349930187,2.08648619211918,7.646547344479803e-15,255.53083900659271,260.23290538134665,0.0,3.698106453442665e-06
101.87121454632134,19538.085140487285,294.3330695685884,216.64999999999998,5944.396797703242,0.09558444103676025,295.0694935090715,0.9975042355896394,0.6869052895214369,1.3569699349930187,2.071229095361807,6.487692021909483e-15,255.11251118274666,259.76398695183497,0.0,3.4063700862773074e-06
102.02124579013035,19494.044341074146,292.7589541779251,216.64999999999998,5985.5686263064445,0.0962464739321785,295.0694935090715,0.9921695079227993,0.6845883076194258,1.3569699349930187,2.056367031990954,5.503085343178211e-15,254.70221047939535,259.30406640513513,0.0,3.1372551554566504e-06
102.17127703393936,19450.238080247036,291.2064439843514,216.64999999999998,6026.804650247286,0.09690953907286473,295.0694935090715,0.9869080009635041,0.6823337906652662,1.3569699349930187,2.0418852055215546,4.6667210111420995e-15,254.29969638601582,258.8528741445092,0.0,2.8890338929917154e-06
102.32130827774839,19406.663157907937,289.6749899033379,216.64999999999998,6068.105312001668,0.09757364357372277,295.0694935090715,0.9817178538466305,0.6801396859699026,1.3569699349930187,2.0277695329083594,3.9564459286905514e-15,253.90473831649285,258.4101516978382,0.0,2.660108402687638e-06
102.4713395215574,19363.31645551843,288.1640631975524,216.64999999999998,6109.471034286094,0.09823879423193026,295.0694935090715,0.9765972746643605,0.6780040290065431,1.3569699349930187,2.0140066015530746,3.3534148064963316e-15,253.5171150796222,257.9756511240908,0.0,2.4490088606487236e-06
102.62137076536641,19320.19493144591,286.6731541342054,216.64999999999998,6150.90222241747,0.09890499756488348,295.0694935090715,0.9715445359158826,0.6759249381929218,1.3569699349930187,2.0005836241075485,2.8415620319601245e-15,253.13661430132498,257.5491343656627,0.0,2.254370476665935e-06
102.77140200917543,19277.295619226505,285.20177144402817,216.64999999999998,6192.399264006804,0.09957225980527232,295.0694935090715,0.966557972673851,0.67390061103192,1.3569699349930187,1.987488408655674,2.407203075276403e-15,252.76303206835118,257.1303728489915,0.0,2.0749282442993895e-06
102.92143325298444,19234.61562545723,283.7494415153344,216.64999999999998,6233.962529067021,0.10024058690281375,295.0694935090715,0.961635979853034,0.6719293200583452,1.3569699349930187,1.97470932564543,2.0387050282703484e-15,252.39617251671265,256.7191470232167,0.0,1.9095186950933793e-06
103.07146449679345,19192.15212614255,282.31570733213505,216.64999999999998,6275.592371707785,0.10090998455150421,295.0694935090715,0.9567770086115516,0.6700094086305939,1.3569699349930187,1.9622352721600431,1.7261648440441717e-15,252.03584736897915,256.3152458415183,0.0,1.7570650947812059e-06
103.22149574060248,19149.90236423539,280.90012778244426,216.64999999999998,6317.289130775612,0.10158045819991252,295.0694935090715,0.951979564006702,0.6681392874130914,1.3569699349930187,1.9500556438182142,1.461148673219536e-15,251.68187557831868,255.91846636210926,0.0,1.6165677915152578e-06
103.37152698441149,19107.863648246886,279.50227714295477,216.64999999999998,6359.053129510661,0.10225201304566103,295.0694935090715,0.9472422032485099,0.6663174312442837,1.3569699349930187,1.9381603106368266,1.2364888342033366e-15,251.33408302736177,255.52861341068188,0.0,1.487105627593651e-06
103.5215582282205,19066.033349639194,278.12174427092845,216.64999999999998,6400.884676464878,0.10292465405018932,295.0694935090715,0.9425635329610175,0.6645423757631037,1.3569699349930187,1.9265395891539334,1.0460937234782699e-15,250.99230216406346,255.14549917223246,0.0,1.3678296571277152e-06
103.67158947202952,19024.40889980954,276.75813180205296,216.64999999999998,6442.784066921812,0.10359838596158434,295.0694935090715,0.937942206463795,0.66281271420029,1.3569699349930187,1.9151842158699186,8.847777939955856e-16,250.65637165008965,254.76894279692522,0.0,1.2579512898592182e-06
103.82162071583853,18982.987789049952,275.4110558083016,216.64999999999998,6484.751582413816,0.1042732133068172,295.0694935090715,0.9333769226124168,0.6611270948917889,1.3569699349930187,1.904085329120798,7.481341548169923e-16,250.32613613226744,254.39877014390285,0.0,1.156741877817818e-06
103.97165195964755,18941.767564790276,274.080145200901,216.64999999999998,6526.787491000665,0.10494914039622326,295.0694935090715,0.9288664237750989,0.6594842185776426,1.3569699349930187,1.8932344475177683,6.324229867039766e-16,250.00144595888872,254.03481346328138,0.0,1.0635319495731277e-06
104.12168320345657,18900.745828574825,272.7650409484175,216.64999999999998,6568.892048909109,0.10562617134986577,295.0694935090715,0.9244094931827702,0.657882835596906,1.3569699349930187,1.882623446396681,5.344636034145902e-16,249.68215685964253,253.6769110373748,0.0,9.77700383086276e-07
104.27171444726558,18859.92023495301,271.46539576620114,216.64999999999998,6611.065500296565,0.10630431009373605,295.0694935090715,0.9200049538765868,0.656321743778056,1.3569699349930187,1.8722445426523717,4.515532484766319e-16,249.36812974852734,253.32490695977273,0.0,8.986719846166508e-07
104.42174569107459,18819.28849020708,270.18087366851597,216.64999999999998,6653.308077216988,0.10698356035920471,295.0694935090715,0.9156516671900874,0.654799786249935,1.3569699349930187,1.8620902778863486,3.8140012964995424e-16,249.0592304995923,252.97865088396063,0.0,8.259183891282489e-07
104.57177693488362,18778.848349967604,268.91114934459324,216.64999999999998,6695.620000793268,0.10766392570187354,295.0694935090715,0.911348530634618,0.6533158491405846,1.3569699349930187,1.8521534995079245,3.220580525712302e-16,248.75532968711883,252.63799773208035,0.0,7.58951107233793e-07
104.72180817869263,18738.597617594827,267.6559077487854,216.64999999999998,6738.001481664499,0.10834540950876745,295.0694935090715,0.9070944765103502,0.6518688596267413,1.3569699349930187,1.842427345908992,2.718736439803794e-16,248.45630238410524,252.30280746904432,0.0,6.973170299765065e-07
104.87183942250164,18698.53414332748,266.4148438089426,216.64999999999998,6780.452719671403,0.10902801499327619,295.0694935090715,0.9028884709179603,0.6504577841982611,1.3569699349930187,1.8329052339635257,2.294453541337007e-16,248.16202799444204,251.97294491441505,0.0,6.405991408321362e-07
105.02187066631066,18658.655822600893,265.1876619535373,216.64999999999998,6822.973904453711,0.10971174520476006,295.0694935090715,0.8987295121560389,0.6490816267881417,1.3569699349930187,1.8235808441801653,1.9358510548990062e-16,247.87239004714777,251.64827951175658,0.0,5.884135801758093e-07
105.17190191011967,18618.960594022636,263.9740756250973,216.64999999999998,6865.565216473339,0.11039660304500237,295.0694935090715,0.8946166290720996,0.647739426969194,1.3569699349930187,1.814448106227359,1.6328408507747986e-16,247.5872759931363,251.3286851008241,0.0,5.404041135484171e-07
105.32193315392868,18579.44643870925,262.7738070803424,216.64999999999998,6908.2268266348365,0.11108259126210633,295.0694935090715,0.8905488803852364,0.6464302585412129,1.3569699349930187,1.805501189357822,1.3768719242646477e-16,247.30657707450084,251.01403977103936,0.0,4.9624196723402e-07
105.47196439773771,18540.111379181282,261.5865870441743,216.64999999999998,6950.958896404155,0.11176971245240477,295.0694935090715,0.886525353513484,0.6451532280133149,1.3569699349930187,1.7967344908802454,1.160706963933202e-16,247.03018816345477,250.70422568095424,0.0,4.556254899729842e-07
105.62199564154672,18500.953477307245,260.4121542272759,216.64999999999998,6993.761579005412,0.11245796907970391,295.0694935090715,0.8825451629389465,0.6439074730051076,1.3569699349930187,1.788142623015469,9.782066040406441e-17,246.75800757412685,250.3991288472849,0.0,4.1827510113539507e-07
105.77202688535573,18461.970833563788,259.25025513781543,216.64999999999998,7036.635019239366,0.11314736347236437,295.0694935090715,0.8786074495696559,0.6426921610256395,1.3569699349930187,1.7797204046723984,8.241677094053707e-17,246.48993694714196,250.09863901553464,0.0,3.8393218026688165e-07
105.92205812916475,18423.16158624332,258.10064382090343,216.64999999999998,7079.579353381383,0.11383789782166061,295.0694935090715,0.8747113798565845,0.6415064882224898,1.3569699349930187,1.7714628523417086,6.941903269876735e-17,246.22588112074598,249.8026495155329,0.0,3.523595093347953e-07
106.07208937297376,18384.523909829542,256.96308147165854,216.64999999999998,7122.594710031998,0.11452957419545762,295.0694935090715,0.8708561444823119,0.6403496780521026,1.3569699349930187,1.7633651694384371,5.845479538378632e-17,245.96574797652605,249.51105708849792,0.0,3.2333803149026636e-07
106.22212061678277,18346.056013885922,255.8373361789812,216.64999999999998,7165.681210448721,0.1152223945435464,295.0694935090715,0.8670409574926655,0.6392209801382298,1.3569699349930187,1.755422737973444,4.920831913401619e-17,245.70944831889943,249.22376175195132,0.0,2.966647751769307e-07
106.3721518605918,18307.75614251993,254.7231827534831,216.64999999999998,7208.838968264101,0.11591636069311044,295.0694935090715,0.8632650557135687,0.6381196692579276,1.3569699349930187,1.747631111715305,4.141269177578e-17,245.4568957767969,248.94066668951177,0.0,2.721532015760473e-07
106.52218310440081,18269.622573255827,253.62040243704172,216.64999999999998,7252.068089890242,0.11661147435523025,295.0694935090715,0.8595276977667111,0.6370450442494491,1.3569699349930187,1.7399860078102483,3.484227647497489e-17,245.20800668124764,248.66167811367538,0.0,2.4963184061576966e-07
106.67221434820982,18231.653615620016,252.52878259214887,216.64999999999998,7295.3686752902495,0.11730773713728804,295.0694935090715,0.8558281630167411,0.6359964269458861,1.3569699349930187,1.7324832983999283,2.9305997285682037e-17,244.96269994159732,248.38670512706435,0.0,2.2894173523216345e-07
106.82224559201885,18193.84761070472,251.44811658011207,216.64999999999998,7338.740817674286,0.1180051505380803,295.0694935090715,0.8521657511584865,0.634973161331528,1.3569699349930187,1.7251190052871708,2.4642340645469824e-17,244.72089696706803,248.11565963450047,0.0,2.099363760293575e-07
106.97227683582786,18156.20293045261,250.3782035522206,216.64999999999998,7382.184603529211,0.11870371594829454,295.0694935090715,0.8485397815092094,0.633974612645955,1.3569699349930187,1.717889293448012,2.071499211457993e-17,244.48252157096212,247.84845623562416,0.0,1.924815484673394e-07
107.12230807963687,18118.71797620425,249.31884813734564,216.64999999999998,7425.70011352868,0.1194034346651433,295.0694935090715,0.844949591949873,0.633000166428025,1.3569699349930187,1.7107904632594129,1.7408632637617773e-17,244.24749985436094,247.58501209452797,0.0,1.7645300062045642e-07
107.27233932344589,18081.391178186997,248.26986032248655,216.64999999999998,7469.287422393387,0.120104307890117,295.0694935090715,0.8413945385203091,0.6320492277750881,1.3569699349930187,1.7038189457966106,1.4625800038792563e-17,244.01576013528205,247.32524686034662,0.0,1.617359386753756e-07
107.4223705672549,18044.220995011554,247.23105529595634,216.64999999999998,7512.9465987566,0.12080633672682176,295.0694935090715,0.8378739948877689,0.6311212205941265,1.3569699349930187,1.696971297680127,1.2284313001589821e-17,243.7872328713958,247.06908258062714,0.0,1.4822523735741464e-07
107.57240181106391,18007.205912525013,246.20225319630262,216.64999999999998,7556.67770580634,0.12150952219130541,295.0694935090715,0.8343873514960077,0.6302155867977222,1.3569699349930187,1.6902441947330558,1.0314762845035522e-17,243.56185056404522,246.8164435937415,0.0,1.3582394527389657e-07
107.72243305487294,17970.344443020105,245.18327894469397,216.64999999999998,7600.480801544006,0.12221386521621623,295.0694935090715,0.8309340149972371,0.6293317856055093,1.3569699349930187,1.6836344270469958,8.658504418946153e-18,243.33954768280114,246.56725644431762,0.0,1.2444233718405788e-07
107.87246429868195,17933.63512489237,244.17396214023466,216.64999999999998,7644.355938532497,0.12291936664675272,295.0694935090715,0.827513407897343,0.6284692929251845,1.3569699349930187,1.6771388950761381,7.266104380358946e-18,243.1202606055011,246.321449816027,0.0,1.1399807921076876e-07
108.02249554249096,17897.076521860756,243.17413687431159,216.64999999999998,7688.303164178917,0.12362602724520949,295.0694935090715,0.8241249679267014,0.6276276006864797,1.3569699349930187,1.6707546046743884,6.095893219942162e-18,242.90392754225397,246.07895444639885,0.0,1.0441560114002034e-07
108.17252678629998,17860.667221944896,242.1836415233952,216.64999999999998,7732.322521338559,0.12433384770068912,295.0694935090715,0.8207681473379749,0.626806216183473,1.3569699349930187,1.6644786619824141,5.112682524197878e-18,242.6904884566435,245.83970303849418,0.0,9.56249300578873e-08
108.322558030109,17824.405837171278,241.20231867230976,216.64999999999998,7776.414048066934,0.12504282862511484,295.0694935090715,0.8174424126460715,0.6260046615495394,1.3569699349930187,1.6583082703250933,4.2868134386533725e-18,242.47988501676446,245.60363020602063,0.0,8.756166464521387e-08
108.472589273918,17788.291003100592,240.2300149842305,216.64999999999998,7820.577777597622,0.12575297055287454,295.0694935090715,0.8141472441875628,0.6252224732062202,1.3569699349930187,1.6522407264076888,3.59332752547385e-18,242.27206053605084,245.3706724070047,0.0,8.016690548086312e-08
108.62262051772703,17752.32137776788,239.26658098978012,216.64999999999998,7864.813739058667,0.12646427395233997,295.0694935090715,0.8108821354059234,0.6244592012683492,1.3569699349930187,1.646273415485022,3.0111699708552217e-18,242.06695989831192,245.14076785976195,0.0,7.338619203575922e-08
108.77265176153604,17716.49564131878,238.31187100830704,216.64999999999998,7909.121957364406,0.12717673922412753,295.0694935090715,0.8076465925847414,0.6237144090766295,1.3569699349930187,1.640403808549382,2.5225971574123602e-18,241.8645295125052,244.91385649220047,0.0,6.716927622798877e-08
108.92268300534505,17680.812495686965,237.36574305126499,216.64999999999998,7953.502453066033,0.1278903666986954,295.0694935090715,0.8044401345202685,0.622987672731466,1.3569699349930187,1.6346294593084691,2.1126915733630387e-18,241.66471726478403,244.68987988806936,0.0,6.147022003472879e-08
109.07271424915407,17645.270663759435,236.42805865283682,216.64999999999998,7997.955242852981,0.12860515664440558,295.0694935090715,0.8012622919473991,0.622278580587956,1.3569699349930187,1.6289480002312462,1.768890270234657e-18,241.46747245637775,244.46878121732627,0.0,5.624671512368537e-08
109.22274549296309,17609.868888796616,235.49868275591908,216.64999999999998,8042.480339762892,0.12932110927090013,295.0694935090715,0.7981126071532672,0.6215867328121856,1.3569699349930187,1.6233571394872204,1.4806087807186914e-18,241.27274575448334,244.25050518109035,0.0,5.145965591336923e-08
109.3727767367721,17574.605934211973,234.57748364713322,216.64999999999998,8087.077752955326,0.13003822472546253,295.0694935090715,0.7949906337569982,0.6209117409891257,1.3569699349930187,1.6178546586393534,1.2389515183532527e-18,241.08048915449106,244.0349979692994,0.0,4.7073216416214424e-08
109.52280798058112,17539.480583019114,233.66433283415896,216.64999999999998,8131.747487913993,0.1307565030962695,295.0694935090715,0.7918959362939879,0.6202532277013805,1.3569699349930187,1.61243840958365,1.0364419286923828e-18,240.89065593109424,243.8222072059073,0.0,4.305456488507446e-08
109.67283922439013,17504.491637070427,232.75910490217484,216.64999999999998,8176.489546935058,0.1314759444202428,295.0694935090715,0.7888280897293742,0.6196108261089646,1.3569699349930187,1.6071063112850106,8.667843345868698e-19,240.70320058618677,243.6120818904802,0.0,3.9373338856827996e-08
109.82287046819914,17469.63791685586,231.8616774642831,216.64999999999998,8221.303928920912,0.13219654867973313,295.0694935090715,0.7857866792900258,0.6189841796108881,1.3569699349930187,1.6018563479083594,7.246879152977768e-19,240.51807881728524,243.4045723628001,0.0,3.600163522539185e-08
109.97290171200817,17434.918261187035,230.9719310787587,216.64999999999998,8266.190629326742,0.13291831580166105,295.0694935090715,0.7827713001840965,0.6183729414940418,1.3569699349930187,1.5966865665155532,6.057136010616534e-19,240.33524747984282,243.19963026062103,0.0,3.2913978452591176e-08
110.12293295581718,17400.331526401842,230.08974910138883,216.64999999999998,8311.149640741201,0.1336412456668539,295.0694935090715,0.7797815571005989,0.6177767745504338,1.3569699349930187,1.5915950739279354,5.061273443512001e-19,240.1546645371351,242.99720846349416,0.0,3.008684290019248e-08
110.27296419962619,17365.87658609898,229.21501763188272,216.64999999999998,8356.180952802264,0.13436533810869286,295.0694935090715,0.7768170640277858,0.6171953507722734,1.3569699349930187,1.586580034978916,4.2279148733594027e-19,239.97628903040518,242.79726105930254,0.0,2.749855258398421e-08
110.42299544343521,17331.552330932456,228.34762545358444,216.64999999999998,8401.284552041157,0.13509059291060335,295.0694935090715,0.7738774440488346,0.6166283510519256,1.3569699349930187,1.5816396706943459,3.5307602416041544e-19,239.80008104829838,242.5997433099994,0.0,2.51293254785244e-08
110.57302668724422,17297.357667987824,227.48746391527422,216.64999999999998,8446.460422285287,0.13581700981253406,295.0694935090715,0.7709623289412684,0.6160754648543624,1.3569699349930187,1.576772255724855,2.94772496386946e-19,239.62600168526,242.40461160497475,0.0,2.296096821382349e-08
110.72305793105323,17263.291520345596,226.63442685090723,216.64999999999998,8491.708544834508,0.1365445885137912,295.0694935090715,0.7680713589049478,0.6155363899262857,1.3569699349930187,1.57197611636824,2.460256234404918e-19,239.45401300847453,242.2118234239961,0.0,2.0976686523993324e-08
110.87308917486224,17229.352826940925,225.7884105389004,216.64999999999998,8537.028898255572,0.13727332866973346,295.0694935090715,0.7652041824240934,0.6150108320397272,1.3569699349930187,1.56724962917288,2.052808130656754e-19,239.28407803344484,242.02133730983473,0.0,1.916112028653923e-08
111.02312041867127,17195.54054216303,224.94931361880657,216.64999999999998,8582.421458529278,0.1380032298941379,295.0694935090715,0.762360455984891,0.6144985047171919,1.3569699349930187,1.5625912189845994,1.712353250541478e-19,239.11616069157557,241.83311283192842,0.0,1.7500215589777878e-08
111.17315166248028,17161.853635273488,224.1170369884409,216.64999999999998,8627.886199456187,0.13873429176572408,295.0694935090715,0.7595398437268499,0.6139991289550132,1.3569699349930187,1.5579993567760555,1.42795338460236e-19,238.95022579455764,241.64711054645892,0.0,1.5980991949683222e-08
111.32318290628929,17128.291090267216,223.2914837712732,216.64999999999998,8673.423092481566,0.13946651382533884,295.0694935090715,0.7567420173322947,0.6135124329985685,1.3569699349930187,1.5534725584889661,1.1904433688256905e-19,238.7862390134438,241.4632919728972,0.0,1.4591538579694307e-08
111.47321415009831,17094.851905660667,222.4725592630281,216.64999999999998,8719.03210662247,0.14019989557478402,295.0694935090715,0.7539666558453916,0.6130381521117173,1.3569699349930187,1.5490093836054886,9.921565882805278e-20,238.6241668540497,241.28161956642916,0.0,1.3320999989124523e-08
111.62324539390733,17061.53509387993,221.66017082490384,216.64999999999998,8764.713208950467,0.14093443648457854,295.0694935090715,0.7512134453102629,0.6125760283234299,1.3569699349930187,1.5446084330284915,8.266626643062915e-20,238.46397662235967,241.10205667917825,0.0,1.2159364553408429e-08
111.77327663771634,17028.33968106282,220.8542278460575,216.64999999999998,8810.466364525422,0.14167013599289363,295.0694935090715,0.7484820786438489,0.612125810223119,1.3569699349930187,1.5402683479586772,6.885740830941794e-20,238.30563640424495,240.92456753747052,0.0,1.1097420790959227e-08
111.92330788152536,16995.264706931077,220.0546417059905,216.64999999999998,8856.291536237193,0.14240699350300728,295.0694935090715,0.7457722555084306,0.6116872527618084,1.3569699349930187,1.5359878087804113,5.733886143728323e-20,238.1491150455759,240.74911721954206,0.0,1.012677708387896e-08
112.07333912533437,16962.309224313332,219.26132568954924,216.64999999999998,8902.18868513737,0.14314500838863864,295.0694935090715,0.7430836820235649,0.6112601170337814,1.3569699349930187,1.5317655333323767,4.773366922470886e-20,237.99438212351382,240.5756716233586,0.0,9.239726738155146e-09
112.22337036914338,16929.472298808603,218.47419492867562,216.64999999999998,8948.157770591266,0.14388417999639191,295.0694935090715,0.7404160705686741,0.6108441700806707,1.3569699349930187,1.5276002755818643,3.972607753186898e-20,237.84140792358457,240.40419744091687,0.0,8.429165104598547e-09
112.3734016129524,16896.75300869975,217.69316637701561,216.64999999999998,8994.198750088948,0.14462450764271784,295.0694935090715,0.7377691396969946,0.6104391847190676,1.3569699349930187,1.5234908247662542,3.3052300613946293e-20,237.69016342357102,240.2346621401889,0.0,7.688605264800615e-09
112.52343285676142,16864.150444658004,216.91815875199396,216.64999999999998,9040.31157935329,0.14536599061565106,295.0694935090715,0.7351426139392655,0.6100449393562856,1.3569699349930187,1.5194360041094908,2.7491942882520594e-20,237.54062027145858,240.0670339404003,0.0,7.0121215250381335e-09
112.67346410057043,16831.66370928821,216.14909245883038,216.64999999999998,9086.49621268502,0.1461086281803585,295.0694935090715,0.7325362235462175,0.6096612178035411,1.3569699349930187,1.5154346693239438,2.286048748006165e-20,237.3927507603598,239.90128178392263,0.0,6.394247777524805e-09
112.82349534437945,16799.291917032526,215.38588956887153,216.64999999999998,9132.752602811262,0.14685241957670397,295.0694935090715,0.7299497044151391,0.6092878091226701,1.3569699349930187,1.5114857078775301,1.9003785554883875e-20,237.24652781433517,239.73737532037916,0.0,5.829976151004534e-09
112.97352658818846,16767.034194029537,214.62847378498952,216.64999999999998,9179.08070079974,0.1475973640178684,295.0694935090715,0.7273827979726107,0.608924507470632,1.3569699349930187,1.5075880380930387,1.579328008327312e-20,237.101924972025,239.57528488829746,0.0,5.314750559542423e-09
113.12355783199747,16734.889677632887,213.87677036207685,216.64999999999998,9225.480456469068,0.14834346069694754,295.0694935090715,0.7248352509050602,0.6085711119276911,1.3569699349930187,1.503740607663358,1.31214549973443e-20,236.95891636207494,239.41498148756284,0.0,4.844374565533594e-09
113.2735890758065,16702.857516260956,213.1307060801408,216.64999999999998,9271.951818336085,0.14909070878610475,295.0694935090715,0.722306815067578,0.6082274263565861,1.3569699349930187,1.499942392908193,1.0898494900268153e-20,236.81747668900857,239.25643676358263,0.0,4.414992603176335e-09
113.42362031961551,16670.93686932187,212.39020922124647,216.64999999999998,9318.494733457012,0.14983910743401702,295.0694935090715,0.7197972474057771,0.6078932592673005,1.3569699349930187,1.4961923980878309,9.049569460691904e-21,236.67758122009843,239.09962299256918,0.0,4.023098599755834e-09
113.57365156342452,16639.12690684088,211.6552095067187,216.64999999999998,9365.109147706587,0.15058865577036348,295.0694935090715,0.7173063097429679,0.6075684236680322,1.3569699349930187,1.4924896541990627,7.512208334638839e-21,236.53920576501963,238.9445130587332,0.0,3.6654772591608743e-09
113.72368280723354,16607.426809195575,210.9256380536877,216.64999999999998,9411.795005911952,0.15133935290797806,295.0694935090715,0.7148337686328902,0.6072527369301377,1.3569699349930187,1.4888332180558457,6.23423552355284e-21,236.40232665952678,238.7910804359864,0.0,3.339168388977218e-09
113.87371405104255,16575.835767066135,210.20142735963668,216.64999999999998,9458.552251676636,0.15209119794001943,295.0694935090715,0.7123793953073442,0.6069460206693044,1.3569699349930187,1.4852221717590994,5.172193026886353e-21,236.26692075467315,238.63929917585693,0.0,3.0414738011731326e-09
114.02374529485157,16544.352981214095,209.48251126135222,216.64999999999998,9505.380827460098,0.15284418994124976,295.0694935090715,0.7099429655370726,0.6066481006190972,1.3569699349930187,1.4816556218318504,4.28987869257356e-21,236.13296540147016,238.48914389029375,0.0,2.769932739032849e-09
114.17377653866059,16512.977662119352,208.76882487723728,216.64999999999998,9552.280674877116,0.15359832797284906,295.0694935090715,0.7075242594362571,0.6063588065020236,1.3569699349930187,1.4781326981490048,3.557071013103229e-21,236.00043843275685,238.34058973134339,0.0,2.5222781947029868e-09
114.3238077824696,16481.709029913854,208.0603045928905,216.64999999999998,9599.251734564172,0.1543536110802665,295.0694935090715,0.7051230614136462,0.6060779719225374,1.3569699349930187,1.4746525534664134,2.948597048242219e-21,235.86931815341296,238.19361238017947,0.0,2.2964364463644863e-09
114.47383902627861,16450.54631428994,207.3568880388645,216.64999999999998,9646.29394608489,0.1551100382917,295.0694935090715,0.7027391600971776,0.6058054342596104,1.3569699349930187,1.4712143628489276,2.443526015064367e-21,235.73958332931218,238.04818803471994,0.0,2.0905242090344853e-09
114.62387027008764,16419.48875411397,206.65851402987477,216.64999999999998,9693.407248285495,0.15586760862381185,295.0694935090715,0.700372348127955,0.6055410345477956,1.3569699349930187,1.4678173225950177,2.0244031798575133e-21,235.61121316940626,237.90429338954473,0.0,1.902809114579313e-09
114.77390151389665,16388.53559731022,205.9651225450884,216.64999999999998,9740.591579252328,0.15662632108104568,295.0694935090715,0.6980224220934459,0.6052846173781861,1.3569699349930187,1.464460649731495,1.676689980389121e-21,235.48418731566557,237.76190562461952,0.0,1.7317017753245967e-09
114.92393275770566,16357.686100822359,205.27665471464567,216.64999999999998,9787.846876153244,0.15738617465307594,295.0694935090715,0.6956891824818031,0.6050360308042196,1.3569699349930187,1.4611435815945446,1.3883099210399441e-21,235.35848583433992,237.6210023954999,0.0,1.5757594896461989e-09
115.07396400151468,16326.939530316831,204.5930527721089,216.64999999999998,9835.173075476918,0.1581471683186562,295.0694935090715,0.6933724335207122,0.6047951262378689,1.3569699349930187,1.4578653749652477,1.1492104453453111e-21,235.23408920118743,237.4815618167736,0.0,1.4336610948965387e-09
115.22399524532369,16296.295159970427,203.91426002122043,216.64999999999998,9882.570113152799,0.1589093010475477,295.0694935090715,0.691071983064733,0.6045617583546387,1.3569699349930187,1.4546253054115386,9.51019741407802e-22,235.11097828957156,237.34356244871836,0.0,1.304191855397455e-09
115.3740264891327,16265.752272446161,203.2402208270498,216.64999999999998,9930.03792438522,0.159672571797852,295.0694935090715,0.6887876425652978,0.6043357850097667,1.3569699349930187,1.4514226669640127,7.867856215688102e-22,234.98913436317991,237.20698328914008,0.0,1.186246447836233e-09
115.52405773294173,16235.31015872552,202.57088058644135,216.64999999999998,9977.576443711521,0.1604369795169456,295.0694935090715,0.6865192269705563,0.6041170671495705,1.3569699349930187,1.4482567715206573,6.507336867816344e-22,234.86853906514773,237.0718037611808,0.0,1.0788184432471224e-09
115.67408897675074,16204.968117813109,201.9061856830982,216.64999999999998,10025.185605266364,0.16120252314573005,295.0694935090715,0.6842665545731547,0.6039054687207968,1.3569699349930187,1.4451269480572666,5.380572543402906e-22,234.74917440462573,236.93800369826232,0.0,9.809818297138407e-10
115.82412022055975,16174.72545669174,201.2460834780767,216.64999999999998,10072.865342661733,0.16196920161670236,295.0694935090715,0.6820294469780207,0.6037008565943359,1.3569699349930187,1.442032542322506,4.447643785454817e-22,234.63102274992434,236.8055633364011,0.0,8.918908658067296e-10
115.97415146436877,16144.581490265597,200.59052229586044,216.64999999999998,10120.615588886018,0.1627370138523323,295.0694935090715,0.6798077290551677,0.6035031004893187,1.3569699349930187,1.43897291647629,3.675457273221766e-22,234.51406682098965,236.67446330577462,0.0,8.107788420484287e-10
116.12418270817778,16114.535541044226,199.9394513767236,216.64999999999998,10168.436276617318,0.1635059587701002,295.0694935090715,0.677601228778253,0.6033120728893421,1.3569699349930187,1.4359474482861696,3.0364943143325437e-22,234.39828967602713,236.5446846157271,0.0,7.369413978171813e-10
116.2742139519868,16084.586939051518,199.2928208620179,216.64999999999998,10216.327338188567,0.1642760352819363,295.0694935090715,0.6754097771747146,0.603127648971447,1.3569699349930187,1.4329555307754496,2.507900185125386e-22,234.28367470419687,236.41620864658154,0.0,6.697332201892422e-10
116.42424519579582,16054.735021812772,198.65058178713028,216.64999999999998,10264.288705429317,0.1650472422916765,295.0694935090715,0.6732332083019048,0.6029497065390046,1.3569699349930187,1.4299965719755017,2.0707472291155644e-22,234.1702056197896,236.28901714311138,0.0,6.085696111137873e-10
116.57427643960483,16024.979134114328,198.01268604464957,216.64999999999998,10312.320309874356,0.165819578698417,295.0694935090715,0.6710713591222603,0.6027781259481169,1.3569699349930187,1.427069994287026,1.7093252317964342e-22,234.05786645126383,236.16309220225176,0.0,5.529158877588254e-10
116.72430768341384,15995.318627830069,197.37908635834017,216.64999999999998,10360.422082872825,0.16659304339826883,295.0694935090715,0.6689240694150987,0.6026127900396056,1.3569699349930187,1.4241752339947564,1.410588071445885e-22,233.9466415323741,236.03841626315491,0.0,5.022810819873283e-10
116.87433892722287,15965.752861915442,196.74973627876193,216.64999999999998,10408.593955429995,0.16736763528181373,295.0694935090715,0.6667911817617742,0.6024535840786239,1.3569699349930187,1.4213117410757776,1.1637339468850937e-22,233.83651549723834,235.91497210166114,0.0,4.5621921113887323e-10
117.02437017103188,15936.281202278811,196.12459016172258,216.64999999999998,10456.835858248936,0.16814335323477403,295.0694935090715,0.6646725414726514,0.6023003956912925,1.3569699349930187,1.4184789787824135,9.598171879958991e-23,233.72747327249724,235.7927428215096,0.0,4.1432484738523857e-10
117.17440141484089,15906.903021536822,195.50360313247793,216.64999999999998,10505.14772196764,0.1689201961418257,295.0694935090715,0.6625679964657799,0.602153114799958,1.3569699349930187,1.4156764230417658,7.914123965206365e-23,233.61950006713593,235.67171184292954,0.0,3.762254254530236e-10
117.32443265864991,15877.617698985063,194.88673107963209,216.64999999999998,10553.529477049238,0.16969816288483297,295.0694935090715,0.6604773972462205,0.6020116335677224,1.3569699349930187,1.4129035622585906,6.523707643708297e-23,233.51258136762672,235.5518628971952,0.0,3.4158120221033304e-10
117.47446390245892,15848.424620566102,194.27393064691344,216.64999999999998,10601.981053676349,0.17047725234114947,295.0694935090715,0.658400596878175,0.6018758463436499,1.3569699349930187,1.4101598970915108,5.376099738542316e-23,233.4067029327851,235.43318002086002,0.0,3.1008472726133807e-10
117.62449514626793,15819.323178606504,193.6651591949872,216.64999999999998,10650.502382031478,0.17125746338812703,295.0694935090715,0.6563374508555668,0.6017456496028969,1.3569699349930187,1.4074449398345594,4.4291576814730756e-23,233.30185078355873,235.31564754431062,0.0,2.814539114356217e-10
117.77452639007696,15790.312771744517,193.06037479028967,216.64999999999998,10699.093392267847,0.17203879490264662,295.0694935090715,0.6542878170642005,0.6016209418948778,1.3569699349930187,1.4047582141666815,3.6479818476784566e-23,233.1980111976292,235.1992500857157,0.0,2.5543067553484364e-10
117.92455763388597,15761.392804935236,192.45953620238734,216.64999999999998,10747.754014351445,0.17282124575857852,295.0694935090715,0.6522515557728114,0.6015016237943736,1.3569699349930187,1.4020992550163234,3.003754873768199e-23,233.09517070556055,235.0839725467089,0.0,2.3178160287723965e-10
118.07458887769498,15732.56268925251,191.86260287483282,216.64999999999998,10796.484178245737,0.17360481482975243,295.0694935090715,0.6502285295342952,0.6013875978485477,1.3569699349930187,1.3994676080765303,2.472626026885249e-23,232.99331608249392,234.96980010307894,0.0,2.1029354193310554e-10
118.224620121504,15703.821841744928,191.26953490434576,216.64999999999998,10845.283814012044,0.1743895009915716,295.0694935090715,0.6482186031151521,0.6012787685275071,1.3569699349930187,1.3968628294367504,2.0348451830064744e-23,232.89243434140002,234.8567181972061,0.0,1.9077102091965204e-10
118.37465136531301,15675.169685442734,190.680293039515,216.64999999999998,10894.15285165716,0.17517530311856247,295.0694935090715,0.6462216434910877,0.6011750421798594,1.3569699349930187,1.3942844854782876,1.674107783703576e-23,232.79251272975156,234.74471253433222,0.0,1.730367802559637e-10
118.52468260912202,15646.605649258167,190.09483866493048,216.64999999999998,10943.091221162274,0.17596222008483972,295.0694935090715,0.6442375197932357,0.6010763269866013,1.3569699349930187,1.391732152577718,1.3769499625438972e-23,232.69353872378784,234.63376907613167,0.0,1.569299357467714e-10
118.67471385293105,15618.129167779509,189.51313377202382,216.64999999999998,10992.098852698567,0.17675025076757306,295.0694935090715,0.6422661032093361,0.6009825329142762,1.3569699349930187,1.389205416636997,1.1322272874763957e-23,232.59550002063858,234.52387403188277,0.0,1.4230282650336016e-10
118.82474509674006,15589.739681253164,188.93514095536986,216.64999999999998,11041.175676525123,0.17753939404534574,295.0694935090715,0.6403072669712002,0.6008935716738781,1.3569699349930187,1.386703872957939,9.307379425058051e-24,232.49838453485427,234.41501385457838,0.0,1.290210069429339e-10
118.97477634054907,15561.436635569615,188.36082340843686,216.64999999999998,11090.32162287972,0.17832964879639832,295.0694935090715,0.6383608863403087,0.6008093566804478,1.3569699349930187,1.3842271261107142,7.648983845999843e-24,232.40218039489832,234.30717523699394,0.0,1.1696302436677834e-10
119.1248075843581,15533.219482041037,187.79014489231798,216.64999999999998,11139.536622233176,0.17912101390271865,295.0694935090715,0.6364268385018415,0.6007298030097815,1.3569699349930187,1.3817747894445187,6.2843790501504e-24,232.3068759351889,234.20034510276687,0.0,1.0601758417649302e-10
119.2748388281671,15505.087677343105,187.22306972713093,216.64999999999998,11188.820605264444,0.1799134882496413,295.0694935090715,0.6345050025355299,0.6006548273599873,1.3569699349930187,1.3793464849056265,5.161782773881875e-24,232.2124596920451,234.0945106018524,0.0,9.608300553790258e-11
119.42487007197612,15477.040683533001,186.65956279242948,216.64999999999998,11238.17350270283,0.1807070707233105,295.0694935090715,0.6325952594170529,0.6005843480150557,1.3569699349930187,1.3769418429770846,4.238562625088084e-24,232.11892040119116,233.98965910772608,0.0,8.70674890129945e-11
119.57490131578514,15449.077967883595,186.09958950367803,216.64999999999998,11287.595245493765,0.18150176021334577,295.0694935090715,0.6306974919383073,0.6005182848062163,1.3569699349930187,1.3745605023010161,3.479533148255524e-24,232.02624699134233,233.88577821019393,0.0,7.888732082031491e-11
119.72493255959415,15421.19900276203,185.5431157952597,216.64999999999998,11337.085764892134,0.18229755561434252,295.0694935090715,0.6288115846498222,0.6004565590755186,1.3569699349930187,1.3722021093916197,2.8556398280804634e-24,231.93442857897404,233.7828557095289,0.0,7.146582851110909e-11
119.87496380340316,15393.403265645828,184.99010812133173,216.64999999999998,11386.644992314341,0.18309445582349335,295.0694935090715,0.6269374238636584,0.6003990936424257,1.3569699349930187,1.3698663185890778,2.3429665765085296e-24,231.8434544661084,233.68087961398984,0.0,6.473360064876644e-11
120.02499504721217,15365.690239045034,184.44053344405467,216.64999999999998,11436.27285935712,0.18389245974089058,295.0694935090715,0.6250748976135152,0.6003458127696806,1.3569699349930187,1.367552791846242,1.9218205415322687e-24,231.75331413606494,233.57983813505822,0.0,5.86277372982801e-11
120.1750262910212,15338.059410326123,183.89435920935568,216.64999999999998,11485.969297995925,0.18469156627271618,295.0694935090715,0.6232238955725937,0.6002966421290616,1.3569699349930187,1.3652611983508607,1.5759465350522176e-24,231.66399724724354,233.47971968046937,0.0,5.309057848174299e-11
120.32505753483021,15310.51027170251,183.35155334494954,216.64999999999998,11535.734240488868,0.1854917743296972,295.0694935090715,0.6213843090468878,0.600251508770377,1.3569699349930187,1.3629912144486207,1.291961193322802e-24,231.57549363063433,233.38051285142092,0.0,4.8069704469787786e-11
120.47508877863922,15283.042320233553,182.8120842588962,216.64999999999998,11585.567619264508,0.18629308282530155,295.0694935090715,0.6195560309702971,0.6002103410910211,1.3569699349930187,1.3607425235746096,1.0588667367110419e-24,231.48779328745118,233.28220643992054,0.0,4.351784394141425e-11
120.62512002244824,15255.65505763362,182.27592081348456,216.64999999999998,11635.469367155498,0.18709549067949469,295.0694935090715,0.6177389558161177,0.6001730688043954,1.3569699349930187,1.358514815855945,8.675943825994122e-25,231.40088638280673,233.18478942169565,0.0,3.939173261721394e-11
120.77515126625725,15228.347990224678,181.7430323185182,216.64999999999998,11685.439417376905,0.1878989968183913,295.0694935090715,0.6159329795742872,0.600139622910963,1.3569699349930187,1.3563077879771486,7.106763471516272e-25,231.31476324262255,233.0882509527301,0.0,3.5651897426961426e-11
120.92518251006626,15201.12062896346,181.21338853386803,216.64999999999998,11735.477703368411,0.18870360017171786,295.0694935090715,0.6141379997600358,0.6001099356704681,1.3569699349930187,1.3541211431710294,5.819822314062453e-25,231.2294143520778,232.9925803675253,0.0,3.2262764668585616e-11
121.07521375387529,15173.972489300531,180.6869596501171,216.64999999999998,11785.584158945048,0.1895092996752363,295.0694935090715,0.6123539153482911,0.600083940573438,1.3569699349930187,1.35195459091718,4.7646655553749275e-25,231.14483035056378,232.89776717344438,0.0,2.919193803707377e-11
121.2252449976843,15146.90309107645,180.16371627442877,216.64999999999998,11835.758718384759,0.1903160942721521,295.0694935090715,0.6105806267257848,0.6000615723140507,1.3569699349930187,1.3498078467124708,3.899745275266244e-25,231.06100202755533,232.80380104608446,0.0,2.6409783313721143e-11
121.37527624149331,15119.91195854446,179.64362943292295,216.64999999999998,11886.001316283777,0.1911239829107887,295.0694935090715,0.6088180356991058,0.6000427667644749,1.3569699349930187,1.347680632064889,3.1909597520395507e-25,230.97792032118093,232.71067182767376,0.0,2.388951763889999e-11
121.52530748530233,15092.998620309103,179.1266705619011,216.64999999999998,11936.311887567466,0.191932964544762,295.0694935090715,0.6070660454649613,0.600027460949182,1.3569699349930187,1.345572674338825,2.610308440891147e-25,230.8955763150379,232.61836952350166,0.0,2.1606908436025305e-11
121.67533872911135,15066.162609173509,178.6128114873095,216.64999999999998,11986.69036767494,0.19274303813594873,295.0694935090715,0.6053245605405776,0.6000155930197226,1.3569699349930187,1.3434837064434895,2.13474195875739e-25,230.81396123319107,232.52688429631255,0.0,1.9539768353785613e-11
121.82536997292036,15039.403462135322,178.10202442048072,216.64999999999998,12037.136692469105,0.1935542026530402,295.0694935090715,0.6035934867492672,0.6000071022308594,1.3569699349930187,1.3414134667364392,1.7453367068841962e-25,230.73306643782593,232.43620646367512,0.0,1.766795681043133e-11
121.97540121672938,15012.720720400224,177.59428196863027,216.64999999999998,12087.650798112665,0.1943664570695484,295.0694935090715,0.6018727312560028,0.6000019289172964,1.3569699349930187,1.339361699147636,1.426586744923364e-25,230.65288342926328,232.34632649799883,0.0,1.597334272035085e-11
122.12543246053839,14986.11392920532,177.089557140966,216.64999999999998,12138.23262130469,0.19517980036760987,295.0694935090715,0.6001622025881224,0.6000000144703238,1.3569699349930187,1.337328153279073,1.1657407309068535e-25,230.5734038452781,232.2572350257704,0.0,1.4439351981505878e-11
122.2754637043474,14959.582637741263,176.58782449778346,216.64999999999998,12188.882099335868,0.19599423153887427,295.0694935090715,0.5984618145296492,0.6,1.3569699349930187,1.335309705674503,9.523276026663039e-26,230.49461963964686,232.16892302769367,0.0,1.305088322579548e-11
122.42549494815643,14933.126398562155,176.08906571408866,216.64999999999998,12239.599171130536,0.19680974960125994,295.0694935090715,0.5967715049765897,0.6,1.3569699349930187,1.333302185321429,7.777762039900942e-26,230.41652394791316,232.08138280915716,0.0,1.179435087253303e-11
122.57552619196544,14906.744766724441,175.5932646919554,216.64999999999998,12290.383778838876,0.19762635362455602,295.0694935090715,0.5950912193725545,0.6,1.3569699349930187,1.3313056289727399,6.350516360000131e-26,230.33911030897997,231.994607127689,0.0,1.0657399287082515e-11
122.72555743577445,14880.437299656345,175.10040521420328,216.64999999999998,12341.235868054624,0.19844404273392316,295.0694935090715,0.5934209027569977,0.6,1.3569699349930187,1.3293201011971472,5.183767307992332e-26,230.26237229494586,231.9085887780275,0.0,9.628740155926716e-12
122.87558867958347,14854.203557249743,174.61047097431262,216.64999999999998,12392.155387605746,0.19926281610652757,295.0694935090715,0.5917604998666,0.6,1.3569699349930187,1.3273456625619424,4.2302318416035463e-26,230.18630351558113,231.82332059713858,0.0,8.69818824968519e-12
123.02561992339248,14828.043101890895,174.12344558546047,216.64999999999998,12443.14228945947,0.2000826729700141,295.0694935090715,0.5901099551658915,0.6,1.3569699349930187,1.3253823697670106,3.4511948321654696e-26,230.11089761949555,231.73879546552462,0.0,7.856542358945739e-12
123.1756511672015,14801.955498382575,173.63931257476375,216.64999999999998,12494.196528838249,0.20090361260437078,295.0694935090715,0.5884692128277418,0.6,1.3569699349930187,1.3234302755770524,2.8148731573764015e-26,230.0361482930009,231.65500630594957,0.0,7.0953877274504555e-12
123.32568241101052,14775.94031398806,173.15805539171538,216.64999999999998,12545.318064098814,0.20172563433998408,295.0694935090715,0.5868382167619502,0.6,1.3569699349930187,1.321489428944318,2.2952457629727293e-26,229.96204926117016,231.57194608462612,0.0,6.407097233065502e-12
123.47571365481953,14749.997118524701,172.679657425232,216.64999999999998,12596.506856510507,0.20254873755407451,295.0694935090715,0.5852169106730215,0.6,1.3569699349930187,1.3195598752537623,1.871051505920677e-26,229.88859429019413,231.48960781385745,0.0,5.78481652397144e-12
123.62574489862854,14724.125484276048,172.20410199722338,216.64999999999998,12647.762870388717,0.2033729216728423,295.0694935090715,0.5836052380383715,0.6,1.3569699349930187,1.3176416562486162,1.5248533836382413e-26,229.81577718610484,231.40798455060613,0.0,5.2222873123799886e-12
123.77577614243756,14698.32498598936,171.73137236457427,216.64999999999998,12699.086073061646,0.20419818617093297,295.0694935090715,0.5820031421150442,0.6,1.3569699349930187,1.3157348100662611,1.242371932754187e-26,229.74359179479785,231.3270693965192,0.0,4.7138149923188955e-12
123.92580738624657,14672.595200986463,171.2614517382626,216.64999999999998,12750.476434609822,0.20502453056724873,295.0694935090715,0.5804105660045044,0.6,1.3569699349930187,1.3138393715138492,1.0119518326970643e-26,229.67203200465545,231.24685550086852,0.0,4.254285566149925e-12
124.07583863005559,14646.935709113262,170.7943232816231,216.64999999999998,12801.933927923796,0.20585195442587628,295.0694935090715,0.5788274526467517,0.6,1.3569699349930187,1.3119553720591908,8.240528136862087e-27,229.6010917459598,231.16733605989305,0.0,3.8390541769115585e-12
124.22586987386461,14621.34609269279,170.32997010726228,216.64999999999998,12853.458528756568,0.2066804573569299,295.0694935090715,0.577253744809867,0.6,1.3569699349930187,1.3100828397998208,6.708614471630033e-27,229.5307649901068,231.08850431591765,0.0,3.4638823669048096e-12
124.37590111767362,14595.82593660937,169.86837529171373,216.64999999999998,12905.050215512054,0.20751003901314977,295.0694935090715,0.5756893851396785,0.6,1.3569699349930187,1.308221799677867,5.460008489844743e-27,229.4610457515048,231.01035355948113,0.0,3.1249521854883274e-12
124.52593236148263,14570.374828328933,169.40952188290282,216.64999999999998,12956.708969158737,0.2083406990885138,295.0694935090715,0.5741343161850602,0.6,1.3569699349930187,1.3063722735989556,4.4426407037076674e-27,229.3919280883557,230.93287713021232,0.0,2.818819799288864e-12
124.67596360529166,14544.992357814532,168.9533928930582,216.64999999999998,13008.434773355692,0.20917243732026392,295.0694935090715,0.5725884803739089,0.6,1.3569699349930187,1.3045342803486772,3.613878966469931e-27,229.3234061012365,230.85606841523955,0.0,2.5423393492368155e-12
124.82599484910067,14519.678117565218,168.49997130643413,216.64999999999998,13060.227614329255,0.21000525348692303,295.0694935090715,0.5710518200393151,0.6,1.3569699349930187,1.3027078357117792,2.938916511462502e-27,229.25547393391489,230.77992085010536,0.0,2.2926636327923456e-12
124.97602609290968,14494.431702699172,168.04924009493803,216.64999999999998,13112.08748065608,0.2108391474048065,295.0694935090715,0.5695242774725257,0.6,1.3569699349930187,1.3008929527056068,2.38939328669019e-27,229.1881257753279,230.70442792098396,0.0,2.0672382742998774e-12
125.1260573367187,14469.25271085857,167.60118221020147,216.64999999999998,13164.0143634099,0.21167411893038215,295.0694935090715,0.5680057948960718,0.6,1.3569699349930187,1.2990896414866426,1.942112126528677e-27,229.12135585801832,230.62958316292898,0.0,1.8637337405743285e-12
125.27608858052771,14444.140742203586,167.15578058494572,216.64999999999998,13216.008256127458,0.21251016795972238,295.0694935090715,0.5664963144683974,0.6,1.3569699349930187,1.2972979093819639,1.5781280253851412e-27,229.05515845797217,230.55538015969097,0.0,1.680033082808511e-12
125.42611982433672,14419.09539951359,166.71301815082475,216.64999999999998,13268.06915455085,0.21334729442436118,295.0694935090715,0.5649957783443289,0.6,1.3569699349930187,1.295517761155045,1.2820209829813341e-27,228.98952789689372,230.48181254626775,0.0,1.5142385009576863e-12
125.57615106814575,14394.116288129235,166.27287783525742,216.64999999999998,13320.197056697003,0.21418549829241118,295.0694935090715,0.5635041286643399,0.6,1.3569699349930187,1.2937491989791108,1.0412030941536257e-27,228.92445854133865,230.4088740079327,0.0,1.3646285171883242e-12
125.72618231195476,14369.203015901832,165.83534255752906,216.64999999999998,13372.391962914124,0.2150247795694715,295.0694935090715,0.5620213075413392,0.6,1.3569699349930187,1.291992222397044,8.453924856452869e-28,228.85994480174958,230.3365582791535,0.0,1.2296341306589203e-12
125.87621355576377,14344.355193270461,165.40039524249394,216.64999999999998,13424.653875670874,0.2158651382952376,295.0694935090715,0.5605472571071091,0.6,1.3569699349930187,1.2902468285293744,6.86221039538999e-28,228.7959811340879,230.2648591454216,0.0,1.1078443122571279e-12
126.0262447995728,14319.572433273877,164.96801882665548,216.64999999999998,13476.98279947908,0.2167065745422585,295.0694935090715,0.5590819195329109,0.6,1.3569699349930187,1.2885130121780337,5.568745647547009e-28,228.73256204032006,230.193770443797,0.0,9.979882052973293e-13
126.1762760433818,14294.854351462003,164.53819625003914,216.64999999999998,13529.378741028566,0.217549088418105,295.0694935090715,0.5576252370019426,0.6,1.3569699349930187,1.2867907657288096,4.517886609606553e-28,228.66968206681673,230.123286061114,0.0,8.989062106339174e-13
126.32630728719082,14270.200565930407,164.11091046325996,216.64999999999998,13581.84170906357,0.21839268006338225,295.0694935090715,0.5561771517332902,0.6,1.3569699349930187,1.2850800792657309,3.6643274972874345e-28,228.60733580498785,230.053399934693,0.0,8.095503379680024e-13
126.47633853099984,14245.610697394395,163.68614444182992,216.64999999999998,13634.371714172057,0.21923734964834213,295.0694935090715,0.5547376060304168,0.6,1.3569699349930187,1.2833809407917793,2.9712563985416517e-28,228.5455178929566,229.984106054217,0.0,7.289819626893482e-13
126.62636977480885,14221.08436908942,163.2638811770587,216.64999999999998,13686.968768944027,0.22008309737542878,295.0694935090715,0.5533065422503237,0.6,1.3569699349930187,1.2816933361187561,2.408642348049701e-28,228.48422301381086,229.91539845977138,0.0,6.563460508728859e-13
126.77640101861786,14196.621206762486,162.8441036769048,216.64999999999998,13739.632887937874,0.22092992347873755,295.0694935090715,0.5518839028064363,0.6,1.3569699349930187,1.2800172488939283,1.9520252513796376e-28,228.42344589531714,229.8472712415235,0.0,5.908665892470687e-13
126.92643226242689,14172.220838764772,162.4267949826122,216.64999999999998,13792.364087427453,0.2217778282199481,295.0694935090715,0.550469630224985,0.6,1.3569699349930187,1.2783526608548004,1.5815518116591288e-28,228.3631813119125,229.77971854195533,0.0,5.318491011933427e-13
127.0764635062359,14147.882895988654,162.01193816438368,216.64999999999998,13845.16238548224,0.22262681188961309,295.0694935090715,0.5490636671303428,0.6,1.3569699349930187,1.276699551786701,1.2810582528141505e-28,228.3034240836472,229.7127345546783,0.0,4.786644312118693e-13
127.2264947500449,14123.607011814942,161.59951631685584,216.64999999999998,13898.027802027711,0.22347687480812936,295.0694935090715,0.5476659562296896,0.6,1.3569699349930187,1.2750578994744497,1.037376957018034e-28,228.24416907511164,229.64631352323042,0.0,4.307398139127547e-13
127.37652599385393,14099.39282218371,161.18951257190554,216.64999999999998,13950.960358637141,0.22432801732238986,295.0694935090715,0.5462764403564139,0.6,1.3569699349930187,1.273427679902419,8.398208846958784e-29,228.18541119685767,229.58044974266957,0.0,3.8756098667719483e-13
127.52655723766294,14075.239965599605,160.78191010353189,216.64999999999998,14003.960078463368,0.22518023980468646,295.0694935090715,0.5448950624866575,0.6,1.3569699349930187,1.271808867343829,6.797111906353656e-29,228.12714540566395,229.51513755987088,0.0,3.486654607274788e-13
127.67658848147195,14051.148083041333,160.37669211895658,216.64999999999998,14057.026986381166,0.22603354265499953,295.0694935090715,0.543521765709155,0.6,1.3569699349930187,1.2702014342513133,5.499794513624286e-29,228.06936670283184,229.45037137161654,0.0,3.136316980300536e-13
127.82661972528098,14027.1168179925,159.97384186510166,216.64999999999998,14110.161108864873,0.22688792629902985,295.0694935090715,0.5421564932471865,0.6,1.3569699349930187,1.2686053513658828,4.448862006786913e-29,228.01207013468863,229.38614562515983,0.0,2.820792792191061e-13
127.97665096908999,14003.14581650786,159.57334264168904,216.64999999999998,14163.362473785097,0.22774339118492998,295.0694935090715,0.5407991885029727,0.6,1.3569699349930187,1.2670205879246967,3.597809171475296e-29,227.95525079401875,229.32245481982955,0.0,2.5366805555952205e-13
128.126682212899,13979.23472711153,159.17517779126695,216.64999999999998,14216.631110576649,0.22859993778600446,295.0694935090715,0.539449795023874,0.6,1.3569699349930187,1.2654471115368982,2.9087969298598784e-29,227.8989038182098,229.25929350495178,0.0,2.2808851580910836e-13
128.27671345670802,13955.383200786671,158.77933069964334,216.64999999999998,14269.967050206134,0.22945756660018868,295.0694935090715,0.5381082565038595,0.6,1.3569699349930187,1.2638848882055118,2.351088225703043e-29,227.84302438889097,229.1966562794446,0.0,2.0506010759629226e-13
128.42674470051702,13931.590891060452,158.38578481139803,216.64999999999998,14323.37032492528,0.23031627814608252,295.0694935090715,0.5367745168360777,0.6,1.3569699349930187,1.2623338825707304,1.8998045824207504e-29,227.78760773369518,229.1345377937931,0.0,1.8433219009933198e-13
128.57677594432604,13907.857453937953,157.99452362464623,216.64999999999998,14376.84096836039,0.23117607296438866,295.0694935090715,0.5354485200951108,0.6,1.3569699349930187,1.2607940578538144,1.5347447407401628e-29,227.73264912508137,229.07293274872964,0.0,1.656779814100906e-13
128.72680718813507,13884.182547848568,157.60553068605483,216.64999999999998,14430.37901557631,0.23203695161894125,295.0694935090715,0.5341302105200837,0.6,1.3569699349930187,1.2592653758017127,1.239495576832179e-29,227.67814387920777,229.01183589397058,0.0,1.488912610739511e-13
128.87683843194407,13860.565833711245,157.2187896028164,216.64999999999998,14483.984502872332,0.23289891469342394,295.0694935090715,0.5328195325552451,0.6,1.3569699349930187,1.2577477968787512,1.0007728409114256e-29,227.62408735718645,228.95124202962262,0.0,1.337871718171087e-13
129.0268696757531,13837.006974934666,156.83428404651136,216.64999999999998,14537.657467722785,0.23376196279041478,295.0694935090715,0.531516430863056,0.6,1.3569699349930187,1.2562412803426064,8.078178036788926e-30,227.57047496518763,228.8911460062998,0.0,1.201997122158593e-13
129.17690091956212,13813.505637326483,156.45199774367,216.64999999999998,14591.397948925438,0.23462609653377237,295.0694935090715,0.5302208502922046,0.6,1.3569699349930187,1.2547457841252088,6.51891099395088e-30,227.51730215269285,228.8315427231652,0.0,1.0797774249142817e-13
129.3269321633711,13790.061489121072,156.07191448172426,216.64999999999998,14645.205986481478,0.23549131656670594,295.0694935090715,0.5289327358977761,0.6,1.3569699349930187,1.2532612649361028,5.259158345417909e-30,227.46456441290385,228.77242712838958,0.0,9.69850605183834e-14
129.47696340718014,13766.674201038986,155.69401812101535,216.64999999999998,14699.081621400408,0.23635762354863826,295.0694935090715,0.5276520329819482,0.6,1.3569699349930187,1.2517876784575992,4.241736996437963e-30,227.4122572839812,228.71379422053954,0.0,8.710008648040516e-14
129.62699465098916,13743.343446184937,155.31829258420618,216.64999999999998,14753.02489587548,0.2372250181580265,295.0694935090715,0.5263786870581086,0.6,1.3569699349930187,1.250324979209248,3.4202419055873985e-30,227.3603763471463,228.65563904645015,0.0,7.821231298307176e-14
129.77702589479816,13720.068900036298,154.9447218563823,216.64999999999998,14807.03585325328,0.238093501091873,295.0694935090715,0.5251126438511975,0.6,1.3569699349930187,1.2488731205653256,2.7570790055542853e-30,227.30891722627982,228.59795670077463,0.0,7.02216974367998e-14
129.92705713860718,13696.85024052131,154.57328999952796,216.64999999999998,14861.114537794188,0.23896307306187395,295.0694935090715,0.5238538493467669,0.6,1.3569699349930187,1.2474320549866704,2.2219048002842637e-30,227.25787558949668,228.54074232775014,0.0,6.303901829230909e-14
130.0770883824162,13673.687147951512,154.20398114660162,216.64999999999998,14915.260994769716,0.23983373479598405,295.0694935090715,0.522602249770903,0.6,1.3569699349930187,1.2460017339530824,1.790145957971782e-30,227.2072471479037,228.4839911198048,0.0,5.658364739768865e-14
130.2271196262252,13650.579304968223,153.83677949623635,216.64999999999998,14969.475270529701,0.24070548703949732,295.0694935090715,0.5213577915722651,0.6,1.3569699349930187,1.2445821079021713,1.4418900565097088e-30,227.15702765445826,228.42769831627862,0.0,5.078234961489837e-14
130.37715087003423,13627.526396602883,153.47166932394956,216.64999999999998,15023.75741230331,0.2415783305518472,295.0694935090715,0.5201204214600764,0.6,1.3569699349930187,1.243173126412636,1.1610653767644102e-30,227.10721290509144,228.37185920468224,0.0,4.556958304733903e-14
130.52718211384325,13604.528110273372,153.10863498514985,216.64999999999998,15078.10746814786,0.2424522661057835,295.0694935090715,0.5188900864143136,0.6,1.3569699349930187,1.2417747382682713,9.346910647610184e-31,227.0577987386984,228.31646912068638,0.0,4.088657793848034e-14
130.67721335765225,13581.584135694291,152.74766090535866,216.64999999999998,15132.525487101962,0.2433272944898351,295.0694935090715,0.517666733652568,0.6,1.3569699349930187,1.2403868913313645,7.522504416192366e-31,227.00878103539324,228.26152344616534,0.0,3.667988313735463e-14
130.82724460146127,13558.694164902108,152.38873158569805,216.64999999999998,15187.011519068725,0.24420341650643165,295.0694935090715,0.5164503106486441,0.6,1.3569699349930187,1.2390095326405641,6.052506938562216e-31,226.9601557168523,228.20701760958227,0.0,3.290139905049186e-14
130.9772758452703,13535.85789230888,152.03183161392064,216.64999999999998,15241.565614628915,0.24508063296889956,295.0694935090715,0.51524076516994,0.6,1.3569699349930187,1.237642608594039,4.868484958641726e-31,226.91191874739982,228.15294708720555,0.0,2.950826220973413e-14
131.1273070890793,13513.07501460133,151.67694565342796,216.64999999999998,15296.187825222221,0.24595894470437635,295.0694935090715,0.5140380452402304,0.6,1.3569699349930187,1.2362860648051233,3.9150498511870084e-31,226.86406613211187,228.099307400984,0.0,2.6461555252581892e-14
131.27733833288832,13490.345230728732,151.3240584431142,216.64999999999998,15350.878203119275,0.24683835255336095,295.0694935090715,0.5128420991391371,0.6,1.3569699349930187,1.2349398461158803,3.147450560162771e-31,226.8165939164003,228.04609411808005,0.0,2.3726090145368862e-14
131.42736957669734,13467.668241975194,150.97315481089632,216.64999999999998,15405.63680118959,0.24771885736598215,295.0694935090715,0.5116528754479828,0.6,1.3569699349930187,1.2336038968178396,2.5296683256716194e-31,226.7694981874356,227.99330285246498,0.0,2.1270539683322245e-14
131.57740082050634,13445.04375189181,150.62421966729073,216.64999999999998,15460.46367300556,0.24860046000367086,295.0694935090715,0.5104703230280225,0.6,1.3569699349930187,1.2322781605750102,2.0326115821059103e-31,226.72277507288015,227.9409292634988,0.0,1.9066628977755128e-14
131.72743206431537,13422.471466244016,150.27723799991966,216.64999999999998,15515.358872912397,0.24948316134028478,295.0694935090715,0.5092943910018255,0.6,1.3569699349930187,1.2309625803582125,1.6327693828407173e-31,226.67642073976168,227.8889690546675,0.0,1.708870456669748e-14
131.8774633081244,13399.951093067626,149.93219488402437,216.64999999999998,15570.322455834723,0.25036696225899835,295.0694935090715,0.5081250287889043,0.6,1.3569699349930187,1.2296570986201696,1.3112185294309002e-31,226.630431395492,227.8374179747251,0.0,1.5313845335472114e-14
132.0274945519334,13377.4823426623,149.58907548476188,216.64999999999998,15625.354477233204,0.25125186365160546,295.0694935090715,0.5069621861134993,0.6,1.3569699349930187,1.2283616573489686,1.0527168431506006e-31,226.58480328777927,227.7862718175952,0.0,1.3721528861392186e-14
132.1775257957424,13355.064927503867,149.24786504725282,216.64999999999998,15680.454993261,0.25213786642103514,295.0694935090715,0.5058058129708499,0.6,1.3569699349930187,1.2270761979359375,8.449481986088806e-32,226.53953270291692,227.73552642045297,0.0,1.2293109776212255e-14
132.32755703955144,13332.698562267355,148.90854890166258,216.64999999999998,15735.624060650656,0.2530249714795328,295.0694935090715,0.504655859644415,0.6,1.3569699349930187,1.225800661268296,6.77993984790215e-32,226.49461596608268,227.6851776640603,0.0,1.1011833546830251e-14
132.47758828336043,13310.382963875732,148.57111247335922,216.64999999999998,15790.8617365357,0.2539131797457915,295.0694935090715,0.5035122767402982,0.6,1.3569699349930187,1.224534987901119,5.438843527972113e-32,226.45004944230195,227.63522147384583,0.0,9.862794855340888e-15
132.62761952716946,13288.11785140121,148.23554127172258,216.64999999999998,15846.168078636087,0.2548024921479339,295.0694935090715,0.502375015149322,0.6,1.3569699349930187,1.2232791179064768,4.361857029530959e-32,226.4058295345873,227.58565381781935,0.0,8.832475284756285e-15
132.77765077097848,13265.902946052978,147.90182088979552,216.64999999999998,15901.543145232505,0.25569290962309926,295.0694935090715,0.5012440260458456,0.6,1.3569699349930187,1.2220329908835854,3.497141087666627e-32,226.36195268352583,227.53647070610924,0.0,7.908667088381969e-15
132.92768201478748,13243.737971244165,147.56993701695316,216.64999999999998,15956.98699494248,0.25658443311384294,295.0694935090715,0.5001192609307011,0.6,1.3569699349930187,1.2207965461690207,2.803089770782569e-32,226.31841536857686,227.4876681924172,0.0,7.080521093422579e-15
133.0777132585965,13221.622652524731,147.23987543214182,216.64999999999998,16012.499686829527,0.25747706356989186,295.0694935090715,0.49900067160828043,0.6,1.3569699349930187,1.2195697227522728,2.246189001020832e-32,226.27521410681115,227.43924237260472,0.0,6.3382573073265996e-15
133.22774450240553,13199.556717530331,146.91162199829236,216.64999999999998,16068.081280475191,0.2583708019493025,295.0694935090715,0.49788821016760165,0.6,1.3569699349930187,1.2183524592067425,1.7994261596089315e-32,226.23234545181887,227.39118938346948,0.0,5.6730123964982005e-15
133.37777574621452,13177.539896034452,146.58516267219963,216.64999999999998,16123.731835791845,0.25926564921545114,295.0694935090715,0.4967818290157911,0.6,1.3569699349930187,1.2171446938570172,1.4411207780988737e-32,226.1898059946448,227.34350540379307,0.0,5.076880108634575e-15
133.52780699002355,13155.571919939921,146.2604835062378,216.64999999999998,16179.45141298628,0.26016160633644825,295.0694935090715,0.4956814808838963,0.6,1.3569699349930187,1.2159463648231663,1.1538577902267845e-32,226.14759236364958,227.29618665418593,0.0,4.542792089991069e-15
133.67783823383257,13133.65252319405,145.93757063837026,216.64999999999998,16235.24007271821,0.26105867428768714,295.0694935090715,0.49458711879302975,0.6,1.3569699349930187,1.214757409884879,9.236026909100449e-33,226.1057012228553,227.24922939523265,0.0,4.064333271052417e-15
133.82786947764157,13111.781441809848,145.61641029687445,216.64999999999998,16291.097875991256,0.261956854050091,295.0694935090715,0.4934986960703807,0.6,1.3569699349930187,1.2135777665692389,7.390843082336546e-33,226.06412927221476,227.20262992779377,0.0,3.635747452608827e-15
133.9779007214506,13089.958413910497,145.2969888097263,216.64999999999998,16347.024883982871,0.2628561466073783,295.0694935090715,0.49241616638102015,0.6,1.3569699349930187,1.212407372312389,5.9127149653065365e-33,226.02287324847765,227.15638459397675,0.0,3.251922518344167e-15
134.12793196525962,13068.183179633776,144.97929259335103,216.64999999999998,16403.02115823217,0.2637565529490829,295.0694935090715,0.4913394836897765,0.6,1.3569699349930187,1.211246164304185,4.728933220614803e-33,225.9819299233882,227.11048977511575,0.0,2.908227041008075e-15
134.27796320906862,13046.45548111984,144.66330815213462,216.64999999999998,16459.08676061693,0.2646580740701842,295.0694935090715,0.49026860225957974,0.6,1.3569699349930187,1.2100940794954715,3.781071499368323e-33,225.94129610328815,227.06494189132644,0.0,2.6004838595593195e-15
134.42799445287764,13024.775062573539,144.34902209031344,216.64999999999998,16515.221753137666,0.26556071096763534,295.0694935090715,0.48920347669175646,0.6,1.3569699349930187,1.208951054798419,3.022370716607791e-33,225.90096863031064,227.01973740284436,0.0,2.324987295112514e-15
134.57802569668667,13003.141670198815,144.03642110500962,216.64999999999998,16571.42619803075,0.2664644646421818,295.0694935090715,0.4881440619024258,0.6,1.3569699349930187,1.2078170269963742,2.415267567335053e-33,225.86094438114657,226.97487280864203,0.0,2.0784009988890766e-15
134.72805694049566,12981.555052149417,143.7254919806306,216.64999999999998,16627.700157842053,0.267369336099546,295.0694935090715,0.4870903131035197,0.6,1.3569699349930187,1.2066919326725372,1.929567306589378e-33,225.82122026600047,226.93034464525857,0.0,1.8577047163878344e-15
134.8780881843047,12960.01495857762,143.41622159817547,216.64999999999998,16684.043695246117,0.268275326347519,295.0694935090715,0.48604218583432224,0.6,1.3569699349930187,1.2055757083698964,1.5411041698047723e-33,225.78179322945735,226.88614948777152,0.0,1.6602088148500143e-15
135.0281194281137,12938.521141624491,143.10859693647993,216.64999999999998,16740.456873015926,0.2691824363954751,295.0694935090715,0.48499963596568907,0.6,1.3569699349930187,1.2044682906276627,1.2305205438927482e-33,225.74266025031378,226.84228394960724,0.0,1.4835123019451321e-15
135.1781506719227,12917.073355338292,142.80260506229456,216.64999999999998,16796.9397541824,0.270090667256936,295.0694935090715,0.48396261966642207,0.6,1.3569699349930187,1.2033696158431677,9.822581891010752e-34,225.7038183399943,226.7987446807659,0.0,1.3254383943091892e-15
135.32818191573173,12895.671355694205,142.49823313469966,216.64999999999998,16853.492401929685,0.27100001994788714,295.0694935090715,0.4829310934182315,0.6,1.3569699349930187,1.2022796203551822,7.838571187123037e-34,225.66526454280176,226.75552836810226,0.0,1.1840367196524906e-15
135.47821315954076,12874.314900635216,142.19546841380577,216.64999999999998,16910.114879432862,0.27191049548416846,295.0694935090715,0.48190501404522246,0.6,1.3569699349930187,1.20119824059616,6.253620087421837e-34,225.6269959367049,226.71263173620824,0.0,1.0575781380551937e-15
135.62824440334975,12853.003749980124,141.8942982495648,216.64999999999998,16966.80725004711,0.2728220948845156,295.0694935090715,0.4808843386759752,0.6,1.3569699349930187,1.2001254129341508,4.987793461616774e-34,225.58900963160957,226.67005154547533,0.0,9.44497795150885e-16
135.77827564715878,12831.73766541166,141.59471008118615,216.64999999999998,17023.569577287246,0.27373481917023124,295.0694935090715,0.47986902474156656,0.6,1.3569699349930187,1.199061073677696,3.977035227131213e-34,225.55130276898487,226.62778459167524,0.0,8.433860951598252e-16
135.9283068909678,12810.516410534718,141.29669144832297,216.64999999999998,17080.40192461946,0.27464866936183613,295.0694935090715,0.47885903001348057,0.6,1.3569699349930187,1.1980051592669911,3.170228183294059e-34,225.51387252296993,226.5858277072008,0.0,7.529948031747496e-16
136.0783381347768,12789.339750812736,141.00022998401076,216.64999999999998,17137.30435557757,0.2755636464809385,295.0694935090715,0.4778543125796768,0.6,1.3569699349930187,1.1969576061795426,2.5264197204910672e-34,225.47671609918197,226.54417775972962,0.0,6.722014871861472e-16
136.22836937858582,12768.207453520572,140.70531340911717,216.64999999999998,17194.276933837693,0.2764797515514346,295.0694935090715,0.476854830825781,0.6,1.3569699349930187,1.1959183508574192,2.012780059664857e-34,225.4398307337276,226.50283165111603,0.0,5.999911966940297e-16
136.37840062239485,12747.119287790234,140.4119295411312,216.64999999999998,17251.319723043584,0.2773969855967005,295.0694935090715,0.4758605434648717,0.6,1.3569699349930187,1.1948873298603497,1.6031097100985404e-34,225.40321369401394,226.46178631830014,0.0,5.354616106176741e-16
136.52843186620385,12726.075024600366,140.1200662950305,216.64999999999998,17308.432786782036,0.27831534963919613,295.0694935090715,0.47487140954041973,0.6,1.3569699349930187,1.1938644798954618,1.2764806235636377e-34,225.3668622785635,226.42103873310052,0.0,4.778084556075289e-16
136.67846311001287,12705.07443669828,139.82971167351207,216.64999999999998,17365.616188742457,0.27923484470303156,295.0694935090715,0.47388738839317934,0.6,1.3569699349930187,1.192849737678238,1.0161177085236004e-34,225.3307738155105,226.3805859005284,0.0,4.2630333259249856e-16
136.8284943538219,12684.117298618472,139.5408537711375,216.64999999999998,17422.869992616274,0.2801554718123493,295.0694935090715,0.4729084396752371,0.6,1.3569699349930187,1.1918430400117617,8.086243177160927e-35,225.2949456628393,226.34042485905516,0.0,3.80294563062471e-16
136.9785255976309,12663.203386720379,139.25348078242865,216.64999999999998,17480.194261942193,0.2810772319888361,295.0694935090715,0.47193452337744807,0.6,1.3569699349930187,1.1908443239304214,6.433274495818843e-35,225.2593752091083,226.30055268142374,0.0,3.392054010901507e-16
137.12855684143992,12642.332479100356,138.9675809908323,216.64999999999998,17537.589060295537,0.2820001262547676,295.0694935090715,0.47096559979203656,0.6,1.3569699349930187,1.1898535265405286,5.116804803978798e-35,225.22405987180366,226.26096647280318,0.0,3.025144628311436e-16
137.27858808524894,12621.504355580359,138.6831427680774,216.64999999999998,17595.054451269956,0.2829241556327141,295.0694935090715,0.4700016295104183,0.6,1.3569699349930187,1.1888705850232832,4.068535634023971e-35,225.18899709699286,226.22166337040028,0.0,2.697526871975021e-16
137.42861932905794,12600.718797762456,138.40015458472595,216.64999999999998,17652.590498277026,0.2838493211423181,295.0694935090715,0.46904257345895717,0.6,1.3569699349930187,1.187895436817479,3.234122578525642e-35,225.15418436035768,226.18264054461764,0.0,2.4050546862010534e-16
137.57865057286696,12579.975588967654,138.11860500310135,216.64999999999998,17710.19726466424,0.28477562380219174,295.0694935090715,0.4680883928749994,0.6,1.3569699349930187,1.1869280195222354,2.5701469792736454e-35,225.11961916605313,226.1438951977745,0.0,2.1440045253632461e-16
137.728681816676,12559.274514191084,137.83848267183765,216.64999999999998,17767.874813790342,0.28570306463112816,295.0694935090715,0.46713904928840094,0.6,1.3569699349930187,1.1859682708235824,2.0418974793354357e-35,225.08529904577827,226.10542456306516,0.0,1.9110131879927676e-16
137.87871306048498,12538.615360145057,137.5597763342012,216.64999999999998,17825.623208856872,0.28663164464539254,295.0694935090715,0.46619450454972944,0.6,1.3569699349930187,1.1850161286412262,1.6217530390692387e-35,225.05122155954044,226.06722590541565,0.0,1.703095799744369e-16
138.028744304294,12517.997915248188,137.28247482865976,216.64999999999998,17883.44251288833,0.28756136485840333,295.0694935090715,0.4652547208321934,0.6,1.3569699349930187,1.184071531152649,1.2877122866927507e-35,225.01738429546472,226.02929652127028,0.0,1.5175958749698579e-16
138.17877554810303,12497.421969551302,137.00656707932842,216.64999999999998,17941.33278889099,0.288492226283286,295.0694935090715,0.46431966059926266,0.6,1.3569699349930187,1.183134416654161,1.0221877358859344e-35,224.9837848683741,225.99163373699986,0.0,1.352110080574596e-16
138.32880679191203,12476.887314754875,136.73204209987983,216.64999999999998,17999.29409975641,0.2894242299313214,295.0694935090715,0.4633892866179207,0.6,1.3569699349930187,1.1822047236364626,8.111739224803629e-36,224.95042092002117,225.95423490916164,0.0,1.2044914122658133e-16
138.47883803572105,12456.393744244113,136.45888900110592,216.64999999999998,18057.326508113892,0.2903573768095732,295.0694935090715,0.4624635619842913,0.6,1.3569699349930187,1.1812823909206414,6.435451122464342e-36,224.91729011975923,225.91709742525137,0.0,1.0728431082820565e-16
138.62886927953008,12435.941053005181,136.18709698010704,216.64999999999998,18115.430076518664,0.2912916679239142,295.0694935090715,0.4615424500870001,0.6,1.3569699349930187,1.180367357498674,5.104163999147559e-36,224.8843901629833,225.880218701956,0.0,9.554523383707623e-17
138.77890052333908,12415.529037614453,135.91665531961772,216.64999999999998,18173.60486743605,0.29222710427877147,295.0694935090715,0.46062591460489005,0.6,1.3569699349930187,1.179459562534858,4.0470747969706846e-36,224.8517187708132,225.84359618479826,0.0,8.507801197172164e-17
138.9289317671481,12395.157496289796,135.6475533979854,216.64999999999998,18231.85094304821,0.2931636868740189,295.0694935090715,0.459713919540839,0.6,1.3569699349930187,1.1785589455407512,3.208011438384676e-36,224.81927369106288,225.8072273492233,0.0,7.574686651324664e-17
139.07896301095712,12374.826228832055,135.37978068215614,216.64999999999998,18290.168365373207,0.2941014167068916,295.0694935090715,0.45880642919798853,0.6,1.3569699349930187,1.1776654462760527,2.542219181212057e-36,224.78705269715581,225.77110969938278,0.0,6.743000831564311e-17
139.22899425476612,12354.535036582633,135.11332672235832,216.64999999999998,18348.557196340586,0.29504029477320154,295.0694935090715,0.4579034081617267,0.6,1.3569699349930187,1.1767790046751239,2.0140173728054354e-36,224.75505358725627,225.73524076716137,0.0,6.001755841866741e-17
139.37902549857515,12334.283722464143,134.8481811600036,216.64999999999998,18407.017497628814,0.29598032206472336,295.0694935090715,0.4570048213264645,0.6,1.3569699349930187,1.1758995609879361,1.5950965087376085e-36,224.72327418499364,225.6996181129884,0.0,5.341216720581942e-17
139.52905674238417,12314.072090969561,134.5843337280233,216.64999999999998,18465.549330649585,0.296921499568942,295.0694935090715,0.45611063389677625,0.6,1.3569699349930187,1.1750270557994518,1.262970967289271e-36,224.69171233927398,225.66423932562662,0.0,4.7527328269175546e-17
139.67908798619317,12293.899948091992,134.32177424157402,216.64999999999998,18524.152756705167,0.2978638282715828,295.0694935090715,0.4552208113559001,0.6,1.3569699349930187,1.1741614298915874,9.997154287200334e-37,224.66036592294472,225.6291020206757,0.0,4.22848617476982e-17
139.8291192300022,12273.767101341236,134.06049260174385,216.64999999999998,18582.827836896016,0.29880730915512616,295.0694935090715,0.4543353194782989,0.6,1.3569699349930187,1.173302624315481,7.910964045753543e-37,224.6292328330228,225.59420384082765,0.0,3.7615030907005617e-17
139.97915047381122,12253.673359776612,133.80047880264325,216.64999999999998,18641.574631979573,0.2997519431965368,295.0694935090715,0.4534541243536914,0.6,1.3569699349930187,1.1724505805205427,6.258400724782108e-37,224.59831099132177,225.55954245656983,0.0,3.345633787379448e-17
140.1291817176202,12233.618533927423,133.54172292086838,216.64999999999998,18700.393202556934,0.30069773137026545,295.0694935090715,0.4525771923513429,0.6,1.3569699349930187,1.171605240195783,4.949679748386452e-37,224.5675983429814,225.52511556453692,0.0,2.975330867224797e-17
140.27921296142924,12213.602435782916,133.28421511481824,216.64999999999998,18759.283609059028,0.30164467464802663,295.0694935090715,0.4517044901177512,0.6,1.3569699349930187,1.170766545270051,3.91345458922213e-37,224.53709285618035,225.49092088718862,0.0,2.6456163569813846e-17
140.42924420523826,12193.624878840687,133.02794563415853,216.64999999999998,18818.24591156008,0.30259277399579915,295.0694935090715,0.4508359846087199,0.6,1.3569699349930187,1.169934438079873,3.0932896471122053e-37,224.5067925230507,225.45695617383484,0.0,2.3521066602553975e-17
140.57927544904726,12173.685678050937,132.7729048129147,216.64999999999998,18877.280169897127,0.30354203037574784,295.0694935090715,0.44997164306595044,0.6,1.3569699349930187,1.1691088612693588,2.4443456269818038e-37,224.47669535865145,225.42321919948517,0.0,2.0908747833458402e-17
140.72930669285628,12153.784649776459,132.51908306431633,216.64999999999998,18936.3864437455,0.3044924447474374,295.0694935090715,0.44911143299956974,0.6,1.3569699349930187,1.1682897577171423,1.93097406904261e-37,224.4467994001602,225.38970776394265,0.0,1.8583817783098018e-17
140.8793379366653,12133.921611831205,132.2664708883189,216.64999999999998,18995.56479246174,0.30544401806530636,295.0694935090715,0.4482553222136214,0.6,1.3569699349930187,1.1674770706720037,1.5249743456103013e-37,224.41710270756255,225.35641969257662,0.0,1.651497750536949e-17
141.0293691804743,12114.096383469616,132.01505887176125,216.64999999999998,19054.815275071487,0.3063967512784726,295.0694935090715,0.44740327880659964,0.6,1.3569699349930187,1.1666707437683237,1.2040115879799822e-37,224.38760336347048,225.32335283611917,0.0,1.4674457373666075e-17
141.17940042428333,12094.30878532027,131.76483767936125,216.64999999999998,19114.137950424978,0.3073506453332335,295.0694935090715,0.4465552711409332,0.6,1.3569699349930187,1.1658707208896035,9.503298562435481e-38,224.35829947187065,225.29050506926197,0.0,1.3037187286029294e-17
141.32943166809235,12074.55863940175,131.51579805724515,216.64999999999998,19173.532877108188,0.308305701171637,295.0694935090715,0.44571126785494647,0.6,1.3569699349930187,1.1650769462377772,7.498710359880336e-38,224.32918915835046,225.25787429090977,0.0,1.1580838553376923e-17
141.47946291190135,12054.845769153444,131.26793083962198,216.64999999999998,19233.000113307833,0.30926191972931144,295.0694935090715,0.4448712378854791,0.6,1.3569699349930187,1.1642893644560317,5.915330661787999e-38,224.3002705706882,225.22545842484186,0.0,1.0285756309987958e-17
141.62949415571038,12035.16999936029,131.02122693855605,216.64999999999998,19292.539716995736,0.31021930193842934,295.0694935090715,0.44403515043322495,0.6,1.3569699349930187,1.163507920471686,4.664987389592633e-38,224.27154187746999,225.1932554181617,0.0,9.134230247071734e-18
141.7795253995194,12015.531156143481,130.775677343293,216.64999999999998,19352.151745916664,0.3111778487275124,295.0694935090715,0.44320297496044775,0.6,1.3569699349930187,1.1627325594955231,3.6778149621339047e-38,224.2430012678315,225.16126324100756,0.0,8.110388447760324e-18
141.9295566433284,11995.929067006273,130.5312731292595,216.64999999999998,19411.836257408348,0.31213756101853724,295.0694935090715,0.44237468122148144,0.6,1.3569699349930187,1.1619632271831677,2.898714492555759e-38,224.21464695232385,225.12947988752302,0.0,7.200280882588528e-18
142.07958788713742,11976.363560781065,130.28800545130105,216.64999999999998,19471.59330852072,0.3130984397288529,295.0694935090715,0.4415502392398133,0.6,1.3569699349930187,1.1611998695347052,2.2840318070257887e-38,224.18647716194633,225.09790337477264,0.0,6.3914263883685174e-18
142.22961913094645,11956.834467591803,130.04586553870433,216.64999999999998,19531.422956090868,0.31406048577238554,295.0694935090715,0.44072961929121374,0.6,1.3569699349930187,1.1604424328224259,1.7991581496933102e-38,224.15849014739558,225.06653174190063,0.0,5.672589906199422e-18
142.37965037475544,11937.341618890627,129.80484470237704,216.64999999999998,19591.32525659128,0.31502370005719915,295.0694935090715,0.43991279192806954,0.6,1.3569699349930187,1.1596908637215886,1.416796817633634e-38,224.13068417972485,225.03536305086942,0.0,5.033852710007586e-18
142.52968161856447,11917.884847447567,129.56493433487,216.64999999999998,19651.30026612075,0.31598808348534846,295.0694935090715,0.4390997279794589,0.6,1.3569699349930187,1.1589451093226253,1.1153914125192986e-38,224.10305755017188,225.0043953862671,0.0,4.466428292675012e-18
142.6797128623735,11898.463987288038,129.32612590168264,216.64999999999998,19711.348040557365,0.3169536369553394,295.0694935090715,0.43829039852168483,0.6,1.3569699349930187,1.158205116996702,8.778525952614816e-39,224.075608568988,224.97362685399474,0.0,3.9623927135605425e-18
142.8297441061825,11879.078873708027,129.08841094463722,216.64999999999998,19771.468635473302,0.3179203613607589,295.0694935090715,0.4374847748897111,0.6,1.3569699349930187,1.1574708344623927,6.906896139274365e-39,224.04833556566336,224.94305558151882,0.0,3.514699344376541e-18
142.9797753499915,11859.729343303197,128.8517810881856,216.64999999999998,19831.662106005282,0.31888825758819195,295.0694935090715,0.4366828286985358,0.6,1.3569699349930187,1.1567422099029165,5.4328018855114426e-39,224.02123688948515,224.9126797184971,0.0,3.11715682097945e-18
143.12980659380054,11840.41523389783,128.6162280295127,216.64999999999998,19891.92850703609,0.3198573265201402,295.0694935090715,0.43588453180965175,0.6,1.3569699349930187,1.1560191918111136,4.2721166591287227e-39,223.99431090823913,224.8824974353229,0.0,2.764192405289209e-18
143.27983783760953,11821.136384536234,128.38174353788398,216.64999999999998,19952.267893184107,0.3208275690348539,295.0694935090715,0.43508985632883485,0.6,1.3569699349930187,1.1553017289881125,3.3583719704173965e-39,223.96755600797906,224.85250692286704,0.0,2.450818308011973e-18
143.42986908141856,11801.892635526257,128.1483194632268,216.64999999999998,20012.680318629267,0.32179898600353296,295.0694935090715,0.434298774635227,0.6,1.3569699349930187,1.1545897706988384,2.6393062642020744e-39,223.94097059384956,224.82270639339973,0.0,2.1726592150877468e-18
143.57990032522758,11782.683828389205,127.91594772954012,216.64999999999998,20073.16583723152,0.3227715782922323,295.0694935090715,0.43351125935900087,0.6,1.3569699349930187,1.1538832665719032,2.0736306441579496e-39,223.91455308917642,224.79309407957118,0.0,1.925805482607499e-18
143.72993156903658,11763.509805824531,127.68462033010337,216.64999999999998,20133.724502605044,0.32374534676305455,295.0694935090715,0.4327272833651232,0.6,1.3569699349930187,1.1531821665284112,1.6287042155900315e-39,223.88830193477088,224.76366823363168,0.0,1.706741811425952e-18
143.8799628128456,11744.370411744785,127.45432933434887,216.64999999999998,20194.35636797152,0.32472029227179144,295.0694935090715,0.4319468197766452,0.6,1.3569699349930187,1.1524864209083308,1.2788596600901654e-39,223.86221558956152,224.73442712813974,0.0,1.5123703757103153e-18
144.02999405665463,11725.265491265827,127.22506688778454,216.64999999999998,20255.061486153405,0.32569641566781504,295.0694935090715,0.43116984197444047,0.6,1.3569699349930187,1.1517959804800224,1.0038864475971688e-39,223.83629253043378,224.70536905578265,0.0,1.3399512966606695e-18
144.18002530046363,11706.19489064796,126.996825203617,216.64999999999998,20315.839909724276,0.3266737177964956,295.0694935090715,0.4303963235688161,0.6,1.3569699349930187,1.1511107963081697,7.878071609459774e-40,223.81053125113587,224.67649232814946,0.0,1.1870162918311243e-18
144.33005654427265,11687.15845731058,126.76959656599134,216.64999999999998,20376.691690926884,0.32765219949788366,295.0694935090715,0.4296262384104915,0.6,1.3569699349930187,1.1504308198181135,6.180460507567423e-40,223.78493026250345,224.6477952759833,0.0,1.0513737641456829e-18
144.48008778808165,11668.15603985981,126.54337333597275,216.64999999999998,20437.61688154856,0.32863186160470687,295.0694935090715,0.4288595606108713,0.6,1.3569699349930187,1.1497560029081038,4.847310224089463e-40,223.75948809299027,224.61927624977602,0.0,9.311017120611242e-19
144.63011903189067,11649.187488021435,126.3181479419912,216.64999999999998,20498.61553309974,0.3296127049452403,295.0694935090715,0.4280962645096611,0.6,1.3569699349930187,1.1490862977967546,3.800655042334908e-40,223.73420328745033,224.59093361840314,0.0,8.244720633594985e-19
144.7801502756997,11630.252652633071,126.09391287921969,216.64999999999998,20559.68769680475,0.33059473034315867,295.0694935090715,0.4273363246727609,0.6,1.3569699349930187,1.1484216570212404,2.9790725140463084e-40,223.7090744069333,224.56276576889437,0.0,7.2994015414933915e-19
144.9301815195087,11611.351385685612,125.87066071777978,216.64999999999998,20620.8334234333,0.3315779386148263,295.0694935090715,0.4265797159200738,0.6,1.3569699349930187,1.1477620335875045,2.3344156876672985e-40,223.68410002946865,224.53477110731274,0.0,6.461536682648433e-19
145.08021276331772,11592.48354027585,125.64838409633836,216.64999999999998,20682.05276341785,0.33256233057118484,295.0694935090715,0.4258264133038053,0.6,1.3569699349930187,1.1471073808708168,1.8287549035184737e-40,223.65927874921147,224.50694805779702,0.0,5.719057584926725e-19
145.23024400712674,11573.648970573444,125.42707571750866,216.64999999999998,20743.345766926912,0.33354790701893167,295.0694935090715,0.42507639209287684,0.6,1.3569699349930187,1.1464576525458658,1.432190439703154e-40,223.63460917579835,224.4792950618398,0.0,5.061125456226459e-19
145.38027525093574,11554.847531854311,125.2067283544456,216.64999999999998,20804.712483722775,0.3345346687582321,295.0694935090715,0.42432962779527833,0.6,1.3569699349930187,1.1458128027091403,1.121281716745704e-40,223.61008993495454,224.451810578968,0.0,4.478206211648931e-19
145.53030649474476,11536.079080491385,124.98733485069621,216.64999999999998,20866.152963156983,0.3355226165826469,295.0694935090715,0.42358609615756043,0.6,1.3569699349930187,1.1451727858862664,8.776257984971381e-41,223.58571966834617,224.4244930865772,0.0,3.961880830414207e-19
145.6803377385538,11517.343473899266,124.76888811214309,216.64999999999998,20927.667254317657,0.33651175128150107,295.0694935090715,0.42284577313753124,0.6,1.3569699349930187,1.1445375569025384,6.867153599055246e-41,223.56149703255795,224.39734107878576,0.0,3.504572900251855e-19
145.83036898236278,11498.640570548421,124.55138111012644,216.64999999999998,20989.25540595054,0.337502073638614,295.0694935090715,0.42210863491483674,0.6,1.3569699349930187,1.143907070945187,5.371657298129193e-41,223.53742069931783,224.37035306668665,0.0,3.0995658439911216e-19
145.9804002261718,11479.97022999146,124.33480688713695,216.64999999999998,21050.917466339015,0.3384935844303708,295.0694935090715,0.42137465791025414,0.6,1.3569699349930187,1.1432812836711654,4.200668790974274e-41,223.51348935600325,224.34352757891483,0.0,2.7409804486544735e-19
146.13043146998083,11461.332312799957,124.11915854760517,216.64999999999998,21112.653483479175,0.33948628442853684,295.0694935090715,0.42064381875447693,0.6,1.3569699349930187,1.1426601510573495,3.2840191976300556e-41,223.4897017044993,224.31686316036757,0.0,2.423536479955462e-19
146.28046271378983,11442.726680557322,123.90442925731632,216.64999999999998,21174.463505071853,0.34048017440012973,295.0694935090715,0.41991609428613147,0.6,1.3569699349930187,1.1420436293984264,2.566589792685599e-41,223.46605646101813,224.29035837200166,0.0,2.1425203174716173e-19
146.43049395759886,11424.15319589835,123.69061225127705,216.64999999999998,21236.347578359193,0.3414752551047916,295.0694935090715,0.4191914615784378,0.6,1.3569699349930187,1.14143167545232,2.0053076159367128e-41,223.442552356848,224.26401179167334,0.0,1.893813548715933e-19
146.58052520140788,11405.611722464555,123.47770082750931,216.64999999999998,21298.305750240514,0.342471527296652,295.0694935090715,0.4184698979181769,0.6,1.3569699349930187,1.1408242463417224,1.5663376891659876e-41,223.41918813755194,224.2378220132399,0.0,1.673745477948308e-19
146.73055644521688,11387.102124873178,123.26568834264299,216.64999999999998,21360.33806734458,0.3434689917254899,295.0694935090715,0.4177513807907538,0.6,1.3569699349930187,1.1402212994856002,1.2230847078040395e-41,223.39596256237147,224.21178764589132,0.0,1.4790231978097556e-19
146.8805876890259,11368.62426874922,123.05456821826145,216.64999999999998,21422.444575891575,0.34446764913451466,295.0694935090715,0.4170358879017031,0.6,1.3569699349930187,1.1396227927179867,9.547623339912582e-42,223.3728744048112,224.18590731480566,0.0,1.3067555592903159e-19
147.03061893283493,11350.178020716816,122.84433394070241,216.64999999999998,21484.625321690113,0.3454675002603175,295.0694935090715,0.41632339717601385,0.6,1.3569699349930187,1.1390286842935309,7.450997522394844e-42,223.34992245250376,224.16017966099753,0.0,1.1543936446331122e-19
147.18065017664392,11331.763248347166,122.63497905331668,216.64999999999998,21546.88035028165,0.34646854583519376,295.0694935090715,0.41561388673189437,0.6,1.3569699349930187,1.1384389327607534,5.813068885242767e-42,223.32710550625472,224.13460334024748,0.0,1.0196460762570175e-19
147.33068142045295,11313.379820172335,122.42649715948745,216.64999999999998,21609.209706864196,0.34747078658591646,295.0694935090715,0.4149073348910047,0.6,1.3569699349930187,1.1378534970224914,4.5337678491556854e-42,223.30442238026686,224.1091770233536,0.0,9.004847386715587e-20
147.48071266426197,11295.027605710377,122.2188819280672,216.64999999999998,21671.613436176383,0.3484742232318717,295.0694935090715,0.41420372019688223,0.6,1.3569699349930187,1.1372723364397124,3.5350154815958046e-42,223.2818719026248,224.0838993966745,0.0,7.951377594780486e-20
147.63074390807097,11276.70647540579,122.01212708450682,216.64999999999998,21734.09158266911,0.3494788564878191,295.0694935090715,0.4135030213848784,0.6,1.3569699349930187,1.1366954106845948,2.7554973215792307e-42,223.25945291422428,224.05876916092933,0.0,7.020155211862752e-20
147.78077515188,11258.416300623056,121.80622641031171,216.64999999999998,21796.6441904986,0.35048468706377994,295.0694935090715,0.412805217380315,0.6,1.3569699349930187,1.1361226797382542,2.147191410519542e-42,223.23716426861313,224.0337850310194,0.0,6.1970085911777e-20
147.93080639568902,11240.156953684544,121.6011737506032,216.64999999999998,21859.27130336745,0.3514917156624812,295.0694935090715,0.4121102873241104,0.6,1.3569699349930187,1.1355541040318562,1.672686807496153e-42,223.21500483270896,224.00894573683254,0.0,5.469580687683956e-20
148.08083763949801,11221.92830782831,121.39696300811245,216.64999999999998,21921.972964638942,0.35249994298119375,295.0694935090715,0.41141821055242456,0.6,1.3569699349930187,1.1349896443493337,1.3026811033051796e-42,223.19297348604695,223.9842500224003,0.0,4.826871911570099e-20
148.23086888330704,11203.730237179112,121.19358813896162,216.64999999999998,21984.7492174083,0.3535093697128783,295.0694935090715,0.410728966582361,0.6,1.3569699349930187,1.134429261760397,1.0142082994445156e-42,223.1710691202278,223.95969664527863,0.0,4.2590260627802143e-20
148.38090012711606,11185.562616779203,120.9910431587845,216.64999999999998,22047.600104368168,0.35451999654402194,295.0694935090715,0.4100425351327104,0.6,1.3569699349930187,1.1338729177360918,7.893738850404733e-43,223.14929063948165,223.93528437718052,0.0,3.7574057434492536e-20
148.53093137092506,11167.425322580291,120.78932214249426,216.64999999999998,22110.525667807156,0.3555318241546153,295.0694935090715,0.4093588961231628,0.6,1.3569699349930187,1.1333205741528984,6.142123954920462e-43,223.12763696054543,223.9110120038381,0.0,3.314408285943752e-20
148.68096261473409,11149.31823139457,120.58841921684909,216.64999999999998,22173.525949751223,0.35654485322042545,295.0694935090715,0.40867802964911304,0.6,1.3569699349930187,1.1327721931687647,4.777773264194965e-43,223.10610701176984,223.88687832400177,0.0,2.923206431855677e-20
148.8309938585431,11131.241220908189,120.38832856338173,216.64999999999998,22236.600991889663,0.3575590844118059,295.0694935090715,0.40799991599158847,0.6,1.3569699349930187,1.1322277372819514,3.715299932710755e-43,223.08469973334326,223.86288214969136,0.0,2.5777669872354385e-20
148.9810251023521,11113.194169705319,120.18904442360785,216.64999999999998,22299.75083546295,0.35857451839189347,295.0694935090715,0.40732453563490056,0.6,1.3569699349930187,1.1316871694313042,2.8882858472333754e-43,223.0634140777567,223.839022306717,0.0,2.2728292179110897e-20
149.13105634616113,11095.176957212023,119.99056109048621,216.64999999999998,22362.97552143087,0.3595911558193114,295.0694935090715,0.4066518692377031,0.6,1.3569699349930187,1.1311504528522778,2.2447227328466625e-43,223.04224900879922,223.81529763355323,0.0,2.0036786472988153e-20
149.28108758997016,11077.189463690458,119.79287290791886,216.64999999999998,22426.275090466424,0.36060899734807156,295.0694935090715,0.40598189763129816,0.6,1.3569699349930187,1.1306175510746095,1.743997733817661e-43,223.02120350141846,223.79170698118273,0.0,1.7661178331187806e-20
149.43111883377915,11059.231570275238,119.59597427803611,216.64999999999998,22489.649582800866,0.3616280436250826,295.0694935090715,0.40531460184432555,0.6,1.3569699349930187,1.130088428059555,1.354570576937213e-43,223.00027654240935,223.76824921386813,0.0,1.556494307187226e-20
149.58115007758818,11041.303158933593,119.39985965538988,216.64999999999998,22553.099038336608,0.3626482952919656,295.0694935090715,0.4046499630830833,0.6,1.3569699349930187,1.1295630481039378,1.0518088561462069e-43,222.97946712970804,223.74492320836066,0.0,1.371561005347739e-20
149.7311813213972,11023.404113664106,119.2045194557151,216.64999999999998,22616.623492360213,0.3636697529161198,295.0694935090715,0.40398794886618916,0.6,1.3569699349930187,1.1290412981336069,8.164631091094252e-44,222.9587738392582,223.72172736838533,0.0,1.208411920797908e-20
149.8812125652062,11005.534303169054,119.01021308922132,216.73766394071262,22680.21328125019,0.3645447539328128,295.12918503561775,0.4032478627108957,0.6,1.3569699349930187,1.1280712271290518,6.336054591934435e-44,223.02588762203314,223.78635591140971,0.0,1.0645257543520955e-20
150.03124380901522,10987.69353064976,118.81746572349098,216.8532287833939,22743.8454417761,0.3653727123312251,295.207856208902,0.40248747865101037,0.6,1.3569699349930187,1.1269739641879148,4.916243378216037e-44,223.12110031144175,223.87910730682356,0.0,9.37698896396813e-21
150.18127505282425,10969.88155484864,118.6263885234156,216.9686077393332,22807.519384598134,0.36620077333519524,295.28637992984324,0.40173335645077807,0.6,1.3569699349930187,1.1258980802092822,3.8140089489637404e-44,223.21633602780025,223.97190699422973,0.0,8.259192176947913e-21
150.33130629663324,10952.098126380717,118.43687290269567,217.08380242083655,22871.235555466556,0.3670289433355681,295.36475741289735,0.40098512070324616,0.6,1.3569699349930187,1.1248416310004283,2.9583278491345685e-44,223.31158411367608,224.06474283235093,0.0,7.273942582636142e-21
150.48133754044227,10934.343014697524,118.24890558065628,217.19881431823353,22934.994339506193,0.3678572279197911,295.44298978805443,0.4002427191299613,0.6,1.3569699349930187,1.123804475703592,2.2942708789401126e-44,223.40684387658501,224.15761386472371,0.0,6.405736411431321e-21
150.6313687842513,10916.615989607039,118.06245846762937,217.31364491958314,22998.79612704725,0.3686856327286299,295.52107818234924,0.3995060494290013,0.6,1.3569699349930187,1.1227861910160044,1.778989683646727e-44,223.50211308457816,224.2505174095189,0.0,5.6407055851828035e-21
150.7814000280603,10898.916825063112,117.877504085404,217.42829568612626,23062.64129993343,0.36951416327845393,295.5990237031841,0.3987750115296956,0.6,1.3569699349930187,1.1217863631949048,1.3791677084768902e-44,223.5973895677239,224.34345085766782,0.0,4.966555096809834e-21
150.93143127186931,10881.245299171338,117.6940155707933,217.54276805224697,23126.530231340257,0.37034282495926896,295.67682743833427,0.398049507600792,0.6,1.3569699349930187,1.1208045881502728,1.0690276279866412e-44,223.69267121756823,224.4364116722623,0.0,4.372614416194745e-21
151.08146251567834,10863.601193992212,117.51196664336472,217.65706342674656,23190.46328632807,0.37117162304227586,295.7544904568441,0.39732944193627323,0.6,1.3569699349930187,1.1198404708846672,8.285017913003876e-45,223.7879559841836,224.52939738509232,0.0,3.849403559083724e-21
151.23149375948734,10845.984295439379,117.33133158885425,217.77118319350205,23254.44082205897,0.372000562683049,295.8320138095043,0.3966147208949727,0.6,1.3569699349930187,1.1188936252170245,6.419682924333168e-45,223.88324187428563,224.62240559445542,0.0,3.3884689220808985e-21
151.38152500329636,10828.39439329384,117.15208526378741,217.88512871137323,23318.46318759617,0.3728296489192978,295.9093985288178,0.39590525291266915,0.6,1.3569699349930187,1.1179636738943683,4.9733957419036585e-45,223.9785269508374,224.7154339647244,0.0,2.982450378878117e-21
151.53155624710539,10810.831281085631,116.97420307697452,217.99890131496838,23382.530724186465,0.37365888667488345,295.9866456295483,0.39520094843527964,0.6,1.3569699349930187,1.1170502482819014,3.852342658618334e-45,224.0738093311225,224.8084802240947,0.0,2.6248783000812354e-21
151.68158749091438,10793.294755933208,116.79766096288333,218.11250231568386,23446.643765703222,0.3744882807658982,296.06375610945383,0.3945017198245083,0.6,1.3569699349930187,1.1161529879031238,2.9834367538500164e-45,224.16908718428294,224.9015421616988,0.0,2.3099635949505517e-21
151.8316187347234,10775.784618540174,116.62243538255746,218.22593300172466,23510.802638520076,0.37531783589936396,296.14073094932735,0.3938074813576141,0.6,1.3569699349930187,1.11527154048318,2.3100434608007188e-45,224.26435873073063,224.9946176269441,0.0,2.0326228011192403e-21
151.98164997853243,10758.30067316125,116.4485033199472,218.33919463832407,23575.007661497613,0.3761475566733935,296.21757111317237,0.39311814921153715,0.6,1.3569699349930187,1.1144055619096178,1.7883507232003738e-45,224.35962224129722,225.08770452853338,0.0,1.788434606642409e-21
152.13168122234143,10740.842727410143,116.27584224998819,218.4522884689876,23639.25914655432,0.3769774475848938,296.294277549073,0.392433641350803,0.6,1.3569699349930187,1.113554715674721,1.3842351636544422e-45,224.45487603450877,225.18080083125938,0.0,1.5734453248420925e-21
152.28171246615045,10723.410592226139,116.10443013373649,218.56521571570866,23703.557398660654,0.37780751302979876,296.3708511893647,0.3917538775078529,0.6,1.3569699349930187,1.112718672812091,1.0712108289672927e-45,224.55011847566414,225.2739045549457,0.0,1.3841533074777037e-21
152.43174370995948,10706.004081883379,115.93424542231857,218.67797757890776,23767.902715676584,0.37863775730127913,296.4472929506181,0.3910787791934089,0.6,1.3569699349930187,1.1118971119966021,8.288246275819189e-46,224.6453479765615,225.36701377414764,0.0,1.217525430834487e-21
152.58177495376847,10688.623013827157,115.76526702995996,218.7905752384924,23832.295388830502,0.37946818459622744,296.5236037343811,0.39040826960156527,0.6,1.3569699349930187,1.1110897190760936,6.411767421311565e-46,224.74056299317598,225.46012661542065,0.0,1.0708671538694463e-21
152.7318061975775,10671.267208592468,115.59747432070691,218.9030098543841,23896.735702899878,0.38029879901787617,296.59978442755977,0.3897422735616989,0.6,1.3569699349930187,1.1102961868528103,4.9590975465465554e-46,224.83576202424572,225.5532412556719,0.0,9.41776920275866e-22
152.88183744138652,10653.936489819995,115.43084711311843,219.01528256641393,23961.223936033097,0.3811296045737861,296.67583590237024,0.3890807175516118,0.6,1.3569699349930187,1.1095162151961366,3.834788204874024e-46,224.9309436110919,225.6463559219709,0.0,8.281660235160132e-22
153.03186868519552,10636.63068416082,115.26536566540054,219.1273944949396,24025.76035998598,0.3819606051791768,296.751759016779,0.3884235296441265,0.6,1.3569699349930187,1.1087495107956247,2.9648843258832316e-46,225.02610633616476,225.73946888984537,0.0,7.281998660717623e-22
153.18189992900454,10619.349621144956,115.10101065352244,219.23934674169615,24090.345240497798,0.3827918046620409,296.8275546151008,0.3877706394299379,0.6,1.3569699349930187,1.1079957867831618,2.2918645774422962e-46,225.1212488211301,225.83257848103307,0.0,6.402376263968459e-22
153.33193117281357,10602.093133181557,114.93776317255302,219.3511403897943,24154.978837180402,0.3836232067619794,296.9032235280188,0.38712197801956943,0.6,1.3569699349930187,1.1072547627827527,1.7712348493308047e-46,225.2163697265019,225.92568306307052,0.0,5.628397893965181e-22
153.48196241662257,10584.86105553442,114.77560473433947,219.46277650387827,24219.661403499675,0.38445481513022656,296.97876657271235,0.3864774780328875,0.6,1.3569699349930187,1.106526164893841,1.3686363061798316e-46,225.31146775107032,226.01878104863255,0.0,4.947556311138389e-22
153.6319936604316,10567.653226164142,114.61451724115535,219.5742561311481,24284.393187260597,0.3852866333361427,297.05418455356863,0.38583707350699376,0.6,1.3569699349930187,1.1058097252297556,1.0573530399889545e-46,225.40654162975963,226.11187089300768,0.0,4.348672747778908e-22
153.78202490424061,10550.46948570216,114.45448298196983,219.685580301527,24349.174430601928,0.38611866486738927,297.1294782623163,0.3852006998811656,0.6,1.3569699349930187,1.1051051818727122,8.166852177150509e-47,225.50159013296178,226.20495109333075,0.0,3.8218537592055145e-22
153.9320561480496,10533.309677462854,114.29548463661145,219.79675002758256,24414.005369848324,0.3869509131282732,297.20464847799104,0.3845682940086161,0.6,1.3569699349930187,1.104412278976236,6.306778893805521e-47,225.5966120664366,226.29802018848054,0.0,3.358539963921838e-22
154.08208739185864,10516.173647309082,114.1375052535027,219.9077663053973,24478.886235917245,0.3877833814452105,297.2796959675434,0.38393979407851686,0.6,1.3569699349930187,1.1037307663775322,4.869494361321356e-47,225.69160626948732,226.39107675692958,0.0,2.9511321084872945e-22
154.23211863566766,10499.06124358591,113.98052823881166,220.01863011499745,24543.817254473204,0.38861607306893375,297.3546214861471,0.38331513957694346,0.6,1.3569699349930187,1.103060399419737,3.7589380325243557e-47,225.78657161387656,226.48411941547695,0.0,2.592861390248492e-22
154.38214987947666,10481.972317137679,113.82453736110978,220.12934242024187,24608.798645768125,0.38944899117266923,297.42942577714206,0.3826942713005008,0.6,1.3569699349930187,1.1024009390624034,2.9010547433269503e-47,225.88150700378617,226.5771468192168,0.0,2.277847681606894e-22
154.53218112328568,10464.90672123107,113.66951673936212,220.23990416932014,24673.83062483939,0.39028213885489943,297.5041095723883,0.3820771313133885,0.6,1.3569699349930187,1.1017521516826632,2.2385697491380044e-47,225.9764113747072,226.67015766023385,0.0,2.000930632601959e-22
154.6822123670947,10447.864311446943,113.51545082480979,220.3503162954525,24738.9134018306,0.39111551914368753,297.5786735927566,0.3814636628838475,0.6,1.3569699349930187,1.1011138087614185,1.7270145791213527e-47,226.071283691933,226.76315066582964,0.0,1.757497514706363e-22
154.8322436109037,10430.844945683113,113.36232440258613,220.4605797168717,24804.047181892973,0.3919491349956214,297.65311854813234,0.38085381048764233,0.6,1.3569699349930187,1.1004856869360322,1.332057530810899e-47,226.1661229503422,226.85612459828135,0.0,1.5435055973182044e-22
154.98227485471273,10413.848484137288,113.21012259040383,220.57069533693294,24869.2321651625,0.39278298929572986,297.7274451375068,0.3802475198015998,0.6,1.3569699349930187,1.099867567999315,1.0272383071513088e-47,226.26092817402036,226.9490782544045,0.0,1.3554463139884678e-22
155.13230609852175,10396.874789176727,113.05883081663981,220.6806640449579,24934.468547173663,0.39361708486297714,297.80165404956256,0.37964473762735934,0.6,1.3569699349930187,1.0992592385136324,7.920195663825468e-48,226.3556984145545,227.04201046353904,0.0,1.1901855494418184e-22
155.28233734233075,10379.92372531808,112.90843481748298,220.79048671636474,24999.756518854494,0.39445142445039183,297.87574596277744,0.3790454118798649,0.6,1.3569699349930187,1.098660489779065,6.105188497265526e-48,226.45043275054863,227.13492008699075,0.0,1.0449517949088221e-22
155.43236858613977,10362.995159241535,112.75892064119267,220.90016421257633,25065.096266390417,0.3952860107435191,297.94972154537726,0.37844949159994323,0.6,1.3569699349930187,1.0980711179353884,4.705188946662186e-48,226.5451302876371,227.22780601805715,0.0,9.173503937405419e-23
155.5823998299488,10346.088959679802,112.61027462958563,221.00969738173887,25130.487971571576,0.3961208463650474,298.0235814558363,0.37785692688977096,0.6,1.3569699349930187,1.0974909236380037,3.625561778012782e-48,226.6397901570337,227.32066718031425,0.0,8.052567473287264e-23
155.7324310737578,10329.204997363904,112.46248340911342,221.11908705907263,25195.93181192504,0.39695593387667566,298.0973263431279,0.37726766888094243,0.6,1.3569699349930187,1.0969197119116432,2.7930244002865935e-48,226.7344115146902,227.41350252663096,0.0,7.067797248194802e-23
155.88246231756682,10312.343145040928,112.31553389543409,221.2283340667568,25261.42796057024,0.39779127577744633,298.17095684666174,0.3766816697482505,0.6,1.3569699349930187,1.0963572922570908,2.1511966520952276e-48,226.82899354134713,227.50631103923993,0.0,6.202785661736307e-23
156.03249356137584,10295.503277411744,112.16941328366138,221.33743921433225,25326.976586384713,0.3986268745060356,298.24447359656887,0.3760988826749943,0.6,1.3569699349930187,1.0958034784896444,1.6565581070441308e-48,226.92353544167696,227.59909172872835,0.0,5.4431468939076e-23
156.18252480518484,10278.685271041488,112.02410903325323,221.44640329928149,25392.577854279705,0.3994627324444374,298.31787721410643,0.3755192618002311,0.6,1.3569699349930187,1.0952580884757703,1.2753829084607669e-48,227.01803644308345,227.69184363262207,0.0,4.7760296468278647e-23
156.33255604899387,10261.889004364259,111.87960886981627,221.55522710699765,25458.231925111068,0.4002988519169905,298.3911683116504,0.3749427622233283,0.6,1.3569699349930187,1.0947209441866768,9.81685852263117e-49,227.11249579558708,227.78456581526072,0.0,4.190182934060785e-23
156.4825872928029,10245.114357671913,111.73590078455672,221.66391141085666,25523.93895565228,0.4011352351901995,298.4643474927567,0.3743693400005452,0.6,1.3569699349930187,1.0941918717083414,7.554802440557224e-49,227.2069127715824,227.87725736751727,0.0,3.675854170610792e-23
156.6326185366119,10228.361213005734,111.59297301591685,221.77245697291897,25589.699098949768,0.40197188447741766,298.5374153526473,0.37379895208142555,0.6,1.3569699349930187,1.0936707009157143,5.812827335929096e-49,227.30128666446487,227.9699174051737,0.0,3.2243370160156334e-23
156.7826497804209,10211.62945414088,111.45081404740955,221.88086454402978,25655.51250431794,0.4028088019389358,298.61037247828983,0.3732315563000494,0.6,1.3569699349930187,1.0931572654504405,4.4714326293384705e-49,227.39561678827678,228.0625450685121,0.0,2.827939170550177e-23
156.93268102422994,10194.918966602005,111.30941261190078,221.9891348637176,25721.379317211915,0.40364598968051413,298.6832194483414,0.3726671113880646,0.6,1.3569699349930187,1.0926514028208976,3.4388890757267016e-49,227.4899024777944,228.15513952242452,0.0,2.4800235302950734e-23
157.08271226803893,10178.229637571008,111.16875767610287,222.0972686607915,25787.2996795261,0.40448344975732897,298.755956833563,0.3721055769208813,0.6,1.3569699349930187,1.0921529541286377,2.6442808925462822e-49,227.58414308736076,228.24769995503263,0.0,2.174705791526797e-23
157.23274351184796,10161.561355842507,111.02883843318675,222.20526665362945,25853.273729707984,0.40532118417555957,298.8285851970247,0.37154691329138684,0.6,1.3569699349930187,1.0916617639466326,2.0328018010634598e-49,227.67833799022515,228.34022557691208,0.0,1.9067521118061482e-23
157.38277475565698,10144.914011841971,110.88964430724413,222.31312955006038,25919.301602625303,0.40615919489084074,298.90110509403826,0.3709910817236918,0.6,1.3569699349930187,1.0911776804216644,1.562376416833562e-49,227.77248657865204,228.43271562122914,0.0,1.671627684661277e-23
157.53280599946598,10128.287497575153,110.75116494533336,222.42085804769147,25985.383429705547,0.40699748381017403,298.9735170723879,0.3704380442449628,0.6,1.3569699349930187,1.090700555142046,1.2005920722220289e-49,227.86658826325404,228.52516934295338,0.0,1.4653604078661803e-23
157.682837243275,10111.681706553505,110.61339020477818,222.5284528343912,26051.5193391737,0.407836052795077,299.04582167266653,0.3698877636413019,0.6,1.3569699349930187,1.0902302429143453,9.223802719411038e-50,227.9606424720235,228.6175860177136,0.0,1.2844042100853504e-23
157.83286848708403,10095.096533800363,110.47631015509916,222.635914588249,26117.709455970904,0.40867490366068115,299.1180194282592,0.3693402034630546,0.6,1.3569699349930187,1.0897666018167602,7.084670045666743e-50,228.05464865028836,228.70996494175338,0.0,1.1256581808301162e-23
157.98289973089302,10078.531875844283,110.33991507804737,222.74324397761794,26183.953901724104,0.4095140381754763,299.19011086538205,0.36879532802370546,0.6,1.3569699349930187,1.0893094932170606,5.440589883341573e-50,228.1486062605668,228.80230543176285,0.0,9.864378148028025e-24
158.13293097470205,10061.987630628408,110.20419545209555,222.85044166170195,26250.2527950528,0.41035345806532314,299.26209650348767,0.3682531023463949,0.6,1.3569699349930187,1.0888587814948427,4.177187833281857e-50,228.2425147814479,228.8946068235531,0.0,8.643481759578087e-24
158.28296221851107,10045.463697498597,110.069141950813,222.9575082906322,26316.606251563724,0.4111931650135051,299.3339768553257,0.3677134921573293,0.6,1.3569699349930187,1.0884143340263102,3.2063732186593115e-50,228.3363737073327,228.98686847175654,0.0,7.572752340001305e-24
158.43299346232007,10028.959977220018,109.93474544713067,223.06444450535952,26383.01438373117,0.4120331606593332,299.4057524268811,0.36717646389903014,0.6,1.3569699349930187,1.0879760212817498,2.4606756740456956e-50,228.43018254856983,229.07908974999208,0.0,6.63397614618374e-24
158.5830247061291,10012.476371900028,109.8009970002518,223.17125093815375,26449.477301155017,0.41287344660152914,299.47742371771886,0.36664198468512244,0.6,1.3569699349930187,1.0875437165923674,1.8880390082860473e-50,228.52394083050547,229.17127004973975,0.0,5.811017710994313e-24
158.73305594993812,9996.012784951383,109.66788784949281,223.2779282128417,26515.99511065882,0.41371402439957666,299.54899122115273,0.36611002227854805,0.6,1.3569699349930187,1.087117296047852,1.448314916468946e-50,228.61764809295855,229.26340877972368,0.0,5.089536337691624e-24
158.88308719374712,9979.56912111055,109.53540941862816,223.38447694468852,26582.567916167023,0.4145548955722803,299.6204554241755,0.365580545105166,0.6,1.3569699349930187,1.086696638594466,1.1107492766821098e-50,228.7113038903678,229.35550536609122,0.0,4.457124211376908e-24
159.03311843755614,9963.145286396471,109.40355330937173,223.49089774066448,26649.195818822485,0.41539606159936027,299.6918168076465,0.3650535222307757,0.6,1.3569699349930187,1.086281625925893,8.517003560811216e-51,228.80490779126777,229.44755925179334,0.0,3.90292433722931e-24
159.18314968136517,9946.741188048056,109.27231129061428,223.5971911998497,26715.878917192764,0.4162375239241624,299.7630758465723,0.36452892332390907,0.6,1.3569699349930187,1.0858721422920168,6.529204828377068e-51,228.89845937749803,229.5395698956493,0.0,3.417250881452923e-24
159.33318092517416,9930.356734531404,109.14167530043915,223.70335791338724,26782.61730719512,0.41707928395281335,299.83423301008344,0.36400671866167034,0.6,1.3569699349930187,1.0854680745515284,5.0041052624025756e-51,228.99195824420835,229.63153677235815,0.0,2.991644164640072e-24
159.4832121689832,9913.991835536715,109.0116374466042,223.80939846450275,26849.41108206316,0.4179213430539017,299.90528876145675,0.36348687913040284,0.6,1.3569699349930187,1.0850693121956514,3.8344933544319554e-51,229.08540399978298,229.72345937241138,0.0,2.618790232071795e-24
159.6332434127922,9897.64640190192,108.88218999333374,223.9153134289992,26916.260332613565,0.41876370256194106,299.9762435584546,0.36296937618033914,0.6,1.3569699349930187,1.0846757471090243,2.9376473789322967e-51,229.17879626491765,229.81533720099853,0.0,2.292168550985499e-24
159.7832746566012,9881.320345603694,108.75332536011997,224.02110337531485,26983.16514724023,0.41960636377738963,300.04709785337224,0.36245418182070144,0.6,1.3569699349930187,1.0842872735597784,2.2499919547152884e-51,229.2721346724306,229.90716977778834,0.0,2.0060289684853347e-24
159.93330590041023,9865.013579774693,108.62503612594773,224.12676886441125,27050.125611800777,0.42044932796531526,300.11785209297074,0.36194126863302284,0.6,1.3569699349930187,1.0839037882942872,1.722943574763632e-51,229.36541886742947,229.99895663712934,0.0,1.7554248624239166e-24
160.08333714421926,9848.72601863866,108.4973150181544,224.2323104501937,27117.14180984081,0.4212925963583127,300.1885067187662,0.36143060973284,0.6,1.3569699349930187,1.0835251903364804,1.3190956737435897e-51,229.458648506529,230.0906973271222,0.0,1.5359775414604579e-24
160.23336838802825,9832.457577479772,108.37015490725608,224.33772867970941,27184.2138226795,0.42213617015766824,300.2590621671703,0.3609221787514963,0.6,1.3569699349930187,1.0831513809007565,1.0096593444902534e-51,229.55182325742996,230.18239140912362,0.0,1.3437985006242405e-24
160.38339963183728,9816.208172661,108.24354881117738,224.4430240930286,27251.341729294392,0.4229800505319976,300.32951886941817,0.3604159498495423,0.6,1.3569699349930187,1.0827822634860493,7.726320381676547e-52,229.64494279908982,230.27403845795217,0.0,1.1755282596919873e-24
160.5334308756463,9799.977721590398,108.11748988988263,224.5481972234626,27318.525606420833,0.4238242386185833,300.39987725172153,0.3599118976978977,0.6,1.3569699349930187,1.0824177437851028,5.911360002775487e-52,229.73800682130764,230.36563806139648,0.0,1.0282303579338818e-24
160.6834621194553,9783.76614266822,107.99197143617602,224.6532485979062,27385.765528732514,0.4246687355257267,300.47013773550515,0.35940999744619584,0.6,1.3569699349930187,1.0820577295190128,4.521714762031743e-52,229.83101502407106,230.45718981944188,0.0,8.992869662445166e-25
160.83349336326432,9767.573355294957,107.86698687777259,224.75817873678568,27453.06156877133,0.42551354233194616,300.540300737379,0.3589102247289955,0.6,1.3569699349930187,1.081702130488836,3.4578774949906234e-52,229.92396711759574,230.548693344321,0.0,7.864145121908008e-25
160.98352460707335,9751.399279871037,107.74252977812583,224.86298815406028,27520.413796911416,0.42635866008560697,300.61036666914634,0.3584125556678088,0.6,1.3569699349930187,1.0813508586036027,2.6438121380595648e-52,230.01686282229963,230.64014826048464,0.0,6.876413966328338e-25
161.13355585088235,9735.24383773192,107.61859382507699,224.96767735764269,27587.822281593017,0.42720408980793445,300.6803359380914,0.35791696683229435,0.6,1.3569699349930187,1.0810038276723601,2.0209734701134623e-52,230.10970186803317,230.73155420368795,0.0,6.012111465383653e-25
161.28358709469137,9719.106951141384,107.49517282999506,225.07224684944248,27655.287089316003,0.42804983249300643,300.75020894701515,0.357423435236692,0.6,1.3569699349930187,1.080660953398304,1.5444654976319074e-52,230.20248399394228,230.8229108208319,0.0,5.255763603786781e-25
161.4336183385004,9702.988543309235,107.37226073194884,225.17669712525094,27722.808284531267,0.42889588910646625,300.819986094165,0.3569319383531197,0.6,1.3569699349930187,1.0803221534708878,1.1800586045845224e-52,230.2952089486548,230.9142177701858,0.0,4.594079492483469e-25
161.5836495823094,9686.888538336152,107.24985158814043,225.2810286750986,27790.38592983726,0.4297422605880592,300.88966777347986,0.3564424540788214,0.6,1.3569699349930187,1.0799873473913386,9.014536275096284e-53,230.38787648962924,231.00547472061436,0.0,4.015303829477314e-25
161.73368082611842,9670.806861188032,107.12793956952423,225.385241983421,27858.020086055098,0.430588947852643,300.95925437470714,0.3559549607208468,0.6,1.3569699349930187,1.0796564563978424,6.884537600266555e-53,230.4804863828127,231.0966813511741,0.0,3.5090059590781794e-25
161.88371206992744,9654.743437714274,107.00651896492771,225.4893375289402,27925.71081211955,0.4314359517888906,301.0287462833299,0.3554694370092237,0.6,1.3569699349930187,1.079329403556011,5.256589756318273e-53,230.57303840282634,231.1878373513355,0.0,3.0661878602992113e-25
162.03374331373644,9638.698194620065,106.88558417660455,225.5933157848443,27993.458165163487,0.4322832732604165,301.0981438806925,0.35498586208142496,0.6,1.3569699349930187,1.0790061136828943,4.012820681134876e-53,230.66553233263377,231.27894242058963,0.0,2.678993094689084e-25
162.18377455754546,9622.671059421253,106.76512971229702,225.6971772190794,28061.26220067725,0.433130913107835,301.1674475442017,0.3545042154551824,0.6,1.3569699349930187,1.0786865132023107,3.0626348519293686e-53,230.75796796299528,231.3699962678011,0.0,2.340422840664253e-25
162.3338058013545,9606.661960453008,106.64515018734211,225.80092229429366,28129.122972442266,0.43397887214799363,301.2366576472949,0.3540244770349575,0.6,1.3569699349930187,1.0783705301954254,2.336843943896469e-53,230.8503450925309,231.4609986112855,0.0,2.0443797620049022e-25
162.48383704516348,9590.670826871648,106.5256403257644,225.90455146782512,28197.040532493018,0.43482715117356097,301.3057745594377,0.3535466271150087,0.6,1.3569699349930187,1.0780580944319516,1.7827000258912446e-53,230.94266352773144,231.55194917882326,0.0,1.7856068899941854e-25
162.6338682889725,9574.697588598969,106.40659495042784,226.00806519206225,28265.01493132379,0.4356757509556714,301.37479864636987,0.35307064634586205,0.6,1.3569699349930187,1.0777491371874168,1.3596750506413165e-53,231.03492308230844,231.6428477068873,0.0,1.559424244369782e-25
162.78389953278153,9558.742176317388,106.28800898244502,226.11146391447556,28333.046217881532,0.4365246722438941,301.44373027013233,0.35259651573179945,0.6,1.3569699349930187,1.0774435912404408,1.0367589946636094e-53,231.12712357709609,231.73369394052932,0.0,1.3617131253668846e-25
162.93393077659053,9542.804521487848,106.16987744528959,226.21474807750104,28401.134439461166,0.43737391576498474,301.51256978899426,0.35212421664406834,0.6,1.3569699349930187,1.0771413909624001,7.903647898836507e-54,231.21926484024954,231.82448763361626,0.0,1.1889415644716856e-25
163.08396202039955,9526.884556302557,106.05219545650192,226.31791811884656,28469.279641879595,0.4382234822251152,301.5813175576628,0.3516537307926064,0.6,1.3569699349930187,1.0768424721641556,6.024090051280003e-54,231.3113467066963,231.91522854817822,0.0,1.037988269025733e-25
163.23399326420855,9510.982213663352,105.93495822394742,226.42097447163187,28537.48186954173,0.4390733723107502,301.64997392738184,0.35118504021303126,0.6,1.3569699349930187,1.0765467720310862,4.5903459657993387e-54,231.4033690178552,232.00591645407647,0.0,9.060860143373694e-26
163.38402450801757,9495.097427199797,105.81816104983534,226.5239175642711,28605.741165336676,0.4399235866874078,301.71853924585804,0.35071812727957186,0.6,1.3569699349930187,1.0762542292104103,3.4970050353242215e-54,231.4953316218304,232.09655112923517,0.0,7.908513247984772e-26
163.5340557518266,9479.230131246275,105.70179932701194,226.62674782062118,28674.057570709916,0.44077412600061294,301.7870138573656,0.3502529746921783,0.6,1.3569699349930187,1.0759647837470347,2.663565003955353e-54,231.58723437314416,232.187132359324,0.0,6.902054237396314e-26
163.6840869956356,9463.380260803151,105.58586853204375,226.72946566023333,28742.431125805015,0.4416249908777132,301.8553981029178,0.34978956545293977,0.6,1.3569699349930187,1.0756783769556977,2.0282858729110023e-54,231.67907713227518,232.27765993720996,0.0,6.022978328749718e-26
163.83411823944462,9447.5477515458,105.47036422734382,226.83207149829448,28810.86186940055,0.442476181927143,301.9236923202333,0.34932788287272737,0.6,1.3569699349930187,1.0753949514705667,1.5441256970231937e-54,231.77085976573827,232.36813366305407,0.0,5.255185407020401e-26
163.98414948325365,9431.732539828132,105.35528206246792,226.9345657456042,28879.349838870035,0.4433276997379758,301.9918968437251,0.348867910575055,0.6,1.3569699349930187,1.0751144512788382,1.1753035181261267e-54,231.86258214612155,232.4585533443557,0.0,4.584814149182294e-26
164.13418072706264,9415.934562634367,105.24061776548264,227.0369488088872,28947.89507036655,0.4441795448822681,302.0600120047137,0.3484096324668104,0.6,1.3569699349930187,1.0748368215584487,8.943865802965232e-55,231.95424415153127,232.54891879529245,0.0,3.9995336473928734e-26
164.28421197087167,9400.153757575607,105.12636714258859,227.1392210908154,29016.497598814996,0.44503171791500923,302.1280381314457,0.34795303273657663,0.6,1.3569699349930187,1.0745620086778225,6.804321328059927e-55,232.04584566552268,232.63922983663997,0.0,3.4885031939907064e-26
164.4342432146807,9384.390062907827,105.01252608217087,227.24138298989106,29085.157457810532,0.44588421937290534,302.1959755490208,0.34749809586771363,0.6,1.3569699349930187,1.0742899602833527,5.1754848956469595e-55,232.13738657730542,232.72948629601652,0.0,3.042441528013443e-26
164.5842744584897,9368.643417491012,104.89909054753356,227.3434349007118,29153.874679773948,0.44673704977635526,302.2638245795723,0.3470448066136952,0.6,1.3569699349930187,1.0740206251632973,3.935784475476567e-55,232.22886678127523,232.81968800732574,0.0,2.653153467642393e-26
164.7343057022987,9352.913760770654,104.78605657367365,227.44537721409014,29222.649296010528,0.44759020963022356,302.33158554235126,0.3465931499869536,0.6,1.3569699349930187,1.0737539531907705,2.9922674314485538e-55,232.32028617678083,232.90983481048102,0.0,2.3133797008266022e-26
164.88433694610774,9337.201032795716,104.67342027120655,227.547210316937,29291.481336610163,0.4484436994226434,302.3992587536526,0.3461431112715723,0.6,1.3569699349930187,1.0734898954083567,2.2743933160706037e-55,232.41164466832188,232.9999265516415,0.0,2.0168774153293402e-26
165.03436818991673,9321.505174199518,104.5611778232522,227.64893459238556,29360.37083050949,0.44929751962583053,302.4668445269021,0.3456946760125052,0.6,1.3569699349930187,1.0732284039734619,1.7284111362776604e-55,232.50294216533212,233.08996308295386,0.0,1.7582079747575526e-26
165.18439943372576,9305.826126165946,104.44932547934515,227.75055042001,29429.31780561933,0.4501516706977028,302.53434317280573,0.3452478299949052,0.6,1.3569699349930187,1.0729694320440963,1.3131871165472012e-55,232.59417858178344,233.17994426208224,0.0,1.532533668162694e-26
165.33443067753478,9290.163830438803,104.33785955757071,227.85205817576497,29498.322288763797,0.4510061530811651,302.60175499931324,0.3448025592508791,0.6,1.3569699349930187,1.072712933827583,9.974533352210449e-56,232.68535383627722,233.26986995231795,0.0,1.3356510535928944e-26
165.48446192134378,9274.518229326553,104.22677644601444,227.95345823195458,29567.384305639018,0.45186096720363683,302.66908031160165,0.3443588500639433,0.6,1.3569699349930187,1.0724588646159523,7.574824003963211e-56,232.77646785210078,233.35974002264624,0.0,1.1639464257442237e-26
165.6344931651528,9258.889265660138,104.11607259511632,228.05475095750575,29636.50388097952,0.45271611347915147,302.73631941226046,0.3439166889432023,0.6,1.3569699349930187,1.072207180640257,5.751222183544408e-56,232.86752055674674,233.44955434717477,0.0,1.0142074363009631e-26
165.78452440896183,9243.276882790695,104.0057445174646,228.15593671798285,29705.68103854952,0.45357159230828326,302.8034726013054,0.3434760626223289,0.6,1.3569699349930187,1.0719578390722664,4.365466886023466e-56,232.958511881866,233.53931280507894,0.0,8.836129390565004e-27
165.93455565277083,9227.681024607513,103.89578879178268,228.25701587547135,29774.91580104461,0.45442740407696824,302.87054017610467,0.3430369580724896,0.6,1.3569699349930187,1.071710798110033,3.312895734777512e-56,233.04944176347686,233.62901528085052,0.0,7.697516021682818e-27
166.08458689657985,9212.10163550228,103.78620205649648,228.35798878880928,29844.208190231373,0.45528354915826635,302.9375224315366,0.34259936248059863,0.6,1.3569699349930187,1.0714660168556935,2.5136166018354876e-56,233.14031014155998,233.71866166381554,0.0,6.704960685385155e-27
166.23461814038887,9196.538660353215,103.6769810069252,228.4588558136901,29913.5582270003,0.45614002791304936,303.0044196600609,0.34216326323965796,0.6,1.3569699349930187,1.0712234552649027,1.9066810449593306e-56,233.2311169598624,233.80825184790214,0.0,5.8396355289566715e-27
166.38464938419787,9180.99204454273,103.56812239912097,228.5596173025479,29982.965931269293,0.4569968406888415,303.07123215164654,0.3417286479612126,0.6,1.3569699349930187,1.0709830742291415,1.44594745375807e-56,233.3218621660974,233.89778573187857,0.0,5.085374875489558e-27
166.5346806280069,9165.46173394139,103.45962304722956,228.6602736046617,30052.431322037726,0.45785398782052106,303.1379601938443,0.3412955044662548,0.6,1.3569699349930187,1.0707448355286995,1.0963358990376012e-56,233.41254571176628,233.98726321914077,0.0,4.428111370647466e-27
166.68471187181592,9149.947674878233,103.35147981807145,228.76082506634734,30121.954417501795,0.45871146963177617,303.2046040719173,0.34086382076690847,0.6,1.3569699349930187,1.0705087017295378,8.310597639033927e-57,233.50316755181484,234.07668421730406,0.0,3.855341434135649e-27
166.83474311562492,9134.449814150268,103.24368963327956,228.86127203089583,30191.53523499565,0.4595692864344083,303.2711640688035,0.34043358507324667,0.6,1.3569699349930187,1.0702746362312119,6.298052042378157e-57,233.59372764473235,234.16604863832157,0.0,3.356215510673845e-27
166.98477435943394,9118.96809902817,103.13624947086298,228.96161483853666,30261.173790949157,0.4604274385278434,303.33764046509486,0.3400047857981901,0.6,1.3569699349930187,1.0700426033036061,4.771934931110143e-57,233.68422595262186,234.25535639856759,0.0,2.9214198391443075e-27
167.13480560324297,9103.502477218995,103.02915635836129,229.06185382667906,30330.870101039058,0.4612859262010247,303.4040335392003,0.339577411534477,0.6,1.3569699349930187,1.0698125679547206,3.6148509412186706e-57,233.77466244077905,234.34460741833607,0.0,2.5426812150742994e-27
167.28483684705196,9088.052896864769,102.92240737277413,229.1619893299212,30400.624180179868,0.46214474973232905,303.4703435673551,0.3391514510541639,0.6,1.3569699349930187,1.0695844959339444,2.7375875034473407e-57,233.86503707766198,234.4338016218058,0.0,2.2127417108444835e-27
167.434868090861,9072.61930656034,102.81599964448463,229.26202167993435,30470.436042427755,0.4630039093884117,303.53657082354727,0.3387268933213781,0.6,1.3569699349930187,1.0693583538159226,2.0727749492613306e-57,233.955349835101,234.5229389372897,0.0,1.9254080945849536e-27
167.58489933467,9057.20165532179,102.70993035150128,229.3619512056676,30540.305701107663,0.4638634054257999,303.60271557965615,0.33830372747292936,0.6,1.3569699349930187,1.0691341088896384,1.5691008194540433e-57,234.04560068794433,234.61201929681263,0.0,1.6752211300523828e-27
167.734930578479,9041.79989257262,102.60419671698587,229.4617782334372,30610.233168861094,0.4647232380915068,303.6687781055147,0.33788194280985434,0.6,1.3569699349930187,1.0689117291130665,1.1875074110181557e-57,234.1357896138911,234.70104263591367,0.0,1.457353411630356e-27
167.88496182228803,9026.41396816114,102.49879601301413,229.56150308681393,30680.218457552768,0.46558340762191,303.7347586688381,0.3374615288096432,0.6,1.3569699349930187,1.0686911831935402,8.984973224204786e-58,234.22591659369144,234.7900088938838,0.0,1.2676667850723279e-27
168.03499306609706,9011.043832346893,102.3937255583161,229.6611260867108,30750.261578317302,0.46644391424335185,303.8006575352843,0.3370424751184872,0.6,1.3569699349930187,1.06847244054683,6.796955637357748e-58,234.3159816109977,234.87891801358862,0.0,1.1025643228601806e-27
168.18502430990605,8995.68943577426,102.28898271340185,229.7606475515543,30820.36254166553,0.46730475817347134,303.8664749685707,0.33662477153487147,0.6,1.3569699349930187,1.068255471203035,5.140544725400318e-58,234.40598465206327,234.96776994111005,0.0,9.588513602592678e-28
168.33505555371508,8980.350729482057,102.18456488269523,229.86006779722186,30890.521357426835,0.4681659396205192,303.9322112304353,0.33620840801642093,0.6,1.3569699349930187,1.068040245853828,3.886765010419985e-58,234.49592570584625,235.05656462587015,0.0,8.337596238150561e-28
168.4850867975241,8965.027664909947,102.08046951618051,229.95938713700042,30960.738034706083,0.4690274587828541,303.9978665806125,0.33579337468511933,0.6,1.3569699349930187,1.0678267358901505,2.93820551683932e-58,234.58580476408966,235.14530202072592,0.0,7.249161955768327e-28
168.6351180413331,8949.72019386509,101.97669410320665,230.05860588180244,31031.012582022635,0.4698893158506725,304.0634412769782,0.33537966180654316,0.6,1.3569699349930187,1.0676149132809616,2.2206688042290325e-58,234.6756218209477,235.2339820815243,0.0,6.302148225371065e-28
168.78514928514213,8934.428268521437,101.873236172525,230.15772434017035,31101.345007300723,0.47075151100591256,304.12893557555594,0.33496725978977504,0.6,1.3569699349930187,1.0674047505777824,1.677899810824806e-58,234.76537687296843,235.32260476708217,0.0,5.478097153913218e-28
168.93518052895115,8919.151841437431,101.77009329615012,230.25674281816185,31171.73531777508,0.4716140444211196,304.19434973044343,0.3345561591999718,0.6,1.3569699349930187,1.0671962209970702,1.2675203493109576e-58,234.85506991930265,235.41117003943452,0.0,4.761285106237724e-28
169.08521177276015,8903.890865527752,101.66726308414763,230.35566161953295,31242.183520108025,0.47247691626090393,304.2596839939365,0.33414635074088134,0.6,1.3569699349930187,1.0669892983184357,9.57323954691524e-59,234.94470096138988,235.49967786346008,0.0,4.137863697287809e-28
169.23524301656917,8888.64529405117,101.564743182436,230.4544810458165,31312.68962043305,0.4733401266824955,304.32493861658315,0.333737825247364,0.6,1.3569699349930187,1.0667839568435538,7.228510619694326e-59,235.03427000281445,235.58812820671068,0.0,3.595597993037641e-28
169.3852742603782,8873.415080627696,101.46253127647434,230.55320139621114,31383.253624263612,0.4742036758346472,304.39011384711324,0.3333305736973973,0.6,1.3569699349930187,1.0665801714748686,5.45674107502145e-59,235.1237770495039,235.676521039647,0.0,3.1240170181593415e-28
169.5353055041872,8858.200179226887,101.36062508930493,230.65182296765698,31453.87553653474,0.4750675638581658,304.4552099324907,0.3329245872053904,0.6,1.3569699349930187,1.0663779176795682,4.118468419896551e-59,235.213222109604,235.7648563354895,0.0,2.7140296490676635e-28
169.68533674799622,8843.000544144166,101.25902237712275,230.75034605498894,31524.555361700972,0.4759317908871296,304.5202271180173,0.3325198570073299,0.6,1.3569699349930187,1.0661771714028039,3.107669741739882e-59,235.30260519321064,235.85313406989894,0.0,2.3575675613659823e-28
169.83536799180524,8827.816130010475,101.15772093140112,230.84877095087424,31595.293103680306,0.4767963570482223,304.585165647294,0.33211637446762776,0.6,1.3569699349930187,1.0659779091143768,2.3443236458870344e-59,235.39192631247707,235.94135422110458,0.0,2.0476489436998463e-28
169.98539923561424,8812.646891799153,101.05671858059561,230.94709794576764,31666.08876581028,0.47766126246021445,304.65002576219354,0.3317141310845625,0.6,1.3569699349930187,1.0657801078470925,1.7681358285074394e-59,235.48118548170018,236.02951677000607,0.0,1.7782979585050499e-28
170.13543047942326,8797.492784795813,100.95601318447763,231.04532732810665,31736.94235097702,0.47852650723556067,304.71480770299206,0.3313131184713552,0.6,1.3569699349930187,1.0655837450844239,1.3332809145886894e-59,235.57038271698548,236.11762169977436,0.0,1.5442142252500095e-28
170.2854617232323,8782.353764598212,100.85560263425845,231.14345938431245,31807.85386160528,0.4793920914802942,304.7795117083716,0.33091332835640924,0.6,1.3569699349930187,1.0653887987660968,1.0050953271315492e-59,235.65951803623918,236.20566899584273,0.0,1.3407578382492827e-28
170.43549296704128,8767.229787133707,100.75548485638787,231.24149439867645,31878.823299565505,0.48025801529291046,304.8441380153481,0.33051475259568575,0.6,1.3569699349930187,1.0651952473691402,7.575299422702726e-60,235.74859145937526,236.29365864615255,0.0,1.163982951560527e-28
170.5855242108503,8752.120808633723,100.655657807785,231.33943265352593,31949.850666282757,0.4811242787657148,304.9086868593823,0.3301173831567657,0.6,1.3569699349930187,1.0650030698135002,5.708316795882499e-60,235.8376030080335,236.3815906408173,0.0,1.010417248425389e-28
170.73555545465933,8737.026785622986,100.55611947386285,231.43727442929364,32020.93596277678,0.4819908819853264,304.9731584744285,0.32972121211216143,0.6,1.3569699349930187,1.0648122454244298,4.3003265743871724e-60,235.92655270545404,236.4694649719735,0.0,8.769956447219673e-29
170.88558669846833,8721.94767493635,100.45686787214832,231.5350200044087,32092.079189572738,0.4828578250316072,305.03755309286447,0.3293262316511096,0.6,1.3569699349930187,1.0646227540097788,3.2388376017707834e-60,236.01544057667329,236.55728163401335,0.0,7.610992675000621e-29
171.03561794227736,8706.883433708654,100.35790105056499,231.63266965536238,32163.280346738466,0.4837251079781318,305.10187094553703,0.32893243407373146,0.6,1.3569699349930187,1.0644345758278604,2.4389089418286088e-60,236.10426664841742,236.64504062345765,0.0,6.604569439175325e-29
171.18564918608638,8691.834019353246,100.25921708336517,231.7302236568471,32234.539433975853,0.48459273089331734,305.16611226185614,0.328539811777446,0.6,1.3569699349930187,1.0642476915066619,1.8361090530119206e-60,236.19303094886087,236.7327419386681,0.0,5.73054534782476e-29
171.33568042989538,8676.799389571619,100.16081407324405,231.827682281694,32305.856450565727,0.4854606938397662,305.2302772697554,0.32814835726379876,0.6,1.3569699349930187,1.0640620820900435,1.3819240127166235e-60,236.28173350773557,236.82038557997737,0.0,4.971515517498341e-29
171.4857116737044,8661.779502360616,100.06269015308077,231.92504580082618,32377.23139532376,0.4863289968737447,305.29436619566377,0.32775806314404893,0.6,1.3569699349930187,1.0638777290765267,1.0398864623412018e-60,236.3703743564216,236.90797154979632,0.0,4.3126049779423e-29
171.63574291751343,8646.774315984969,99.96484348070427,232.02231448343667,32448.664266721124,0.4871976400466674,305.35837926462455,0.3273689221217487,0.6,1.3569699349930187,1.0636946143142114,7.823408535654309e-61,236.4589535276428,236.9954998522513,0.0,3.7406297400683916e-29
171.78577416132242,8631.78378897758,99.86727223908589,232.1194885969865,32520.1550628741,0.4880666234049826,305.4223167002964,0.32698092699324016,0.6,1.3569699349930187,1.0635127200072088,5.884162158008858e-61,236.54747105546642,237.08297049318398,0.0,3.2440611648681677e-29
171.93580540513145,8616.807880156719,99.76997464007684,232.21656840709315,32591.70378145277,0.4889359469890775,305.4861787248817,0.3265940706598345,0.6,1.3569699349930187,1.0633320287955212,4.424666967805665e-61,236.6359269755073,237.17038348039384,0.0,2.8131119248610724e-29
172.08583664894047,8601.84654860273,99.67294891999907,232.31355417768157,32663.310419782872,0.4898056108345301,305.54996555922827,0.326208346113128,0.6,1.3569699349930187,1.0631525236666384,3.326541986143835e-61,236.72432132467188,237.25773882333274,0.0,2.439176472367071e-29
172.23586789274947,8586.899753648351,99.57619333785124,232.41044617104683,32734.974974883364,0.4906756149725784,305.61367742287206,0.325823746428958,0.6,1.3569699349930187,1.0629741879207735,2.5002865032369947e-61,236.81265414104737,237.3450365329732,0.0,2.114665139303515e-29
172.3858991365585,8571.967454895233,99.47970617886573,232.50724464774706,32806.69744337854,0.49154595942906504,305.67731453396914,0.3254402647789907,0.6,1.3569699349930187,1.0627970052469482,1.8788007104576265e-61,236.90092546409477,237.4322766220378,0.0,1.833103875188084e-29
172.53593038036752,8557.049612205044,99.38348575298184,232.6039498666609,32878.47782153178,0.4924166442248619,305.74087710933514,0.3250578944255517,0.6,1.3569699349930187,1.062620959693939,1.4115336967950793e-61,236.98913533455638,237.51945910488848,0.0,1.58888455264977e-29
172.6859616241765,8542.146185679774,99.28753039107474,232.70056208511528,32950.316105331665,0.4932876693769265,305.80436536453124,0.3246766287090767,0.6,1.3569699349930187,1.0624460355943854,1.060225057089484e-61,237.0772837942365,237.60658399726518,0.0,1.3770374440903672e-29
172.83599286798554,8527.257135671322,99.19183844705591,232.79708155882315,33022.21229043774,0.494159034897655,305.86777951382516,0.32429646105490645,0.6,1.3569699349930187,1.0622722176105786,7.961354101869176e-62,237.16537088611122,237.6936513164166,0.0,1.1932740275656444e-29
172.98602411179456,8512.382422788949,99.09640829963554,232.89350854183522,33094.166372136046,0.49503074079435694,305.9311197701611,0.32391738497895983,0.6,1.3569699349930187,1.0620994907734902,5.977130086189449e-62,237.25339665442155,237.7806610812104,0.0,1.0339346062642177e-29
173.13605535560356,8497.52200787395,99.00123834744218,232.98984328670386,33166.17834545307,0.49590278707064694,305.99438634526945,0.32353939407154325,0.6,1.3569699349930187,1.0619278403835946,4.4864953384272495e-62,237.34136114439409,237.86761331180017,0.0,8.957778678951235e-30
173.28608659941258,8482.675852000273,98.90632700926994,233.08608604447932,33238.24820514523,0.4967751737263286,306.05757944966604,0.3231624819980516,0.6,1.3569699349930187,1.0617572520180134,3.366660159516659e-62,237.42926440224664,237.9545080296322,0.0,7.75972548378654e-30
173.4361178432216,8467.843916491469,98.81167272775632,233.18223706459963,33310.37594560849,0.4976479007563104,306.1206992925816,0.3227866425109492,0.6,1.3569699349930187,1.0615877116093362,2.525800968811811e-62,237.51710647538886,238.0413452576838,0.0,6.721191668842011e-30
173.5861490870306,8453.02616289917,98.71727396526552,233.27829659503016,33382.56156097495,0.49852096815178754,306.1837460820553,0.3224118694361063,0.6,1.3569699349930187,1.061419205362052,1.8945945316723076e-62,237.60488741218705,238.1281250201827,0.0,5.821097283642714e-30
173.73618033083963,8438.222552994333,98.62312920224363,233.37426488232026,33454.805045148045,0.49939437590067665,306.24672002497323,0.3220381566672822,0.6,1.3569699349930187,1.061251719720132,1.4207479714505653e-62,237.69260726186533,238.21484734248938,0.0,5.040867011020393e-30
173.88621157464866,8423.433048783463,98.52923694071639,233.4701421714981,33527.1063917158,0.5002681239865773,306.3096213270017,0.32166549817751633,0.6,1.3569699349930187,1.0610852414420722,1.0651526280303385e-62,237.78026607469516,238.3015122513224,0.0,4.364682318548786e-30
174.03624281845765,8408.657612500667,98.43559570291255,233.56592870612212,33599.465593982044,0.5011422123891602,306.3724501926223,0.32129388801448755,0.6,1.3569699349930187,1.0609197575742662,7.984123504138003e-63,237.8678639019142,238.38811977466105,0.0,3.7788559837182075e-30
174.18627406226668,8393.896206589448,98.34220402773745,233.66162472839903,33671.88264504812,0.5020166410851642,306.435206825211,0.3209233202888182,0.6,1.3569699349930187,1.0607552553791262,5.983272440712106e-63,237.95540079552475,238.47466994150517,0.0,3.271267860473676e-30
174.3363053060757,8379.148793712251,98.24906047285825,233.75723047912186,33744.357537759155,0.5028914100477562,306.4978914269995,0.3205537891808265,0.6,1.3569699349930187,1.060591722380529,4.4826172385980954e-63,238.04287680840338,238.56116278200557,0.0,2.8314737916571366e-30
174.4863365498847,8364.415336758006,98.15616361647457,233.852746197621,33816.89026465956,0.5037665192460037,306.56050419904415,0.32018528894623544,0.6,1.3569699349930187,1.0604291464029176,3.357703403644744e-63,238.13029199439535,238.64759832757588,0.0,2.4505743479538206e-30
174.63636779369372,8349.69579881858,98.06351205272944,233.94817212191683,33889.48081810158,0.5046419686461951,306.62304534132835,0.31981781390099545,0.6,1.3569699349930187,1.0602675154769567,2.514561353930617e-63,238.21764640805614,238.73397661058414,0.0,2.120693161645611e-30
174.78639903750275,8334.990143189707,97.97110439200006,234.04350848871368,33962.129190234424,0.505517758211716,306.6855150527597,0.31945135842214756,0.6,1.3569699349930187,1.0601068178472606,1.8826028178239776e-63,238.30494010466091,238.82029766436435,0.0,1.8349577533476176e-30
174.93643028131174,8320.29833338759,97.87893926451686,234.13875553329217,34034.83537291498,0.5063938879019818,306.74791353110106,0.31908591695960453,0.6,1.3569699349930187,1.0599470420502586,1.4091702978939296e-63,238.39217314040184,238.9065615234505,0.0,1.5875538223964595e-30
175.08646152512077,8305.620333128894,97.78701531648588,234.23391348963878,34107.5993578,0.5072703576735583,306.8102409730574,0.318721484023322,0.6,1.3569699349930187,1.0597881768345323,1.0545968869917633e-63,238.47934557216973,238.99276822331635,0.0,1.3733776014336601e-30
175.2364927689298,8290.956106322736,97.6953312085667,234.32898259049787,34180.42113637916,0.5081471674805682,306.87249757431084,0.31835805417821533,0.6,1.3569699349930187,1.0596302111303346,7.890279310675949e-64,238.56645745746468,239.07891780026878,0.0,1.1879356241025737e-30
175.3865240127388,8276.305617086597,97.60388561931447,234.42396306726832,34253.30069988972,0.5090243172736698,306.934683529455,0.3179956220553612,0.6,1.3569699349930187,1.0594731341237345,5.901904867580092e-64,238.65350885458224,239.16501029166898,0.0,1.0274077090234418e-30
175.5365552565478,8261.66882973913,97.51267724392126,234.51885515005023,34326.23803934546,0.5099018070004163,306.99679903202684,0.3176341823477724,0.6,1.3569699349930187,1.0593169352318768,4.413810933910417e-64,238.74049982254098,239.25104573584576,0.0,8.884921206404827e-31
175.68658650035684,8247.04570878324,97.42170479089255,234.6136590677546,34399.2331456146,0.5107796366061992,307.0588442745798,0.31727372979941126,0.6,1.3569699349930187,1.0591616040344114,3.300131582544976e-64,238.82743042089527,239.3370241718723,0.0,7.682672951569656e-31
175.83661774416584,8232.436218915484,97.33096698411565,234.7083750480423,34472.286009366886,0.5116578060336198,307.1208194486458,0.31691425921188815,0.6,1.3569699349930187,1.0590071303186392,2.4667743857762995e-64,238.91430070984475,239.42294563969625,0.0,6.642192115208174e-31
175.98664898797486,8217.84032503369,97.24046256462887,234.8030033172746,34545.39662102895,0.5125363152219607,307.1827247447038,0.3165557654501709,0.6,1.3569699349930187,1.0588535041185696,1.8435137318749886e-64,239.0011107503289,239.50881018025174,0.0,5.742088821532169e-31
176.13668023178388,8203.257992214902,97.15019028627347,234.89754410065615,34618.56497088855,0.5134151641084462,307.2445603522752,0.3161982434282471,0.6,1.3569699349930187,1.058700715624531,1.377441279799267e-64,239.08786060378534,239.5946178351712,0.0,4.963445580789861e-31
176.28671147559288,8188.689185716495,97.06014891601905,234.99199762222773,34691.79104908308,0.5142943526281101,307.3063264599203,0.3158416881101141,0.6,1.3569699349930187,1.0585487551913797,1.0289052549201298e-64,239.1745503321629,239.68036864680082,0.0,4.289773976584342e-31
176.4367427194019,8174.133870992485,96.97033723752507,235.0863641047605,34765.07484551176,0.5151738807127488,307.36802325517056,0.31548609452136245,0.6,1.3569699349930187,1.0583976134155,7.683985959532811e-65,239.26117999811476,239.76606265842977,0.0,3.7071486342480322e-31
176.58677396321093,8159.592013674752,96.88075404745936,235.18064376987763,34838.416349923704,0.5160537482919869,307.42965092460975,0.31513145773703266,0.6,1.3569699349930187,1.0582472810582921,5.737424122400862e-65,239.34774966479415,239.85169991404683,0.0,3.203355920116415e-31
176.73680520701993,8145.063579565653,96.79139815407778,235.27483683810217,34911.81555194974,0.5169339552936634,307.49120965390625,0.314777772876891,0.6,1.3569699349930187,1.058097749017301,4.282816941395324e-65,239.4342593957726,239.93728045824247,0.0,2.7676519481653727e-31
176.88683645082895,8130.548534653603,96.70226838061335,235.36894352875606,34985.272441017936,0.5178145016428262,307.55269962774884,0.3144250351164481,0.6,1.3569699349930187,1.057949008399579,3.1962146403740024e-65,239.52070925522295,240.02280433642647,0.0,2.3909180235138364e-31
177.03686769463798,8116.046845106547,96.6133635641104,235.46296406000238,35058.787006380764,0.5186953872620645,307.61412102987526,0.31407323968306183,0.6,1.3569699349930187,1.0578010504983995,2.384872767246469e-65,239.6070993078532,240.10827159474874,0.0,2.065281833092682e-31
177.18689893844697,8101.558477256029,96.52468255226975,235.5568986489485,35132.35923719007,0.5195766120724136,307.67547404314126,0.3137223818455395,0.6,1.3569699349930187,1.0576538667274191,1.7790592039880194e-65,239.69342961873144,240.1936822798905,0.0,1.7837825787599113e-31
177.336930182256,8087.08339760651,96.43622420550001,235.65074751158588,35205.98912244467,0.5204581759927324,307.73675884948244,0.31337245692078036,0.6,1.3569699349930187,1.0575074486655716,1.3267696590608078e-65,239.779700253395,240.27903643919376,0.0,1.5404389220392956e-31
177.48696142606502,8072.6215728429825,96.3479873986775,235.74451086274036,35279.676650945745,0.5213400789391756,307.79797562988307,0.31302346027945543,0.6,1.3569699349930187,1.0573617880959763,9.892828402981332e-66,239.86591127794375,240.3643341207723,0.0,1.3301694086427083e-31
177.63699266987402,8058.172969810151,96.25997101699852,235.83818891620737,35353.42181139745,0.5222223208264049,307.85912456446584,0.31267538733236944,0.6,1.3569699349930187,1.0572168769187933,7.374893839980653e-66,239.95206275881318,240.44957537324046,0.0,1.1484830875651793e-31
177.78702391368304,8043.737555513708,96.17217395633268,235.9317818847435,35427.22459239532,0.5231049015674553,307.9202058324875,0.31232823353155187,0.6,1.3569699349930187,1.057072707159851,5.496239421529045e-66,240.0381547627897,240.53476024573177,0.0,9.914699114426615e-32
177.93705515749207,8029.315297136348,96.08459512672833,236.02528997996262,35501.08498233903,0.5239878210726966,307.9812196122723,0.3119819943816457,0.6,1.3569699349930187,1.056929271046832,4.0952934198024805e-66,240.12418735719962,240.6198887881231,0.0,8.558333961555371e-32
178.08708640130106,8014.906162020002,95.99723344889232,236.11871341245111,35575.002969517845,0.5248710792508621,308.04216608128866,0.311636665428329,0.6,1.3569699349930187,1.0567865609353153,3.05087676447898e-66,240.2101606097166,240.70496105080485,0.0,7.386846090344388e-32
178.2371176451101,8000.510117658957,95.91008785285483,236.2120523918124,35648.97854214096,0.5257546760094157,308.10304541617916,0.311292242253891,0.6,1.3569699349930187,1.056644569281253,2.2721957277821068e-66,240.29607458828627,240.78997708459127,0.0,6.374844375488192e-32
178.3871488889191,7986.127131715182,95.82315728130848,236.3053071265675,35723.01168825385,0.5266386112535575,308.16385779269723,0.3109487204880756,0.6,1.3569699349930187,1.056503288713634,1.6918452424735625e-66,240.38192936130534,240.87493694093305,0.0,5.500814944335147e-32
178.5371801327281,7971.757172012239,95.73644068851458,236.39847782419463,35797.10239576418,0.5275228848865394,308.22460338573393,0.3106060958044393,0.6,1.3569699349930187,1.0563627120123165,1.2595041601296853e-66,240.46772499756102,240.9598406718448,0.0,4.7462053091768553e-32
178.68721137653714,7957.4002065202485,95.6499370372901,236.49156469122642,35871.250652514325,0.5284074968105354,308.2852823693828,0.31026436391045026,0.6,1.3569699349930187,1.0562228320444536,9.374203941431763e-67,240.55346156606615,241.04468832970835,0.0,4.094622951622879e-32
178.83724262034616,7943.056203365119,95.56364530104175,236.58456793319027,35945.45644622911,0.529292446926023,308.34589491690195,0.3099235205540706,0.6,1.3569699349930187,1.0560836418091726,6.975067723591718e-67,240.6391391361668,241.1294799674006,0.0,3.532001928181673e-32
178.98727386415516,7928.72513083607,95.47756446551023,236.67748775455942,36019.71976447181,0.5301777351312625,308.4064412006834,0.3095835615293844,0.6,1.3569699349930187,1.0559451344762605,5.188996432643995e-67,240.72475777763512,241.2142156384037,0.0,3.0464103606018994e-32
179.13730510796418,7914.406957365877,95.39169352479075,236.770324358881,36094.040594741484,0.5310633613234643,308.4669213923379,0.30924448266354765,0.6,1.3569699349930187,1.0558073033016855,3.859484367903142e-67,240.81031756045388,241.29889539654764,0.0,2.627310253733301e-32
179.2873363517732,7900.101651532306,95.30603148170894,236.86307794876674,36168.418924461024,0.531949325398649,308.52733566268984,0.3089062798179613,0.6,1.3569699349930187,1.055670141636582,2.8697809563924485e-67,240.8958185548338,241.3835192960312,0.0,2.2655366503968844e-32
179.4373675955822,7885.809182073776,95.22057735127125,236.95574872579135,36242.854740891045,0.5328356272506267,308.5876841817122,0.30856894889946584,0.6,1.3569699349930187,1.0555336430026876,2.1334299614895035e-67,240.98126083139837,241.46808739164132,0.0,1.9533762929395605e-32
179.58739883939123,7871.529517872462,95.13533015727852,237.04833689060214,36317.34803121292,0.5337222667719913,308.64796711859924,0.30823248584923413,0.6,1.3569699349930187,1.0553978010204503,1.585730538734575e-67,241.06664446100123,241.55259973853495,0.0,1.6840749374827588e-32
179.73743008320025,7857.262627947879,95.05028893106271,237.14084264296048,36391.898782557735,0.5346092438544687,308.70818464179445,0.30789688663860043,0.6,1.3569699349930187,1.0552626093826305,1.1783140942930934e-67,241.1519695146556,241.63705639215513,0.0,1.4517012603860648e-32
179.88746132700925,7843.008481471887,94.96545271477831,237.23326618164447,36466.50698192354,0.5354965583879361,308.7683369189286,0.30756214727973485,0.6,1.3569699349930187,1.0551280619263586,8.75359696345884e-68,241.2372360637101,241.72145740843973,0.0,1.2512381890885132e-32
180.03749257081827,7828.767047762994,94.88082056036426,237.32560770448595,36541.17261620034,0.5363842102607242,308.8284241168444,0.30722826382220036,0.6,1.3569699349930187,1.054994152611791,6.501856467361681e-68,241.32244417979226,241.80580284375372,0.0,1.0783640636322064e-32
180.1875238146273,7814.538296272094,94.79639152665175,237.41786740846297,36615.895672240506,0.5372721993604588,308.8884464016585,0.30689523234347416,0.6,1.3569699349930187,1.0548608754604458,4.828185463193565e-68,241.40759393465223,241.8900927547028,0.0,9.292630947947714e-33
180.3375550584363,7800.32219659156,94.71216468138024,237.51004548964062,36690.676136806615,0.5381605255734433,308.94840393872346,0.30656304895546693,0.6,1.3569699349930187,1.054728224599682,3.584338644662529e-68,241.4926854002689,241.97432719825952,0.0,8.006657201857753e-33
180.48758630224532,7786.118718462675,94.62813910292189,237.602142143123,36765.5139965281,0.5390491887841496,309.00829689259797,0.3062317098100825,0.6,1.3569699349930187,1.0545961943011057,2.6604566539311837e-68,241.57771864894173,242.05850623187177,0.0,6.898025752410561e-33
180.63761754605434,7771.9278317568005,94.54431387644456,237.69415756317514,36840.40923799565,0.5399381888763418,309.068125427127,0.3059012110866687,0.6,1.3569699349930187,1.0544647788982984,1.974308248118262e-68,241.66269375308488,242.14262991321777,0.0,5.9422948552338237e-33
180.78764878986334,7757.749506476898,94.46068809430555,237.7860919432133,36915.36184774949,0.5408275257329415,309.1278897054366,0.30557154899325245,0.6,1.3569699349930187,1.0543339727961176,1.4646917291142736e-68,241.7476107852464,242.22669830022824,0.0,5.118230402744293e-33
180.93768003367236,7743.583712772874,94.37726085944873,237.8779454757053,36990.371812193785,0.5417171992350147,309.18758988987025,0.3052427197775468,0.6,1.3569699349930187,1.054203770545424,1.086396552133832e-68,241.8324698182889,242.3107114513014,0.0,4.407993109488575e-33
181.0877112774814,7729.430420925428,94.2940312821299,237.96971835227527,37065.43911767774,0.5426072092627394,309.247226142058,0.3049147197162386,0.6,1.3569699349930187,1.054074166772863,8.056622858628207e-69,241.91727092521475,242.39466942509395,0.0,3.795974049172764e-33
181.2377425212904,7715.289601340007,94.2109984787145,238.06141076374277,37140.56375052372,0.5434975556957408,309.3067986229429,0.304587545111032,0.6,1.3569699349930187,1.0539451561554274,5.97306992779293e-69,242.00201417910023,242.47857228044293,0.0,3.268477632159445e-33
181.3877737650994,7701.161224561505,94.12816157492351,238.1530229000275,37215.74569694506,0.5443882384121211,309.3663074927198,0.3042611922991601,0.6,1.3569699349930187,1.0538167334919668,4.427269268533141e-69,242.08669965326774,242.56242007657,0.0,2.813939047807123e-33
181.53780500890844,7687.045261268917,94.04551970483865,238.24455495018407,37290.9849430704,0.5452792572887523,309.4257529108595,0.3039356576500975,0.6,1.3569699349930187,1.0536888936824542,3.2809602235514455e-69,242.17132742123255,242.6462128730176,0.0,2.4224074880091077e-33
181.68783625271743,7672.941682261694,93.96307200811314,238.33600710249007,37366.281475012045,0.5461706122020877,309.4851350361665,0.30361093755644386,0.6,1.3569699349930187,1.0535616316679102,2.430869494435303e-69,242.2558975565536,242.72995072947114,0.0,2.0851031263091635e-33
181.83786749652646,7658.850458468717,93.88081763197012,238.42737954438834,37441.6352788147,0.5470623030275592,309.54445402674287,0.30328702844037825,0.6,1.3569699349930187,1.0534349424747407,1.8005289740471295e-69,242.34041013293873,242.81363370588392,0.0,1.7945136859607436e-33
181.98789874033548,7644.771560955635,93.79875573290377,238.51867246243899,37517.04634041172,0.5479543296390622,309.6037100399579,0.30296392675913986,0.6,1.3569699349930187,1.053308821252785,1.3334042822449202e-69,242.42486522433427,242.89726186258326,0.0,1.5442856661897823e-33
182.13792998414448,7630.704960906801,93.71688547296392,238.60988604243664,37592.51464571803,0.5488466919100589,309.66290323252497,0.30264162899290586,0.6,1.3569699349930187,1.0531832631949052,9.872698429121262e-70,242.5092629047282,242.9808352600358,0.0,1.3288154020162497e-33
182.2879612279535,7616.650629626866,93.63520602016447,238.70102046940013,37668.040180617805,0.5497393897134346,309.7220337604964,0.3023201316460786,0.6,1.3569699349930187,1.0530582635465446,7.307710059224542e-70,242.59360324817035,243.06435395887127,0.0,1.1432398956409825e-33
182.43799247176253,7602.608538555836,93.55371655182867,238.7920759274747,37743.62293087976,0.5506324229205003,309.7811017792004,0.30199943125810824,0.6,1.3569699349930187,1.0529338176798047,5.40802088316154e-70,242.67788632894897,243.14781802009236,0.0,9.834808267361178e-34
182.58802371557152,7588.578659253531,93.47241625140835,238.88305260003293,37819.262882236806,0.5515257914019365,309.8401074433079,0.30167952439311363,0.6,1.3569699349930187,1.052809921024572,4.001465797753322e-70,242.76211222142283,243.23122750487414,0.0,8.45972551709951e-34
182.73805495938055,7574.560963393854,93.39130430733431,238.9739506697117,37894.96002041314,0.5524194950281165,309.89905090685716,0.30136040763611077,0.6,1.3569699349930187,1.0526865690439142,2.9599131385227054e-70,242.84628099995928,243.31458247449046,0.0,7.27589127800697e-34
182.88808620318954,7560.555422779247,93.31037991621896,239.0647703183185,37970.71433104262,0.5533135336681445,309.95793232319414,0.3010420776033695,0.6,1.3569699349930187,1.05256375730509,2.1889335821370243e-70,242.9303927391027,243.39788299051375,0.0,6.2569546856529225e-34
183.03811744699857,7546.56200933555,93.22964228189404,239.15551172686477,38046.52579969276,0.554207907190143,310.0167518449951,0.3007245309392436,0.6,1.3569699349930187,1.0524414814592444,1.6185058639478577e-70,243.0144475135241,243.48112911475468,0.0,5.380267344982964e-34
183.1881486908076,7532.580695098961,93.14909061271106,239.24617507565046,38122.39441193156,0.5551026154620435,310.07550962432214,0.3004077643073702,0.6,1.3569699349930187,1.052319737182699,1.1964416680966651e-70,243.09844539787818,243.56432090909175,0.0,4.625859974540812e-34
183.3381799346166,7518.611452224874,93.06872412352219,239.3367605442065,38198.32015327614,0.5559976583509831,310.1342058125871,0.30009177439705975,0.6,1.3569699349930187,1.052198520221145,8.841904549482294e-71,243.18238646690676,243.64745843559407,0.0,3.976670694073139e-34
183.48821117842562,7504.654252995075,92.98854203735536,239.42726831124838,38274.30300914992,0.5568930357228024,310.1928405605221,0.2997765579286871,0.6,1.3569699349930187,1.052077826427318,6.533179915855401e-71,243.26627079552705,243.730541756626,0.0,3.4182909624929705e-34
183.63824242223464,7490.709069800374,92.90854358180407,239.51769855478864,38350.34296497342,0.5577887474431187,310.2514140182534,0.29946211164194037,0.6,1.3569699349930187,1.0519576516821372,4.8263232588644774e-71,243.35009845864204,243.81357093462086,0.0,2.9380211719103292e-34
183.78827366604364,7476.775875142276,92.828727989448,239.60805145212592,38426.440006151715,0.5586847933771806,310.3099263352956,0.2991484322971507,0.6,1.3569699349930187,1.0518379919045064,3.5643347277238195e-71,243.43386953116138,243.89654603210593,0.0,2.524852189615931e-34
183.93830490985266,7462.8546416476975,92.74909450114745,239.69832717974964,38502.59411799078,0.5595811733888846,310.36837766049007,0.2988355166859334,0.6,1.3569699349930187,1.0517188431247615,2.6318003326781956e-71,243.51758408817435,243.97946711190758,0.0,2.169567599214278e-34
184.0883361536617,7448.945342053992,92.66964236294275,239.78852591343696,38578.8052857754,0.5604778873416962,310.42676814206925,0.298523361621095,0.6,1.3569699349930187,1.051600201416899,1.942908387036979e-71,243.60124220478747,244.06233423695775,0.0,1.8641157642164648e-34
184.23836739747068,7435.047949203512,92.59037082495045,239.87864782828822,38655.07349479587,0.5613749350989654,310.48509792768016,0.29821196393302296,0.6,1.3569699349930187,1.0514820628746944,1.4339367087829843e-71,243.68484395606626,244.14514747022417,0.0,1.6014438244631492e-34
184.3883986412797,7421.162436057759,92.51127914452417,239.9686930986349,38731.39873026688,0.562272316522975,310.5433671643258,0.29790132047989065,0.6,1.3569699349930187,1.0513644236822592,1.0580383136352256e-71,243.76838941720007,244.2279068749065,0.0,1.3756166222161301e-34
184.53842988508873,7407.288775692487,92.43236658531745,240.05866189807156,38807.78097735093,0.5631700314752188,310.6015759983866,0.29759142814458095,0.6,1.3569699349930187,1.0512472800940225,7.805528514505313e-72,243.8518786634535,244.31061251437765,0.0,1.1815384929737032e-34
184.68846112889773,7393.426941285135,92.3536324146624,240.14855439953715,38884.22022122394,0.5640680798171748,310.65972457567386,0.29728228382616073,0.6,1.3569699349930187,1.0511306283771882,5.757032680484101e-72,243.93531177002927,244.3932644520206,0.0,1.0147196371273104e-34
184.83849237270675,7379.576906123542,92.27507590553317,240.23837077525866,38960.71644702439,0.5649664614097097,310.7178130413945,0.29697388444620676,0.6,1.3569699349930187,1.051014464855814,4.2449378770906416e-72,244.01868881217024,244.4758627513495,0.0,8.713294382229102e-35
184.98852361651578,7365.738643613025,92.19669633819392,240.328111196705,39037.269639810394,0.5658651761125771,310.77584154012135,0.2966662269541028,0.6,1.3569699349930187,1.050898785948077,3.129462650462054e-72,244.1020098652453,244.55840747611123,0.0,7.481378099450138e-35
185.13855486032477,7351.912127259589,92.11849299667992,240.41777583469604,39113.879784649434,0.5667642237854736,310.83381021586536,0.2963593083156115,0.6,1.3569699349930187,1.0507835880887277,2.306651143952043e-72,244.18527500456662,244.6408986900678,0.0,6.42299636478832e-35
185.2885861041338,7338.097330671659,92.04046516922843,240.50736485939123,39190.54686660559,0.5676636042878908,310.8917192120684,0.2960531255142403,0.6,1.3569699349930187,1.0506688677391132,1.699664414475289e-72,244.26848430541125,244.7233364570216,0.0,5.51351180185106e-35
185.43861734794282,7324.294227574504,91.96261215152398,240.59687844019606,39267.270870656226,0.5685633174781388,310.94956867154383,0.29574767556170545,0.6,1.3569699349930187,1.0505546214600183,1.2521536375688028e-72,244.35163784319,244.80572084101613,0.0,4.732335510237006e-35
185.58864859175182,7310.502791795727,91.88493324366641,240.68631674585617,39344.05178176924,0.569463363214257,311.00735873653844,0.2954429554880863,0.6,1.3569699349930187,1.0504408458448053,9.223128516246271e-73,244.43473569329038,244.88805190614863,0.0,4.061494296933188e-35
185.73867983556084,7296.722997260072,91.80742774910738,240.77567994449103,39420.889584928955,0.5703637413543166,311.06508954875443,0.2951389623383567,0.6,1.3569699349930187,1.0503275374961538,6.79166576479875e-73,244.51777793102104,244.9703297165037,0.0,3.4852574977379377e-35
185.88871107936987,7282.954818003339,91.73009497777146,240.86496820350362,39497.78426505544,0.5712644517554791,311.12276124929247,0.2948356931824449,0.6,1.3569699349930187,1.0502146930962148,4.999978019112756e-73,244.60076463177353,245.05255433634537,0.0,2.9904101987640147e-35
186.03874232317887,7269.1982281676255,91.65293424513753,240.95418168961123,39574.735807027675,0.5721654942742692,311.18037397867187,0.29453314511222795,0.6,1.3569699349930187,1.0501023093867563,3.6803648394304263e-73,244.68369587097487,245.1347258300605,0.0,2.565618946776532e-35
186.1887735669879,7255.453201989207,91.57594486968667,241.04332056892426,39651.74419574839,0.5730668687673355,311.2379278768827,0.29423131523325025,0.6,1.3569699349930187,1.0499903831126445,2.7083762720468594e-73,244.76657172395602,245.21684426200156,0.0,2.200904598413603e-35
186.33880481079692,7241.719713807154,91.49912617484904,241.13238500688996,39728.809416092685,0.5739685750908514,311.29542308334993,0.29393020067098763,0.6,1.3569699349930187,1.049878911065814,1.992519537878362e-73,244.84939226605167,245.2989096966055,0.0,1.8877653570265866e-35
186.4888360546059,7227.997738070237,91.4224774906229,241.22137516824796,39805.93145286632,0.5748706131000291,311.3528597369056,0.2936297985760441,0.6,1.3569699349930187,1.0497678901221135,1.4656264522433e-73,244.93215757268447,245.38092219849338,0.0,1.6190429318460493e-35
186.63886729841494,7214.287249320675,91.34599815013674,241.31029121713544,39883.110290893645,0.575772982650149,311.4102379758577,0.29333010611301225,0.6,1.3569699349930187,1.0496573171648746,1.077850302198543e-73,245.01486771918815,245.4628818322594,0.0,1.388436242420264e-35
186.78889854222396,7200.588222195931,91.26968749008869,241.3991333170756,39960.345915004815,0.5766756835964134,311.46755793798303,0.29303112046186713,0.6,1.3569699349930187,1.0495471890951429,7.924310958721552e-74,245.09752278082942,245.54478866249704,0.0,1.1904947165792555e-35
186.93892978603296,7186.900631442823,91.19354485394408,241.48790163088597,40037.63830995315,0.577578715792981,311.5248197604693,0.29273283882825957,0.6,1.3569699349930187,1.0494375029039498,5.824767075546907e-74,245.18012283297315,245.62664275399501,0.0,1.0206715259067837e-35
187.08896102984198,7173.22445190343,91.1175695889629,241.57659632076997,40114.98746049164,0.5784820790938638,311.5820235799746,0.29243525843388557,0.6,1.3569699349930187,1.0493282556061863,4.280782195923253e-74,245.26266795093005,245.70844417155564,0.0,8.750004643585148e-36
187.238992273651,7159.559658510151,91.04176104517258,241.66521754834883,40192.39335139793,0.5793857733532194,311.63916953264885,0.2921383765131443,0.6,1.3569699349930187,1.0492194442179041,3.14517050878891e-74,245.34515820990336,245.79019297993113,0.0,7.500130413407643e-36
187.38902351746,7145.906226299343,90.96611857845062,241.7537654745731,40269.85596739429,0.5802897984244192,311.6962577540776,0.2918421903230585,0.6,1.3569699349930187,1.0491110658260936,2.3102500921545487e-74,245.42759368514734,245.87188924401207,0.0,6.428005145943488e-36
187.53905476126903,7132.264130406689,90.8906415496197,241.84224025975277,40347.37529317087,0.5811941541603209,311.753288379302,0.2915466971403216,0.6,1.3569699349930187,1.049003117568915,1.6967048887985088e-74,245.50997445192158,245.95353302877245,0.0,5.5087095335556096e-36
187.68908600507805,7118.633346055519,90.81532932195768,241.93064206363286,40424.951313448946,0.5820988404140087,311.8102615428683,0.29125189425323705,0.6,1.3569699349930187,1.048895596580062,1.2458015034482552e-74,245.59230058536312,246.03512439911722,0.0,4.720316757161458e-36
187.83911724888705,7105.0138485652715,90.74018126312816,242.01897104533873,40502.58401293038,0.5830038570382047,311.86717737879366,0.2909577789679201,0.6,1.3569699349930187,1.0487885000326564,9.144627493558828e-75,245.6745721605855,246.11666341999995,0.0,4.0441730172119145e-36
187.98914849269607,7091.405613358247,90.66519674676994,242.10722736333202,40580.2733762559,0.5839092038847843,311.9240360205378,0.2906643486133923,0.6,1.3569699349930187,1.0486818251756445,6.711377610006731e-75,245.75678925276048,246.19815015651966,0.0,3.464595643916086e-36
188.1391797365051,7077.808615943873,90.59037514913157,242.19541117551285,40658.019388092114,0.5848148808057926,311.9808376010704,0.2903716005307012,0.6,1.3569699349930187,1.0485755692583427,4.924617797239721e-75,245.83895193694633,246.27958467371616,0.0,2.967788740179889e-36
188.2892109803141,7064.2228319205,90.5157158495179,242.28352263920806,40735.82203311845,0.5857208876532926,312.0375822528634,0.2900795320743365,0.6,1.3569699349930187,1.0484697295408496,3.612434942865069e-75,245.92106028811043,246.36096703659663,0.0,2.541831368079869e-36
188.43924222412312,7050.64823698923,90.44121823344129,242.3715619110816,40813.68129594548,0.5866272242784157,312.09427010783475,0.28978814062235764,0.6,1.3569699349930187,1.0483643033657797,2.6493685440216835e-75,246.00311438129071,246.44229731032752,0.0,2.1767968757913703e-36
188.58927346793214,7037.084806940225,90.36688168970151,242.45952914722324,40891.5971611901,0.5875338905322401,312.1509012974057,0.289497423566954,0.6,1.3569699349930187,1.0482592880927368,1.9427350747147276e-75,246.085114291447,246.52357556005728,0.0,1.8640326204513555e-36
188.73930471174114,7023.532517647945,90.29270560939092,242.5474245031794,40969.56961350046,0.58844088626608,312.20747595252163,0.2892073783112164,0.6,1.3569699349930187,1.0481546810761269,1.4241650691319352e-75,246.16706009341047,246.6048018508556,0.0,1.5959779336439356e-36
188.88933595555017,7009.991345084535,90.21868938894022,242.6352481338664,41047.59863747641,0.5893482113305628,312.2639942035967,0.28891800227892256,0.6,1.3569699349930187,1.048050479734587,1.0437603812243122e-75,246.24895186203884,246.68597624789845,0.0,1.3663033137426122e-36
189.0393671993592,6996.461265315338,90.14483242922358,242.72300019359955,41125.684217692185,0.590255865575894,312.3204561805336,0.28862929291162503,0.6,1.3569699349930187,1.0479466815312215,7.648484153247847e-76,246.33078967217145,246.76709881641364,0.0,1.1695920382464694e-36
189.1893984431682,6982.942254487546,90.07113413312474,242.81068083616657,41203.82633875935,0.5911638488525912,312.37686201277114,0.2883412476607896,0.6,1.3569699349930187,1.0478432839187668,5.603314742961369e-76,246.4125735985058,246.8481696215338,0.0,1.0010810179798605e-36
189.3394296869772,6969.434288838558,89.9975939074516,242.89829021477357,41282.02498527597,0.5920721610108931,312.4332118292502,0.28805386399393657,0.6,1.3569699349930187,1.0477402843834038,4.103821200956771e-76,246.49430371569468,246.92918872841202,0.0,8.56723999550532e-37
189.48946093078624,6955.937344702587,89.9242111644961,242.9858284820021,41360.28014178568,0.5929808019002867,312.48950575838705,0.2877671393996327,0.6,1.3569699349930187,1.0476376804807128,3.0051194581165294e-76,246.57598009842613,247.01015620231613,0.0,7.33124254651139e-37
189.63949217459523,6942.451398495352,89.8509853187338,243.07329578990837,41438.59179286342,0.5938897713705042,312.5457439281376,0.28748107137684425,0.6,1.3569699349930187,1.0475354697610595,2.200143556636767e-76,246.65760282125632,247.0910721084298,0.0,6.272955794951594e-37
189.78952341840426,6928.976426715902,89.7779157872767,243.16069229001153,41516.9599231027,0.5947990692713757,312.6019264659905,0.28719565743637243,0.6,1.3569699349930187,1.0474336497801888,1.6102957094609508e-76,246.73917195863257,247.17193651187975,0.0,5.3666038210496e-37
189.93955466221328,6915.512405960185,89.70500199297965,243.2480181332054,41595.38451703377,0.5957086954518815,312.65805349891133,0.28691089511082113,0.6,1.3569699349930187,1.0473322181704305,1.1783544844936321e-76,246.8206875850509,247.25274947792272,0.0,4.590761143892295e-37
190.08958590602228,6902.059312907676,89.63224336156662,243.33527346984553,41673.86555919902,0.596618649761028,312.71412515339887,0.2866267819453259,0.6,1.3569699349930187,1.0472311725756827,8.621374960550048e-77,246.90214977491158,247.33351107177336,0.0,3.92676566156123e-37
190.2396171498313,6888.617124316803,89.55963932066535,243.42245844977856,41752.40303417689,0.5975289320481257,312.7701415555049,0.28634331549442965,0.6,1.3569699349930187,1.0471305106296767,6.305966443127043e-77,246.9835586024701,247.4142213585455,0.0,3.358323630354312e-37
190.38964839364033,6875.185817038114,89.487189302818,243.5095732222569,41830.99692650276,0.5984395421618742,312.82610283077975,0.28606049333173844,0.6,1.3569699349930187,1.0470302300250893,4.6112694097664616e-77,247.06491414198968,247.49488040343346,0.0,2.871818347366624e-37
190.53967963744932,6861.765368009861,89.41489274459283,243.5966179359674,41909.647220691884,0.5993504799506283,312.8820091042917,0.2857783130470392,0.6,1.3569699349930187,1.046930328493733,3.3715145529867616e-77,247.14621646769692,247.57548827165905,0.0,2.455609116058814e-37
190.68971088125835,6848.355754246995,89.34274908420178,243.68359273910272,41988.35390130145,0.6002617452631193,312.93786050067325,0.28549677223862013,0.6,1.3569699349930187,1.0468308037524316,2.46447550167075e-77,247.22746565366225,247.65604502832866,0.0,2.0994666019717915e-37
190.83974212506737,6834.956952849421,89.27075776339977,243.7704977793076,42067.116952879696,0.6011733379478651,312.9936571440872,0.2852158685193541,0.6,1.3569699349930187,1.0467316535467714,1.8009300436663693e-77,247.30866177389538,247.73655073854698,0.0,1.794713539685878e-37
190.98977336887637,6821.5689410084315,89.19891822901458,243.85733320363732,42145.936359925574,0.6020852578527064,313.0493991582008,0.28493559952158715,0.6,1.3569699349930187,1.0466328756866004,1.315832255594746e-77,247.38980490242315,247.81700546750903,0.0,1.5340763749429126e-37
191.1398046126854,6808.191695991801,89.12722992970585,243.9440991586543,42224.812106973804,0.6029975048257911,313.1050866662482,0.2846559628867042,0.6,1.3569699349930187,1.0465344679721624,9.612159422054739e-78,247.47089511312703,247.89740928030673,0.0,1.3111645546537718e-37
191.28983585649442,6794.8251951456605,89.05569231642349,244.03079579041582,42303.74417858161,0.6039100787154218,313.16071979102344,0.2843769562665829,0.6,1.3569699349930187,1.046436428204859,7.01948705917083e-78,247.5519324797661,247.97776224195562,0.0,1.1204678676273734e-37
191.43986710030342,6781.46941590777,88.9843048454706,244.11742324438814,42382.73255924789,0.6048229793691224,313.2162986548255,0.2840985773334043,0.6,1.3569699349930187,1.046338754257957,5.125147759222419e-78,247.63291707613138,248.0580644175787,0.0,9.574143069721449e-38
191.58989834411244,6768.124335794457,88.91306697567119,244.20398166553096,42461.7772334878,0.6057362066345021,313.27182337951376,0.28382082377053514,0.6,1.3569699349930187,1.0462414440119845,3.741442542404279e-78,247.71384897590448,248.1383158722376,0.0,8.180243994771586e-38
191.73992958792147,6754.7899323962365,88.8419781674322,244.29047119832592,42540.87818585628,0.6066497603595272,313.32729408652625,0.2835436932694993,0.6,1.3569699349930187,1.0461444953334231,2.730519442250215e-78,247.79472825261055,248.21851667087623,0.0,6.988264820928766e-38
191.88996083173046,6741.4661833907285,88.77103788572008,244.3768919866929,42620.03540086947,0.6075636403916151,313.38271089682706,0.28326718353950797,0.6,1.3569699349930187,1.0460479061435217,1.9922561304685311e-78,247.87555497976788,248.2986668784989,0.0,5.969243615539386e-38
192.0399920755395,6728.1530665383125,88.70024559917692,244.46324417401797,42699.248863027504,0.6084778465778983,313.4380739309245,0.2829912923045995,0.6,1.3569699349930187,1.0459516743983945,1.4533908922369592e-78,247.95632923084423,248.37876656011775,0.0,5.098447302664441e-38
192.1900233193485,6714.850559671464,88.62960077778556,244.5495279032227,42778.518556875795,0.6093923787659332,313.49338330891646,0.2827160172961288,0.6,1.3569699349930187,1.045855798035543,1.0600209353986085e-78,248.0370510791404,248.45881578061397,0.0,4.3541555404093804e-38
192.3400545631575,6701.558640702873,88.5591028947538,244.6357433167115,42857.84446695465,0.6103072368031194,313.548639150457,0.2824413562587925,0.6,1.3569699349930187,1.045760275017562,7.728912541310037e-79,248.11772059788478,248.53881460485016,0.0,3.7179702821282305e-38
192.49008580696653,6688.277287631715,88.48875142801472,244.72189055633083,42937.226577759044,0.6112224205362362,313.6038415747309,0.2821673069554159,0.6,1.3569699349930187,1.0456651033671767,5.634497385549031e-79,248.19833786030856,248.61876309775946,0.0,3.174492522995818e-38
192.64011705077556,6675.006478529154,88.41854585704024,244.80796976346326,43016.664873822905,0.6121379298124172,313.65899070051455,0.28189386715671527,0.6,1.3569699349930187,1.0455702810940426,4.106856418641006e-79,248.27890293948758,248.69866132415706,0.0,2.7102008517857544e-38
192.79014829458455,6661.746191540207,88.3484856633045,244.89398107901536,43096.15933970596,0.6130537644789978,313.71408664616877,0.28162103464276633,0.6,1.3569699349930187,1.0454758062056737,2.992446644804788e-79,248.3594159083654,248.77850934876736,0.0,2.3134489764415768e-38
192.94017953839358,6648.496404896754,88.27857033330451,244.9799246433333,43175.70995991333,0.6139699243825901,313.76912952958514,0.2813488072126636,0.6,1.3569699349930187,1.045381676777666,2.1800217719248678e-79,248.43987683990437,248.85830723640365,0.0,1.9745909086319062e-38
193.0902107822026,6635.257096904787,88.2087993557657,245.06580059628558,43255.31671896956,0.6148864093699379,313.82411946823987,0.28107718267554244,0.6,1.3569699349930187,1.0452878908894445,1.5879191447342272e-79,248.52028580694727,248.9380550518029,0.0,1.6852367066273085e-38
193.2402420260116,6622.028245940169,88.13917222072917,245.15160907729046,43334.979601441926,0.6158032192881843,313.8790565792117,0.28080615884763893,0.6,1.3569699349930187,1.0451944466033474,1.1562942092216926e-79,248.60064288217194,249.0177528595717,0.0,1.4380728694054814e-38
193.39027326982063,6608.8098304613195,88.06968842249539,245.23735022523366,43414.69859186204,0.6167203539839708,313.93394097912994,0.28053573356169914,0.6,1.3569699349930187,1.0451013420331623,8.417865932663828e-80,248.6809481382381,249.09740072436068,0.0,1.2270089201282146e-38
193.54030451362965,6595.601829004968,88.00034745874326,245.32302417849598,43494.473674748886,0.6176378133037042,313.9887727841926,0.280265904664135,0.6,1.3569699349930187,1.0450085753241067,6.127378816419859e-80,248.7612016477443,249.176998710813,0.0,1.046849097674894e-38
193.69033575743865,6582.404220175752,87.93114882823899,245.40863107502062,43574.30483466937,0.6185555970942527,314.04355211021,0.27999667000767003,0.6,1.3569699349930187,1.0449161445999298,4.4590465220299856e-80,248.8414034831144,249.25654688342897,0.0,8.930334355634114e-39
193.84036700124767,6569.216982654229,87.86209203270614,245.49417105226132,43654.19205618786,0.6194737052023671,314.0982790725723,0.2797280274573094,0.6,1.3569699349930187,1.0448240480065876,3.2439955807559683e-80,248.921553716691,249.3360453066769,0.0,7.617050669844645e-39
193.9903982450567,6556.040095203014,87.79317657829648,245.57964424714254,43734.13532382678,0.6203921374742289,314.1529537862246,0.27945997489502566,0.6,1.3569699349930187,1.0447322837468245,2.359678715583295e-80,249.00165242080843,249.41549404507992,0.0,6.496405946955448e-39
194.1404294888657,6542.87353665261,87.72440197245407,245.6650507961512,43814.134622150035,0.6213108937564102,314.20757636572574,0.2791925102097035,0.6,1.3569699349930187,1.0446408500075686,1.716104999074301e-80,249.08169966763845,249.4948931630318,0.0,5.540113291732318e-39
194.29046073267472,6529.7172859032935,87.65576772438328,245.75039083532457,43894.18993574964,0.6222299738957193,314.2621469252418,0.27892563129862175,0.6,1.3569699349930187,1.0445497449710164,1.247659052778491e-80,249.16169552921338,249.57424272482444,0.0,4.723834554813076e-39
194.44049197648374,6516.57132193788,87.58727334802855,245.83566450016744,43974.301249165896,0.623149377738287,314.3166655784931,0.2786593360769657,0.6,1.3569699349930187,1.0444589668844009,9.069147187732899e-81,249.24164007757406,249.65354279482358,0.0,4.027448009626074e-39
194.59052322029274,6503.435623809233,87.51891835931427,245.92087192573314,44054.46854696109,0.6240691051304118,314.37113243880674,0.2783936224689781,0.6,1.3569699349930187,1.044368513996023,6.591308171547467e-81,249.32153338463414,249.7327934373071,0.0,3.433464222121944e-39
194.74055446410176,6490.310170636157,87.4507022752558,246.00601324665,44134.69181374251,0.6249891559188262,314.42554761913425,0.2781284884051006,0.6,1.3569699349930187,1.0442783845347146,4.789035471266715e-81,249.40137552213645,249.81199471641273,0.0,2.9266497072375598e-39
194.8905857079108,6477.194941615896,87.3826246168717,246.09108859704062,44214.97103408413,0.6259095299497978,314.4799112320002,0.27786393183126795,0.6,1.3569699349930187,1.0441885767781107,3.4787094500874615e-81,249.48116656179715,249.89114669630948,0.0,2.4943408321238335e-39
195.04061695171978,6464.0899160199215,87.31468490830376,246.17609811054876,44295.306192549884,0.6268302270693982,314.5342233895199,0.27759995070607324,0.6,1.3569699349930187,1.0440990890324782,2.5265569231292615e-81,249.56090657526278,249.97024944114628,0.0,2.125745465291769e-39
195.1906481955288,6450.995073183801,87.24688267456739,246.26104192040532,44375.697273753765,0.6277512471241922,314.5884842034427,0.27733654299356136,0.6,1.3569699349930187,1.0440099195803678,1.8345702335700686e-81,249.6405956340003,250.04930301492064,0.0,1.8113980212302573e-39
195.34067943933783,6437.910392515128,87.1792174434078,246.34592015937682,44456.14426230917,0.6286725899606578,314.64269378511864,0.2770737066691457,0.6,1.3569699349930187,1.0439210667242604,1.331709738352705e-81,249.72023380938845,250.1283074815873,0.0,1.5433040840058273e-39
195.49071068314683,6424.83585349948,87.11168874674163,246.43073295972667,44536.647142790076,0.6295942554247423,314.6968522454751,0.2768114397241931,0.6,1.3569699349930187,1.043832528820689,9.665420508456878e-82,249.7998211727892,250.20726290514315,0.0,1.3147921254649349e-39
195.64074192695585,6411.771435686586,87.04429611756852,246.51548045330503,44617.20589981401,0.6305162433628146,314.7509596950741,0.2765497401561403,0.6,1.3569699349930187,1.043744304208184,7.013763460476734e-82,249.8793577953969,250.28616934944708,0.0,1.120010966988163e-39
195.79077317076488,6398.717118692241,86.97703909044323,246.60016277153625,44697.82051802835,0.6314385536215071,314.8050162441051,0.276288605969988,0.6,1.3569699349930187,1.0436563912185137,5.087928851013369e-82,249.9588437482615,250.36502687824768,0.0,9.5393159326497e-40
195.94080441457388,6385.672882210803,86.9099172044157,246.68478004533776,44778.49098203092,0.6323611860468085,314.8590220023338,0.2760280351876705,0.6,1.3569699349930187,1.0435687882459992,3.690203997195334e-82,250.03827910243322,250.44383555535504,0.0,8.124037232612138e-40
196.0908356583829,6372.638706002953,86.8429300003028,246.7693324051997,44859.21727644376,0.6332841404849093,314.91297707915305,0.2757680258393255,0.6,1.3569699349930187,1.0434814936838053,2.6760603119906374e-82,250.1176639288298,250.52259544448256,0.0,6.918224742739722e-40
196.24086690219193,6359.614569891747,86.77607701982167,246.8538199812101,44939.99938593525,0.6342074167824546,314.9668815836001,0.2755085759605145,0.6,1.3569699349930187,1.043394505903742,1.9400436181500298e-82,250.1969982981941,250.60130660919612,0.0,5.890504129754036e-40
196.39089814600092,6346.600453774885,86.7093578084714,246.9382429029758,45020.83729514258,0.6351310147856586,315.0207356243059,0.2752496836014029,0.6,1.3569699349930187,1.043307823324305,1.4061146479201177e-82,250.27628228123564,250.6799691130825,0.0,5.014840029867551e-40
196.54092938980995,6333.596337620545,86.64277191465328,247.02260129964893,45101.730988694835,0.6360549343405694,315.0745393095131,0.27499134682393317,0.6,1.3569699349930187,1.0432214443903247,1.0189962833431928e-82,250.35551594858822,250.75858301969862,0.0,4.269067460343023e-40
196.69096063361897,6320.602201457536,86.57631888746003,247.10689529999118,45182.680451272696,0.6369791752937518,315.12829274711714,0.27473356369475666,0.6,1.3569699349930187,1.0431353675211317,7.382756553678559e-83,250.43469937070253,250.83714839244323,0.0,3.633757921641775e-40
196.84099187742797,6307.618025383098,86.50999827851882,247.191125032323,45263.6856675578,0.6379037374917094,315.1819960446345,0.2744763322910986,0.6,1.3569699349930187,1.0430495911541855,5.347286281791837e-83,250.5138326179362,250.91566529466428,0.0,3.092526541163227e-40
196.991023121237,6294.643789568711,86.44380964340404,247.27529062448593,45344.746622194536,0.638828620780449,315.23564930917934,0.2742196507052443,0.6,1.3569699349930187,1.0429641137787427,3.872450590590184e-83,250.59291576062353,250.9941337897413,0.0,2.63171987461536e-40
197.14105436504602,6281.679474246595,86.37775253859354,247.35939220393016,45425.863299872064,0.6397538250064183,315.28925264751933,0.27396351703481747,0.6,1.3569699349930187,1.0428789338642996,2.8038731095629867e-83,250.67194886892753,251.0725539409094,0.0,2.239370204172608e-40
197.291085608855,6268.725059711616,86.3118265219446,247.44342989770223,45507.03568531083,0.6406793500163516,315.34280616606895,0.27370792938428473,0.6,1.3569699349930187,1.042794049871989,2.029498744405929e-83,250.7509320128637,251.1509258112869,0.0,1.905202361419495e-40
197.44111685266404,6255.780526333541,86.2460311555955,247.52740383236537,45588.26376318365,0.6416051956563702,315.39630997083856,0.27345288587418726,0.6,1.3569699349930187,1.042709460323466,1.4687221455513702e-83,250.8298652624414,251.22924946404387,0.0,1.6207518995496952e-40
197.59114809647306,6242.845854545053,86.18036600326688,247.6113141340774,45669.54751818891,0.6425313617728197,315.44976416748494,0.27319838463252194,0.6,1.3569699349930187,1.0426251637374062,1.0627430005129638e-83,250.90874868753363,251.30752496224645,0.0,1.3786716472049169e-40
197.74117934028206,6229.921024837914,86.11483062941619,247.6951609286154,45750.88693507268,0.6434578482125203,315.5031688613274,0.2729444237920352,0.6,1.3569699349930187,1.0425411586096445,7.687509922582631e-84,250.98758235783595,251.385752368808,0.0,1.1725721158843022e-40
197.89121058409108,6217.006017775029,86.04942460208997,247.77894434129774,45832.281998551225,0.6443846548218856,315.55652415729844,0.2726910014992943,0.6,1.3569699349930187,1.0424574434809868,5.559512824324907e-84,251.06636634300585,251.4639317466546,0.0,9.97160543946716e-41
198.0412418279001,6204.100813986348,85.98414749204345,247.86266449701034,45913.73269333437,0.6453117814471896,315.60983015996106,0.27243811591186484,0.6,1.3569699349930187,1.0423740169166744,4.0200574838323213e-84,251.14510071262012,251.54206315867424,0.0,8.479355610453983e-41
198.1912730717091,6191.205394159239,85.9189988705666,247.9463215202693,45995.23900418465,0.6462392279352405,315.6630869735492,0.2721857651913736,0.6,1.3569699349930187,1.0422908774550232,2.906173920892809e-84,251.2237855360705,251.62014666759217,0.0,7.209539378041157e-41
198.34130431551813,6178.31973904619,85.85397831131428,248.0299155351709,46076.80091586679,0.647166994132806,315.7162947019361,0.27193394750932315,0.6,1.3569699349930187,1.0422080236510463,2.100287773780151e-84,251.3024208826524,251.69818233607646,0.0,6.128950584046074e-41
198.49133555932715,6165.443829470489,85.78908539169103,248.11344666535462,46158.4184131097,0.648095079886182,315.7694534486114,0.2716826610514827,0.6,1.3569699349930187,1.0421254541096712,1.5176625866908659e-84,251.3810068216324,251.77617022681804,0.0,5.209959312679308e-41
198.64136680313615,6152.577646312995,85.72431968984925,248.19691503408907,46240.091480688316,0.6490234850421241,315.8225633167364,0.27143190400831774,0.6,1.3569699349930187,1.0420431674146466,1.096459318160986e-84,251.45954342210393,251.85411040235869,0.0,4.428360609153716e-41
198.79139804694518,6139.721170514062,85.65968078516889,248.28032076425956,46321.82010340993,0.6499522094476926,315.8756244091364,0.27118167457650544,0.6,1.3569699349930187,1.0419611621400922,7.9189231018517e-85,251.5380307530108,251.93200292511875,0.0,3.763394799961381e-41
198.9414292907542,6126.874383085575,85.59516826112177,248.3636639782898,46403.60426603548,0.6508812529493578,315.9286368282514,0.2709319709680321,0.6,1.3569699349930187,1.0418794369189657,5.718224123488328e-85,251.61646888328568,252.009847857562,0.0,3.197991494329632e-41
199.0914605345632,6114.037265099168,85.53078170260059,248.44694479821845,46485.44395335268,0.6518106153938328,315.98160067618534,0.2706827914016793,0.6,1.3569699349930187,1.041797990379743,4.1285313895277093e-85,251.69485788172227,252.08764526204288,0.0,2.717343324519083e-41
199.24149177837222,6101.209797682507,85.46652069509342,248.53016334572325,46567.33915019792,0.6527402966283218,316.0345160547217,0.27043413410038675,0.6,1.3569699349930187,1.0417168211268784,2.979871453901158e-85,251.7731978169357,252.16539520075938,0.0,2.3085829430847007e-41
199.39152302218125,6088.391962031187,85.4023848275078,248.61331974204373,46649.28984137869,0.6536702964996404,316.0873830652749,0.27018599730021947,0.6,1.3569699349930187,1.0416359278084024,2.1502702451407265e-85,251.85148875749894,252.24309773591528,0.0,1.9610706516015782e-41
199.54155426599024,6075.583739404642,85.33837369128877,248.69641410800784,46731.2960116976,0.6546006148544884,316.1402018089079,0.2699383792475462,0.6,1.3569699349930187,1.0415553090951883,1.551439841389889e-85,251.9297307719012,252.32075292967014,0.0,1.6657667449807548e-41
199.69158550979927,6062.785111116757,85.27448687828003,248.77944656409272,46813.357646010714,0.655531251540113,316.1929723863708,0.2696912781922275,0.6,1.3569699349930187,1.041474963630039,1.1191037510134976e-85,252.00792392844534,252.3983608440171,0.0,1.4147571365480778e-41
199.8416167536083,6049.99605854349,85.21072398254191,248.8624172303754,46895.474729177025,0.6564622064037353,316.2456948980703,0.26944469239338203,0.6,1.3569699349930187,1.0413948900713106,8.069981029751603e-86,252.08606829533582,252.47592154088744,0.0,1.2013871282019603e-41
199.9916479974173,6037.216563128384,85.14708460170849,248.94532622649683,46977.647246021195,0.6573934792921288,316.29836944404735,0.2691986201236831,0.6,1.3569699349930187,1.0413150871256898,5.818561118314846e-86,252.1641639407441,252.55343508222808,0.0,1.0201276473405764e-41
200.1416792412263,6024.446606369627,85.08356833402557,249.028173671746,47059.87518141469,0.6583250700525398,316.35099612403053,0.2689530596599329,0.6,1.3569699349930187,1.0412355534775204,4.194502142825075e-86,252.24221093266758,252.63090152983352,0.0,8.661376712535442e-42
200.29171048503534,6011.686169821994,85.02017477883432,249.11095968504725,47142.15852026193,0.6592569785325311,316.403575037429,0.26870800928458805,0.6,1.3569699349930187,1.0411562878005154,3.0227333215007854e-86,252.32020933895276,252.70832094537315,0.0,7.352696408795719e-42
200.44174172884433,5998.9352351086445,84.956903539399,249.19368438488362,47224.49724742217,0.6601892045790968,316.4561062832838,0.2684634672947269,0.6,1.3569699349930187,1.0410772888258182,2.1779190693052532e-86,252.39815922743136,252.78569339055304,0.0,6.241192621550127e-42
200.59177297265336,5986.193783909546,84.89375422026214,249.27634788937223,47306.89134778251,0.6611217480394904,316.5085899603166,0.268219431993634,0.6,1.3569699349930187,1.0409985552788372,1.5690062280022866e-86,252.47606066579442,252.86301892696605,0.0,5.2973546756972386e-42
200.74180421646238,5973.461797957902,84.83072642643836,249.35895031628715,47389.340806279244,0.6620546087614672,316.56102616694415,0.26797590168823043,0.6,1.3569699349930187,1.040920085860014,1.1299878052260142e-86,252.553913721554,252.94029761604577,0.0,4.495557904935391e-42
200.89183546027138,5960.739259051824,84.76781976621102,249.44149178298375,47471.845607820556,0.6629877865924085,316.61341500123086,0.2677328746979387,0.6,1.3569699349930187,1.0408418793122256,8.136101982204216e-87,252.63171846217733,253.01752951922617,0.0,3.8146518667366215e-42
201.0418667040804,5948.026149050292,84.70503385024823,249.52397240642497,47554.405737310975,0.6639212813796013,316.66575656090623,0.26749034935186117,0.6,1.3569699349930187,1.0407639343998376,5.857433130583391e-87,252.7094749550453,253.0947146978919,0.0,3.236684643509191e-42
201.19189794788943,5935.322449864001,84.64236828949777,249.60639230324068,47637.021179708936,0.6648550929708872,316.7180509434024,0.26724832398208775,0.6,1.3569699349930187,1.0406862498582197,4.215911548722704e-87,252.78718326735236,253.171853213259,0.0,2.745948975133915e-42
201.34192919169843,5922.628143462865,84.57982269699302,249.68875158967884,47719.69191997637,0.6657892212140943,316.7702982458237,0.2670067969294155,0.6,1.3569699349930187,1.040608824437376,3.0334807238016967e-87,252.86484346619312,253.24894512647762,0.0,2.3292566144093246e-42
201.49196043550745,5909.943211881395,84.51739668918306,249.77105038157083,47802.417943042194,0.666723665956625,316.82249856492564,0.2667657665475519,0.6,1.3569699349930187,1.0405316569342886,2.1823965238306284e-87,252.9424556186262,253.3259904987081,0.0,1.9756661013830087e-42
201.64199167931645,5897.267637206039,84.45508988300894,249.8532887944134,47885.19923388251,0.6676584270463628,316.8746519971664,0.2665252311938292,0.6,1.3569699349930187,1.040454746122643,1.5698157837856217e-87,253.02001979153584,253.40298939095564,0.0,1.675602745731689e-42
201.79202292312547,5884.601401577108,84.3929018963905,249.93546694335618,47968.035777507015,0.6685935043315184,316.9267586386999,0.2662851892307376,0.6,1.3569699349930187,1.040378090764689,1.1287987890470466e-87,253.09753605165506,253.479941864098,0.0,1.4208720949603228e-42
201.9420541669345,5871.94448720038,84.33083235101913,250.0175849431265,48050.927558881085,0.669528897659751,316.97881858532844,0.2660456390347668,0.6,1.3569699349930187,1.0403016896789183,8.11536285326415e-88,253.1750044656992,253.55684797904425,0.0,1.2047604138889206e-42
202.0920854107435,5859.296876335708,84.26888086973753,250.09964290810314,48133.87456299857,0.670464606878991,317.03083193254975,0.26580657898808485,0.6,1.3569699349930187,1.0402255416770319,5.833672891074814e-88,253.25242510024196,253.6337077965867,0.0,1.0214515090666228e-42
202.24211665455252,5846.6585512935535,84.20704707575199,250.1816409523389,48216.87677490315,0.6714006318376806,317.0827987755718,0.2655680074760313,0.6,1.3569699349930187,1.0401496455450028,4.1921898494422656e-88,253.32979802167853,253.71052137735703,0.0,8.658989014986898e-43
202.39214789836154,5834.029494446493,84.14533059540253,250.263579189486,48299.93417961099,0.6723369723839017,317.1347192092659,0.2653299228958846,0.6,1.3569699349930187,1.0400740001102982,3.011849769718987e-88,253.40712329635733,253.787288781983,0.0,7.339447536667447e-43
202.54217914217054,5821.409688225204,84.08373105727667,250.34545773282187,48383.046762135265,0.6732736283656536,317.1865933281832,0.2650923236540386,0.6,1.3569699349930187,1.0399986042207057,2.1635951450079537e-88,253.48440099053846,253.86401007103868,0.0,6.2206349598867526e-43
202.69221038597956,5808.799115109507,84.02224809013646,250.42727669530754,48466.2145075437,0.6742105996315023,317.2384212265926,0.26485520815942476,0.6,1.3569699349930187,1.0399234566942672,1.5538587514551303e-88,253.56163117029644,253.9406853049283,0.0,5.271721838328376e-43
202.8422416297886,5796.197757635795,83.96088132471293,250.50903618953927,48549.43740090796,0.6751478860300093,317.2902029984499,0.264618574829186,0.6,1.3569699349930187,1.039848556362919,1.115607645483888e-88,253.6388139016051,254.01731454398742,0.0,4.466861208966501e-43
202.99227287359759,5783.605598402275,83.89963039500992,250.59073632771455,48632.7154272673,0.6760854874093237,317.3419387373771,0.26438242209279117,0.6,1.3569699349930187,1.0397739021044012,8.008586907099662e-89,253.7159492503999,254.09389784855676,0.0,3.784640774803662e-43
203.1423041174066,5771.022620056544,83.8384949354166,250.67237722171274,48716.04857170896,0.6770234036180878,317.39362853671366,0.26414674838288005,0.6,1.3569699349930187,1.039699492772366,5.7480931832186274e-89,253.79303728244224,254.17043527882052,0.0,3.2063329464563207e-43
203.29233536121563,5758.448805297551,83.77747458119786,250.75395898308227,48799.43681935382,0.677961634505276,317.44527248950874,0.2639115521368069,0.6,1.3569699349930187,1.0396253272083855,4.1242280828208574e-89,253.87007806334285,254.2469268948338,0.0,2.7159267662582106e-43
203.44236660502463,5745.884136886957,83.71656897125276,250.83548172296702,48882.88015527934,0.6789001799193277,317.49687068847516,0.2636768318053586,0.6,1.3569699349930187,1.039551404309261,2.9585997487649365e-89,253.94707165869227,254.32337275667825,0.0,2.300328317233469e-43
203.59239784883366,5733.328597637954,83.6557777455177,250.91694555217873,48966.378564592014,0.6798390397089632,317.54842322603537,0.26344258584452285,0.6,1.3569699349930187,1.039477722964096,2.1221409121348085e-89,254.02401813393942,254.39977292431675,0.0,1.9482012904901625e-43
203.74242909264268,5720.782170411902,83.59510054419657,250.9983505812189,49049.93203244831,0.6807782137234197,317.5999301943359,0.26320881271304325,0.6,1.3569699349930187,1.0394042820356517,1.5216875100456199e-89,254.1009175543554,254.4761274575505,0.0,1.6497170223509154e-43
203.89246033645168,5708.244838129656,83.5345370105053,251.07969692020524,49133.54054397776,0.6817177018115866,317.6513916852012,0.26297551088109095,0.6,1.3569699349930187,1.0393310804274016,1.0908629247910403e-89,254.17776998516322,254.5524364161731,0.0,1.3967922234278347e-43
204.0424915802607,5695.716583767568,83.4740867897828,251.16098467889768,49217.20408430771,0.6826575038222844,317.7028077901501,0.2627426788274384,0.6,1.3569699349930187,1.0392581170621231,7.8192890749119265e-90,254.25457549149667,254.62869985992148,0.0,1.182579516166291e-43
204.19252282406973,5683.197390348762,83.4137495274491,251.24221396675483,49300.92263862013,0.6835976196049036,317.7541786004324,0.26251031503299194,0.6,1.3569699349930187,1.0391853908322273,5.603467106166771e-90,254.33133413830467,254.70491784836184,0.0,1.001094628394669e-43
204.34255406787872,5670.687240950444,83.35352487078882,251.3233848928867,49384.69619210135,0.6845380490088399,317.80550420699905,0.26227841798642176,0.6,1.3569699349930187,1.0391129006434248,4.014297491333072e-90,254.40804599043562,254.7810904409897,0.0,8.473278765474097e-44
204.49258531168775,5658.186118709014,83.29341247022889,251.40449756602138,49468.52472990599,0.6854787918830904,317.85678470048146,0.26204698618818795,0.6,1.3569699349930187,1.0390406454462011,2.875468335627127e-90,254.48471111269765,254.85721769730176,0.0,7.171351544329184e-44
204.64261655549677,5645.694006807908,83.23341197648635,251.48555209458402,49552.408237237054,0.6864198480771525,317.90802017124196,0.26181601814151295,0.6,1.3569699349930187,1.0389686241662888,2.0593588083381265e-90,254.56132956972576,254.9332996766372,0.0,6.068938387011145e-44
204.79264779930577,5633.210888479544,83.17352304106194,251.56654858668415,49636.3466993312,0.6873612174408591,317.95921070936595,0.26158551235393396,0.6,1.3569699349930187,1.0388968357168231,1.4743632923398312e-90,254.63790142600496,255.00933643820534,0.0,5.135100792830248e-44
204.9426790431148,5620.736747016475,83.11374531896523,251.64748715004328,49720.340101382404,0.6883028998235227,318.0103564046166,0.26135546734590137,0.6,1.3569699349930187,1.03882527906529,1.0553652572465645e-90,254.71442674599862,255.08532804123809,0.0,4.3445831566798666e-44
205.09271028692382,5608.271565760414,83.05407846614024,251.72836789206616,49804.38842861408,0.6892448950747446,318.06145734648015,0.2611258816426327,0.6,1.3569699349930187,1.0387539531706964,7.553484079772933e-91,254.79090559402852,255.16127454484698,0.0,3.6755334267222025e-44
205.24274153073281,5595.81532809895,82.9945221387128,251.80919091986198,49888.49166629975,0.6901872030446475,318.1125136241799,0.26089675377172694,0.6,1.3569699349930187,1.0386828569652093,5.40447552934869e-91,254.86733803423996,255.23717600798145,0.0,3.1090198511288823e-44
205.39277277454184,5583.3680174767,82.93507599571006,251.8899563401722,49972.64979968639,0.6911298235830154,318.1635253266307,0.2606680822717433,0.6,1.3569699349930187,1.0386119894210444,3.865922896665823e-91,254.9437241307296,255.3130324895809,0.0,2.629500826609201e-44
205.54280401835086,5570.929617391365,82.87573969816887,251.97066425939587,50056.86281401939,0.6920727565395753,318.2144925424554,0.2604398656893724,0.6,1.3569699349930187,1.038541349528832,2.7650775046512675e-91,255.0200639475039,255.38884404852504,0.0,2.223823791235448e-44
205.69283526215986,5558.500111385171,82.81651290712348,252.05131478364538,50141.13069459892,0.6930160017646277,318.2654153600205,0.2602121025730735,0.6,1.3569699349930187,1.0384709362483202,1.9772131674848908e-91,255.09635754838615,255.4646107435229,0.0,1.8805005494986398e-44
205.84286650596889,5546.079483052097,82.75739528537848,252.1319080186994,50225.453426729655,0.6939595591084845,318.31629386740656,0.25998479147866294,0.6,1.3569699349930187,1.0384007485520694,1.4133885616581623e-91,255.17260499709937,255.54033263321148,0.0,1.5899281687424086e-44
205.9928977497779,5533.667716042874,82.69838649876132,252.21244406997047,50309.83099568524,0.6949034284210719,318.36712815238843,0.25975793097325434,0.6,1.3569699349930187,1.0383307854565105,1.0102243871023713e-91,255.24880635732498,255.61600977622547,0.0,1.3441744676349264e-44
206.1429289935869,5521.264794053046,82.63948621330368,252.29292304258257,50394.26338678772,0.695847609552819,318.4179183024841,0.2595315196263532,0.6,1.3569699349930187,1.0382610459527482,7.219372215740187e-92,255.3249616925725,255.69164223104167,0.0,1.1363089686814287e-44
206.29296023739593,5508.870700824912,82.58069409573831,252.37334504135833,50478.75058539321,0.6967921023544981,318.46866440494745,0.25930555601141714,0.6,1.3569699349930187,1.0381915290188812,5.157367679686296e-92,255.40107106620277,255.76723005600684,0.0,9.604190478939383e-45
206.44299148120496,5496.485420158512,82.52200981619188,252.45371017074788,50563.2925768154,0.6977369066763699,318.51936654672335,0.2590800387143392,0.6,1.3569699349930187,1.038122233686588,3.683695381186818e-92,255.47713454155374,255.8427733094869,0.0,8.116869664830852e-45
206.59302272501395,5484.108935900795,82.463433045632,252.53401853489908,50647.8893463978,0.6986820223689908,318.57002481449246,0.2588549663253834,0.6,1.3569699349930187,1.0380531589783837,2.6307973162293387e-92,255.55315218182236,255.91827204972643,0.0,6.859467657254331e-45
206.74305396882298,5471.741231942439,82.40496345513102,252.61427023767806,50732.54087953415,0.6996274492834423,318.62063929468457,0.25863033743685593,0.6,1.3569699349930187,1.0379843038895344,1.8782403825345855e-92,255.6291240500309,255.99372633480823,0.0,5.795918961110911e-45
206.893085212632,5459.382292228856,82.34660071856187,252.69446538259794,50817.24716159188,0.7005731872704756,318.67121007343377,0.2584061506515952,0.6,1.3569699349930187,1.0379156674548011,1.3406280417293494e-92,255.70505020915232,256.0691362228025,0.0,4.896670344462109e-45
207.043116456441,5447.032100756251,82.28834451170292,252.77460407284437,50902.00817793724,0.7015192361807923,318.721737236595,0.25818240458013775,0.6,1.3569699349930187,1.0378472487265575,9.568019961782092e-93,255.78093072206943,256.1445017717181,0.0,4.136735506748116e-45
207.19314770025002,5434.690641563246,82.23019451025475,252.85468641132974,50986.8239139915,0.7024655958656733,318.77222086977883,0.25795909783445803,0.6,1.3569699349930187,1.0377790467258678,6.826961812281784e-93,255.8567656514835,256.2198230393933,0.0,3.49430214194876e-45
207.34317894405905,5422.35789873805,82.17215039160283,252.9347125006468,51071.694355180436,0.7034122661764144,318.8226610583221,0.25773622903351623,0.6,1.3569699349930187,1.0377110604862119,4.869601800877708e-93,255.9325550599962,256.29510008359335,0.0,2.951164664904042e-45
207.49321018786804,5410.033856423307,82.1142118360453,253.01468244303717,51156.61948689927,0.7043592469639355,318.8730578872687,0.2575137968071143,0.6,1.3569699349930187,1.037643289084128,3.4730382094532602e-93,256.00829901016675,256.37033296207863,0.0,2.4923067764707292e-45
207.64324143167707,5397.718498804382,82.05637852400672,253.09459634046718,51241.599294591855,0.7053065380796649,318.92341144141744,0.2572917997871082,0.6,1.3569699349930187,1.03757573157034,2.476577415442349e-93,256.08399756438405,256.4455217324516,0.0,2.104615050166778e-45
207.7932726754861,5385.411810111332,81.99865013653825,253.17445429461532,51326.63376373606,0.7062541393753757,318.9737218053149,0.2570702366089768,0.6,1.3569699349930187,1.0375083869822301,1.7653843800270298e-93,256.1596507848898,256.52066645218474,0.0,1.7769137887727348e-45
207.9433039192951,5373.113774629674,81.94102635797898,253.25425640680217,51411.72287976767,0.7072020507023383,319.0239890632111,0.25684910592019233,0.6,1.3569699349930187,1.0374412544100822,1.2582148167134027e-93,256.2352587339019,256.595767178767,0.0,1.5001134854205843e-45
208.09333516310411,5360.82437668972,81.88350687342341,253.3340027780597,51496.866628152755,0.7081502719121278,319.07421329910386,0.2566284063722344,0.6,1.3569699349930187,1.0373743329344163,8.966444064532445e-94,256.3108214734983,256.6708239695655,0.0,1.2663589947168813e-45
208.24336640691314,5348.543600663519,81.8260913680015,253.41369350915102,51582.06499440744,0.7090988028568432,319.1243945967513,0.25640813661831696,0.6,1.3569699349930187,1.0373076216081634,6.387694258978373e-94,256.3863390655842,256.74583688178603,0.0,1.06885496286082e-45
208.39339765072214,5336.271430975668,81.76877952955101,253.4933287005003,51667.317964021735,0.7100476433882607,319.1745330396283,0.25618829532179094,0.6,1.3569699349930187,1.0372411195232727,4.5494749883855726e-94,256.46181157201534,256.8208059726201,0.0,9.020432447950953e-46
208.54342889453116,5324.0078520994,81.71157104771925,253.57290845221812,51752.62552248495,0.7109967933581157,319.2246287109424,0.25596888115330535,0.6,1.3569699349930187,1.0371748257885898,3.2399425287169255e-94,256.5372390545574,256.89573129919626,0.0,7.612290806432073e-46
208.69346013834019,5311.752848548413,81.65446561200771,253.65243286415446,51837.98765534143,0.7119462526187251,319.27468169366796,0.2557498927846465,0.6,1.3569699349930187,1.0371087394812883,2.306771041002183e-94,256.6126215747967,256.97061291847314,0.0,6.423163292568507e-46
208.84349138214918,5299.506404883924,81.59746291352491,253.7319020358529,51923.40434813991,0.7128960210224227,319.32469207051713,0.2555313288942453,0.6,1.3569699349930187,1.0370428596906331,1.6418402133366652e-94,256.6879591942207,257.045450887336,0.0,5.418912792965751e-46
208.9935226259582,5287.268505719406,81.54056264618981,253.81131606651994,52008.87558639915,0.7138460984211771,319.3746599239212,0.2553131881709518,0.6,1.3569699349930187,1.0369771855482117,1.1684480588577588e-94,256.763251974274,257.1202452626628,0.0,4.571423151019545e-46
209.14355386976723,5275.039135709104,81.48376450397723,253.8906750550995,52094.40135568671,0.7147964846674701,319.4245853360777,0.2550954693053615,0.6,1.3569699349930187,1.0369117161593795,8.314097383636682e-95,256.8384999762326,257.194996101174,0.0,3.8561531260713046e-46
209.29358511357623,5262.818279549997,81.42706818142095,253.9699791002601,52179.9816416038,0.7157471796141258,319.4744683889427,0.2548781709913919,0.6,1.3569699349930187,1.0368464506158726,5.913760140772117e-95,256.913703261227,257.2697034594605,0.0,3.2522099226469924e-46
209.44361635738525,5250.605921992368,81.37047337624448,254.04922830032635,52265.61642971018,0.7166981831134778,319.5243091641878,0.25466129193454323,0.6,1.3569699349930187,1.0367813880617296,4.2057327139412145e-95,256.9888618903635,257.3443673941277,0.0,2.742632082468361e-46
209.59364760119428,5238.402047829331,81.31397978684831,254.1284227533469,52351.305705595936,0.7176494950181672,319.5741077432434,0.25444483084398906,0.6,1.3569699349930187,1.0367165276306838,2.990690539600851e-95,257.06397592460974,257.4189879616585,0.0,2.3127700577368032e-46
209.74367884500327,5226.206641893835,81.25758711160553,254.2075625571138,52437.0494549012,0.7186011151813609,319.6238642073111,0.2542287864303558,0.6,1.3569699349930187,1.0366518684286,2.12597411605835e-95,257.13904542476223,257.49356521837575,0.0,1.949960005840154e-46
209.8937100888123,5214.019689069322,81.20129505151162,254.28664780909338,52522.84766324008,0.7195530434559079,319.6735786373207,0.2540131574140412,0.6,1.3569699349930187,1.0365874095999525,1.5109068506443707e-95,257.2140704515689,257.56809922058653,0.0,1.643862781717962e-46
210.04374133262132,5201.841174285857,81.1451033092828,254.36567860645135,52608.70031622643,0.7205052796946254,319.7232511139458,0.253797942522371,0.6,1.3569699349930187,1.0365231503054624,1.0736891016346882e-95,257.28905106568754,257.6425900245337,0.0,1.385753518884338e-46
210.19377257643032,5189.671082512105,81.08901158742768,254.4446550461049,52694.6073995289,0.7214578237509104,319.77288171763746,0.2535831404835325,0.6,1.3569699349930187,1.0364590896738646,7.627988999312713e-96,257.3639873275988,257.7170376862914,0.0,1.1680239465629357e-46
210.34380382023934,5177.509398762311,81.03301958999052,254.52357722467735,52780.568898820784,0.722410675478183,319.82247052859555,0.2533687500320441,0.6,1.3569699349930187,1.0363952268457248,5.417505744162266e-96,257.4388792976859,257.79144226186014,0.0,9.843428881689844e-47
210.49383506404837,5165.356108100932,80.97712702373121,254.60244523846796,52866.5847997455,0.7233638347295039,319.87201762675033,0.2531547699124503,0.6,1.3569699349930187,1.0363315610032622,3.8471832048596324e-96,257.5137270362887,257.8658038072309,0.0,8.295033641746658e-47
210.64386630785737,5153.211195631344,80.92133359540078,254.6812591835255,52952.65508799539,0.7243173013584491,319.92152309180887,0.2529411988707572,0.6,1.3569699349930187,1.0362680913020876,2.731583490485183e-96,257.5885306035804,257.94012237823847,0.0,6.989626306670353e-47
210.7938975516664,5141.074646497809,80.8656390122478,254.76001915563518,53038.77974929644,0.7252710752189397,319.97098700324705,0.2527280356560177,0.6,1.3569699349930187,1.0362048168839801,1.938772267444846e-96,257.6632900595909,258.01439803058855,0.0,5.888573728855171e-47
210.94392879547541,5128.946445895885,80.81004298461922,254.83872525025134,53124.9587693334,0.7262251561644134,320.02040944026766,0.25251527902848503,0.6,1.3569699349930187,1.0361417369424786,1.375845712308478e-96,257.7380054643254,258.0886308199993,0.0,4.96057002912015e-47
211.0939600392844,5116.826579062078,80.75454522346672,254.91737756256433,53211.192133821365,0.7271795440486171,320.06979048184286,0.25230292775177676,0.6,1.3569699349930187,1.036078850660324,9.762622005828608e-97,257.81267687765165,258.1628208020668,0.0,4.178591868984299e-47
211.24399128309344,5104.7150312709455,80.69914543965733,254.99597618751957,53297.479828525604,0.7281342387258269,320.119130206726,0.2520909805907056,0.6,1.3569699349930187,1.036016157192161,6.924973103679677e-97,257.88730435926925,258.236968032228,0.0,3.5192957344496514e-47
211.39402252690246,5092.611787845615,80.64384334660157,255.07452121974904,53383.821839185264,0.729089240050004,320.16842869340945,0.25187943631951737,0.6,1.3569699349930187,1.035953655730891,4.910920061914863e-97,257.96188796882876,258.3110725659031,0.0,2.963658440742429e-47
211.54405377071146,5080.516834153914,80.58863865934809,255.15301275359664,53470.21815153964,0.7300445478750854,320.21768602014026,0.2516682937190403,0.6,1.3569699349930187,1.0358913454850638,3.482339481111289e-97,258.03642776589186,258.38513445844745,0.0,2.495641914301849e-47
211.69408501452048,5068.430155600517,80.53353109268156,255.23145088316886,53556.66875138272,0.7310001620555878,320.26690226495265,0.25145755157071215,0.6,1.3569699349930187,1.035829225630974,2.4687065714928357e-97,258.11092380984513,258.4591537650486,0.0,2.1012680360728059e-47
211.8441162583295,5056.3517376338605,80.47852036285695,255.3098357022901,53643.17362451287,0.7319560824460507,320.31607750564,0.25124720866201267,0.6,1.3569699349930187,1.0357672953565331,1.749541304555325e-97,258.185376159979,258.5331305408207,0.0,1.7689225475546947e-47
211.9941475021385,5044.281565750649,80.42360618875617,255.38816730447337,53729.7327566992,0.7329123089006659,320.365211819737,0.25103726379008,0.6,1.3569699349930187,1.0357055538906947,1.239753049812033e-97,258.25978487554073,258.60706484086705,0.0,1.4890672441516284e-47
212.14417874594753,5032.219625484755,80.36878828919296,255.4664457829923,53816.346133759645,0.7338688412741403,320.41430528456476,0.25082771575325336,0.6,1.3569699349930187,1.0356440004354714,8.783654751297093e-98,258.3341500156129,258.6809567201354,0.0,1.253384576567505e-47
212.29420998975655,5020.165902409216,80.31406638342257,255.54467123086818,53903.01374154557,0.7348256794215254,320.4633579772233,0.2506185633526652,0.6,1.3569699349930187,1.0355826341788688,6.220907863131685e-98,258.40847163913685,258.75480623344544,0.0,1.0548084547821688e-47
212.44424123356555,5008.120382146439,80.25944019371342,255.62284374080375,53989.73556586725,0.7357828231973954,320.5123699745502,0.25040980540029173,0.6,1.3569699349930187,1.0355214543601632,4.4051853072250865e-98,258.48274980502913,258.828613435628,0.0,8.876235345884537e-48
212.59427247737457,4996.083050358012,80.20490944287172,255.70096340524927,54076.511592565716,0.7367402724566403,320.56134135316205,0.25020144071118694,0.6,1.3569699349930187,1.035460460207389,3.119107936627631e-98,258.5569845720707,258.902378381392,0.0,7.468990714614712e-48
212.7443037211836,4984.053892741902,80.15047385356702,255.7790303164207,54163.34180753174,0.7376980270546758,320.61027218946646,0.24999346810136402,0.6,1.3569699349930187,1.035399650920289,2.2077486156802998e-98,258.63117599887613,258.9761011252886,0.0,6.28378805283019e-48
212.8943349649926,4972.032895042815,80.09613315093894,255.8570445662325,54250.226196630145,0.7386560868466077,320.6591625596202,0.2497858863959537,0.6,1.3569699349930187,1.0353390257365596,1.5622909916960795e-98,258.70532414401225,259.04978172185173,0.0,5.286006367464742e-48
213.04436620880162,4960.020043048335,80.04188706168824,255.93500624632267,54337.164745726084,0.7396144516875235,320.7080125395447,0.24957869442634747,0.6,1.3569699349930187,1.0352785839089875,1.1054525208277894e-98,258.7794290659574,259.1234202255494,0.0,4.4464843165814334e-48
213.19439745261064,4948.0153225812555,79.98773531220029,256.0129154481025,54424.15744073937,0.7405731214330902,320.75682220495827,0.24937189102431453,0.6,1.3569699349930187,1.0352183246578783,7.820019143145416e-99,258.85349082301724,259.19701669068377,0.0,3.73981936209471e-48
213.34442869641964,4936.018719506406,79.93367763027041,256.0907722627122,54511.20426759408,0.7415320959389999,320.80559163134785,0.24916547502739853,0.6,1.3569699349930187,1.03515824721498,5.530067156431063e-99,258.927509473403,259.27057117148365,0.0,3.1449367851268845e-48
213.49445994022867,4924.030219735033,79.87971374623783,256.16857678099257,54598.305212185216,0.7424913750606024,320.85432089395175,0.24895944528245745,0.6,1.3569699349930187,1.0350983508525116,3.91031190049379e-99,259.0014850752826,259.3440837221658,0.0,2.644553866234506e-48
213.6444911840377,4912.0498092139205,79.82584339031922,256.24632909355563,54685.46026045674,0.7434509586537649,320.9030100678046,0.24875380063730962,0.6,1.3569699349930187,1.0350386348154583,2.764537314880766e-99,259.0754176866618,259.4175543967927,0.0,2.223606555816469e-48
213.7945224278467,4900.077473927371,79.77206629312136,256.3240292907714,54772.669398385646,0.7444108465746969,320.95165922772856,0.24854853994233367,0.6,1.3569699349930187,1.0349790983346572,1.953752781101862e-99,259.149307365407,259.49098324929986,0.0,1.8693108306918375e-48
213.9445536716557,4888.113199907237,79.7183821881844,256.40167746270345,54859.93261190828,0.7453710386791397,321.0002684482938,0.2483436620584176,0.6,1.3569699349930187,1.0349197406917736,1.3805431372907813e-99,259.22315416936027,259.56437033363267,0.0,1.571345580334137e-48
214.09458491546474,4876.156973222896,79.66479080952435,256.4792736991732,54947.249886991514,0.7463315348231491,321.0488378038588,0.2481391658492614,0.6,1.3569699349930187,1.0348605611568158,9.754122715614197e-100,259.29695815622927,259.63771570361513,0.0,1.3208114502004886e-48
214.24461615927373,4864.208779978511,79.61129189097285,256.55681808977823,55034.621209652134,0.7472923348633098,321.09736736858224,0.24793505017930711,0.6,1.3569699349930187,1.0348015589713453,6.889337973704897e-100,259.3707193835583,259.7110194129151,0.0,1.1100319084386199e-48
214.39464740308276,4852.268606323241,79.55788516876332,256.63431072382593,55122.046565880824,0.748253438655899,321.1458572163814,0.24773131392181988,0.6,1.3569699349930187,1.03474273341461,4.864741710426794e-100,259.4444379088445,259.7842815151828,0.0,9.32774384174658e-49
214.54467864689178,4840.336438447429,79.50457038061842,256.7117516903579,55209.525941668704,0.7492148460571786,321.19430742094795,0.2475279559560252,0.6,1.3569699349930187,1.034684083780429,3.434870691076746e-100,259.5181137894972,259.857502064002,0.0,7.83793962438772e-49
214.69470989070078,4828.412262575059,79.45134726389816,256.7891410781994,55297.059323061585,0.7501765569239917,321.2427180557792,0.24732497516131263,0.6,1.3569699349930187,1.0346256093299424,2.4246549856422774e-100,259.5917470827557,259.9306811127923,0.0,6.5852412890012446e-49
214.8447411345098,4816.49606497051,79.39821555731686,256.8664789759151,55384.64669610941,0.7511385711132071,321.2910891941504,0.24712237042259816,0.6,1.3569699349930187,1.0345673093355943,1.7109717385742603e-100,259.6653378457667,260.0038187149007,0.0,5.531821216547016e-49
214.99477237831883,4804.587831942849,79.34517500205482,256.9437654717812,55472.288046833135,0.7521008884813564,321.3394209090979,0.24692014063378914,0.6,1.3569699349930187,1.034509183109767,1.2072475413921976e-100,259.73888613563355,260.07691492366075,0.0,4.646702653106779e-49
215.14480362212782,4792.6875498351255,79.29222533911957,257.0210006538554,55559.98336130264,0.7530635088854888,321.38771327346274,0.24671828468953108,0.6,1.3569699349930187,1.034451229937344,8.516886777760413e-101,259.81239200929986,260.1499697922533,0.0,3.902897579169956e-49
215.29483486593685,4780.79520502634,79.23936630986155,257.0981846099636,55647.7326256209,0.7540264321829981,321.43596635988297,0.24651680148681418,0.6,1.3569699349930187,1.0343934490889544,6.006190374664557e-101,259.88585552357233,260.2229833737336,0.0,3.277526897477226e-49
215.44486610974587,4768.9107839413455,79.18659765848986,257.1753174276357,55735.53582585006,0.7549896582308118,321.4841802407537,0.24631568993282485,0.6,1.3569699349930187,1.0343358398856433,4.234985088865361e-101,259.95927673523323,260.29595572116557,0.0,2.7521535482836985e-49
215.59489735355487,4757.034273040929,79.1339191296317,257.2523991941704,55823.39294808312,0.755953186886177,321.5323549882674,0.24611494893731387,0.6,1.3569699349930187,1.0342784016364244,2.985826995364738e-101,260.0326557009327,260.36888688749275,0.0,2.3108887470302694e-49
215.7449285973639,4745.165658819158,79.0813304676863,257.3294299966516,55911.303978462536,0.7569170180068654,321.5804906744252,0.24591457741057396,0.6,1.3569699349930187,1.034221133621724,2.1043908696141534e-101,260.10599247715953,260.44177692550403,0.0,1.9400365947449852e-49
215.89495984117292,4733.304927813469,79.0288314193909,257.4064099218839,55999.26890310486,0.7578811514503468,321.6285873709962,0.245714574271446,0.6,1.3569699349930187,1.0341640351594286,1.482795045316419e-101,260.17928712035655,260.5146258879703,0.0,1.6284981920125708e-49
216.04499108498192,4721.452066600847,78.97642173290456,257.4833390564165,56087.28770812712,0.7588455870740791,321.67664514953276,0.2455149384444495,0.6,1.3569699349930187,1.0341071055815094,1.0447362559062042e-101,260.25253968687963,260.5874338275961,0.0,1.3669418843024936e-49
216.19502232879094,4709.607061790442,78.92410115598032,257.56021748659185,56175.360379701044,0.7598103247361014,321.72466408140133,0.24531566885407113,0.6,1.3569699349930187,1.0340503441870836,7.359029057667892e-102,260.32575023291747,260.6602007969234,0.0,1.1472471210538082e-49
216.34505357259997,4697.769900030265,78.87186943767406,257.6370452985016,56263.48690400218,0.7607753642944779,321.772644237755,0.24511676443009348,0.6,1.3569699349930187,1.0339937502864633,5.181865228878922e-102,260.39891881456754,260.7329268484223,0.0,9.62697345761592e-50
216.49508481640896,4685.940568011355,78.81972632943426,257.7138225779599,56351.66726717739,0.7617407056069418,321.82058568951715,0.24491822411098702,0.6,1.3569699349930187,1.0339373232294027,3.648501888102642e-102,260.4720454878846,260.8056120345487,0.0,8.078002910580654e-50
216.645116060218,4674.119052457255,78.7676715824902,257.7905494105715,56439.901455422354,0.7627063485317439,321.8684885074242,0.24472004683575396,0.6,1.3569699349930187,1.0338810623379133,2.568473496027481e-102,260.54513030876586,260.87825640760707,0.0,6.777729965883033e-50
216.795147304027,4662.305340126009,78.71570494837081,257.8672258817189,56528.18945496559,0.7636722929274783,321.91635276201794,0.2445222315455429,0.6,1.3569699349930187,1.033824966919671,1.807452024210678e-102,260.6181733329741,260.9508600197781,0.0,5.685649806621001e-50
216.945178547836,4650.499417819867,78.6638261813933,257.9438520764995,56616.53125199498,0.7646385386522775,321.9641785236061,0.24432477719140344,0.6,1.3569699349930187,1.033769036332392,1.2717285720374887e-102,260.6911746162481,261.02342292325005,0.0,4.769182393724809e-50
217.09520979164503,4638.70127237552,78.61203503623922,258.02042807978853,56704.926832729245,0.7656050855645966,322.0119658623024,0.24412768272671895,0.6,1.3569699349930187,1.033713269921406,8.947139169780757e-103,260.76413421419596,261.0959451700916,0.0,4.0002654754047286e-50
217.24524103545406,4626.910890661527,78.56033126732206,258.09695397625615,56793.37618343646,0.7665719335234132,322.05971484803734,0.24393094710523,0.6,1.3569699349930187,1.0336576670033464,6.292465839415247e-103,260.83705218226766,261.1684268122191,0.0,3.3547267439803786e-50
217.39527227926305,4615.128259588253,78.50871463133379,258.17342985030274,56881.87929035846,0.7675390823874036,322.1074255505177,0.2437345692889681,0.6,1.3569699349930187,1.0336022269321012,4.4243595766793215e-103,260.9099285758676,261.2408679015301,0.0,2.8130142066973644e-50
217.54530352307208,4603.3533661040665,78.45718488632481,258.2498557860838,56970.4361397382,0.7685065320152403,322.15509803924266,0.2435385482453787,0.6,1.3569699349930187,1.0335469490751907,3.110665873872879e-103,260.98276345031485,261.3132684898565,0.0,2.358703763539528e-50
217.6953347668811,4591.586197188118,78.40574178989961,258.32623186755643,57059.04671787279,0.7694742822661731,322.2027323835329,0.24334288294169276,0.6,1.3569699349930187,1.0334918327671245,2.186472130663619e-103,261.05555686076343,261.38562862886903,0.0,1.9775100106823962e-50
217.8453660106901,4579.826739856945,78.35438510091775,258.40255817843683,57147.711011063,0.770442332999476,322.2503286525045,0.2431475723502223,0.6,1.3569699349930187,1.0334368773535227,1.5363304601888873e-103,261.12830886227823,261.45794837016746,0.0,1.657635497017545e-50
217.99539725449912,4568.074981168541,78.30311458056221,258.4788348021736,57236.42900558121,0.7714106840740987,322.2978869150521,0.24295261545168156,0.6,1.3569699349930187,1.0333820822189792,1.0794201446681745e-103,261.20101950988186,261.5302277653368,0.0,1.3894469732795614e-50
218.14542849830815,4556.33090821202,78.25192998975388,258.5550618220151,57325.20068774863,0.7723793353495102,322.34540723989164,0.24275801122712526,0.6,1.3569699349930187,1.0333274467201299,7.582797554590137e-104,261.27368885844186,261.60246686581235,0.0,1.1645588719676989e-50
218.29545974211715,4544.594508109603,78.20083108967336,258.6312393209962,57414.02604391883,0.7733482866855172,322.39288969555196,0.24256375865957036,0.6,1.3569699349930187,1.033272970199206,5.324722776140134e-104,261.3463169626935,261.67466572290687,0.0,9.758773058459253e-51
218.44549098592617,4532.86576802616,78.14981764422325,258.7073673818768,57502.90506040503,0.7743175379414728,322.44033435033674,0.24236985674165745,0.6,1.3569699349930187,1.0332186520481375,3.738539101282201e-104,261.4189038773488,261.7468243879405,0.0,8.17706935476062e-51
218.5955222297352,4521.144675159597,78.09888941762034,258.7834460872037,57591.83772355119,0.7752870889770513,322.4877412723636,0.24217630446814511,0.6,1.3569699349930187,1.0331644916461347,2.6246486104902222e-104,261.49144965699077,261.8189429121145,0.0,6.851446985975393e-51
218.7455534735442,4509.431216738334,78.04804617377647,258.85947551932725,57680.824019750464,0.7762569396524505,322.53511052957424,0.24198310083397884,0.6,1.3569699349930187,1.0331104883436186,1.8419809601169044e-104,261.563954356047,261.8910213464795,0.0,5.739701222886105e-51
218.89558471735322,4497.725380031116,77.99728767882615,258.93545576033785,57769.86393536984,0.7772270898275682,322.5824421896955,0.24179024484215306,0.6,1.3569699349930187,1.033056641528091,1.2923849922203486e-104,261.6364180289009,261.963059742068,0.0,4.8077587917643535e-51
219.04561596116224,4486.027152343241,77.94661370020272,259.01138689209,57858.95745677726,0.7781975393623003,322.62973632025415,0.24159773550082822,0.6,1.3569699349930187,1.03300295060025,9.067231771848301e-105,261.7088407298511,262.0350581498465,0.0,4.0270226859936716e-51
219.19564720497124,4474.336521009459,77.89602400485686,259.0872689962486,57948.10457039483,0.7791682881171199,322.67699298860657,0.24140557181778155,0.6,1.3569699349930187,1.0329494149276497,6.359814415992855e-105,261.7812225130343,262.1070166206224,0.0,3.372631865699561e-51
219.34567844878026,4462.6534734005145,77.84551836094984,259.1631021542466,58037.305262648166,0.780139335952525,322.7242122619118,0.24121375280567145,0.6,1.3569699349930187,1.03289603388889,4.459258045897115e-105,261.8535634324997,262.1789352051332,0.0,2.824086663806581e-51
219.4957096925893,4450.977996927126,77.79509653890116,259.23888644725884,58126.559519934555,0.7811106827286927,322.77139420711626,0.24102227748528895,0.6,1.3569699349930187,1.032842806901106,3.1264272295413603e-105,261.9258635422549,262.25081395410103,0.0,2.3646718419771115e-51
219.64574093639828,4439.310079029807,77.74475830882838,259.3146219562685,58215.867328700006,0.7820823283063183,322.81853889099466,0.24083114487758792,0.6,1.3569699349930187,1.0327897333532696,2.1916345352317302e-105,261.99812289615477,262.3226529181,0.0,1.9798431499471787e-51
219.7957721802073,4427.6497071808535,77.69450344107192,259.3903087620539,58305.22867542281,0.7830542725464358,322.86564638014244,0.24064035400531372,0.6,1.3569699349930187,1.032736812619907,1.5357265205813138e-105,262.0703415479244,262.3944521475836,0.0,1.657309652362885e-51
219.94580342401633,4415.99686889375,77.64433170863173,259.46594694512754,58394.64354654068,0.7840265153096255,322.9127167409379,0.24044990390057377,0.6,1.3569699349930187,1.0326840441249183,1.0759658319258317e-105,262.14251955126616,262.4662116930118,0.0,1.3872219682992077e-51
220.09583466782533,4404.351551713666,77.59424288477494,259.54153658579787,58484.111928522434,0.7849990564567951,322.9597500395809,0.24025979359739175,0.6,1.3569699349930187,1.0326314272791766,7.537887380744518e-106,262.2146569597555,262.53793160472713,0.0,1.1611051195432e-51
220.24586591163435,4392.713743215003,77.54423674242983,259.61707776418496,58573.63380788563,0.7859718958493697,323.00674634210264,0.2400700221298203,0.6,1.3569699349930187,1.0325789614646854,5.278898058812847e-106,262.2867538268149,262.60961193292337,0.0,9.716690180420476e-52
220.39589715544338,4381.083431011096,77.49431305669503,259.6925705601579,58663.20917112165,0.7869450333484788,323.05370571432724,0.2398805885397346,0.6,1.3569699349930187,1.032526646100379,3.695980159959942e-106,262.3588102058238,262.68125272777644,0.0,8.130392899248963e-52
220.54592839925238,4369.460602750437,77.4444716039117,259.7680150533588,58752.83800472281,0.7879184688152506,323.1006282218866,0.2396914918739414,0.6,1.3569699349930187,1.0324744806179724,2.5875856660529985e-106,262.430826150078,262.75285403939597,0.0,6.802899983532285e-52
220.6959596430614,4357.845246109712,77.39471215990446,259.8434113232486,58842.520295235736,0.7888922021113925,323.1475139302492,0.23950273117870857,0.6,1.3569699349930187,1.0324224644159212,1.8111148821132907e-106,262.50280171271453,262.82441591773545,0.0,5.6914079641620564e-52
220.84599088687042,4346.237348800292,77.3450345016673,259.9187594490642,58932.256029209835,0.7898662330986307,323.1943629046938,0.2393143055049987,0.6,1.3569699349930187,1.0323705969036772,1.2671965229528248e-106,262.574736946784,262.8959384126787,0.0,4.760676860340078e-52
220.99602213067942,4334.636898572099,77.29543840839058,259.9940595097943,59022.045193167,0.7908405616383828,323.2411752102942,0.23912621391165195,0.6,1.3569699349930187,1.0323188775288186,8.865677726173428e-107,262.6466319052969,262.9674215740944,0.0,3.982013130977072e-52
221.14605337448845,4323.0438832035925,77.2459236589257,260.06931158424334,59111.88777367721,0.7918151875925767,323.2879509119599,0.23893845545750594,0.6,1.3569699349930187,1.0322673057105622,6.201761166631148e-107,262.71848664111286,263.0388654517046,0.0,3.330460109655855e-52
221.29608461829744,4311.458290503776,77.19649003231314,260.1445157510192,59201.783757342615,0.7927901108234803,323.3346900744279,0.23875102920303232,0.6,1.3569699349930187,1.03221588085366,4.336519763136226e-107,262.7903012069644,263.1102700951127,0.0,2.784949873166157e-52
221.44611586210647,4299.8801083214275,77.14713731019357,260.2196720884731,59291.73313072494,0.7937653311929116,323.3813927622261,0.23856393421781646,0.6,1.3569699349930187,1.0321646024119353,3.0318518107974025e-107,262.86207565556185,263.181635553928,0.0,2.3286311504264173e-52
221.5961471059155,4288.309324535737,77.097865274431,260.29478067476026,59381.735880416934,0.7947408485630162,323.4280590397108,0.23837716957317193,0.6,1.3569699349930187,1.0321134698258896,2.119549115189825e-107,262.9338100394907,263.25296187764377,0.0,1.9470112458582996e-52
221.7461783497245,4276.745927053925,77.04867370651931,260.3698415878554,59471.79199305982,0.7957166627964543,323.4746889710769,0.23819073434029495,0.6,1.3569699349930187,1.0320624825070934,1.4812184819413257e-107,263.005504411186,263.32424911560634,0.0,1.6276322215521736e-52
221.8962095935335,4265.189903820795,76.99956239007348,260.44485490549084,59561.901455268635,0.7966927737555933,323.5212826203194,0.23800462759799088,0.6,1.3569699349930187,1.0320116399039145,1.0348738403962035e-107,263.0771588230411,263.39549731714476,0.0,1.3604745504878492e-52
222.04624083734254,4253.641242814997,76.95053110989798,260.51982070518056,59652.0642536594,0.797669181302802,323.56784005124877,0.23781884842977613,0.6,1.3569699349930187,1.0319609414771103,7.229982080993119e-108,263.1487733273669,263.466706531522,0.0,1.1371436436652336e-52
222.19627208115153,4242.099932042189,76.90157965024945,260.5947390642648,59742.280374902286,0.7986458853010261,323.6143613275184,0.2376333959184838,0.6,1.3569699349930187,1.0319103866540704,5.049779221539621e-108,263.220347976318,263.5378768078467,0.0,9.503485428218781e-53
222.34630332496056,4230.56595954145,76.85270779651536,260.6696100598681,59832.54980567005,0.7996228856132302,323.6608465125994,0.23744826915146702,0.6,1.3569699349930187,1.031859974873155,3.525757988348035e-108,263.2918828219649,263.6090081951596,0.0,7.940959241549988e-53
222.49633456876958,4219.039313389062,76.80391533622108,260.7444337688752,59922.87253260793,0.8006001821020722,323.70729566976513,0.23726346722371605,0.6,1.3569699349930187,1.0318097056104503,2.461529804740388e-108,263.36337791633827,263.68010074248554,0.0,6.635127413514569e-53
222.64636581257858,4207.519981688668,76.75520205651863,260.8192102679945,60013.24854240922,0.8015777746307216,323.7537088621315,0.23707898923006426,0.6,1.3569699349930187,1.0317595783135098,1.7182797770327547e-108,263.4348333113205,263.75115449870464,0.0,5.5436226054106435e-53
222.7963970563876,4196.007952573248,76.70656774471772,260.89393963374545,60103.67782179923,0.8025556630626849,323.8000861526487,0.23689483426683225,0.6,1.3569699349930187,1.0317095924154098,1.1989554004638686e-108,263.5062490586696,263.8221695125802,0.0,4.630716906952561e-53
222.94642830019663,4184.50321421424,76.65801219067232,260.9686219423993,60194.16035746268,0.8035338472610218,323.84642760406507,0.2367110014392207,0.6,1.3569699349930187,1.0316597473980171,8.3647711787737465e-109,263.5776252101217,263.89314583288143,0.0,3.8678867552546397e-53
223.09645954400563,4173.005754812272,76.60953518441848,261.0432572700393,60284.69613611546,0.8045123270891209,323.89273327896444,0.23652748985398112,0.6,1.3569699349930187,1.031610042729598,5.835476650498454e-109,263.6489618172903,263.9640835082624,0.0,3.230612621598689e-53
223.24649078781465,4161.515562594849,76.56113651559322,261.1178456925756,60375.28514452184,0.8054911024108854,323.93900323977556,0.23634429861761239,0.6,1.3569699349930187,1.0315604778494396,4.069455489875072e-109,263.720258931641,264.0349825872326,0.0,2.697831796874829e-53
223.39652203162368,4150.032625825801,76.5128159759085,261.1923872856839,60465.92736941925,0.8064701730899202,323.98523754873446,0.23616142684402186,0.6,1.3569699349930187,1.0315110522335056,2.8371927575151075e-109,263.7915166045988,264.10584311828427,0.0,2.252636614705674e-53
223.54655327543267,4138.55693280154,76.46457335821545,261.26688212482986,60556.62279754675,0.8074495389898406,324.0314362678994,0.23597887365161957,0.6,1.3569699349930187,1.0314617653697793,1.977997565338952e-109,263.86273488750794,264.1766651498444,0.0,1.8808735275752445e-53
223.6965845192417,4127.088471844351,76.41640845478848,261.34133028531267,60647.371415697075,0.8084291999748341,324.07759945917843,0.23579663815799792,0.6,1.3569699349930187,1.0314126167127782,1.3786282687611e-109,263.9339138315586,264.2474487301876,0.0,1.570255442613295e-53
223.84661576305072,4115.627231308763,76.36832105899703,261.4157318422236,60738.17321066554,0.8094091559091081,324.1237271843037,0.2356147194851069,0.6,1.3569699349930187,1.0313636057279816,9.60531743035528e-110,264.00505348785913,264.3181939075219,0.0,1.3106978242567519e-53
223.99664700685972,4104.173199585215,76.3203109662928,261.49008687042203,60829.0281692197,0.8103894066565632,324.16981950481687,0.23543311676230472,0.6,1.3569699349930187,1.0313147319182105,6.691928899719899e-110,264.07615390747833,264.3889007300389,0.0,1.0940127329153673e-53
224.14667825066874,4092.7263650903674,76.2723779717222,261.5643954445988,60919.93627817546,0.811369952081615,324.21587648210846,0.23525182911864964,0.6,1.3569699349930187,1.0312659947575966,4.6615264998313204e-110,264.14721514133987,264.45956924578803,0.0,9.13084133873114e-54
224.29670949447777,4081.286716269108,76.22452187046036,261.63865763926265,61010.89752438016,0.8123507920490111,324.26189817740976,0.2350708556845507,0.6,1.3569699349930187,1.0312173937057918,3.24580522011443e-110,264.2182372402448,264.53019950270317,0.0,7.619174931813935e-54
224.44674073828676,4069.8542416035025,76.17674246017361,261.7128735286825,61101.91189464069,0.8133319264230555,324.3078846517572,0.23489019559907534,0.6,1.3569699349930187,1.0311689282709766,2.2597490847277165e-110,264.2892202549733,264.6007915487241,0.0,6.357360324755954e-54
224.5967719820958,4058.428929603644,76.12903953867152,261.7870431869467,61192.97937579507,0.8143133550683822,324.3538359660292,0.23470984800267572,0.6,1.3569699349930187,1.0311205979474642,1.5731554222526193e-110,264.360164236185,264.6713454316768,0.0,5.304354406207355e-54
224.7468032259048,4047.0107688054277,76.08141290333819,261.86116668797746,61284.09995472957,0.8152950778501381,324.3997521809554,0.23452981203542586,0.6,1.3569699349930187,1.0310724022005537,1.0947582543430635e-110,264.4310692343944,264.741861199245,0.0,4.4249241624829756e-54
224.8968344697138,4035.599747779855,76.03386235358893,261.9352441054704,61375.2736183033,0.8162770946331708,324.44563335707915,0.23435008684461905,0.6,1.3569699349930187,1.0310243405321162,7.616532898326238e-111,264.50193530007607,264.81233889909527,0.0,3.6908413605790343e-54
225.04686571352283,4024.1958551293087,75.98638768993074,262.009275512919,61466.50035337729,0.8172594052823433,324.49147955477315,0.2341706715818542,0.6,1.3569699349930187,1.0309764124556875,5.298875334382067e-111,264.57276248362575,264.8827785788298,0.0,3.0784958231324007e-54
225.19689695733186,4012.7990794809825,75.93898871226713,262.0832609836567,61557.78014686587,0.8182420096630858,324.53729083426566,0.23399156539778834,0.6,1.3569699349930187,1.030928617451248,3.685477067734543e-111,264.64355083528744,264.95318028590026,0.0,2.5674002210263756e-54
225.34692820114086,4001.4094094931743,75.89166522156323,262.1572005908168,61649.11298568584,0.8192249076408499,324.5830672556157,0.23381276744728344,0.6,1.3569699349930187,1.0308809550097462,2.562388453597172e-111,264.7143004052253,265.0235440676931,0.0,2.1407660166677215e-54
225.49695944494988,3990.026833858861,75.84441702081358,262.2310944073084,61740.49885672622,0.8202080990807814,324.6288088786982,0.23363427689239324,0.6,1.3569699349930187,1.0308334246591042,1.781451095143255e-111,264.7850112435648,265.0938699715784,0.0,1.784981296779935e-54
225.6469906887589,3978.6513412961804,75.79724391257767,262.30494250587896,61831.937746924385,0.821191583848542,324.67451576324333,0.23345609289473757,0.6,1.3569699349930187,1.0307860258984076,1.2383435850256131e-111,264.8556834002886,265.1641580447859,0.0,1.4882205494375305e-54
225.7970219325679,3967.2829205504167,75.75014569951693,262.3787449591008,61923.42964324882,0.8221753618101219,324.72018796882816,0.2332782146171603,0.6,1.3569699349930187,1.030738758212272,8.60444517605932e-112,264.9263169252593,265.2344083344315,0.0,1.2405325198540739e-54
225.94705317637693,3955.9215604028145,75.70312218673358,262.4525018393144,62014.974532627595,0.823159432831071,324.7658255548414,0.2331006412309537,0.6,1.3569699349930187,1.0306916211335964,5.977914160469983e-112,264.99691186831956,265.3046208876374,0.0,1.0340024193230328e-54
226.09708442018595,3944.567249661562,75.65617317943669,262.52621321868634,62106.5724020198,0.8241437967772688,324.81142858051993,0.23292337190863874,0.6,1.3569699349930187,1.030644614181159,4.1529107194357588e-112,265.06746827919295,265.37479575141276,0.0,8.618327926994166e-55
226.24711566399495,3933.2199771596033,75.60929848238531,262.59987916922415,62198.22323843261,0.8251284535151054,324.8569971049579,0.23274640582224165,0.6,1.3569699349930187,1.0305977368446926,2.883952478345788e-112,265.13798620746087,265.444932972627,0.0,7.18192337984295e-55
226.39714690780397,3921.8797317638323,75.56249790232856,262.673499762716,62289.927028845836,0.8261134029106724,324.9025311870696,0.23256974215082932,0.6,1.3569699349930187,1.0305509886504185,2.0022395100635172e-112,265.2084657026662,265.5150325981328,0.0,5.984181141312667e-55
226.547178151613,3910.546502371394,75.51577124706222,262.7470750707553,62381.68376024148,0.8270986448300806,324.9480308856049,0.2323933800775881,0.6,1.3569699349930187,1.0305043691358804,1.390062181458055e-112,265.27890681427414,265.58509467471913,0.0,4.9861326891431376e-55
226.697209395422,3899.220277903221,75.46911832375378,262.8206051647821,62473.49341965446,0.8280841791400034,324.9934962591752,0.23221731878464674,0.6,1.3569699349930187,1.0304578778049838,9.647951906380031e-113,265.3493095916008,265.65511924902665,0.0,4.153978865373163e-55
226.84724063923102,3887.9010473102617,75.42253894060111,262.89409011604295,62565.35599412183,0.8290700057071341,325.03892736622834,0.23204155745819613,0.6,1.3569699349930187,1.0304115141726173,6.693840429430562e-113,265.4196740838842,265.7251063676318,0.0,3.4600660982196414e-55
226.99727188304004,3876.58879957699,75.37603290778137,262.96752999556816,62657.27147065319,0.8300561243978658,325.0843242650351,0.23186609529141342,0.6,1.3569699349930187,1.0303652777903012,4.644040018586024e-113,265.4900003403249,265.795056077095,0.0,2.882004764084476e-55
227.14730312684904,3865.28352371201,75.3296000350088,263.0409248742327,62749.239836306275,0.8310425350791044,325.12968701372694,0.23169093147691674,0.6,1.3569699349930187,1.0303191681805721,3.2214838435671304e-113,265.56028840998283,265.86496842383804,0.0,2.4003506894625507e-55
227.29733437065806,3853.9852087500485,75.28324013207482,263.11427482274314,62841.26107816966,0.8320292376180826,325.17501567028796,0.23151606520843057,0.6,1.3569699349930187,1.0302731848515183,2.2337128033017e-113,265.63053834180016,265.93484345417113,0.0,1.99875877960103e-55
227.4473656144671,3842.693843760647,75.23695301116382,263.1875799115814,62933.33518329135,0.8330162318815937,325.2203102925205,0.23134149568792828,0.6,1.3569699349930187,1.0302273273592826,1.5486221385267807e-113,265.7007501847001,266.00468121441014,0.0,1.6642533866579507e-55
227.59739685827608,3831.4094178392397,75.1907384845327,263.2608402110626,63025.46213875064,0.8340035177367635,325.2655709380808,0.2311672221184651,0.6,1.3569699349930187,1.0301815952456435,1.0735993437859875e-113,265.77092398748874,266.07448175075996,0.0,1.3856955948287996e-55
227.7474281020851,3820.1319201050237,75.14459636396569,263.3340557913489,63117.64193167446,0.8349910950512238,325.3107976644881,0.2309932437024936,0.6,1.3569699349930187,1.0301359880233114,7.43993099652909e-114,265.84105979883253,266.14424510928745,0.0,1.1535360497842172e-55
227.89745934589413,3808.8613397100594,75.0985264631983,263.40722672239036,63209.874549162414,0.8359789636923106,325.35599052908793,0.23081955964933812,0.6,1.3569699349930187,1.0300905052414182,5.154516404449406e-114,265.91115766736095,266.21397133604376,0.0,9.601535250720206e-56
228.04749058970313,3797.5976658355644,75.05252859696992,263.480353073949,63302.1599783159,0.8369671235273753,325.40114958906724,0.23064616917226624,0.6,1.3569699349930187,1.0300451464600766,3.5710857588543555e-114,265.9812176416265,266.28366047701627,0.0,7.991841416994598e-56
228.19752183351216,3786.340887685568,75.0066025793687,263.55343491564014,63394.49820628968,0.8379555744243379,325.44627490148014,0.23047307148338042,0.6,1.3569699349930187,1.0299999112057021,2.473400008710083e-114,266.0512397700358,266.35331257804694,0.0,6.651106418247141e-56
228.34755307732118,3775.0909944931004,74.96074822548407,263.626472316892,63486.88922023995,0.8389443162511305,325.49136652322306,0.2303002657987114,0.6,1.3569699349930187,1.0299547990157127,1.7124811047762636e-114,266.1212241009192,266.4229276849145,0.0,5.534260679214974e-56
228.49758432113018,3763.847975523594,74.91496535233681,263.69946534692366,63579.33300729573,0.8399333488753913,325.53642451102144,0.23012775134108063,0.6,1.3569699349930187,1.0299098094638255,1.1856058996013972e-114,266.1911706825703,266.4925058433818,0.0,4.604864903615715e-56
228.6476155649392,3752.6118200656333,74.86925377645893,263.7724140748053,63671.829554633885,0.8409226721652673,325.58144892146686,0.22995552733263394,0.6,1.3569699349930187,1.029864942094638,8.207207629097684e-115,266.2610795631444,266.562047099075,0.0,3.8312847230263823e-56
228.79764680874823,3741.382517432968,74.82361331443678,263.8453185694449,63764.378849462046,0.8419122859892323,325.6264398110092,0.22978359299651394,0.6,1.3569699349930187,1.0298201964383351,5.67882759826093e-115,266.3309507906817,266.6315514975106,0.0,3.186955943190207e-56
228.94767805255722,3730.160056973052,74.77804378520402,263.9181788995329,63856.98087894724,0.8429021902153226,325.6713972359226,0.22961194756392245,0.6,1.3569699349930187,1.0297755720729351,3.928894888530456e-115,266.40078441320406,266.7010190842108,0.0,2.65083027921321e-56
229.09770929636625,3718.944428058229,74.73254500773454,263.9909951335994,63949.63563028753,0.8438923847119049,325.7163212523408,0.22944059026700517,0.6,1.3569699349930187,1.029731068561859,2.718087067754131e-115,266.4705804786182,266.7704499045884,0.0,2.204846704202412e-56
229.24774054017527,3707.735620083678,74.6871168005087,264.06376734002754,64042.34309072854,0.8448828693478505,325.7612119162655,0.22926952033720477,0.6,1.3569699349930187,1.0296866854394453,1.8796778968602932e-115,266.54033903469394,266.8398440039202,0.0,1.8335317508386492e-56
229.39777178398427,3696.533622476389,74.64175898392145,264.13649558699507,64135.10324748835,0.8458736439917349,325.806069283531,0.22909873701267627,0.6,1.3569699349930187,1.0296424222763976,1.2995583418331504e-115,266.6100601291651,266.9092014274676,0.0,1.5245603065885269e-56
229.5478030277933,3685.3384246914657,74.59647137933091,264.2091799424985,64227.916087787016,0.8468647085121526,325.85089340981847,0.22892823953535058,0.6,1.3569699349930187,1.0295982786540765,8.984721088226359e-116,266.67974380969025,266.9785222204297,0.0,1.2676489983388814e-56
229.69783427160232,3674.150016205911,74.55125380742278,264.28182047439356,64320.781598897716,0.847856062778263,325.8956843506818,0.22875802714589344,0.6,1.3569699349930187,1.0295542541200853,6.2100360128329e-116,266.74939012378445,267.0478064278616,0.0,1.0538863438471857e-56
229.8478655154113,3662.968386524742,74.50610608985681,264.35441725035514,64413.699768094666,0.8488477066592347,325.9404421615224,0.22858809908877376,0.6,1.3569699349930187,1.0295103482330619,4.290609277982551e-116,266.8189991188884,267.11705409475695,0.0,8.76004226261578e-57
229.99789675922034,3651.7935251843082,74.46102805017844,264.426970337856,64506.67058262524,0.8498396400239482,325.9851668975768,0.22841845461506471,0.6,1.3569699349930187,1.029466560587626,2.964352045484166e-116,266.8885708424069,267.18626526609364,0.0,7.28134496925643e-57
230.14792800302936,3640.6254217431974,74.4160195114202,264.4994798042257,64599.694029784165,0.8508318627417878,326.0298586139528,0.22824909297505516,0.6,1.3569699349930187,1.0294228907491485,2.0477748613615076e-116,266.95810534160876,267.2554399867146,0.0,6.051845347604585e-57
230.29795924683836,3629.464065784232,74.37108029664773,264.57194571663786,64692.770096896995,0.8518243746824642,326.0745173656217,0.22808001341992856,0.6,1.3569699349930187,1.029379338268627,1.413967939547497e-116,267.02760266365044,267.3245783013552,0.0,5.0288247233629954e-57
230.44799049064738,3618.309446922876,74.32621023123062,264.64436814205516,64785.89877124847,0.8528171757152525,326.11914320738504,0.22791121520874733,0.6,1.3569699349930187,1.0293359027446882,9.762187217301413e-117,267.0970628556704,267.39368025475665,0.0,4.178498818980307e-57
230.5980217344564,3607.1615547985466,74.2814091405482,264.7167471472861,64879.08004015441,0.8538102657097573,326.1637361939091,0.22774269760138763,0.6,1.3569699349930187,1.029292583761135,6.739669091213945e-117,267.16648596469423,267.46274589155206,0.0,3.4718903803554363e-57
230.7480529782654,3596.020379072599,74.23667684946706,264.78908279899804,64972.31389097799,0.8548036445360864,326.20829637973344,0.22757445985692965,0.6,1.3569699349930187,1.0292493808726864,4.651084801088332e-117,267.235872037613,267.5317752562408,0.0,2.8841898661491297e-57
230.89808422207443,3584.8859094371887,74.19201318473353,264.86137516365943,65065.600311054564,0.8557973120640504,326.25282381923563,0.2274065012410146,0.6,1.3569699349930187,1.0292062936703719,3.208944078231535e-117,267.3052211212832,267.60076839330765,0.0,2.3956743998694757e-57
231.04811546588346,3573.758135611608,74.14741797401857,264.9336243075638,65158.93928772168,0.8567912681634825,326.29731856664574,0.22723882102290113,0.6,1.3569699349930187,1.0291633217555711,2.2139597700416312e-117,267.3745332624874,267.66972534717553,0.0,1.9899015035256373e-57
231.19814670969245,3562.6370473361635,74.10289104430107,265.00583029686936,65252.3308083695,0.8577855127047749,326.34178067607127,0.2270714184704901,0.6,1.3569699349930187,1.0291204646958474,1.527062907570381e-117,267.443808507867,267.7386461621257,0.0,1.6526282860099274e-57
231.34817795350148,3551.5226343782365,74.0584322235084,265.0779931975599,65345.774860389334,0.8587800455583313,326.3862102014729,0.22690429285536706,0.6,1.3569699349930187,1.0290777220698462,1.0528763922799378e-117,267.5130469039912,267.80753088237935,0.0,1.372256863531282e-57
231.4982091973105,3540.4148865355323,74.01404134141015,265.15011307542346,65439.27143114545,0.8597748665942673,326.43060719665175,0.2267374434555453,0.6,1.3569699349930187,1.029035093491884,7.259165714023297e-118,267.58224849739406,267.87637955214205,0.0,1.139436357620713e-57
231.6482404411195,3529.3137936271078,73.96971822724038,265.2221899961105,65532.82050804951,0.8607699756832016,326.4749717152853,0.2265708695481516,0.6,1.3569699349930187,1.028992578546907,5.004247411370538e-118,267.65141333447605,267.9451922154863,0.0,9.460543876481467e-58
231.79827168492852,3518.2193454953663,73.92546271024666,265.2942240251213,65626.4220785437,0.8617653726960777,326.5193038109196,0.22640457041111214,0.6,1.3569699349930187,1.028950176805538,3.4481996362672143e-118,267.72054146152755,268.01396891637927,0.0,7.85313238175292e-58
231.94830292873755,3507.1315320143585,73.8812746219392,265.3662152277517,65720.07613002924,0.8627610575034028,326.56360353693634,0.22623854533006088,0.6,1.3569699349930187,1.028907887885833,2.3757352611866783e-118,267.78963292482183,268.0827096987938,0.0,6.518471025881393e-58
232.09833417254654,3496.050343081175,73.83715379380915,265.43816366914916,65813.78264993848,0.8637570299760152,326.60787094658724,0.22607279359132262,0.6,1.3569699349930187,1.0288657113908075,1.636779814860011e-118,267.8586877705212,268.15141460659623,0.0,5.410555396180863e-58
232.24836541635557,3484.975768613987,73.7931000568171,265.5100694143254,65907.54162575085,0.8647532899852529,326.65210609300203,0.22590731448033968,0.6,1.3569699349930187,1.0288236468943908,1.1272071915653734e-118,267.92770604465596,268.2200836835213,0.0,4.490023283576523e-58
232.3983966601646,3473.907798560821,73.74911324377057,265.5819325280997,66001.35304491792,0.8657498374021584,326.6963090291537,0.2257421072889726,0.6,1.3569699349930187,1.0287816940067904,7.760851638576399e-119,267.9966877932233,268.2887169732899,0.0,3.725644465717554e-58
232.5484279039736,3462.8464228958915,73.7051931883649,265.65375307512215,66095.21689489332,0.8667466720977957,326.7404798078732,0.22557717131254848,0.6,1.3569699349930187,1.0287398523482576,5.343403724542068e-119,268.06563306214747,268.3573145195618,0.0,3.0914036265673384e-58
232.69845914778261,3451.7916316135806,73.66133972358514,265.7255311199132,66189.1331631832,0.867743793943787,326.7846184818734,0.22541250584495032,0.6,1.3569699349930187,1.0286981215051778,3.6779438922206435e-119,268.13454189721443,268.42587636585716,0.0,2.564774974768933e-58
232.84849039159164,3440.7434147344657,73.61755268334097,265.7972667268245,66283.10183729453,0.8687412028117634,326.8287251037256,0.2252481101836351,0.6,1.3569699349930187,1.028656501075072,2.5305990560958966e-119,268.2034143441396,268.49440255563763,0.0,2.1274452314394912e-58
232.99852163540064,3429.7017623084707,73.57383190334272,265.86895996001806,66377.12290470731,0.8697388985730703,326.87279972584685,0.22508398363231877,0.6,1.3569699349930187,1.0286149906908335,1.741138903156147e-119,268.27225044860404,268.56289313234936,0.0,1.764669694008142e-58
233.14855287920966,3418.666664406022,73.53017721874402,265.9406108835242,66471.19635294913,0.8707368810995585,326.91684240053524,0.22492012549373513,0.6,1.3569699349930187,1.0285735899558748,1.197808446560384e-119,268.3410502561579,268.6313481393076,0.0,1.463660670703924e-58
233.29858412301868,3407.638111120065,73.48658846469401,266.012219561228,66565.32216957724,0.8717351502633935,326.9608531799623,0.22475653507132948,0.6,1.3569699349930187,1.0285322984593317,8.236438011769681e-120,268.4098138122433,268.6997676197239,0.0,1.213714204781812e-58
233.44861536682768,3396.616092574223,73.44306547856486,266.0837860568165,66659.5003421082,0.8727337059363109,327.0048321161405,0.22459321167609075,0.6,1.3569699349930187,1.028491115837592,5.662984281728386e-120,268.47854116228604,268.7681516168158,0.0,1.0063971442333454e-58
233.5986466106367,3385.6005989142877,73.39960809768262,266.15531043383396,66753.73085808964,0.8737325479903758,327.048779260957,0.2244301546195835,0.6,1.3569699349930187,1.028450041711795,3.8935039321563636e-120,268.54723235160304,268.83650017369587,0.0,8.344821022165483e-59
233.74867785444573,3374.591620306332,73.3562161588263,266.22679275569425,66848.01370511629,0.8747316762981538,327.09269466618196,0.22426736321240923,0.6,1.3569699349930187,1.0284090756740039,2.6758026875818566e-120,268.61588742538174,268.90481333334725,0.0,6.917891725869952e-59
233.89870909825473,3363.589146945366,73.31288950059077,266.29823308562425,66942.3488707542,0.8757310907319071,327.1365783834335,0.22410483677145226,0.6,1.3569699349930187,1.0283682173525193,1.8384830500486818e-120,268.6845064287773,268.97309113873973,0.0,5.734248805164103e-59
234.04874034206375,3352.593169051675,73.26962796242358,266.3696314866879,67036.73634257205,0.8767307911639274,327.1804304641929,0.2239425746169202,0.6,1.3569699349930187,1.0283274663854025,1.263198274966904e-120,268.75308940687387,269.0413336327829,0.0,4.7531605026458475e-59
234.19877158587278,3341.6036768649274,73.22643138304517,266.4409880218247,67131.17610819089,0.877730777467062,327.2242509598281,0.22378057606749585,0.6,1.3569699349930187,1.0282868223768031,8.676823141739379e-121,268.82163640461954,269.1095408582491,0.0,3.939372876275264e-59
234.34880282968177,3330.6206606501282,73.18329960207829,266.5123027538104,67225.668155232,0.8787310495141614,327.2680399215698,0.2236188404453327,0.6,1.3569699349930187,1.0282462849420633,5.957703973631001e-121,268.8901474668935,269.1777128578533,0.0,3.2642707820782503e-59
234.4988340734908,3319.6441107006926,73.1402324609065,266.5835757452375,67320.21247128987,0.8797316071777946,327.3117974005,0.22345736707868136,0.6,1.3569699349930187,1.0282058537316099,4.0906467470149976e-121,268.95862263854184,269.24584967429524,0.0,2.704847012223637e-59
234.64886531729982,3308.674017329748,73.09722980033703,266.6548070585718,67414.80904400644,0.8807324503310343,327.35552344758594,0.2232961552947216,0.6,1.3569699349930187,1.0281655283662807,2.808342382957301e-121,269.0270619642818,269.31395135014594,0.0,2.2411542315192468e-59
234.79889656110882,3297.710370872133,73.05429146115581,266.725996756139,67509.45786105297,0.8817335788472641,327.39921811367316,0.22313520442126203,0.6,1.3569699349930187,1.028125308452695,1.9270930796995264e-121,269.09546548872464,269.38201792787424,0.0,1.856513294522478e-59
234.94892780491784,3286.7531616924352,73.0114172863341,266.79714490007296,67604.1589100603,0.8827349925994421,327.442881449453,0.22297451379349892,0.6,1.3569699349930187,1.028085193644553,1.322242407941617e-121,269.1638332564668,269.45004944995566,0.0,1.537808505692385e-59
235.09895904872687,3275.802380176599,72.96860711877136,266.8682515523699,67698.91217869018,0.8837366914608553,327.4865135054963,0.2228140827470952,0.6,1.3569699349930187,1.028045183580106,9.072179582655763e-122,269.2321653119972,269.518045958762,0.0,1.2738037904105067e-59
235.24899029253586,3264.8580167300674,72.9258608008049,266.93931677490036,67793.7176546506,0.8847386753052807,327.53011433226106,0.22265391061667592,0.6,1.3569699349930187,1.0280052778685274,6.22196028510743e-122,269.3004616996778,269.5860074965376,0.0,1.0548976746095613e-59
235.3990215363449,3253.9200617863416,72.88317817655832,267.0103406293541,67888.57532562174,0.8857409440062043,327.57368398005843,0.2224939967430204,0.6,1.3569699349930187,1.027965476155225,4.26613749234665e-122,269.36872246383973,269.65393410551457,0.0,8.735024787079875e-60
235.54905278015391,3242.988505803347,72.8405590909745,267.0813231772632,67983.4851792857,0.886743497437133,327.61722249906717,0.2223343404700951,0.6,1.3569699349930187,1.0279257780950704,2.925177768387654e-122,269.43694764874425,269.72182582786536,0.0,7.233073024002078e-60
235.6990840239629,3232.0633392576233,72.79800338825356,267.15226448003995,68078.44720337683,0.8877463354721288,327.66072993935717,0.2221749411402669,0.6,1.3569699349930187,1.0278861833089852,2.005144978676059e-122,269.50513729851906,269.78968270562734,0.0,5.988521418139489e-60
235.84911526777194,3221.144552650228,72.75551091347704,267.2231645989387,68173.46138562985,0.8887494579852594,327.70420635086583,0.22201579809927519,0.6,1.3569699349930187,1.0278466914291557,1.3739344607518734e-122,269.57329145722485,269.857504780782,0.0,4.957123351929825e-60
235.99914651158096,3210.232136509748,72.71308151344923,267.29402359503587,68268.52771375231,0.8897528648503076,327.74765178338635,0.2218569106988033,0.6,1.3569699349930187,1.0278073021225682,9.414218159269263e-123,269.64141016888993,269.92529209529584,0.0,4.103352688300499e-60
236.14917775538996,3199.3260813837132,72.67071503437955,267.36484152928625,68363.64617549934,0.8907565559415613,327.791066286602,0.22169827828937955,0.6,1.3569699349930187,1.0277680150265178,6.449836077901436e-123,269.70949347741623,269.99304469100844,0.0,3.396417393183283e-60
236.29920899919898,3188.4263778405907,72.62841132244081,267.4356184625096,68458.81675865507,0.8917605311336166,327.8344499100784,0.22153990022208478,0.6,1.3569699349930187,1.027728829764149,4.4167621126360775e-123,269.77754142660183,270.06076260965955,0.0,2.810597929646327e-60
236.449240243008,3177.5330164777292,72.58617022595496,267.5063544553392,68554.03945096296,0.8927647903006427,327.87780270323174,0.2213817758552385,0.6,1.3569699349930187,1.0276897460055174,3.0242454501546265e-123,269.84555406023077,270.12844589299533,0.0,2.3257082615956966e-60
236.599271486817,3166.645987913036,72.54399159314792,267.5770495682759,68649.31424019743,0.8937693333171385,327.92112471536234,0.22122390454752366,0.6,1.3569699349930187,1.0276507634050356,2.0707378378323543e-123,269.9135314219815,270.1960945826599,0.0,1.9244617219441283e-60
236.74930273062603,3155.7652827831757,72.50187527166945,267.6477038617,68744.64111417923,0.8947741600580935,327.96441599566174,0.22106628565651615,0.6,1.3569699349930187,1.0276118815880546,1.4172451314855282e-123,269.98147355540783,270.2637087201722,0.0,1.5920958288433234e-60
236.89933397443505,3144.8908917520434,72.45982111092769,267.71831739581586,68840.0200607006,0.8957792703981998,328.00767659317944,0.2209089185458241,0.6,1.3569699349930187,1.0275731002161461,9.697433063623221e-124,270.0493805040343,270.3312883470395,0.0,1.3169676677429035e-60
237.04936521824405,3134.022805507129,72.41782896111802,267.7888902306758,68935.45106755618,0.8967846642121776,328.05090655683705,0.22075180258211277,0.6,1.3569699349930187,1.0275344189600695,6.635626709954063e-124,270.11725231131646,270.39883350471035,0.0,1.0894008027424773e-60
237.19939646205307,3123.161014753802,72.37589867167864,267.85942242621707,69030.93412259246,0.8977903413752961,328.09410593545135,0.22059493713037853,0.6,1.3569699349930187,1.0274958374565968,4.539227170855713e-124,270.185089020579,270.4663442345003,0.0,9.010267334340949e-61
237.3494277058621,3112.305510221184,72.33403009290964,267.9299140422237,69126.46921365592,0.898796301762828,328.13727477771107,0.2204383215588983,0.6,1.3569699349930187,1.0274573553538393,3.1038900437971375e-124,270.25289067508135,270.5338205776703,0.0,7.450748114607512e-61
237.4994589496711,3101.4562826650676,72.29222307679728,268.0003651383076,69222.0563285661,0.899802545249764,328.1804131321654,0.22028195524174574,0.6,1.3569699349930187,1.0274189723344356,2.122422988028002e-124,270.3206573180513,270.6012625754668,0.0,6.1611628498354325e-61
237.64949019348012,3090.613322859451,72.25047747471578,268.07077577396365,69317.69545519001,0.9008090717115992,328.22352104725803,0.22012583755176116,0.6,1.3569699349930187,1.0273806880512366,1.4511252513911882e-124,270.3883889925925,270.66867026901133,0.0,5.0944718560918216e-61
237.79952143728914,3079.7766215985507,72.20879313798838,268.1411460085563,69413.38658142318,0.9018158810241313,328.2665985713185,0.21996996786226622,0.6,1.3569699349930187,1.0273425021430094,9.91665087526481e-125,270.4560857417072,270.736043699327,0.0,4.211426538495143e-61
237.94955268109814,3068.9461697046136,72.1671699200531,268.2114759012691,69509.12969512059,0.9028229730627347,328.3096457525322,0.21981434555367912,0.6,1.3569699349930187,1.0273044142952799,6.776178493818905e-125,270.5237476083841,270.8033829074443,0.0,3.4812814529953155e-61
238.09958392490717,3058.121958019685,72.12560767422873,268.2817655111582,69604.92478416818,0.9038303477031132,328.3526626389726,0.21965897000668344,0.6,1.3569699349930187,1.0272664241777367,4.63023103444344e-125,270.59137463550843,270.8706879342927,0.0,2.877716774924695e-61
238.2496151687162,3047.3039774038725,72.08410625324522,268.3520148971633,69700.77183649786,0.904838004821457,328.3956492786086,0.2195038406007918,0.6,1.3569699349930187,1.0272285314310277,3.162487982940047e-125,270.65896686584307,270.9379588206787,0.0,2.378270010869505e-61
238.3996464125252,3036.4922187437132,72.04266551156424,268.4222241180537,69796.67084001283,0.9058459442936585,328.438605719271,0.2193489567214332,0.6,1.3569699349930187,1.0271907357320158,2.1594692229464074e-125,270.7265243421227,271.005195607398,0.0,1.965260960408202e-61
238.5496776563342,3025.6866729485364,72.0012853044041,268.49239323245155,69892.6217826188,0.9068541659956397,328.4815320086676,0.2191943177569697,0.6,1.3569699349930187,1.0271530367664814,1.4746267729615656e-125,270.79404710701453,271.0723983351881,0.0,1.6240065440808332e-61
238.69970890014324,3014.8873309448704,71.95996548621272,268.5625222988685,69988.62465227312,0.9078626698038695,328.5244281944052,0.21903992309403011,0.6,1.3569699349930187,1.0271154341861861,1.0066782509574241e-125,270.8615352030571,271.1395670446559,0.0,1.3418132021127569e-61
238.84974014395223,3004.0941836822476,71.91870591228142,268.63261137566775,70084.6794369328,0.9088714555948163,328.5672943239666,0.21888577212243693,0.6,1.3569699349930187,1.0270779276543078,6.869440359667267e-126,270.9289886727255,271.2067017763551,0.0,1.108427766109533e-61
238.99977138776126,2993.3072221360467,71.87750643955277,268.70266052104574,70180.78612452817,0.9098805232446722,328.6101304446998,0.218731864237669,0.6,1.3569699349930187,1.0270405168682935,4.687664377172145e-126,270.99640755846417,271.2738025708251,0.0,9.15640455218456e-62
239.14980263157028,2982.5264372991646,71.83636692434114,268.77266979308615,70276.94470303657,0.9108898726301274,328.6529366038508,0.2185781988338985,0.6,1.3569699349930187,1.0270032014957018,3.1984545751273766e-126,271.06379190259554,271.3408694684822,0.0,7.563395507240854e-62
239.29983387537928,2971.7518201840153,71.79528722289673,268.842639249747,70373.15516046387,0.9118995036281752,328.6957128485559,0.21842477530571222,0.6,1.3569699349930187,1.0269659811900864,2.1812587312015e-126,271.1311417473426,271.40790250964665,0.0,6.245975969369706e-62
239.4498651191883,2960.983361830223,71.75426719355147,268.91256894881053,70469.41748477527,0.9129094161153861,328.7384592258115,0.2182715930546576,0.6,1.3569699349930187,1.0269288556516096,1.487427864818036e-126,271.198457134916,271.4749017346457,0.0,5.157802094639057e-62
239.59989636299733,2950.2210532965046,71.71330669449632,268.98245894793604,70565.73166396668,0.9139196099686568,328.781175782506,0.21811865148245538,0.6,1.3569699349930187,1.0268918245644096,1.0142982449290608e-126,271.26573810742434,271.5418671837075,0.0,4.2592149153414135e-62
239.74992760680632,2939.4648856589592,71.67240558332152,269.052309304671,70662.09768607997,0.9149300850653709,328.82386256542713,0.2179659499895955,0.6,1.3569699349930187,1.026854887583609,6.913537991331989e-127,271.3329847068564,271.6087988969392,0.0,3.516388851734189e-62
239.89995885061535,2928.7148500193402,71.63156371932372,269.1221200763972,70758.51553912795,0.9159408412826108,328.86651962122903,0.21781348798237396,0.6,1.3569699349930187,1.0268180444005444,4.711149671895367e-127,271.40019697517397,271.6756969144378,0.0,2.9027535748451988e-62
240.04999009442434,2917.9709375014527,71.59078096252713,269.19189132035444,70854.98521112623,0.9169518784974929,328.9091469964467,0.21766126486990206,0.6,1.3569699349930187,1.0267812947152097,3.2105106815816965e-127,271.46737495427277,271.74256127624324,0.0,2.3962591114598874e-62
240.20002133823337,2907.233139245623,71.55005717217308,269.261623093676,70951.50669014167,0.9179631965876756,328.95174473751797,0.21750928005949735,0.6,1.3569699349930187,1.0267446381935499,2.1872247635382017e-127,271.5345186859218,271.8093920222666,0.0,1.977850333105235e-62
240.3500525820424,2896.501446414475,71.50939220832919,269.3313154533515,71048.07996424059,0.9189747954308154,328.99431289076085,0.21735753296158994,0.6,1.3569699349930187,1.0267080745130102,1.4894722517242082e-127,271.6016282118287,271.87618919236724,0.0,1.632160736121576e-62
240.5000838258514,2885.7758501957032,71.4687859326807,269.4009684562087,71144.70502146246,0.9199866749042921,329.03685150236265,0.21720602299213138,0.6,1.3569699349930187,1.0266716033850483,1.0143299731881413e-127,271.66870357367117,271.9429528263908,0.0,1.3469030834046023e-62
240.65011506966042,2875.056341793839,71.42823820626954,269.47058215896703,71241.38184989401,0.920998834885986,329.0793606184125,0.21705474956569798,0.6,1.3569699349930187,1.0266352244911445,6.906783066686354e-128,271.73574481300705,272.0096829640614,0.0,1.1114364241352748e-62
240.80014631346944,2864.34291243227,71.38774889006139,269.54015661822444,71338.11043764996,0.9220112752540742,329.1218402848938,0.21690371209721868,0.6,1.3569699349930187,1.0265989374988531,4.700583162451502e-128,271.80275197129686,272.0763796450091,0.0,9.169012988713128e-63
240.95017755727844,2853.635553360825,71.34731784707189,269.60969189040816,71434.89077280421,0.9230239958863117,329.16429054765393,0.21675291000845295,0.6,1.3569699349930187,1.0265627421221926,3.198832496839485e-128,271.8697250899895,272.1430429088714,0.0,7.563842330367888e-63
241.10020880108746,2842.9342558477197,71.30694494015509,269.67918803182704,71531.72284346173,0.924036996660783,329.2067114524366,0.21660234272124623,0.6,1.3569699349930187,1.0265266380589815,2.1768844408604632e-128,271.93666421043406,272.20967279518806,0.0,6.23970999472029e-63
241.2502400448965,2832.2390111779173,71.26663003155343,269.74864509868206,71628.60663777287,0.9250502774560531,329.2491030448881,0.21645200965615785,0.6,1.3569699349930187,1.0264906249780446,1.480746046556289e-128,272.0035693738616,272.27626934337974,0.0,5.146204124606308e-63
241.40027128870548,2821.549810661308,71.22637298519177,269.8180631470134,71725.54214385884,0.9260638381503862,329.2914653705255,0.21630191023944823,0.6,1.3569699349930187,1.026454702584431,1.0069725202587017e-128,272.0704406214774,272.3428325928578,0.0,4.243806045817419e-63
241.5503025325145,2810.8666456290907,71.18617366569451,269.88744223272386,71822.52934984368,0.9270776786220819,329.33379847475055,0.2161520439000804,0.6,1.3569699349930187,1.02641887059159,6.848242366405775e-129,272.1372779944222,272.40936258297774,0.0,3.499744008329956e-63
241.70033377632353,2800.189507428368,71.1460319368918,269.95678241161374,71919.56824390242,0.9280917987499775,329.3761024028716,0.2160024100651679,0.6,1.3569699349930187,1.0263831286788918,4.6559814968030606e-129,272.2040815337122,272.47585935296763,0.0,2.8857077147283493e-63
241.85036502013253,2789.5183874278523,71.10594766342393,270.0260837393442,72016.65881420932,0.9291061984129074,329.4183772000808,0.2158530081648599,0.6,1.3569699349930187,1.026347476537302,3.1641759789529784e-129,272.2708512803038,272.54232294200574,0.0,2.378904633794342e-63
242.00039626394155,2778.8532770205693,71.06592071151655,270.0953462714193,72113.80104891208,0.9301208774894341,329.4606229114438,0.21570383763469805,0.6,1.3569699349930187,1.0263119138915497,2.1504101076801007e-129,272.3375872751245,272.6087533892567,0.0,1.9611344286691131e-63
242.15042750775058,2768.194167615755,71.0259509467379,270.1645700632389,72210.99493620495,0.931135835858611,329.5028395819319,0.2155548979087844,0.6,1.3569699349930187,1.0262764404362927,1.4612780848887145e-129,272.40428955898386,272.6751507337656,0.0,1.616639378379788e-63
242.30045875155957,2757.541050640859,70.9860382345687,270.23375517008554,72308.24046431055,0.9321510733997938,329.54502725641385,0.21540618842151596,0.6,1.3569699349930187,1.026241055852354,9.92475430101311e-130,272.4709581725965,272.7415150144852,0.0,1.3323140251441073e-63
242.4504899953686,2746.893917549018,70.94618244250931,270.3029016470758,72405.53762141021,0.9331665899919118,329.5871859796269,0.21525770861399562,0.6,1.3569699349930187,1.0262057598668795,6.740197839554502e-130,272.537593156666,272.80784627037605,0.0,1.0979512051721782e-63
242.60052123917762,2736.2527598111105,70.90638343787886,270.3720095492122,72502.88639571643,0.9341823855142258,329.62931579620806,0.2151094579273296,0.6,1.3569699349930187,1.0261705521906435,4.5775468304337e-130,272.6041945517978,272.8741445403026,0.0,9.048219252134035e-64
242.75055248298662,2725.6175689141396,70.86664108737489,270.4410789313932,72600.28677548678,0.9351984598464719,329.6714167507006,0.2149614358012865,0.6,1.3569699349930187,1.0261354325054508,3.1073529033581975e-130,272.67076239848166,272.94040986301206,0.0,7.45490317515921e-64
242.90058372679565,2714.9883363693243,70.82695525935448,270.51010984836114,72697.73874894959,0.9362148128680868,329.71348888752226,0.21481364168123626,0.6,1.3569699349930187,1.0261004005293495,2.108823158273101e-130,272.73729673718304,273.00664227724315,0.0,6.141391714576653e-64
243.05061497060467,2704.3650537085105,70.7873258228475,270.57910235472536,72795.24230433592,0.9372314444585418,329.7555322509794,0.2146660750151441,0.6,1.3569699349930187,1.0260654559885323,1.4312585621434423e-130,272.80379760830346,273.0728418216794,0.0,5.059478637287287e-64
243.20064621441367,2693.747712478835,70.747752646079,270.6480565049968,72892.79742992789,0.9382483544978457,329.79754688528857,0.2145187352490731,0.6,1.3569699349930187,1.0260305985750937,9.71102642077676e-131,272.87026505212276,273.13900853487934,0.0,4.167535284729661e-64
243.3506774582227,2683.1363042483877,70.70823559806902,270.7169723535512,72990.40411400619,0.9392655428659986,329.83953283455355,0.21437162183205022,0.6,1.3569699349930187,1.0259958279928127,6.586078918929318e-131,272.9366991088621,273.20514245535264,0.0,3.432101972490618e-64
243.50070870203172,2672.5308206088603,70.66877454939205,270.78584995461205,73088.06234482523,0.9402830094427321,329.88149014275575,0.2142247342183711,0.6,1.3569699349930187,1.0259611439789933,4.466872223156377e-131,273.00309981871504,273.2712436215959,0.0,2.8264966975984797e-64
243.6507399458407,2661.9312531675396,70.62936936995179,270.8546893623025,73185.77211068616,0.9413007541082714,329.92341885378545,0.2140780718608312,0.6,1.3569699349930187,1.025926546240786,3.029230034245343e-131,273.0694672217591,273.33731207198815,0.0,2.3276240974190218e-64
243.80077118964974,2651.3375935493104,70.59001992955423,270.92349063063233,73283.53339991752,0.9423187767431319,329.96531901143425,0.2139316342124673,0.6,1.3569699349930187,1.0258920344715847,2.0532041521470196e-131,273.13580135797883,273.40334784481774,0.0,1.9162968449881716e-64
243.95080243345876,2640.74983340404,70.55072609999579,270.9922538134499,73381.34620080692,0.9433370772274098,330.0071906593657,0.21378542073290288,0.6,1.3569699349930187,1.0258576084109847,1.391554467841198e-131,273.20210226734855,273.46935097838116,0.0,1.5775997278044903e-64
244.10083367726776,2630.1679643987,70.511487752873,271.06097896449353,73479.21050167292,0.9443556554415286,330.04903384114687,0.21363943088168616,0.6,1.3569699349930187,1.0258232677820325,9.43145683451184e-132,273.26836998974613,273.53532151088007,0.0,1.2987815433731214e-64
244.25086492107678,2619.5919782157907,70.4723047591517,271.12966613740167,73577.12629087943,0.9453745112663909,330.0908486002545,0.2134936641169802,0.6,1.3569699349930187,1.0257890122788453,6.389268971425677e-132,273.33460456493634,273.6012594804014,0.0,1.0689867033156593e-64
244.4008961648858,2609.021866561367,70.43317699143549,271.1983153856605,73675.0935567602,0.946393644582591,330.13263498004346,0.21334811990245428,0.6,1.3569699349930187,1.0257548416317945,4.327283393832986e-132,273.4008060326601,273.6671649250238,0.0,8.7974009677471e-65
244.5509274086948,2598.4576211614367,70.39410432297508,271.26692676262786,73773.11228765221,0.9474130552707632,330.17439302376096,0.21320279770427011,0.6,1.3569699349930187,1.0257207555791543,2.930973122410475e-132,273.4669744325964,273.73303788277195,0.0,7.240234550692303e-65
244.70095865250383,2587.899233756713,70.35508662620654,271.33550032156666,73871.1824719431,0.9484327432120749,330.21612277456757,0.21305769698663884,0.6,1.3569699349930187,1.0256867538250756,1.9846131065872546e-132,273.53310980430393,273.7988783915473,0.0,5.957782510803729e-65
244.85098989631285,2577.3466961082486,70.3161237743469,271.40403611560885,73969.30409801907,0.9494527082876851,330.25782427551485,0.21291281721666724,0.6,1.3569699349930187,1.0256528360854997,1.3432352247140615e-132,273.5992121872851,273.8646864892039,0.0,4.901429425401244e-65
245.00102114012188,2566.7999999999997,70.27721564213769,271.47253419773847,74067.4771542398,0.950472950378483,330.29949756953545,0.21276815786661243,0.6,1.3569699349930187,1.0256190021096505,9.091733632894303e-133,273.665281621015,273.9304622135832,0.0,4.032460011596687e-65
