time_s,height_m,speed_mps,drag_g,canopy_force_n
0.0,2566.8,70.2772156422537,1.0256190021130365,0.0
0.03,2564.6918039315656,70.26892477269621,1.0308848131761053,9.852323655396118
0.06,2562.5838953088796,70.257546286581,1.0465804456785868,39.30622908243431
0.09,2560.476412756831,70.24003683856117,1.0725258168654812,88.19176173725982
0.12,2558.369584536466,70.21341136302942,1.1085245721128496,156.30540759220574
0.15,2556.263728263789,70.17474417635218,1.154355783986584,243.39439084181348
0.18,2554.159248328895,70.12117925425191,1.2097664469619345,349.141893443214
0.21,2552.0566345887883,70.0499345881862,1.2744643724859415,473.1532877861699
0.24,2549.9564569494332,69.95832987565166,1.348112615938726,614.9439087764524
0.27,2547.8593641432103,69.84379251477274,1.4303240471843284,773.9282380898115
0.3,2545.766082303886,69.70386344665656,1.520656789756214,949.4106882607076
0.32999999999999996,2543.677408921104,69.53622353318787,1.6186115571653483,1140.5787959102445
0.36,2541.5942089482664,69.33870725054966,1.7236297525339948,1346.4985303857586
0.39,2539.5174065896467,69.10933271159823,1.8350937304346313,1566.1127733244366
0.41963748612544977,2537.4729431468936,68.84968944989761,1.9508789764049972,1795.3669338807863
0.42,2537.447984791484,68.84630362344208,1.9523271939420017,1798.2416047922886
0.44999999999999996,2535.3869791480015,68.54802492532514,2.074597641956038,2041.585722740256
0.48,2533.3354696765095,68.21312676582609,2.20112089702011,2294.733369786091
0.51,2531.2945715498404,67.84047939665119,2.3310667905449813,2556.169999803037
0.54,2529.2654280519955,67.42920714881777,2.4635663582631078,2824.290918012967
0.57,2527.249209903643,66.97868897397998,2.5977195152165513,3097.415640899092
0.6,2525.2471017582952,66.48857206899191,2.7326048985466787,3373.8057282746336
0.63,2523.2602933128837,65.95877873377263,2.8672904610008034,3651.6845096850593
0.6599999999999999,2521.2899704902684,65.38950445054886,3.0008442914291673,3929.257821927745
0.69,2519.3373124112804,64.7812181800726,3.13234627216425,4204.736317982215
0.72,2517.403479935959,64.13465690825953,3.2608996652301623,4476.3580555708195
0.75,2515.4896063354017,63.45081590038626,3.3856423926795554,4742.41083390334
0.78,2513.5967913050463,62.73093593195995,3.505757805455084,5001.253808623503
0.8099999999999999,2511.726095539006,61.976492930196045,3.6204852757783863,5251.338721633932
0.8392749722508995,2509.9229017696393,61.20857870005543,3.726580105191501,5485.561483144549
0.84,2509.8785308857505,61.189177808695824,3.729129028033278,5491.228368167895
0.87,2508.0550548581646,60.370870572504685,3.8310652089692607,5719.612054148095
0.8999999999999999,2506.25656769307,59.523628145992305,3.925749420258361,5935.321237329409
0.9299999999999999,2504.4839046318757,58.64965556899328,4.012720927726807,6137.339725851373
0.96,2502.737832472435,57.75127688212472,4.0916051952600085,6324.810675887309
0.99,2501.019047703691,56.830915886055315,4.162116183177707,6497.042596839883
1.02,2499.3281724465605,55.89106892723657,4.224056032402353,6653.510739771921
1.05,2497.6657530207945,54.934274404815774,4.277312614213434,6793.854508022103
1.08,2496.032259781279,53.963093456283524,4.321857211196854,6917.874472336998
1.1099999999999999,2494.4280857128847,52.98008486771493,4.357739968321518,7025.5253392849745
1.14,2492.853547585825,51.98777901209922,4.385083835896493,7116.905986349105
1.17,2491.3088870635065,50.988662175596694,4.40407905721275,7192.249926650619
1.2,2489.7942717119918,49.985155828424006,4.414975892308637,7251.912558394415
1.23,2488.3097981297296,48.97959800689536,4.418076851352256,7296.3572719623735
1.2589124583763494,2486.9076877067637,48.01065036561887,4.4140130871737435,7325.311782948732
1.26,2486.8554939274013,47.974232600719986,4.413729694710013,7326.142553990993
1.29,2485.4313207734376,46.97119553352864,4.402319457597378,7341.907293976423
1.3199999999999998,2484.0371786428764,45.972503672735215,4.384260646908852,7344.3562112390555
1.3499999999999999,2482.6729082542,44.98004924361887,4.359990322043118,7334.246652395276
1.38,2481.338295446203,43.99559384549244,4.329961109125816,7312.375227945278
1.41,2480.033076152221,43.020764074089094,4.294634614772739,7279.565093990607
1.44,2478.7569386219834,42.05704947767649,4.254475484729401,7236.654327583077
1.47,2477.509528433573,41.105803651222395,4.20994636397002,7184.48586720122
1.5,2476.2904533886667,40.1682456052362,4.161503255738166,7123.898193610749
1.53,2475.099286056787,39.24546054203158,4.109591123011348,7055.716492174149
1.56,2473.935568320703,38.33840500148294,4.054640783344672,6980.7461078224405
1.5899999999999999,2472.7988160159043,37.447912425604606,3.997066321358576,6899.766987755636
1.6199999999999999,2471.6885209510624,36.574695609703134,3.937262253839201,6813.527791328436
1.65,2470.604155440085,35.71935477072312,3.875602286404685,6722.742837057316
1.678549944501799,2469.595786347965,34.92241081652418,3.8155208672198953,6632.7438085653575
1.68,2469.545175946189,34.88238447016157,3.8124382351921264,6628.089440207106
1.71,2468.5110247907087,34.064177411391995,3.7480986373953504,6530.204800883884
1.74,2467.5011345692433,33.265034365475564,3.6828890404263035,6429.685895514543
1.77,2466.5149299739714,32.48516934030087,3.617091580113563,6327.088221501611
1.7999999999999998,2465.551830261548,31.724716134101,3.5509651469713504,6222.925641359949
1.8299999999999998,2464.611252259225,30.983736853492516,3.4847462562067104,6117.671532312034
1.8599999999999999,2463.692611372899,30.26222598545576,3.4186491599647284,6011.758675790865
1.89,2462.795324617876,29.56011925313702,3.3528672355964173,5905.581443554248
1.92,2461.9188113794266,28.877297732553885,3.2875734900072846,5799.496487341048
1.95,2461.062495535182,28.213594731708422,3.222921839455089,5693.824838476766
1.98,2460.2258066124523,27.568801106377673,3.1590481690895675,5588.853663642629
2.01,2459.4081808302276,26.942669759760285,3.096071315325003,5484.837920035541
2.04,2458.6090625979,26.334921716214858,3.034094500752857,5382.002843102668
2.07,2457.8279047722413,25.745248944057803,2.9732060986838085,5280.545275182664
2.0981874306272488,2457.1098294575004,25.20737840493592,2.917055475069682,5186.626040294962
2.1,2457.064170214033,25.17332034375506,2.9134811851798363,5180.636412915555
2.13,2456.3173316380708,24.61878370037566,2.8549822090097234,5082.423009752868
2.16,2455.58687294062,24.08127089868324,2.7977604504435867,4986.029995683571
2.19,2454.872288978574,23.56039967334611,2.7418567054322818,4891.561733560383
2.2199999999999998,2454.173086457059,23.055777566984293,2.6873024993006025,4799.10422850425
2.25,2453.4887838519317,22.567003909897597,2.634120853106267,4708.726549437262
2.28,2452.818911793218,22.093672401945767,2.5823271953793996,4620.482516259428
2.31,2452.163013194469,21.63537339661614,2.531930206145617,4534.412271748014
2.34,2451.520643177903,21.191695269239084,2.482932444344697,4450.543469585268
2.37,2450.8913693902196,20.762226904234407,2.4353312314978446,4368.892923746647
2.4,2450.274771569957,20.346558125605917,2.3891190461988843,4289.467383097274
2.4299999999999997,2449.6704419789453,19.944282209080868,2.344284396758528,4212.26516388487
2.46,2449.077984749785,19.554995706112464,2.3008120526448135,4137.276631826821
2.4899999999999998,2448.497016320234,19.17830074477252,2.2586838456592258,4064.485706498562
2.5178249167526987,2447.9681146123653,18.8398298191988,2.2207932988117616,3998.917435539184
2.52,2447.9271647265223,18.81380462698773,2.217878823652776,3993.8702013768793
2.55,2447.3680699076785,18.461121634584494,2.178373911171719,3925.4030738404826
2.58,2446.819383099397,18.119872765616176,2.14014407041267,3859.052774483078
2.61,2446.2807669085687,17.78968683929277,2.1031627720929094,3794.7841523413035
2.6399999999999997,2445.751894905425,17.47020059462259,2.0674022169697897,3732.5589089716464
2.67,2445.232451424228,17.161059032536276,2.0328336028044163,3672.3361320405634
2.6999999999999997,2444.7221313908867,16.861915946486583,1.9994274246921953,3614.0728871053284
2.73,2444.2206398617905,16.572433573236513,1.9671535561247702,3557.7244110463866
2.76,2443.727692061472,16.292283484660683,1.9359816137339334,3503.2448158606326
2.79,2443.243012734694,16.02114574969505,1.9058809019590184,3450.587030784016
2.82,2442.7663362977232,15.75870997005096,1.876820793157008,3399.7035297775296
2.85,2442.2974061448413,15.504674291939912,1.8487706181108035,3350.54617091824
2.88,2441.835974760682,15.258746243350993,1.8216999824259734,3303.0668046854908
2.9099999999999997,2441.3818031446017,15.020641983759916,1.7955786973702317,3257.2171819538084
2.937462402878148,2440.9722163982033,14.809302896906722,1.772473817879861,3216.633722534363
2.94,2440.9346607488455,14.790086642303624,1.7703769627994068,3212.9493167410315
2.9699999999999998,2440.4943251313916,14.56681406027192,1.7460654014644348,3170.2155778045026
3.0,2440.060581653991,14.350566505192138,1.7226150800081337,3128.968754142969
3.03,2439.6332233903026,14.141094950827874,1.6999976598859912,3089.1623547602344
3.06,2439.212050611984,13.938158263506613,1.6781852805579702,3050.750420606522
3.09,2438.796870872663,13.74152382382829,1.657150782346143,3013.687952047168
3.12,2438.3874984198783,13.55096652326771,1.6368675340040462,2977.9306165849557
3.15,2437.9837542760374,13.366269310369496,1.6173096289411697,2943.4351253512286
3.1799999999999997,2437.585465769894,13.187222457419391,1.5984517691717985,2910.159040518604
3.21,2437.1924664442045,13.013623639446186,1.5802693414471076,2878.06093101603
3.2399999999999998,2436.80459583366,12.845277763147163,1.5627384298523745,2847.100411630366
3.27,2436.4216991332505,12.68199644753505,1.545835740440366,2817.2380207638435
3.3,2436.0436272175093,12.523598383090002,1.5295387365558097,2788.4354810255045
3.33,2435.6702361557195,12.36990844051713,1.513825467077563,2760.6553993710254
3.357099889003598,2435.336849479145,12.234982909886519,1.5001153706897266,2736.4096669727423
3.36,2435.301387309773,12.220758167555324,1.4986747304372845,2733.8615783108594
3.3899999999999997,2434.936946905863,12.075985031160823,1.4840659300907488,2708.0187638610605
3.42,2434.576785996421,11.935432543097928,1.4699791436034912,2683.092782181215
3.4499999999999997,2434.220780264313,11.798950051352472,1.456395108221282,2659.05052327355
3.48,2433.868809746583,11.66639227024135,1.4432951398483183,2635.859802383277
3.51,2433.520758877702,11.537619616030758,1.4306612490066861,2613.4895804078155
3.54,2433.176516072877,11.412497398156699,1.4184759724996323,2591.909664622976
3.57,2432.835973817227,11.290896225468382,1.4067225040058782,2571.090954778432
3.5999999999999996,2432.499028347458,11.172691438930686,1.395384582156328,2551.0052457305605
3.63,2432.16557956299,11.05776305255387,1.3844465030409296,2531.6252568649334
3.6599999999999997,2431.8355309597473,10.945995789466064,1.3738931556878726,2512.924703170306
3.69,2431.5087893199734,10.83727847374196,1.3637098949788842,2494.8780686216523
3.7199999999999998,2431.1852648135296,10.73150444627018,1.353882670014879,2477.4608463391564
3.75,2430.8648706592603,10.628570893315707,1.3443978786008597,2460.6492774626677
3.776737375129048,2430.5818908420647,10.539145352006802,1.3362225501519478,2446.157857399357
3.78,2430.547523137281,10.528379009215222,1.3352424301749903,2444.420470967502
3.81,2430.2331414607465,10.430833843986546,1.3264037288636128,2428.7523770996654
3.84,2429.921647556155,10.335843878619418,1.3178695861373222,2413.6236315782367
3.8699999999999997,2429.612966149625,10.24332138206485,1.3096283312313266,2399.0137616315596
3.9,2429.3070244543405,10.15318176285442,1.301668665026546,2384.9029220276752
3.9299999999999997,2429.0037522204952,10.065343804548483,1.2939797381380063,2371.2720414482865
3.96,2428.7030815994676,9.979729462110303,1.2865511165676031,2358.1027627570197
3.9899999999999998,2428.40494696969,9.896263522029606,1.2793727110435436,2345.3773164446357
4.02,2428.109285020624,9.814873933124002,1.2724348785379684,2333.0787094644397
4.05,2427.816034474956,9.735491212932432,1.2657282847236242,2321.1904757058487
4.08,2427.5251361393384,9.658048666884902,1.2592439755408404,2309.6968096043743
4.109999999999999,2427.2365328019864,9.582482242474347,1.2529733541377863,2298.582526162982
4.14,2426.9501690633288,9.50873017842452,1.24690810325486,2287.8329207043853
4.17,2426.665991433071,9.436733350701003,1.2410402891316736,2277.4339614797427
4.1963748612544975,2426.4179179480757,9.37484113049672,1.2360385313649003,2268.5704610714274
4.2,2426.3839480907645,9.36643475097246,1.2353622380471896,2267.37206504729
4.2299999999999995,2426.1039889077138,9.29777961557684,1.2298665824135815,2257.6341825790705
4.26,2425.8260654089977,9.230715423111869,1.2245462724875562,2248.207823029857
4.29,2425.550130584871,9.165191476134714,1.219394477313114,2239.0808728405927
4.32,2425.276138995416,9.101159249674957,1.2144046882164794,2230.2417873839695
4.35,2425.0040465910565,9.038572005143104,1.2095706272362237,2221.6794242148885
4.38,2424.73381067275,8.977384744538833,1.204886244980981,2213.3830403837364
4.41,2424.4653899354753,8.917554401698235,1.2003457819743473,2205.3424063242055
4.4399999999999995,2424.198744264296,8.859039370792344,1.1959436518957312,2197.547592504246
4.47,2423.933834811407,8.801799765944368,1.1916745204486003,2189.989115359448
4.5,2423.670623914501,8.745797277119228,1.1875332757410881,2182.657883890033
4.53,2423.4090749766087,8.69099490041627,1.183514963697593,2175.545081883769
4.56,2423.1491525655388,8.637357262584588,1.179614884390307,2168.642345843869
4.59,2422.890822245632,8.584850231677605,1.1758284943047848,2161.9415861837256
4.6160123473799475,2422.6680924642956,8.540212233886185,1.1726340341601769,2156.2889558878896
4.62,2422.6340505710723,8.53344094185771,1.1721514204375016,2155.4350138938694
4.6499999999999995,2422.378805124186,8.483097954559454,1.1685795119926354,2149.1152363386004
4.68,2422.125054343952,8.433790844799203,1.1651087339574095,2142.9750622503993
4.71,2421.8727675990995,8.385490439887874,1.1617352393851272,2137.0076352892715
4.74,2421.6219151359446,8.338168732214475,1.1584553521795615,2131.2064030102288
4.77,2421.372467964001,8.291798605512906,1.1552654974263852,2125.564989271471
4.8,2421.1243979544906,8.24635414639482,1.1521622938828966,2120.0773649186335
4.83,2420.877677718364,8.201810357342463,1.1491424801651546,2114.737712508214
4.859999999999999,2420.63228056777,8.158143082268424,1.146202899238102,2109.5403982261682
4.89,2420.388180592756,8.115329259553077,1.1433405747520107,2104.480112823979
4.92,2420.1453525115435,8.073346548494367,1.1405526114759381,2099.5516888107754
4.95,2419.9037716995367,8.032173437624436,1.137836230428485,2094.75016549524
4.9799999999999995,2419.6634142136404,7.991789352222245,1.1351888042209877,2090.0708544380973
5.01,2419.4242566567686,7.9521743094658355,1.132607763992471,2085.509168480234
5.035649833505397,2419.2207126140834,7.918899035288846,1.1304517864138421,2081.6989321912874
5.04,2419.1862762491155,7.913309144656531,1.1300906677812397,2081.0607479456844
5.069999999999999,2418.9494507968116,7.875175460395074,1.1276351905460735,2076.7214426030037
5.1,2418.713758591647,7.837755370900021,1.1252390550790756,2072.4871847345653
5.13,2418.479178501013,7.801031782695659,1.1229001160934748,2068.354144271308
5.16,2418.245689891802,7.764988212674302,1.1206163120133978,2064.318640283938
5.1899999999999995,2418.0132725714066,7.729608642357731,1.1183856263600833,2060.377070096221
5.22,2417.781906877528,7.694877799972056,1.1162061725361165,2056.52606570463
5.25,2417.55157357354,7.660780891464491,1.1140761195551097,2052.762357193327
5.279999999999999,2417.322253828604,7.6273035622735454,1.1119936838024718,2049.0827577501773
5.31,2417.093929293545,7.59443214011375,1.1099572027158782,2045.4842996330385
5.34,2416.866581984315,7.562153326209937,1.1079650478742458,2041.9640742205809
5.37,2416.6401942945577,7.530454247894758,1.106015642833241,2038.5192650434528
5.3999999999999995,2416.4147490495848,7.499322638358432,1.1041075185826001,2035.147250169354
5.43,2416.190229391341,7.468746526481585,1.1022392251364166,2031.8454394224266
5.455287319630847,2416.0016861260688,7.443396530031574,1.1006943282493695,2029.1149972353342
5.46,2415.966618814583,7.43871435678369,1.100409369000953,2028.6113435829693
5.49,2415.74390119779,7.409215101782451,1.098616648859761,2025.4426403232626
5.52,2415.522060696714,7.380237971343904,1.096859771904346,2022.3370201032626
5.55,2415.301081796682,7.351772579588434,1.0951375052217618,2019.292281026777
5.58,2415.0809493228353,7.323808995830457,1.0934486932093785,2016.3063610842134
5.609999999999999,2414.8616483449714,7.296337482206744,1.0917921813988292,2013.3771978106681
5.64,2414.6431642402067,7.269348691447647,1.0901668771828241,2010.502840365016
5.67,2414.425482686421,7.242833666941491,1.0885717518776428,2007.681453449929
5.7,2414.208589578514,7.216783610024235,1.0870057726304414,2004.911191831598
5.7299999999999995,2413.9924710972314,7.191190096587941,1.0854679690114253,2002.1903232429115
5.76,2413.7771136900005,7.166045038108886,1.08395742310527,1999.517210209
5.79,2413.562503997342,7.14134047577566,1.0824732088226,1996.8901981860402
5.819999999999999,2413.348628924933,7.117068807394272,1.081014461856067,1994.307744678984
5.85,2413.135475615769,7.0932227207793455,1.0795803611256465,1991.7683851008653
5.874924805756296,2412.9589219480627,7.073729247444243,1.0784070176093763,1989.6903221342538
5.88,2412.9230313848025,7.069795009739571,1.078170074133972,1989.2706320298335
5.91,2412.7112837922946,7.046778805482441,1.0767828285634449,1986.8131073653406
5.9399999999999995,2412.500220610763,7.024167492590517,1.0754178881113927,1984.3944978196403
5.97,2412.2898297656875,7.001954541003046,1.0740745022230904,1982.0134622256862
6.0,2412.0800994088872,6.98013373807973,1.0727519781690544,1979.6687645908598
6.029999999999999,2411.8710178832066,6.958699096068824,1.0714496539617504,1977.3592241864565
6.06,2411.662573667157,6.937644694110538,1.0701668507258366,1975.0836276998405
6.09,2411.454755447467,6.91696490832992,1.0689029444439664,1972.840861687975
6.12,2411.247552084045,6.896654318567438,1.0676573383443257,1970.6298616747292
6.1499999999999995,2411.040952556576,6.876707554759358,1.0664294162321584,1968.449526057815
6.18,2410.834946035597,6.857119522992398,1.0652186132512087,1966.2988467567384
6.21,2410.629521849953,6.837885318429484,1.0640243899099908,1964.1768613208062
6.24,2410.4246694336093,6.8190000710041945,1.0628461848467436,1962.0825657730704
6.27,2410.2203783946193,6.800459165416133,1.0616834839569211,1960.0150422528216
6.294562291881746,2410.053527322114,6.7855322016215815,1.0607427328807517,1958.341595668672
6.3,2410.016638487086,6.782258166629961,1.060535798084301,1957.9734178767346
6.33,2409.8134395567236,6.764392660558461,1.0594026138946524,1955.9567740757211
6.359999999999999,2409.6107716069855,6.746858465656807,1.0582834606097389,1953.9642698286432
6.39,2409.4086247774044,6.7296515770015635,1.057177893298472,1951.9951108522796
6.42,2409.2069892867344,6.712767998496836,1.0560854407831162,1950.048453444837
6.45,2409.0058554953466,6.696203943191596,1.0550056690426808,1948.1235215792015
6.4799999999999995,2408.80521389169,6.679955801608076,1.0539381719541634,1946.219589841044
6.51,2408.6050550321916,6.664019962995589,1.052882515451677,1944.3358803395847
6.54,2408.4053695988323,6.648393000896626,1.0518382964627142,1942.4716715600337
6.569999999999999,2408.206148395315,6.6330716709205895,1.0508051428167207,1940.626298224585
6.6,2408.007382283269,6.618052719721857,1.0497826532322825,1938.7990404857078
6.63,2407.8090622337745,6.6033330518140385,1.0487704504718087,1936.9892221082698
6.66,2407.61117933455,6.5889097612042935,1.0477681918993607,1935.1962299941392
6.6899999999999995,2407.413724722463,6.57477992812848,1.0467755052976273,1933.4193956608797
6.714199778007196,2407.254752230597,6.563593892628652,1.0459814756196248,1931.9974300837803
6.72,2407.216689627652,6.5609407627781495,1.0457920348089842,1931.6580801063935
6.75,2407.0200653926645,6.5473896739662605,1.044817463235387,1929.9117150194277
6.779999999999999,2406.823843401777,6.5341240552564095,1.0438514441993703,1928.179677493224
6.81,2406.6280151163646,6.521141401222313,1.0428936394151818,1926.4613588802201
6.84,2406.43257210632,6.508439414476734,1.041943753236853,1924.7562286271036
6.87,2406.237505977303,6.496015784721444,1.0410014622881119,1923.0637043012193
6.8999999999999995,2406.042808396099,6.483868273479224,1.0400664427021715,1921.3832019177557
6.93,2405.848471133865,6.471994858287121,1.0391384166067432,1919.7142218278602
6.96,2405.6544859931046,6.460393510395072,1.0382170810649263,1918.056217460945
6.989999999999999,2405.460844822012,6.449062244646257,1.0373021241541935,1916.4086250350692
7.02,2405.267539568035,6.437999296355539,1.0363932820088801,1914.770968952561
7.05,2405.074562207197,6.427202905905115,1.0354902697400419,1913.1427341879228
7.08,2404.8819047467628,6.416671331641431,1.034592785607758,1911.5233740007143
7.109999999999999,2404.6895592863593,6.406403050882589,1.0337005759066429,1909.9124298257361
7.133837264132646,2404.536943517146,6.3984308500999285,1.0329952309897734,1908.6380919595267
7.14,2404.4975179531916,6.396396562651651,1.0328133715157441,1908.3094140534402
7.17,2404.3057728926556,6.386650362451364,1.0319308797427615,1906.7137949642256
7.199999999999999,2404.1143163332054,6.3771631552819965,1.03105285315999,1905.1251239221885
7.2299999999999995,2403.923140531721,6.367933690199648,1.0301790362466015,1903.5429367949669
7.26,2403.732237751684,6.358960695794875,1.029309144478258,1901.9667153190896
7.29,2403.541600327949,6.350243092887292,1.028442933121756,1900.396014221727
7.319999999999999,2403.351220626097,6.341779873325516,1.0275801580402146,1898.8303888039686
7.35,2403.161091008267,6.333569996518238,1.026720542100713,1897.269332869367
7.38,2402.9712038941784,6.3256125900497535,1.0258638401004394,1895.7123987010216
7.41,2402.7815517374493,6.31790688240314,1.025009816928242,1894.1591567122698
7.4399999999999995,2402.5921269798355,6.310452063022561,1.0241582020628834,1892.609111364351
7.47,2402.4029221052083,6.303247460235998,1.0233087471593278,1891.061807582837
7.5,2402.2139296346677,6.296292533893915,1.0224612235611843,1889.5168261644237
7.529999999999999,2402.02514207072,6.28958670392083,1.021615366478937,1887.9736806194535
7.553474750258096,2401.8775554384797,6.284512850925903,1.0209544866300644,1886.7671572692711
7.56,2401.836551941419,6.2831294966061275,1.0207709223019683,1886.4319046034607
7.59,2401.6481518147248,6.27692059865797,1.0199276659860974,1884.8910840514084
7.62,2401.459934234996,6.270959661951702,1.0190853374073445,1883.350739556049
7.6499999999999995,2401.271891755158,6.265246411364464,1.018243676152989,1881.8103906610056
7.68,2401.0840169691623,6.259780756638856,1.0174024576313758,1880.2696225940088
7.71,2400.896302444105,6.254562583957413,1.0165614250582662,1878.7279605696185
7.739999999999999,2400.7087407390227,6.2495918209429755,1.0157203102816414,1877.1849082713456
7.77,2400.5213244525894,6.244868597231814,1.0148788856544348,1875.640043716022
7.8,2400.3340461551243,6.240393036480036,1.0140368960861672,1874.092893673146
7.83,2400.146898393436,6.23616527682062,1.013194065333632,1872.542945285309
7.859999999999999,2399.959873749098,6.2321856653844225,1.0123501588196069,1870.989762161876
7.89,2399.77296477564,6.228454567434841,1.011504921187788,1869.4328689656563
7.92,2399.58616398937,6.224972342517557,1.0106580681347022,1867.871736309998
7.949999999999999,2399.399463932441,6.221739554215882,1.0098093540645534,1866.3059057896328
7.973112236383545,2399.255692720605,6.219419483779694,1.0091540681056563,1865.096073473443
7.9799999999999995,2399.2128571210387,6.218756815014399,1.0089585211942018,1864.7348959107437
8.01,2399.026336018043,6.216024946633718,1.0081100422128322,1863.1670381304255
8.04,2398.8398931972215,6.213534779317989,1.0073215438666299,1861.7097526489322
8.07,2398.6535217217775,6.211265932961883,1.0066050653503984,1860.3855726496524
8.1,2398.467215237788,6.209198154473522,1.0059539703726479,1859.1822330830967
8.129999999999999,2398.280968001976,6.2073130457400465,1.0053622384709824,1858.0886070617019
8.16,2398.094774797181,6.205594007180352,1.004824443947805,1857.0946669292616
8.19,2397.9086308575825,6.204025863222158,1.0043356322729844,1856.1912558310248
8.219999999999999,2397.7225318692435,6.202594884347554,1.0038913253655544,1855.3700974752167
8.25,2397.536473918244,6.201288619576536,1.0034874658008428,1854.6236930178693
8.28,2397.3504534251865,6.200095686759087,1.0031203476671018,1853.9451932735512
8.31,2397.1644671435856,6.199005766477194,1.0027866135517576,1853.328393145418
8.34,2396.978512139455,6.1980095357387555,1.0024832322113157,1852.7676903552203
8.37,2396.7925857267405,6.197098461865195,1.002207431178712,1852.2579608896733
8.392749722508995,2396.6516108026726,6.196459553210545,1.00201511574263,1851.9025276865232
8.4,2396.6066854586174,6.196264774479389,1.0019566871240422,1851.7945411853698
8.43,2396.4208091306245,6.195501474670501,1.0017287283291667,1851.373232702288
8.459999999999999,2396.234954732688,6.194802182063395,1.0015214848283112,1850.990209774738
8.49,2396.049120424461,6.194161056262485,1.0013330626832835,1850.6419720673757
8.52,2395.8633045376027,6.193572803823713,1.0011617459683086,1850.325348243531
8.549999999999999,2395.6775055703306,6.193032660583392,1.0010059908292355,1850.0374849855637
8.58,2395.491722145326,6.192536257837772,1.000864382039344,1849.7757667022538
8.61,2395.3059530027194,6.1920796000165055,1.0007356256346753,1849.537801917576
8.64,2395.1201970040315,6.191659077024993,1.0006185527785394,1849.3214304129997
8.67,2394.9344531247207,6.19127144044035,1.000512111962812,1849.1247088140958
8.7,2394.7487204230533,6.190913704671278,1.0004153369796802,1848.945851396615
8.73,2394.5629980367103,6.1905831361660955,1.0003273433666082,1848.7832235161488
8.76,2394.377285185258,6.190277261191421,1.000247330863188,1848.6353461488293
8.79,2394.191581170471,6.1899938667712116,1.0001745836664453,1848.5008963631788
8.812387208634446,2394.0530067259238,6.189795814602576,1.0001246362377159,1848.4085846125256
8.82,2394.00588535067,6.189730919271977,1.0001084440839334,1848.3786586263332
8.85,2393.8201971363214,6.189486550443144,1.0000483079925433,1848.2675164111097
8.879999999999999,2393.6345159902203,6.189259057977974,0.9999936249943201,1848.1664524839894
8.91,2393.4488414335037,6.189046924542391,0.9999439045433752,1848.074560228737
8.94,2393.263173031884,6.188848774108677,0.9998987018192267,1847.9910175378197
8.969999999999999,2393.0775103842448,6.188663335803282,0.9998576060321719,1847.9150651986502
9.0,2392.8918531225004,6.188489443449831,0.9998202402645036,1847.846006600125
9.03,2392.7062009124174,6.188326038176674,0.9997862623036922,1847.7832092724966
9.06,2392.52055345873,6.18817218460653,0.999755369865321,1847.7261145402842
9.09,2392.3349104917393,6.1880270283894845,0.9997272868662085,1847.6742121525613
9.12,2392.1492717618253,6.187889778792769,0.9997017577945884,1847.6270298780428
9.15,2391.963637039442,6.1877597087001375,0.9996785477059885,1847.5841334974684
9.18,2391.7780061154176,6.187636155553916,0.9996574425243819,1847.5451273601855
9.209999999999999,2391.5923788057694,6.187518536615321,0.999638253969912,1847.50966349146
9.232024694759895,2391.4561015154472,6.187435657305229,0.9996252877256872,1847.4856995610985
9.24,2391.406754944669,6.18740632666037,0.9996208123507855,1847.4774282706135
9.27,2391.2211343779804,6.187299037512958,0.9996049599491673,1847.4481302069762
9.299999999999999,2391.035516963181,6.187196217785557,0.9995905509361341,1847.421499782706
9.33,2390.8499025693545,6.187097452863232,0.9995774513654837,1847.3972894413469
9.36,2390.6642910783976,6.187002368724122,0.999565540407288,1847.3752758676558
9.389999999999999,2390.4786823883123,6.186910642374629,0.9995547137187935,1847.355266217627
9.42,2390.2930764055395,6.186821977554716,0.9995448755947727,1847.3370836109423
9.45,2390.1074730428386,6.18673609801753,0.9995359367959027,1847.3205631174271
9.48,2389.921872219286,6.186652747529401,0.9995278145484963,1847.3055517565542
9.51,2389.7362738602765,6.186571689869839,0.9995204325442993,1847.2919084970695
9.54,2389.5506778979693,6.186492710247764,0.9995137213979429,1847.279505102444
9.57,2389.365084274594,6.186415625777907,0.9995076220318007,1847.268232386695
9.6,2389.179492938413,6.186340272686516,0.9995020815422706,1847.2579925745365
9.629999999999999,2388.993903840885,6.186266497324067,0.9994970502960066,1847.2486939346982
9.651662180885344,2388.8598963869763,6.186214125679552,0.999493707690442,1847.2425162038467
9.66,2388.8083169366478,6.186194156111354,0.9994924819124745,1847.2402507476868
9.69,2388.6227321835186,6.186123115539492,0.9994883332639483,1847.2325833057773
9.719999999999999,2388.4371495424934,6.186053252169915,0.999484564475537,1847.2256179130648
9.75,2388.251568978288,6.185984454343917,0.9994811394775889,1847.2192879064035
9.78,2388.0659904618356,6.185916630107474,0.9994780285664004,1847.213538388055
9.81,2387.8804139671033,6.18584969711502,0.9994752051421457,1847.2083201968003
9.84,2387.6948394695023,6.185783577593139,0.9994726440816285,1847.2035869004949
9.87,2387.5092669458827,6.185718198331464,0.9994703217353731,1847.1992947906924
9.9,2387.3236963745376,6.18565349068267,0.9994682159276418,1847.195402882677
9.93,2387.138127735198,6.185589390562483,0.9994663059564827,1847.1918729155518
9.959999999999999,2386.9525610090427,6.185525838463863,0.9994645725983451,1847.1886693607692
9.99,2386.766996179872,6.185462783191064,0.9994629993147293,1847.1857616522336
10.02,2386.581433234789,6.185400184012729,0.9994615729480264,1847.1831254723386
10.049999999999999,2386.395872161721,6.1853380028073435,0.9994602811835441,1847.1807380613382
10.071299667010795,2386.264126989581,6.185294088663369,0.9994594393239803,1847.1791821548156
10.08,2386.210312949216,6.185276203421325,0.9994591123421086,1847.1785778340375
10.11,2386.024755586445,6.185214751669017,0.9994580553800834,1847.1766243798274
10.139999999999999,2385.839200063198,6.185153615332693,0.9994570998893916,1847.1748584627276
10.17,2385.6536463698876,6.185092764162551,0.9994562360975323,1847.173262021414
10.2,2385.4680944975485,6.185032169876721,0.9994554548676158,1847.171818169286
10.23,2385.2825444382343,6.184971807428546,0.9994547481079111,1847.1705119513827
10.26,2385.0969961860355,6.184911658220278,0.9994541098104239,1847.1693322638598
10.29,2384.9114497353867,6.184851704745123,0.9994535343195072,1847.1682686540732
10.32,2384.7259050809844,6.184791930329135,0.9994530162484611,1847.1673111664418
10.35,2384.540362217808,6.184732319188882,0.9994525504981758,1847.1664503769018
10.379999999999999,2384.3548211411157,6.18467285643144,0.9994521322571503,1847.1656773929417
10.41,2384.169281846449,6.184613528054398,0.9994517570014962,1847.1649838536093
10.44,2383.98374432963,6.184554320945856,0.999451420494956,1847.164361929546
10.469999999999999,2383.7982085868107,6.184495223041876,0.999451118839797,1847.1638044170465
10.490937153136244,2383.668723294302,6.184454038030415,0.9994509273516096,1847.1634505127465
10.5,2383.6126746150408,6.184436225120354,0.9994508490565785,1847.1633058095742
10.53,2383.427142411761,6.184377319201461,0.9994506085672332,1847.1628613424004
10.559999999999999,2383.2416119745067,6.184318497599447,0.9994503948886455,1847.1624664262854
10.59,2383.056083300938,6.184259753030969,0.9994502056676617,1847.1621167121818
10.62,2382.8705563888434,6.184201078615099,0.9994500386811007,1847.1618080912542
10.65,2382.685031236139,6.184142467873318,0.9994498918357559,1847.1615366948843
10.68,2382.4995078408665,6.184083914729517,0.999449763168404,1847.1612988946847
10.709999999999999,2382.3139862011963,6.184025413513388,0.9994496508469034,1847.1610913045322
10.74,2382.128466315616,6.18396695955971,0.9994495533638976,1847.1609111385626
10.77,2381.942948182932,6.183908549211577,0.9994494695378695,1847.1607562131219
10.799999999999999,2381.757431801986,6.183850178929127,0.9994493982250897,1847.1606244143943
10.83,2381.5719171716787,6.183791845353793,0.9994493383403846,1847.160513736786
10.86,2381.386404290967,6.183733545308304,0.9994492888571344,1847.1604222829199
10.889999999999999,2381.2008931588657,6.1836752757966895,0.999449248807285,1847.16034826366
10.910574639261695,2381.0736666818293,6.183635329511091,0.9994492263204784,1847.1603067040335
10.92,2381.0153837744456,6.183617034004272,0.9994492172813444,1847.1602899981026
10.95,2380.8298761368364,6.183558817297672,0.9994491934283848,1847.160245913582
10.98,2380.644370245261,6.183500623344383,0.9994491764946998,1847.1602146171138
11.01,2380.458866099136,6.183442450419288,0.9994491659228834,1847.1601950785127
11.04,2380.273363697908,6.183384296899706,0.9994491611886203,1847.1601863287508
11.07,2380.0878630410493,6.183326161238699,0.9994491617920586,1847.1601874440123
11.1,2379.902364128057,6.183268041970462,0.9994491672595527,1847.160197548916
11.129999999999999,2379.716866958454,6.183209937710325,0.9994491771436668,1847.1602158165206
11.16,2379.531371531789,6.183151847154757,0.9994491910231746,1847.1602414683248
11.19,2379.3458778476356,6.183093769081356,0.9994492085030614,1847.1602737742712
11.219999999999999,2379.160385905599,6.1830357023639,0.9994492292193872,1847.1603120617335
11.25,2378.9748957053685,6.182977646146122,0.9994492528954635,1847.1603558193424
11.28,2378.789407246671,6.182919599691387,0.9994492792932644,1847.1604046071834
11.309999999999999,2378.6039205292427,6.182861562288821,0.9994493081830815,1847.1604580007147
11.330212125387144,2378.478952151217,6.182822465076726,0.9994493289422094,1847.160496367283
11.34,2378.4184355528296,6.182803533263312,0.9994493393467606,1847.1605155967482
11.37,2378.2329523171907,6.182745511975517,0.9994493725777,1847.1605770134468
11.4,2378.047470822095,6.182687497821858,0.9994494076808531,1847.1606418903305
11.43,2377.861991067323,6.1826294902345245,0.9994494444727299,1847.1607098882764
11.459999999999999,2377.6765130526665,6.182571488681798,0.9994494827814985,1847.1607806897086
11.49,2377.491036777949,6.182513492728037,0.9994495224663845,1847.1608540344514
11.52,2377.3055622430234,6.182455502038197,0.999449563419126,1847.1609297224168
11.549999999999999,2377.1200894477474,6.182397516287267,0.9994496055347017,1847.1610075595072
11.58,2376.9346183919833,6.182339535165456,0.9994496487130091,1847.161087360715
11.61,2376.7491490755974,6.182281558378183,0.9994496928588577,1847.1611689501115
11.639999999999999,2376.5636814984623,6.182223585646092,0.9994497378819732,1847.1612521608538
11.67,2376.3782156604534,6.1821656167050385,0.9994497836970014,1847.1613368351918
11.7,2376.192751561453,6.182107651306096,0.9994498302234995,1847.161422824453
11.73,2376.007289201351,6.182049689228327,0.9994498773900734,1847.1615099966882
11.749849611512593,2375.884578297272,6.182011340152741,0.999449908924966,1847.1615682787901
11.76,2375.8218285800567,6.181991730314813,0.9994499251460237,1847.1615982581961
11.79,2375.636369697485,6.181933774419264,0.9994499734440865,1847.1616875216243
11.82,2375.450912553551,6.18187582140077,0.9994500222387334,1847.1617777028287
11.85,2375.2654571481717,6.181817871124338,0.9994500714863481,1847.1618687211985
11.879999999999999,2375.080003481266,6.181759923460876,0.9994501211452237,1847.1619604996515
11.91,2374.8945515527553,6.181701978287211,0.9994501711755596,1847.1620529646293
11.94,2374.7091013625623,6.181644035486074,0.9994502215394675,1847.1621460461079
11.969999999999999,2374.5236529106123,6.181586094947896,0.9994502722015463,1847.162239678659
12.0,2374.33820619684,6.181528156593863,0.9994503231363351,1847.162333815227
12.03,2374.1527612211858,6.181470220360445,0.9994503743233173,1847.1624284178934
12.059999999999999,2373.967317983589,6.181412286184949,0.9994504257422449,1847.1625234492365
12.09,2373.7818764839913,6.181354354006385,0.99945047737342,1847.1626188728503
12.12,2373.5964367223323,6.181296423765452,0.9994505291976891,1847.1627146533365
12.15,2373.410998698555,6.181238495404547,0.9994505811964475,1847.1628107563101
12.169487097638044,2373.2905446671016,6.181200867864426,0.9994506150581938,1847.1628733388527
12.18,2373.225562412601,6.181180568867763,0.9994506333516389,1847.1629071483994
12.209999999999999,2373.040127864413,6.181122644100932,0.9994506856457678,1847.1630037972704
12.24,2372.8546950539376,6.181064721061431,0.9994507380650726,1847.1631006774885
12.27,2372.6692639811263,6.181006799722852,0.9994507906010318,1847.163197773305
12.299999999999999,2372.4838346459305,6.1809488800588905,0.9994508432451592,1847.1632950690355
12.33,2372.298407048302,6.180890962043028,0.9994508959888999,1847.163392548869
12.36,2372.1129811881924,6.180833045648533,0.9994509488236266,1847.163490196861
12.389999999999999,2371.9275570655523,6.1807751308484615,0.9994510017406465,1847.1635879969454
12.42,2371.742134680333,6.180717217615657,0.9994510547311953,1847.1636859329244
12.45,2371.5567140324865,6.180659305922748,0.9994511077864394,1847.1637839884718
12.48,2371.3712951219645,6.180601395744986,0.999451160898395,1847.163882148832
12.51,2371.1858779487234,6.1805434870711276,0.9994512140634411,1847.163980407313
12.54,2371.00046251272,6.180485579892033,0.9994512672786413,1847.1640787584877
12.57,2370.8150488139104,6.1804276741974125,0.9994513205406846,1847.164177196237
12.589124583763493,2370.6968510601378,6.180390760890137,0.9994513545172835,1847.1642399910477
12.6,2370.629636852252,6.180369769975896,0.9994513738459119,1847.1642757137977
12.629999999999999,2370.4442266277,6.180311867215038,0.9994514271903154,1847.1643743037635
12.66,2370.25881814021,6.180253965901317,0.9994514805695377,1847.1644729580803
12.69,2370.073411389738,6.18019606602013,0.9994515339788755,1847.164571668056
12.719999999999999,2369.888006376238,6.180138167556354,0.9994515874134543,1847.1646704246814
12.75,2369.7026030996685,6.180080270503385,0.9994516408711539,1847.1647692240383
12.78,2369.517201559989,6.180022374860208,0.9994516943516621,1847.1648680655494
12.809999999999999,2369.3318017571582,6.179964480624337,0.9994517478541928,1847.1649669477622
12.84,2369.146403691135,6.179906587791816,0.9994518013774839,1847.165065868344
12.87,2368.961007361878,6.179848696357222,0.9994518549197959,1847.1651648240795
12.9,2368.775612769344,6.179790806313664,0.9994519084789173,1847.165263810882
12.93,2368.590219913491,6.179732917652779,0.9994519620521611,1847.1653628237852
12.959999999999999,2368.4048287942755,6.1796750303647565,0.9994520156363692,1847.1654618569523
12.99,2368.219439411655,6.1796171444434735,0.9994520692295773,1847.165560906753
13.008762069888943,2368.103497342509,6.1795809431491335,0.9994521027518058,1847.1656228618062
13.02,2368.034051765591,6.179559259891182,0.9994521228325316,1847.1656599745666
13.049999999999999,2367.848665856043,6.179501376709313,0.9994521764457097,1847.1657590612754
13.08,2367.663281682972,6.179443494897657,0.9994522300690604,1847.1658581667848
13.11,2367.4778992463357,6.179385614454356,0.9994522837019983,1847.1659572900137
13.139999999999999,2367.292518546094,6.179327735375904,0.9994523373434072,1847.166056428898
13.17,2367.107139582205,6.179269857657153,0.9994523909916376,1847.1661555803898
13.2,2366.921762354626,6.1792119812913056,0.9994524446445067,1847.1662547404544
13.229999999999999,2366.736386863315,6.179154106271834,0.9994524982999191,1847.16635390522
13.26,2366.5510131082333,6.179096232601016,0.9994525519586284,1847.1664530760784
13.29,2366.365641089341,6.179038360282448,0.9994526056218116,1847.1665522552057
13.32,2366.180270806599,6.178980489317965,0.9994526592900811,1847.1666514437334
13.35,2365.994902259967,6.178922619707678,0.9994527129634879,1847.1667506417555
13.379999999999999,2365.809535449405,6.1788647514499715,0.9994527666415252,1847.1668498483355
13.41,2365.6241703748715,6.178806884541503,0.9994528203231281,1847.1669490615059
13.428399556014393,2365.5104833980013,6.178771394359452,0.9994528532481376,1847.1670099127916
13.44,2365.4388070363243,6.178749018977202,0.999452874006673,1847.167048278265
13.469999999999999,2365.253445433722,6.178691154750716,0.999452927690119,1847.1671474948414
13.5,2365.0680855670244,6.178633291862143,0.9994529813735168,1847.1672467113287
13.53,2364.8827274361925,6.178575430316272,0.9994530350584283,1847.1673459306137
13.559999999999999,2364.6973710411876,6.178517570116203,0.9994530887458751,1847.1674451545846
13.59,2364.51201638197,6.1784597112632795,0.9994531424363068,1847.1675443840718
13.62,2364.3266634584993,6.178401853757077,0.9994531961296015,1847.1676436188504
13.65,2364.141312270735,6.178343997595411,0.9994532498250693,1847.1677428576452
13.68,2363.9559628186353,6.178286142774334,0.9994533035214481,1847.1678420981239
13.709999999999999,2363.770615102159,6.178228289288152,0.9994533572169139,1847.1679413369147
13.74,2363.5852691212644,6.178170437134133,0.9994534109105969,1847.1680405724114
13.77,2363.3999248759137,6.178112586317185,0.999453464604102,1847.1681398075787
13.799999999999999,2363.2145823660676,6.1780547368413155,0.9994535182987406,1847.1682390448411
13.83,2363.029241591687,6.177996888708756,0.9994535719952501,1847.1683382855613
13.848037042139842,2362.9178091151275,6.177962109048808,0.9994536042804502,1847.1683979543654
13.86,2362.843902552732,6.177939041919956,0.9994536256937937,1847.1684375300406
13.889999999999999,2362.6585652491613,6.177881196473587,0.9994536793939577,1847.1685367775149
13.92,2362.4732296809348,6.177823352366541,0.9994537330947506,1847.1686360261517
13.95,2362.2878958480105,6.177765509593934,0.9994537867946095,1847.168735273062
13.979999999999999,2362.102563750347,6.177707668150927,0.9994538404919853,1847.1688345153832
14.01,2361.9172333879055,6.177649828041053,0.9994538941880345,1847.1689337552527
14.04,2361.731904760647,6.177591989269089,0.9994539478843216,1847.169032995562
14.07,2361.5465778685325,6.177534151837998,0.9994540015818195,1847.169132238109
14.1,2361.361252711522,6.177476315748954,0.9994540552809235,1847.169231483624
14.129999999999999,2361.175929289576,6.177418481001347,0.9994541089814539,1847.1693307317755
14.16,2360.990607602653,6.177360647592777,0.9994541626826494,1847.169429981156
14.19,2360.805287650712,6.177302815519063,0.999454216383173,1847.169529229295
14.219999999999999,2360.619969433711,6.177244984774661,0.9994542700812463,1847.1696284729053
14.25,2360.4346529516106,6.177187155360296,0.9994543237771217,1847.1697277124536
14.267674528265292,2360.3254743837147,6.177153085731181,0.999454355411792,1847.1697861789626
14.28,2360.249338204372,6.177129327281293,0.9994543774725352,1847.169826951148
14.309999999999999,2360.0640251919563,6.177071500541271,0.9994544311686763,1847.1699261911872
14.34,2359.878713914324,6.177013675142064,0.9994544848661527,1847.1700254336945
14.37,2359.6934043714355,6.1769558510837115,0.9994545385649946,1847.1701246787252
14.399999999999999,2359.5080965632496,6.176898028364467,0.9994545922646505,1847.1702239252604
14.43,2359.3227904897253,6.176840206980792,0.9994546459639939,1847.1703231712183
14.459999999999999,2359.137486150821,6.176782386927374,0.9994546996613204,1847.1704224134483
14.49,2358.952183546496,6.176724568201795,0.999454753355863,1847.1705216505331
14.52,2358.7668826767117,6.176666750809211,0.9994548070493086,1847.1706208855906
14.549999999999999,2358.5815835414296,6.17660893475387,0.9994548607430432,1847.1707201211825
14.58,2358.3962861406103,6.1765511200382255,0.9994549144378809,1847.1708193588127
14.61,2358.2109904742138,6.176493306662944,0.9994549681340513,1847.1709185989062
14.639999999999999,2358.0256965422,6.176435494626898,0.9994550218312068,1847.1710178408202
14.67,2357.840404344528,6.1763776839271705,0.9994550755284176,1847.1711170828364
14.687312014390741,2357.7334790939476,6.176344323877957,0.9994551065147735,1847.171174351145
14.7,2357.6551138811556,6.176319874559052,0.9994551292241768,1847.1712163221698
14.729999999999999,2357.4698251520426,6.176262066517864,0.9994551829169855,1847.1713155560506
14.76,2357.2845381571487,6.176204259807253,0.999455236608041,1847.1714147866905
14.79,2357.099252896436,6.176146454432108,0.9994552902989392,1847.17151401704
14.82,2356.9139693698658,6.176088650395495,0.9994553439906901,1847.1716132489653
14.85,2356.728687577398,6.176030847698686,0.9994553976837215,1847.1717124832571
14.879999999999999,2356.5434075189924,6.1759730463411655,0.999455451377881,1847.1718117196344
14.91,2356.3581291946084,6.1759152463206215,0.9994555050724363,1847.1719109567425
14.94,2356.172852604205,6.1758574476329535,0.9994555587660777,1847.1720101921621
14.969999999999999,2355.98757774774,6.175799650272695,0.999455612457051,1847.1721094226502
15.0,2355.8023046251737,6.175741854240628,0.9994556661456263,1847.1722086487066
15.03,2355.617033236468,6.175684059542126,0.9994557198335563,1847.1723078735702
15.059999999999999,2355.4317635815837,6.17562626618086,0.9994557735220466,1847.1724070994694
15.09,2355.2464956604817,6.1755684741587045,0.9994558272117204,1847.172506327556
15.106949500516192,2355.141823136151,6.175535823220513,0.9994558575460549,1847.172562390813
15.12,2355.061229473122,6.175510683475746,0.9994558809026199,1847.172605557908
15.149999999999999,2354.875965019464,6.175452894130276,0.9994559345942089,1847.172704789534
15.18,2354.690702299466,6.1753951061187955,0.9994559882853716,1847.1728040203723
15.209999999999999,2354.5054413130874,6.175337319436028,0.9994560419744154,1847.1729032472945
15.24,2354.3201820602862,6.175279534079583,0.9994560956605815,1847.1730024688982
15.27,2354.134924541025,6.17522175005464,0.9994561493455638,1847.173101688314
15.299999999999999,2353.9496687552655,6.17516396736547,0.9994562030307603,1847.1732009081256
15.33,2353.7644147029673,6.175106186014548,0.9994562567169872,1847.173300129842
15.36,2353.579162384091,6.175048406002558,0.999456310404482,1847.1733993539012
15.389999999999999,2353.3939117985965,6.174990627328394,0.9994563640929031,1847.1734985796725
15.42,2353.208662946443,6.174932849989155,0.9994564177813284,1847.1735978054517
15.45,2353.0234158275885,6.174875073980148,0.999456471468252,1847.173697028455
15.479999999999999,2352.838170441992,6.174817299296708,0.9994565251521822,1847.1737962459267
15.51,2352.6529267896144,6.1747595259424966,0.9994565788343187,1847.173895460083
15.526586986641641,2352.550506400755,6.174727583653178,0.9994566085149875,1847.173950315249
15.54,2352.4676848704175,6.17470175392241,0.9994566325162629,1847.173994673884
15.57,2352.2824446843624,6.174643983239522,0.999456686199026,1847.1740938891978
15.6,2352.097206231409,6.174586213895117,0.9994567398830381,1847.1741931068207
15.629999999999999,2351.9119695115173,6.174528445888687,0.999456793568154,1847.1742923264833
15.66,2351.726734524647,6.1744706792179285,0.9994568472536394,1847.174391546829
15.69,2351.541501270756,6.174412913878748,0.9994569009381887,1847.1744907654447
15.719999999999999,2351.3562697498032,6.174355149865688,0.9994569546200492,1847.174589979091
15.75,2351.171039961749,6.174297387179534,0.999457008299493,1847.1746891882706
15.78,2350.9858119065548,6.174239625825665,0.9994570619782754,1847.1747883962278
15.809999999999999,2350.800585584182,6.174181865807755,0.9994571156576022,1847.1748876051913
15.84,2350.615360994591,6.174124107127685,0.9994571693380983,1847.1749868163158
15.87,2350.430138137742,6.174066349785544,0.9994572230198082,1847.1750860296836
15.899999999999999,2350.244917013594,6.174008593779629,0.9994572767021956,1847.1751852443037
15.93,2350.0596976221073,6.173950839106442,0.999457330384147,1847.1752844581176
15.94622447276709,2349.959528778232,6.173919605022518,0.9994573594154343,1847.1753381131111
15.959999999999999,2349.874479963238,6.17389308576071,0.9994573840639683,1847.1753836679952
15.99,2349.689264036948,6.1738353337400484,0.9994574377409052,1847.1754828725416
16.02,2349.5040498431968,6.173777583049638,0.9994574914166495,1847.175582074884
16.05,2349.318837381947,6.17371983369375,0.9994575450925998,1847.175681277607
16.08,2349.133626653159,6.173662085674862,0.9994575987695749,1847.175780482224
16.11,2348.948417656793,6.173604338993661,0.9994576524478131,1847.1758796891756
16.14,2348.763210392809,6.173546593649041,0.9994577061269723,1847.1759788978293
16.169999999999998,2348.578004861166,6.173488849638104,0.9994577598061298,1847.17607810648
16.2,2348.392801061822,6.1734311069561585,0.9994578134837824,1847.176177312349
16.23,2348.2075989947366,6.1733733655985406,0.9994578671584361,1847.1762765126757
16.259999999999998,2348.0223986598703,6.173315625568914,0.9994579208312928,1847.1763757096815
16.29,2347.8372000571844,6.1732578868721735,0.9994579745039543,1847.1764749063263
16.32,2347.6520031866407,6.1732001495113975,0.9994580281774309,1847.1765741044774
16.349999999999998,2347.4668080481997,6.173142413487868,0.9994580818521561,1847.1766733049362
16.36586195889254,2347.368890159104,6.173111887147147,0.9994581102321757,1847.1767257562708
16.38,2347.2816146418204,6.173084678801079,0.9994581355279799,1847.1767725074255
16.41,2347.096422967463,6.173026945448727,0.9994581892041743,1847.1768717105995
16.439999999999998,2346.911233025085,6.172969213426721,0.9994582428794285,1847.1769709120363
16.47,2346.7260448146467,6.172911482729602,0.9994582965519926,1847.1770701085009
16.5,2346.540858336107,6.172853753358158,0.9994583502221369,1847.1771693004935
16.53,2346.355673589427,6.172796025317769,0.9994584038916193,1847.1772684912628
16.56,2346.17049057457,6.172738298612108,0.9994584575616439,1847.1773676830342
16.59,2345.9853092914955,6.172680573243057,0.9994585112328381,1847.1774668769672
16.62,2345.800129740163,6.172622849210704,0.9994585649052448,1847.1775660731407
16.65,2345.6149519205333,6.172565126513347,0.9994586185783287,1847.1776652705664
16.68,2345.4297758325642,6.17250740514749,0.9994586722509743,1847.1777644671818
16.71,2345.244601476215,6.1724496851078605,0.99945872592149,1847.1778636598606
16.74,2345.0594288514444,6.172391966392072,0.9994587795891191,1847.1779628472048
16.77,2344.8742579582145,6.172334249005307,0.9994588332555562,1847.1780620323455
16.78549944501799,2344.778590433978,6.172304429945384,0.9994588609822368,1847.1781132761932
16.8,2344.6890887964864,6.1722765329518365,0.999458886922198,1847.178161217865
16.83,2344.503921366221,6.172218818234138,0.9994589405898645,1847.1782604052783
16.86,2344.318755667379,6.172161104852901,0.9994589942587936,1847.1783595950246
16.89,2344.1335916999196,6.172103392807016,0.9994590479286442,1847.1784587864743
16.919999999999998,2343.948429463802,6.172045682093588,0.9994591015984927,1847.1785579779205
16.95,2343.7632689589855,6.171987972707924,0.9994591552668349,1847.1786571665823
16.98,2343.5781101854272,6.171930264645361,0.9994592089321784,1847.178756349702
17.009999999999998,2343.3929531430904,6.1718725579095635,0.9994592625957242,1847.1788555294993
17.04,2343.207797831935,6.171814852505427,0.9994593162590739,1847.1789547089345
17.07,2343.022644251923,6.171757148436027,0.9994593699232401,1847.1790538898783
17.099999999999998,2342.8374924030145,6.171699445702649,0.999459423588654,1847.1791530731284
17.13,2342.6523422851697,6.171641744304785,0.9994594772551673,1847.1792522584099
17.16,2342.4671938983474,6.171584044240133,0.9994595309220505,1847.1793514443755
17.189999999999998,2342.282047242507,6.1715263455046,0.9994595845879943,1847.1794506286049
17.20513693114344,2342.1886294935007,6.1714972332810785,0.9994596116649838,1847.1795006717073
17.22,2342.0969023176062,6.17146864809273,0.9994596382512467,1847.17954980786
17.25,2341.9117591236063,6.171410952005308,0.9994596919120777,1847.17964898264
17.28,2341.7266176604685,6.171353257247717,0.9994597455722481,1847.179748156199
17.31,2341.541477928154,6.171295563823629,0.9994597992329604,1847.1798473307592
17.34,2341.3563399266236,6.1712378717349266,0.999459852894843,1847.1799465074828
17.37,2341.1712036558374,6.171180180981697,0.9994599065579388,1847.1800456864485
17.4,2340.986069115755,6.171122491562238,0.9994599602217112,1847.1801448666645
17.43,2340.8009363063356,6.171064803473054,0.9994600138850455,1847.1802440460708
17.46,2340.6158052275373,6.171007116708872,0.9994600675462502,1847.1803432215415
17.49,2340.43067587932,6.170949431267308,0.999460121204567,1847.1804423916747
17.52,2340.245548261644,6.170891747153544,0.9994601748616908,1847.1805415596032
17.55,2340.0604223744726,6.1708340643718484,0.9994602285190214,1847.1806407279137
17.58,2339.8752982177657,6.170776382924702,0.9994602821773764,1847.1807398981175
17.61,2339.690175791484,6.170718702812791,0.9994603358369946,1847.1808390706558
17.624774417268892,2339.5990072283607,6.170690296968517,0.9994603622636962,1847.1808879119105
17.64,2339.5050550955866,6.1706610240350095,0.9994603894975331,1847.1809382448953
17.669999999999998,2339.3199361300335,6.170603346588459,0.9994604431580708,1847.181037419133
17.7,2339.1348188947827,6.170545670468449,0.9994604968171028,1847.181136590588
17.73,2338.9497033897933,6.170487995670317,0.9994605504731341,1847.1812357564972
17.759999999999998,2338.7645896150266,6.170430322197727,0.9994606041273673,1847.1813349190832
17.79,2338.579477570444,6.170372650055573,0.9994606577814058,1847.1814340813094
17.82,2338.3943672560063,6.170314979246934,0.9994607114362609,1847.1815332450449
17.849999999999998,2338.2092586716744,6.170257309773092,0.9994607650923638,1847.1816324110864
17.88,2338.0241518174084,6.17019964163354,0.9994608187495672,1847.1817315791618
17.91,2337.839046693168,6.1701419748259765,0.9994608724071399,1847.1818307479198
17.939999999999998,2337.6539432989107,6.170084309346309,0.999460926063773,1847.1819299149413
17.97,2337.468841634596,6.17002664518908,0.9994609797177147,1847.1820290769886
18.0,2337.2837417001847,6.169968982355078,0.9994610333692349,1847.1821282345602
18.029999999999998,2337.0986434956376,6.169911320849683,0.9994610870200936,1847.1822273909097
18.04441190339434,2337.0097235293333,6.169883620921758,0.9994611127939346,1847.1822750255617
18.06,2336.913547020916,6.169853660676568,0.9994611406714966,1847.182326548265
18.09,2336.7284522759815,6.169796001837614,0.9994611943240684,1847.1824257077803
18.12,2336.5433592607937,6.169738344332911,0.9994612479778544,1847.1825248695397
18.15,2336.358267975312,6.1696806881607555,0.9994613016323175,1847.1826240325508
18.18,2336.173178419496,6.169623033317651,0.9994613552863424,1847.1827231947518
18.21,2335.9880905933037,6.169565379798327,0.9994614089382365,1847.1828223530147
18.24,2335.803004496695,6.169507727600398,0.9994614625872427,1847.1829215059404
18.27,2335.617920129631,6.169450076729046,0.9994615162350562,1847.1830206566615
18.3,2335.4328374920733,6.16939242718854,0.9994615698830764,1847.1831198077648
18.33,2335.247756583983,6.169334778981361,0.9994616235321222,1847.1832189607635
18.36,2335.062677405321,6.169277132108194,0.9994616771824308,1847.1833181160964
18.39,2334.877599956046,6.1692194865679335,0.9994617308336615,1847.183417273133
18.419999999999998,2334.6925242361185,6.169161842357682,0.9994617844848891,1847.183516430164
18.45,2334.5074502454963,6.169104199472749,0.9994618381346119,1847.1836155844142
18.46404938951979,2334.4207782872377,6.1690772050152995,0.9994618632584213,1847.1836620176919
18.48,2334.3223779841383,6.169046557908473,0.9994618917813348,1847.1837147331198
18.509999999999998,2334.1373074520056,6.168988917668514,0.9994619454262579,1847.183813878499
18.54,2333.9522386490603,6.168931278757772,0.9994619990709879,1847.1839130235214
18.57,2333.767171575263,6.168873641179321,0.9994620527165329,1847.18401217005
18.599999999999998,2333.582106230575,6.168816004934446,0.9994621063633277,1847.1841113188884
18.63,2333.397042614956,6.168758370022639,0.9994621600112229,1847.1842104697607
18.66,2333.211980728365,6.168700736441598,0.9994622136594874,1847.1843096213156
18.689999999999998,2333.0269205707614,6.168643104187232,0.9994622673068132,1847.1844087711354
18.72,2332.8418621421033,6.1685854732540815,0.9994623209514463,1847.1845079159789
18.75,2332.6568054423515,6.168527843642937,0.9994623745936588,1847.1846070563486
18.779999999999998,2332.471750471467,6.168470215359178,0.9994624282352095,1847.1847061954948
18.81,2332.2866972294123,6.168412588406477,0.9994624818773035,1847.1848053356453
18.84,2332.1016457161477,6.168354962786716,0.9994625355205667,1847.184904477957
18.87,2331.916595931633,6.1682973384999835,0.9994625891650449,1847.185003622514
18.88368687564524,2331.8321713929295,6.168271049060846,0.9994626136395001,1847.1850488556693
18.9,2331.731547875828,6.168239715544576,0.9994626428102008,1847.1851027683235
18.93,2331.546501548692,6.168182093916999,0.9994626964549187,1847.1852019133235
18.96,2331.3614569501838,6.168124473611981,0.9994627500975052,1847.1853010543844
18.99,2331.176414080262,6.168066854627138,0.9994628037372034,1847.185400190107
19.02,2330.991372938889,6.1680092369676505,0.9994628573757103,1847.185499323628
19.05,2330.8063335260263,6.167951620637789,0.9994629110144225,1847.1855984575284
19.08,2330.6212958416345,6.167894005640032,0.9994629646541606,1847.185697593325
19.11,2330.436259885674,6.167836391975067,0.9994630182951634,1847.1857967314588
19.14,2330.251225658106,6.167778779641788,0.9994630719370866,1847.1858958712937
19.169999999999998,2330.0661931588875,6.1677211686372955,0.9994631255790087,1847.1859950111268
19.2,2329.8811623879787,6.167663558956901,0.9994631792194254,1847.1860941481773
19.23,2329.6961333453382,6.167605950595942,0.9994632328568408,1847.186193279681
19.259999999999998,2329.511106030927,6.167548343558082,0.9994632864924575,1847.1862924078605
19.29,2329.326080444707,6.167490737848216,0.9994633401278794,1847.1863915356796
19.303324361770688,2329.243902737349,6.16746515296437,0.9994633639500277,1847.1864355632556
19.32,2329.141056586639,6.167433133469422,0.9994633937641184,1847.1864906650092
19.349999999999998,2328.9560344566844,6.167375530422983,0.9994634474016061,1847.1865897966466
19.38,2328.7710140548024,6.167317928708391,0.9994635010401953,1847.1866889303196
19.41,2328.585995380953,6.167260328323344,0.9994635546791548,1847.186788064677
19.439999999999998,2328.4009784350947,6.167202729263751,0.9994636083171752,1847.186887197299
19.47,2328.2159632171865,6.167145131524156,0.9994636619525017,1847.1869863249422
19.5,2328.0309497271887,6.167087535105346,0.9994637155854084,1847.1870854481128
19.529999999999998,2327.845937965063,6.167029940012702,0.9994637692176527,1847.1871845700593
19.56,2327.6609279307704,6.166972346249895,0.9994638228504402,1847.1872836930102
19.59,2327.4759196242726,6.1669147538188085,0.9994638764843992,1847.1873828181256
19.62,2327.290913045529,6.1668571627195305,0.9994639301195724,1847.1874819454852
19.65,2327.1059081945,6.166799572950358,0.9994639837554239,1847.1875810740987
19.68,2326.920905071144,6.166741984507797,0.9994640373908372,1847.1876802019021
19.71,2326.73590367542,6.166684397386574,0.9994640910241189,1847.1877793257659
19.72296184789614,2326.655972211488,6.166659516610794,0.9994641141960127,1847.1878221515558
19.74,2326.5509040072875,6.1666268115843055,0.9994641446545125,1847.187878444292
19.77,2326.365906066708,6.166569227106174,0.9994641982837127,1847.1879775606128
19.8,2326.1809098536432,6.166511643956448,0.9994642519131205,1847.188076677317
19.83,2325.9959153680543,6.166454062137609,0.9994643055435534,1847.1881757959159
19.86,2325.810922609902,6.166396481650341,0.9994643591752517,1847.188274916853
19.89,2325.625931579145,6.166338902493539,0.9994644128078719,1847.1883740394944
19.919999999999998,2325.440942275744,6.166281324664305,0.9994644664404894,1847.1884731621308
19.95,2325.2559546996567,6.16622374815795,0.9994645200716026,1847.1885722819868
19.98,2325.0709688508423,6.166166172969811,0.9994645736997132,1847.1886713962938
20.009999999999998,2324.8859847292624,6.166108599103551,0.9994646273260255,1847.188770507277
20.04,2324.701002334878,6.166051026564068,0.9994646809521432,1847.1888696179005
20.07,2324.5160216676513,6.165993455354437,0.9994647345790781,1847.1889687300345
20.099999999999998,2324.331042727543,6.1659358854759425,0.9994647882072634,1847.1890678444793
20.13,2324.1460655145115,6.165878316928075,0.9994648418365493,1847.1891669609581
20.14259933402159,2324.0683797063693,6.165854139812226,0.9994648643598312,1847.1892085879974
20.16,2323.961090028518,6.165820749708535,0.9994648954662061,1847.1892660781225
20.189999999999998,2323.776116269521,6.16576318381323,0.9994649490949225,1847.1893651935488
20.22,2323.591144237479,6.165705619236703,0.9994650027209463,1847.1894643039989
20.25,2323.406173932352,6.165648055979743,0.9994650563445483,1847.189563409973
20.279999999999998,2323.2212053541025,6.16559049404773,0.9994651099674883,1847.1896625147238
20.31,2323.036238502692,6.165532933444338,0.9994651635909739,1847.1897616204826
20.34,2322.8512733780804,6.165475374171446,0.9994652172156289,1847.189860728403
20.37,2322.666309980229,6.1654178162291435,0.9994652708414996,1847.1899598385698
20.4,2322.4813483090975,6.165360259615729,0.9994653244680495,1847.1900589499921
20.43,2322.2963883646444,6.165302704327705,0.9994653780941601,1847.1901580606027
20.46,2322.1114301468283,6.165245150359804,0.9994654317181398,1847.190257167275
20.49,2321.926473655609,6.165187597709639,0.9994654853392294,1847.1903562686055
20.52,2321.7415188909486,6.165130046382393,0.9994655389591276,1847.1904553677343
20.55,2321.5565658528085,6.165072496382335,0.9994655925792317,1847.1905544672436
20.56223682014704,2321.4811251130996,6.165049022464045,0.999465614450819,1847.1905948898354
20.58,2321.3716145411495,6.165014947711945,0.9994656462003637,1847.1906535686528
20.61,2321.1866649559324,6.164957400371908,0.9994656998227593,1847.1907526723974
20.64,2321.001717097117,6.16489985436112,0.9994657534460781,1847.190851777848
20.669999999999998,2320.8167709646623,6.164842309676683,0.9994658070693951,1847.1909508832953
20.7,2320.631826558528,6.164784766313906,0.9994658606912061,1847.1910499859591
20.73,2320.4468838786715,6.164727224268127,0.9994659143100145,1847.191149083074
20.759999999999998,2320.2619429250553,6.16466968354301,0.999465967927026,1847.1912481768675
20.79,2320.0770036976414,6.164612144143453,0.9994660215438408,1847.1913472702977
20.82,2319.8920661963903,6.16455460607253,0.9994660751614752,1847.1914463652424
20.849999999999998,2319.7071304212627,6.164497069331525,0.9994661287803597,1847.1915454624977
20.88,2319.522196372219,6.16443953391993,0.9994661824003437,1847.191644561785
20.91,2319.3372640492184,6.164381999835446,0.9994662360207002,1847.1917436617607
20.939999999999998,2319.152333452221,6.164324467073978,0.9994662896401156,1847.1918427599976
20.97,2318.967404581184,6.1642669356300726,0.9994663432568379,1847.1919418532566
20.981874306272488,2318.8942083228403,6.164244164461077,0.999466364478107,1847.1919810739441
21.0,2318.7824774360683,6.164209405504518,0.9994663968711396,1847.192040942042
21.029999999999998,2318.597552016836,6.164151876702692,0.9994664504847787,1847.1921400296028
21.06,2318.4126283234486,6.16409434922827,0.9994665040989629,1847.1922391181713
21.09,2318.2277063558668,6.164036823083132,0.9994665577143184,1847.1923382089044
21.119999999999997,2318.0427861140515,6.163979298267367,0.9994666113308889,1847.1924373018828
21.15,2317.8578675979616,6.163921774779272,0.9994666649481383,1847.1925363961163
21.18,2317.6729508075564,6.163864252615352,0.9994667185649498,1847.1926354895404
21.21,2317.488035742795,6.163806731770337,0.999466772179629,1847.1927345790234
21.24,2317.3031224036367,6.163749212241842,0.9994668257914201,1847.1928336631688
21.27,2317.1182107900436,6.163691694035049,0.9994668794020173,1847.1929327451076
21.3,2316.933300901977,6.163634177154229,0.9994669330128216,1847.1930318274294
21.33,2316.7483927393982,6.1635766616018595,0.9994669866246529,1847.1931309116492
21.36,2316.5634863022674,6.163519147378627,0.9994670402377496,1847.1932299982075
21.39,2316.3785815905453,6.163461634483426,0.9994670938517692,1847.1933290864717
21.401511792397937,2316.307629226784,6.163439565618455,0.9994671144249537,1847.1933671093836
21.419999999999998,2316.19367860419,6.1634041229133585,0.9994671474657882,1847.1934281747347
21.45,2316.008777343162,6.163346612663736,0.9994672010782996,1847.1935272602113
21.48,2315.8238778074183,6.1632891037298965,0.9994672546878093,1847.19362634014
21.509999999999998,2315.638979996922,6.163231596115503,0.9994673082955199,1847.1937254167442
21.54,2315.454083911634,6.1631740898254534,0.9994673619030362,1847.193824492989
21.57,2315.2691895515154,6.163116584862822,0.9994674155113707,1847.1939235707462
21.599999999999998,2315.084296916528,6.1630590812288935,0.9994674691209559,1847.1940226508145
21.63,2314.8994060066307,6.163001578923159,0.9994675227316426,1847.194121732919
21.66,2314.7145168217835,6.162944077943318,0.999467576342701,1847.1942208157102
21.689999999999998,2314.529629361946,6.162886578285279,0.9994676299528192,1847.1943198967638
21.72,2314.344743627076,6.162829079943585,0.9994676835602434,1847.1944189728383
21.75,2314.1598596171343,6.162771582919027,0.9994677371652457,1847.194518044437
21.779999999999998,2313.974977332083,6.162714087216984,0.9994677907695864,1847.1946171148127
21.81,2313.7900967718842,6.162656592841128,0.999467844374473,1847.1947161861974
21.82114927852339,2313.7213877162,6.162635225819251,0.9994678642966153,1847.1947530058671
21.84,2313.6052179364974,6.162599099793341,0.9994678979805297,1847.1948152597445
21.869999999999997,2313.420340825884,6.162541608073711,0.9994679515878025,1847.1949143355394
21.9,2313.2354654400037,6.1624841176805365,0.9994680051957556,1847.1950134125916
21.93,2313.0505917788155,6.162426628610321,0.9994680588032697,1847.1951124888324
21.96,2312.8657198422775,6.162369140857796,0.9994681124086513,1847.1952115611318
21.99,2312.68084963035,6.1623116544205745,0.9994681660111444,1847.195310628093
22.02,2312.4959811429953,6.162254169303841,0.999468219612443,1847.1954096928464
22.05,2312.3111143801743,6.162196685511866,0.99946827321395,1847.195508757985
22.08,2312.1262493418485,6.1621392030471265,0.9994683268164845,1847.1956078250223
22.11,2311.9413860279783,6.16208172191031,0.9994683804202849,1847.1957068943998
22.14,2311.7565244385237,6.16202424210031,0.9994684340250082,1847.1958059654826
22.169999999999998,2311.5716645734437,6.161966763614229,0.9994684876297301,1847.1959050365629
22.2,2311.386806432698,6.161909286447378,0.999468541232946,1847.1960041048599
22.23,2311.201950016245,6.161851810595095,0.9994685948331588,1847.1961031676065
22.24078676464884,2311.1354836824203,6.161831144967283,0.9994686141050514,1847.196138785499
22.259999999999998,2311.0170953240463,6.161794336061043,0.9994686484315725,1847.1962022270282
22.29,2310.832242356064,6.161736862850121,0.9994687020297911,1847.196301286089
22.32,2310.6473911122584,6.161679390965403,0.9994687556288296,1847.1964003466655
22.349999999999998,2310.4625415925916,6.161621920408173,0.9994688092291192,1847.196499409554
22.38,2310.277693797023,6.161564451177922,0.9994688628305101,1847.196598474478
22.41,2310.092847725512,6.161506983272352,0.9994689164322729,1847.1966975400894
22.439999999999998,2309.9080033780183,6.161449516687368,0.9994689700330956,1847.1967966039635
22.47,2309.7231607545004,6.161392051417516,0.9994690236312234,1847.1968956628566
22.5,2309.538319854919,6.161334587463585,0.9994690772269295,1847.196994717274
22.529999999999998,2309.3534806792354,6.161277124830956,0.999469130821974,1847.1970937704687
22.56,2309.1686432274114,6.161219663523301,0.9994691844175639,1847.1971928246714
22.59,2308.9838074994086,6.1611622035425,0.9994692380143262,1847.197291881041
22.619999999999997,2308.7989734951866,6.161104744888643,0.9994692916123048,1847.1973909396584
22.65,2308.614141214706,6.161047287560026,0.9994693452109623,1847.1974899995307
22.660424250774287,2308.5499170168077,6.161027322882944,0.9994693638351291,1847.1975244203104
22.68,2308.4293106579253,6.160989831553157,0.9994693988091822,1847.197589058594
22.71,2308.2444818248036,6.160932376862762,0.9994694524052683,1847.1976881137139
22.74,2308.0596547153,6.1608749234864595,0.9994695059984664,1847.1977871634963
22.77,2307.8748293293775,6.160817471429431,0.9994695595904693,1847.1978862110695
22.8,2307.6900056669965,6.160760020695947,0.9994696131826815,1847.1979852590296
22.83,2307.5051837281194,6.1607025712884855,0.9994696667759215,1847.1980843088893
22.86,2307.320363512706,6.160645123207733,0.9994697203704271,1847.198183361088
22.89,2307.1355450207166,6.160587676452582,0.999469773965857,1847.198282414995
22.919999999999998,2306.950728252111,6.160530231020139,0.9994698275612841,1847.198381468897
22.95,2306.765913206847,6.160472786905711,0.9994698811552066,1847.1984805200182
22.98,2306.5810998848847,6.160415344104639,0.9994699347461241,1847.1985795655853
23.009999999999998,2306.3962882861847,6.1603579026205875,0.9994699883352436,1847.1986786078294
23.04,2306.2114784107093,6.1603004624584505,0.9994700419241683,1847.198777649714
23.07,2306.0266702584204,6.160243023621306,0.9994700955139129,1847.1988766931133
23.080061736899737,2305.964687610794,6.16022375943606,0.9994701134877183,1847.1989099119094
23.099999999999998,2305.841863829278,6.160185586110436,0.9994701491049084,1847.1989757388249
23.13,2305.6570591232426,6.160128149925333,0.9994702026970064,1847.1990747865736
23.16,2305.4722561402737,6.1600707150636955,0.9994702562894753,1847.1991738350084
23.189999999999998,2305.2874548803306,6.160013281521434,0.9994703098810046,1847.1992728817065
23.22,2305.1026553433717,6.159955849293093,0.9994703634698408,1847.199371923427
23.25,2304.917857529358,6.159898418379459,0.9994704170562526,1847.199470960667
23.279999999999998,2304.7330614382513,6.159840988785915,0.9994704706420037,1847.1995699966858
23.31,2304.5482670700135,6.159783560516132,0.9994705242282995,1847.1996690337116
23.34,2304.363474424605,6.159726133571992,0.9994705778157698,1847.1997680729078
23.369999999999997,2304.178683501987,6.159668707953582,0.9994706314044551,1847.1998671143497
23.4,2303.9938943021184,6.159611283659201,0.9994706849938212,1847.1999661570496
23.43,2303.809106824959,6.159553860685354,0.9994707385827486,1847.2000651989388
23.46,2303.6243210704683,6.15949643902677,0.9994707921695435,1847.2001642368868
23.49,2303.4395370386046,6.159439018681067,0.9994708457534472,1847.2002632694914
23.499699223025186,2303.3797953558806,6.159420454538143,0.9994708630771872,1847.2002952868506
23.52,2303.25475472933,6.159381599653426,0.9994708993361585,1847.2003622998923
23.55,2303.0699741426074,6.159324181948118,0.9994709529190777,1847.2004613306772
23.58,2302.8851952783975,6.1592667655676205,0.9994710065030258,1847.2005603633636
23.61,2302.70041813666,6.1592093505126195,0.9994710600882397,1847.20065939839
23.64,2302.5156427173565,6.159151936782011,0.9994711136743778,1847.2007584351238
23.669999999999998,2302.330869020445,6.159094524372895,0.9994711672605143,1847.200857471855
23.7,2302.1460970458857,6.1590371132805855,0.9994712208451446,1847.2009565058027
23.73,2301.9613267936365,6.158979703500418,0.999471274426771,1847.201055534198
23.759999999999998,2301.7765582636594,6.158922295036061,0.9994713280065987,1847.2011545592695
23.79,2301.591791455917,6.158864887892407,0.9994713815862311,1847.20125358398
23.82,2301.4070263703693,6.158807482072533,0.9994714351666841,1847.201352610207
23.849999999999998,2301.222263006978,6.158750077577723,0.9994714887483888,1847.2014516387474
23.88,2301.0375013657035,6.158692674407469,0.9994715423311951,1847.2015506693238
23.91,2300.8527414465048,6.1586352725594695,0.9994715959143743,1847.2016497005893
23.919336709150638,2300.795240143599,6.158617408016688,0.9994716125906122,1847.2016805212493
23.939999999999998,2300.667983249342,6.1585778720296345,0.9994716494966136,1847.2017487301177
23.97,2300.4832267741726,6.158520472812508,0.9994717030761577,1847.201847754665
24.0,2300.298472020958,6.1584630749088785,0.9994717566532791,1847.2019467747348
24.029999999999998,2300.1137189896604,6.158405678324128,0.9994718102297391,1847.2020457935819
24.06,2299.9289676802414,6.158348283061928,0.9994718638067445,1847.2021448134371
24.09,2299.7442180926614,6.158290889124159,0.9994719173849231,1847.2022438354606
24.119999999999997,2299.559470226882,6.158233496510912,0.999471970964319,1847.202342859734
24.15,2299.3747240828616,6.15817610522048,0.9994720245443955,1847.2024418852652
24.18,2299.1899796605603,6.1581187152493735,0.9994720781240332,1847.2025409099854
24.21,2299.0052369599375,6.1580613265923185,0.9994721317015383,1847.2026399307642
24.24,2298.820495980952,6.1580039392469335,0.9994721852761519,1847.2027389461991
24.27,2298.6357567235655,6.157946553218402,0.9994722388495734,1847.2028379594306
24.3,2298.4510191877407,6.157889168510992,0.9994722924232025,1847.2029369730458
24.33,2298.266283373439,6.157831785127182,0.9994723459978595,1847.203035988561
24.338974195276087,2298.211021865545,6.157814619728125,0.9994723620244251,1847.2030656085105
24.36,2298.08154928062,6.157774403067658,0.9994723995737853,1847.2031350064208
24.39,2297.8968169092445,6.157717022331316,0.9994724531506336,1847.2032340259857
24.419999999999998,2297.712086259272,6.157659642915258,0.9994725067274812,1847.2033330455495
24.45,2297.5273573306613,6.157602264814795,0.999472560302823,1847.20343206233
24.48,2297.3426301233712,6.157544888025265,0.999472613875159,1847.2035310735553
24.509999999999998,2297.1579046373636,6.157487512550333,0.9994726674456974,1847.2036300814584
24.54,2296.9731808726006,6.157430138394898,0.9994727210160411,1847.2037290890016
24.57,2296.788458829043,6.157372765562032,0.9994727745872046,1847.20382809806
24.599999999999998,2296.6037385066525,6.157315394053021,0.9994728281596214,1847.2039271094347
24.63,2296.4190199053887,6.157258023867354,0.9994728817331395,1847.2040261228449
24.66,2296.234303025212,6.157200655002733,0.9994729353070313,1847.2041251369455
24.689999999999998,2296.0495878660804,6.157143287455067,0.9994729888799827,1847.2042241493084
24.72,2295.864874427954,6.157085921218899,0.9994730424502378,1847.204323156688
24.75,2295.680162710793,6.15702855629502,0.9994730960180702,1847.20442215959
24.758611681401536,2295.627140413388,6.157012089589968,0.9994731113948543,1847.2044505786273
24.779999999999998,2295.4954527145587,6.156971192688811,0.9994731495852417,1847.2045211612701
24.81,2295.310744439214,6.156913830403942,0.9994732031529598,1847.2046201639612
24.84,2295.1260378847196,6.156856469442295,0.9994732567218501,1847.204719168818
24.869999999999997,2294.941333051035,6.15679910980396,0.9994733102919593,1847.2048181759278
24.9,2294.756629938122,6.156741751487232,0.9994733638627474,1847.2049171842923
24.93,2294.571928545938,6.156684394488619,0.9994734174330984,1847.2050161918492
24.96,2294.3872288744433,6.156627038802849,0.9994734710013157,1847.2051151954624
24.99,2294.2025309235964,6.1565696844275415,0.9994735245666415,1847.2052141937318
25.02,2294.0178346933603,6.156512331367877,0.9994735781307749,1847.2053131897972
25.05,2293.8331401836967,6.156454979628126,0.999473631695117,1847.2054121862486
25.08,2293.6484473945666,6.156397629210766,0.9994736852604867,1847.205511184599
25.11,2293.463756325931,6.156340280116485,0.9994737388271258,1847.2056101852954
25.14,2293.2790669777496,6.156282932344174,0.9994737923946879,1847.2057091876977
25.169999999999998,2293.094379349982,6.156225585890939,0.9994738459622494,1847.2058081900989
25.178249167526985,2293.043595678829,6.1562098174382545,0.9994738606916567,1847.2058354126689
25.2,2292.9096934425875,6.156168240752091,0.9994738995283041,1847.2059071897154
25.23,2292.725009255525,6.156110896922969,0.9994739530913546,1847.2060061837794
25.259999999999998,2292.5403267887564,6.156053554407237,0.9994740066526052,1847.206105174517
25.29,2292.355646042243,6.155996213209792,0.9994740602136621,1847.2062041648967
25.32,2292.1709670159466,6.155938873333708,0.9994741137755392,1847.206303156792
25.349999999999998,2291.9862897098287,6.155881534780271,0.9994741673386691,1847.206402151003
25.38,2291.8016141238486,6.155824197548969,0.9994742209029032,1847.2065011472544
25.41,2291.616940257967,6.155766861637506,0.9994742744675094,1847.2066001441938
25.439999999999998,2291.4322681121425,6.155709527041788,0.9994743280311746,1847.206699139394
25.47,2291.247597686334,6.155652193756361,0.9994743815921449,1847.2067981296134
25.5,2291.0629289805024,6.155594861782015,0.9994744351506902,1847.2068971153512
25.529999999999998,2290.8782619946096,6.155537531124131,0.9994744887085756,1847.2069960998695
25.56,2290.6935967286176,6.155480201786381,0.999474542267007,1847.2070950853965
25.59,2290.5089331824875,6.155422873770644,0.9994745958266131,1847.207194073095
25.597886653652434,2290.4603875536263,6.155407803116661,0.9994746099070289,1847.2072200962127
25.619999999999997,2290.324271356179,6.155365547077011,0.9994746493874364,1847.2072930630427
25.65,2290.139611249653,6.155308221703779,0.9994747029489407,1847.207392054249
25.68,2289.954952862869,6.155250897647453,0.9994747565100068,1847.2074910446458
25.709999999999997,2289.770296195785,6.155193574902762,0.9994748100689393,1847.2075900310992
25.74,2289.5856412483613,6.155136253467326,0.9994748636249801,1847.207689012208
25.77,2289.40098802056,6.155078933346327,0.9994749171798278,1847.207787991112
25.8,2289.216336512343,6.155021614544033,0.9994749707348843,1847.207886970402
25.83,2289.031686723671,6.154964297062924,0.9994750242909705,1847.2079859515945
25.86,2288.847038654506,6.154906980903685,0.9994750778483239,1847.2080849351294
25.89,2288.662392304807,6.154849666065211,0.9994751314066028,1847.2081839203747
25.919999999999998,2288.4777476745335,6.154792352544605,0.9994751849648806,1847.208282905618
25.95,2288.2931047636457,6.154735040337178,0.9994752385216511,1847.2083818880758
25.98,2288.1084635721018,6.15467772943827,0.9994752920754172,1847.2084808649806
26.009999999999998,2287.9238240998634,6.154620419851546,0.9994753456273839,1847.20857983856
26.017524139777887,2287.8775159296174,6.154606046546613,0.9994753590583859,1847.2086046614454
26.04,2287.739186346893,6.154563111581902,0.9994753991791571,1847.2086788117813
26.07,2287.5545503131516,6.1545058046324135,0.9994754527317499,1847.2087777865179
26.099999999999998,2287.369915998601,6.1544484990043635,0.9994755062855967,1847.2088767635719
26.13,2287.1852834032,6.154391194697244,0.9994755598405461,1847.2089757426638
26.16,2287.00065252691,6.154333891708754,0.9994756133958705,1847.2090747224488
26.189999999999998,2286.81602336969,6.1542765900348035,0.9994756669502518,1847.2091737004905
26.22,2286.6313959314975,6.154219289669938,0.9994757205019382,1847.2092726735518
26.25,2286.4467702122947,6.1541619906149485,0.9994757740512011,1847.2093716421339
26.279999999999998,2286.2621462120433,6.1541046928752134,0.9994758275998022,1847.209470609493
26.31,2286.077523930705,6.154047396454405,0.9994758811489516,1847.2095695778653
26.34,2285.8929033682407,6.153990101354405,0.9994759346992741,1847.209668548406
26.369999999999997,2285.7082845246114,6.153932807575302,0.999475988250815,1847.209767521198
26.4,2285.523667399777,6.153875515115392,0.9994760418030371,1847.2098664952496
26.43,2285.3390519936966,6.153818223971183,0.9994760953548213,1847.2099654684914
26.437161625903336,2285.2949806986726,6.153804547573756,0.9994761081385087,1847.2099890950244
26.459999999999997,2285.154438306329,6.153760934137405,0.9994761489044711,1847.2100644377888
26.49,2284.969826337635,6.1537036456116745,0.9994762024512299,1847.2101634017429
26.52,2284.785216087576,6.153646358399175,0.9994762559967943,1847.2102623634896
26.55,2284.6006075561136,6.153589072504177,0.9994763095425677,1847.2103613256227
26.58,2284.4160007432097,6.153531787929156,0.9994763630893716,1847.21046028966
26.61,2284.2313956488247,6.1534745046748,0.9994764166374439,1847.2105592560417
26.64,2284.046792272919,6.1534172227400035,0.9994764701864424,1847.2106582241352
26.669999999999998,2283.8621906154517,6.1533599421218685,0.9994765237354389,1847.2107571922252
26.7,2283.677590676383,6.153302662815707,0.9994765772829279,1847.2108561575287
26.73,2283.4929924556714,6.153245384816859,0.9994766308274117,1847.2109551172782
26.759999999999998,2283.3083959532783,6.15318810812899,0.9994766843700963,1847.2110540737026
26.79,2283.1238011691657,6.153130832756997,0.9994767379125862,1847.211153029767
26.82,2282.939208103296,6.1530735587039525,0.999476791455898,1847.2112519873506
26.849999999999998,2282.7546167556293,6.153016285971142,0.9994768450004634,1847.2113509472508
26.856799112028785,2282.7127817527125,6.15300330603042,0.9994768571358175,1847.2113733755482
26.88,2282.5700271261267,6.152959014558056,0.9994768985461339,1847.2114499091936
26.91,2282.3854392147473,6.152901744462397,0.9994769520921762,1847.2115488718237
26.939999999999998,2282.2008530214507,6.15284447568007,0.9994770056372781,1847.2116478327157
26.97,2282.016268546196,6.152787208205623,0.9994770591796834,1847.2117467886237
27.0,2281.8316857889436,6.152729942039848,0.999477112719665,1847.2118457400522
27.029999999999998,2281.647104749656,6.152672677188122,0.9994771662589853,1847.2119446902586
27.06,2281.462525428295,6.15261541365412,0.9994772197988532,1847.2120436414773
27.09,2281.2779478248217,6.15255815143972,0.9994772733398957,1847.2121425948665
27.119999999999997,2281.0933719391965,6.152500890545013,0.9994773268821572,1847.2122415505091
27.15,2280.9087977713793,6.152443630968294,0.9994773804251005,1847.2123405074115
27.18,2280.7242253213303,6.152386372706071,0.9994774339676037,1847.2124394635005
27.209999999999997,2280.539654589008,6.152329115753074,0.9994774875079739,1847.2125384156475
27.24,2280.355085574372,6.152271860106921,0.9994775410454513,1847.2126373624478
27.27,2280.1705182773844,6.152214605772795,0.9994775945817365,1847.212736307045
27.276436598154234,2280.1309189837416,6.152202321839476,0.999477606068112,1847.212757535914
27.3,2279.985952698008,6.152157352754966,0.9994776481182308,1847.2128352520285
27.33,2279.8013888362034,6.152100101055909,0.9994777016557543,1847.2129341989141
27.36,2279.6168266919312,6.152042850676314,0.9994777551945475,1847.2130331481465
27.39,2279.4322662651525,6.151985601615073,0.999477808734266,1847.2131320990889
27.419999999999998,2279.2477075558263,6.151928353869291,0.9994778622739847,1847.2132310500317
27.45,2279.0631505639117,6.151871107434277,0.9994779158121951,1847.213329998187
27.48,2278.878595289368,6.151813862305374,0.9994779693473993,1847.213428940786
27.509999999999998,2278.6940417321575,6.151756618486247,0.9994780228808048,1847.2135278800608
27.54,2278.5094898922416,6.1516993759817895,0.9994780764140156,1847.213626818976
27.57,2278.3249397695818,6.151642134795079,0.9994781299480485,1847.2137257594104
27.599999999999998,2278.1403913641398,6.151584894927398,0.9994781834833351,1847.2138247021617
27.63,2277.955844675875,6.151527656378238,0.9994782370197266,1847.2139236469554
27.66,2277.7712997047483,6.1514704191453,0.9994782905564922,1847.2140225924404
27.689999999999998,2277.5867564507184,6.151413183224491,0.9994783440923168,1847.2141215361862
27.696074084279683,2277.549392283799,6.151401594856831,0.9994783549314129,1847.2141415687674
27.72,2277.402214913744,6.151355948610359,0.9994783976254428,1847.2142204749443
27.75,2277.217675093787,6.151298715303696,0.9994784511561458,1847.2143194092243
27.779999999999998,2277.0331369908085,6.151241483309879,0.9994785046861876,1847.2144183422827
27.81,2276.848600604771,6.151184252632582,0.9994785582167781,1847.214517276355
27.84,2276.6640659356353,6.151127023273684,0.9994786117485412,1847.2146162125946
27.869999999999997,2276.4795329833623,6.151069795233275,0.9994786652815252,1847.21471515109
27.9,2276.295001747912,6.151012568509652,0.9994787188151917,1847.2148140908475
27.93,2276.110472229244,6.150955343099322,0.9994787723484182,1847.2149130297917
27.959999999999997,2275.9259444273166,6.150898118997015,0.9994788258795112,1847.2150119647924
27.99,2275.7414183420906,6.150840896200349,0.9994788794077115,1847.2151108944472
28.02,2275.5568939735276,6.150783674714508,0.9994789329347183,1847.2152098218962
28.05,2275.37237132159,6.15072645454376,0.9994789864619349,1847.215308749733
28.08,2275.187850386239,6.150669235690583,0.9994790399901821,1847.2154076794743
28.11,2275.0033311674356,6.150612018155663,0.9994790935196977,1847.21550661156
28.115711570405136,2274.9682015449685,6.150601124905679,0.9994791037110775,1847.215525447046
28.14,2274.8188136651397,6.150554801937896,0.9994791470501405,1847.2156055453593
28.169999999999998,2274.634297879311,6.150497587034384,0.9994792005805823,1847.2157044791563
28.2,2274.449783809909,6.150440373440439,0.9994792541095161,1847.215803410167
28.23,2274.265271456893,6.150383161151401,0.999479307635444,1847.2159023356219
28.259999999999998,2274.0807608202244,6.150325950170937,0.9994793611595726,1847.2160012577513
28.29,2273.896251899865,6.150268740503942,0.9994794146835075,1847.216100179523
28.32,2273.7117446957773,6.150211532153491,0.9994794682082633,1847.2161991028115
28.349999999999998,2273.527239207922,6.150154325120867,0.9994795217342743,1847.2162980284202
28.38,2273.342735436259,6.150097119405562,0.9994795752613903,1847.2163969560709
28.41,2273.1582333807487,6.150039915005276,0.9994796287888802,1847.2164958844128
28.439999999999998,2272.9737330413504,6.149982711915919,0.9994796823154285,1847.2165948110141
28.47,2272.789234418023,6.149925510132035,0.9994797358392794,1847.2166937326303
28.5,2272.604737510728,6.149868309654418,0.9994797893607065,1847.216792649767
28.529999999999998,2272.4202423194265,6.149811110488447,0.9994798428814726,1847.216891565682
28.535349056530585,2272.38734665942,6.149800911907463,0.9994798524243573,1847.216909202634
28.56,2272.235748844081,6.149753912637793,0.9994798964027857,1847.216990482608
28.59,2272.051257084653,6.149696716104337,0.9994799499252754,1847.2170894017086
28.619999999999997,2271.866767041103,6.149639520888169,0.9994800034489838,1847.2171883230615
28.65,2271.6822787133906,6.149582326987584,0.9994800569733754,1847.217287245677
28.68,2271.4977921014756,6.149525134399091,0.9994801104973283,1847.217386167482
28.709999999999997,2271.313307205317,6.149467943117418,0.9994801640191459,1847.2174850853403
28.74,2271.128824024875,6.149410753140187,0.9994802175380711,1847.217583997853
28.77,2270.9443425601116,6.149353564472579,0.9994802710558024,1847.217682908159
28.799999999999997,2270.759862810989,6.149296377118863,0.9994803245737442,1847.2177818188545
28.83,2270.5753847774686,6.149239191081517,0.9994803780927158,1847.2178807314529
28.86,2270.390908459511,6.149182006361227,0.9994804316129585,1847.2179796464004
28.89,2270.2064338570767,6.149124822956887,0.9994804851341264,1847.2180785630578
28.919999999999998,2270.0219609701253,6.149067640865602,0.9994805386552947,1847.2181774797166
28.95,2269.8374897986164,6.149010460082683,0.9994805921749554,1847.2182763935884
28.954986542656034,2269.806827519362,6.149000955728629,0.999480601070607,1847.218292834338
28.98,2269.6530203425086,6.14895328060347,0.9994806456916081,1847.2183753019012
29.009999999999998,2269.4685526017643,6.148896102431631,0.9994806992064619,1847.218474206889
29.04,2269.2840865763455,6.1488389255720595,0.9994807527211224,1847.2185731115198
29.07,2269.0996222662134,6.1487817500278314,0.9994808062366046,1847.2186720176694
29.099999999999998,2268.9151596713295,6.148724575800229,0.9994808597533427,1847.2187709261398
29.13,2268.730698791654,6.148667402888746,0.9994809132711849,1847.218869836651
29.16,2268.5462396271473,6.148610231291081,0.9994809667894021,1847.2189687478551
29.189999999999998,2268.361782177769,6.148553061003144,0.9994810203066774,1847.2190676573184
29.22,2268.177326443477,6.148495892019481,0.9994810738212561,1847.2191665617981
29.25,2267.9928724242327,6.148438724340884,0.9994811273334081,1847.2192654617927
29.279999999999998,2267.808420119999,6.148381557972733,0.9994811808449003,1847.219364360568
29.31,2267.623969530737,6.148324392918699,0.9994812343569414,1847.2194632603575
29.34,2267.4395206564086,6.148267229180663,0.9994812878701584,1847.2195621623205
29.369999999999997,2267.255073496974,6.148210066758713,0.9994813413845951,1847.2196610665376
29.374624028781483,2267.226644017041,6.148201256186212,0.9994813496330863,1847.2196763112195
29.4,2267.0706280523937,6.148152905651148,0.9994813948997132,1847.2197599720141
29.43,2266.886184322627,6.148095745854474,0.9994814484143945,1847.2198588766835
29.459999999999997,2266.701742307633,6.148038587363421,0.9994815019269405,1847.219957777406
29.49,2266.517302007372,6.147981430175609,0.9994815554365929,1847.220056672781
29.52,2266.332863421806,6.14792427429622,0.9994816089450511,1847.220155565949
29.549999999999997,2266.1484265508966,6.147867119729524,0.9994816624537203,1847.2202544595066
29.58,2265.963991394606,6.147809966477998,0.9994817159634204,1847.2203533549696
29.61,2265.7795579528947,6.147752814542328,0.9994817694743912,1847.2204522527813
29.64,2265.595126225723,6.147695663921409,0.9994818229862881,1847.2205511523046
29.669999999999998,2265.4106962130513,6.147638514612345,0.9994818764981857,1847.2206500518287
29.7,2265.226267914838,6.1475813666104475,0.9994819300085741,1847.220748948564
29.73,2265.0418413310426,6.147524219911057,0.9994819835159551,1847.220847839741
29.759999999999998,2264.8574164616275,6.1474670745178415,0.9994820370215373,1847.2209467275932
29.79,2264.6729933065544,6.1474099304356935,0.9994820905269262,1847.2210456150885
29.794261514906932,2264.646796044792,6.147401813196977,0.9994820981274435,1847.2210596621992
29.82,2264.4885718657847,6.147352787667691,0.9994821440331372,1847.2211445041032
29.849999999999998,2264.3041521392797,6.147295646215114,0.9994821975406034,1847.2212433954378
29.88,2264.119734127001,6.147238506077457,0.9994822510491752,1847.2213422888153
29.91,2263.9353178289066,6.147181367252419,0.9994823045581224,1847.221441182887
29.939999999999998,2263.7509032449575,6.14712422973591,0.9994823580661274,1847.2215400752173
29.97,2263.566490375112,6.147067093522476,0.9994824115714346,1847.2216389625614
30.0,2263.3820792193314,6.14700995861291,0.9994824650743169,1847.221737845424
30.213899001032384,2262.0672834949914,6.146602626637879,0.9994828465563572,1847.2224428922277
30.633536487157834,2259.4881062600507,6.145803696323279,0.9994835949021227,1847.2238259685835
31.053173973283283,2256.909264232466,6.145005022161894,0.9994843431776873,1847.2252089151955
31.47281145940873,2254.3307573047828,6.144206604041095,0.9994850913890282,1847.2265917431107
31.89244894553418,2251.7525853695774,6.143408441775594,0.9994858395184576,1847.2279744196387
32.31208643165963,2249.1747483195086,6.142610535263543,0.9994865875754015,1847.2293569622009
32.73172391778508,2246.5972460472876,6.141812884402216,0.999487335568972,1847.2307393876374
33.151361403910535,2244.020078445658,6.14101548900931,0.9994880834823577,1847.2321216648782
33.57099889003598,2241.4432454074367,6.140218348970684,0.9994888313208944,1847.2335038037847
33.99063637616143,2238.866746825505,6.139421464192613,0.9994895790965408,1847.2348858264588
34.41027386228688,2236.29058259277,6.138624834498009,0.9994903267940858,1847.2362677047875
34.82991134841233,2233.7147526022104,6.137828459759497,0.9994910744144705,1847.2376494405105
35.249548834537784,2231.1392567468715,6.1370323398910545,0.9994918219720762,1847.2390310602063
35.66918632066323,2228.5640949198287,6.136236474722664,0.9994925694538996,1847.2404125398432
36.08882380678868,2225.989267014219,6.13544086411355,0.9994933168564292,1847.2417938729309
36.50846129291413,2223.4147729232536,6.1346455079837074,0.9994940641959216,1847.2431750895146
36.92809877903958,2220.840612540173,6.133850406171636,0.9994948114620554,1847.2445561705185
37.34773626516503,2218.266785758275,6.133055558523783,0.9994955586470654,1847.2459371015914
37.76737375129048,2215.6932924709345,6.132260964964094,0.9994963057684119,1847.2473179150024
38.18701123741593,2213.1201325715583,6.131466625340641,0.9994970528188025,1847.2486985972746
38.606648723541376,2210.5473059536034,6.1306725394885,0.9994977997866715,1847.2500791270322
39.02628620966683,2207.9748125106084,6.129878707333091,0.9994985466898795,1847.2514595372843
39.44592369579228,2205.4026521361466,6.129085128732736,0.9994992935243842,1847.2528398205607
39.86556118191773,2202.830824723833,6.12829180351333,0.9995000402755339,1847.2542199497825
40.28519866804318,2200.2593301673705,6.127498731598904,0.9995007869606527,1847.2555999569672
40.704836154168625,2197.6881683604965,6.1267059128583075,0.9995015335790441,1847.2569798408279
41.12447364029408,2195.1173391969883,6.125913347111219,0.9995022801139332,1847.258359570361
41.54411112641953,2192.5468425707068,6.125121034277042,0.9995030265810545,1847.2597391746476
41.963748612544975,2189.976678375557,6.124328974235123,0.9995037729830458,1847.2611186585623
42.38338609867043,2187.406846505476,6.123537166802413,0.9995045193021497,1847.262497989286
42.80302358479587,2184.837346854486,6.1227456118903065,0.999505265551404,1847.2638771909155
43.222661070921326,2182.2681793166544,6.121954309388561,0.9995060117367576,1847.265256274445
43.64229855704678,2179.699343786082,6.121163259114427,0.999506757840456,1847.2666352070612
44.061936043172224,2177.130840156948,6.1203724609687695,0.9995075038720174,1847.2680140063553
44.48157352929768,2174.5626683234855,6.119581914851241,0.9995082498405342,1847.2693926891318
44.90121101542312,2171.9948281799566,6.118791620582037,0.9995089957291223,1847.2707712241859
45.320848501548575,2169.4273196206987,6.118001578049746,0.999509741543203,1847.272149621537
45.74048598767403,2166.860142540108,6.117211787163028,0.9995104872947287,1847.2735279032752
46.16012347379947,2164.29329683261,6.116422247747258,0.9995112329684128,1847.2749060411481
46.579760959924926,2161.7267823926977,6.115632959677791,0.9995119785652672,1847.2762840370262
46.99939844605037,2159.1605991149318,6.11484392287101,0.9995127240996872,1847.2776619175145
47.419035932175824,2156.5947468938994,6.1140551371593155,0.9995134695585871,1847.279039658428
47.838673418301276,2154.02922562425,6.113266602404665,0.9995142149385142,1847.2804172533858
48.25831090442672,2151.4640352007077,6.112478318529478,0.9995149602557526,1847.2817947324838
48.677948390552174,2148.899175518022,6.111690285374643,0.9995157054999037,1847.2831720765032
49.09758587667762,2146.334646470999,6.110902502789323,0.9995164506632399,1847.2845492711626
49.51722336280307,2143.7704479545228,6.11011497069991,0.9995171957632637,1847.2859263488092
49.936860848928525,2141.2065798635062,6.109327688956847,0.9995179407926127,1847.287303295836
50.35649833505397,2138.6430420929128,6.108540657397892,0.9995186857397368,1847.2886800908968
50.77613582117942,2136.0798345377857,6.107753875950951,0.9995194306225554,1847.2900567671097
51.19577330730487,2133.516957093201,6.1069673444766925,0.9995201754369604,1847.2914333168817
51.61541079343032,2130.9544096542786,6.106181062803654,0.9995209201682953,1847.2928097131255
52.035048279555774,2128.392192116221,6.105395030858393,0.9995216648339565,1847.2941859879927
52.45468576568122,2125.830304374267,6.104609248512094,0.999522409433192,1847.2955621400934
52.87432325180667,2123.268746323694,6.103823715587025,0.9995231539491993,1847.2969381383732
53.29396073793212,2120.7075178598616,6.1030384320051585,0.9995238983977937,1847.298314012062
53.71359822405757,2118.1466188781706,6.102253397648169,0.9995246427815726,1847.2996897659605
54.13323571018302,2115.5860492740567,6.101468612335538,0.9995253870827281,1847.3010653671563
54.55287319630847,2113.0258089430354,6.100684075981276,0.9995261313143874,1847.3024408399103
54.97251068243392,2110.4658977806707,6.099899788477458,0.9995268754824688,1847.3038161951613
55.392148168559366,2107.906315682555,6.099115749643821,0.9995276195691566,1847.3051913999825
55.81178565468482,2105.3470625443606,6.09833195938387,0.9995283635840552,1847.3065664721244
56.23142314081027,2102.788138261812,6.097548417599581,0.999529107536242,1847.3079414283636
56.65106062693572,2100.229542730661,6.096765124113585,0.9995298514087588,1847.3093162373584
57.07069811306117,2097.6712758467334,6.09598207881713,0.9995305952071082,1847.3106909092787
57.490335599186615,2095.1133375059158,6.09519928162121,0.999531338943244,1847.312065466217
57.90997308531207,2092.555727604118,6.0944167323535945,0.9995320826017988,1847.3134398797722
58.32961057143752,2089.9984460373216,6.093634430892307,0.9995328261838567,1847.3148141519475
58.749248057562966,2087.441492701571,6.092852377156074,0.9995335697038247,1847.3161883093692
59.16888554368842,2084.8848674929377,6.092070570979658,0.9995343131485394,1847.3175623277095
59.588523029813864,2082.328570307555,6.091289012227681,0.9995350565146031,1847.3189362006888
60.008160515939316,2079.772601041626,6.090507700824922,0.9995357998183282,1847.3203099584553
60.42779800206477,2077.216959591384,6.089726636614607,0.9995365430492394,1847.3216835816488
60.847435488190214,2074.661645853114,6.088945819448545,0.9995372861996461,1847.3230570560554
61.26707297431567,2072.1066597231784,6.08816524925552,0.9995380292870958,1847.3244304141065
61.68671046044111,2069.55200109797,6.087384925888277,0.999538772304151,1847.3258036420557
62.106347946566565,2066.9976698739265,6.086604849187203,0.9995395152392822,1847.327176718595
62.52598543269202,2064.4436659475678,6.08582501908262,0.9995402581104642,1847.3285496769447
62.94562291881746,2061.889989215446,6.085045435437487,0.9995410009135249,1847.3299225093942
63.365260404942916,2059.3366395741527,6.084266098082922,0.9995417436338013,1847.3312951888433
63.78489789106836,2056.7836169203647,6.083487006947946,0.9995424862887645,1847.3326677475823
64.20453537719382,2054.230921150792,6.082708161906019,0.9995432288776042,1847.3340401841128
64.62417286331926,2051.6785521621814,6.081929562781937,0.9995439713834904,1847.3354124673308
65.04381034944471,2049.1265098513636,6.08115120950018,0.9995447138223233,1847.3367846266224
65.46344783557016,2046.574794115208,6.080373101944694,0.9995454561966562,1847.3381566667065
65.88308532169562,2044.023404850617,6.079595239937426,0.9995461984886307,1847.3395285545776
66.30272280782107,2041.4723419545737,6.078817623394941,0.9995469407114659,1847.3409003146667
66.72236029394651,2038.9216053241068,6.078040252211577,0.9995476828710489,1847.3422719578546
67.14199778007196,2036.3711948562739,6.077263126209486,0.9995484249494986,1847.3436434510938
67.56163526619741,2033.8211104482107,6.076486245294761,0.9995491669565095,1847.3450148123013
67.98127275232287,2031.2713519971037,6.075709609371637,0.9995499089011431,1847.3463860582244
68.40091023844832,2028.721919400167,6.074933218265125,0.9995506507663681,1847.347757157386
68.82054772457376,2026.1728125546874,6.074157071869073,0.9995513925577691,1847.3491281201084
69.24018521069921,2023.6240313580088,6.07338117009674,0.9995521342872982,1847.3504989684798
69.65982269682466,2021.0755757075021,6.0726055127782335,0.999552875939507,1847.35186967395
70.07946018295011,2018.5274455006045,6.071830099794191,0.9995536175155556,1847.3532402386622
70.49909766907557,2015.9796406348175,6.071054931065616,0.9995543590298597,1847.3546106892597
70.918735155201,2013.4321610076681,6.070280006429574,0.9995551004691797,1847.3559810012732
71.33837264132646,2010.8850065167435,6.069505325753291,0.9995558418301717,1847.3573511685224
71.75801012745191,2008.338177059702,6.068730888963854,0.9995565831291775,1847.3587212212105
72.17764761357736,2005.7916725342272,6.067956695906757,0.9995573243556447,1847.3600911398341
72.59728509970282,2003.2454928380569,6.067182746436399,0.9995580655019205,1847.3614609102497
73.01692258582825,2000.6996378690037,6.066409040483889,0.9995588065855949,1847.3628305649668
73.4365600719537,1998.1541075249088,6.065635577904229,0.9995595475991582,1847.364200090106
73.85619755807916,1995.6089017036597,6.064862358540361,0.9995602885310978,1847.36556946439
74.27583504420461,1993.0640203032235,6.06408938232497,0.9995610293994468,1847.3669387211476
74.69547253033006,1990.5194632215976,6.06331664912325,0.9995617701999698,1847.3683078525505
75.1151100164555,1987.9752303568207,6.062544158768835,0.9995625109179977,1847.3696768314874
75.53474750258096,1985.431321607013,6.0617719111931505,0.9995632515710692,1847.3710456903736
75.95438498870641,1982.8877368703274,6.060999906271877,0.9995639921583264,1847.3724144276232
76.37402247483186,1980.344476044955,6.060228143832273,0.9995647326629055,1847.3737830120688
76.79365996095731,1977.8015390291662,6.059456623801271,0.9995654731007919,1847.3751514732546
77.21329744708275,1975.258925721272,6.058685346065026,0.9995662134744939,1847.3765198158164
77.6329349332082,1972.7166360196134,6.0579143104478925,0.9995669537661063,1847.3778880066614
78.05257241933366,1970.1746698226125,6.057143516868936,0.9995676939889377,1847.3792560703873
78.47220990545911,1967.6330270287353,6.056372965224691,0.9995684341488429,1847.3806240178142
78.89184739158456,1965.091707536476,6.055602655339672,0.999569174227877,1847.3819918157772
79.31148487771,1962.5507112444056,6.054832587122498,0.9995699142358268,1847.3833594823632
79.73112236383545,1960.0100380511456,6.054062760479612,0.9995706541817352,1847.384727034286
80.1507598499609,1957.469687855343,6.05329317523833,0.9995713940484945,1847.386094439927
80.57039733608636,1954.9296605557172,6.052523831295052,0.9995721338417777,1847.387461709771
80.99003482221181,1952.389956051044,6.051754728565248,0.9995728735735301,1847.3888288658954
81.40967230833725,1949.8505742401248,6.050985866881297,0.9995736132282275,1847.3901958796082
81.8293097944627,1947.3115150218262,6.050217246126392,0.9995743528070998,1847.391562753183
82.24894728058815,1944.7727782950785,6.049448866223764,0.9995750923245791,1847.3929295132923
82.66858476671361,1942.234363958836,6.048680727012713,0.9995758317673413,1847.3942961353112
83.08822225283906,1939.6962719121132,6.04791282836302,0.9995765711321017,1847.3956626131687
83.5078597389645,1937.1585020539933,6.047145170204011,0.9995773104352301,1847.3970289771196
83.92749722508995,1934.6210542835847,6.046377752383398,0.999578049666096,1847.3983952075162
84.3471347112154,1932.0839285000493,6.045610574758109,0.9995787888170844,1847.3997612902851
84.76677219734086,1929.547124602622,6.0448436372615255,0.9995795279058288,1847.401127258016
85.18640968346631,1927.0106424905657,6.0440769397508385,0.9995802669247484,1847.4024930966982
85.60604716959175,1924.474482063189,6.0433104820714965,0.9995810058623471,1847.4038587850848
86.0256846557172,1921.938643219879,6.042544264158488,0.9995817447367138,1847.4052243566075
86.44532214184265,1919.4031258600512,6.041778285879179,0.9995824835435511,1847.4065898033236
86.8649596279681,1916.8679298831626,6.041012547069665,0.9995832222681826,1847.4079550981091
87.28459711409356,1914.3330551887498,6.040247047663721,0.999583960928221,1847.4093202735148
87.704234600219,1911.7985016763826,6.039481787539185,0.9995846995227515,1847.4106853278502
88.12387208634445,1909.2642692456657,6.0387167665257255,0.9995854380348816,1847.4120502298952
88.5435095724699,1906.7303577962846,6.037951984552669,0.9995861764806808,1847.4134150093487
88.96314705859535,1904.1967672279623,6.03718744150832,0.9995869148626142,1847.4147796707668
89.3827845447208,1901.6634974404524,6.03642313721939,0.9995876531627277,1847.4161441809672
89.80242203084624,1899.1305483335882,6.035659071607378,0.9995883913944192,1847.4175085647116
90.2220595169717,1896.597919807245,6.034895244570964,0.999589129563513,1847.4188728327642
90.64169700309715,1894.0656117613269,6.03413165593697,0.9995898676520005,1847.420236951842
91.0613344892226,1891.5336240958127,6.033368305616479,0.9995906056697582,1847.4216009401985
91.48097197534806,1889.0019567107306,6.032605193518079,0.9995913436258107,1847.4229648145129
91.9006094614735,1886.4706095061347,6.03184231947135,0.9995920815029777,1847.4243285430327
92.32024694759895,1883.9395823821492,6.031079683375177,0.9995928193070157,1847.4256921363974
92.7398844337244,1881.4088752389544,6.030317285147181,0.9995935570498657,1847.4270556166755
93.15952191984985,1878.8784879767545,6.02955512462197,0.9995942947159294,1847.4284189550388
93.5791594059753,1876.3484204958188,6.028793201685223,0.9995950323065044,1847.4297821538853
93.99879689210074,1873.818672696479,6.028031516262337,0.9995957698360357,1847.4311452399127
94.4184343782262,1871.28924447909,6.0272700681948095,0.9995965072911209,1847.43250818835
94.83807186435165,1868.7601357440653,6.026508857354905,0.9995972446685326,1847.4338709932333
95.2577093504771,1866.2313463918872,6.02574788367414,0.9995979819846676,1847.435233684866
95.67734683660255,1863.7028763230612,6.024987147002377,0.9995987192288158,1847.4365962434545
96.09698432272799,1861.174725438146,6.024226647199031,0.9995994563934051,1847.4379586550035
96.51662180885344,1858.6468936377723,6.023466384199692,0.999600193496109,1847.4393209521775
96.9362592949789,1856.1193808225976,6.022706357863683,0.9996009305292725,1847.4406831208285
97.35589678110435,1853.5921868933242,6.021946568038905,0.9996016674814198,1847.442045139747
97.7755342672298,1851.0653117507318,6.021187014662591,0.999602404370698,1847.4434070424725
98.19517175335524,1848.5387552956283,6.020427697604227,0.9996031411927422,1847.4447688209373
98.61480923948069,1846.012517428861,6.019668616702318,0.9996038779328734,1847.4461304480124
99.03444672560614,1843.4865980513569,6.018909771892919,0.9996046146087737,1847.4474919563772
99.4540842117316,1840.9609970640743,6.018151163055983,0.999605351219475,1847.4488533442427
99.87372169785705,1838.4357143680063,6.017392790023526,0.9996060877480551,1847.4502145803337
100.29335918398249,1835.9107498642254,6.016634652727215,0.999606824210668,1847.4515756945054
100.71299667010794,1833.3861034538409,6.015876751057449,0.9996075606097355,1847.4529366912343
101.1326341562334,1830.8617750379917,6.015119084843238,0.9996082969272518,1847.4542975372417
101.55227164235885,1828.337764517895,6.014361654008461,0.9996090331767086,1847.4556582574628
101.9719091284843,1825.8140717948097,6.013604458453891,0.9996097693638979,1847.4570188626026
102.39154661460974,1823.2906967700221,6.012847498008592,0.9996105054707448,1847.4583793192555
102.81118410073519,1820.7676393448924,6.012090772586066,0.9996112415072183,1847.4597396458455
103.23082158686064,1818.2448994208296,6.01133428209699,0.9996119774823248,1847.4610998590188
103.6504590729861,1815.7224768992664,6.010578026373147,0.999612713378811,1847.4624599268875
104.07009655911155,1813.2003716817069,6.009822005315855,0.9996134492025155,1847.4638198602427
104.48973404523699,1810.6785836697084,6.009066218844835,0.9996141849653793,1847.4651796811536
104.90937153136244,1808.157112764852,6.008310666796856,0.999614920651721,1847.4665393606376
105.32900901748789,1805.635958868783,6.007555349060041,0.9996156562629148,1847.4678989012352
105.74864650361334,1803.1151218832074,6.006800265561902,0.9996163918134178,1847.4692583296653
106.1682839897388,1800.5946017098543,6.00604541614606,0.9996171272897449,1847.4706176210052
106.58792147586423,1798.0743982505105,6.005290800687224,0.9996178626887277,1847.471976769399
107.00755896198969,1795.5545114070298,6.004536419119036,0.9996185980267903,1847.4733358052013
107.42719644811514,1793.0349410812892,6.003782271293469,0.9996193332931449,1847.4746947084745
107.84683393424059,1790.5156871752172,6.003028357072353,0.9996200684802563,1847.4760534652921
108.26647142036605,1787.9967495908145,6.002274676393438,0.9996208036058434,1847.477412108402
108.68610890649148,1785.4781282301062,6.001521229118135,0.9996215386621796,1847.4787706235238
109.10574639261694,1782.959822995162,6.000768015096727,0.9996222736378028,1847.4801289894735
109.52538387874239,1780.4418337881282,6.00001503426865,0.9996230085509213,1847.4814872399036
109.94502136486784,1777.9241605111783,5.999262286505449,0.9996237433971037,1847.4828453666235
110.3646588509933,1775.4068030665248,5.9985097716479805,0.9996244781616643,1847.484203342492
110.78429633711873,1772.8897613564573,5.9977574896345365,0.9996252128623593,1847.4855612003255
111.20393382324418,1770.3730352832974,5.99700544034712,0.9996259474981646,1847.4869189382312
111.62357130936964,1767.8566247494002,5.996253623620047,0.9996266820521311,1847.4882765248844
112.04320879549509,1765.3405296571989,5.995502039387267,0.9996274165404931,1847.4896339902887
112.46284628162054,1762.8247499091626,5.994750687541222,0.9996281509656313,1847.490991338844
112.88248376774598,1760.3092854077893,5.993999567913162,0.9996288853094888,1847.492348537178
113.30212125387143,1757.7941360556547,5.993248680429299,0.9996296195856507,1847.4937056103986
113.72175873999689,1755.2793017553745,5.9924980249924396,0.9996303537998745,1847.495062569147
114.14139622612234,1752.7647824095911,5.991747601433845,0.9996310879340239,1847.496419379903
114.56103371224779,1750.2505779210207,5.99099740966937,0.9996318219981559,1847.4977760612546
114.98067119837323,1747.7366881924268,5.990247449611732,0.9996325560012611,1847.4991326298177
115.40030868449868,1745.2231131265953,5.9894977210948666,0.9996332899260107,1847.500489053566
115.81994617062414,1742.7098526263824,5.988748224022469,0.9996340237783296,1847.501845343449
116.23958365674959,1740.1969065946978,5.987998958316305,0.9996347575701541,1847.503201521528
116.65922114287504,1737.684274934473,5.987249923815253,0.9996354912857243,1847.504557558675
117.07885862900048,1735.1719575487039,5.98650112040983,0.9996362249264871,1847.505913457565
117.49849611512593,1732.6599543404445,5.985752548029598,0.9996369585069121,1847.5072692449398
117.91813360125138,1730.1482652127722,5.985004206520261,0.9996376920134324,1847.5086248957257
118.33777108737684,1727.6368900688212,5.984256095758911,0.9996384254429402,1847.5099804041786
118.75740857350229,1725.1258288117913,5.983508215681271,0.9996391588118843,1847.511335800699
119.17704605962773,1722.615081344905,5.982760566141359,0.9996398921093999,1847.5126910652068
119.59668354575318,1720.1046475714352,5.982013147003377,0.9996406253279914,1847.514046183849
120.01632103187863,1717.5945273947254,5.981265958207183,0.9996413584854206,1847.515401189452
120.43595851800409,1715.084720718144,5.98051899961621,0.9996420915738857,1847.5167560675973
120.85559600412954,1712.5752274451024,5.97977227108309,0.9996428245819461,1847.5181107971405
121.27523349025498,1710.0660474790875,5.979025772549391,0.9996435575278643,1847.5194654118334
121.69487097638043,1707.5571807236124,5.978279503888671,0.9996442904071465,1847.5208199033714
122.11450846250588,1705.0486270822287,5.977533464944086,0.9996450232050991,1847.5221742445979
122.53414594863133,1702.5403864585642,5.976787655656114,0.9996457559395547,1847.5235284684707
122.95378343475679,1700.0324587562773,5.976042075908752,0.9996464886094292,1847.5248825729857
123.37342092088223,1697.5248438790597,5.975296725538566,0.9996472211977462,1847.5262365267681
123.79305840700768,1695.0175417306798,5.974551604481734,0.999647953720826,1847.5275903599806
124.21269589313313,1692.5105522149408,5.973806712632689,0.999648686181003,1847.5289440769373
124.63233337925858,1690.003875235675,5.973062049824873,0.999649418560173,1847.530297644179
125.05197086538404,1687.4975106967895,5.972317615986767,0.9996501508720086,1847.5316510869743
125.47160835150947,1684.991458502233,5.971573411023168,0.9996508831222384,1847.5330044159114
125.89124583763493,1682.4857185559779,5.970829434767477,0.999651615292662,1847.5343575973525
126.31088332376038,1679.9802907620708,5.970085687137858,0.9996523473934273,1847.5357106500526
126.73052080988583,1677.4751750246035,5.96934216804901,0.9996530794335047,1847.5370635905904
127.15015829601128,1674.970371247691,5.968598877336969,0.9996538113954936,1847.5384163868068
127.56979578213672,1672.4658793355168,5.967855814907758,0.9996545432854043,1847.5397690498098
127.98943326826218,1669.961699192316,5.967112980685134,0.9996552751151662,1847.5411216016473
128.40907075438764,1667.457830722346,5.966370374510035,0.9996560068689413,1847.5424740130475
128.82870824051307,1664.9542738299267,5.965627996275313,0.9996567385482537,1847.5438262868274
129.24834572663852,1662.451028419437,5.964885845912538,0.9996574701675797,1847.5451784497416
129.66798321276397,1659.948094395276,5.9641439232694395,0.9996582017132747,1847.5465304765728
130.08762069888942,1657.4454716619005,5.9634022282254415,0.9996589331822886,1847.5478823616836
130.50725818501488,1654.943160123831,5.962660760718298,0.9996596645910991,1847.549234135528
130.92689567114033,1652.4411596856098,5.961919520604019,0.9996603959287591,1847.5505857778733
131.34653315726578,1649.939470251829,5.96117850774913,0.999661127187817,1847.551937274948
131.76617064339123,1647.4380917271512,5.960437722095541,0.9996618583860734,1847.5532886596504
132.1858081295167,1644.9370240162616,5.95969716350866,0.9996625895156551,1847.5546399174302
132.60544561564214,1642.4362670238881,5.958956831843407,0.9996633205651403,1847.555991027177
133.02508310176756,1639.9358206548338,5.9582167270434425,0.9996640515528471,1847.5573420227468
133.44472058789302,1637.4356848139262,5.957476848984281,0.9996647824742173,1847.5586928957143
133.86435807401847,1634.9358594060304,5.956737197511331,0.9996655133145561,1847.5600436189216
134.28399556014392,1632.4363443360878,5.955997772567199,0.9996662440917615,1847.561394225447
134.70363304626937,1629.9371395090689,5.955258574037828,0.999666974804698,1847.562744713192
135.12327053239483,1627.4382448299762,5.954519601761978,0.9996677054363585,1847.5640950507245
135.54290801852028,1624.9396602038887,5.953780855678013,0.9996684360031515,1847.56544526837
135.96254550464573,1622.4413855359194,5.9530423356823015,0.9996691665073613,1847.566795370351
136.38218299077118,1619.9434207312086,5.9523040416104225,0.9996698969308375,1847.5681453231218
136.80182047689664,1617.445765694972,5.9515659733930875,0.9996706272873458,1847.5694951521239
137.22145796302206,1614.948420332464,5.950828130937023,0.9996713575825795,1847.5708448678797
137.6410954491475,1612.451384548964,5.950090514077723,0.9996720877982753,1847.5721944366353
138.06073293527297,1609.9546582498233,5.949353122735605,0.9996728179446732,1847.5735438773158
138.48037042139842,1607.4582413404378,5.948615956827306,0.9996735480307242,1847.5748932064648
138.90000790752387,1604.962133726226,5.947879016190906,0.9996742780389526,1847.5762423917836
139.31964539364932,1602.4663353126734,5.947142300734706,0.9996750079754556,1847.5775914445412
139.73928287977478,1599.970846005317,5.946405810384405,0.9996757378521585,1847.5789403867773
140.15892036590023,1597.4756657097155,5.945669544982952,0.9996764676531427,1847.5802891890721
140.57855785202568,1594.9807943314881,5.944933504425483,0.9996771973800088,1847.5816378543832
140.99819533815113,1592.4862317763123,5.9441976886455254,0.9996779270472419,1847.582986409482
141.41783282427656,1589.9919779498862,5.943462097492784,0.9996786566411187,1847.584334829005
141.837470310402,1587.498032757963,5.942726730848963,0.9996793861586464,1847.5856831074216
142.25710779652746,1585.00439610636,5.941991588653795,0.9996801156163293,1847.5870312752343
142.67674528265292,1582.5110679009147,5.941256670765242,0.9996808450031436,1847.588379312069
143.09638276877837,1580.0180480475146,5.9405219770520885,0.9996815743116746,1847.5897272042223
143.51602025490382,1577.5253364521152,5.939787507458257,0.99968230355977,1847.5910749846798
143.93565774102927,1575.0329330206946,5.939053261851075,0.9996830327394787,1847.5924226387467
144.35529522715473,1572.5408376592736,5.938319240087709,0.9996837618393993,1847.5937701453508
144.77493271328018,1570.0490502739453,5.937585442113853,0.9996844908779092,1847.595117538457
145.19457019940563,1567.5575707708279,5.936851867806934,0.9996852198503814,1847.5964648095137
145.61420768553106,1565.0663990560768,5.936118517014554,0.9996859487421175,1847.5978119313559
146.0338451716565,1562.5755350359211,5.935385389681407,0.999686677571089,1847.599158937198
146.45348265778196,1560.084978616619,5.934652485695332,0.9996874063361015,1847.6005058248322
146.8731201439074,1557.5947297044602,5.933919804897238,0.9996881350201237,1847.6018525627817
147.29275763003287,1555.1047882058094,5.933187347227611,0.9996888636396448,1847.603199181522
147.71239511615832,1552.6151540270648,5.932455112584717,0.9996895921969067,1847.604545685196
148.13203260228377,1550.125827074651,5.931723100806224,0.9996903206737084,1847.6058920401656
148.55167008840922,1547.6368072550672,5.9309913118250135,0.9996910490839087,1847.6072382720436
148.97130757453468,1545.1480944748503,5.930259745549701,0.9996917774331657,1847.6085843912876
149.39094506066013,1542.6596886405614,5.929528401817819,0.9996925057031557,1847.609930364032
149.81058254678555,1540.171589658833,5.928797280551994,0.9996932339042072,1847.6112762093658
150.230220032911,1537.6837974363402,5.9280663816707495,0.9996939620452533,1847.6126219437988
150.64985751903646,1535.196311879781,5.927335705014161,0.9996946901087445,1847.6139675348966
151.0694950051619,1532.7091328959193,5.926605250492759,0.9996954181008635,1847.615312994086
151.48913249128736,1530.2222603915698,5.925875018034137,0.9996961460335316,1847.6166583433996
151.90876997741282,1527.7356942735669,5.925145007483202,0.9996968738907507,1847.6180035532698
152.32840746353827,1525.2494344488061,5.924415218737326,0.9996976016741962,1847.6193486267932
152.74804494966372,1522.7634808242399,5.923685651731946,0.9996983293983625,1847.6206935907583
153.16768243578917,1520.27783330684,5.922956306318691,0.9996990570494471,1847.6220384196552
153.58731992191463,1517.7924918036333,5.922227182381501,0.9996997846245157,1847.6233831080613
154.00695740804005,1515.3074562217091,5.921498279862036,0.9997005121401011,1847.6247276865315
154.4265948941655,1512.8227264681764,5.920769598620158,0.9997012395850977,1847.626072134541
154.84623238029096,1510.3383024501932,5.920041138526872,0.999701966952133,1847.6274164384643
155.2658698664164,1507.854184074985,5.919312899528053,0.9997026942590971,1847.6287606313651
155.68550735254186,1505.3703712497986,5.918584881492909,0.9997034214979645,1847.6301046984115
156.10514483866731,1502.8868638819229,5.917857084280793,0.9997041486573535,1847.6314486185672
156.52478232479277,1500.4036618787186,5.917129507839395,0.9997048757556977,1847.6327924259012
156.94441981091822,1497.9207651475701,5.916402152047998,0.999705602788304,1847.6341361117402
157.36405729704367,1495.4381735958978,5.915675016756361,0.9997063297404731,1847.6354796489168
157.78369478316912,1492.9558871311963,5.914948101911205,0.9997070566302446,1847.6368230707715
158.20333226929455,1490.4739056609874,5.91422140740222,0.9997077834563688,1847.6381663749944
158.62296975542,1487.9922290928237,5.913494933072415,0.999708510201788,1847.6395095300604
159.04260724154545,1485.5108573343325,5.912768678864357,0.9997092368830742,1847.640852566597
159.4622447276709,1483.0297902931725,5.91204264467815,0.9997099635024236,1847.6421954886634
159.88188221379636,1480.5490278770296,5.911316830353509,0.9997106900415883,1847.6435382625343
160.3015196999218,1478.0685699936625,5.910591235825443,0.9997114165145174,1847.64488091399
160.72115718604726,1475.5884165508671,5.909865861004399,0.9997121429268376,1847.6462234534295
161.14079467217272,1473.1085674564622,5.909140705729908,0.9997128692601588,1847.6475658468646
161.56043215829817,1470.629022618337,5.908415769926754,0.999713595524905,1847.6489081135612
161.98006964442362,1468.149781944424,5.907691053515296,0.9997143217299864,1847.6502502699866
162.39970713054905,1465.6708453426759,5.906966556337565,0.9997150478577813,1847.6515922835727
162.8193446166745,1463.1922127211114,5.906242278306267,0.9997157739145591,1847.6529341659066
163.23898210279995,1460.7138839877991,5.905518219350843,0.9997164999122347,1847.654275939009
163.6586195889254,1458.2358590508265,5.904794379318113,0.9997172258347304,1847.6556175731655
164.07825707505086,1455.7581378183415,5.9040707581076335,0.9997179516837971,1847.6569590716122
164.4978945611763,1453.2807201985474,5.903347355656705,0.9997186774739422,1847.6583004611614
164.91753204730176,1450.8036060996665,5.90262417181884,0.9997194031912778,1847.6596417161456
165.33716953342721,1448.3267954299756,5.901901206480161,0.9997201288329344,1847.6609828312612
165.75680701955267,1445.8502880978124,5.901178459584207,0.9997208544154669,1847.6623238371053
166.17644450567812,1443.3740840115343,5.900455930992693,0.9997215799276905,1847.663664713006
166.59608199180354,1440.8981830795467,5.8997336205787985,0.9997223053622785,1847.6650054454221
167.015719477929,1438.4225852103207,5.899011528290302,0.999723030737158,1847.6663460674863
167.43535696405445,1435.9472903123492,5.898289653998247,0.99972375604423,1847.6676865642303
167.8549944501799,1433.4722982941657,5.897567997564128,0.9997244812721349,1847.669026914659
168.27463193630535,1430.9976090643745,5.89684655893758,0.9997252064393634,1847.6703671529474
168.6942694224308,1428.5232225316036,5.896125337999697,0.9997259315411532,1847.6717072702932
169.11390690855626,1426.049138604515,5.895404334602347,0.9997266565628037,1847.6730472395272
169.5335443946817,1423.5753571918453,5.89468354869423,0.9997273815224249,1847.6743870941202
169.95318188080716,1421.1018782023568,5.893962980166845,0.999728106418712,1847.6757268316605
170.37281936693262,1418.6287015448418,5.8932426288652495,0.9997288312345788,1847.6770664205694
170.79245685305804,1416.1558271281663,5.892522494734045,0.9997295559866811,1847.6784058916305
171.2120943391835,1413.6832548612274,5.891802577675132,0.9997302806771716,1847.679745248822
171.63173182530895,1411.2109846529481,5.891082877530221,0.999731005287752,1847.6810844583254
172.0513693114344,1408.7390164123237,5.890363394236398,0.9997317298324638,1847.6824235460915
172.47100679755985,1406.2673500483859,5.889644127705903,0.9997324543169008,1847.6837625224593
172.8906442836853,1403.795985470188,5.888925077780216,0.9997331787226079,1847.68510135332
173.31028176981076,1401.3249225868535,5.888206244386228,0.9997339030601025,1847.686440058112
173.7299192559362,1398.8541613075477,5.887487627446095,0.9997346273382747,1847.687778653266
174.14955674206166,1396.3837015414565,5.886769226803749,0.9997353515394285,1847.6891171060759
174.56919422818711,1393.9135431978298,5.88605104237403,0.9997360756699202,1847.6904554282896
174.98883171431254,1391.443686185967,5.885333074088179,0.99973679974166,1847.6917936419193
175.408469200438,1388.9741304151853,5.88461532179488,0.9997375237384887,1847.6931317171002
175.82810668656344,1386.5048757948618,5.8838977853958365,0.9997382476622355,1847.6944696572127
176.2477441726889,1384.0359222344282,5.883180464830162,0.999738971527416,1847.695807489084
176.66738165881435,1381.5672696433344,5.882463359953198,0.9997396953200619,1847.6971451868985
177.0870191449398,1379.0989179310839,5.881746470653211,0.9997404190373624,1847.6984827454614
177.50665663106525,1376.6308670072403,5.881029796875574,0.999741142695901,1847.6998201954218
177.9262941171907,1374.1631167813864,5.88031333848381,0.9997418662844125,1847.7011575159595
178.34593160331616,1371.6956671631513,5.879597095353222,0.9997425897956108,1847.7024946936087
178.7655690894416,1369.22851806223,5.878881067433452,0.9997433132474667,1847.7038317615825
179.18520657556704,1366.761669388338,5.878165254597326,0.999744036631805,1847.705168704772
179.6048440616925,1364.295121051231,5.87744965670844,0.9997447599372873,1847.7065055022213
180.02448154781794,1361.8288729607339,5.8767342737183235,0.9997454831824595,1847.7078421882068
180.4441190339434,1359.3629250266947,5.876019105509841,0.999746206362495,1847.7091787538081
180.86375652006885,1356.8972771589958,5.875304151936921,0.9997469294626883,1847.710515171847
181.2833940061943,1354.4319292675916,5.8745894129502,0.9997476525012241,1847.7118514759316
181.70303149231975,1351.9668812624625,5.873874888442933,0.9997483754767358,1847.7131876635365
182.1226689784452,1349.5021330536174,5.87316057826219,0.9997490983721129,1847.7145237030384
182.54230646457066,1347.0376845511394,5.872446482354557,0.9997498212040974,1847.7158596253794
182.9619439506961,1344.573535665141,5.871732600623681,0.999750543974791,1847.717195434444
183.38158143682153,1342.1096863057594,5.871018932913228,0.9997512666658507,1847.718531096331
183.801218922947,1339.6461363832036,5.870305479162319,0.9997519892914108,1847.719866637163
184.22085640907244,1337.1828858077183,5.869592239284934,0.999752711857028,1847.7212020672096
184.6404938951979,1334.7199344895696,5.868879213124461,0.9997534343441868,1847.7225373522515
185.06013138132334,1332.2572823390922,5.868166400609854,0.9997541567634962,1847.7238725118953
185.4797688674488,1329.7949292666622,5.867453801665017,0.9997548791238248,1847.725207562532
185.89940635357425,1327.3328751826748,5.866741416135743,0.9997556014074034,1847.7265424713212
186.3190438396997,1324.8711199975896,5.866029243938956,0.9997563236206763,1847.7278772501732
186.73868132582515,1322.4096636219138,5.865317285007655,0.9997570457755468,1847.7292119210867
187.1583188119506,1319.9485059661722,5.864605539192343,0.9997577678557763,1847.7305464540505
187.57795629807603,1317.487646940949,5.8638940063968255,0.9997584898632706,1847.731880852587
187.99759378420148,1315.0270864568815,5.863182686561978,0.9997592118125546,1847.7332151435398
188.41723127032694,1312.5668244246244,5.862471579544938,0.9997599336895782,1847.734549300943
188.8368687564524,1310.106860754886,5.86176068523606,0.9997606554915935,1847.7358833197175
189.25650624257784,1307.6471953584328,5.861050003582514,0.9997613772352064,1847.7372172305538
189.6761437287033,1305.1878281460506,5.860339534449582,0.9997620989090744,1847.738551012489
190.09578121482875,1302.7287590285707,5.859629277714646,0.9997628205059542,1847.7398846521367
190.5154187009542,1300.2699879168895,5.858919233329171,0.9997635420438556,1847.7412181827815
190.93505618707965,1297.8115147219219,5.858209401167719,0.9997642635145293,1847.7425515891775
191.3546936732051,1295.3533393546236,5.857499781095941,0.9997649849066592,1847.7438848504105
191.77433115933053,1292.8954617260185,5.856790373067219,0.999765706238848,1847.7452180008618
192.19396864545598,1290.4378817471522,5.8560811769661445,0.9997664275061995,1847.746551031482
192.61360613158143,1287.9805993291047,5.8553721926486535,0.9997671486940077,1847.7478839150924
193.0332436177069,1285.5236143830264,5.854663420067283,0.9997678698205275,1847.7492166854306
193.45288110383234,1283.0669268200934,5.853954859117002,0.9997685908843358,1847.750549339867
193.8725185899578,1280.6105365515102,5.853246509646842,0.999769311868297,1847.7518818467317
194.29215607608324,1278.1544434885534,5.852538371605329,0.9997700327892326,1847.7532142371135
194.7117935622087,1275.6986475425283,5.851830444897821,0.9997707536492036,1847.7545465148223
195.13143104833415,1273.2431486247654,5.85112272936989,0.9997714744298156,1847.7558786458615
195.5510685344596,1270.7879466466648,5.850415224962645,0.9997721951452978,1847.7572106565287
195.97070602058503,1268.3330415196626,5.8497079315917695,0.9997729158011687,1847.7585425570242
196.39034350671048,1265.878433155215,5.849000849102505,0.999773636378852,1847.7598743130147
196.80998099283593,1263.424121464846,5.8482939774258345,0.9997743568890489,1847.7612059442786
197.22961847896138,1260.9701063601196,5.847587316487363,0.9997750773406087,1847.7625374671704
197.64925596508684,1258.5163877526202,5.846880866134694,0.9997757977156858,1847.7638688487089
198.0688934512123,1256.0629655539938,5.846174626286804,0.9997765180208151,1847.765200100971
198.48853093733774,1253.6098396759337,5.845468596878395,0.99977723826789,1847.7665312459383
198.9081684234632,1251.1570100301503,5.844762777761757,0.999777958440596,1847.7678622534588
199.32780590958865,1248.7044765284124,5.84405716884274,0.9997786785409128,1847.769193127191
199.7474433957141,1246.2522390825416,5.84335177006395,0.9997793985833757,1847.770523893999
200.16708088183952,1243.8002976043758,5.842646581284267,0.999780118553852,1847.7718545277628
200.58671836796498,1241.3486520058052,5.841941602396103,0.9997808384496574,1847.7731850235214
201.00635585409043,1238.8973021987783,5.841236833348368,0.9997815582874215,1847.7745154120098
201.42599334021588,1236.446248095262,5.840532274008066,0.9997822780557223,1847.7758456721172
201.84563082634133,1233.9954896072672,5.839827924254616,0.9997829977473585,1847.7771757905348
202.2652683124668,1231.545026646869,5.839123784041256,0.9997837173803811,1847.778505800624
202.68490579859224,1229.0948591261624,5.838419853244246,0.9997844369464677,1847.7798356870037
203.1045432847177,1226.64498695728,5.8377161317312485,0.9997851564343216,1847.7811654287955
203.52418077084315,1224.1954100524226,5.837012619457454,0.9997858758626025,1847.7824950604856
203.9438182569686,1221.7461283238126,5.836309316309137,0.9997865952263473,1847.7838245729013
204.36345574309402,1219.297141683705,5.835606222144204,0.999787314510848,1847.7851539388603
204.78309322921947,1216.848450044425,5.834903336917042,0.9997880337344298,1847.78648319223
205.20273071534493,1214.4000533183223,5.834200660524293,0.9997887528956125,1847.7878123302748
205.62236820147038,1211.9519514177753,5.833498192816905,0.9997894719772334,1847.7891413212758
206.04200568759583,1209.5041442552324,5.832795933745308,0.9997901909962006,1847.790470196481
206.46164317372128,1207.056631743171,5.832093883216521,0.9997909099545254,1847.7917989596085
206.88128065984674,1204.6094137940918,5.831392041077982,0.999791628833769,1847.79312757658
207.3009181459722,1202.162490320566,5.830690407272745,0.9997923476482501,1847.7944560738586
207.72055563209764,1199.715861235198,5.829988981718152,0.9997930664034539,1847.7957844615823
208.1401931182231,1197.269526450613,5.829287764261263,0.9997937850807391,1847.7971127052986
208.55983060434852,1194.8234858795036,5.828586754835038,0.9997945036909051,1847.7984408249663
208.97946809047397,1192.3777394346002,5.827885953366742,0.9997952222427734,1847.79976883689
209.39910557659942,1189.932287028653,5.827185359705754,0.999795940718428,1847.801096707957
209.81874306272488,1187.4871285744744,5.82648497377305,0.9997966591244919,1847.802424450408
210.23838054885033,1185.0422639849219,5.825784795505003,0.9997973774728515,1847.8037520862108
210.65801803497578,1182.5976931728703,5.825084824755635,0.9997980957471116,1847.8050795850652
211.07765552110124,1180.1534160512515,5.8243850614328085,0.9997988139493303,1847.8064069507739
211.4972930072267,1177.7094325330493,5.823685505480814,0.9997995320940508,1847.8077342102154
211.91693049335214,1175.265742531264,5.822986156760235,0.9998002501670596,1847.8090613371212
212.3365679794776,1172.8223459589465,5.8222870151654895,0.9998009681657339,1847.8103883266435
212.75620546560302,1170.3792427292058,5.821588080647197,0.9998016861067297,1847.8117152095656
213.17584295172847,1167.9364327551677,5.820889353074033,0.9998024039785416,1847.8130419646236
213.59548043785392,1165.4939159500025,5.820190832327413,0.9998031217740149,1847.8143685785942
214.01511792397937,1163.0516922269435,5.819492518362311,0.9998038395112399,1847.8156950849116
214.43475541010483,1160.6097614992416,5.818794411056639,0.9998045571818186,1847.817021468055
214.85439289623028,1158.1681236801867,5.818096510280027,0.9998052747744774,1847.8183477071884
215.27403038235573,1155.726778683136,5.817398815989434,0.9998059923079311,1847.8196738369
215.69366786848119,1153.2857264214656,5.816701328072772,0.9998067097771479,1847.8209998478906
216.11330535460664,1150.8449668085855,5.816004046389882,0.9998074271674219,1847.8223257129807
216.5329428407321,1148.4044997579745,5.815306970896958,0.999808144497146,1847.8236514661637
216.95258032685754,1145.9643251831349,5.814610101492269,0.9998088617647826,1847.8249771045982
217.37221781298297,1143.5244429975967,5.813913438028643,0.9998095789531438,1847.8263025965175
217.79185529910842,1141.0848531149597,5.813216980458369,0.9998102960792228,1847.8276279733282
218.21149278523387,1138.645555448852,5.812520728690085,0.9998110131449824,1847.828953238658
218.63113027135932,1136.2065499129242,5.8118246825730555,0.9998117301319371,1847.8302783583422
219.05076775748478,1133.7678364208964,5.811128842052235,0.9998124470544969,1847.831603359013
219.47040524361023,1131.3294148865211,5.810433207046588,0.9998131639181138,1847.832928250747
219.89004272973568,1128.891285223571,5.809737777404944,0.9998138807040843,1847.8342529989766
220.30968021586114,1126.453447345885,5.809042553062202,0.9998145974232967,1847.8355776238252
220.7293177019866,1124.0159011673404,5.808347533947247,0.9998153140845547,1847.8369021415638
221.14895518811204,1121.5786466018324,5.807652719911192,0.999816030669868,1847.8382265189432
221.56859267423746,1119.1416835633174,5.806958110876969,0.9998167471859473,1847.8395507683656
221.98823016036292,1116.7050119657974,5.80626370678258,0.9998174636446715,1847.8408749117857
222.40786764648837,1114.2686317232901,5.805569507483741,0.9998181800295661,1847.8421989187557
222.82750513261382,1111.8325427498696,5.804875512890285,0.9998188963427679,1847.8435227932243
223.24714261873928,1109.3967449596616,5.8041817229481465,0.9998196125988279,1847.8448465620847
223.66678010486473,1106.9612382668065,5.803488137519566,0.9998203287834496,1847.8461701989147
224.08641759099018,1104.5260225854956,5.8027947565009335,0.9998210448940741,1847.8474936989844
224.50605507711563,1102.0910978299778,5.802101579844528,0.9998217609473797,1847.8488170931187
224.92569256324109,1099.6564639145167,5.801408607420667,0.9998224769317843,1847.8501403599116
225.34533004936654,1097.222120753421,5.800715839112714,0.9998231928401746,1847.8514634862165
225.76496753549196,1094.7880682610612,5.800023274877335,0.9998239086906823,1847.852786505544
226.18460502161741,1092.3543063518246,5.799330914594058,0.9998246244748332,1847.8541094022326
226.60424250774287,1089.9208349401365,5.798638758134443,0.9998253401813774,1847.8554321554898
227.02387999386832,1087.487653940489,5.797946805457175,0.9998260558290845,1847.8567548000058
227.44351747999377,1085.054763267393,5.797255056451759,0.9998267714128537,1847.858077326353
227.86315496611923,1082.6221628353915,5.79656351097993,0.9998274869179802,1847.8593997073547
228.28279245224468,1080.189852559096,5.795872168999648,0.9998282023629274,1847.860721977134
228.70242993837013,1077.757832353141,5.795181030410772,0.999828917746097,1847.8620441327375
229.12206742449558,1075.326102132188,5.794490095067972,0.9998296330502819,1847.8633661423635
229.54170491062104,1072.894661810967,5.793799362925345,0.9998303482925519,1847.8646880375593
229.96134239674646,1070.4635113042361,5.793108833893116,0.9998310634748254,1847.8660098218709
230.3809798828719,1068.032650526775,5.79241850782233,0.9998317785785702,1847.8673314610473
230.80061736899737,1065.6020793934315,5.791728384659808,0.9998324936182899,1847.8686529818945
231.22025485512282,1063.171797819087,5.791038464326088,0.9998332085994006,1847.8699743944212
231.63989234124827,1060.7418057186403,5.790348746671737,0.9998339235031337,1847.8712956639406
232.05952982737372,1058.3121030070565,5.78965923163355,0.9998346383404737,1847.872616810754
232.47916731349918,1055.8826895993388,5.788969919141991,0.9998353531202008,1847.873937851088
232.89880479962463,1053.4535654105066,5.788280809049864,0.9998360678242516,1847.875258751559
233.31844228575008,1051.024730355641,5.787591901282022,0.999836782459426,1847.8765795247339
233.73807977187553,1048.5961843498667,5.786903195778052,0.9998374970375943,1847.8779001925516
234.15771725800096,1046.1679273083241,5.786214692395327,0.9998382115422033,1847.8792207244182
234.5773547441264,1043.7399591462092,5.7855263910456065,0.9998389259754668,1847.880541124426
234.99699223025186,1041.3122797787685,5.7848382916764285,0.9998396403519453,1847.881861419485
235.41662971637732,1038.884889121263,5.784150394151655,0.9998403546572575,1847.883181583016
235.83626720250277,1036.4577870890043,5.783462698369604,0.9998410688889107,1847.8845016104117
236.25590468862822,1034.0309735973592,5.782775204284183,0.9998417830636078,1847.8858215325426
236.67554217475367,1031.6044485617101,5.782087911767296,0.9998424971696822,1847.8871413278466
237.09517966087913,1029.1782118974834,5.781400820704228,0.9998432112000679,1847.8884609832644
237.51481714700458,1026.7522635201653,5.7807139310532945,0.9998439251729386,1847.889780532384
237.93445463313003,1024.3266033452605,5.780027242695595,0.9998446390797386,1847.8910999593934
238.35409211925545,1021.9012312883095,5.779340755504582,0.9998453529092447,1847.8924192435497
238.7737296053809,1019.4761472649183,5.778654469440624,0.999846066680283,1847.8937384196472
239.19336709150636,1017.051351190712,5.777968384394787,0.9998467803876838,1847.8950574781315
239.6130045776318,1014.6268429813471,5.777282500230656,0.9998474940167417,1847.8963763918237
240.03264206375727,1012.2026225525473,5.776596816907918,0.9998482075859885,1847.8976951949746
240.45227954988272,1009.7786898200591,5.775911334327978,0.9998489210937704,1847.8990138845272
240.87191703600817,1007.3550446996546,5.775226052347309,0.999849634522852,1847.900332428628
241.29155452213362,1004.9316871071748,5.774540970921786,0.9998503478903912,1847.901650858987
241.71119200825908,1002.5086169584868,5.773856089963175,0.9998510611982563,1847.902969179058
242.13082949438453,1000.0858341694795,5.773171409324261,0.9998517744278688,1847.904287354504
242.55046698050995,997.6633386561097,5.772486928953694,0.9998524875938261,1847.9056054123039
242.9701044666354,995.2411303343646,5.771802648773546,0.9998532007015042,1847.9069233623936
243.38974195276086,992.819209120251,5.771118568636082,0.9998539137320768,1847.9082411699787
243.8093794388863,990.3975749298398,5.770434688479953,0.9998546266966216,1847.9095588555324
244.22901692501176,987.9762276792396,5.769751008237163,0.9998553396038931,1847.910876435235
244.64865441113722,985.5551672845744,5.769067527762171,0.999856052435757,1847.912193875571
245.06829189726267,983.1343936620291,5.7683842469817055,0.9998567651991023,1847.9135111892717
245.48792938338812,980.7139067278317,5.7677011658369075,0.9998574779057905,1847.9148283982606
245.90756686951357,978.2937063982254,5.767018284186757,0.9998581905391873,1847.916145471794
246.32720435563903,975.8737925895077,5.766335601944914,0.9998589031015889,1847.9174624141153
246.74684184176445,973.4541652180266,5.765653119060474,0.999859615607559,1847.9187792521413
247.1664793278899,971.0348242001432,5.7649708353988816,0.9998603280426386,1847.920095959149
247.58611681401536,968.6157694522689,5.764288750860347,0.9998610404043946,1847.9214125306416
248.0057543001408,966.1970008908694,5.76360686540036,0.999861752709556,1847.9227289975374
248.42539178626626,963.7785184324256,5.762925178892382,0.9998624649463751,1847.9240453381244
248.8450292723917,961.3603219934611,5.762243691223572,0.9998631771078312,1847.9253615394273
249.26466675851717,958.9424114905597,5.76156240235386,0.9998638892121351,1847.9266776351024
249.68430424464262,956.5247868403214,5.760881312165883,0.9998646012506593,1847.9279936092053
250.10394173076807,954.1074479593827,5.7602004205349395,0.9998653132122026,1847.9293094410332
250.52357921689352,951.6903947644445,5.759519727423049,0.9998660251156458,1847.930625165482
250.94321670301895,949.2736271722259,5.758839232722795,0.9998667369557486,1847.9319407728665
251.3628541891444,946.8571450994764,5.758158936299575,0.9998674487178091,1847.933256236015
251.78249167526985,944.4409484630129,5.757478838114768,0.9998681604204293,1847.934571589307
252.2021291613953,942.0250371796736,5.7567989380712845,0.999868872061894,1847.9358868295733
252.62176664752076,939.609411166322,5.756119236027361,0.9998695836249458,1847.937201924918
253.0414041336462,937.1940703398895,5.755439731940612,0.999870295126825,1847.9385169072052
253.46104161977166,934.7790146173332,5.7547604257243075,0.9998710065693533,1847.9398317798011
253.88067910589712,932.3642439156314,5.754081317232936,0.999871717933904,1847.9411465082806
254.30031659202257,929.9497581518289,5.753402406416934,0.9998724292351694,1847.9424611197976
254.71995407814802,927.5355572430012,5.752723693199873,0.9998731404784882,1847.943775624219
255.13959156427345,925.1216411062424,5.752045177435672,0.99987385164497,1847.9450899866317
255.5592290503989,922.7080096587093,5.751366859064808,0.999874562745788,1847.9464042276863
255.97886653652435,920.2946628175961,5.750688738020782,0.9998752737896756,1847.947718363523
256.39850402264983,917.881600500112,5.750010814159668,0.9998759847584224,1847.9490323604866
256.8181415087753,915.4688226235265,5.7493330874100375,0.9998766956590059,1847.950346231472
257.2377789949007,913.0563291051516,5.748655557714543,0.9998774065032844,1847.9516599983956
257.65741648102613,910.6441198623123,5.747978224933741,0.9998781172745393,1847.9529736303589
258.0770539671516,908.2321948123894,5.747301088983139,0.9998788279751443,1847.9542871317483
258.49669145327704,905.8205538728116,5.746624149813365,0.9998795386196764,1847.955600529505
258.9163289394025,903.4091969610218,5.745947407291406,0.9998802491935888,1847.956913796744
259.33596642552794,900.9981239945108,5.745270861319324,0.9998809596945166,1847.9582269290945
259.7556039116534,898.5873348908243,5.744594511854153,0.9998816701392094,1847.9595399575126
260.17524139777885,896.1768295675218,5.743918358770877,0.9998823805158393,1847.9608528601384
260.5948788839043,893.7666079422052,5.743242401958494,0.9998830908174331,1847.962165624084
261.01451637002975,891.3566699325355,5.742566641378504,0.9998838010622384,1847.9634782830744
261.4341538561552,888.9470154561897,5.741891076915044,0.999884511241552,1847.9647908210245
261.85379134228066,886.5376444308803,5.741215708445226,0.9998852213441964,1847.9661032172764
262.2734288284061,884.1285567743835,5.740540535932679,0.9998859313891103,1847.9674155068317
262.69306631453156,881.7197524044929,5.739865559271468,0.9998866413709814,1847.968727679873
263.112703800657,879.3112312390324,5.7391907783287675,0.9998873512751094,1847.9700397092308
263.53234128678247,876.9029931958921,5.738516193067604,0.9998880611201675,1847.9713516294173
263.9519787729079,874.4950381929827,5.737841803392367,0.9998887709043798,1847.9726634371495
264.3716162590334,872.0873661482399,5.737167609163015,0.9998894806104657,1847.9739751004906
264.7912537451588,869.6799769796663,5.736493610338858,0.9998901902557491,1847.9752866514577
265.2108912312843,867.2728706052894,5.7358198068346375,0.9998908998420035,1847.9765980933287
265.6305287174097,864.866046943158,5.735146198506509,0.9998916093505558,1847.9779093915924
266.0501662035351,862.4595059113852,5.7344727853066555,0.9998923187961902,1847.9792205735725
266.4698036896606,860.0532474281159,5.733799567160114,0.9998930281842103,1847.9805316490713
266.88944117578603,857.6472714115114,5.733126543922424,0.9998937374956641,1847.9818425830617
267.3090786619115,855.2415777797963,5.732453715535842,0.9998944467418179,1847.9831533963663
267.72871614803694,852.836166451231,5.731781081935334,0.9998951559313817,1847.9844641050822
268.1483536341624,850.4310373440907,5.731108642978553,0.9998958650460715,1847.9857746754178
268.56799112028784,848.02619037671,5.7304363985958755,0.9998965740929565,1847.987085120438
268.9876286064133,845.6216254674648,5.729764348731424,0.9998972830838829,1847.9883954620368
269.40726609253875,843.2173425347451,5.729092493247299,0.9998979920020549,1847.9897056691723
269.8269035786642,840.813341496994,5.728420832060824,0.9998987008499269,1847.9910157463812
270.24654106478965,838.409622272703,5.727749365124111,0.9998994096420782,1847.9923257206078
270.6661785509151,836.0061847803764,5.7270780923056614,0.9999001183638828,1847.9936355648217
271.08581603704056,833.6030289385667,5.7264070135093466,0.9999008270130406,1847.994945274771
271.505453523166,831.2001546658796,5.725736128693716,0.9999015356063237,1847.996254881454
271.92509100929146,828.7975618809344,5.7250654377352275,0.9999022441318216,1847.997564362858
272.3447284954169,826.3952505023923,5.724394940524688,0.9999029525826088,1847.998873706183
272.76436598154237,823.9932204489728,5.723724637025135,0.9999036609769733,1848.000182945229
273.1840034676678,821.5914716394102,5.723054527122163,0.999904369306132,1848.0014920637632
273.6036409537933,819.1900039924744,5.722384610694663,0.999905077558935,1848.0028010411784
274.02327843991867,816.7888174269983,5.721714887707836,0.9999057857543733,1848.0041099125733
274.4429159260441,814.3879118618306,5.721045358057193,0.9999064938870684,1848.0054186680075
274.8625534121696,811.9872872158506,5.720376021611648,0.9999072019423205,1848.0067272803135
275.282190898295,809.586943408003,5.719706878335843,0.999907909938869,1848.0080357841246
275.7018283844205,807.1868803572519,5.7190379281356,0.9999086178748827,1848.0093441760566
276.12146587054593,804.787097982586,5.71836917087257,0.9999093257330568,1848.0106524241273
276.5411033566714,802.3875962030608,5.717700606507727,0.9999100335307987,1848.0119605605082
276.96074084279684,799.9883749377551,5.717032234957238,0.9999107412698308,1848.0132685883832
277.3803783289223,797.5894341057684,5.716364056078897,0.9999114489314378,1848.0145764731628
277.80001581504774,795.1907736262655,5.715696069826592,0.9999121565304933,1848.015884242336
278.2196533011732,792.7923934184398,5.715028276126791,0.9999128640722671,1848.0171919056422
278.63929078729865,790.3942934015022,5.714360674836617,0.9999135715377443,1848.018499427939
279.0589282734241,787.9964734947257,5.713693265900071,0.9999142789382842,1848.0198068302202
279.47856575954955,785.5989336174183,5.71302604925355,0.9999149862825747,1848.0211141285422
279.898203245675,783.2016736889026,5.712359024756248,0.9999156935522593,1848.022421288979
280.31784073180046,780.8046936285594,5.711692192340306,0.9999164007544933,1848.0237283247557
280.7374782179259,778.4079933558104,5.711025551951289,0.9999171079011184,1848.0250352577568
281.15711570405136,776.0115727900903,5.7103591034528,0.9999178149752553,1848.026342056787
281.5767531901768,773.6154318508874,5.709692846763943,0.9999185219794404,1848.0276487265337
281.99639067630227,771.2195704577366,5.709026781838281,0.99991922892826,1848.028955293955
282.41602816242766,768.8239885301857,5.7083609085457905,0.9999199358070044,1848.030261731865
282.8356656485531,766.4286859878288,5.70769522679212,0.9999206426134392,1848.0315680361336
283.25530313467857,764.033662750314,5.707029736537292,0.9999213493643584,1848.0328742378001
283.674940620804,761.6389187373017,5.7063644376592135,0.9999220560477703,1848.0341803147007
284.0945781069295,759.2444538684933,5.7056993300504555,0.9999227626567977,1848.0354862541253
284.5142155930549,756.8502680636484,5.705034413675558,0.9999234692097646,1848.0367920899405
284.9338530791804,754.4563612425405,5.704369688421542,0.9999241756978136,1848.0380978057756
285.35349056530583,752.0627333249781,5.703705154169039,0.99992488210982,1848.0394033810708
285.7731280514313,749.6693842308314,5.703040810884787,0.9999255884648283,1848.0407088510228
286.19276553755674,747.2763138799871,5.702376658465708,0.999926294757389,1848.042014205561
286.6124030236822,744.8835221923608,5.701712696782419,0.9999270009728066,1848.0433194175246
287.03204050980764,742.4910090879328,5.701048925801142,0.9999277071298914,1848.044624521679
287.4516779959331,740.0987744867025,5.7003853454290985,0.9999284132267476,1848.0459295145204
287.87131548205855,737.7068183086939,5.699721955529591,0.9999291192460508,1848.0472343640295
288.290952968184,735.3151404739955,5.699058756065225,0.9999298252052911,1848.048539102532
288.71059045430945,732.92374090272,5.69839574695356,0.9999305311061412,1848.049843733119
289.1302279404349,730.5326195149994,5.697732928053991,0.9999312369298413,1848.051148221119
289.54986542656036,728.1417762310302,5.697070299322082,0.999931942691361,1848.0524525941985
289.9695029126858,725.7512109710377,5.696407860685685,0.9999326483959265,1848.0537568620166
290.38914039881126,723.3609236552632,5.695745612003481,0.9999333540244647,1848.0550609893226
290.80877788493666,720.9709142040099,5.695083553221177,0.9999340595884296,1848.0563649972858
291.2284153710621,718.5811825376148,5.694421684276562,0.9999347650964828,1848.057668901914
291.64805285718757,716.1917285764295,5.693760005030339,0.9999354705301974,1848.0589726691512
292.067690343313,713.8025522408627,5.693098515416387,0.9999361758968198,1848.0602763123902
292.48732782943847,711.4136534513639,5.6924372153816645,0.999936881208178,1848.0615798534911
292.9069653155639,709.0250321283945,5.691776104791251,0.9999375864473158,1848.0628832611158
293.3266028016894,706.6366881924688,5.691115183565992,0.9999382916168493,1848.0641865400994
293.7462402878148,704.2486215641474,5.6904544516608695,0.9999389967313713,1848.065489717412
294.1658777739403,701.8608321640025,5.689793908947296,0.9999397017760895,1848.0667927657144
294.58551526006573,699.4733199126533,5.689133555332665,0.9999404067488334,1848.0680956809958
295.0051527461912,697.086084730771,5.688473390778439,0.9999411116664222,1848.0693984943405
295.42479023231664,694.6991265390388,5.687813415163936,0.9999418165167803,1848.0707011834309
295.8444277184421,692.3124452581808,5.68715362838346,0.9999425212930795,1848.0720037356473
296.26406520456754,689.926040808978,5.686494030403016,0.9999432260136817,1848.073306184926
296.683702690693,687.5399131122249,5.685834621111017,0.9999439306696514,1848.074608514752
297.10334017681845,685.1540620887505,5.6851754003898005,0.9999446352498904,1848.0759107046144
297.5229776629439,682.7684876594446,5.684516368207608,0.9999453397734984,1848.0772127898126
297.94261514906935,680.3831897452129,5.683857524462736,0.9999460442349539,1848.0785147601416
298.3622526351948,677.9981682669898,5.683198869027472,0.9999467486195663,1848.0798165884512
298.78189012132026,675.613423145773,5.682540401869581,0.9999474529462132,1848.08111830963
299.20152760744566,673.22895430258,5.681882122897651,0.9999481572129394,1848.0824199200647
299.6211650935711,670.8447616584499,5.681224031976608,0.9999488614023982,1848.0837213876957
300.04080257969656,668.4608451344881,5.6805661290706455,0.9999495655321644,1848.0850227450037
300.460440065822,666.0772046518222,5.679908414098687,0.9999502696038601,1848.0863239949874
300.88007755194747,663.6938401315988,5.679250886921687,0.9999509735986791,1848.0876251028892
301.2997150380729,661.3107514950286,5.6785935474968525,0.9999516775316843,1848.088926096548
301.71935252419837,658.9279386633501,5.6779363957533935,0.9999523814080662,1848.090226985557
302.1389900103238,656.5454015578175,5.677279431551507,0.9999530852086893,1848.09152773455
302.5586274964493,654.1631400997456,5.676622654838572,0.9999537889451018,1848.0928283648705
302.97826498257473,651.7811542104837,5.675966065553742,0.9999544926259417,1848.094128892483
303.3979024687002,649.3994438113936,5.675309663559192,0.9999551962327079,1848.0954292831939
303.81753995482563,647.0180088238945,5.674653448790496,0.9999558997727378,1848.0967295505645
304.2371774409511,644.6368491694452,5.6739974211959865,0.9999566032578507,1848.0980297164385
304.65681492707654,642.255964769516,5.673341580642173,0.99995730667101,1848.0993297493296
305.076452413202,639.8753555456298,5.672685927051616,0.9999580100149125,1848.1006296542214
305.49608989932744,637.4950214193544,5.672030460380679,0.9999587133041545,1848.1019294580913
305.9157273854529,635.1149623122695,5.671375180502181,0.9999594165238641,1848.1032291334527
306.33536487157835,632.7351781460004,5.670720087325223,0.999960119671936,1848.104528676415
306.7550023577038,630.3556688422241,5.670065180812673,0.9999608227652113,1848.105828118103
307.17463984382925,627.976434322629,5.669410460845229,0.9999615257915322,1848.107127436048
307.59427732995465,625.5974745089442,5.66875592731889,0.9999622287441188,1848.1084266177184
308.0139148160801,623.2187893229535,5.668101580201095,0.9999629316413718,1848.1097256971227
308.43355230220556,620.8403786864553,5.667447419381613,0.9999636344742755,1848.111024657598
308.853189788331,618.4622425212812,5.666793444744461,0.9999643372317623,1848.112323478689
309.27282727445646,616.0843807493229,5.666139656259342,0.9999650399329828,1848.1136221957904
309.6924647605819,613.7067932924876,5.665486053825897,0.9999657425723474,1848.1149207985707
310.11210224670737,611.3294800727106,5.66483263731805,0.9999664451351651,1848.1162192598788
310.5317397328328,608.9524410119894,5.664179406705077,0.999967147640387,1848.1175176147397
310.95137721895827,606.5756760323407,5.663526361896896,0.9999678500859944,1848.1188158594225
311.3710147050837,604.1991850558032,5.662873502760023,0.9999685524546207,1848.12011396183
311.7906521912092,601.8229680044802,5.662220829260207,0.9999692547639207,1848.1214119545923
312.21028967733463,599.447024800497,5.6615683413177,0.9999699570154701,1848.1227098406212
312.6299271634601,597.0713553659975,5.660916038794991,0.9999706591904173,1848.1240075850756
313.04956464958553,594.6959596231885,5.660263921650889,0.9999713613039175,1848.1253052159648
313.469202135711,592.3208374943042,5.65961198981593,0.9999720633611231,1848.1266027428117
313.88883962183644,589.9459889015936,5.658960243151792,0.9999727653428373,1848.127900130137
314.3084771079619,587.5714137673668,5.658308681607498,0.9999734672607034,1848.1291973994596
314.72811459408734,585.1971120139664,5.657657305123526,0.9999741691233351,1848.1304945666993
315.1477520802128,582.8230835637477,5.657006113563494,0.9999748709121581,1848.1317915975271
315.56738956633825,580.4493283391226,5.656355106864638,0.9999755726346005,1848.1330885056718
315.98702705246365,578.0758462625422,5.655704284976626,0.9999762743024708,1848.1343853129579
316.4066645385891,575.7026372564677,5.655053647767376,0.9999769758986535,1848.1356819877522
316.82630202471455,573.3297012434131,5.6544031951611196,0.9999776774259265,1848.136978535189
317.24593951084,570.9570381459363,5.6537529271155735,0.999978378898892,1848.138274982256
317.66557699696546,568.5846478866064,5.653102843504925,0.999979080302593,1848.1395713013098
318.0852144830909,566.2125303880381,5.652452944239955,0.999979781634993,1848.140867488587
318.50485196921636,563.8406855728964,5.651803229284906,0.9999804829129555,1848.1421635752536
318.9244894553418,561.4691133638577,5.651153698521816,0.9999811841242382,1848.143459538684
319.34412694146727,559.0978136836375,5.6505043518483475,0.999981885262109,1848.1447553664364
319.7637644275927,556.7267864550072,5.6498551892333495,0.9999825863450111,1848.1460510925967
320.18340191371817,554.3560316007504,5.6492062105679075,0.9999832873638465,1848.1473467003505
320.6030393998436,551.985549043684,5.648557415737679,0.9999839883075773,1848.1486421692973
321.0226768859691,549.6153387066848,5.647908804713806,0.9999846891954061,1848.1499375349276
321.44231437209453,547.2454005126436,5.647260377397235,0.9999853900216731,1848.1512327867804
321.86195185822,544.875734384479,5.646612133663499,0.9999860907716919,1848.152527897713
322.28158934434543,542.5063402451718,5.645964073483345,0.9999867914644816,1848.153822902876
322.7012268304709,540.1372180177206,5.645316196767996,0.9999874920979626,1848.155117798426
323.12086431659634,537.7683676251461,5.644668503385522,0.9999881926547479,1848.156412552229
323.5405018027218,535.3997889905321,5.644020993303195,0.9999888931525753,1848.157707197067
323.96013928884724,533.0314820369845,5.643373666442561,0.9999895935929678,1848.159001735755
324.3797767749727,530.6634466876269,5.642726522667611,0.9999902939570324,1848.1602961333756
324.7994142610981,528.2956828656456,5.64207956193873,0.9999909942600177,1848.1615904181108
325.21905174722355,525.9281904942527,5.64143278418774,0.999991694507036,1848.1628845994087
325.638689233349,523.5609694966757,5.640786189277772,0.9999923946788282,1848.1641786416756
326.05832671947445,521.1940197962019,5.640139777159459,0.9999930947871358,1848.1654725666117
326.4779642055999,518.8273413161504,5.639493547774572,0.9999937948405457,1848.166766390087
326.89760169172536,516.4609339798529,5.638847500988137,0.9999944948204108,1848.168060077638
327.3172391778508,514.094797710697,5.6382016367390255,0.9999951947342521,1848.1693536431658
327.73687666397626,511.72893243210797,5.637555954978206,0.9999958945938644,1848.1706471084685
328.1565141501017,509.36333806752225,5.636910455574965,0.9999965943820546,1848.1719404417704
328.57615163622717,506.99801454042705,5.636265138455182,0.9999972941016814,1848.1732336483549
328.9957891223526,504.63296177435353,5.635620003577891,0.9999979937673513,1848.1745267552178
329.41542660847807,502.2681796928433,5.634975050818621,0.9999986933640264,1848.1758197345657
329.8350640946035,499.90366821948294,5.634330280089795,0.9999993928897358,1848.1771125827565
330.254701580729,497.5394272779087,5.633685691356995,1.0000000923613632,1848.1784053309939
330.67433906685443,495.1754567917676,5.633041284503574,1.0000007917665876,1848.1796979565067
331.0939765529799,492.8117566847455,5.632397059428829,1.0000014910987247,1848.1809904469412
331.51361403910533,490.4483268805831,5.631753016102971,1.0000021903762513,1848.182282836446
331.9332515252308,488.0851673030329,5.631109154418386,1.0000028895899957,1848.18357510807
332.35288901135624,485.7222778758803,5.630465474262336,1.0000035887289465,1848.1848672414615
332.7725264974817,483.3596585229694,5.629821975607364,1.0000042878123594,1848.1861592722096
333.1921639836071,480.9973091681588,5.6291786583557,1.0000049868345047,1848.1874511897238
333.61180146973254,478.63522973533287,5.6285355223844435,1.0000056857806987,1848.188742966867
334.031438955858,476.2734201484386,5.62789256766579,1.0000063846700307,1848.1900346389186
334.45107644198345,473.9118803314397,5.627249794112232,1.000007083500359,1848.1913262019211
334.8707139281089,471.55061020832187,5.626607201593357,1.0000077822542743,1848.1926176236987
335.29035141423435,469.189609703133,5.625964790077934,1.0000084809495997,1848.1939089371917
335.7099889003598,466.82887873994224,5.625322559488774,1.0000091795878068,1848.19520014512
336.12962638648526,464.4684172428363,5.624680509691333,1.0000098781499596,1848.1964912124863
336.5492638726107,462.10822513596366,5.624038640647538,1.0000105766513983,1848.1977821676421
336.96890135873616,459.7483023434983,5.623396952290473,1.0000112750971957,1848.199073019963
337.3885388448616,457.3886487896291,5.622755444484686,1.000011973468035,1848.200363733748
337.80817633098707,455.0292643986035,5.622114117182388,1.0000126717757514,1848.2016543308707
338.2278138171125,452.67014909470083,5.621472970326613,1.0000133700289056,1848.2029448271521
338.647451303238,450.3113028022119,5.620832003783762,1.0000140682087781,1848.2042351879968
339.0670887893634,447.9527254454832,5.620191217494308,1.0000147663229797,1848.2055254274694
339.4867262754889,445.5944169488981,5.619550611410496,1.0000154643833001,1848.2068155673599
339.90636376161433,443.2363772368507,5.618910185402947,1.000016162372459,1848.2081055757317
340.3260012477398,440.87860623378515,5.6182699393991555,1.0000168602934019,1848.2093954580275
340.74563873386523,438.52110386418906,5.617629873359444,1.0000175581607396,1848.2106852412517
341.1652762199907,436.1638700525598,5.616989987160645,1.0000182559593478,1848.2119748974517
341.5849137061161,433.8069047234395,5.6163502807168,1.0000189536873276,1848.2132644231178
342.00455119224154,431.45020780141846,5.615710753994796,1.0000196513615802,1848.2145538494863
342.424188678367,429.09377921109797,5.61507140687927,1.0000203489697028,1848.2158431536348
342.84382616449244,426.7376188771175,5.614432239271121,1.0000210465050623,1848.2171323233038
343.2634636506179,424.38172672417045,5.613793251141896,1.000021743986172,1848.21842139271
343.68310113674335,422.02610267696167,5.613154442385241,1.000022441403781,1848.2197103447556
344.1027386228688,419.6707466602282,5.612515812889998,1.0000231387469065,1848.2209991591421
344.52237610899425,417.31565859876537,5.611877362630085,1.000023836034859,1848.2222878715588
344.9420135951197,414.9608384173817,5.611239091508972,1.0000245332618343,1848.223576471279
345.36165108124516,412.6062860409124,5.610600999405305,1.0000252304131576,1848.2248649311814
345.7812885673706,410.2520013942535,5.609963086292692,1.0000259275079844,1848.2261532866673
346.20092605349606,407.8979844023173,5.609325352084859,1.0000266245441087,1848.2274415336615
346.6205635396215,405.54423499003775,5.60868779665289,1.0000273215041058,1848.2287296399584
347.04020102574697,403.1907530824105,5.608050419967018,1.000028018405879,1848.2300176386475
347.4598385118724,400.8375386044515,5.607413221951283,1.00002871525085,1848.2313055323555
347.8794759979979,398.48459148119395,5.6067762024725765,1.0000294120200368,1848.2325932860015
348.2991134841233,396.1319116377322,5.606139361494341,1.0000301087288763,1848.2338809281143
348.7187509702488,393.7794989991856,5.605502698950886,1.0000308053824007,1848.2351684679952
349.13838845637423,391.42735349068744,5.60486621470815,1.0000315019612314,1848.236455869829
349.5580259424997,389.0754750374296,5.6042299087198915,1.0000321984773008,1848.237743155668
349.9776634286251,386.723863564635,5.603593780930374,1.0000328949391428,1848.239030341286
350.39730091475053,384.37251899753693,5.6029578312073465,1.000033591327966,1848.2403173919522
350.816938400876,382.02144126142434,5.602322059492853,1.0000342876514736,1848.241604321903
351.23657588700144,379.67063028162266,5.601686465740375,1.000034983921441,1848.242891152902
351.6562133731269,377.32008598346704,5.60105104982185,1.000035680120511,1848.2441778528703
352.07585085925234,374.9698082923424,5.600415811666349,1.0000363762517104,1848.2454644274012
352.4954883453778,372.6197971336762,5.599780751235452,1.000037072329652,1848.2467509035027
352.91512583150325,370.27005243290535,5.5991458684072715,1.000037768339133,1848.2480372530765
353.3347633176287,367.92057411551076,5.598511163097431,1.000038464278319,1848.249323472733
353.75440080375415,365.57136210702146,5.597876635274097,1.0000391601641345,1848.2506095937506
354.1740382898796,363.22241633297614,5.597242284823154,1.0000398559840904,1848.2518955930484
354.59367577600506,360.8737367189516,5.596608111647075,1.000040551731606,1848.2531814584634
355.0133132621305,358.52532319057775,5.595974115718717,1.0000412474252336,1848.2544672242839
355.43295074825596,356.1771756734954,5.595340296932951,1.0000419430556398,1848.2557528732602
355.8525882343814,353.82929409337726,5.594706655180171,1.0000426386118724,1848.25703838515
356.27222572050687,351.4816783759533,5.594073190435636,1.000043334113296,1848.2583237957433
356.6918632066323,349.1343284469665,5.593439902604029,1.0000440295540325,1848.2596090941759
357.1115006927578,346.7872442321858,5.592806791565511,1.000044724919413,1848.2608942533375
357.5311381788832,344.44042565744024,5.592173857295073,1.0000454202286615,1848.2621793087567
357.9507756650087,342.09387264857486,5.591541099707647,1.000046115479511,1848.2634642562446
358.3704131511341,339.7475851314558,5.590908518675783,1.0000468106545177,1848.264749063561
358.7900506372595,337.40156303200956,5.590276114171141,1.0000475057716647,1848.2660337639427
359.209688123385,335.0558062761833,5.589643886118965,1.000048200832323,1848.2673183599234
359.62932560951043,332.7103147899406,5.5890118343875566,1.0000488958174705,1848.268602816346
360.0489630956359,330.36508849930544,5.588379958941835,1.0000495907426348,1848.2698871619093
360.46860058176134,328.02012733032626,5.58774825971731,1.0000502856128084,1848.2711714058403
360.8882380678868,325.6754312090652,5.587116736581282,1.000050980408553,1848.2724555122127
361.30787555401224,323.331000061642,5.586485389489023,1.000051675141897,1848.2737395032584
361.7275130401377,320.98683381420665,5.585854218385998,1.0000523698213466,1848.275023394697
362.14715052626315,318.64293239292005,5.585223223141274,1.00005306442804,1848.2763071516695
362.5667880123886,316.2992957239972,5.5845924036984345,1.0000537589697698,1848.2775907885773
362.98642549851405,313.9559237336892,5.5839617600121745,1.0000544534583025,1848.2788743271676
363.4060629846395,311.6128163482564,5.583331291955707,1.0000551478761992,1848.28015773521
363.82570047076496,309.2699734940084,5.582700999459659,1.0000558422265684,1848.2814410184496
364.2453379568904,306.9273950972967,5.582070882486838,1.0000565365240315,1848.2827242039093
364.66497544301586,304.58508108448166,5.581440940916604,1.0000572307532978,1848.2840072633294
365.0846129291413,302.24303138196717,5.580811174666131,1.0000579249126043,1848.2852901934507
365.50425041526677,299.9012459162046,5.580181583704835,1.000058619018892,1848.2865730255844
365.9238879013922,297.55972461365445,5.579552167919827,1.0000593130595947,1848.2878557365048
366.3435253875177,295.21846740081486,5.5789229272151175,1.0000600070281775,1848.2891383141352
366.76316287364307,292.8774742042366,5.578293861564841,1.0000607009432312,1848.290420792834
367.1828003597685,290.53674495048,5.577664970865072,1.0000613947953432,1848.2917031552058
367.602437845894,288.1962795661377,5.57703625500772,1.0000620885735914,1848.2929853810633
368.0220753320194,285.8560779778586,5.576407713969357,1.0000627822973913,1848.2942675062916
368.4417128181449,283.516140112304,5.575779347655855,1.000063475960794,1848.2955495198944
368.86135030427033,281.1764658961609,5.575151155948857,1.0000641695491383,1848.296831394776
369.2809877903958,278.83705525617563,5.574523138824705,1.0000648630817142,1848.2981131665879
369.70062527652124,276.49790811910987,5.573895296199509,1.0000655565561916,1848.2993948310234
370.1202627626467,274.1590244117458,5.573267627947256,1.0000662499551085,1848.3006763558094
370.53990024877214,271.8204040609261,5.572640134041005,1.0000669432965312,1848.301957774336
370.9595377348976,269.4820469935126,5.572012814407177,1.0000676365817787,1848.3032390890407
371.37917522102305,267.1439531363836,5.571385668915448,1.0000683297917843,1848.3045202646852
371.7988127071485,264.8061224164768,5.570758697532188,1.0000690229421716,1848.3058013301445
372.21845019327395,262.4685547607543,5.570131900194079,1.0000697160378924,1848.30708229457
372.6380876793994,260.13125009619074,5.569505276769753,1.0000704090594466,1848.3083631219226
373.05772516552486,257.7942083498185,5.568878827215965,1.00007110201896,1848.309643834613
373.4773626516503,255.45742944869912,5.568252551479358,1.0000717949249143,1848.310924448316
373.89700013777576,253.1209133199048,5.567626449430282,1.0000724877583693,1848.312204928028
374.3166376239012,250.78465989056116,5.567000521013833,1.000073180527217,1848.3134852883336
374.73627511002667,248.4486690878292,5.5663747661858896,1.0000738732432053,1848.3147655509463
375.15591259615206,246.11294083887924,5.565749184820914,1.0000745658888202,1848.316045683496
375.5755500822775,243.77747507092923,5.56512377685106,1.000075258467252,1848.31732569188
375.99518756840297,241.44227171123936,5.5644985422403295,1.0000759509931247,1848.3186056031243
376.4148250545284,239.10733068707782,5.5638734808693,1.0000766434510637,1848.3198853888157
376.8344625406539,236.77265192575587,5.563248592656675,1.0000773358393766,1848.3211650458256
377.2541000267793,234.43823535463156,5.562623877573088,1.0000780281750263,1848.3224446055044
377.6737375129048,232.10408090107165,5.561999335506843,1.0000787204453587,1848.3237240444648
378.09337499903023,229.7701884924799,5.561374966363465,1.0000794126438937,1848.3250033507315
378.5130124851557,227.4365580563119,5.560750770118334,1.0000801047892574,1848.3262825587276
378.93264997128114,225.1031895200331,5.5601267466687,1.0000807968719576,1848.3275616509109
379.3522874574066,222.77008281113993,5.559502895907961,1.0000814888811032,1848.328840607152
379.77192494353204,220.43723785718467,5.558879217813971,1.0000821808361606,1848.3301194634287
380.1915624296575,218.10465458573157,5.558255712293764,1.00008287273111,1848.3313982086145
380.61119991578295,215.77233292436995,5.557632379230432,1.0000835645512953,1848.3326768156232
381.0308374019084,213.44027280074798,5.557009218601645,1.0000842563160754,1848.3339553202336
381.45047488803385,211.1084741425285,5.556386230324663,1.0000849480230583,1848.3352337180238
381.8701123741593,208.77693687739446,5.555763414274877,1.0000856396547617,1848.3365119766847
382.28974986028476,206.4456609330888,5.55514077042672,1.0000863312293342,1848.337790129757
382.7093873464102,204.11464623737288,5.554518298707754,1.000087022748044,1848.3390681795856
383.12902483253566,201.783892718024,5.553895998989012,1.000087714191783,1848.3403460908542
383.54866231866106,199.45340030287895,5.553273871238282,1.0000884055762649,1848.3416238926054
383.9682998047865,197.12316891979688,5.552651915393391,1.0000890969064042,1848.342901593922
384.38793729091196,194.7931984966505,5.552030131324264,1.0000897881626376,1848.3441791586467
384.8075747770374,192.46348896136888,5.551408518989125,1.0000904793571916,1848.3454566093778
385.22721226316287,190.1340402419099,5.550787078335755,1.0000911704985158,1848.34673396173
385.6468497492883,187.80485226624162,5.550165809235771,1.000091861567602,1848.3480111805738
386.0664872354138,185.475924962385,5.549544711635743,1.0000925525724311,1848.349288280659
386.4861247215392,183.14725825839565,5.548923785492707,1.000093243524742,1848.3505652836814
386.9057622076647,180.81885208233777,5.548303030682351,1.0000939344069393,1848.351842157121
387.32539969379013,178.49070636232366,5.5476824471383175,1.0000946252222962,1848.3531189070277
387.7450371799156,176.16282102650618,5.547062034825782,1.0000953159854402,1848.3543955604357
388.16467466604104,173.83519600304615,5.546441793626516,1.0000960066809144,1848.3556720887777
388.5843121521665,171.50783122014687,5.5458217234607154,1.0000966973070944,1848.356948489052
389.00394963829194,169.1807266060578,5.545201824300207,1.000097387880963,1848.3582247926454
389.4235871244174,166.85388208903666,5.54458209603446,1.000098078389785,1848.359500976021
389.84322461054285,164.52729759737767,5.543962538570481,1.0000987688271294,1848.3607770272936
390.2628620966683,162.20097305942625,5.543343151884876,1.0000994592116594,1848.3620529809552
390.68249958279375,159.87490840353712,5.542723935876035,1.0001001495338044,1848.3633288193182
391.1021370689192,157.5491035580955,5.5421048904388215,1.0001008397827003,1848.3646045223043
391.52177455504466,155.22355845154203,5.5414860155523415,1.000101529977869,1848.3658801259928
391.94141204117005,152.8982730123288,5.540867311124758,1.0001022201132166,1848.3671556191211
392.3610495272955,150.57324716893183,5.540248777040597,1.0001029101740957,1848.3684309746181
392.78068701342096,148.24848084988614,5.539630413278816,1.0001036001799306,1848.369706228384
393.2003244995464,145.9239739837407,5.539012219757802,1.0001042901282668,1848.3709813758824
393.61996198567186,143.5997264990641,5.538394196354325,1.000104980001605,1848.3722563847707
394.0395994717973,141.2757383244842,5.5377763430441584,1.0001056698181763,1848.3735312887436
394.45923695792277,138.95200938864687,5.5371586597559865,1.000106359579195,1848.3748060900455
394.8788744440482,136.62853962021347,5.5365411463621585,1.0001070492655102,1848.3760807532817
395.2985119301737,134.30532894790383,5.535923802831863,1.0001077388929338,1848.377355307676
395.7181494162991,131.98237730046063,5.535306629104033,1.0001084284663317,1848.3786297622212
396.1377869024246,129.6596846066386,5.5346896250498805,1.0001091179660893,1848.379904080666
396.55742438855003,127.33725079524869,5.534072790629049,1.000109807404523,1848.3811782857733
396.9770618746755,125.01507579513004,5.533456125790441,1.0001104967900574,1848.3824523931132
397.39669936080094,122.69315953513149,5.532839630406904,1.0001111861036134,1848.3837263674243
397.8163368469264,120.37150194415425,5.5322233044264655,1.000111875353263,1848.385000223625
398.23597433305184,118.05010295113357,5.5316071478072875,1.000112564550734,1848.3862739833905
398.6556118191773,115.72896248501289,5.530991160426251,1.0001132536783488,1848.3875476140488
399.07524930530275,113.40808047478318,5.53037534221847,1.0001139427394667,1848.3888211218093
399.4948867914282,111.08745684947532,5.529759693150261,1.0001146317487175,1848.39009453371
399.91452427755365,108.76709153812773,5.529144213104556,1.0001153206905589,1848.3913678210263
400.33416176367905,106.44698446982116,5.52852890200302,1.0001160095634385,1848.3926409808887
400.7537992498045,104.12713557368086,5.527913759818649,1.0001166983843575,1848.3939140447187
401.17343673592995,101.80754477884092,5.527298786442046,1.000117387140498,1848.3951869888265
401.5930742220554,99.48821201447106,5.526683981781677,1.0001180758254815,1848.3964598014236
402.01271170818086,97.16913720979154,5.526069345815339,1.0001187644580043,1848.397732517064
402.4323491943063,94.85032029403153,5.525454878442543,1.0001194530284185,1848.3990051179167
402.85198668043176,92.53176119645029,5.524840579559582,1.0001201415258907,1848.4002775839595
403.2716241665572,90.21345984636159,5.524226449146798,1.0001208299699968,1848.401549951372
403.69126165268267,87.89541617309015,5.523612487113449,1.0001215183545673,1848.402822208752
404.1108991388081,85.577630105985,5.522998693345464,1.0001222066649613,1848.4040943290408
404.5305366249336,83.26010157445256,5.522385067823069,1.0001228949206733,1848.405366348268
404.950174111059,80.94283050791304,5.521771610465746,1.0001235831191848,1848.406638261778
405.3698115971845,78.62581683580585,5.521158321151614,1.0001242712429763,1848.4079100371919
405.78944908330993,76.30906048762901,5.520545199857767,1.0001249593103643,1848.4091817083622
406.2090865694354,73.99256139289808,5.519932246513977,1.000125647322508,1848.4104532774315
406.62872405556084,71.67631948114357,5.519319460993892,1.000126335260218,1848.4117247089341
407.0483615416863,69.36033468195403,5.518706843268066,1.0001270231393955,1848.412996032258
407.46799902781174,67.04460692494017,5.518094393276519,1.0001277109648685,1848.4142672563264
407.8876365139372,64.7291361397244,5.517482110891709,1.0001283987169607,1848.4155383447742
408.30727400006265,62.41392225598478,5.516869996074688,1.0001290864080885,1848.4168093205485
408.72691148618804,60.098965203427205,5.516258048775444,1.0001297740466453,1848.4180801991627
409.1465489723135,57.78426491176599,5.515646268868031,1.000130461613479,1848.4193509452193
409.56618645843895,55.46982131076823,5.515034656301908,1.0001311491167602,1848.42062157382
409.9858239445644,53.15563433023409,5.51442321103633,1.0001318365681975,1848.4218921066035
410.40546143068985,50.84170389997153,5.513811932949351,1.000132523950036,1848.4231625107568
410.8250989168153,48.528029949835535,5.5132008219775255,1.0001332112657206,1848.424432792645
411.24473640294076,46.214612409720345,5.512589878088286,1.0001338985298813,1848.4257029793084
411.6643738890662,43.90145120952733,5.511979101165699,1.0001345857268942,1848.4269730418705
412.08401137519166,41.588546279199385,5.511368491132878,1.0001352728552766,1848.4282429775915
412.5036488613171,39.27589754872424,5.5107580479639475,1.0001359599320476,1848.429512817925
412.92328634744257,36.963504948097,5.510147771550626,1.0001366469443058,1848.4307825390274
413.342923833568,34.65136840734833,5.509537661802813,1.0001373338857267,1848.4320521292102
413.7625613196935,32.33948785655878,5.50892771869947,1.0001380207750428,1848.4333216230937
414.1821988058189,30.02786322581735,5.508317942141196,1.0001387076025232,1848.434591002694
414.6018362919444,27.716494445242624,5.507708332025699,1.00013939435737,1848.4358602480543
415.02147377806983,25.405381445007176,5.507098888334514,1.000140081059206,1848.4371293954414
415.4411112641953,23.094524155293957,5.506489610977984,1.0001407677017928,1848.4383984333251
415.86074875032074,20.783922506309832,5.5058804998434026,1.0001414542704943,1848.4396673346557
416.2803862364462,18.473576428318463,5.505271554912244,1.0001421407848745,1848.440936135591
416.70002372257164,16.163485851596743,5.504662776105055,1.0001428272423507,1848.4422048313575
417.11966120869704,13.853650706440671,5.5040541633012845,1.0001435136253858,1848.4434733895437
417.5392986948225,11.544070923203376,5.503445716479313,1.0001441999523784,1848.444741844153
417.95893618094794,9.234746432255859,5.502837435569977,1.0001448862244366,1848.4460101972345
418.3785736670734,6.9256771639833925,5.502229320448196,1.000145572422325,1848.447278413236
418.79821115319885,4.616863048828704,5.5016213710858635,1.0001462585620429,1848.4485465217285
419.2178486393243,2.308304017256105,5.501013587424059,1.000146944648376,1848.4498145315565
419.63748612544975,-4.966860256416794e-14,5.500406217732789,1.0001477209941663,1848.4512493569487
