time_s,height_m,speed_mps,drag_g,canopy_force_n
0.0,2566.8,70.27721564233302,1.0256190021153517,0.0
0.03,2564.6918039315633,70.26892477277484,1.030884813178412,9.852323655418168
0.06,2562.583895308875,70.25754628665895,1.0465804456809091,39.30622908252152
0.09,2560.4764127568237,70.24003683863843,1.072525816867842,88.19176173745396
0.12,2558.3695845364564,70.21341136310599,1.1085245721152686,156.3054075925468
0.15,2556.263728263777,70.17474417642802,1.1543557839890812,243.3943908423401
0.18,2554.1592483288814,70.121179254327,1.209766446964527,349.1418934439623
0.21,2552.056634588772,70.04993458826051,1.2744643724886466,473.1532877871742
0.24,2549.9564569494146,69.95832987572516,1.3481126159415608,614.9439087777456
0.27,2547.85936414319,69.84379251484539,1.4303240471873069,773.928238091423
0.3,2545.766082303863,69.70386344672828,1.5206567897593473,949.4106882626639
0.32999999999999996,2543.677408921079,69.53622353325865,1.6186115571686477,1140.5787959125694
0.36,2541.594208948239,69.33870725061945,1.7236297525374684,1346.4985303884723
0.39,2539.5174065896176,69.10933271166697,1.8350937304382888,1566.1127733275584
0.4196374861254363,2537.472943146863,68.8496894499654,1.9508789764087846,1795.3669338842142
0.42,2537.4479847914527,68.84630362350971,1.952327193945844,1798.2416047958277
0.44999999999999996,2535.3869791479683,68.54802492539163,2.0745976419600716,2041.5857227442252
0.48,2533.3354696764745,68.21312676589137,2.2011208970243317,2294.7333697904915
0.51,2531.2945715498035,67.8404793967152,2.331066790549389,2556.1699998078693
0.54,2529.2654280519564,67.42920714888045,2.4635663582676988,2824.2909180182296
0.57,2527.2492099036026,66.97868897404129,2.5977195152213177,3097.4156409047755
0.6,2525.247101758253,66.4885720690518,2.7326048985516134,3373.805728280726
0.63,2523.260293312839,65.95877873383104,2.8672904610058954,3651.6845096915436
0.6599999999999999,2521.289970490222,65.38950445060574,3.0008442914344013,3929.2578219345983
0.69,2519.3373124112327,64.78121818012794,3.1323462721696167,4204.73631798942
0.72,2517.403479935909,64.13465690831326,3.260899665235643,4476.358055578343
0.75,2515.489606335351,63.45081590043838,3.3856423926851362,4742.410833911158
0.78,2513.5967913049935,62.73093593201041,3.5057578054607417,5001.2538086315735
0.8099999999999999,2511.726095538952,61.97649293024484,3.620485275784111,5251.338721642236
0.8392749722508726,2509.922901769585,61.20857870010329,3.7265801051971637,5485.561483152813
0.84,2509.878530885695,61.189177808742926,3.729129028039038,5491.2283681763765
0.87,2508.0550548581073,60.37087057255009,3.8310652089750485,5719.612054156736
0.8999999999999999,2506.256567693011,59.523628146035996,3.9257494202641454,5935.321237338155
0.9299999999999999,2504.483904631816,58.649655569035275,4.012720927732578,6137.3397258602
0.96,2502.737832472374,57.75127688216502,4.091605195265746,6324.8106758961785
0.99,2501.0190477036285,56.83091588609394,4.1621161831833895,6497.042596848753
1.02,2499.3281724464973,55.89106892727352,4.2240560324079715,6653.5107397807715
1.05,2497.66575302073,54.934274404851095,4.277312614218959,6793.854508030878
1.08,2496.0322597812133,53.96309345631724,4.3218572112022855,6917.874472345691
1.1099999999999999,2494.428085712818,52.98008486774707,4.35773996832683,7025.525339293538
1.14,2492.853547585757,51.987779012129806,4.385083835901679,7116.905986357522
1.17,2491.3088870634374,50.98866217562577,4.404079057217804,7192.249926658872
1.2,2489.794271711922,49.98515582845162,4.414975892313545,7251.912558402477
1.23,2488.309798129659,48.97959800692155,4.418076851357017,7296.357271970235
1.258912458376309,2486.907687706694,48.010650365645084,4.4140130871783585,7325.311782956342
1.26,2486.85549392733,47.9742326007448,4.413729694714612,7326.142553998628
1.29,2485.4313207733658,46.97119553355213,4.40231945760181,7341.907293983814
1.3199999999999998,2484.0371786428036,45.97250367275741,4.384260646913121,7344.356211246206
1.3499999999999999,2482.672908254127,44.98004924363984,4.359990322047216,7334.24665240217
1.38,2481.338295446129,43.995593845512225,4.329961109129744,7312.375227951912
1.41,2480.0330761521464,43.020764074107746,4.294634614776495,7279.565093996974
1.44,2478.756938621908,42.057049477694065,4.254475484732986,7236.654327589176
1.47,2477.5095284334975,41.105803651238936,4.209946363973443,7184.485867207061
1.5,2476.2904533885903,40.168245605251755,4.161503255741419,7123.898193616316
1.53,2475.0992860567108,39.2454605420462,4.109591123014443,7055.716492179463
1.56,2473.9355683206263,38.338405001496675,4.054640783347606,6980.746107827492
1.5899999999999999,2472.798816015827,37.4479124256175,3.9970663213613618,6899.766987760445
1.6199999999999999,2471.6885209509846,36.57469560971524,3.9372622538418396,6813.527791333003
1.65,2470.604155440007,35.71935477073447,3.8756022864071733,6722.742837061633
1.678549944501745,2469.595786347889,34.92241081653634,3.8155208672223715,6632.743808569636
1.68,2469.5451759461107,34.8823844701722,3.8124382351944806,6628.089440211199
1.71,2468.5110247906305,34.06417741140195,3.748098637397571,6530.204800887753
1.74,2467.5011345691646,33.26503436548489,3.6828890404283934,6429.685895518191
1.77,2466.5149299738923,32.4851693403096,3.617091580115534,6327.08822150506
1.7999999999999998,2465.5518302614687,31.72471613410916,3.5509651469732,6222.925641363191
1.8299999999999998,2464.611252259145,30.983736853500147,3.4847462562084557,6117.6715323150975
1.8599999999999999,2463.6926113728196,30.26222598546289,3.4186491599663666,6011.758675793745
1.89,2462.795324617796,29.560119253143686,3.3528672355979556,5905.581443556957
1.92,2461.918811379347,28.87729773256011,3.287573490008728,5799.496487343595
1.95,2461.062495535102,28.213594731714238,3.222921839456444,5693.824838479159
1.98,2460.225806612372,27.568801106383106,3.1590481690908376,5588.853663644876
2.01,2459.408180830147,26.942669759765355,3.096071315326196,5484.837920037655
2.04,2458.6090625978195,26.334921716219586,3.0340945007539712,5382.002843104643
2.07,2457.8279047721608,25.745248944062215,2.973206098684851,5280.545275184517
2.0981874306271813,2457.1098294574213,25.20737840494132,2.917055475070795,5186.626040296927
2.1,2457.0641702139524,25.173320343759173,2.9134811851808124,5180.636412917291
2.13,2456.31733163799,24.618783700379495,2.854982209010636,5082.423009754492
2.16,2455.586872940539,24.081270898686817,2.7977604504444398,4986.029995685091
2.19,2454.8722889784926,23.560399673349444,2.74185670543308,4891.561733561806
2.2199999999999998,2454.173086456977,23.0557775669874,2.6873024993013477,4799.104228505581
2.25,2453.48878385185,22.56700390990049,2.634120853106964,4708.726549438507
2.28,2452.818911793136,22.09367240194846,2.582327195380049,4620.48251626059
2.31,2452.1630131943866,21.63537339661865,2.531930206146225,4534.412271749103
2.34,2451.5206431778206,21.19169526924142,2.4829324443452676,4450.543469586291
2.37,2450.8913693901372,20.762226904236584,2.4353312314983753,4368.892923747599
2.4,2450.2747715698747,20.34655812560794,2.389119046199381,4289.4673830981665
2.4299999999999997,2449.670441978863,19.94428220908275,2.344284396758989,4212.265163885699
2.46,2449.077984749703,19.554995706114216,2.3008120526452442,4137.276631827595
2.4899999999999998,2448.4970163201515,19.178300744774152,2.2586838456596277,4064.485706499286
2.517824916752618,2447.968114612284,18.83982981920129,2.2207932988122465,3998.91743554005
2.52,2447.9271647264395,18.813804626989246,2.217878823653153,3993.8702013775583
2.55,2447.368069907596,18.4611216345859,2.178373911172071,3925.4030738411166
2.58,2446.819383099314,18.119872765617487,2.1401440704129975,3859.0527744836677
2.61,2446.2807669084864,17.78968683929399,2.1031627720932167,3794.7841523418574
2.6399999999999997,2445.751894905343,17.470200594623723,2.0674022169700748,3732.558908972161
2.67,2445.232451424146,17.161059032537327,2.032833602804684,3672.3361320410477
2.6999999999999997,2444.722131390804,16.861915946487553,1.999427424692442,3614.0728871057745
2.73,2444.2206398617077,16.572433573237415,1.9671535561250022,3557.7244110468064
2.76,2443.7276920613895,16.29228348466152,1.9359816137341472,3503.24481586102
2.79,2443.243012734611,16.02114574969583,1.9058809019592182,3450.587030784378
2.82,2442.7663362976405,15.75870997005168,1.876820793157194,3399.7035297778666
2.85,2442.2974061447585,15.504674291940578,1.8487706181109786,3350.5461709185574
2.88,2441.835974760599,15.25874624335161,1.8216999824261355,3303.0668046857845
2.9099999999999997,2441.3818031445185,15.020641983760484,1.7955786973703838,3257.217181954084
2.937462402878054,2440.9722163981214,14.809302896907965,1.772473817880082,3216.6337225347606
2.94,2440.9346607487623,14.790086642304152,1.7703769627995474,3212.9493167412866
2.9699999999999998,2440.494325131309,14.566814060272408,1.746065401464568,3170.2155778047445
3.0,2440.0605816539082,14.350566505192589,1.7226150800082576,3128.9687541431945
3.03,2439.6332233902203,14.14109495082829,1.6999976598861044,3089.1623547604404
3.06,2439.2120506119018,13.938158263506995,1.6781852805580764,3050.7504206067147
3.09,2438.7968708725803,13.741523823828643,1.6571507823462415,3013.687952047347
3.12,2438.3874984197955,13.550966523268036,1.6368675340041396,2977.930616585126
3.15,2437.9837542759547,13.366269310369795,1.6173096289412545,2943.4351253513832
3.1799999999999997,2437.5854657698114,13.187222457419667,1.5984517691718783,2910.159040518749
3.21,2437.1924664441217,13.013623639446438,1.5802693414471831,2878.060931016167
3.2399999999999998,2436.8045958335774,12.845277763147392,1.5627384298524436,2847.100411630492
3.27,2436.4216991331677,12.68199644753526,1.5458357404404317,2817.238020763963
3.3,2436.0436272174265,12.523598383090194,1.5295387365558708,2788.435481025616
3.33,2435.6702361556368,12.369908440517303,1.5138254670776177,2760.655399371125
3.35709988900349,2435.3368494790634,12.23498290988721,1.500115370689832,2736.409666972932
3.36,2435.30138730969,12.220758167555484,1.4986747304373353,2733.8615783109526
3.3899999999999997,2434.9369469057806,12.075985031160966,1.4840659300907961,2708.018763861147
3.42,2434.576785996339,11.93543254309806,1.4699791436035365,2683.092782181298
3.4499999999999997,2434.22078026423,11.798950051352591,1.4563951082213253,2659.0505232736286
3.48,2433.8688097465,11.666392270241458,1.4432951398483582,2635.8598023833497
3.51,2433.5207588776198,11.537619616030854,1.4306612490067223,2613.4895804078815
3.54,2433.1765160727946,11.412497398156784,1.4184759724996645,2591.9096646230346
3.57,2432.835973817145,11.290896225468456,1.406722504005908,2571.090954778487
3.5999999999999996,2432.4990283473758,11.172691438930753,1.3953845821563562,2551.005245730612
3.63,2432.1655795629076,11.057763052553929,1.3844465030409567,2531.625256864983
3.6599999999999997,2431.835530959665,10.945995789466114,1.3738931556878966,2512.92470317035
3.69,2431.508789319891,10.837278473742005,1.363709894978907,2494.8780686216946
3.7199999999999998,2431.185264813447,10.731504446270216,1.3538826700149,2477.460846339195
3.75,2430.8648706591775,10.62857089331574,1.34439787860088,2460.649277462704
3.7767373751289264,2430.5818908419837,10.539145352007232,1.3362225501520035,2446.1578573994575
3.78,2430.547523137199,10.528379009215248,1.3352424301750094,2444.420470967537
3.81,2430.2331414606642,10.43083384398657,1.3264037288636297,2428.752377099696
3.84,2429.9216475560734,10.335843878619436,1.3178695861373388,2413.6236315782667
3.8699999999999997,2429.6129661495434,10.243321382064865,1.3096283312313406,2399.013761631585
3.9,2429.3070244542587,10.15318176285443,1.3016686650265592,2384.9029220276993
3.9299999999999997,2429.0037522204134,10.06534380454849,1.2939797381380183,2371.2720414483083
3.96,2428.7030815993853,9.979729462110308,1.2865511165676151,2358.1027627570415
3.9899999999999998,2428.4049469696083,9.896263522029606,1.2793727110435549,2345.377316444656
4.02,2428.109285020542,9.814873933123998,1.2724348785379782,2333.0787094644575
4.05,2427.8160344748735,9.735491212932429,1.2657282847236337,2321.190475705866
4.08,2427.5251361392566,9.658048666884895,1.2592439755408487,2309.6968096043897
4.109999999999999,2427.236532801904,9.582482242474338,1.2529733541377956,2298.582526162999
4.14,2426.9501690632464,9.508730178424507,1.2469081032548668,2287.8329207043976
4.17,2426.665991432989,9.436733350700989,1.2410402891316799,2277.433961479754
4.1963748612543625,2426.4179179479947,9.374841130497018,1.2360385313649316,2268.570461071483
4.2,2426.383948090682,9.366434750972443,1.235362238047196,2267.372065047302
4.2299999999999995,2426.103988907632,9.297779615576822,1.2298665824135864,2257.6341825790796
4.26,2425.826065408916,9.23071542311185,1.2245462724875609,2248.2078230298657
4.29,2425.550130584789,9.165191476134694,1.2193944773131198,2239.0808728406037
4.32,2425.276138995334,9.101159249674936,1.2144046882164834,2230.2417873839768
4.35,2425.0040465909747,9.038572005143083,1.2095706272362288,2221.6794242148976
4.38,2424.7338106726684,8.97738474453881,1.204886244980984,2213.3830403837424
4.41,2424.4653899353934,8.917554401698212,1.2003457819743506,2205.342406324212
4.4399999999999995,2424.198744264214,8.859039370792319,1.1959436518957347,2197.547592504252
4.47,2423.933834811325,8.801799765944342,1.1916745204486028,2189.9891153594526
4.5,2423.670623914419,8.745797277119202,1.1875332757410901,2182.657883890037
4.53,2423.409074976527,8.690994900416243,1.1835149636975952,2175.545081883773
4.56,2423.149152565457,8.637357262584562,1.1796148843903098,2168.6423458438744
4.59,2422.8908222455498,8.584850231677576,1.1758284943047865,2161.9415861837288
4.616012347379799,2422.668092464215,8.54021223388641,1.172634034160197,2156.2889558879256
4.62,2422.6340505709904,8.533440941857682,1.1721514204375032,2155.4350138938726
4.6499999999999995,2422.378805124104,8.483097954559426,1.168579511992638,2149.115236338605
4.68,2422.1250543438705,8.433790844799173,1.1651087339574109,2142.9750622504016
4.71,2421.872767599018,8.385490439887844,1.1617352393851288,2137.0076352892747
4.74,2421.621915135863,8.338168732214445,1.1584553521795624,2131.20640301023
4.77,2421.3724679639195,8.291798605512875,1.155265497426386,2125.5649892714723
4.8,2421.1243979544092,8.24635414639479,1.152162293882898,2120.077364918636
4.83,2420.8776777182825,8.201810357342433,1.1491424801651555,2114.7377125082157
4.859999999999999,2420.6322805676887,8.158143082268394,1.1462028992381028,2109.5403982261696
4.89,2420.3881805926744,8.115329259553047,1.1433405747520113,2104.4801128239806
4.92,2420.1453525114616,8.073346548494335,1.1405526114759381,2099.5516888107754
4.95,2419.903771699455,8.032173437624404,1.137836230428485,2094.75016549524
4.9799999999999995,2419.6634142135586,7.991789352222214,1.135188804220988,2090.0708544380977
5.01,2419.424256656687,7.9521743094658035,1.1326077639924708,2085.5091684802337
5.035649833505236,2419.220712614003,7.918899035289022,1.130451786413855,2081.69893219131
5.04,2419.1862762490337,7.913309144656499,1.1300906677812401,2081.0607479456853
5.069999999999999,2418.9494507967297,7.875175460395041,1.127635190546073,2076.7214426030027
5.1,2418.7137585915652,7.8377553708999885,1.1252390550790752,2072.4871847345644
5.13,2418.479178500931,7.801031782695627,1.1229001160934748,2068.354144271308
5.16,2418.2456898917203,7.764988212674271,1.1206163120133978,2064.318640283938
5.1899999999999995,2418.0132725713247,7.7296086423577,1.1183856263600833,2060.377070096221
5.22,2417.7819068774465,7.694877799972025,1.1162061725361163,2056.5260657046297
5.25,2417.551573573458,7.6607808914644595,1.1140761195551094,2052.7623571933264
5.279999999999999,2417.322253828522,7.627303562273515,1.1119936838024727,2049.082757750179
5.31,2417.093929293463,7.594432140113719,1.109957202715879,2045.4842996330406
5.34,2416.866581984233,7.562153326209906,1.1079650478742469,2041.9640742205827
5.37,2416.6401942944754,7.530454247894727,1.106015642833242,2038.5192650434547
5.3999999999999995,2416.414749049503,7.4993226383584,1.1041075185826001,2035.147250169354
5.43,2416.1902293912585,7.468746526481553,1.1022392251364157,2031.8454394224252
5.4552873196306715,2416.001686125988,7.443396530031717,1.100694328249381,2029.1149972353542
5.46,2415.9666188145006,7.438714356783659,1.1004093690009524,2028.6113435829684
5.49,2415.7439011977076,7.4092151017824195,1.0986166488597606,2025.4426403232617
5.52,2415.522060696632,7.380237971343873,1.0968597719043451,2022.3370201032612
5.55,2415.3010817965996,7.3517725795884035,1.0951375052217616,2019.2922810267762
5.58,2415.080949322753,7.323808995830427,1.0934486932093783,2016.306361084213
5.609999999999999,2414.8616483448886,7.296337482206714,1.091792181398829,2013.3771978106677
5.64,2414.6431642401244,7.269348691447616,1.0901668771828235,2010.5028403650151
5.67,2414.4254826863385,7.242833666941461,1.0885717518776437,2007.6814534499304
5.7,2414.2085895784317,7.216783610024205,1.0870057726304423,2004.9111918315994
5.7299999999999995,2413.992471097149,7.191190096587911,1.0854679690114262,2002.1903232429133
5.76,2413.777113689918,7.166045038108856,1.0839574231052693,1999.5172102089987
5.79,2413.56250399726,7.141340475775631,1.0824732088225997,1996.8901981860397
5.819999999999999,2413.3486289248513,7.117068807394243,1.0810144618560666,1994.3077446789832
5.85,2413.1354756156866,7.093222720779316,1.0795803611256463,1991.7683851008646
5.874924805756108,2412.9589219479813,7.073729247444361,1.0784070176093856,1989.6903221342702
5.88,2412.9230313847197,7.069795009739543,1.078170074133972,1989.2706320298335
5.91,2412.711283792212,7.046778805482413,1.0767828285634449,1986.8131073653406
5.9399999999999995,2412.50022061068,7.024167492590489,1.0754178881113938,1984.3944978196423
5.97,2412.289829765605,7.001954541003018,1.0740745022230915,1982.013462225688
6.0,2412.080099408805,6.980133738079701,1.0727519781690542,1979.6687645908594
6.029999999999999,2411.8710178831243,6.958699096068796,1.0714496539617502,1977.3592241864558
6.06,2411.662573667075,6.937644694110509,1.0701668507258373,1975.0836276998418
6.09,2411.4547554473847,6.916964908329891,1.0689029444439662,1972.8408616879742
6.12,2411.2475520839625,6.896654318567409,1.0676573383443262,1970.62986167473
6.1499999999999995,2411.0409525564937,6.876707554759329,1.0664294162321577,1968.4495260578137
6.18,2410.8349460355153,6.8571195229923685,1.0652186132512083,1966.2988467567377
6.21,2410.629521849871,6.837885318429455,1.0640243899099904,1964.1768613208055
6.24,2410.4246694335275,6.819000071004165,1.0628461848467428,1962.0825657730688
6.27,2410.2203783945374,6.800459165416105,1.061683483956922,1960.0150422528232
6.294562291881544,2410.0535273220335,6.785532201621675,1.0607427328807588,1958.341595668685
6.3,2410.016638487004,6.782258166629933,1.0605357980843007,1957.9734178767335
6.33,2409.8134395566417,6.764392660558432,1.0594026138946515,1955.9567740757197
6.359999999999999,2409.610771606904,6.746858465656778,1.0582834606097393,1953.9642698286439
6.39,2409.408624777323,6.729651577001535,1.0571778932984714,1951.9951108522787
6.42,2409.206989286653,6.712767998496807,1.0560854407831157,1950.0484534448358
6.45,2409.0058554952648,6.696203943191567,1.0550056690426801,1948.1235215792003
6.4799999999999995,2408.8052138916087,6.679955801608047,1.0539381719541638,1946.2195898410448
6.51,2408.6050550321097,6.664019962995561,1.052882515451677,1944.3358803395845
6.54,2408.40536959875,6.648393000896599,1.0518382964627142,1942.4716715600337
6.569999999999999,2408.206148395233,6.633071670920562,1.0508051428167209,1940.6262982245858
6.6,2408.007382283188,6.618052719721828,1.0497826532322818,1938.7990404857064
6.63,2407.809062233693,6.60333305181401,1.048770450471808,1936.9892221082685
6.66,2407.611179334468,6.588909761204266,1.0477681918993602,1935.1962299941385
6.6899999999999995,2407.413724722381,6.574779928128453,1.0467755052976269,1933.419395660879
6.71419977800698,2407.2547522305167,6.563593892628723,1.0459814756196328,1931.9974300837946
6.72,2407.2166896275708,6.560940762778123,1.045792034808984,1931.658080106393
6.75,2407.0200653925826,6.547389673966233,1.0448174632353877,1929.9117150194288
6.779999999999999,2406.8238434016953,6.534124055256381,1.0438514441993705,1928.1796774932245
6.81,2406.6280151162828,6.521141401222285,1.042893639415182,1926.4613588802206
6.84,2406.4325721062387,6.508439414476706,1.041943753236853,1924.7562286271036
6.87,2406.2375059772216,6.496015784721417,1.0410014622881112,1923.0637043012182
6.8999999999999995,2406.042808396018,6.483868273479197,1.0400664427021713,1921.3832019177553
6.93,2405.8484711337837,6.471994858287093,1.0391384166067426,1919.714221827859
6.96,2405.654485993023,6.460393510395045,1.0382170810649274,1918.056217460947
6.989999999999999,2405.46084482193,6.44906224464623,1.0373021241541933,1916.4086250350688
7.02,2405.2675395679535,6.437999296355512,1.0363932820088801,1914.7709689525607
7.05,2405.0745622071154,6.427202905905088,1.0354902697400419,1913.1427341879225
7.08,2404.881904746681,6.416671331641405,1.0345927856077577,1911.5233740007138
7.109999999999999,2404.689559286278,6.406403050882563,1.0337005759066427,1909.9124298257357
7.133837264132417,2404.536943517066,6.398430850099978,1.0329952309897796,1908.638091959538
7.14,2404.49751795311,6.396396562651625,1.0328133715157448,1908.3094140534415
7.17,2404.305772892574,6.386650362451338,1.0319308797427622,1906.7137949642272
7.199999999999999,2404.1143163331244,6.377163155281971,1.03105285315999,1905.1251239221885
7.2299999999999995,2403.92314053164,6.367933690199622,1.0301790362466008,1903.5429367949657
7.26,2403.7322377516025,6.358960695794848,1.029309144478258,1901.9667153190896
7.29,2403.5416003278674,6.350243092887266,1.0284429331217555,1900.3960142217268
7.319999999999999,2403.3512206260157,6.341779873325489,1.0275801580402142,1898.8303888039677
7.35,2403.1610910081854,6.333569996518213,1.0267205421007126,1897.269332869366
7.38,2402.971203894097,6.325612590049728,1.0258638401004405,1895.7123987010236
7.41,2402.7815517373683,6.317906882403114,1.0250098169282416,1894.159156712269
7.4399999999999995,2402.5921269797545,6.310452063022535,1.0241582020628843,1892.6091113643527
7.47,2402.402922105127,6.303247460235972,1.0233087471593287,1891.0618075828388
7.5,2402.2139296345863,6.296292533893889,1.0224612235611839,1889.516826164423
7.529999999999999,2402.025142070639,6.289586703920803,1.0216153664789374,1887.9736806194544
7.553474750257853,2401.8775554384006,6.28451285092593,1.0209544866300713,1886.7671572692839
7.56,2401.8365519413383,6.283129496606102,1.0207709223019688,1886.4319046034616
7.59,2401.648151814644,6.276920598657944,1.019927665986098,1884.8910840514095
7.62,2401.459934234915,6.270959661951676,1.0190853374073443,1883.3507395560484
7.6499999999999995,2401.271891755077,6.265246411364438,1.0182436761529898,1881.8103906610072
7.68,2401.0840169690814,6.25978075663883,1.0174024576313758,1880.2696225940085
7.71,2400.896302444024,6.254562583957387,1.0165614250582657,1878.7279605696178
7.739999999999999,2400.7087407389417,6.249591820942949,1.0157203102816408,1877.1849082713445
7.77,2400.5213244525085,6.244868597231787,1.0148788856544348,1875.6400437160219
7.8,2400.3340461550433,6.24039303648001,1.0140368960861672,1874.0928936731457
7.83,2400.146898393355,6.236165276820595,1.0131940653336315,1872.5429452853086
7.859999999999999,2399.9598737490173,6.232185665384396,1.0123501588196062,1870.9897621618745
7.89,2399.772964775559,6.228454567434815,1.0115049211877876,1869.4328689656556
7.92,2399.586163989289,6.224972342517531,1.0106580681347017,1867.871736309997
7.949999999999999,2399.39946393236,6.221739554215857,1.0098093540645532,1866.3059057896323
7.973112236383289,2399.255692720526,6.219419483779694,1.0091540681056639,1865.096073473457
7.9799999999999995,2399.2128571209582,6.218756815014373,1.0089585211942018,1864.7348959107435
8.01,2399.0263360179624,6.216024946633692,1.008110042212832,1863.1670381304252
8.04,2398.839893197141,6.213534779317963,1.0073215438666296,1861.7097526489315
8.07,2398.6535217216965,6.211265932961857,1.006605065350399,1860.3855726496538
8.1,2398.4672152377075,6.209198154473496,1.005953970372648,1859.1822330830971
8.129999999999999,2398.2809680018954,6.207313045740021,1.0053622384709822,1858.0886070617014
8.16,2398.0947747971,6.205594007180326,1.004824443947805,1857.0946669292614
8.19,2397.9086308575015,6.204025863222133,1.004335632272984,1856.1912558310244
8.219999999999999,2397.722531869163,6.202594884347529,1.0038913253655544,1855.3700974752167
8.25,2397.536473918163,6.20128861957651,1.0034874658008435,1854.623693017871
8.28,2397.3504534251056,6.200095686759062,1.0031203476671018,1853.9451932735512
8.31,2397.1644671435047,6.199005766477169,1.0027866135517578,1853.3283931454184
8.34,2396.978512139374,6.19800953573873,1.0024832322113155,1852.7676903552199
8.37,2396.79258572666,6.1970984618651705,1.0022074311787117,1852.2579608896729
8.392749722508725,2396.6516108025935,6.196459553210526,1.002015115742632,1851.9025276865268
8.4,2396.6066854585365,6.1962647744793635,1.0019566871240426,1851.7945411853705
8.43,2396.420809130544,6.1955014746704755,1.0017287283291665,1851.3732327022879
8.459999999999999,2396.234954732607,6.194802182063368,1.0015214848283105,1850.9902097747372
8.49,2396.04912042438,6.194161056262459,1.0013330626832833,1850.641972067375
8.52,2395.8633045375223,6.193572803823687,1.0011617459683078,1850.325348243529
8.549999999999999,2395.6775055702497,6.193032660583366,1.001005990829236,1850.0374849855646
8.58,2395.491722145245,6.192536257837746,1.0008643820393446,1849.7757667022552
8.61,2395.3059530026385,6.192079600016479,1.0007356256346744,1849.5378019175744
8.64,2395.1201970039506,6.191659077024967,1.0006185527785392,1849.3214304129995
8.67,2394.9344531246397,6.191271440440324,1.0005121119628115,1849.124708814095
8.7,2394.7487204229724,6.190913704671252,1.0004153369796802,1848.945851396615
8.73,2394.5629980366293,6.190583136166071,1.0003273433666084,1848.783223516149
8.76,2394.3772851851772,6.1902772611913965,1.000247330863188,1848.6353461488293
8.79,2394.1915811703902,6.189993866771187,1.000174583666445,1848.5008963631783
8.812387208634162,2394.0530067258446,6.189795814602553,1.0001246362377165,1848.4085846125267
8.82,2394.005885350589,6.189730919271952,1.0001084440839336,1848.3786586263334
8.85,2393.8201971362405,6.189486550443118,1.0000483079925426,1848.2675164111088
8.879999999999999,2393.6345159901393,6.1892590579779485,0.9999936249943198,1848.166452483989
8.91,2393.448841433423,6.189046924542366,0.9999439045433747,1848.0745602287361
8.94,2393.263173031803,6.188848774108652,0.9998987018192278,1847.9910175378218
8.969999999999999,2393.077510384164,6.188663335803257,0.9998576060321719,1847.9150651986502
9.0,2392.8918531224194,6.188489443449806,0.9998202402645037,1847.8460066001253
9.03,2392.7062009123365,6.1883260381766485,0.9997862623036928,1847.7832092724977
9.06,2392.520553458649,6.188172184606504,0.9997553698653209,1847.726114540284
9.09,2392.334910491659,6.188027028389459,0.9997272868662089,1847.6742121525622
9.12,2392.1492717617443,6.187889778792743,0.9997017577945881,1847.6270298780423
9.15,2391.963637039361,6.187759708700112,0.9996785477059884,1847.5841334974682
9.18,2391.7780061153367,6.187636155553891,0.9996574425243824,1847.5451273601861
9.209999999999999,2391.5923788056884,6.187518536615296,0.9996382539699131,1847.5096634914619
9.232024694759598,2391.456101515368,6.187435657305205,0.9996252877256873,1847.4856995610987
9.24,2391.406754944588,6.187406326660345,0.9996208123507851,1847.477428270613
9.27,2391.2211343778995,6.187299037512933,0.9996049599491669,1847.4481302069755
9.299999999999999,2391.0355169631002,6.187196217785532,0.9995905509361339,1847.4214997827055
9.33,2390.8499025692736,6.187097452863206,0.9995774513654833,1847.397289441346
9.36,2390.6642910783166,6.187002368724097,0.999565540407288,1847.3752758676558
9.389999999999999,2390.4786823882314,6.186910642374603,0.9995547137187941,1847.3552662176285
9.42,2390.2930764054586,6.186821977554691,0.9995448755947719,1847.337083610941
9.45,2390.1074730427576,6.186736098017505,0.9995359367959025,1847.3205631174267
9.48,2389.921872219205,6.186652747529375,0.9995278145484959,1847.3055517565535
9.51,2389.7362738601955,6.1865716898698135,0.9995204325442998,1847.2919084970704
9.54,2389.5506778978884,6.186492710247738,0.9995137213979435,1847.2795051024452
9.57,2389.3650842745133,6.186415625777882,0.9995076220318001,1847.268232386694
9.6,2389.1794929383323,6.186340272686492,0.9995020815422706,1847.2579925745365
9.629999999999999,2388.9939038408043,6.186266497324042,0.9994970502960075,1847.2486939346998
9.651662180885035,2388.8598963868976,6.186214125679528,0.9994937076904424,1847.2425162038473
9.66,2388.808316936567,6.186194156111329,0.9994924819124741,1847.2402507476859
9.69,2388.6227321834376,6.186123115539467,0.9994883332639485,1847.2325833057778
9.719999999999999,2388.4371495424125,6.186053252169891,0.9994845644755374,1847.2256179130654
9.75,2388.251568978207,6.185984454343893,0.9994811394775893,1847.2192879064041
9.78,2388.065990461755,6.1859166301074495,0.9994780285664006,1847.2135383880552
9.81,2387.880413967023,6.185849697114996,0.9994752051421459,1847.2083201968007
9.84,2387.6948394694214,6.185783577593115,0.999472644081629,1847.2035869004958
9.87,2387.509266945802,6.185718198331439,0.9994703217353734,1847.1992947906929
9.9,2387.3236963744566,6.185653490682645,0.9994682159276426,1847.1954028826783
9.93,2387.1381277351175,6.185589390562458,0.9994663059564828,1847.191872915552
9.959999999999999,2386.952561008962,6.185525838463838,0.9994645725983451,1847.1886693607692
9.99,2386.7669961797915,6.185462783191039,0.9994629993147293,1847.1857616522336
10.02,2386.5814332347086,6.185400184012703,0.9994615729480257,1847.1831254723375
10.049999999999999,2386.3958721616405,6.185338002807318,0.9994602811835439,1847.1807380613377
10.071299667010472,2386.2641269895025,6.185294088663344,0.9994594393239803,1847.1791821548156
10.08,2386.2103129491356,6.185276203421299,0.9994591123421086,1847.1785778340375
10.11,2386.0247555863643,6.185214751668991,0.9994580553800839,1847.1766243798286
10.139999999999999,2385.8392000631175,6.185153615332667,0.9994570998893911,1847.174858462727
10.17,2385.653646369807,6.185092764162525,0.9994562360975324,1847.1732620214143
10.2,2385.468094497468,6.1850321698766955,0.9994554548676157,1847.1718181692859
10.23,2385.2825444381538,6.1849718074285205,0.9994547481079107,1847.170511951382
10.26,2385.096996185955,6.184911658220252,0.9994541098104235,1847.169332263859
10.29,2384.9114497353057,6.184851704745097,0.9994535343195075,1847.1682686540737
10.32,2384.725905080904,6.1847919303291095,0.999453016248461,1847.1673111664416
10.35,2384.540362217727,6.184732319188857,0.9994525504981766,1847.1664503769034
10.379999999999999,2384.354821141035,6.1846728564314155,0.9994521322571513,1847.1656773929435
10.41,2384.1692818463684,6.184613528054373,0.9994517570014961,1847.164983853609
10.44,2383.983744329549,6.184554320945832,0.9994514204949562,1847.1643619295462
10.469999999999999,2383.7982085867297,6.184495223041852,0.9994511188397975,1847.1638044170477
10.490937153135906,2383.668723294223,6.184454038030391,0.9994509273516097,1847.1634505127467
10.5,2383.61267461496,6.184436225120329,0.9994508490565785,1847.1633058095742
10.53,2383.4271424116805,6.184377319201436,0.9994506085672329,1847.1628613424
10.559999999999999,2383.2416119744257,6.184318497599421,0.999450394888645,1847.1624664262845
10.59,2383.056083300857,6.184259753030944,0.9994502056676617,1847.1621167121818
10.62,2382.870556388763,6.184201078615074,0.9994500386811006,1847.161808091254
10.65,2382.685031236058,6.184142467873293,0.9994498918357558,1847.161536694884
10.68,2382.4995078407856,6.184083914729492,0.9994497631684037,1847.1612988946843
10.709999999999999,2382.3139862011153,6.184025413513362,0.9994496508469032,1847.1610913045317
10.74,2382.128466315535,6.183966959559684,0.999449553363897,1847.1609111385615
10.77,2381.942948182851,6.1839085492115515,0.9994494695378695,1847.1607562131219
10.799999999999999,2381.7574318019056,6.1838501789291005,0.9994493982250902,1847.1606244143952
10.83,2381.571917171598,6.183791845353767,0.9994493383403841,1847.1605137367849
10.86,2381.3864042908867,6.183733545308279,0.999449288857134,1847.1604222829192
10.889999999999999,2381.200893158785,6.183675275796665,0.9994492488072857,1847.1603482636613
10.910574639261343,2381.073666681751,6.183635329511066,0.9994492263204784,1847.1603067040335
10.92,2381.015383774365,6.1836170340042464,0.9994492172813441,1847.160289998102
10.95,2380.8298761367555,6.183558817297646,0.9994491934283846,1847.1602459135815
10.98,2380.6443702451807,6.183500623344358,0.9994491764946998,1847.1602146171138
11.01,2380.4588660990553,6.183442450419262,0.999449165922883,1847.160195078512
11.04,2380.273363697828,6.183384296899681,0.9994491611886203,1847.1601863287508
11.07,2380.087863040969,6.183326161238674,0.9994491617920596,1847.1601874440141
11.1,2379.9023641279764,6.183268041970437,0.9994491672595528,1847.1601975489161
11.129999999999999,2379.716866958374,6.1832099377103,0.9994491771436668,1847.1602158165206
11.16,2379.5313715317084,6.183151847154732,0.9994491910231746,1847.1602414683248
11.19,2379.3458778475556,6.183093769081332,0.9994492085030618,1847.160273774272
11.219999999999999,2379.1603859055185,6.183035702363876,0.9994492292193874,1847.160312061734
11.25,2378.974895705288,6.182977646146098,0.9994492528954634,1847.1603558193422
11.28,2378.7894072465906,6.182919599691363,0.9994492792932645,1847.1604046071836
11.309999999999999,2378.6039205291618,6.182861562288797,0.9994493081830818,1847.1604580007152
11.33021212538678,2378.478952151139,6.182822465076702,0.9994493289422101,1847.1604963672842
11.34,2378.418435552749,6.182803533263288,0.9994493393467607,1847.1605155967484
11.37,2378.23295231711,6.182745511975492,0.9994493725776997,1847.1605770134465
11.4,2378.0474708220145,6.182687497821833,0.999449407680854,1847.1606418903323
11.43,2377.8619910672423,6.182629490234499,0.9994494444727299,1847.1607098882764
11.459999999999999,2377.6765130525864,6.182571488681773,0.9994494827814991,1847.16078068971
11.49,2377.4910367778684,6.182513492728011,0.9994495224663842,1847.1608540344507
11.52,2377.305562242943,6.182455502038171,0.9994495634191255,1847.160929722416
11.549999999999999,2377.120089447667,6.182397516287242,0.999449605534702,1847.1610075595077
11.58,2376.934618391903,6.18233953516543,0.9994496487130099,1847.1610873607165
11.61,2376.7491490755174,6.1822815583781585,0.9994496928588577,1847.1611689501115
11.639999999999999,2376.563681498382,6.182223585646067,0.9994497378819744,1847.161252160856
11.67,2376.3782156603734,6.182165616705013,0.9994497836970013,1847.1613368351916
11.7,2376.192751561373,6.182107651306071,0.9994498302234994,1847.1614228244528
11.73,2376.0072892012704,6.182049689228302,0.9994498773900733,1847.161509996688
11.749849611512216,2375.884578297194,6.182011340152716,0.999449908924966,1847.1615682787901
11.76,2375.821828579976,6.181991730314787,0.9994499251460234,1847.1615982581955
11.79,2375.6363696974045,6.181933774419238,0.999449973444086,1847.1616875216237
11.82,2375.4509125534705,6.181875821400745,0.999450022238733,1847.1617777028282
11.85,2375.265457148091,6.181817871124312,0.999450071486348,1847.1618687211983
11.879999999999999,2375.0800034811855,6.181759923460851,0.9994501211452237,1847.1619604996515
11.91,2374.894551552675,6.181701978287186,0.9994501711755592,1847.1620529646286
11.94,2374.7091013624818,6.18164403548605,0.9994502215394676,1847.162146046108
11.969999999999999,2374.523652910532,6.181586094947872,0.9994502722015467,1847.16223967866
12.0,2374.3382061967595,6.181528156593839,0.9994503231363361,1847.162333815229
12.03,2374.1527612211053,6.181470220360421,0.9994503743233176,1847.162428417894
12.059999999999999,2373.9673179835086,6.181412286184925,0.9994504257422461,1847.1625234492387
12.09,2373.7818764839103,6.181354354006361,0.9994504773734203,1847.162618872851
12.12,2373.596436722252,6.181296423765428,0.9994505291976891,1847.1627146533365
12.15,2373.410998698474,6.181238495404523,0.9994505811964478,1847.1628107563106
12.169487097637653,2373.2905446670234,6.181200867864402,0.9994506150581942,1847.1628733388534
12.18,2373.22556241252,6.181180568867738,0.9994506333516385,1847.162907148399
12.209999999999999,2373.040127864332,6.181122644100907,0.9994506856457679,1847.1630037972707
12.24,2372.8546950538566,6.181064721061406,0.9994507380650727,1847.1631006774887
12.27,2372.6692639810453,6.1810067997228275,0.9994507906010318,1847.163197773305
12.299999999999999,2372.48383464585,6.180948880058865,0.9994508432451589,1847.1632950690348
12.33,2372.298407048221,6.1808909620430015,0.9994508959888991,1847.1633925488677
12.36,2372.1129811881115,6.180833045648507,0.9994509488236272,1847.163490196862
12.389999999999999,2371.9275570654713,6.180775130848436,0.9994510017406466,1847.1635879969456
12.42,2371.742134680252,6.180717217615631,0.9994510547311959,1847.1636859329253
12.45,2371.5567140324056,6.180659305922721,0.999451107786439,1847.1637839884709
12.48,2371.3712951218836,6.180601395744961,0.9994511608983947,1847.1638821488314
12.51,2371.1858779486424,6.180543487071102,0.9994512140634416,1847.163980407314
12.54,2371.0004625126385,6.180485579892007,0.9994512672786409,1847.164078758487
12.57,2370.8150488138294,6.180427674197387,0.9994513205406844,1847.1641771962368
12.589124583763088,2370.6968510600595,6.180390760890112,0.9994513545172822,1847.1642399910452
12.6,2370.6296368521707,6.18036976997587,0.9994513738459112,1847.1642757137965
12.629999999999999,2370.444226627619,6.180311867215013,0.9994514271903151,1847.164374303763
12.66,2370.2588181401293,6.180253965901292,0.9994514805695376,1847.16447295808
12.69,2370.073411389657,6.180196066020105,0.9994515339788763,1847.1645716680573
12.719999999999999,2369.8880063761567,6.180138167556329,0.999451587413454,1847.164670424681
12.75,2369.702603099587,6.18008027050336,0.9994516408711535,1847.1647692240374
12.78,2369.517201559908,6.180022374860184,0.9994516943516625,1847.16486806555
12.809999999999999,2369.3318017570773,6.179964480624312,0.9994517478541928,1847.1649669477622
12.84,2369.1464036910543,6.179906587791791,0.9994518013774837,1847.1650658683436
12.87,2368.961007361797,6.1798486963571975,0.9994518549197957,1847.165164824079
12.9,2368.775612769263,6.179790806313639,0.9994519084789181,1847.1652638108835
12.93,2368.59021991341,6.179732917652754,0.9994519620521611,1847.1653628237852
12.959999999999999,2368.404828794194,6.179675030364732,0.99945201563637,1847.1654618569537
12.99,2368.219439411574,6.17961714444345,0.9994520692295786,1847.1655609067554
13.008762069888524,2368.1034973424307,6.17958094314911,0.9994521027518064,1847.1656228618074
13.02,2368.03405176551,6.179559259891157,0.9994521228325316,1847.1656599745666
13.049999999999999,2367.8486658559623,6.179501376709289,0.9994521764457098,1847.1657590612756
13.08,2367.663281682891,6.179443494897633,0.9994522300690605,1847.165858166785
13.11,2367.4778992462548,6.179385614454331,0.9994522837019987,1847.1659572900141
13.139999999999999,2367.292518546013,6.179327735375879,0.9994523373434085,1847.1660564289004
13.17,2367.107139582124,6.179269857657128,0.9994523909916376,1847.1661555803898
13.2,2366.921762354545,6.179211981291281,0.9994524446445066,1847.1662547404542
13.229999999999999,2366.736386863234,6.179154106271809,0.999452498299919,1847.1663539052197
13.26,2366.5510131081523,6.17909623260099,0.999452551958628,1847.1664530760777
13.29,2366.3656410892604,6.179038360282422,0.9994526056218117,1847.166552255206
13.32,2366.1802708065184,6.178980489317939,0.9994526592900811,1847.1666514437334
13.35,2365.9949022598867,6.178922619707653,0.9994527129634877,1847.166750641755
13.379999999999999,2365.8095354493244,6.178864751449946,0.9994527666415247,1847.1668498483348
13.41,2365.6241703747905,6.178806884541476,0.9994528203231274,1847.1669490615045
13.42839955601396,2365.5104833979235,6.178771394359426,0.9994528532481372,1847.167009912791
13.44,2365.438807036244,6.178749018977176,0.9994528740066725,1847.1670482782642
13.469999999999999,2365.2534454336414,6.178691154750689,0.9994529276901184,1847.1671474948405
13.5,2365.068085566944,6.178633291862116,0.999452981373516,1847.1672467113274
13.53,2364.882727436112,6.178575430316244,0.9994530350584286,1847.1673459306144
13.559999999999999,2364.697371041107,6.178517570116177,0.9994530887458747,1847.1674451545837
13.59,2364.5120163818897,6.178459711263253,0.999453142436306,1847.1675443840702
13.62,2364.326663458419,6.178401853757051,0.9994531961296014,1847.1676436188502
13.65,2364.1413122706545,6.178343997595385,0.999453249825069,1847.1677428576445
13.68,2363.9559628185552,6.178286142774309,0.9994533035214478,1847.1678420981234
13.709999999999999,2363.7706151020784,6.1782282892881275,0.9994533572169139,1847.1679413369147
13.74,2363.585269121184,6.178170437134107,0.9994534109105969,1847.1680405724114
13.77,2363.399924875833,6.178112586317159,0.9994534646041017,1847.168139807578
13.799999999999999,2363.214582365987,6.178054736841291,0.9994535182987406,1847.1682390448411
13.83,2363.0292415916065,6.177996888708731,0.9994535719952512,1847.1683382855633
13.848037042139397,2362.9178091150497,6.177962109048784,0.9994536042804504,1847.1683979543657
13.86,2362.843902552651,6.17793904191993,0.9994536256937944,1847.168437530042
13.889999999999999,2362.6585652490808,6.177881196473561,0.9994536793939572,1847.1685367775142
13.92,2362.4732296808543,6.1778233523665165,0.9994537330947517,1847.1686360261538
13.95,2362.28789584793,6.177765509593909,0.9994537867946104,1847.1687352730637
13.979999999999999,2362.1025637502667,6.177707668150901,0.9994538404919848,1847.1688345153823
14.01,2361.9172333878246,6.177649828041027,0.9994538941880351,1847.1689337552539
14.04,2361.731904760566,6.177591989269064,0.9994539478843213,1847.1690329955613
14.07,2361.5465778684515,6.177534151837972,0.9994540015818191,1847.169132238108
14.1,2361.3612527114415,6.177476315748929,0.9994540552809245,1847.1692314836257
14.129999999999999,2361.1759292894953,6.177418481001321,0.9994541089814548,1847.169330731777
14.16,2360.9906076025723,6.177360647592751,0.9994541626826497,1847.1694299811566
14.19,2360.8052876506313,6.177302815519036,0.9994542163831722,1847.1695292292936
14.219999999999999,2360.6199694336306,6.177244984774636,0.9994542700812472,1847.1696284729069
14.25,2360.43465295153,6.177187155360271,0.9994543237771217,1847.1697277124536
14.267674528264834,2360.325474383637,6.177153085731157,0.9994543554117922,1847.169786178963
14.28,2360.2493382042912,6.177129327281269,0.9994543774725357,1847.169826951149
14.309999999999999,2360.0640251918758,6.177071500541247,0.9994544311686764,1847.1699261911874
14.34,2359.8787139142437,6.17701367514204,0.9994544848661528,1847.1700254336947
14.37,2359.693404371355,6.1769558510836875,0.9994545385649941,1847.1701246787245
14.399999999999999,2359.508096563169,6.176898028364443,0.9994545922646507,1847.1702239252609
14.43,2359.322790489645,6.176840206980767,0.9994546459639937,1847.170323171218
14.459999999999999,2359.1374861507406,6.176782386927349,0.9994546996613204,1847.1704224134483
14.49,2358.9521835464157,6.176724568201769,0.999454753355864,1847.170521650535
14.52,2358.7668826766317,6.1766667508091855,0.9994548070493081,1847.1706208855899
14.549999999999999,2358.581583541349,6.176608934753844,0.9994548607430431,1847.1707201211823
14.58,2358.39628614053,6.1765511200382,0.9994549144378805,1847.170819358812
14.61,2358.2109904741337,6.176493306662919,0.9994549681340513,1847.1709185989062
14.639999999999999,2358.02569654212,6.176435494626873,0.9994550218312066,1847.1710178408198
14.67,2357.8404043444475,6.176377683927146,0.9994550755284177,1847.1711170828366
14.687312014390269,2357.7334790938703,6.176344323877934,0.9994551065147739,1847.1711743511457
14.7,2357.6551138810755,6.176319874559028,0.9994551292241773,1847.1712163221707
14.729999999999999,2357.469825151962,6.176262066517839,0.9994551829169855,1847.1713155560506
14.76,2357.2845381570683,6.176204259807228,0.999455236608041,1847.1714147866905
14.79,2357.0992528963557,6.176146454432084,0.9994552902989396,1847.1715140170409
14.82,2356.9139693697853,6.176088650395471,0.9994553439906909,1847.1716132489669
14.85,2356.7286875773175,6.176030847698662,0.9994553976837216,1847.1717124832574
14.879999999999999,2356.543407518912,6.175973046341141,0.9994554513778808,1847.171811719634
14.91,2356.358129194528,6.175915246320597,0.9994555050724356,1847.1719109567414
14.94,2356.1728526041247,6.175857447632929,0.9994555587660776,1847.172010192162
14.969999999999999,2355.9875777476595,6.17579965027267,0.999455612457052,1847.172109422652
15.0,2355.8023046250933,6.175741854240603,0.9994556661456261,1847.1722086487061
15.03,2355.617033236387,6.175684059542101,0.9994557198335565,1847.1723078735706
15.059999999999999,2355.431763581503,6.175626266180836,0.9994557735220471,1847.1724070994703
15.09,2355.2464956604013,6.1755684741586805,0.9994558272117205,1847.1725063275562
15.106949500515706,2355.1418231360735,6.17553582322049,0.9994558575460557,1847.1725623908142
15.12,2355.0612294730413,6.175510683475722,0.9994558809026203,1847.1726055579086
15.149999999999999,2354.875965019383,6.175452894130252,0.99945593459421,1847.172704789536
15.18,2354.6907022993855,6.175395106118771,0.9994559882853716,1847.1728040203723
15.209999999999999,2354.5054413130065,6.175337319436003,0.9994560419744147,1847.1729032472933
15.24,2354.3201820602058,6.175279534079557,0.9994560956605814,1847.173002468898
15.27,2354.1349245409447,6.175221750054615,0.9994561493455651,1847.1731016883166
15.299999999999999,2353.9496687551846,6.175163967365445,0.9994562030307602,1847.1732009081254
15.33,2353.7644147028864,6.175106186014522,0.9994562567169869,1847.1733001298412
15.36,2353.57916238401,6.175048406002533,0.9994563104044826,1847.1733993539024
15.389999999999999,2353.393911798516,6.174990627328369,0.999456364092903,1847.1734985796722
15.42,2353.208662946362,6.17493284998913,0.9994564177813284,1847.1735978054517
15.45,2353.023415827508,6.1748750739801235,0.9994564714682523,1847.1736970284558
15.479999999999999,2352.8381704419116,6.1748172992966825,0.9994565251521816,1847.1737962459256
15.51,2352.652926789534,6.174759525942471,0.9994565788343186,1847.1738954600828
15.526586986641142,2352.5505064006775,6.174727583653153,0.9994566085149876,1847.1739503152492
15.54,2352.467684870337,6.174701753922383,0.9994566325162622,1847.1739946738824
15.57,2352.282444684282,6.174643983239497,0.999456686199026,1847.1740938891978
15.6,2352.097206231328,6.174586213895092,0.9994567398830392,1847.1741931068227
15.629999999999999,2351.911969511437,6.1745284458886625,0.9994567935681534,1847.1742923264824
15.66,2351.726734524566,6.1744706792179045,0.9994568472536406,1847.1743915468312
15.69,2351.5415012706753,6.174412913878725,0.9994569009381895,1847.174490765446
15.719999999999999,2351.3562697497227,6.174355149865664,0.9994569546200506,1847.1745899790935
15.75,2351.1710399616686,6.17429738717951,0.999457008299493,1847.1746891882706
15.78,2350.9858119064747,6.174239625825641,0.9994570619782754,1847.1747883962278
15.809999999999999,2350.8005855841016,6.174181865807732,0.9994571156576026,1847.1748876051922
15.84,2350.615360994511,6.174124107127662,0.9994571693380986,1847.1749868163163
15.87,2350.4301381376617,6.174066349785521,0.9994572230198089,1847.1750860296847
15.899999999999999,2350.244917013514,6.174008593779605,0.9994572767021972,1847.1751852443067
15.93,2350.0596976220268,6.173950839106417,0.9994573303841471,1847.1752844581179
15.946224472766579,2349.9595287781553,6.173919605022494,0.9994573594154346,1847.1753381131116
15.959999999999999,2349.874479963158,6.173893085760685,0.9994573840639684,1847.1753836679954
15.99,2349.689264036868,6.173835333740024,0.9994574377409051,1847.1754828725414
16.02,2349.5040498431167,6.173777583049613,0.9994574914166496,1847.1755820748842
16.05,2349.318837381867,6.173719833693725,0.9994575450925998,1847.175681277607
16.08,2349.133626653079,6.173662085674836,0.9994575987695747,1847.1757804822237
16.11,2348.948417656713,6.173604338993636,0.999457652447814,1847.1758796891772
16.14,2348.763210392729,6.173546593649016,0.9994577061269725,1847.1759788978297
16.169999999999998,2348.578004861086,6.173488849638079,0.9994577598061296,1847.1760781064795
16.2,2348.392801061742,6.173431106956134,0.9994578134837824,1847.176177312349
16.23,2348.2075989946566,6.173373365598517,0.9994578671584363,1847.1762765126762
16.259999999999998,2348.02239865979,6.173315625568889,0.9994579208312929,1847.1763757096817
16.29,2347.8372000571044,6.173257886872149,0.9994579745039543,1847.1764749063263
16.32,2347.6520031865607,6.173200149511373,0.9994580281774309,1847.1765741044774
16.349999999999998,2347.466808048119,6.173142413487843,0.9994580818521561,1847.1766733049362
16.365861958892015,2347.368890159027,6.173111887147123,0.9994581102321756,1847.1767257562706
16.38,2347.28161464174,6.173084678801054,0.9994581355279796,1847.1767725074249
16.41,2347.0964229673823,6.173026945448703,0.9994581892041744,1847.1768717105997
16.439999999999998,2346.911233025005,6.172969213426696,0.9994582428794285,1847.1769709120363
16.47,2346.726044814566,6.172911482729576,0.9994582965519925,1847.1770701085006
16.5,2346.5408583360263,6.172853753358133,0.9994583502221366,1847.177169300493
16.53,2346.355673589347,6.172796025317744,0.999458403891619,1847.1772684912623
16.56,2346.1704905744896,6.172738298612083,0.9994584575616446,1847.1773676830355
16.59,2345.985309291415,6.172680573243032,0.9994585112328381,1847.1774668769672
16.62,2345.800129740083,6.172622849210679,0.9994585649052445,1847.1775660731403
16.65,2345.6149519204528,6.172565126513322,0.9994586185783287,1847.1776652705664
16.68,2345.4297758324838,6.172507405147464,0.9994586722509742,1847.1777644671815
16.71,2345.2446014761344,6.172449685107835,0.9994587259214908,1847.1778636598622
16.74,2345.059428851364,6.172391966392047,0.9994587795891197,1847.177962847206
16.77,2344.874257958134,6.1723342490052815,0.9994588332555554,1847.1780620323443
16.78549944501745,2344.7785904339007,6.17230442994536,0.9994588609822372,1847.178113276194
16.8,2344.6890887964055,6.172276532951811,0.999458886922198,1847.178161217865
16.83,2344.5039213661403,6.172218818234113,0.9994589405898644,1847.178260405278
16.86,2344.3187556672983,6.172161104852875,0.9994589942587943,1847.178359595026
16.89,2344.1335916998387,6.172103392806991,0.9994590479286443,1847.1784587864745
16.919999999999998,2343.9484294637214,6.172045682093562,0.9994591015984923,1847.1785579779196
16.95,2343.7632689589045,6.171987972707898,0.9994591552668348,1847.178657166582
16.98,2343.578110185347,6.171930264645336,0.9994592089321779,1847.178756349701
17.009999999999998,2343.39295314301,6.171872557909537,0.9994592625957234,1847.178855529498
17.04,2343.207797831855,6.1718148525054,0.9994593162590738,1847.1789547089343
17.07,2343.022644251843,6.171757148436001,0.9994593699232395,1847.1790538898772
17.099999999999998,2342.837492402934,6.171699445702623,0.9994594235886533,1847.1791530731268
17.13,2342.652342285089,6.171641744304758,0.9994594772551666,1847.1792522584087
17.16,2342.467193898267,6.171584044240106,0.9994595309220501,1847.1793514443746
17.189999999999998,2342.2820472424264,6.1715263455045735,0.9994595845879936,1847.1794506286035
17.20513693114289,2342.188629493424,6.171497233281053,0.9994596116649833,1847.1795006717066
17.22,2342.096902317526,6.171468648092702,0.9994596382512456,1847.179549807858
17.25,2341.9117591235263,6.171410952005282,0.9994596919120771,1847.1796489826386
17.28,2341.7266176603885,6.1713532572476915,0.999459745572248,1847.1797481561987
17.31,2341.541477928074,6.171295563823604,0.999459799232961,1847.1798473307606
17.34,2341.3563399265436,6.171237871734901,0.9994598528948427,1847.1799465074823
17.37,2341.1712036557574,6.171180180981671,0.9994599065579385,1847.1800456864478
17.4,2340.986069115675,6.171122491562212,0.9994599602217119,1847.1801448666658
17.43,2340.8009363062556,6.171064803473028,0.9994600138850457,1847.1802440460713
17.46,2340.6158052274573,6.1710071167088465,0.99946006754625,1847.1803432215413
17.49,2340.4306758792395,6.170949431267283,0.9994601212045667,1847.1804423916742
17.52,2340.245548261564,6.170891747153517,0.9994601748616901,1847.1805415596018
17.55,2340.0604223743926,6.170834064371823,0.999460228519021,1847.180640727913
17.58,2339.8752982176857,6.170776382924676,0.999460282177376,1847.1807398981168
17.61,2339.690175791404,6.170718702812765,0.9994603358369945,1847.1808390706556
17.624774417268323,2339.5990072282843,6.170690296968492,0.9994603622636962,1847.1808879119105
17.64,2339.5050550955066,6.170661024034983,0.9994603894975327,1847.1809382448944
17.669999999999998,2339.3199361299535,6.1706033465884325,0.99946044315807,1847.1810374191316
17.7,2339.1348188947027,6.170545670468424,0.9994604968171027,1847.1811365905878
17.73,2338.949703389713,6.170487995670292,0.9994605504731338,1847.1812357564966
17.759999999999998,2338.764589614946,6.1704303221977,0.9994606041273677,1847.181334919084
17.79,2338.5794775703635,6.170372650055548,0.9994606577814054,1847.1814340813087
17.82,2338.3943672559258,6.170314979246908,0.9994607114362606,1847.1815332450442
17.849999999999998,2338.209258671594,6.170257309773066,0.9994607650923631,1847.1816324110853
17.88,2338.024151817328,6.1701996416335145,0.9994608187495668,1847.1817315791611
17.91,2337.8390466930873,6.170141974825951,0.9994608724071393,1847.1818307479189
17.939999999999998,2337.65394329883,6.170084309346283,0.9994609260637727,1847.1819299149406
17.97,2337.4688416345157,6.170026645189054,0.9994609797177141,1847.1820290769874
18.0,2337.283741700104,6.169968982355053,0.9994610333692352,1847.1821282345609
18.029999999999998,2337.098643495557,6.169911320849658,0.9994610870200937,1847.18222739091
18.044411903393758,2337.0097235292565,6.169883620921735,0.9994611127939351,1847.1822750255626
18.06,2336.9135470208357,6.1698536606765435,0.9994611406714966,1847.182326548265
18.09,2336.728452275901,6.1697960018375895,0.9994611943240679,1847.1824257077794
18.12,2336.543359260713,6.169738344332886,0.9994612479778539,1847.1825248695388
18.15,2336.3582679752312,6.169680688160731,0.9994613016323174,1847.1826240325506
18.18,2336.1731784194153,6.1696230333176265,0.9994613552863424,1847.1827231947518
18.21,2335.9880905932228,6.169565379798303,0.9994614089382368,1847.1828223530151
18.24,2335.803004496614,6.169507727600374,0.9994614625872428,1847.1829215059406
18.27,2335.61792012955,6.169450076729022,0.9994615162350575,1847.183020656664
18.3,2335.4328374919924,6.169392427188516,0.9994615698830774,1847.1831198077666
18.33,2335.2477565839026,6.169334778981337,0.999461623532123,1847.183218960765
18.36,2335.0626774052403,6.169277132108171,0.9994616771824316,1847.1833181160978
18.39,2334.8775999559657,6.16921948656791,0.9994617308336617,1847.1834172731335
18.419999999999998,2334.6925242360376,6.16916184235766,0.99946178448489,1847.1835164301658
18.45,2334.5074502454154,6.169104199472727,0.9994618381346129,1847.183615584416
18.464049389519197,2334.420778287161,6.169077205015277,0.9994618632584221,1847.1836620176932
18.48,2334.3223779840578,6.16904655790845,0.9994618917813352,1847.1837147331205
18.509999999999998,2334.137307451925,6.168988917668491,0.9994619454262597,1847.1838138785024
18.54,2333.95223864898,6.168931278757748,0.9994619990709882,1847.183913023522
18.57,2333.7671715751826,6.168873641179298,0.9994620527165335,1847.1840121700511
18.599999999999998,2333.5821062304944,6.168816004934422,0.9994621063633288,1847.1841113188905
18.63,2333.3970426148753,6.168758370022615,0.9994621600112231,1847.1842104697612
18.66,2333.2119807282843,6.168700736441573,0.9994622136594873,1847.1843096213154
18.689999999999998,2333.026920570681,6.168643104187206,0.999462267306813,1847.184408771135
18.72,2332.841862142023,6.168585473254056,0.999462320951446,1847.1845079159784
18.75,2332.6568054422705,6.16852784364291,0.9994623745936584,1847.1846070563477
18.779999999999998,2332.4717504713867,6.168470215359151,0.9994624282352084,1847.184706195493
18.81,2332.286697229332,6.168412588406451,0.9994624818773028,1847.1848053356441
18.84,2332.1016457160667,6.168354962786689,0.9994625355205662,1847.1849044779558
18.87,2331.916595931552,6.168297338499958,0.9994625891650445,1847.1850036225132
18.88368687564463,2331.8321713928526,6.168271049060822,0.9994626136395003,1847.1850488556697
18.9,2331.7315478757473,6.168239715544551,0.9994626428102009,1847.1851027683238
18.93,2331.546501548611,6.168182093916975,0.9994626964549189,1847.185201913324
18.96,2331.361456950103,6.168124473611958,0.9994627500975055,1847.185301054385
18.99,2331.176414080181,6.1680668546271145,0.9994628037372049,1847.1854001901097
19.02,2330.991372938808,6.1680092369676265,0.9994628573757104,1847.1854993236282
19.05,2330.8063335259453,6.167951620637765,0.999462911014423,1847.1855984575293
19.08,2330.6212958415535,6.167894005640008,0.9994629646541608,1847.1856975933254
19.11,2330.4362598855932,6.167836391975043,0.9994630182951635,1847.185796731459
19.14,2330.251225658025,6.167778779641764,0.9994630719370873,1847.185895871295
19.169999999999998,2330.0661931588065,6.167721168637272,0.9994631255790094,1847.185995011128
19.2,2329.881162387898,6.167663558956878,0.9994631792194256,1847.1860941481777
19.23,2329.6961333452573,6.167605950595919,0.9994632328568415,1847.1861932796821
19.259999999999998,2329.5111060308463,6.1675483435580585,0.9994632864924584,1847.186292407862
19.29,2329.3260804446263,6.167490737848193,0.99946334012788,1847.1863915356807
19.30332436177007,2329.243902737272,6.167465152964349,0.9994633639500288,1847.1864355632576
19.32,2329.1410565865585,6.167433133469399,0.9994633937641195,1847.1864906650112
19.349999999999998,2328.9560344566034,6.1673755304229605,0.9994634474016079,1847.18658979665
19.38,2328.771014054722,6.167317928708368,0.9994635010401969,1847.1866889303226
19.41,2328.585995380872,6.167260328323322,0.9994635546791567,1847.1867880646807
19.439999999999998,2328.400978435014,6.167202729263729,0.999463608317176,1847.1868871973004
19.47,2328.215963217106,6.167145131524133,0.9994636619525025,1847.1869863249435
19.5,2328.030949727108,6.167087535105322,0.999463715585409,1847.187085448114
19.529999999999998,2327.845937964982,6.167029940012678,0.9994637692176531,1847.18718457006
19.56,2327.66092793069,6.166972346249871,0.9994638228504407,1847.1872836930106
19.59,2327.4759196241916,6.1669147538187845,0.999463876484399,1847.1873828181253
19.62,2327.290913045448,6.1668571627195075,0.9994639301195728,1847.187481945486
19.65,2327.105908194419,6.166799572950335,0.9994639837554244,1847.1875810740996
19.68,2326.9209050710633,6.166741984507774,0.9994640373908378,1847.1876802019033
19.71,2326.735903675339,6.166684397386551,0.9994640910241196,1847.1877793257672
19.722961847895505,2326.6559722114107,6.166659516610772,0.9994641141960133,1847.187822151557
19.74,2326.5509040072066,6.166626811584282,0.999464144654513,1847.1878784442931
19.77,2326.365906066627,6.16656922710615,0.9994641982837127,1847.1879775606128
19.8,2326.1809098535623,6.166511643956425,0.9994642519131212,1847.1880766773181
19.83,2325.9959153679733,6.166454062137585,0.9994643055435536,1847.188175795916
19.86,2325.810922609821,6.166396481650317,0.999464359175252,1847.1882749168537
19.89,2325.625931579064,6.166338902493514,0.9994644128078716,1847.188374039494
19.919999999999998,2325.440942275663,6.166281324664281,0.9994644664404895,1847.188473162131
19.95,2325.255954699576,6.166223748157925,0.9994645200716022,1847.1885722819864
19.98,2325.0709688507613,6.1661661729697865,0.9994645736997133,1847.188671396294
20.009999999999998,2324.8859847291815,6.166108599103526,0.9994646273260254,1847.1887705072768
20.04,2324.7010023347975,6.166051026564043,0.9994646809521431,1847.1888696179003
20.07,2324.516021667571,6.165993455354412,0.999464734579078,1847.1889687300343
20.099999999999998,2324.331042727462,6.165935885475918,0.9994647882072633,1847.189067844479
20.13,2324.146065514431,6.16587831692805,0.999464841836549,1847.1891669609577
20.142599334020943,2324.0683797062925,6.165854139812202,0.9994648643598315,1847.189208587998
20.16,2323.9610900284374,6.16582074970851,0.9994648954662056,1847.1892660781218
20.189999999999998,2323.77611626944,6.165763183813205,0.9994649490949223,1847.1893651935486
20.22,2323.591144237398,6.165705619236677,0.9994650027209461,1847.1894643039984
20.25,2323.406173932271,6.165648055979718,0.9994650563445481,1847.1895634099726
20.279999999999998,2323.2212053540215,6.165590494047705,0.999465109967488,1847.1896625147233
20.31,2323.036238502611,6.165532933444312,0.9994651635909739,1847.1897616204826
20.34,2322.8512733779994,6.16547537417142,0.9994652172156293,1847.1898607284036
20.37,2322.666309980148,6.165417816229118,0.999465270841499,1847.189959838569
20.4,2322.4813483090165,6.165360259615703,0.9994653244680491,1847.1900589499915
20.43,2322.2963883645634,6.16530270432768,0.9994653780941601,1847.1901580606027
20.46,2322.1114301467474,6.1652451503597785,0.9994654317181394,1847.190257167274
20.49,2321.9264736555283,6.165187597709614,0.9994654853392303,1847.190356268607
20.52,2321.741518890868,6.165130046382367,0.9994655389591273,1847.1904553677336
20.55,2321.5565658527275,6.16507249638231,0.9994655925792326,1847.1905544672452
20.562236820146378,2321.4811251130227,6.165049022464021,0.9994656144508196,1847.1905948898363
20.58,2321.3716145410685,6.165014947711919,0.9994656462003636,1847.1906535686526
20.61,2321.1866649558515,6.164957400371883,0.9994656998227599,1847.190752672398
20.64,2321.001717097036,6.164899854361094,0.9994657534460779,1847.1908517778475
20.669999999999998,2320.816770964582,6.164842309676656,0.9994658070693955,1847.190950883296
20.7,2320.631826558447,6.164784766313879,0.9994658606912055,1847.191049985958
20.73,2320.4468838785906,6.1647272242681,0.9994659143100151,1847.1911490830748
20.759999999999998,2320.261942924975,6.164669683542984,0.9994659679270255,1847.1912481768666
20.79,2320.0770036975605,6.164612144143427,0.9994660215438417,1847.1913472702993
20.82,2319.8920661963093,6.164554606072504,0.9994660751614749,1847.1914463652417
20.849999999999998,2319.707130421182,6.1644970693314995,0.9994661287803593,1847.191545462497
20.88,2319.522196372138,6.164439533919905,0.9994661824003439,1847.1916445617853
20.91,2319.3372640491375,6.16438199983542,0.9994662360206997,1847.19174366176
20.939999999999998,2319.15233345214,6.164324467073953,0.9994662896401156,1847.1918427599976
20.97,2318.9674045811025,6.164266935630048,0.9994663432568391,1847.1919418532589
20.981874306271813,2318.8942083227635,6.164244164461052,0.9994663644781064,1847.1919810739432
21.0,2318.782477435987,6.164209405504492,0.9994663968711391,1847.1920409420413
21.029999999999998,2318.597552016755,6.164151876702667,0.9994664504847794,1847.1921400296042
21.06,2318.4126283233677,6.164094349228245,0.9994665040989641,1847.1922391181736
21.09,2318.227706355786,6.164036823083107,0.9994665577143184,1847.1923382089044
21.119999999999997,2318.04278611397,6.163979298267342,0.9994666113308885,1847.1924373018824
21.15,2317.85786759788,6.163921774779247,0.9994666649481392,1847.192536396118
21.18,2317.6729508074754,6.163864252615327,0.9994667185649496,1847.19263548954
21.21,2317.488035742714,6.163806731770312,0.9994667721796291,1847.1927345790236
21.24,2317.303122403556,6.163749212241817,0.9994668257914199,1847.1928336631684
21.27,2317.1182107899626,6.163691694035024,0.999466879402017,1847.192932745107
21.3,2316.933300901896,6.163634177154203,0.9994669330128215,1847.1930318274292
21.33,2316.7483927393173,6.163576661601834,0.9994669866246526,1847.1931309116487
21.36,2316.563486302187,6.163519147378602,0.9994670402377505,1847.193229998209
21.39,2316.3785815904644,6.163461634483402,0.9994670938517694,1847.193329086472
21.40151179239725,2316.307629226707,6.1634395656184315,0.9994671144249545,1847.1933671093848
21.419999999999998,2316.1936786041097,6.1634041229133345,0.9994671474657885,1847.1934281747351
21.45,2316.008777343081,6.163346612663712,0.9994672010782998,1847.1935272602118
21.48,2315.823877807338,6.163289103729873,0.9994672546878095,1847.1936263401406
21.509999999999998,2315.6389799968415,6.16323159611548,0.9994673082955203,1847.1937254167449
21.54,2315.4540839115534,6.16317408982543,0.9994673619030364,1847.1938244929895
21.57,2315.269189551435,6.163116584862799,0.9994674155113713,1847.1939235707473
21.599999999999998,2315.0842969164473,6.1630590812288695,0.9994674691209571,1847.1940226508168
21.63,2314.89940600655,6.163001578923135,0.9994675227316439,1847.1941217329213
21.66,2314.714516821703,6.162944077943294,0.9994675763427022,1847.1942208157125
21.689999999999998,2314.5296293618653,6.162886578285255,0.9994676299528196,1847.1943198967645
21.72,2314.3447436269953,6.162829079943561,0.9994676835602437,1847.194418972839
21.75,2314.159859617054,6.162771582919003,0.999467737165246,1847.1945180444375
21.779999999999998,2313.9749773320027,6.162714087216959,0.9994677907695872,1847.1946171148143
21.81,2313.7900967718033,6.1626565928411035,0.9994678443744729,1847.1947161861972
21.821149278522686,2313.7213877161234,6.162635225819229,0.9994678642966162,1847.1947530058687
21.84,2313.605217936417,6.162599099793317,0.99946789798053,1847.1948152597452
21.869999999999997,2313.4203408258036,6.162541608073687,0.9994679515878025,1847.1949143355394
21.9,2313.235465439923,6.162484117680512,0.9994680051957557,1847.1950134125918
21.93,2313.0505917787345,6.162426628610297,0.9994680588032699,1847.1951124888328
21.96,2312.865719842197,6.162369140857771,0.9994681124086521,1847.1952115611334
21.99,2312.6808496302697,6.1623116544205505,0.9994681660111445,1847.1953106280932
22.02,2312.495981142915,6.162254169303817,0.9994682196124433,1847.1954096928469
22.05,2312.311114380094,6.162196685511842,0.9994682732139502,1847.1955087579852
22.08,2312.126249341768,6.1621392030471025,0.9994683268164849,1847.1956078250232
22.11,2311.941386027898,6.162081721910285,0.9994683804202847,1847.1957068943996
22.14,2311.756524438443,6.162024242100284,0.9994684340250078,1847.195805965482
22.169999999999998,2311.5716645733637,6.1619667636142035,0.99946848762973,1847.1959050365626
22.2,2311.386806432618,6.161909286447352,0.9994685412329456,1847.196004104859
22.23,2311.2019500161646,6.161851810595068,0.999468594833158,1847.196103167605
22.240786764648124,2311.1354836823443,6.161831144967258,0.9994686141050504,1847.1961387854972
22.259999999999998,2311.017095323966,6.161794336061017,0.9994686484315718,1847.1962022270268
22.29,2310.832242355983,6.161736862850095,0.9994687020297917,1847.1963012860901
22.32,2310.647391112178,6.161679390965377,0.9994687556288293,1847.196400346665
22.349999999999998,2310.462541592511,6.161621920408147,0.9994688092291187,1847.1964994095533
22.38,2310.2776937969425,6.161564451177897,0.9994688628305101,1847.196598474478
22.41,2310.0928477254315,6.161506983272327,0.9994689164322726,1847.196697540089
22.439999999999998,2309.908003377938,6.161449516687343,0.9994689700330956,1847.1967966039635
22.47,2309.72316075442,6.161392051417491,0.9994690236312234,1847.1968956628566
22.5,2309.538319854838,6.1613345874635606,0.9994690772269293,1847.1969947172738
22.529999999999998,2309.3534806791545,6.1612771248309315,0.999469130821974,1847.1970937704687
22.56,2309.168643227331,6.161219663523276,0.9994691844175644,1847.1971928246724
22.59,2308.9838074993277,6.161162203542475,0.999469238014326,1847.1972918810407
22.619999999999997,2308.798973495106,6.161104744888618,0.9994692916123047,1847.1973909396581
22.65,2308.614141214625,6.161047287560002,0.9994693452109623,1847.1974899995307
22.66042425077356,2308.5499170167313,6.161027322882921,0.9994693638351286,1847.1975244203095
22.68,2308.4293106578443,6.160989831553132,0.999469398809182,1847.1975890585936
22.71,2308.2444818247222,6.160932376862737,0.9994694524052692,1847.1976881137155
22.74,2308.059654715219,6.160874923486435,0.9994695059984666,1847.1977871634965
22.77,2307.8748293292965,6.160817471429406,0.9994695595904705,1847.1978862110716
22.8,2307.6900056669156,6.160760020695922,0.9994696131826823,1847.1979852590312
22.83,2307.5051837280384,6.160702571288461,0.9994696667759224,1847.1980843088909
22.86,2307.320363512625,6.160645123207708,0.9994697203704276,1847.198183361089
22.89,2307.1355450206356,6.160587676452558,0.9994697739658567,1847.1982824149945
22.919999999999998,2306.95072825203,6.160530231020115,0.9994698275612854,1847.1983814688995
22.95,2306.765913206766,6.160472786905688,0.9994698811552071,1847.1984805200188
22.98,2306.5810998848033,6.160415344104615,0.9994699347461244,1847.198579565586
23.009999999999998,2306.3962882861038,6.160357902620563,0.9994699883352436,1847.1986786078294
23.04,2306.2114784106284,6.1603004624584266,0.9994700419241687,1847.1987776497144
23.07,2306.026670258339,6.160243023621281,0.9994700955139126,1847.1988766931129
23.080061736898994,2305.964687610717,6.160223759436037,0.999470113487719,1847.1989099119105
23.099999999999998,2305.841863829197,6.160185586110412,0.999470149104909,1847.1989757388258
23.13,2305.657059123161,6.160128149925309,0.9994702026970066,1847.199074786574
23.16,2305.4722561401927,6.1600707150636715,0.9994702562894754,1847.1991738350087
23.189999999999998,2305.2874548802492,6.16001328152141,0.9994703098810058,1847.1992728817088
23.22,2305.1026553432907,6.159955849293068,0.9994703634698408,1847.199371923427
23.25,2304.917857529277,6.159898418379435,0.9994704170562528,1847.1994709606674
23.279999999999998,2304.7330614381704,6.1598409887858905,0.9994704706420035,1847.1995699966853
23.31,2304.5482670699325,6.159783560516108,0.9994705242283007,1847.199669033714
23.34,2304.363474424524,6.159726133571967,0.9994705778157695,1847.1997680729073
23.369999999999997,2304.178683501906,6.159668707953558,0.999470631404456,1847.1998671143513
23.4,2303.9938943020375,6.159611283659177,0.9994706849938215,1847.19996615705
23.43,2303.8091068248787,6.15955386068533,0.9994707385827488,1847.2000651989392
23.46,2303.624321070387,6.1594964390267455,0.9994707921695434,1847.2001642368866
23.49,2303.439537038523,6.159439018681042,0.9994708457534471,1847.2002632694912
23.499699223024432,2303.379795355804,6.15942045453812,0.9994708630771872,1847.2002952868506
23.52,2303.2547547292493,6.159381599653401,0.9994708993361584,1847.200362299892
23.55,2303.0699741425265,6.159324181948094,0.9994709529190777,1847.2004613306772
23.58,2302.885195278316,6.159266765567596,0.9994710065030258,1847.2005603633636
23.61,2302.700418136579,6.159209350512595,0.9994710600882396,1847.2006593983897
23.64,2302.515642717275,6.159151936781986,0.9994711136743776,1847.2007584351236
23.669999999999998,2302.330869020364,6.15909452437287,0.9994711672605141,1847.2008574718545
23.7,2302.1460970458043,6.15903711328056,0.9994712208451441,1847.2009565058015
23.73,2301.961326793555,6.1589797035003935,0.9994712744267706,1847.2010555341974
23.759999999999998,2301.7765582635784,6.158922295036035,0.9994713280065981,1847.2011545592684
23.79,2301.5917914558354,6.158864887892381,0.9994713815862307,1847.2012535839792
23.82,2301.407026370288,6.158807482072508,0.9994714351666838,1847.2013526102064
23.849999999999998,2301.222263006897,6.158750077577698,0.9994714887483885,1847.201451638747
23.88,2301.037501365622,6.158692674407444,0.9994715423311958,1847.2015506693251
23.91,2300.8527414464234,6.1586352725594455,0.9994715959143752,1847.2016497005911
23.919336709149867,2300.7952401435227,6.158617408016665,0.9994716125906127,1847.2016805212502
23.939999999999998,2300.6679832492605,6.15857787202961,0.9994716494966135,1847.2017487301175
23.97,2300.4832267740917,6.158520472812483,0.9994717030761586,1847.2018477546667
24.0,2300.298472020877,6.158463074908854,0.9994717566532791,1847.2019467747348
24.029999999999998,2300.1137189895794,6.158405678324103,0.9994718102297389,1847.2020457935814
24.06,2299.9289676801604,6.158348283061903,0.9994718638067445,1847.2021448134371
24.09,2299.7442180925805,6.158290889124134,0.9994719173849242,1847.2022438354627
24.119999999999997,2299.559470226801,6.158233496510886,0.9994719709643198,1847.2023428597356
24.15,2299.3747240827806,6.1581761052204556,0.9994720245443957,1847.2024418852654
24.18,2299.1899796604794,6.158118715249348,0.999472078124033,1847.2025409099851
24.21,2299.005236959856,6.158061326592294,0.9994721317015381,1847.202639930764
24.24,2298.8204959808704,6.158003939246909,0.9994721852761517,1847.2027389461987
24.27,2298.6357567234845,6.157946553218377,0.9994722388495734,1847.2028379594306
24.3,2298.4510191876598,6.157889168510967,0.9994722924232023,1847.2029369730456
24.33,2298.2662833733575,6.157831785127157,0.9994723459978596,1847.2030359885612
24.338974195275306,2298.2110218654684,6.157814619728102,0.9994723620244246,1847.2030656085096
24.36,2298.0815492805386,6.157774403067633,0.9994723995737852,1847.2031350064206
24.39,2297.896816909163,6.157717022331291,0.9994724531506337,1847.203234025986
24.419999999999998,2297.7120862591905,6.157659642915233,0.9994725067274823,1847.2033330455515
24.45,2297.52735733058,6.157602264814769,0.9994725603028226,1847.2034320623293
24.48,2297.34263012329,6.15754488802524,0.99947261387516,1847.203531073557
24.509999999999998,2297.157904637282,6.157487512550309,0.9994726674456972,1847.203630081458
24.54,2296.973180872519,6.157430138394873,0.9994727210160415,1847.2037290890023
24.57,2296.7884588289617,6.157372765562007,0.999472774587205,1847.2038280980607
24.599999999999998,2296.603738506571,6.157315394052996,0.9994728281596215,1847.203927109435
24.63,2296.4190199053073,6.15725802386733,0.9994728817331407,1847.2040261228472
24.66,2296.2343030251304,6.157200655002709,0.9994729353070317,1847.2041251369465
24.689999999999998,2296.049587865999,6.1571432874550425,0.999472988879983,1847.204224149309
24.72,2295.8648744278726,6.157085921218874,0.9994730424502378,1847.204323156688
24.75,2295.680162710711,6.157028556294995,0.9994730960180701,1847.2044221595897
24.75861168140074,2295.6271404133113,6.157012089589944,0.9994731113948545,1847.2044505786278
24.779999999999998,2295.4954527144773,6.156971192688786,0.9994731495852429,1847.2045211612724
24.81,2295.3107444391326,6.1569138304039175,0.9994732031529597,1847.204620163961
24.84,2295.1260378846378,6.15685646944227,0.9994732567218512,1847.20471916882
24.869999999999997,2294.9413330509537,6.156799109803934,0.9994733102919588,1847.2048181759271
24.9,2294.75662993804,6.156741751487207,0.9994733638627481,1847.2049171842937
24.93,2294.5719285458567,6.156684394488593,0.9994734174330978,1847.205016191848
24.96,2294.3872288743614,6.156627038802824,0.9994734710013159,1847.2051151954627
24.99,2294.202530923515,6.156569684427516,0.9994735245666423,1847.2052141937331
25.02,2294.017834693279,6.156512331367852,0.9994735781307746,1847.2053131897967
25.05,2293.8331401836153,6.1564549796281005,0.9994736316951169,1847.2054121862484
25.08,2293.648447394485,6.1563976292107405,0.9994736852604875,1847.2055111846005
25.11,2293.4637563258493,6.156340280116458,0.9994737388271251,1847.205610185294
25.14,2293.2790669776678,6.156282932344149,0.9994737923946885,1847.2057091876986
25.169999999999998,2293.0943793499005,6.156225585890914,0.9994738459622496,1847.2058081900993
25.178249167526175,2293.0435956787524,6.1562098174382305,0.9994738606916567,1847.2058354126689
25.2,2292.909693442506,6.1561682407520655,0.9994738995283038,1847.205907189715
25.23,2292.725009255443,6.156110896922943,0.9994739530913539,1847.2060061837783
25.259999999999998,2292.5403267886745,6.156053554407211,0.9994740066526048,1847.2061051745163
25.29,2292.355646042161,6.155996213209766,0.9994740602136629,1847.206204164898
25.32,2292.170967015865,6.155938873333683,0.9994741137755397,1847.206303156793
25.349999999999998,2291.986289709747,6.155881534780244,0.9994741673386691,1847.206402151003
25.38,2291.8016141237667,6.155824197548943,0.9994742209029026,1847.2065011472534
25.41,2291.6169402578853,6.15576686163748,0.9994742744675089,1847.2066001441929
25.439999999999998,2291.4322681120607,6.155709527041762,0.9994743280311741,1847.206699139393
25.47,2291.247597686252,6.155652193756335,0.9994743815921442,1847.2067981296123
25.5,2291.06292898042,6.1555948617819904,0.9994744351506902,1847.2068971153512
25.529999999999998,2290.8782619945277,6.155537531124106,0.9994744887085754,1847.206996099869
25.56,2290.6935967285353,6.1554802017863555,0.9994745422670076,1847.2070950853977
25.59,2290.508933182405,6.155422873770619,0.9994745958266129,1847.2071940730946
25.597886653651614,2290.4603875535495,6.155407803116637,0.9994746099070286,1847.2072200962125
25.619999999999997,2290.324271356097,6.155365547076986,0.9994746493874364,1847.2072930630427
25.65,2290.1396112495713,6.155308221703754,0.9994747029489407,1847.207392054249
25.68,2289.9549528627867,6.155250897647427,0.9994747565100073,1847.2074910446468
25.709999999999997,2289.770296195703,6.1551935749027376,0.9994748100689396,1847.2075900310995
25.74,2289.5856412482794,6.155136253467301,0.9994748636249801,1847.207689012208
25.77,2289.400988020478,6.155078933346302,0.9994749171798281,1847.2077879911124
25.8,2289.216336512261,6.155021614544008,0.9994749707348841,1847.2078869704014
25.83,2289.0316867235892,6.154964297062899,0.9994750242909703,1847.2079859515943
25.86,2288.847038654424,6.15490698090366,0.9994750778483249,1847.2080849351314
25.89,2288.662392304725,6.154849666065186,0.9994751314066028,1847.2081839203747
25.919999999999998,2288.4777476744516,6.15479235254458,0.9994751849648814,1847.2082829056196
25.95,2288.293104763564,6.154735040337153,0.9994752385216521,1847.2083818880776
25.98,2288.10846357202,6.154677729438244,0.9994752920754173,1847.2084808649809
26.009999999999998,2287.9238240997815,6.15462041985152,0.9994753456273835,1847.208579838559
26.01752413977705,2287.8775159295406,6.154606046546589,0.9994753590583862,1847.208604661446
26.04,2287.739186346811,6.154563111581877,0.9994753991791564,1847.2086788117801
26.07,2287.5545503130697,6.154505804632388,0.9994754527317496,1847.2087777865174
26.099999999999998,2287.3699159985185,6.154448499004338,0.9994755062855962,1847.2088767635712
26.13,2287.1852834031183,6.154391194697218,0.9994755598405469,1847.2089757426652
26.16,2287.000652526828,6.154333891708728,0.9994756133958691,1847.209074722446
26.189999999999998,2286.8160233696076,6.154276590034778,0.9994756669502514,1847.2091737004898
26.22,2286.631395931415,6.1542192896699115,0.9994757205019384,1847.2092726735523
26.25,2286.4467702122124,6.154161990614921,0.9994757740512004,1847.2093716421325
26.279999999999998,2286.262146211961,6.154104692875186,0.9994758275998021,1847.2094706094929
26.31,2286.0775239306226,6.154047396454378,0.9994758811489509,1847.209569577864
26.34,2285.892903368159,6.1539901013543785,0.9994759346992731,1847.2096685484041
26.369999999999997,2285.7082845245295,6.153932807575275,0.9994759882508151,1847.2097675211983
26.4,2285.5236673996947,6.153875515115367,0.9994760418030377,1847.2098664952507
26.43,2285.3390519936142,6.153818223971157,0.9994760953548211,1847.209965468491
26.437161625902487,2285.2949806985957,6.153804547573732,0.999476108138509,1847.2099890950249
26.459999999999997,2285.154438306247,6.153760934137379,0.9994761489044716,1847.2100644377895
26.49,2284.9698263375526,6.153703645611649,0.9994762024512296,1847.2101634017422
26.52,2284.7852160874936,6.15364635839915,0.999476255996794,1847.210262363489
26.55,2284.6006075560313,6.15358907250415,0.9994763095425682,1847.2103613256234
26.58,2284.416000743127,6.15353178792913,0.9994763630893723,1847.2104602896611
26.61,2284.231395648742,6.153474504674774,0.9994764166374437,1847.2105592560413
26.64,2284.0467922728362,6.153417222739977,0.9994764701864417,1847.2106582241338
26.669999999999998,2283.8621906153694,6.153359942121843,0.9994765237354386,1847.2107571922245
26.7,2283.6775906763005,6.1533026628156815,0.9994765772829277,1847.2108561575283
26.73,2283.4929924555886,6.153245384816834,0.9994766308274112,1847.2109551172773
26.759999999999998,2283.3083959531955,6.1531881081289646,0.9994766843700961,1847.2110540737021
26.79,2283.1238011690834,6.153130832756971,0.9994767379125865,1847.2111530297675
26.82,2282.9392081032133,6.153073558703927,0.999476791455898,1847.2112519873506
26.849999999999998,2282.754616755547,6.153016285971116,0.9994768450004637,1847.2113509472515
26.85679911202792,2282.7127817526352,6.153003306030396,0.9994768571358176,1847.2113733755484
26.88,2282.570027126044,6.152959014558031,0.9994768985461338,1847.2114499091933
26.91,2282.3854392146645,6.152901744462372,0.999476952092177,1847.2115488718252
26.939999999999998,2282.2008530213684,6.1528444756800456,0.9994770056372779,1847.2116478327152
26.97,2282.0162685461137,6.152787208205598,0.9994770591796841,1847.2117467886249
27.0,2281.8316857888613,6.152729942039822,0.9994771127196648,1847.211845740052
27.029999999999998,2281.647104749574,6.1526726771880975,0.9994771662589863,1847.2119446902607
27.06,2281.4625254282128,6.152615413654094,0.9994772197988541,1847.2120436414789
27.09,2281.2779478247394,6.1525581514396945,0.9994772733398963,1847.2121425948678
27.119999999999997,2281.093371939114,6.152500890544987,0.999477326882157,1847.2122415505087
27.15,2280.908797771297,6.152443630968269,0.9994773804251001,1847.212340507411
27.18,2280.724225321248,6.152386372706046,0.9994774339676048,1847.2124394635025
27.209999999999997,2280.5396545889253,6.152329115753048,0.9994774875079736,1847.212538415647
27.24,2280.355085574289,6.152271860106896,0.9994775410454523,1847.2126373624496
27.27,2280.170518277302,6.15221460577277,0.9994775945817369,1847.2127363070456
27.276436598153357,2280.1309189836643,6.152202321839452,0.9994776060681119,1847.2127575359139
27.3,2279.9859526979253,6.15215735275494,0.9994776481182304,1847.2128352520276
27.33,2279.8013888361206,6.152100101055884,0.9994777016557547,1847.2129341989148
27.36,2279.616826691849,6.152042850676288,0.9994777551945481,1847.2130331481476
27.39,2279.4322662650698,6.151985601615047,0.9994778087342666,1847.21313209909
27.419999999999998,2279.2477075557435,6.151928353869264,0.9994778622739839,1847.2132310500303
27.45,2279.0631505638294,6.151871107434251,0.9994779158121948,1847.2133299981863
27.48,2278.878595289286,6.151813862305348,0.9994779693473987,1847.213428940785
27.509999999999998,2278.6940417320748,6.15175661848622,0.9994780228808042,1847.2135278800597
27.54,2278.509489892159,6.151699375981763,0.9994780764140152,1847.2136268189752
27.57,2278.324939769499,6.151642134795052,0.9994781299480481,1847.2137257594095
27.599999999999998,2278.140391364057,6.151584894927371,0.9994781834833353,1847.2138247021621
27.63,2277.9558446757924,6.151527656378211,0.9994782370197269,1847.2139236469561
27.66,2277.7712997046656,6.151470419145273,0.9994782905564915,1847.214022592439
27.689999999999998,2277.5867564506357,6.151413183224465,0.999478344092316,1847.2141215361846
27.696074084278795,2277.5493922837218,6.151401594856806,0.999478354931413,1847.2141415687677
27.72,2277.4022149136617,6.151355948610333,0.9994783976254428,1847.2142204749443
27.75,2277.217675093704,6.151298715303669,0.9994784511561451,1847.2143194092232
27.779999999999998,2277.0331369907262,6.151241483309853,0.9994785046861872,1847.2144183422818
27.81,2276.8486006046887,6.1511842526325555,0.9994785582167774,1847.2145172763537
27.84,2276.664065935553,6.151127023273658,0.999478611748542,1847.214616212596
27.869999999999997,2276.47953298328,6.15106979523325,0.999478665281526,1847.2147151510915
27.9,2276.2950017478297,6.151012568509627,0.9994787188151913,1847.2148140908469
27.93,2276.1104722291616,6.150955343099297,0.9994787723484193,1847.2149130297935
27.959999999999997,2275.9259444272348,6.15089811899699,0.9994788258795121,1847.2150119647943
27.99,2275.7414183420087,6.150840896200323,0.9994788794077111,1847.2151108944465
28.02,2275.5568939734458,6.150783674714482,0.9994789329347181,1847.2152098218958
28.05,2275.372371321508,6.150726454543734,0.9994789864619344,1847.215308749732
28.08,2275.187850386157,6.1506692356905575,0.9994790399901816,1847.2154076794734
28.11,2275.0033311673533,6.150612018155638,0.9994790935196987,1847.2155066115618
28.11571157040423,2274.9682015448916,6.150601124905655,0.9994791037110766,1847.2155254470445
28.14,2274.8188136650574,6.15055480193787,0.9994791470501397,1847.2156055453577
28.169999999999998,2274.634297879229,6.150497587034359,0.9994792005805828,1847.2157044791575
28.2,2274.449783809827,6.150440373440413,0.9994792541095168,1847.2158034101683
28.23,2274.2652714568108,6.1503831611513755,0.9994793076354445,1847.2159023356228
28.259999999999998,2274.0807608201417,6.150325950170911,0.999479361159572,1847.2160012577503
28.29,2273.896251899783,6.150268740503916,0.9994794146835065,1847.2161001795212
28.32,2273.711744695695,6.150211532153465,0.9994794682082628,1847.2161991028108
28.349999999999998,2273.5272392078396,6.15015432512084,0.9994795217342746,1847.2162980284206
28.38,2273.3427354361766,6.150097119405536,0.99947957526139,1847.2163969560702
28.41,2273.1582333806664,6.15003991500525,0.9994796287888797,1847.2164958844119
28.439999999999998,2272.973733041268,6.149982711915893,0.9994796823154282,1847.2165948110135
28.47,2272.789234417941,6.14992551013201,0.9994797358392802,1847.216693732632
28.5,2272.6047375106455,6.149868309654393,0.9994797893607064,1847.2167926497668
28.529999999999998,2272.4202423193447,6.149811110488422,0.999479842881472,1847.216891565681
28.535349056529668,2272.3873466593436,6.149800911907439,0.9994798524243574,1847.2169092026343
28.56,2272.2357488439993,6.149753912637768,0.999479896402786,1847.2169904826087
28.59,2272.051257084571,6.149696716104312,0.9994799499252752,1847.2170894017083
28.619999999999997,2271.866767041021,6.149639520888143,0.9994800034489835,1847.2171883230608
28.65,2271.6822787133083,6.149582326987559,0.9994800569733753,1847.2172872456767
28.68,2271.4977921013933,6.149525134399066,0.9994801104973283,1847.217386167482
28.709999999999997,2271.313307205235,6.1494679431173935,0.999480164019146,1847.2174850853405
28.74,2271.128824024793,6.149410753140162,0.9994802175380709,1847.2175839978524
28.77,2270.9443425600302,6.149353564472554,0.9994802710558025,1847.2176829081593
28.799999999999997,2270.7598628109076,6.149296377118838,0.9994803245737442,1847.2177818188545
28.83,2270.5753847773867,6.149239191081492,0.9994803780927166,1847.2178807314542
28.86,2270.3909084594293,6.149182006361202,0.9994804316129592,1847.2179796464015
28.89,2270.206433856995,6.149124822956863,0.9994804851341273,1847.2180785630599
28.919999999999998,2270.021960970044,6.149067640865578,0.999480538655296,1847.2181774797189
28.95,2269.8374897985345,6.14901046008266,0.9994805921749559,1847.2182763935891
28.954986542655103,2269.806827519286,6.149000955728607,0.9994806010706078,1847.2182928343395
28.98,2269.6530203424268,6.148953280603447,0.9994806456916094,1847.2183753019037
29.009999999999998,2269.4685526016824,6.148896102431608,0.9994806992064623,1847.2184742068898
29.04,2269.2840865762632,6.148838925572036,0.9994807527211229,1847.218573111521
29.07,2269.0996222661315,6.148781750027808,0.9994808062366051,1847.2186720176703
29.099999999999998,2268.9151596712472,6.148724575800206,0.9994808597533436,1847.2187709261414
29.13,2268.730698791572,6.148667402888723,0.9994809132711863,1847.2188698366535
29.16,2268.5462396270655,6.148610231291058,0.9994809667894025,1847.2189687478558
29.189999999999998,2268.3617821776866,6.1485530610031205,0.999481020306679,1847.2190676573214
29.22,2268.177326443395,6.148495892019456,0.999481073821256,1847.219166561798
29.25,2267.992872424151,6.14843872434086,0.9994811273334093,1847.219265461795
29.279999999999998,2267.808420119917,6.148381557972709,0.9994811808449016,1847.2193643605701
29.31,2267.6239695306554,6.148324392918675,0.9994812343569424,1847.2194632603594
29.34,2267.4395206563267,6.148267229180639,0.9994812878701586,1847.2195621623207
29.369999999999997,2267.2550734968922,6.148210066758688,0.9994813413845945,1847.2196610665364
29.374624028780538,2267.2266440169656,6.148201256186189,0.9994813496330867,1847.2196763112202
29.4,2267.070628052312,6.1481529056511235,0.9994813948997141,1847.2197599720157
29.43,2266.8861843225454,6.148095745854448,0.999481448414395,1847.2198588766842
29.459999999999997,2266.7017423075513,6.148038587363395,0.9994815019269399,1847.219957777405
29.49,2266.5173020072903,6.147981430175583,0.9994815554365925,1847.2200566727802
29.52,2266.332863421724,6.147924274296194,0.9994816089450512,1847.2201555659492
29.549999999999997,2266.1484265508147,6.147867119729498,0.9994816624537196,1847.2202544595054
29.58,2265.9639913945243,6.147809966477972,0.9994817159634211,1847.220353354971
29.61,2265.779557952813,6.147752814542303,0.9994817694743919,1847.2204522527827
29.64,2265.5951262256413,6.147695663921383,0.9994818229862878,1847.220551152304
29.669999999999998,2265.4106962129695,6.14763851461232,0.9994818764981858,1847.220650051829
29.7,2265.226267914756,6.147581366610422,0.9994819300085747,1847.220748948565
29.73,2265.0418413309612,6.147524219911032,0.999481983515956,1847.2208478397426
29.759999999999998,2264.857416461546,6.147467074517816,0.9994820370215378,1847.2209467275943
29.79,2264.6729933064726,6.1474099304356695,0.9994820905269262,1847.2210456150885
29.794261514905976,2264.6467960447167,6.147401813196954,0.999482098127443,1847.2210596621983
29.82,2264.488571865703,6.147352787667666,0.999482144033137,1847.2211445041028
29.849999999999998,2264.3041521391983,6.14729564621509,0.9994821975406035,1847.221243395438
29.88,2264.119734126919,6.147238506077432,0.9994822510491764,1847.2213422888176
29.91,2263.935317828825,6.1471813672523945,0.9994823045581221,1847.2214411828866
29.939999999999998,2263.7509032448756,6.147124229735885,0.9994823580661277,1847.221540075218
29.97,2263.5664903750303,6.147067093522451,0.9994824115714344,1847.221638962561
30.0,2263.3820792192496,6.147009958612885,0.9994824650743167,1847.2217378454236
30.21389900103141,2262.0672834949155,6.146602626637856,0.9994828465563574,1847.2224428922282
30.63353648715685,2259.4881062599743,6.145803696323255,0.999483594902123,1847.223825968584
31.053173973282284,2256.9092642323903,6.145005022161872,0.9994843431776872,1847.2252089151953
31.47281145940772,2254.330757304707,6.144206604041071,0.9994850913890284,1847.2265917431112
31.892448945533157,2251.752585369502,6.143408441775569,0.9994858395184576,1847.2279744196387
32.31208643165859,2249.174748319433,6.142610535263519,0.9994865875754015,1847.2293569622009
32.73172391778403,2246.597246047213,6.141812884402191,0.9994873355689715,1847.2307393876365
33.15136140390947,2244.020078445583,6.141015489009288,0.9994880834823574,1847.2321216648777
33.5709988900349,2241.4432454073626,6.140218348970663,0.9994888313208954,1847.2335038037866
33.99063637616034,2238.8667468254307,6.13942146419259,0.9994895790965403,1847.234885826458
34.41027386228578,2236.290582592696,6.1386248344979855,0.9994903267940857,1847.2362677047872
34.82991134841121,2233.7147526021367,6.137828459759475,0.9994910744144713,1847.2376494405119
35.24954883453665,2231.1392567467983,6.137032339891032,0.999491821972077,1847.239031060208
35.669186320662085,2228.5640949197555,6.136236474722642,0.9994925694539,1847.2404125398439
36.088823806787516,2225.9892670141458,6.1354408641135265,0.9994933168564288,1847.2417938729302
36.508461292912955,2223.414772923181,6.134645507983684,0.9994940641959216,1847.2431750895146
36.92809877903839,2220.8406125401007,6.1338504061716135,0.999494811462056,1847.2445561705197
37.34773626516383,2218.2667857582023,6.133055558523762,0.9994955586470666,1847.2459371015937
37.76737375128926,2215.6932924708626,6.132260964964072,0.9994963057684124,1847.2473179150036
38.1870112374147,2213.120132571486,6.131466625340617,0.9994970528188019,1847.2486985972735
38.60664872354014,2210.547305953531,6.130672539488478,0.999497799786672,1847.250079127033
39.02628620966557,2207.974812510536,6.12987870733307,0.9994985466898803,1847.2514595372857
39.44592369579101,2205.402652136074,6.129085128732713,0.9994992935243842,1847.2528398205607
39.86556118191645,2202.8308247237605,6.1282918035133065,0.9995000402755333,1847.2542199497814
40.285198668041886,2200.259330167298,6.127498731598882,0.9995007869606535,1847.2555999569686
40.70483615416732,2197.688168360424,6.126705912858284,0.9995015335790434,1847.2569798408265
41.124473640292756,2195.1173391969155,6.125913347111196,0.9995022801139332,1847.258359570361
41.544111126418194,2192.5468425706345,6.12512103427702,0.9995030265810555,1847.2597391746494
41.963748612543625,2189.976678375484,6.124328974235101,0.9995037729830459,1847.2611186585625
42.383386098669064,2187.406846505403,6.1235371668023895,0.99950451930215,1847.2624979892867
42.8030235847945,2184.8373468544128,6.122745611890285,0.999505265551405,1847.2638771909174
43.22266107091993,2182.2681793165816,6.121954309388537,0.9995060117367567,1847.2652562744433
43.64229855704537,2179.6993437860087,6.121163259114404,0.9995067578404563,1847.2666352070617
44.06193604317081,2177.130840156875,6.120372460968746,0.999507503872017,1847.2680140063546
44.48157352929625,2174.5626683234127,6.119581914851219,0.999508249840534,1847.2693926891313
44.90121101542168,2171.9948281798843,6.118791620582016,0.9995089957291222,1847.2707712241856
45.32084850154712,2169.427319620626,6.118001578049724,0.9995097415432024,1847.2721496215358
45.74048598767256,2166.8601425400357,6.117211787163005,0.9995104872947284,1847.2735279032745
46.16012347379799,2164.2932968325376,6.116422247747235,0.9995112329684128,1847.2749060411481
46.579760959923426,2161.7267823926254,6.115632959677768,0.9995119785652673,1847.2762840370265
46.999398446048865,2159.1605991148595,6.114843922870987,0.9995127240996864,1847.2776619175131
47.419035932174296,2156.5947468938275,6.114055137159295,0.999513469558588,1847.2790396584298
47.838673418299734,2154.029225624179,6.113266602404645,0.9995142149385151,1847.2804172533877
48.25831090442517,2151.4640352006368,6.1124783185294564,0.9995149602557527,1847.281794732484
48.67794839055061,2148.8991755179504,6.111690285374622,0.9995157054999037,1847.2831720765032
49.09758587667604,2146.3346464709275,6.110902502789301,0.9995164506632394,1847.2845492711615
49.51722336280148,2143.7704479544514,6.110114970699888,0.9995171957632646,1847.2859263488108
49.93686084892692,2141.206579863435,6.109327688956824,0.9995179407926124,1847.2873032958355
50.35649833505235,2138.6430420928414,6.10854065739787,0.9995186857397366,1847.2886800908964
50.77613582117779,2136.0798345377143,6.107753875950929,0.9995194306225554,1847.2900567671097
51.19577330730323,2133.5169570931303,6.10696734447667,0.9995201754369601,1847.2914333168812
51.61541079342866,2130.954409654208,6.106181062803633,0.9995209201682957,1847.2928097131264
52.0350482795541,2128.392192116151,6.105395030858371,0.9995216648339563,1847.2941859879923
52.454685765679535,2125.830304374197,6.104609248512072,0.9995224094331918,1847.295562140093
52.874323251804974,2123.2687463236234,6.103823715587003,0.999523153949199,1847.2969381383725
53.293960737930405,2120.707517859791,6.103038432005136,0.9995238983977934,1847.2983140120616
53.71359822405584,2118.1466188781005,6.102253397648148,0.9995246427815726,1847.2996897659605
54.13323571018128,2115.5860492739857,6.101468612335515,0.9995253870827275,1847.3010653671552
54.55287319630671,2113.025808942965,6.100684075981254,0.9995261313143877,1847.302440839911
54.97251068243215,2110.4658977805993,6.099899788477438,0.9995268754824691,1847.303816195162
55.39214816855759,2107.9063156824836,6.0991157496438,0.9995276195691576,1847.3051913999843
55.81178565468303,2105.347062544289,6.098331959383848,0.999528363584055,1847.306566472124
56.23142314080846,2102.7881382617406,6.097548417599559,0.9995291075362416,1847.3079414283627
56.6510606269339,2100.2295427305894,6.096765124113561,0.9995298514087578,1847.3093162373566
57.070698113059336,2097.6712758466624,6.095982078817108,0.999530595207108,1847.3106909092783
57.49033559918477,2095.1133375058444,6.095199281621188,0.9995313389432435,1847.3120654662164
57.909973085310206,2092.555727604047,6.094416732353571,0.9995320826017989,1847.3134398797724
58.329610571435644,2089.9984460372507,6.093634430892285,0.9995328261838564,1847.3148141519468
58.749248057561076,2087.4414927015,6.092852377156051,0.999533569703824,1847.3161883093678
59.168885543686514,2084.8848674928668,6.092070570979636,0.9995343131485391,1847.317562327709
59.58852302981195,2082.3285703074835,6.091289012227659,0.9995350565146028,1847.3189362006883
60.00816051593739,2079.7726010415554,6.090507700824901,0.9995357998183281,1847.320309958455
60.42779800206282,2077.2169595913133,6.0897266366145875,0.9995365430492402,1847.3216835816502
60.84743548818826,2074.6616458530434,6.088945819448526,0.9995372861996464,1847.323057056056
61.2670729743137,2072.1066597231084,6.088165249255498,0.999538029287096,1847.3244304141067
61.68671046043913,2069.5520010978994,6.087384925888257,0.9995387723041516,1847.3258036420568
62.10634794656457,2066.9976698738556,6.086604849187182,0.999539515239283,1847.3271767185963
62.52598543269001,2064.443665947497,6.085825019082597,0.9995402581104637,1847.3285496769436
62.94562291881544,2061.889989215375,6.085045435437465,0.9995410009135245,1847.3299225093933
63.36526040494088,2059.336639574082,6.084266098082899,0.9995417436338012,1847.3312951888431
63.784897891066315,2056.7836169202938,6.083487006947924,0.9995424862887641,1847.3326677475814
64.20453537719175,2054.2309211507204,6.082708161905997,0.9995432288776042,1847.3340401841128
64.62417286331718,2051.6785521621105,6.081929562781915,0.9995439713834898,1847.3354124673297
65.04381034944262,2049.126509851292,6.081151209500159,0.9995447138223232,1847.3367846266221
65.46344783556806,2046.5747941151365,6.080373101944672,0.9995454561966557,1847.3381566667053
65.8830853216935,2044.0234048505456,6.079595239937404,0.999546198488631,1847.339528554578
66.30272280781894,2041.4723419545023,6.07881762339492,0.9995469407114661,1847.3409003146671
66.72236029394436,2038.9216053240357,6.078040252211557,0.9995476828710494,1847.3422719578557
67.1419977800698,2036.371194856203,6.077263126209465,0.9995484249494988,1847.343643451094
67.56163526619524,2033.8211104481397,6.07648624529474,0.9995491669565095,1847.3450148123013
67.98127275232068,2031.2713519970328,6.075709609371616,0.999549908901144,1847.346386058226
68.40091023844612,2028.721919400096,6.074933218265103,0.9995506507663676,1847.3477571573853
68.82054772457155,2026.1728125546165,6.074157071869051,0.9995513925577701,1847.34912812011
69.24018521069699,2023.624031357938,6.073381170096718,0.9995521342872977,1847.350498968479
69.65982269682242,2021.0755757074314,6.07260551277821,0.9995528759395061,1847.3518696739484
70.07946018294786,2018.527445500534,6.071830099794168,0.9995536175155547,1847.3532402386606
70.4990976690733,2015.979640634747,6.071054931065593,0.9995543590298589,1847.3546106892582
70.91873515519873,2013.4321610075976,6.0702800064295515,0.9995551004691804,1847.3559810012744
71.33837264132417,2010.8850065166735,6.06950532575327,0.9995558418301712,1847.3573511685217
71.75801012744961,2008.3381770596322,6.068730888963834,0.9995565831291775,1847.3587212212105
72.17764761357503,2005.7916725341577,6.067956695906734,0.999557324355644,1847.360091139833
72.59728509970047,2003.2454928379873,6.0671827464363774,0.9995580655019202,1847.361460910249
73.01692258582591,2000.6996378689344,6.066409040483868,0.9995588065855949,1847.3628305649668
73.43656007195135,1998.1541075248392,6.065635577904208,0.9995595475991585,1847.3642000901066
73.85619755807679,1995.6089017035904,6.064862358540339,0.9995602885310978,1847.36556946439
74.27583504420222,1993.0640203031542,6.064089382324949,0.9995610293994472,1847.3669387211482
74.69547253032766,1990.5194632215282,6.063316649123228,0.9995617701999697,1847.3683078525503
75.11511001645309,1987.9752303567516,6.062544158768814,0.9995625109179972,1847.3696768314865
75.53474750257853,1985.4313216069436,6.06177191119313,0.9995632515710692,1847.3710456903736
75.95438498870396,1982.8877368702585,6.060999906271856,0.9995639921583263,1847.372414427623
76.3740224748294,1980.344476044886,6.0602281438322505,0.9995647326629057,1847.3737830120692
76.79365996095484,1977.8015390290975,6.05945662380125,0.999565473100792,1847.3751514732548
77.21329744708028,1975.2589257212032,6.058685346065003,0.9995662134744939,1847.3765198158164
77.63293493320572,1972.7166360195447,6.05791431044787,0.9995669537661057,1847.3778880066604
78.05257241933114,1970.174669822544,6.057143516868914,0.999567693988937,1847.379256070386
78.47220990545658,1967.6330270286671,6.0563729652246705,0.999568434148843,1847.3806240178144
78.89184739158202,1965.091707536408,6.055602655339652,0.9995691742278778,1847.3819918157785
79.31148487770746,1962.5507112443377,6.054832587122481,0.999569914235828,1847.3833594823654
79.7311223638329,1960.0100380510776,6.054062760479591,0.9995706541817353,1847.3847270342862
80.15075984995833,1957.469687855275,6.053293175238308,0.9995713940484948,1847.3860944399278
80.57039733608377,1954.9296605556492,6.052523831295032,0.9995721338417777,1847.387461709771
80.9900348222092,1952.3899560509765,6.0517547285652284,0.9995728735735306,1847.3888288658964
81.40967230833463,1949.850574240057,6.050985866881277,0.9995736132282277,1847.3901958796087
81.82930979446007,1947.3115150217586,6.050217246126373,0.9995743528070995,1847.3915627531824
82.24894728058551,1944.772778295011,6.049448866223742,0.9995750923245789,1847.3929295132918
82.66858476671095,1942.2343639587687,6.048680727012691,0.999575831767341,1847.3942961353105
83.08822225283639,1939.696271912046,6.047912828362999,0.9995765711321014,1847.3956626131683
83.50785973896181,1937.1585020539262,6.047145170203993,0.9995773104352305,1847.39702897712
83.92749722508725,1934.6210542835179,6.046377752383378,0.9995780496660964,1847.398395207517
84.34713471121269,1932.0839284999824,6.045610574758089,0.9995787888170838,1847.399761290284
84.76677219733813,1929.5471246025556,6.044843637261506,0.9995795279058292,1847.4011272580167
85.18640968346357,1927.0106424904993,6.044076939750818,0.9995802669247489,1847.402493096699
85.606047169589,1924.4744820631229,6.043310482071476,0.9995810058623463,1847.4038587850835
86.02568465571444,1921.9386432198125,6.042544264158467,0.9995817447367136,1847.405224356607
86.44532214183987,1919.403125859985,6.041778285879158,0.999582483543552,1847.4065898033252
86.8649596279653,1916.8679298830968,6.041012547069647,0.9995832222681824,1847.4079550981087
87.28459711409074,1914.3330551886843,6.0402470476637,0.9995839609282205,1847.4093202735141
87.70423460021618,1911.7985016763168,6.039481787539167,0.9995846995227511,1847.4106853278495
88.12387208634162,1909.2642692456,6.038716766525706,0.9995854380348814,1847.4120502298947
88.54350957246706,1906.730357796219,6.037951984552649,0.999586176480681,1847.413415009349
88.9631470585925,1904.196767227897,6.0371874415083004,0.999586914862615,1847.4147796707682
89.38278454471792,1901.6634974403873,6.03642313721937,0.9995876531627272,1847.4161441809663
89.80242203084336,1899.1305483335232,6.035659071607357,0.9995883913944192,1847.4175085647116
90.2220595169688,1896.59791980718,6.0348952445709445,0.9995891295635121,1847.4188728327626
90.64169700309424,1894.0656117612618,6.034131655936949,0.9995898676520002,1847.4202369518414
91.06133448921967,1891.5336240957479,6.0333683056164595,0.9995906056697582,1847.4216009401985
91.48097197534511,1889.0019567106658,6.03260519351806,0.9995913436258109,1847.4229648145133
91.90060946147054,1886.4706095060699,6.0318423194713295,0.9995920815029776,1847.4243285430325
92.32024694759598,1883.9395823820846,6.0310796833751565,0.9995928193070152,1847.4256921363963
92.73988443372141,1881.40887523889,6.030317285147164,0.9995935570498671,1847.427055616678
93.15952191984685,1878.8784879766902,6.029555124621948,0.9995942947159285,1847.4284189550372
93.57915940597229,1876.3484204957547,6.028793201685203,0.9995950323065045,1847.4297821538855
93.99879689209773,1873.818672696415,6.028031516262319,0.9995957698360355,1847.4311452399122
94.41843437822317,1871.2892444790257,6.02727006819479,0.9995965072911209,1847.43250818835
94.83807186434859,1868.7601357440014,6.026508857354886,0.9995972446685324,1847.4338709932329
95.25770935047403,1866.2313463918233,6.02574788367412,0.9995979819846683,1847.4352336848674
95.67734683659947,1863.7028763229978,6.024987147002357,0.999598719228816,1847.4365962434547
96.09698432272491,1861.1747254380825,6.024226647199011,0.9995994563934044,1847.4379586550024
96.51662180885035,1858.646893637709,6.023466384199671,0.999600193496108,1847.4393209521756
96.93625929497578,1856.1193808225344,6.0227063578636635,0.9996009305292726,1847.4406831208287
97.35589678110122,1853.592186893261,6.021946568038886,0.9996016674814201,1847.4420451397475
97.77553426722665,1851.0653117506686,6.021187014662574,0.9996024043706978,1847.443407042472
98.19517175335208,1848.5387552955651,6.020427697604209,0.9996031411927433,1847.4447688209393
98.61480923947752,1846.012517428798,6.0196686167022975,0.9996038779328734,1847.4461304480124
99.03444672560296,1843.4865980512939,6.0189097718929006,0.9996046146087733,1847.4474919563766
99.4540842117284,1840.9609970640115,6.018151163055965,0.9996053512194747,1847.4488533442423
99.87372169785384,1838.4357143679435,6.017392790023508,0.9996060877480558,1847.4502145803351
100.29335918397928,1835.9107498641629,6.0166346527271966,0.9996068242106686,1847.4515756945066
100.7129966701047,1833.3861034537783,6.015876751057431,0.9996075606097362,1847.4529366912354
101.13263415623014,1830.8617750379292,6.015119084843219,0.9996082969272515,1847.454297537241
101.55227164235558,1828.3377645178327,6.014361654008441,0.9996090331767086,1847.4556582574628
101.97190912848102,1825.8140717947476,6.01360445845387,0.9996097693638968,1847.4570188626008
102.39154661460645,1823.29069676996,6.012847498008574,0.9996105054707453,1847.4583793192562
102.8111841007319,1820.7676393448305,6.012090772586048,0.9996112415072183,1847.4597396458455
103.23082158685732,1818.2448994207678,6.011334282096971,0.9996119774823251,1847.4610998590194
103.65045907298276,1815.722476899205,6.010578026373127,0.9996127133788104,1847.4624599268864
104.0700965591082,1813.2003716816455,6.009822005315836,0.9996134492025162,1847.4638198602438
104.48973404523363,1810.6785836696472,6.009066218844818,0.9996141849653792,1847.4651796811534
104.90937153135907,1808.157112764791,6.008310666796838,0.9996149206517213,1847.4665393606383
105.32900901748451,1805.635958868722,6.007555349060025,0.9996156562629159,1847.4678989012373
105.74864650360995,1803.1151218831465,6.006800265561885,0.9996163918134177,1847.469258329665
106.16828398973537,1800.5946017097936,6.006045416146044,0.9996171272897454,1847.470617621006
106.58792147586081,1798.0743982504498,6.005290800687205,0.9996178626887273,1847.4719767693982
107.00755896198625,1795.5545114069694,6.004536419119018,0.99961859802679,1847.4733358052008
107.42719644811169,1793.034941081229,6.00378227129345,0.9996193332931446,1847.4746947084739
107.84683393423713,1790.5156871751572,6.003028357072334,0.9996200684802565,1847.4760534652926
108.26647142036256,1787.9967495907542,6.00227467639342,0.9996208036058434,1847.477412108402
108.686108906488,1785.4781282300457,6.001521229118115,0.999621538662179,1847.4787706235227
109.10574639261343,1782.959822995102,6.00076801509671,0.9996222736378035,1847.480128989475
109.52538387873886,1780.4418337880684,6.000015034268633,0.9996230085509215,1847.4814872399038
109.9450213648643,1777.9241605111188,5.999262286505431,0.9996237433971025,1847.4828453666214
110.36465885098974,1775.406803066465,5.998509771647962,0.9996244781616646,1847.4842033424925
110.78429633711518,1772.8897613563977,5.99775748963452,0.9996252128623602,1847.485561200327
111.20393382324062,1770.3730352832379,5.9970054403471025,0.9996259474981651,1847.4869189382323
111.62357130936606,1767.8566247493407,5.996253623620029,0.9996266820521303,1847.4882765248828
112.04320879549148,1765.3405296571398,5.995502039387249,0.9996274165404931,1847.4896339902887
112.46284628161692,1762.8247499091035,5.994750687541204,0.9996281509656307,1847.490991338843
112.88248376774236,1760.3092854077302,5.9939995679131455,0.9996288853094889,1847.4923485371783
113.3021212538678,1757.7941360555958,5.993248680429282,0.9996296195856504,1847.4937056103981
113.72175873999323,1755.2793017553156,5.992498024992421,0.9996303537998733,1847.4950625691447
114.14139622611867,1752.7647824095325,5.991747601433826,0.9996310879340237,1847.4964193799026
114.5610337122441,1750.2505779209623,5.990997409669352,0.9996318219981563,1847.4977760612553
114.98067119836954,1747.736688192368,5.990247449611714,0.999632556001261,1847.4991326298175
115.40030868449497,1745.2231131265369,5.989497721094849,0.9996332899260109,1847.5004890535663
115.81994617062041,1742.7098526263242,5.9887482240224506,0.9996340237783301,1847.50184534345
116.23958365674585,1740.1969065946398,5.987998958316288,0.9996347575701543,1847.5032015215281
116.65922114287129,1737.684274934415,5.987249923815237,0.9996354912857236,1847.5045575586737
117.07885862899673,1735.1719575486457,5.986501120409812,0.9996362249264875,1847.5059134575656
117.49849611512215,1732.6599543403865,5.985752548029581,0.9996369585069107,1847.5072692449373
117.91813360124759,1730.1482652127143,5.9850042065202445,0.9996376920134323,1847.5086248957255
118.33777108737303,1727.6368900687635,5.9842560957588935,0.9996384254429391,1847.5099804041765
118.75740857349847,1725.1258288117338,5.983508215681254,0.9996391588118844,1847.5113358006993
119.1770460596239,1722.6150813448473,5.9827605661413426,0.9996398921094006,1847.5126910652082
119.59668354574934,1720.1046475713777,5.98201314700336,0.9996406253279917,1847.5140461838494
120.01632103187478,1717.5945273946681,5.981265958207167,0.9996413584854209,1847.5154011894526
120.4359585180002,1715.0847207180868,5.980518999616193,0.9996420915738858,1847.5167560675975
120.85559600412564,1712.5752274450454,5.979772271083072,0.9996428245819455,1847.5181107971393
121.27523349025108,1710.0660474790304,5.979025772549374,0.9996435575278649,1847.5194654118345
121.69487097637652,1707.5571807235556,5.978279503888653,0.9996442904071462,1847.520819903371
122.11450846250196,1705.0486270821718,5.977533464944069,0.9996450232051,1847.5221742445995
122.5341459486274,1702.5403864585073,5.976787655656098,0.9996457559395547,1847.5235284684707
122.95378343475284,1700.0324587562206,5.976042075908735,0.9996464886094293,1847.524882572986
123.37342092087826,1697.5248438790031,5.975296725538549,0.9996472211977465,1847.5262365267686
123.7930584070037,1695.0175417306232,5.974551604481718,0.9996479537208273,1847.527590359983
124.21269589312914,1692.5105522148842,5.973806712632672,0.9996486861810034,1847.5289440769382
124.63233337925458,1690.0038752356181,5.973062049824855,0.9996494185601725,1847.530297644178
125.05197086538001,1687.497510696733,5.97231761598675,0.9996501508720091,1847.5316510869754
125.47160835150545,1684.9914585021763,5.971573411023152,0.9996508831222386,1847.5330044159118
125.89124583763088,1682.4857185559217,5.970829434767461,0.9996516152926617,1847.5343575973518
126.31088332375631,1679.9802907620146,5.970085687137842,0.9996523473934277,1847.535710650053
126.73052080988175,1677.4751750245473,5.969342168048994,0.9996530794335049,1847.5370635905908
127.15015829600719,1674.970371247635,5.9685988773369525,0.9996538113954926,1847.538416386805
127.56979578213263,1672.4658793354608,5.967855814907741,0.9996545432854034,1847.539769049808
127.98943326825807,1669.9616991922603,5.967112980685116,0.9996552751151657,1847.5411216016464
128.4090707543835,1667.4578307222905,5.966370374510019,0.9996560068689412,1847.5424740130472
128.82870824050894,1664.9542738298715,5.965627996275296,0.9996567385482531,1847.5438262868263
129.24834572663437,1662.4510284193816,5.964885845912523,0.9996574701675801,1847.5451784497425
129.66798321275982,1659.9480943952208,5.9641439232694236,0.9996582017132749,1847.5465304765733
130.08762069888525,1657.4454716618454,5.9634022282254255,0.9996589331822892,1847.5478823616847
130.50725818501067,1654.9431601237761,5.96266076071828,0.9996596645910985,1847.5492341355268
130.92689567113612,1652.4411596855548,5.961919520604004,0.9996603959287605,1847.550585777876
131.34653315726155,1649.9394702517745,5.961178507749115,0.9996611271878173,1847.5519372749484
131.766170643387,1647.4380917270967,5.960437722095525,0.9996618583860732,1847.5532886596502
132.18580812951242,1644.9370240162068,5.959697163508644,0.9996625895156551,1847.5546399174302
132.60544561563788,1642.4362670238336,5.958956831843391,0.9996633205651404,1847.5559910271772
133.0250831017633,1639.9358206547793,5.9582167270434265,0.9996640515528477,1847.5573420227477
133.44472058788872,1637.4356848138716,5.957476848984265,0.9996647824742179,1847.5586928957152
133.86435807401418,1634.9358594059759,5.956737197511315,0.999665513314556,1847.5600436189213
134.2839955601396,1632.4363443360332,5.955997772567181,0.9996662440917621,1847.5613942254479
134.70363304626505,1629.9371395090143,5.955258574037812,0.9996669748046979,1847.5627447131917
135.12327053239048,1627.4382448299216,5.954519601761963,0.9996677054363589,1847.5640950507252
135.54290801851593,1624.9396602038341,5.953780855677997,0.9996684360031514,1847.5654452683698
135.96254550464135,1622.441385535865,5.953042335682285,0.9996691665073613,1847.566795370351
136.38218299076678,1619.9434207311542,5.952304041610407,0.9996698969308371,1847.568145323121
136.80182047689223,1617.4457656949173,5.951565973393072,0.9996706272873461,1847.5694951521245
137.22145796301766,1614.9484203324096,5.950828130937007,0.999671357582579,1847.5708448678788
137.6410954491431,1612.4513845489098,5.950090514077706,0.9996720877982752,1847.572194436635
138.06073293526853,1609.9546582497692,5.949353122735588,0.9996728179446739,1847.5735438773172
138.48037042139399,1607.4582413403834,5.948615956827291,0.9996735480307248,1847.574893206466
138.9000079075194,1604.962133726172,5.94787901619089,0.9996742780389528,1847.576242391784
139.31964539364483,1602.4663353126195,5.947142300734689,0.9996750079754555,1847.577591444541
139.7392828797703,1599.9708460052634,5.94640581038439,0.9996757378521588,1847.578940386778
140.1589203658957,1597.4756657096618,5.945669544982937,0.999676467653143,1847.5802891890726
140.57855785202116,1594.9807943314345,5.944933504425467,0.9996771973800079,1847.5816378543816
140.9981953381466,1592.4862317762588,5.9441976886455095,0.9996779270472422,1847.5829864094824
141.417832824272,1589.9919779498327,5.943462097492767,0.9996786566411183,1847.5843348290045
141.83747031039746,1587.4980327579096,5.942726730848947,0.9996793861586463,1847.5856831074213
142.2571077965229,1585.0043961063068,5.941991588653779,0.9996801156163293,1847.5870312752343
142.67674528264834,1582.5110679008617,5.941256670765225,0.9996808450031432,1847.5883793120684
143.09638276877376,1580.0180480474617,5.940521977052073,0.9996815743116748,1847.5897272042228
143.51602025489922,1577.5253364520622,5.939787507458242,0.9996823035597702,1847.5910749846803
143.93565774102464,1575.0329330206416,5.93905326185106,0.9996830327394788,1847.592422638747
144.35529522715007,1572.5408376592209,5.938319240087694,0.999683761839399,1847.5937701453504
144.77493271327552,1570.0490502738928,5.937585442113837,0.999684490877909,1847.5951175384569
145.19457019940094,1567.5575707707756,5.936851867806918,0.9996852198503812,1847.5964648095135
145.6142076855264,1565.066399056024,5.93611851701454,0.999685948742118,1847.5978119313568
146.03384517165182,1562.5755350358684,5.935385389681391,0.9996866775710885,1847.599158937197
146.45348265777727,1560.084978616566,5.934652485695317,0.999687406336102,1847.600505824833
146.8731201439027,1557.5947297044074,5.933919804897223,0.9996881350201241,1847.6018525627826
147.29275763002812,1555.104788205757,5.933187347227598,0.9996888636396453,1847.603199181523
147.71239511615357,1552.6151540270123,5.9324551125847025,0.9996895921969071,1847.6045456851969
148.132032602279,1550.1258270745986,5.931723100806209,0.9996903206737088,1847.6058920401663
148.55167008840445,1547.636807255015,5.930991311824998,0.9996910490839086,1847.6072382720433
148.97130757452987,1545.1480944747984,5.9302597455496855,0.9996917774331658,1847.6085843912879
149.39094506065533,1542.6596886405098,5.929528401817803,0.9996925057031557,1847.609930364032
149.81058254678075,1540.1715896587812,5.928797280551979,0.9996932339042073,1847.611276209366
150.23022003290617,1537.6837974362884,5.928066381670734,0.9996939620452536,1847.6126219437995
150.64985751903163,1535.1963118797291,5.927335705014147,0.9996946901087439,1847.6139675348957
151.06949500515705,1532.709132895868,5.926605250492745,0.9996954181008638,1847.6153129940867
151.4891324912825,1530.2222603915184,5.925875018034123,0.9996961460335321,1847.6166583434006
151.90876997740793,1527.7356942735157,5.925145007483189,0.9996968738907518,1847.6180035532718
152.32840746353338,1525.249434448755,5.9244152187373125,0.9996976016741963,1847.6193486267935
152.7480449496588,1522.7634808241892,5.923685651731931,0.9996983293983631,1847.6206935907596
153.16768243578423,1520.2778333067895,5.922956306318676,0.9996990570494468,1847.6220384196547
153.58731992190968,1517.7924918035826,5.922227182381487,0.9996997846245164,1847.6233831080624
154.0069574080351,1515.3074562216584,5.921498279862022,0.9997005121401008,1847.6247276865308
154.42659489416056,1512.822726468126,5.9207695986201445,0.9997012395850978,1847.6260721345411
154.84623238028598,1510.338302450143,5.920041138526859,0.9997019669521339,1847.6274164384658
155.26586986641144,1507.854184074935,5.919312899528038,0.9997026942590979,1847.6287606313665
155.68550735253686,1505.3703712497486,5.918584881492893,0.9997034214979638,1847.63010469841
156.10514483866228,1502.8868638818733,5.917857084280777,0.9997041486573526,1847.6314486185654
156.52478232478774,1500.4036618786688,5.917129507839379,0.9997048757556977,1847.6327924259012
156.94441981091316,1497.9207651475203,5.916402152047981,0.9997056027883039,1847.63413611174
157.3640572970386,1495.438173595848,5.915675016756347,0.9997063297404725,1847.6354796489154
157.78369478316404,1492.9558871311465,5.91494810191119,0.9997070566302445,1847.6368230707712
158.2033322692895,1490.4739056609376,5.914221407402203,0.9997077834563687,1847.6381663749942
158.6229697554149,1487.992229092774,5.913494933072399,0.9997085102017883,1847.6395095300609
159.04260724154034,1485.510857334283,5.912768678864341,0.999709236883073,1847.6408525665947
159.4622447276658,1483.029790293123,5.9120426446781345,0.9997099635024228,1847.642195488662
159.88188221379122,1480.5490278769805,5.911316830353494,0.9997106900415876,1847.643538262533
160.30151969991667,1478.0685699936132,5.910591235825428,0.9997114165145177,1847.6448809139904
160.7211571860421,1475.588416550818,5.909865861004383,0.9997121429268375,1847.6462234534292
161.14079467216754,1473.108567456413,5.909140705729894,0.9997128692601593,1847.6475658468657
161.56043215829297,1470.6290226182878,5.90841576992674,0.9997135955249059,1847.6489081135628
161.9800696444184,1468.149781944375,5.907691053515283,0.9997143217299873,1847.6502502699884
162.39970713054385,1465.6708453426268,5.90696655633755,0.9997150478577809,1847.651592283572
162.81934461666927,1463.1922127210628,5.906242278306253,0.9997157739145588,1847.6529341659061
163.23898210279472,1460.7138839877503,5.90551821935083,0.9997164999122344,1847.6542759390086
163.65861958892015,1458.235859050778,5.904794379318097,0.9997172258347305,1847.6556175731657
164.07825707504557,1455.7581378182929,5.90407075810762,0.9997179516837976,1847.6569590716133
164.49789456117102,1453.2807201984988,5.903347355656693,0.999718677473943,1847.658300461163
164.91753204729645,1450.803606099618,5.902624171818826,0.9997194031912785,1847.6596417161468
165.3371695334219,1448.326795429927,5.901901206480146,0.9997201288329348,1847.6609828312621
165.75680701954732,1445.850288097764,5.901178459584192,0.9997208544154663,1847.6623238371042
166.17644450567278,1443.3740840114856,5.900455930992679,0.9997215799276912,1847.6636647130074
166.5960819917982,1440.8981830794983,5.899733620578783,0.9997223053622781,1847.6650054454215
167.01571947792362,1438.4225852102725,5.8990115282902895,0.999723030737158,1847.6663460674863
167.43535696404908,1435.947290312301,5.8982896539982335,0.99972375604423,1847.6676865642303
167.8549944501745,1433.4722982941178,5.897567997564114,0.9997244812721349,1847.669026914659
168.27463193629995,1430.9976090643268,5.896846558937565,0.9997252064393634,1847.6703671529474
168.69426942242538,1428.5232225315558,5.896125337999683,0.9997259315411537,1847.6717072702943
169.11390690855083,1426.0491386044678,5.895404334602334,0.9997266565628038,1847.6730472395275
169.53354439467626,1423.575357191798,5.894683548694218,0.9997273815224262,1847.6743870941227
169.95318188080168,1421.1018782023098,5.893962980166831,0.9997281064187121,1847.6757268316608
170.37281936692713,1418.6287015447945,5.893242628865236,0.999728831234579,1847.6770664205699
170.79245685305256,1416.1558271281192,5.892522494734031,0.9997295559866806,1847.6784058916296
171.212094339178,1413.6832548611803,5.891802577675118,0.9997302806771713,1847.6797452488213
171.63173182530343,1411.2109846529015,5.8910828775302075,0.9997310052877522,1847.6810844583256
172.05136931142889,1408.739016412277,5.8903633942363856,0.9997317298324652,1847.682423546094
172.4710067975543,1406.267350048339,5.88964412770589,0.9997324543169006,1847.683762522459
172.89064428367973,1403.7959854701412,5.888925077780201,0.9997331787226077,1847.68510135332
173.3102817698052,1401.3249225868067,5.888206244386215,0.9997339030601026,1847.6864400581123
173.7299192559306,1398.854161307501,5.887487627446082,0.9997346273382756,1847.6877786532675
174.14955674205606,1396.3837015414097,5.886769226803735,0.999735351539428,1847.689117106075
174.5691942281815,1393.9135431977832,5.886051042374016,0.9997360756699203,1847.6904554282899
174.98883171430694,1391.4436861859201,5.885333074088166,0.99973679974166,1847.6917936419193
175.40846920043236,1388.9741304151387,5.884615321794867,0.9997375237384886,1847.6931317171
175.8281066865578,1386.5048757948152,5.883897785395825,0.9997382476622354,1847.6944696572125
176.24774417268324,1384.0359222343816,5.883180464830149,0.9997389715274159,1847.6958074890838
176.66738165880867,1381.5672696432882,5.882463359953185,0.9997396953200618,1847.6971451868983
177.08701914493412,1379.098917931038,5.881746470653198,0.9997404190373625,1847.6984827454617
177.50665663105954,1376.6308670071944,5.881029796875561,0.9997411426959008,1847.6998201954214
177.926294117185,1374.1631167813407,5.880313338483798,0.999741866284413,1847.7011575159604
178.34593160331042,1371.6956671631058,5.879597095353207,0.9997425897956113,1847.7024946936094
178.76556908943584,1369.2285180621845,5.878881067433439,0.9997433132474666,1847.7038317615823
179.1852065755613,1366.7616693882926,5.878165254597314,0.9997440366318052,1847.7051687047724
179.60484406168672,1364.2951210511858,5.877449656708427,0.9997447599372873,1847.7065055022213
180.02448154781217,1361.8288729606886,5.87673427371831,0.9997454831824605,1847.7078421882086
180.4441190339376,1359.3629250266497,5.87601910550983,0.9997462063624953,1847.7091787538088
180.86375652006305,1356.897277158951,5.875304151936908,0.9997469294626888,1847.7105151718479
181.28339400618847,1354.431929267547,5.874589412950187,0.9997476525012245,1847.7118514759325
181.7030314923139,1351.966881262418,5.873874888442922,0.9997483754767363,1847.7131876635374
182.12266897843935,1349.502133053573,5.873160578262177,0.9997490983721132,1847.714523703039
182.54230646456477,1347.0376845510953,5.872446482354543,0.9997498212040971,1847.715859625379
182.96194395069023,1344.5735356650966,5.871732600623667,0.9997505439747907,1847.7171954344433
183.38158143681565,1342.109686305715,5.871018932913215,0.9997512666658506,1847.7185310963307
183.80121892294108,1339.6461363831595,5.8703054791623055,0.9997519892914107,1847.7198666371628
184.22085640906653,1337.1828858076744,5.869592239284922,0.9997527118570282,1847.72120206721
184.64049389519195,1334.719934489526,5.868879213124448,0.9997534343441867,1847.7225373522513
185.0601313813174,1332.2572823390485,5.868166400609842,0.999754156763496,1847.7238725118948
185.47976886744283,1329.7949292666185,5.867453801665005,0.9997548791238248,1847.725207562532
185.89940635356828,1327.3328751826314,5.8667414161357305,0.9997556014074035,1847.7265424713214
186.3190438396937,1324.8711199975462,5.866029243938945,0.9997563236206768,1847.7278772501738
186.73868132581913,1322.4096636218705,5.865317285007642,0.9997570457755467,1847.7292119210865
187.15831881194458,1319.9485059661292,5.864605539192332,0.9997577678557764,1847.7305464540507
187.57795629807,1317.487646940906,5.863894006396812,0.9997584898632709,1847.7318808525872
187.99759378419546,1315.0270864568383,5.8631826865619665,0.9997592118125548,1847.7332151435403
188.41723127032088,1312.5668244245817,5.862471579544925,0.9997599336895786,1847.7345493009436
188.83686875644634,1310.106860754843,5.861760685236048,0.9997606554915935,1847.7358833197175
189.25650624257176,1307.64719535839,5.861050003582502,0.9997613772352066,1847.7372172305543
189.67614372869718,1305.187828146008,5.860339534449571,0.9997620989090752,1847.7385510124905
190.09578121482264,1302.7287590285282,5.859629277714635,0.999762820505955,1847.739884652138
190.51541870094806,1300.2699879168467,5.85891923332916,0.999763542043856,1847.7412181827822
190.9350561870735,1297.8115147218791,5.858209401167707,0.9997642635145294,1847.7425515891778
191.35469367319894,1295.3533393545808,5.857499781095928,0.9997649849066595,1847.7438848504112
191.7743311593244,1292.8954617259756,5.856790373067207,0.9997657062388483,1847.7452180008625
192.19396864544981,1290.4378817471097,5.856081176966131,0.9997664275061988,1847.7465510314807
192.61360613157524,1287.9805993290622,5.855372192648641,0.999767148694008,1847.7478839150929
193.0332436177007,1285.523614382984,5.85466342006727,0.9997678698205278,1847.749216685431
193.45288110382612,1283.0669268200513,5.85395485911699,0.9997685908843361,1847.7505493398676
193.87251858995157,1280.610536551468,5.853246509646828,0.9997693118682965,1847.7518818467308
194.292156076077,1278.154443488511,5.852538371605315,0.9997700327892325,1847.7532142371133
194.71179356220244,1275.6986475424858,5.851830444897809,0.9997707536492036,1847.7545465148223
195.13143104832787,1273.2431486247226,5.851122729369878,0.9997714744298153,1847.7558786458608
195.5510685344533,1270.7879466466225,5.850415224962633,0.9997721951452981,1847.7572106565294
195.97070602057875,1268.33304151962,5.849707931591756,0.9997729158011682,1847.7585425570232
196.39034350670417,1265.8784331551726,5.849000849102493,0.9997736363788521,1847.759874313015
196.80998099282962,1263.4241214648034,5.848293977425824,0.9997743568890496,1847.76120594428
197.22961847895505,1260.9701063600776,5.847587316487351,0.9997750773406089,1847.762537467171
197.6492559650805,1258.5163877525779,5.846880866134684,0.9997757977156866,1847.7638688487102
198.06889345120592,1256.0629655539517,5.846174626286793,0.9997765180208155,1847.7652001009717
198.48853093733135,1253.6098396758914,5.845468596878384,0.9997772382678908,1847.7665312459399
198.9081684234568,1251.1570100301083,5.844762777761745,0.9997779584405961,1847.767862253459
199.32780590958222,1248.7044765283708,5.844057168842727,0.999778678540913,1847.7691931271913
199.74744339570768,1246.2522390824997,5.843351770063937,0.9997793985833756,1847.7705238939989
200.1670808818331,1243.8002976043342,5.842646581284256,0.9997801185538525,1847.7718545277637
200.58671836795855,1241.3486520057636,5.841941602396091,0.9997808384496568,1847.7731850235205
201.00635585408398,1238.8973021987372,5.841236833348356,0.9997815582874218,1847.7745154120103
201.4259933402094,1236.4462480952209,5.840532274008053,0.9997822780557216,1847.7758456721158
201.84563082633485,1233.9954896072263,5.839827924254603,0.9997829977473585,1847.7771757905348
202.26526831246028,1231.5450266468285,5.839123784041243,0.9997837173803811,1847.778505800624
202.68490579858573,1229.094859126122,5.8384198532442335,0.9997844369464677,1847.7798356870037
203.10454328471116,1226.6449869572398,5.837716131731237,0.9997851564343223,1847.7811654287968
203.5241807708366,1224.1954100523824,5.837012619457444,0.9997858758626035,1847.7824950604875
203.94381825696203,1221.7461283237726,5.8363093163091255,0.9997865952263476,1847.783824572902
204.36345574308746,1219.297141683665,5.835606222144191,0.9997873145108482,1847.7851539388607
204.7830932292129,1216.848450044385,5.834903336917031,0.9997880337344303,1847.7864831922307
205.20273071533833,1214.4000533182827,5.834200660524281,0.9997887528956128,1847.7878123302753
205.6223682014638,1211.9519514177357,5.833498192816893,0.9997894719772334,1847.7891413212758
206.0420056875892,1209.5041442551928,5.832795933745297,0.999790190996201,1847.790470196482
206.46164317371463,1207.0566317431314,5.832093883216509,0.9997909099545254,1847.7917989596085
206.8812806598401,1204.6094137940522,5.831392041077971,0.9997916288337695,1847.793127576581
207.3009181459655,1202.1624903205266,5.830690407272733,0.9997923476482491,1847.7944560738567
207.72055563209096,1199.7158612351589,5.829988981718142,0.9997930664034534,1847.7957844615817
208.1401931182164,1197.269526450574,5.829287764261252,0.9997937850807399,1847.7971127053002
208.55983060434184,1194.8234858794642,5.828586754835027,0.9997945036909055,1847.7984408249672
208.97946809046726,1192.3777394345611,5.827885953366731,0.9997952222427726,1847.7997688368887
209.3991055765927,1189.932287028614,5.8271853597057435,0.9997959407184288,1847.8010967079583
209.81874306271814,1187.4871285744352,5.826484973773039,0.9997966591244912,1847.8024244504065
210.23838054884357,1185.042263984883,5.825784795504991,0.9997973774728507,1847.8037520862094
210.65801803496902,1182.5976931728314,5.825084824755623,0.9997980957471112,1847.8050795850643
211.07765552109444,1180.153416051213,5.824385061432797,0.9997988139493299,1847.806406950773
211.4972930072199,1177.7094325330108,5.823685505480803,0.9997995320940505,1847.8077342102147
211.91693049334532,1175.265742531226,5.822986156760224,0.9998002501670596,1847.8090613371212
212.33656797947074,1172.8223459589085,5.822287015165479,0.9998009681657344,1847.8103883266444
212.7562054655962,1170.3792427291678,5.821588080647188,0.9998016861067299,1847.811715209566
213.17584295172162,1167.9364327551298,5.820889353074023,0.9998024039785413,1847.813041964623
213.59548043784707,1165.4939159499643,5.820190832327404,0.9998031217740149,1847.8143685785942
214.0151179239725,1163.0516922269053,5.819492518362302,0.999803839511241,1847.8156950849136
214.43475541009795,1160.6097614992034,5.818794411056627,0.9998045571818189,1847.8170214680556
214.85439289622337,1158.1681236801487,5.818096510280015,0.9998052747744776,1847.8183477071887
215.2740303823488,1155.726778683098,5.817398815989423,0.9998059923079309,1847.8196738368995
215.69366786847425,1153.2857264214276,5.816701328072761,0.9998067097771477,1847.82099984789
216.11330535459967,1150.8449668085477,5.816004046389872,0.9998074271674217,1847.8223257129803
216.53294284072513,1148.4044997579367,5.815306970896947,0.9998081444971457,1847.8236514661633
216.95258032685055,1145.9643251830973,5.8146101014922555,0.9998088617647811,1847.8249771045955
217.372217812976,1143.5244429975592,5.813913438028632,0.9998095789531444,1847.8263025965186
217.79185529910143,1141.0848531149225,5.813216980458358,0.9998102960792232,1847.827627973329
218.21149278522685,1138.6455554488148,5.812520728690076,0.9998110131449826,1847.8289532386582
218.6311302713523,1136.206549912887,5.811824682573045,0.9998117301319365,1847.830278358341
219.05076775747773,1133.7678364208593,5.811128842052225,0.9998124470544971,1847.8316033590133
219.47040524360318,1131.329414886484,5.810433207046576,0.9998131639181135,1847.8329282507464
219.8900427297286,1128.891285223534,5.809737777404932,0.9998138807040837,1847.8342529989754
220.30968021585406,1126.453447345848,5.809042553062191,0.9998145974232965,1847.8355776238247
220.72931770197948,1124.0159011673036,5.808347533947237,0.9998153140845547,1847.8369021415638
221.1489551881049,1121.5786466017955,5.807652719911182,0.9998160306698688,1847.8382265189448
221.56859267423036,1119.1416835632806,5.806958110876958,0.999816747185947,1847.8395507683651
221.98823016035578,1116.7050119657608,5.80626370678257,0.9998174636446719,1847.8408749117866
222.40786764648124,1114.2686317232535,5.805569507483732,0.9998181800295664,1847.8421989187561
222.82750513260666,1111.8325427498335,5.804875512890276,0.999818896342768,1847.8435227932246
223.2471426187321,1109.396744959625,5.804181722948136,0.9998196125988275,1847.844846562084
223.66678010485754,1106.9612382667701,5.803488137519555,0.9998203287834487,1847.8461701989131
224.08641759098296,1104.5260225854595,5.802794756500921,0.9998210448940733,1847.8474936989828
224.5060550771084,1102.0910978299416,5.802101579844519,0.9998217609473801,1847.8488170931194
224.92569256323384,1099.6564639144808,5.8014086074206554,0.9998224769317844,1847.8501403599118
225.3453300493593,1097.2221207533853,5.800715839112704,0.9998231928401742,1847.8514634862156
225.76496753548471,1094.7880682610253,5.800023274877326,0.9998239086906833,1847.852786505546
226.18460502161014,1092.3543063517886,5.799330914594049,0.9998246244748337,1847.8541094022335
226.6042425077356,1089.9208349401008,5.798638758134433,0.9998253401813774,1847.8554321554898
227.02387999386102,1087.4876539404536,5.797946805457165,0.9998260558290841,1847.856754800005
227.44351747998647,1085.0547632673577,5.797255056451749,0.9998267714128538,1847.8580773263532
227.8631549661119,1082.6221628353562,5.7965635109799205,0.9998274869179811,1847.8593997073563
228.28279245223735,1080.189852559061,5.795872168999641,0.9998282023629281,1847.8607219771354
228.70242993836277,1077.757832353106,5.795181030410763,0.9998289177460975,1847.8620441327387
229.1220674244882,1075.3261021321534,5.794490095067961,0.9998296330502816,1847.8633661423628
229.54170491061365,1072.8946618109326,5.793799362925334,0.9998303482925514,1847.8646880375582
229.96134239673907,1070.4635113042016,5.793108833893108,0.999831063474826,1847.866009821872
230.38097988286452,1068.03265052674,5.79241850782232,0.9998317785785699,1847.867331461047
230.80061736898995,1065.6020793933972,5.791728384659798,0.9998324936182899,1847.8686529818945
231.2202548551154,1063.1717978190522,5.7910384643260775,0.9998332085994,1847.86997439442
231.63989234124082,1060.7418057186057,5.790348746671726,0.999833923503133,1847.8712956639397
232.05952982736625,1058.3121030070224,5.78965923163354,0.9998346383404738,1847.8726168107542
232.4791673134917,1055.8826895993045,5.788969919141981,0.9998353531202013,1847.8739378510888
232.89880479961712,1053.4535654104725,5.788280809049856,0.9998360678242528,1847.8752587515612
233.31844228574258,1051.0247303556066,5.7875919012820125,0.9998367824594261,1847.876579524734
233.738079771868,1048.5961843498324,5.786903195778043,0.9998374970375943,1847.8779001925516
234.15771725799345,1046.1679273082893,5.7862146923953155,0.9998382115422025,1847.8792207244169
234.57735474411888,1043.7399591461747,5.785526391045596,0.9998389259754668,1847.880541124426
234.9969922302443,1041.3122797787341,5.784838291676418,0.9998396403519446,1847.8818614194838
235.41662971636975,1038.8848891212288,5.784150394151646,0.9998403546572583,1847.8831815830172
235.83626720249518,1036.45778708897,5.783462698369596,0.9998410688889114,1847.884501610413
236.25590468862063,1034.030973597325,5.782775204284173,0.9998417830636072,1847.8858215325415
236.67554217474606,1031.6044485616762,5.782087911767285,0.9998424971696818,1847.887141327846
237.0951796608715,1029.178211897449,5.781400820704218,0.9998432112000677,1847.888460983264
237.51481714699693,1026.7522635201315,5.780713931053284,0.9998439251729379,1847.8897805323827
237.93445463312236,1024.3266033452269,5.780027242695585,0.9998446390797374,1847.891099959391
238.3540921192478,1021.9012312882758,5.779340755504573,0.9998453529092454,1847.892419243551
238.77372960537323,1019.4761472648848,5.778654469440615,0.9998460666802833,1847.893738419648
239.1933670914987,1017.0513511906786,5.777968384394777,0.999846780387683,1847.89505747813
239.6130045776241,1014.6268429813139,5.777282500230647,0.999847494016741,1847.8963763918225
240.03264206374956,1012.2026225525142,5.776596816907908,0.9998482075859885,1847.8976951949746
240.452279549875,1009.7786898200261,5.7759113343279695,0.9998489210937707,1847.8990138845277
240.8719170360004,1007.3550446996219,5.775226052347301,0.9998496345228526,1847.900332428629
241.29155452212586,1004.9316871071421,5.774540970921777,0.9998503478903915,1847.9016508589878
241.7111920082513,1002.5086169584542,5.7738560899631635,0.9998510611982558,1847.9029691790572
242.13082949437674,1000.085834169447,5.773171409324251,0.9998517744278687,1847.9042873545038
242.55046698050216,997.6633386560771,5.772486928953684,0.9998524875938258,1847.9056054123034
242.97010446662762,995.2411303343322,5.771802648773536,0.999853200701504,1847.9069233623932
243.38974195275304,992.8192091202188,5.771118568636072,0.9998539137320769,1847.908241169979
243.80937943887847,990.397574929808,5.770434688479944,0.9998546266966207,1847.9095588555308
244.22901692500392,987.9762276792076,5.7697510082371535,0.9998553396038934,1847.9108764352354
244.64865441112934,985.5551672845426,5.769067527762162,0.9998560524357583,1847.912193875573
245.0682918972548,983.1343936619973,5.768384246981697,0.9998567651991019,1847.913511189271
245.48792938338022,980.7139067278,5.767701165836898,0.9998574779057904,1847.9148283982604
245.90756686950567,978.2937063981935,5.767018284186749,0.9998581905391881,1847.9161454717953
246.3272043556311,975.8737925894762,5.766335601944905,0.9998589031015895,1847.9174624141165
246.74684184175652,973.4541652179951,5.765653119060463,0.9998596156075592,1847.9187792521418
247.16647932788197,971.0348242001118,5.764970835398874,0.9998603280426384,1847.9200959591485
247.5861168140074,968.6157694522376,5.764288750860338,0.9998610404043949,1847.9214125306423
248.00575430013285,966.197000890838,5.763606865400352,0.9998617527095566,1847.9227289975383
248.42539178625827,963.7785184323943,5.762925178892371,0.9998624649463751,1847.9240453381244
248.8450292723837,961.3603219934299,5.762243691223563,0.999863177107831,1847.9253615394268
249.26466675850915,958.9424114905286,5.761562402353852,0.9998638892121355,1847.9266776351033
249.68430424463457,956.5247868402903,5.760881312165874,0.999864601250659,1847.9279936092046
250.10394173076003,954.1074479593516,5.7602004205349315,0.9998653132122033,1847.9293094410343
250.52357921688545,951.6903947644136,5.75951972742304,0.9998660251156455,1847.9306251654814
250.9432167030109,949.2736271721948,5.758839232722787,0.9998667369557492,1847.9319407728678
251.36285418913633,946.8571450994455,5.758158936299567,0.9998674487178094,1847.9332562360157
251.78249167526175,944.4409484629822,5.757478838114759,0.9998681604204296,1847.9345715893078
252.2021291613872,942.0250371796428,5.7567989380712765,0.9998688720618945,1847.935886829574
252.62176664751263,939.6094111662914,5.756119236027353,0.9998695836249466,1847.9372019249195
253.04140413363808,937.1940703398589,5.755439731940604,0.9998702951268263,1847.9385169072077
253.4610416197635,934.7790146173027,5.754760425724299,0.9998710065693542,1847.9398317798027
253.88067910588896,932.3642439156007,5.754081317232928,0.9998717179339047,1847.941146508282
254.30031659201438,929.9497581517984,5.753402406416925,0.9998724292351696,1847.942461119798
254.7199540781398,927.535557242971,5.752723693199864,0.9998731404784881,1847.9437756242187
255.13959156426526,925.1216411062119,5.752045177435664,0.9998738516449696,1847.945089986631
255.55922905039068,922.7080096586791,5.751366859064799,0.9998745627457876,1847.9464042276854
255.97886653651614,920.2946628175658,5.750688738020773,0.9998752737896748,1847.9477183635215
256.3985040226416,917.8816005000821,5.75001081415966,0.9998759847584224,1847.9490323604866
256.818141508767,915.468822623497,5.74933308741003,0.9998766956590068,1847.9503462314735
257.23777899489244,913.0563291051217,5.7486555577145335,0.999877406503283,1847.951659998393
257.6574164810179,910.6441198622824,5.747978224933732,0.9998781172745386,1847.9529736303573
258.0770539671433,908.2321948123598,5.7473010889831295,0.9998788279751445,1847.9542871317485
258.49669145326874,905.8205538727822,5.746624149813355,0.9998795386196758,1847.955600529504
258.9163289393942,903.4091969609923,5.745947407291399,0.9998802491935894,1847.956913796745
259.33596642551964,900.9981239944814,5.745270861319316,0.9998809596945167,1847.9582269290947
259.75560391164504,898.5873348907952,5.744594511854146,0.9998816701392105,1847.9595399575146
260.1752413977705,896.1768295674927,5.743918358770869,0.9998823805158391,1847.960852860138
260.59487888389594,893.766607942176,5.743242401958486,0.9998830908174325,1847.9621656240831
261.01451637002134,891.3566699325069,5.742566641378496,0.9998838010622388,1847.9634782830753
261.4341538561468,888.9470154561609,5.741891076915038,0.9998845112415522,1847.964790821025
261.85379134227225,886.5376444308515,5.741215708445219,0.9998852213441972,1847.9661032172778
262.2734288283977,884.1285567743546,5.740540535932672,0.99988593138911,1847.9674155068312
262.6930663145231,881.7197524044643,5.739865559271461,0.9998866413709817,1847.9687276798736
263.11270380064855,879.311231239004,5.7391907783287595,0.99988735127511,1847.970039709232
263.532341286774,876.9029931958637,5.738516193067596,0.9998880611201674,1847.971351629417
263.9519787728994,874.4950381929547,5.737841803392359,0.9998887709043791,1847.9726634371486
264.37161625902485,872.0873661482118,5.737167609163007,0.9998894806104659,1847.973975100491
264.7912537451503,869.6799769796382,5.736493610338851,0.9998901902557501,1847.9752866514596
265.21089123127575,867.2728706052615,5.735819806834629,0.9998908998420033,1847.9765980933284
265.63052871740115,864.8660469431298,5.735146198506501,0.9998916093505555,1847.977909391592
266.0501662035266,862.4595059113574,5.734472785306648,0.9998923187961899,1847.9792205735719
266.46980368965205,860.053247428088,5.733799567160107,0.9998930281842103,1847.9805316490713
266.88944117577745,857.6472714114839,5.733126543922417,0.9998937374956641,1847.9818425830617
267.3090786619029,855.2415777797687,5.732453715535834,0.9998944467418177,1847.9831533963659
267.72871614802835,852.8361664512032,5.731781081935327,0.9998951559313813,1847.9844641050815
268.1483536341538,850.431037344063,5.731108642978546,0.9998958650460724,1847.9857746754194
268.5679911202792,848.0261903766827,5.730436398595867,0.999896574092956,1847.9870851204369
268.98762860640466,845.6216254674375,5.729764348731414,0.9998972830838819,1847.988395462035
269.4072660925301,843.2173425347177,5.729092493247291,0.9998979920020545,1847.9897056691716
269.8269035786555,840.813341496967,5.7284208320608165,0.9998987008499265,1847.9910157463803
270.24654106478096,838.4096222726761,5.727749365124103,0.9998994096420777,1847.992325720607
270.6661785509064,836.0061847803496,5.7270780923056535,0.9999001183638822,1847.9936355648204
271.08581603703186,833.60302893854,5.7264070135093394,0.9999008270130412,1847.994945274772
271.50545352315726,831.2001546658532,5.725736128693707,0.9999015356063229,1847.9962548814526
271.9250910092827,828.7975618809081,5.72506543773522,0.9999022441318213,1847.9975643628575
272.34472849540816,826.395250502366,5.72439494052468,0.9999029525826088,1847.998873706183
272.76436598153356,823.9932204489468,5.723724637025128,0.999903660976973,1848.0001829452285
273.184003467659,821.5914716393843,5.723054527122154,0.9999043693061311,1848.0014920637616
273.60364095378446,819.1900039924485,5.722384610694655,0.9999050775589345,1848.0028010411775
274.0232784399099,816.7888174269722,5.721714887707828,0.9999057857543735,1848.0041099125738
274.4429159260353,814.3879118618048,5.721045358057186,0.9999064938870683,1848.0054186680072
274.86255341216076,811.987287215825,5.72037602161164,0.9999072019423192,1848.006727280311
275.2821908982862,809.5869434079772,5.719706878335835,0.9999079099388689,1848.0080357841243
275.7018283844116,807.1868803572263,5.719037928135593,0.9999086178748829,1848.009344176057
276.12146587053707,804.7870979825606,5.718369170872563,0.9999093257330571,1848.0106524241278
276.5411033566625,802.3875962030352,5.717700606507721,0.9999100335307988,1848.0119605605084
276.96074084278797,799.9883749377295,5.717032234957231,0.9999107412698313,1848.0132685883839
277.38037832891337,797.5894341057432,5.7163640560788895,0.9999114489314378,1848.0145764731628
277.8000158150388,795.1907736262401,5.7156960698265875,0.9999121565304947,1848.0158842423386
278.21965330116427,792.7923934184145,5.715028276126783,0.9999128640722673,1848.0171919056427
278.63929078728967,790.3942934014772,5.714360674836611,0.9999135715377441,1848.0184994279387
279.0589282734151,787.9964734947007,5.713693265900065,0.9999142789382852,1848.019806830222
279.4785657595406,785.5989336173933,5.713026049253543,0.999914986282575,1848.0211141285429
279.89820324566597,783.201673688878,5.712359024756239,0.9999156935522585,1848.0224212889777
280.3178407317914,780.8046936285347,5.7116921923402995,0.9999164007544943,1848.0237283247575
280.7374782179169,778.4079933557856,5.711025551951281,0.9999171079011182,1848.0250352577566
281.1571157040423,776.0115727900655,5.710359103452793,0.999917814975256,1848.0263420567883
281.5767531901677,773.6154318508629,5.709692846763936,0.99991852197944,1848.027648726533
281.9963906762932,771.2195704577119,5.709026781838275,0.9999192289282602,1848.0289552939555
282.4160281624186,768.8239885301607,5.708360908545784,0.9999199358070052,1848.0302617318664
282.835665648544,766.4286859878043,5.707695226792113,0.9999206426134387,1848.031568036133
283.2553031346695,764.0336627502895,5.707029736537284,0.9999213493643571,1848.0328742377976
283.6749406207949,761.6389187372771,5.706364437659207,0.9999220560477706,1848.0341803147012
284.0945781069204,759.2444538684688,5.705699330050449,0.9999227626567977,1848.0354862541253
284.5142155930458,756.8502680636243,5.705034413675552,0.9999234692097653,1848.0367920899419
284.93385307917123,754.4563612425164,5.704369688421536,0.9999241756978137,1848.0380978057758
285.3534905652967,752.062733324954,5.703705154169032,0.9999248821098197,1848.03940338107
285.7731280514221,749.6693842308075,5.703040810884781,0.9999255884648284,1848.040708851023
286.19276553754753,747.2763138799631,5.702376658465701,0.999926294757389,1848.042014205561
286.612403023673,744.8835221923368,5.701712696782411,0.9999270009728061,1848.0433194175237
287.03204050979843,742.4910090879089,5.7010489258011345,0.9999277071298911,1848.0446245216783
287.45167799592383,740.0987744866792,5.7003853454290905,0.9999284132267469,1848.0459295145188
287.8713154820493,737.7068183086703,5.699721955529585,0.9999291192460512,1848.0472343640304
288.29095296817474,735.315140473972,5.6990587560652175,0.9999298252052898,1848.0485391025297
288.71059045430013,732.9237409026967,5.698395746953553,0.9999305311061405,1848.0498437331178
289.1302279404256,730.5326195149761,5.697732928053985,0.9999312369298421,1848.0511482211205
289.54986542655104,728.1417762310072,5.697070299322077,0.9999319426913612,1848.052452594199
289.9695029126765,725.7512109710146,5.696407860685681,0.9999326483959275,1848.0537568620184
290.3891403988019,723.3609236552403,5.695745612003476,0.9999333540244644,1848.055060989322
290.80877788492734,720.9709142039868,5.6950835532211705,0.9999340595884288,1848.0563649972844
291.2284153710528,718.5811825375918,5.694421684276556,0.9999347650964838,1848.0576689019158
291.6480528571782,716.1917285764067,5.6937600050303345,0.9999354705301979,1848.0589726691521
292.06769034330364,713.8025522408401,5.693098515416382,0.9999361758968206,1848.0602763123918
292.4873278294291,711.4136534513411,5.69243721538166,0.9999368812081778,1848.0615798534907
292.90696531555454,709.0250321283718,5.691776104791246,0.9999375864473163,1848.062883261117
293.32660280167994,706.6366881924464,5.691115183565986,0.99993829161685,1848.0641865401005
293.7462402878054,704.2486215641248,5.690454451660863,0.9999389967313712,1848.0654897174118
294.16587777393084,701.8608321639799,5.68979390894729,0.9999397017760886,1848.0667927657128
294.58551526005624,699.4733199126312,5.689133555332659,0.9999404067488334,1848.0680956809958
295.0051527461817,697.0860847307488,5.688473390778435,0.9999411116664221,1848.0693984943402
295.42479023230715,694.6991265390167,5.687813415163932,0.9999418165167814,1848.070701183433
295.8444277184326,692.3124452581587,5.687153628383453,0.9999425212930785,1848.0720037356455
296.264065204558,689.9260408089563,5.68649403040301,0.9999432260136821,1848.0733061849269
296.68370269068345,687.5399131122031,5.68583462111101,0.9999439306696507,1848.0746085147507
297.1033401768089,685.1540620887286,5.685175400389794,0.9999446352498902,1848.075910704614
297.5229776629343,682.7684876594229,5.684516368207602,0.9999453397734978,1848.0772127898113
297.94261514905975,680.3831897451913,5.68385752446273,0.9999460442349539,1848.0785147601416
298.3622526351852,677.9981682669682,5.683198869027466,0.9999467486195653,1848.0798165884494
298.78189012131065,675.6134231457515,5.682540401869575,0.9999474529462131,1848.0811183096298
299.20152760743605,673.2289543025583,5.681882122897647,0.9999481572129401,1848.0824199200658
299.6211650935615,670.8447616584283,5.681224031976604,0.9999488614023991,1848.0837213876973
300.04080257968695,668.4608451344665,5.68056612907064,0.9999495655321647,1848.0850227450044
300.46044006581235,666.0772046518008,5.67990841409868,0.9999502696038595,1848.0863239949863
300.8800775519378,663.6938401315775,5.679250886921681,0.9999509735986785,1848.087625102888
301.29971503806325,661.3107514950075,5.678593547496846,0.9999516775316851,1848.0889260965494
301.7193525241887,658.9279386633291,5.677936395753389,0.9999523814080676,1848.0902269855596
302.1389900103141,656.5454015577966,5.677279431551501,0.9999530852086891,1848.0915277345496
302.55862749643956,654.1631400997248,5.6766226548385665,0.9999537889451011,1848.0928283648693
302.978264982565,651.7811542104628,5.6759660655537365,0.9999544926259412,1848.0941288924819
303.3979024686904,649.399443811373,5.675309663559186,0.9999551962327081,1848.0954292831943
303.81753995481586,647.0180088238739,5.67465344879049,0.9999558997727378,1848.0967295505645
304.2371774409413,644.6368491694244,5.6739974211959785,0.9999566032578503,1848.0980297164376
304.65681492706676,642.2559647694953,5.673341580642168,0.9999573066710097,1848.099329749329
305.07645241319216,639.8753555456095,5.672685927051611,0.9999580100149124,1848.1006296542212
305.4960898993176,637.4950214193342,5.672030460380675,0.9999587133041548,1848.1019294580917
305.91572738544306,635.1149623122492,5.671375180502174,0.9999594165238631,1848.103229133451
306.33536487156846,632.7351781459804,5.6707200873252175,0.9999601196719361,1848.1045286764152
306.7550023576939,630.3556688422041,5.670065180812668,0.9999608227652106,1848.105828118102
307.17463984381936,627.9764343226091,5.669410460845224,0.9999615257915326,1848.1071274360488
307.5942773299448,625.5974745089238,5.668755927318884,0.999962228744119,1848.1084266177188
308.0139148160702,623.2187893229335,5.668101580201089,0.9999629316413716,1848.1097256971223
308.43355230219566,620.8403786864353,5.66744741938161,0.9999636344742766,1848.1110246576
308.8531897883211,618.4622425212613,5.666793444744456,0.9999643372317623,1848.112323478689
309.2728272744465,616.0843807493034,5.666139656259338,0.9999650399329825,1848.1136221957897
309.69246476057197,613.706793292468,5.665486053825891,0.9999657425723464,1848.1149207985688
310.1121022466974,611.3294800726909,5.664832637318045,0.9999664451351657,1848.1162192598802
310.53173973282287,608.9524410119698,5.664179406705071,0.9999671476403874,1848.1175176147403
310.95137721894827,606.5756760323213,5.66352636189689,0.9999678500859944,1848.1188158594225
311.3710147050737,604.199185055784,5.662873502760019,0.9999685524546212,1848.120113961831
311.7906521911992,601.8229680044612,5.662220829260203,0.9999692547639212,1848.1214119545932
312.21028967732457,599.4470248004783,5.661568341317695,0.9999699570154695,1848.12270984062
312.62992716345,597.0713553659788,5.660916038794984,0.9999706591904166,1848.1240075850742
313.0495646495755,594.6959596231698,5.660263921650883,0.9999713613039181,1848.125305215966
313.4692021357009,592.3208374942853,5.659611989815923,0.9999720633611232,1848.1266027428119
313.8888396218263,589.9459889015751,5.658960243151785,0.9999727653428362,1848.127900130135
314.3084771079518,587.5714137673484,5.658308681607491,0.9999734672607028,1848.1291973994585
314.7281145940772,585.197112013948,5.657657305123521,0.9999741691233347,1848.1304945666984
315.1477520802026,582.8230835637296,5.657006113563488,0.9999748709121578,1848.1317915975264
315.5673895663281,580.4493283391045,5.656355106864633,0.999975572634601,1848.133088505673
315.9870270524535,578.0758462625237,5.655704284976623,0.9999762743024709,1848.134385312958
316.406664538579,575.7026372564493,5.655053647767373,0.9999769758986544,1848.1356819877537
316.8263020247044,573.3297012433949,5.654403195161115,0.9999776774259268,1848.1369785351897
317.2459395108298,570.957038145918,5.653752927115569,0.9999783788988922,1848.1382749822565
317.6655769969553,568.5846478865881,5.653102843504921,0.9999790803025933,1848.1395713013105
318.0852144830807,566.21253038802,5.652452944239952,0.9999797816349945,1848.1408674885895
318.50485196920613,563.8406855728784,5.6518032292849005,0.9999804829129548,1848.1421635752524
318.9244894553316,561.4691133638396,5.65115369852181,0.9999811841242374,1848.1434595386827
319.34412694145703,559.0978136836195,5.650504351848343,0.9999818852621095,1848.1447553664373
319.76376442758243,556.7267864549895,5.649855189233343,0.999982586345011,1848.1460510925965
320.1834019137079,554.3560316007326,5.649206210567902,0.9999832873638465,1848.1473467003505
320.60303939983334,551.9855490436664,5.648557415737673,0.9999839883075772,1848.148642169297
321.02267688595873,549.6153387066673,5.647908804713801,0.9999846891954058,1848.1499375349272
321.4423143720842,547.2454005126261,5.647260377397231,0.9999853900216729,1848.15123278678
321.86195185820964,544.8757343844615,5.646612133663494,0.9999860907716916,1848.1525278977128
322.2815893443351,542.5063402451543,5.6459640734833405,0.9999867914644812,1848.1538229028756
322.7012268304605,540.1372180177035,5.6453161967679915,0.9999874920979626,1848.155117798426
323.12086431658594,537.7683676251288,5.6446685033855175,0.9999881926547479,1848.156412552229
323.5405018027114,535.3997889905149,5.644020993303191,0.999988893152576,1848.1577071970682
323.9601392888368,533.0314820369675,5.643373666442558,0.9999895935929678,1848.159001735755
324.37977677496224,530.66344668761,5.6427265226676075,0.9999902939570323,1848.1602961333754
324.7994142610877,528.2956828656284,5.642079561938726,0.9999909942600185,1848.161590418112
325.2190517472131,525.9281904942357,5.641432784187736,0.9999916945070362,1848.1628845994092
325.63868923333854,523.5609694966587,5.640786189277767,0.9999923946788277,1848.1641786416747
326.058326719464,521.1940197961849,5.640139777159455,0.9999930947871358,1848.1654725666117
326.47796420558944,518.8273413161335,5.639493547774567,0.9999937948405452,1848.166766390086
326.89760169171484,516.4609339798363,5.638847500988133,0.999994494820411,1848.1680600776385
327.3172391778403,514.0947977106805,5.638201636739019,0.999995194734251,1848.169353643164
327.73687666396575,511.72893243209137,5.6375559549781995,0.9999958945938638,1848.1706471084676
328.15651415009114,509.363338067506,5.636910455574961,0.9999965943820555,1848.1719404417722
328.5761516362166,506.9980145404108,5.636265138455177,0.9999972941016807,1848.173233648354
328.99578912234205,504.63296177433733,5.635620003577887,0.9999979937673517,1848.1745267552185
329.4154266084675,502.26817969282706,5.634975050818616,0.9999986933640257,1848.1758197345646
329.8350640945929,499.90366821946697,5.63433028008979,0.9999993928897363,1848.1771125827574
330.25470158071835,497.53942727789274,5.63368569135699,1.0000000923613637,1848.178405330995
330.6743390668438,495.1754567917517,5.6330412845035704,1.0000007917665883,1848.179697956508
331.0939765529692,492.8117566847299,5.632397059428823,1.0000014910987234,1848.1809904469387
331.51361403909465,490.44832688056755,5.631753016102967,1.0000021903762506,1848.1822828364448
331.9332515252201,488.0851673030174,5.631109154418381,1.0000028895899955,1848.1835751080694
332.35288901134555,485.72227787586485,5.63046547426233,1.0000035887289458,1848.18486724146
332.77252649747095,483.35965852295425,5.62982197560736,1.0000042878123592,1848.1861592722091
333.1921639835964,480.99730916814326,5.629178658355695,1.0000049868345038,1848.1874511897224
333.61180146972185,478.63522973531724,5.628535522384439,1.0000056857806991,1848.1887429668677
334.03143895584725,476.27342014842327,5.627892567665786,1.0000063846700302,1848.190034638918
334.4510764419727,473.9118803314244,5.627249794112227,1.0000070835003583,1848.19132620192
334.87071392809816,471.55061020830647,5.626607201593353,1.0000077822542741,1848.1926176236982
335.2903514142236,469.1896097031176,5.625964790077931,1.0000084809495997,1848.193908937192
335.709988900349,466.8288787399272,5.6253225594887715,1.000009179587807,1848.1952001451207
336.12962638647446,464.4684172428212,5.624680509691329,1.000009878149959,1848.1964912124852
336.5492638725999,462.1082251359485,5.624038640647534,1.0000105766513974,1848.1977821676405
336.9689013587253,459.74830234348354,5.623396952290468,1.000011275097196,1848.1990730199636
337.38853884485076,457.38864878961425,5.622755444484682,1.0000119734680346,1848.2003637337475
337.8081763309762,455.02926439858874,5.6221141171823845,1.0000126717757514,1848.2016543308707
338.22781381710166,452.670149094686,5.621472970326608,1.0000133700289051,1848.2029448271517
338.64745130322706,450.3113028021974,5.620832003783759,1.0000140682087781,1848.2042351879966
339.0670887893525,447.9527254454686,5.620191217494305,1.0000147663229806,1848.2055254274708
339.48672627547796,445.5944169488835,5.6195506114104905,1.0000154643832992,1848.2068155673583
339.90636376160336,443.2363772368364,5.618910185402944,1.0000161623724604,1848.208105575734
340.3260012477288,440.8786062337709,5.618269939399153,1.000016860293403,1848.2093954580293
340.74563873385426,438.5211038641748,5.617629873359439,1.000017558160739,1848.2106852412505
341.1652762199797,436.1638700525455,5.616989987160641,1.000018255959348,1848.2119748974521
341.5849137061051,433.8069047234253,5.616350280716796,1.000018953687328,1848.2132644231185
342.00455119223056,431.45020780140425,5.615710753994792,1.0000196513615807,1848.214553849487
342.424188678356,429.0937792110837,5.6150714068792675,1.0000203489697037,1848.2158431536361
342.8438261644814,426.73761887710356,5.6144322392711175,1.0000210465050632,1848.2171323233056
343.26346365060687,424.38172672415647,5.613793251141892,1.0000217439861718,1848.2184213927096
343.6831011367323,422.02610267694763,5.613154442385238,1.0000224414037813,1848.2197103447559
344.10273862285777,419.6707466602142,5.6125158128899955,1.0000231387469065,1848.2209991591421
344.52237610898317,417.3156585987516,5.611877362630081,1.0000238360348594,1848.2222878715597
344.9420135951086,414.96083841736794,5.61123909150897,1.000024533261835,1848.2235764712802
345.3616510812341,412.6062860408986,5.610600999405301,1.0000252304131574,1848.224864931181
345.78128856735947,410.25200139424,5.609963086292687,1.000025927507983,1848.2261532866648
346.2009260534849,407.8979844023039,5.609325352084854,1.0000266245441076,1848.2274415336594
346.6205635396104,405.54423499002434,5.6086877966528865,1.0000273215041053,1848.2287296399577
347.0402010257358,403.19075308239707,5.608050419967015,1.000028018405879,1848.2300176386473
347.4598385118612,400.83753860443835,5.607413221951279,1.0000287152508494,1848.2313055323543
347.8794759979867,398.4845914811808,5.606776202472574,1.0000294120200366,1848.2325932860008
348.2991134841121,396.1319116377191,5.606139361494338,1.0000301087288768,1848.233880928115
348.7187509702375,393.77949899917274,5.605502698950883,1.0000308053824016,1848.235168467997
349.138388456363,391.42735349067465,5.604866214708148,1.0000315019612325,1848.2364558698307
349.5580259424884,389.0754750374168,5.604229908719889,1.000032198477302,1848.2377431556702
349.9776634286139,386.72386356462187,5.60359378093037,1.0000328949391426,1848.2390303412856
350.3973009147393,384.37251899752414,5.602957831207344,1.0000335913279665,1848.2403173919529
350.81693840086473,382.0214412614116,5.60232205949285,1.0000342876514747,1848.2416043219048
351.2365758869902,379.67063028160993,5.6016864657403715,1.00003498392144,1848.2428911529003
351.6562133731156,377.3200859834546,5.601051049821846,1.0000356801205117,1848.2441778528716
352.07585085924103,374.96980829233,5.600415811666346,1.0000363762517102,1848.245464427401
352.4954883453665,372.61979713366384,5.599780751235448,1.0000370723296528,1848.246750903504
352.91512583149193,370.27005243289307,5.599145868407268,1.0000377683391328,1848.248037253076
353.33476331761733,367.9205741154987,5.5985111630974265,1.0000384642783189,1848.2493234727326
353.7544008037428,365.5713621070094,5.597876635274091,1.0000391601641334,1848.2506095937485
354.17403828986824,363.2224163329641,5.5972422848231504,1.0000398559840902,1848.251895593048
354.59367577599363,360.8737367189399,5.596608111647073,1.000040551731607,1848.2531814584654
355.0133132621191,358.52532319056604,5.595974115718713,1.000041247425233,1848.2544672242827
355.43295074824454,356.17717567348376,5.5953402969329495,1.0000419430556402,1848.255752873261
355.85258823437,353.82929409336566,5.594706655180169,1.000042638611873,1848.2570383851512
356.2722257204954,351.481678375942,5.5940731904356324,1.0000433341132957,1848.258323795743
356.69186320662084,349.1343284469552,5.593439902604026,1.0000440295540316,1848.2596090941745
357.1115006927463,346.7872442321745,5.592806791565509,1.0000447249194129,1848.2608942533373
357.5311381788717,344.4404256574292,5.592173857295069,1.0000454202286613,1848.2621793087562
357.95077566499714,342.09387264856383,5.591541099707643,1.0000461154795115,1848.2634642562457
358.3704131511226,339.7475851314445,5.59090851867578,1.0000468106545168,1848.2647490635595
358.79005063724804,337.40156303199825,5.590276114171138,1.0000475057716642,1848.2660337639418
359.20968812337344,335.0558062761724,5.589643886118963,1.0000482008323233,1848.2673183599236
359.6293256094989,332.71031478992967,5.589011834387555,1.0000488958174707,1848.2686028163466
360.04896309562434,330.3650884992945,5.5883799589418315,1.0000495907426346,1848.269887161909
360.46860058174974,328.0201273303157,5.587748259717308,1.0000502856128084,1848.27117140584
360.8882380678752,325.6754312090546,5.5871167365812795,1.000050980408553,1848.2724555122127
361.30787555400065,323.33100006163136,5.586485389489019,1.000051675141897,1848.2737395032582
361.7275130401261,320.98683381419596,5.585854218385994,1.0000523698213464,1848.2750233946965
362.1471505262515,318.64293239290976,5.585223223141273,1.0000530644280397,1848.2763071516686
362.56678801237695,316.299295723987,5.584592403698432,1.0000537589697698,1848.2775907885773
362.9864254985024,313.9559237336789,5.58396176001217,1.0000544534583014,1848.2788743271658
363.4060629846278,311.61281634824644,5.583331291955704,1.0000551478761992,1848.28015773521
363.82570047075325,309.2699734939984,5.582700999459656,1.0000558422265693,1848.2814410184515
364.2453379568787,306.92739509728676,5.5820708824868355,1.0000565365240326,1848.2827242039114
364.66497544300415,304.58508108447177,5.5814409409166,1.0000572307532976,1848.284007263329
365.08461292912955,302.2430313819576,5.5808111746661275,1.0000579249126031,1848.2852901934489
365.504250415255,299.9012459161951,5.580181583704833,1.0000586190188927,1848.2865730255855
365.92388790138045,297.5597246136449,5.579552167919825,1.0000593130595947,1848.287855736505
366.34352538750585,295.2184674008056,5.578922927215115,1.0000600070281775,1848.2891383141352
366.7631628736313,292.877474204227,5.578293861564838,1.000060700943231,1848.2904207928336
367.18280035975675,290.5367449504704,5.577664970865069,1.0000613947953427,1848.291703155205
367.60243784588215,288.19627956612845,5.577036255007718,1.0000620885735914,1848.2929853810633
368.0220753320076,285.85607797784934,5.5764077139693535,1.0000627822973913,1848.2942675062914
368.44171281813306,283.5161401122948,5.575779347655852,1.0000634759607938,1848.2955495198942
368.8613503042585,281.17646589615174,5.575151155948855,1.0000641695491383,1848.2968313947763
369.2809877903839,278.83705525616676,5.574523138824701,1.0000648630817135,1848.2981131665867
369.70062527650936,276.497908119101,5.573895296199505,1.000065556556191,1848.2993948310218
370.1202627626348,274.15902441173694,5.573267627947253,1.0000662499551076,1848.3006763558078
370.5399002487602,271.8204040609175,5.572640134041004,1.0000669432965308,1848.3019577743353
370.95953773488566,269.482046993504,5.572012814407174,1.0000676365817782,1848.30323908904
371.3791752210111,267.14395313637493,5.571385668915444,1.0000683297917838,1848.3045202646845
371.79881270713656,264.80612241646816,5.570758697532185,1.000069022942172,1848.305801330145
372.21845019326196,262.4685547607459,5.57013190019408,1.0000697160378937,1848.3070822945726
372.6380876793874,260.13125009618244,5.5695052767697515,1.000070409059447,1848.3083631219233
373.05772516551286,257.79420834981016,5.568878827215963,1.0000711020189605,1848.309643834614
373.47736265163826,255.45742944869113,5.568252551479355,1.0000717949249138,1848.3109244483153
373.8970001377637,253.1209133198968,5.56762644943028,1.0000724877583693,1848.3122049280282
374.31663762388916,250.78465989055317,5.567000521013831,1.0000731805272163,1848.313485288333
374.7362751100146,248.4486690878212,5.566374766185887,1.0000738732432055,1848.3147655509465
375.15591259614,246.11294083887125,5.565749184820913,1.0000745658888206,1848.3160456834967
375.57555008226547,243.7774750709213,5.565123776851057,1.0000752584672516,1848.3173256918788
375.9951875683909,241.44227171123143,5.564498542240326,1.0000759509931245,1848.318605603124
376.4148250545163,239.1073306870702,5.563873480869298,1.0000766434510642,1848.3198853888164
376.83446254064177,236.77265192574828,5.563248592656672,1.0000773358393769,1848.3211650458259
377.2541000267672,234.43823535462397,5.5626238775730865,1.0000780281750261,1848.322444605504
377.67373751289267,232.10408090106407,5.561999335506841,1.0000787204453587,1848.323724044465
378.09337499901807,229.77018849247264,5.561374966363463,1.000079412643894,1848.3250033507322
378.5130124851435,227.43655805630462,5.560750770118332,1.0000801047892574,1848.3262825587276
378.932649971269,225.10318952002584,5.560126746668699,1.0000807968719583,1848.3275616509122
379.35228745739437,222.770082811133,5.559502895907959,1.000081488881102,1848.3288406071501
379.7719249435198,220.4372378571777,5.55887921781397,1.0000821808361602,1848.3301194634275
380.1915624296453,218.10465458572457,5.558255712293762,1.0000828727311097,1848.3313982086142
380.6111999157707,215.77233292436296,5.557632379230431,1.0000835645512958,1848.3326768156242
381.0308374018961,213.4402728007413,5.557009218601644,1.0000842563160761,1848.3339553202347
381.4504748880216,211.1084741425218,5.556386230324661,1.0000849480230587,1848.335233718025
381.870112374147,208.7769368773878,5.555763414274875,1.0000856396547608,1848.3365119766831
382.2897498602724,206.44566093308242,5.555140770426719,1.0000863312293344,1848.3377901297576
382.7093873463979,204.1146462373665,5.554518298707753,1.0000870227480438,1848.339068179585
383.1290248325233,201.78389271801763,5.5538959989890095,1.0000877141917828,1848.3403460908537
383.5486623186488,199.45340030287227,5.5532738712382805,1.0000884055762653,1848.341623892606
383.9682998047742,197.12316891979054,5.552651915393389,1.0000890969064034,1848.3429015939203
384.38793729089963,194.79319849664415,5.552030131324264,1.0000897881626385,1848.3441791586488
384.8075747770251,192.46348896136254,5.551408518989125,1.0000904793571916,1848.3454566093778
385.2272122631505,190.13404024190388,5.5507870783357545,1.0000911704985158,1848.34673396173
385.64684974927593,187.80485226623557,5.550165809235767,1.000091861567601,1848.348011180572
386.0664872354014,185.47592496237894,5.54954471163574,1.0000925525724307,1848.3492882806584
386.48612472152683,183.14725825838957,5.548923785492704,1.000093243524742,1848.3505652836811
386.90576220765223,180.818852082332,5.548303030682346,1.0000939344069388,1848.3518421571198
387.3253996937777,178.49070636231792,5.547682447138315,1.0000946252222964,1848.353118907028
387.74503717990314,176.16282102650047,5.54706203482578,1.0000953159854407,1848.3543955604364
388.16467466602853,173.83519600304078,5.5464417936265145,1.0000960066809141,1848.3556720887773
388.584312152154,171.50783122014155,5.545821723460714,1.0000966973070946,1848.3569484890522
389.00394963827944,169.1807266060525,5.545201824300207,1.0000973878809643,1848.3582247926477
389.4235871244049,166.85388208903137,5.544582096034458,1.0000980783897855,1848.3595009760218
389.8432246105303,164.52729759737272,5.54396253857048,1.0000987688271306,1848.3607770272952
390.26286209665574,162.2009730594213,5.543343151884874,1.0000994592116594,1848.3620529809555
390.6824995827812,159.87490840353217,5.542723935876033,1.0001001495338036,1848.3633288193168
391.1021370689066,157.54910355809093,5.542104890438819,1.0001008397826994,1848.3646045223024
391.52177455503204,155.2235584515374,5.541486015552341,1.00010152997787,1848.3658801259944
391.9414120411575,152.89827301232384,5.540867311124758,1.0001022201132166,1848.3671556191211
392.36104952728294,150.57324716892688,5.540248777040596,1.0001029101740955,1848.368430974618
392.78068701340834,148.2484808498815,5.5396304132788154,1.0001036001799302,1848.3697062283834
393.2003244995338,145.9239739837361,5.539012219757802,1.000104290128268,1848.3709813758844
393.61996198565924,143.59972649905947,5.538394196354324,1.0001049800016046,1848.37225638477
394.03959947178464,141.2757383244799,5.5377763430441584,1.0001056698181763,1848.3735312887436
394.4592369579101,138.95200938864258,5.537158659755985,1.0001063595791955,1848.3748060900461
394.87887444403555,136.62853962020915,5.536541146362157,1.0001070492655106,1848.3760807532826
395.298511930161,134.3053289478995,5.53592380283186,1.0001077388929327,1848.3773553076742
395.7181494162864,131.98237730045662,5.535306629104033,1.0001084284663329,1848.3786297622232
396.13778690241185,129.65968460663458,5.53468962504988,1.000109117966089,1848.3799040806655
396.5574243885373,127.33725079524467,5.5340727906290486,1.0001098074045227,1848.3811782857726
396.9770618746627,125.01507579512634,5.5334561257904396,1.0001104967900576,1848.3824523931137
397.39669936078815,122.69315953512776,5.532839630406902,1.000111186103613,1848.3837263674234
397.8163368469136,120.37150194415052,5.532223304426465,1.0001118753532634,1848.3850002236259
398.23597433303905,118.05010295112984,5.531607147807287,1.0001125645507338,1848.38627398339
398.65561181916445,115.72896248500946,5.530991160426249,1.0001132536783481,1848.3875476140477
399.0752493052899,113.40808047477975,5.530375342218469,1.0001139427394665,1848.388821121809
399.49488679141535,111.08745684947189,5.529759693150259,1.0001146317487168,1848.3900945337089
399.91452427754075,108.76709153812462,5.529144213104553,1.0001153206905582,1848.391367821025
400.3341617636662,106.44698446981772,5.52852890200302,1.0001160095634385,1848.3926409808887
400.75379924979165,104.12713557367745,5.527913759818649,1.0001166983843586,1848.3939140447205
401.1734367359171,101.80754477883751,5.527298786442043,1.000117387140497,1848.3951869888247
401.5930742220425,99.48821201446795,5.526683981781676,1.000118075825481,1848.3964598014231
402.01271170816796,97.16913720978843,5.526069345815339,1.0001187644580043,1848.397732517064
402.4323491942934,94.85032029402844,5.525454878442542,1.0001194530284196,1848.3990051179185
402.8519866804188,92.53176119644749,5.524840579559583,1.0001201415258911,1848.4002775839601
403.27162416654426,90.21345984635879,5.524226449146797,1.0001208299699975,1848.401549951373
403.6912616526697,87.89541617308736,5.52361248711345,1.0001215183545675,1848.4028222087527
404.11089913879516,85.57763010598218,5.522998693345463,1.0001222066649609,1848.4040943290404
404.53053662492056,83.26010157445006,5.522385067823068,1.000122894920673,1848.4053663482673
404.950174111046,80.94283050791056,5.521771610465743,1.000123583119184,1848.4066382617762
405.36981159717146,78.62581683580336,5.521158321151612,1.0001242712429754,1848.4079100371905
405.78944908329686,76.30906048762684,5.520545199857766,1.0001249593103638,1848.4091817083615
406.2090865694223,73.99256139289591,5.519932246513976,1.0001256473225089,1848.4104532774331
406.62872405554776,71.6763194811414,5.519319460993891,1.0001263352602177,1848.4117247089334
407.0483615416732,69.36033468195187,5.518706843268064,1.0001270231393948,1848.4129960322566
407.4679990277986,67.04460692493831,5.518094393276521,1.0001277109648705,1848.41426725633
407.88763651392406,64.72913613972254,5.51748211089171,1.000128398716962,1848.4155383447762
408.3072740000495,62.413922255982904,5.516869996074687,1.0001290864080883,1848.416809320548
408.7269114861749,60.09896520342534,5.516258048775444,1.0001297740466453,1848.4180801991627
409.14654897230037,57.78426491176412,5.515646268868031,1.000130461613479,1848.4193509452193
409.5661864584258,55.46982131076636,5.515034656301909,1.0001311491167604,1848.4206215738204
409.9858239445512,53.155634330232544,5.51442321103633,1.0001318365681975,1848.4218921066035
410.40546143067667,50.841703899969986,5.513811932949352,1.0001325239500374,1848.4231625107593
410.8250989168021,48.528029949833986,5.5132008219775255,1.0001332112657206,1848.424432792645
411.2447364029276,46.21461240971879,5.512589878088285,1.000133898529881,1848.425702979308
411.66437388905297,43.901451209526094,5.5119791011657,1.0001345857268944,1848.426973041871
412.0840113751784,41.58854627919815,5.511368491132877,1.0001352728552761,1848.4282429775903
412.5036488613039,39.27589754872301,5.510758047963948,1.0001359599320487,1848.429512817927
412.92328634742927,36.96350494809607,5.510147771550626,1.0001366469443058,1848.4307825390274
413.3429238335547,34.651368407347405,5.509537661802814,1.0001373338857271,1848.432052129211
413.7625613196802,32.33948785655786,5.50892771869947,1.0001380207750428,1848.4333216230937
414.1821988058056,30.027863225816418,5.508317942141195,1.000138707602523,1848.4345910026937
414.601836291931,27.71649444524201,5.5077083320256985,1.0001393943573695,1848.4358602480536
415.0214737780565,25.40538144500656,5.507098888334514,1.000140081059206,1848.4371293954414
415.4411112641819,23.094524155293342,5.506489610977983,1.0001407677017924,1848.4383984333244
415.8607487503073,20.78392250630953,5.505880499843402,1.0001414542704938,1848.439667334655
416.2803862364328,18.47357642831816,5.505271554912244,1.0001421407848756,1848.4409361355931
416.7000237225582,16.16348585159644,5.504662776105054,1.0001428272423503,1848.4422048313568
417.1196612086837,13.853650706440058,5.504054163301284,1.0001435136253853,1848.443473389543
417.5392986948091,11.544070923203076,5.5034457164793125,1.000144199952378,1848.4447418441523
417.95893618093453,9.234746432255559,5.502837435569976,1.0001448862244364,1848.446010197234
418.37857366706,6.925677163983093,5.502229320448194,1.0001455724223243,1848.4472784132347
418.7982111531854,4.616863048828718,5.501621371085861,1.0001462585620418,1848.4485465217267
419.21784863931083,2.3083040172561193,5.501013587424061,1.0001469446483766,1848.4498145315576
419.6374861254363,-3.5915714846623814e-14,5.500406217732781,1.0001477209941632,1848.4512493569432
