time_s,height_m,speed_mps,drag_g,canopy_force_n
0.0,2566.8,70.27721564202388,1.0256190021063287,0.0
0.03,2564.6918039315724,70.26892477246834,1.030884813169418,9.852323655332206
0.06,2562.5838953088937,70.25754628635511,1.0465804456718546,39.306229082181474
0.09,2560.4764127568515,70.24003683833728,1.0725258168586416,88.19176173669743
0.12,2558.369584536493,70.21341136280758,1.1085245721058419,156.30540759121763
0.15,2556.263728263823,70.1747441761324,1.1543557839793508,243.39439084028842
0.18,2554.1592483289355,70.1211792540343,1.2097664469544216,349.1418934410458
0.21,2552.056634588835,70.04993458797085,1.2744643724780995,473.15328778325846
0.24,2549.9564569494864,69.95832987543866,1.3481126159305095,614.9439087727046
0.27,2547.85936414327,69.84379251456224,1.4303240471756984,773.9282380851419
0.3,2545.766082303952,69.70386344644865,1.5206567897471328,949.410688255038
0.32999999999999996,2543.6774089211767,69.5362235329827,1.6186115571557846,1140.5787959035051
0.36,2541.5942089483447,69.33870725034738,1.7236297525239246,1346.4985303778917
0.39,2539.5174065897313,69.10933271139899,1.8350937304240358,1566.1127733153944
0.41963748612548823,2537.4729431469814,68.84968944970117,1.9508789763940209,1795.3669338708485
0.42,2537.4479847915745,68.84630362324604,1.9523271939308657,1798.2416047820318
0.44999999999999996,2535.386979148098,68.54802492513247,2.074597641944356,2041.5857227287602
0.48,2533.3354696766114,68.21312676563694,2.20112089700788,2294.73336977334
0.51,2531.294571549948,67.84047939646571,2.33106679053221,2556.1699997890323
0.54,2529.2654280521087,67.42920714863612,2.4635663582498064,2824.2909179977173
0.57,2527.2492099037618,66.97868897380233,2.5977195152027415,3097.415640882626
0.6,2525.247101758419,66.4885720688184,2.732604898532381,3373.805728256981
0.63,2523.2602933130124,65.9587787336034,2.8672904609860526,3651.6845096662723
0.6599999999999999,2521.289970490402,65.38950445038402,3.000844291413998,3929.2578219078823
0.69,2519.337312411419,64.78121817991229,3.132346272148699,4204.736317961341
0.72,2517.403479936102,64.13465690810385,3.260899665214285,4476.358055549024
0.75,2515.4896063355495,63.4508159002353,3.3856423926633976,4742.410833880707
0.78,2513.5967913051986,62.730935931813775,3.5057578054386904,5001.253808600116
0.8099999999999999,2511.726095539163,61.97649293005472,3.620485275761816,5251.338721609898
0.8392749722509765,2509.9229017697953,61.20857869991682,3.7265801051750818,5485.561483120582
0.84,2509.8785308859115,61.18917780855939,3.729129028016584,5491.228368143313
0.87,2508.055054858329,60.37087057237318,3.8310652089525052,5719.61205412308
0.8999999999999999,2506.2565676932386,59.52362814586572,3.9257494202415963,5935.321237304062
0.9299999999999999,2504.483904632048,58.64965556887163,4.012720927710089,6137.339725825804
0.96,2502.737832472611,57.75127688200797,4.091605195243394,6324.810675861626
0.99,2501.01904770387,56.83091588594344,4.16211618316124,6497.042596814179
1.02,2499.3281724467433,55.891068927129496,4.224056032386095,6653.5107397463125
1.05,2497.66575302098,54.934274404713456,4.277312614197417,6793.854507996661
1.08,2496.032259781468,53.963093456185874,4.3218572111811335,6917.874472311834
1.1099999999999999,2494.4280857130757,52.98008486762186,4.35773996830612,7025.52533926015
1.14,2492.853547586019,51.98777901201063,4.385083835881457,7116.905986324701
1.17,2491.3088870637025,50.98866217551247,4.40407905719811,7192.24992662671
1.2,2489.7942717121905,49.98515582834402,4.414975892294421,7251.912558371064
1.23,2488.3097981299306,48.979598006819494,4.418076851338483,7296.357271939628
1.2589124583764648,2486.907687706961,48.010650365542986,4.414013087160382,7325.311782926695
1.26,2486.855493927604,47.9742326006481,4.413729694696697,7326.142553968892
1.29,2485.431320773643,46.971195533460616,4.4023194575845315,7341.907293954999
1.3199999999999998,2484.0371786430833,45.97250367267089,4.384260646896496,7344.356211218357
1.3499999999999999,2482.672908254409,44.980049243558106,4.359990322031247,7334.246652375307
1.38,2481.3382954464137,43.995593845435096,4.329961109114435,7312.375227926058
1.41,2480.0330761524333,43.02076407403503,4.294634614761855,7279.565093972158
1.44,2478.756938622197,42.05704947762556,4.254475484719,7236.654327565387
1.47,2477.5095284337885,41.10580365117445,4.209946363960106,7184.485867184302
1.5,2476.290453388883,40.168245605191096,4.161503255728726,7123.898193594589
1.53,2475.0992860570054,39.24546054198918,4.1095911230023825,7055.716492158757
1.56,2473.9355683209224,38.33840500144311,4.054640783336158,6980.746107807782
1.5899999999999999,2472.798816016125,37.44791242556722,3.9970663213505073,6899.766987741707
1.6199999999999999,2471.688520951284,36.57469560966806,3.9372622538315594,6813.527791315213
1.65,2470.6041554403077,35.71935477069023,3.875602286397458,6722.74283704478
1.678549944501953,2469.595786348183,34.92241081648901,3.8155208672127254,6632.743808552968
1.68,2469.5451759464127,34.882384470130745,3.8124382351853017,6628.08944019524
1.71,2468.5110247909333,34.06417741136312,3.74809863738891,6530.204800872662
1.74,2467.5011345694684,33.26503436544853,3.682889040420233,6429.685895503943
1.77,2466.5149299741975,32.48516934027557,3.6170915801078443,6327.088221491608
1.7999999999999998,2465.5518302617747,31.72471613407733,3.5509651469659684,6222.925641350518
1.8299999999999998,2464.611252259452,30.98373685347038,3.4847462562016513,6117.671532303152
1.8599999999999999,2463.6926113731274,30.262225985435073,3.4186491599599766,6011.758675782508
1.89,2462.7953246181046,29.560119253117687,3.35286723559195,5905.58144354638
1.92,2461.9188113796563,28.877297732535823,3.287573490003093,5799.496487333655
1.95,2461.062495535412,28.213594731691558,3.222921839451162,5693.824838469827
1.98,2460.225806612683,27.568801106361928,3.159048169085884,5588.853663636112
2.01,2459.408180830459,26.942669759745588,3.096071315321554,5484.837920029431
2.04,2458.609062598132,26.334921716201144,3.034094500749627,5382.002843096938
2.07,2457.827904772473,25.74524894404501,2.9732060986807816,5280.545275177288
2.098187430627441,2457.1098294577278,25.20737840492032,2.9170554750664612,5186.626040289274
2.1,2457.0641702142652,25.173320343743125,2.913481185177004,5180.636412910519
2.13,2456.3173316383036,24.61878370036453,2.854982209007075,5082.423009748153
2.16,2455.586872940853,24.081270898672866,2.7977604504411087,4986.029995679154
2.19,2454.8722889788073,23.560399673336445,2.7418567054299663,4891.561733556252
2.2199999999999998,2454.1730864572924,23.055777566975287,2.6873024992984385,4799.104228500386
2.25,2453.4887838521654,22.567003909889205,2.634120853104245,4708.726549433648
2.28,2452.8189117934517,22.09367240193795,2.5823271953775104,4620.482516256047
2.31,2452.163013194702,21.635373396608863,2.5319302061438536,4534.412271744856
2.34,2451.5206431781367,21.191695269232305,2.4829324443430485,4450.543469582314
2.37,2450.8913693904537,20.762226904228097,2.435331231496306,4368.892923743886
2.4,2450.2747715701917,20.346558125600044,2.389119046197447,4289.467383094695
2.4299999999999997,2449.67044197918,19.9442822090754,2.3442843967571863,4212.26516388246
2.46,2449.0779847500203,19.55499570610738,2.300812052643562,4137.276631824571
2.4899999999999998,2448.4970163204694,19.178300744767792,2.2586838456580574,4064.4857064964604
2.5178249167529296,2447.968114612596,18.839829819191614,2.220793298810357,3998.9174355366767
2.52,2447.9271647267574,18.81380462698333,2.217878823651686,3993.8702013749175
2.55,2447.3680699079137,18.461121634580405,2.178373911170703,3925.403073838652
2.58,2446.8193830996324,18.119872765612378,2.140144070411722,3859.052774481368
2.61,2446.2807669088047,17.789686839289242,2.103162772092025,3794.7841523397074
2.6399999999999997,2445.7518949056616,17.470200594619314,2.067402216968965,3732.558908970157
2.67,2445.2324514244647,17.161059032533235,2.0328336028036467,3672.3361320391737
2.6999999999999997,2444.722131391123,16.861915946483755,1.9994274246914756,3614.072887104028
2.73,2444.220639862027,16.57243357323389,1.9671535561241007,3557.7244110451757
2.76,2443.7276920617082,16.292283484658252,1.935981613733309,3503.244815859503
2.79,2443.2430127349303,16.0211457496928,1.905880901958436,3450.587030782962
2.82,2442.7663362979592,15.758709970048873,1.876820793156465,3399.7035297765465
2.85,2442.297406145078,15.504674291937977,1.8487706181102972,3350.546170917323
2.88,2441.8359747609184,15.258746243349204,1.8216999824255038,3303.066804684639
2.9099999999999997,2441.381803144838,15.02064198375826,1.7955786973697931,3257.2171819530126
2.9374624028784178,2440.9722163984356,14.809302896903137,1.7724738178792276,3216.6337225332272
2.94,2440.934660749082,14.790086642302093,1.7703769627989978,3212.9493167402893
2.9699999999999998,2440.4943251316286,14.566814060270506,1.7460654014640535,3170.2155778038104
3.0,2440.060581654228,14.350566505190832,1.7226150800077784,3128.968754142324
3.03,2439.6332233905396,14.141094950826671,1.6999976598856612,3089.162354759635
3.06,2439.212050612221,13.938158263505503,1.6781852805576625,3050.7504206059625
3.09,2438.7968708729,13.741523823827269,1.657150782345857,3013.6879520466478
3.12,2438.387498420115,13.55096652326677,1.6368675340037788,2977.9306165844696
3.15,2437.9837542762743,13.366269310368631,1.6173096289409217,2943.435125350777
3.1799999999999997,2437.5854657701316,13.187222457418597,1.5984517691715672,2910.1590405181823
3.21,2437.192466444442,13.013623639445457,1.580269341446893,2878.0609310156383
3.2399999999999998,2436.804595833897,12.845277763146495,1.562738429852175,2847.1004116300023
3.27,2436.421699133488,12.68199644753444,1.5458357404401804,2817.2380207635047
3.3,2436.0436272177462,12.523598383089444,1.529538736555637,2788.43548102519
3.33,2435.670236155957,12.36990844051662,1.5138254670774016,2760.655399370731
3.357099889003906,2435.336849479378,12.23498290988454,1.5001153706894226,2736.4096669721966
3.36,2435.3013873100103,12.220758167554862,1.4986747304371348,2733.8615783105865
3.3899999999999997,2434.9369469061003,12.075985031160402,1.4840659300906094,2708.0187638608063
3.42,2434.5767859966586,11.935432543097546,1.4699791436033616,2683.0927821809787
3.4499999999999997,2434.2207802645503,11.79895005135213,1.4563951082211635,2659.0505232733335
3.48,2433.8688097468203,11.66639227024104,1.443295139848207,2635.8598023830737
3.51,2433.5207588779394,11.53761961603048,1.4306612490065829,2613.489580407627
3.54,2433.1765160731143,11.41249739815645,1.418475972499536,2591.9096646228
3.57,2432.8359738174645,11.290896225468158,1.4067225040057887,2571.0909547782685
3.5999999999999996,2432.4990283476955,11.17269143893049,1.3953845821562454,2551.005245730409
3.63,2432.1655795632273,11.057763052553696,1.3844465030408533,2531.6252568647938
3.6599999999999997,2431.835530959985,10.945995789465911,1.3738931556878011,2512.9247031701752
3.69,2431.508789320211,10.837278473741828,1.3637098949788176,2494.8780686215305
3.7199999999999998,2431.1852648137665,10.731504446270066,1.353882670014818,2477.460846339045
3.75,2430.8648706594972,10.62857089331561,1.3443978786008026,2460.649277462563
3.776737375129394,2430.5818908422984,10.539145352005576,1.3362225501517917,2446.157857399078
3.78,2430.5475231375185,10.52837900921514,1.3352424301749373,2444.420470967405
3.81,2430.233141460984,10.43083384398648,1.3264037288635633,2428.7523770995745
3.84,2429.921647556393,10.335843878619366,1.3178695861372778,2413.6236315781553
3.8699999999999997,2429.612966149863,10.243321382064813,1.309628331231286,2399.013761631485
3.9,2429.3070244545784,10.153181762854391,1.301668665026507,2384.902922027604
3.9299999999999997,2429.003752220733,10.065343804548467,1.2939797381379707,2371.272041448221
3.96,2428.7030815997055,9.979729462110297,1.286551116567571,2358.1027627569606
3.9899999999999998,2428.404946969928,9.896263522029608,1.2793727110435136,2345.3773164445806
4.02,2428.109285020862,9.814873933124012,1.2724348785379407,2333.078709464389
4.05,2427.8160344751936,9.735491212932452,1.265728284723599,2321.190475705803
4.08,2427.5251361395763,9.658048666884927,1.2592439755408154,2309.696809604329
4.109999999999999,2427.2365328022242,9.582482242474379,1.2529733541377646,2298.582526162942
4.14,2426.950169063566,9.508730178424557,1.24690810325484,2287.8329207043485
4.17,2426.6659914333086,9.436733350701047,1.2410402891316554,2277.4339614797095
4.196374861254882,2426.4179179483094,9.374841130495875,1.2360385313648115,2268.5704610712687
4.2,2426.383948091002,9.366434750972509,1.2353622380471732,2267.37206504726
4.2299999999999995,2426.1039889079516,9.297779615576895,1.2298665824135664,2257.6341825790428
4.26,2425.8260654092355,9.230715423111928,1.2245462724875422,2248.2078230298316
4.29,2425.5501305851085,9.165191476134778,1.2193944773131018,2239.0808728405705
4.32,2425.2761389956536,9.101159249675025,1.2144046882164685,2230.2417873839495
4.35,2425.0040465912944,9.038572005143175,1.2095706272362137,2221.67942421487
4.38,2424.733810672988,8.977384744538906,1.20488624498097,2213.383040383717
4.41,2424.4653899357127,8.917554401698311,1.200345781974339,2205.34240632419
4.4399999999999995,2424.1987442645336,8.859039370792425,1.1959436518957234,2197.5475925042315
4.47,2423.933834811645,8.80179976594445,1.191674520448594,2189.9891153594363
4.5,2423.670623914739,8.745797277119314,1.1875332757410826,2182.6578838900227
4.53,2423.409074976846,8.690994900416355,1.1835149636975877,2175.5450818837594
4.56,2423.149152565776,8.637357262584676,1.1796148843903023,2168.6423458438608
4.59,2422.890822245869,8.584850231677693,1.1758284943047805,2161.941586183718
4.61601234738037,2422.6680924645293,8.540212233885557,1.1726340341601225,2156.288955887793
4.62,2422.6340505713097,8.5334409418578,1.1721514204374976,2155.435013893862
4.6499999999999995,2422.3788051244233,8.483097954559547,1.1685795119926328,2149.1152363385954
4.68,2422.1250543441893,8.433790844799297,1.1651087339574078,2142.9750622503957
4.71,2421.872767599337,8.385490439887969,1.1617352393851257,2137.007635289269
4.74,2421.621915136182,8.33816873221457,1.15845535217956,2131.2064030102256
4.77,2421.3724679642382,8.291798605513,1.1552654974263827,2125.5649892714664
4.8,2421.124397954728,8.246354146394916,1.1521622938828955,2120.0773649186312
4.83,2420.8776777186013,8.20181035734256,1.149142480165154,2114.7377125082126
4.859999999999999,2420.6322805680074,8.15814308226852,1.1462028992381013,2109.540398226167
4.89,2420.388180592993,8.115329259553173,1.1433405747520105,2104.4801128239787
4.92,2420.1453525117804,8.073346548494463,1.1405526114759381,2099.5516888107754
4.95,2419.903771699773,8.032173437624534,1.1378362304284848,2094.7501654952393
4.9799999999999995,2419.6634142138773,7.991789352222342,1.1351888042209877,2090.0708544380973
5.01,2419.4242566570056,7.952174309465931,1.1326077639924708,2085.5091684802337
5.035649833505859,2419.2207126143167,7.918899035288349,1.1304517864138033,2081.698932191219
5.04,2419.1862762493524,7.913309144656628,1.13009066778124,2081.060747945685
5.069999999999999,2418.9494507970485,7.875175460395169,1.127635190546073,2076.7214426030027
5.1,2418.713758591884,7.837755370900116,1.125239055079076,2072.4871847345657
5.13,2418.4791785012494,7.8010317826957545,1.1229001160934753,2068.354144271309
5.16,2418.2456898920386,7.764988212674398,1.1206163120133978,2064.318640283938
5.1899999999999995,2418.013272571643,7.729608642357826,1.118385626360084,2060.3770700962223
5.22,2417.781906877765,7.694877799972151,1.1162061725361172,2056.5260657046315
5.25,2417.5515735737763,7.660780891464586,1.11407611955511,2052.7623571933277
5.279999999999999,2417.3222538288405,7.6273035622736405,1.1119936838024727,2049.082757750179
5.31,2417.0939292937815,7.594432140113844,1.109957202715879,2045.4842996330403
5.34,2416.8665819845514,7.562153326210031,1.1079650478742473,2041.9640742205834
5.37,2416.6401942947937,7.530454247894852,1.106015642833242,2038.5192650434549
5.3999999999999995,2416.4147490498212,7.499322638358525,1.1041075185826015,2035.1472501693563
5.43,2416.190229391577,7.468746526481678,1.1022392251364173,2031.8454394224282
5.455287319631347,2416.0016861263016,7.443396530031169,1.1006943282493415,2029.1149972352844
5.46,2415.9666188148194,7.438714356783783,1.1004093690009544,2028.6113435829718
5.49,2415.743901198026,7.409215101782543,1.0986166488597622,2025.4426403232642
5.52,2415.52206069695,7.3802379713439965,1.0968597719043471,2022.3370201032649
5.55,2415.3010817969175,7.351772579588526,1.095137505221763,2019.292281026779
5.58,2415.080949323071,7.323808995830549,1.0934486932093797,2016.3063610842155
5.609999999999999,2414.861648345207,7.296337482206836,1.0917921813988303,2013.3771978106702
5.64,2414.6431642404427,7.269348691447737,1.0901668771828248,2010.5028403650174
5.67,2414.425482686657,7.242833666941583,1.0885717518776443,2007.6814534499317
5.7,2414.2085895787495,7.216783610024326,1.0870057726304443,2004.911191831603
5.7299999999999995,2413.9924710974674,7.191190096588031,1.0854679690114266,2002.190323242914
5.76,2413.7771136902365,7.166045038108976,1.0839574231052713,1999.5172102090023
5.79,2413.562503997578,7.14134047577575,1.0824732088226012,1996.8901981860424
5.819999999999999,2413.348628925169,7.117068807394362,1.0810144618560682,1994.307744678986
5.85,2413.135475616005,7.093222720779435,1.0795803611256478,1991.7683851008678
5.8749248057568355,2412.9589219482946,7.073729247443913,1.0784070176093519,1989.6903221342104
5.88,2412.923031385038,7.06979500973966,1.078170074133973,1989.2706320298355
5.91,2412.71128379253,7.046778805482529,1.0767828285634462,1986.813107365343
5.9399999999999995,2412.5002206109984,7.024167492590606,1.0754178881113943,1984.3944978196428
5.97,2412.2898297659235,7.001954541003135,1.074074502223092,1982.013462225689
6.0,2412.0800994091232,6.980133738079818,1.0727519781690558,1979.6687645908623
6.029999999999999,2411.8710178834426,6.958699096068912,1.0714496539617515,1977.3592241864585
6.06,2411.662573667393,6.937644694110626,1.070166850725838,1975.0836276998425
6.09,2411.454755447703,6.916964908330007,1.0689029444439677,1972.8408616879774
6.12,2411.247552084281,6.896654318567526,1.0676573383443275,1970.6298616747324
6.1499999999999995,2411.040952556812,6.876707554759445,1.06642941623216,1968.4495260578178
6.18,2410.834946035833,6.857119522992485,1.06521861325121,1966.298846756741
6.21,2410.629521850189,6.837885318429571,1.0640243899099928,1964.1768613208096
6.24,2410.4246694338453,6.819000071004281,1.0628461848467452,1962.0825657730732
6.27,2410.2203783948553,6.80045916541622,1.0616834839569231,1960.015042252825
6.294562291882324,2410.053527322346,6.785532201621319,1.0607427328807317,1958.3415956686365
6.3,2410.016638487322,6.782258166630047,1.0605357980843024,1957.9734178767371
6.33,2409.8134395569596,6.7643926605585465,1.0594026138946535,1955.9567740757234
6.359999999999999,2409.610771607222,6.746858465656891,1.05828346060974,1953.9642698286452
6.39,2409.408624777641,6.729651577001648,1.057177893298473,1951.9951108522819
6.42,2409.2069892869704,6.712767998496921,1.0560854407831175,1950.0484534448394
6.45,2409.0058554955826,6.69620394319168,1.0550056690426826,1948.1235215792046
6.4799999999999995,2408.8052138919265,6.67995580160816,1.053938171954165,1946.2195898410469
6.51,2408.6050550324276,6.664019962995672,1.0528825154516783,1944.335880339587
6.54,2408.405369599068,6.64839300089671,1.051838296462716,1942.4716715600366
6.569999999999999,2408.206148395551,6.633071670920672,1.0508051428167218,1940.6262982245871
6.6,2408.0073822835056,6.618052719721939,1.0497826532322834,1938.7990404857094
6.63,2407.809062234011,6.60333305181412,1.0487704504718094,1936.9892221082712
6.66,2407.611179334786,6.588909761204375,1.0477681918993618,1935.1962299941415
6.6899999999999995,2407.4137247226995,6.574779928128562,1.0467755052976282,1933.4193956608813
6.714199778007812,2407.2547522308296,6.563593892628451,1.0459814756196064,1931.9974300837473
6.72,2407.2166896278886,6.560940762778231,1.045792034808985,1931.6580801063951
6.75,2407.020065392901,6.547389673966342,1.044817463235388,1929.9117150194295
6.779999999999999,2406.8238434020136,6.534124055256489,1.0438514441993707,1928.179677493225
6.81,2406.6280151166006,6.521141401222393,1.0428936394151822,1926.461358880221
6.84,2406.4325721065566,6.508439414476814,1.0419437532368534,1924.7562286271043
6.87,2406.2375059775395,6.496015784721524,1.0410014622881123,1923.0637043012202
6.8999999999999995,2406.0428083963357,6.483868273479304,1.0400664427021724,1921.3832019177573
6.93,2405.848471134101,6.4719948582872,1.0391384166067437,1919.7142218278611
6.96,2405.6544859933406,6.460393510395151,1.038217081064927,1918.056217460946
6.989999999999999,2405.460844822248,6.449062244646336,1.037302124154194,1916.4086250350704
7.02,2405.2675395682713,6.437999296355618,1.0363932820088795,1914.7709689525595
7.05,2405.074562207433,6.427202905905193,1.0354902697400423,1913.1427341879235
7.08,2404.8819047469988,6.41667133164151,1.0345927856077586,1911.5233740007156
7.109999999999999,2404.6895592865953,6.406403050882668,1.0337005759066435,1909.9124298257373
7.1338372641333,2404.536943517378,6.398430850099791,1.032995230989754,1908.6380919594917
7.14,2404.4975179534276,6.39639656265173,1.0328133715157448,1908.3094140534415
7.17,2404.305772892892,6.3866503624514435,1.031930879742762,1906.7137949642267
7.199999999999999,2404.114316333442,6.377163155282076,1.0310528531599912,1905.1251239221904
7.2299999999999995,2403.9231405319574,6.367933690199727,1.0301790362466023,1903.5429367949685
7.26,2403.73223775192,6.358960695794953,1.0293091444782585,1901.9667153190906
7.29,2403.541600328185,6.3502430928873705,1.0284429331217566,1900.3960142217284
7.319999999999999,2403.351220626333,6.341779873325594,1.0275801580402155,1898.83038880397
7.35,2403.161091008503,6.3335699965183165,1.0267205421007137,1897.2693328693679
7.38,2402.971203894415,6.325612590049832,1.0258638401004403,1895.7123987010232
7.41,2402.7815517376857,6.317906882403217,1.0250098169282424,1894.1591567122705
7.4399999999999995,2402.592126980072,6.310452063022638,1.024158202062884,1892.6091113643524
7.47,2402.4029221054443,6.303247460236075,1.023308747159328,1891.0618075828374
7.5,2402.2139296349037,6.296292533893992,1.022461223561185,1889.516826164425
7.529999999999999,2402.025142070956,6.289586703920906,1.0216153664789371,1887.9736806194542
7.553474750258788,2401.8775554387116,6.284512850925833,1.0209544866300448,1886.767157269236
7.56,2401.836551941655,6.283129496606205,1.0207709223019688,1886.4319046034614
7.59,2401.6481518149612,6.276920598658047,1.019927665986098,1884.8910840514097
7.62,2401.459934235232,6.270959661951779,1.0190853374073454,1883.3507395560505
7.6499999999999995,2401.2718917553943,6.26524641136454,1.0182436761529898,1881.8103906610072
7.68,2401.0840169693984,6.259780756638932,1.0174024576313763,1880.2696225940097
7.71,2400.8963024443415,6.254562583957489,1.0165614250582655,1878.7279605696176
7.739999999999999,2400.708740739259,6.249591820943052,1.015720310281642,1877.1849082713466
7.77,2400.521324452826,6.244868597231889,1.0148788856544355,1875.640043716023
7.8,2400.3340461553607,6.2403930364801115,1.0140368960861674,1874.0928936731464
7.83,2400.1468983936725,6.236165276820696,1.013194065333632,1872.5429452853093
7.859999999999999,2399.9598737493343,6.232185665384498,1.0123501588196073,1870.9897621618766
7.89,2399.772964775876,6.228454567434916,1.011504921187788,1869.4328689656563
7.92,2399.586163989606,6.224972342517631,1.0106580681347017,1867.8717363099972
7.949999999999999,2399.3994639326775,6.221739554215958,1.009809354064554,1866.3059057896337
7.973112236384276,2399.255692720837,6.219419483779698,1.0091540681056368,1865.0960734734067
7.9799999999999995,2399.212857121275,6.2187568150144745,1.008958521194202,1864.7348959107442
8.01,2399.0263360182794,6.216024946633798,1.008110042212834,1863.1670381304289
8.04,2398.839893197458,6.213534779318066,1.0073215438666305,1861.7097526489333
8.07,2398.6535217220135,6.21126593296196,1.0066050653503993,1860.3855726496543
8.1,2398.4672152380244,6.209198154473598,1.0059539703726486,1859.182233083098
8.129999999999999,2398.280968002213,6.207313045740123,1.0053622384709833,1858.0886070617034
8.16,2398.0947747974174,6.205594007180428,1.0048244439478058,1857.0946669292632
8.19,2397.9086308578194,6.204025863222235,1.0043356322729848,1856.191255831026
8.219999999999999,2397.7225318694805,6.20259488434763,1.0038913253655553,1855.3700974752185
8.25,2397.5364739184806,6.201288619576612,1.0034874658008435,1854.6236930178707
8.28,2397.350453425423,6.200095686759164,1.003120347667103,1853.9451932735533
8.31,2397.164467143822,6.199005766477271,1.0027866135517585,1853.3283931454198
8.34,2396.9785121396912,6.198009535738831,1.0024832322113162,1852.767690355221
8.37,2396.7925857269774,6.197098461865272,1.0022074311787126,1852.2579608896747
8.392749722509764,2396.6516108029045,6.196459553210599,1.0020151157426234,1851.9025276865111
8.4,2396.606685458854,6.196264774479465,1.0019566871240426,1851.7945411853702
8.43,2396.4208091308615,6.195501474670577,1.0017287283291672,1851.3732327022888
8.459999999999999,2396.2349547329245,6.19480218206347,1.0015214848283114,1850.9902097747386
8.49,2396.049120424698,6.19416105626256,1.0013330626832837,1850.641972067376
8.52,2395.8633045378397,6.1935728038237885,1.0011617459683093,1850.3253482435318
8.549999999999999,2395.6775055705675,6.193032660583468,1.0010059908292355,1850.0374849855637
8.58,2395.4917221455626,6.192536257837848,1.0008643820393444,1849.7757667022545
8.61,2395.3059530029564,6.19207960001658,1.000735625634676,1849.537801917577
8.64,2395.1201970042684,6.191659077025068,1.00061855277854,1849.3214304130006
8.67,2394.9344531249576,6.191271440440425,1.0005121119628122,1849.1247088140963
8.7,2394.7487204232903,6.190913704671353,1.0004153369796807,1848.9458513966156
8.73,2394.562998036947,6.190583136166171,1.0003273433666087,1848.7832235161495
8.76,2394.377285185495,6.190277261191497,1.0002473308631885,1848.63534614883
8.79,2394.191581170708,6.189993866771287,1.0001745836664455,1848.5008963631794
8.812387208635252,2394.0530067261557,6.189795814602644,1.000124636237715,1848.4085846125238
8.82,2394.0058853509067,6.189730919272051,1.0001084440839338,1848.3786586263336
8.85,2393.8201971365584,6.189486550443219,1.0000483079925433,1848.26751641111
8.879999999999999,2393.634515990457,6.189259057978048,0.9999936249943208,1848.1664524839907
8.91,2393.4488414337407,6.189046924542465,0.9999439045433749,1848.0745602287366
8.94,2393.2631730321204,6.1888487741087514,0.9998987018192269,1847.9910175378202
8.969999999999999,2393.0775103844817,6.188663335803357,0.9998576060321718,1847.91506519865
9.0,2392.8918531227373,6.188489443449906,0.9998202402645036,1847.846006600125
9.03,2392.7062009126544,6.188326038176749,0.9997862623036923,1847.7832092724968
9.06,2392.5205534589663,6.1881721846066045,0.9997553698653214,1847.7261145402852
9.09,2392.334910491976,6.188027028389559,0.9997272868662084,1847.674212152561
9.12,2392.149271762062,6.187889778792844,0.9997017577945886,1847.6270298780432
9.15,2391.963637039679,6.187759708700212,0.9996785477059886,1847.5841334974687
9.18,2391.7780061156545,6.1876361555539905,0.9996574425243819,1847.5451273601855
9.209999999999999,2391.5923788060063,6.1875185366153955,0.9996382539699121,1847.5096634914603
9.23202469476074,2391.4561015156787,6.1874356573053,0.9996252877256859,1847.4856995610965
9.24,2391.406754944906,6.187406326660444,0.9996208123507851,1847.477428270613
9.27,2391.2211343782174,6.187299037513032,0.9996049599491673,1847.4481302069762
9.299999999999999,2391.035516963418,6.187196217785631,0.9995905509361339,1847.4214997827055
9.33,2390.8499025695914,6.187097452863305,0.999577451365483,1847.3972894413455
9.36,2390.6642910786345,6.187002368724196,0.9995655404072881,1847.375275867656
9.389999999999999,2390.4786823885493,6.186910642374702,0.9995547137187932,1847.3552662176266
9.42,2390.2930764057764,6.186821977554789,0.999544875594772,1847.3370836109411
9.45,2390.107473043075,6.186736098017604,0.9995359367959025,1847.3205631174267
9.48,2389.921872219523,6.186652747529474,0.9995278145484963,1847.3055517565542
9.51,2389.7362738605134,6.186571689869913,0.9995204325442993,1847.2919084970695
9.54,2389.5506778982062,6.186492710247839,0.999513721397943,1847.2795051024443
9.57,2389.365084274831,6.186415625777982,0.9995076220318007,1847.268232386695
9.6,2389.17949293865,6.186340272686591,0.9995020815422706,1847.2579925745365
9.629999999999999,2388.993903841122,6.186266497324142,0.9994970502960066,1847.2486939346982
9.651662180886229,2388.859896387208,6.1862141256796255,0.999493707690442,1847.2425162038467
9.66,2388.8083169368847,6.186194156111429,0.9994924819124742,1847.240250747686
9.69,2388.6227321837555,6.1861231155395675,0.9994883332639488,1847.2325833057782
9.719999999999999,2388.437149542731,6.186053252169991,0.9994845644755376,1847.225617913066
9.75,2388.251568978525,6.185984454343992,0.9994811394775893,1847.2192879064041
9.78,2388.065990462073,6.185916630107548,0.9994780285664006,1847.2135383880552
9.81,2387.8804139673407,6.185849697115095,0.9994752051421459,1847.2083201968007
9.84,2387.6948394697397,6.185783577593214,0.9994726440816287,1847.2035869004953
9.87,2387.50926694612,6.185718198331538,0.9994703217353734,1847.1992947906929
9.9,2387.3236963747745,6.185653490682745,0.9994682159276426,1847.1954028826783
9.93,2387.1381277354353,6.185589390562559,0.9994663059564833,1847.1918729155532
9.959999999999999,2386.95256100928,6.185525838463938,0.9994645725983456,1847.1886693607703
9.99,2386.7669961801093,6.185462783191141,0.99946299931473,1847.185761652235
10.02,2386.5814332350265,6.185400184012805,0.9994615729480267,1847.1831254723393
10.049999999999999,2386.3958721619583,6.185338002807419,0.9994602811835436,1847.1807380613373
10.071299667011719,2386.2641269898127,6.185294088663443,0.9994594393239803,1847.1791821548156
10.08,2386.2103129494535,6.1852762034214,0.9994591123421089,1847.178577834038
10.11,2386.024755586682,6.1852147516690925,0.9994580553800836,1847.176624379828
10.139999999999999,2385.8392000634353,6.1851536153327675,0.9994570998893915,1847.1748584627273
10.17,2385.653646370125,6.185092764162626,0.9994562360975328,1847.1732620214148
10.2,2385.468094497786,6.185032169876795,0.9994554548676158,1847.171818169286
10.23,2385.2825444384716,6.184971807428621,0.9994547481079102,1847.170511951381
10.26,2385.096996186273,6.184911658220352,0.9994541098104237,1847.1693322638594
10.29,2384.9114497356236,6.1848517047451965,0.9994535343195071,1847.168268654073
10.32,2384.7259050812218,6.18479193032921,0.99945301624846,1847.1673111664397
10.35,2384.5403622180447,6.1847323191889565,0.9994525504981762,1847.1664503769025
10.379999999999999,2384.3548211413527,6.184672856431514,0.9994521322571501,1847.1656773929412
10.41,2384.1692818466863,6.184613528054472,0.9994517570014961,1847.164983853609
10.44,2383.983744329867,6.184554320945931,0.9994514204949563,1847.1643619295464
10.469999999999999,2383.7982085870476,6.18449522304195,0.999451118839797,1847.1638044170465
10.490937153137207,2383.6687232945324,6.184454038030488,0.9994509273516101,1847.1634505127474
10.5,2383.6126746152772,6.184436225120429,0.9994508490565778,1847.1633058095726
10.53,2383.427142411998,6.184377319201536,0.999450608567233,1847.1628613424002
10.559999999999999,2383.241611974743,6.184318497599521,0.9994503948886451,1847.1624664262847
10.59,2383.0560833011746,6.184259753031044,0.999450205667662,1847.1621167121823
10.62,2382.8705563890803,6.184201078615173,0.9994500386811006,1847.161808091254
10.65,2382.685031236376,6.184142467873391,0.9994498918357559,1847.1615366948843
10.68,2382.499507841103,6.18408391472959,0.9994497631684037,1847.1612988946843
10.709999999999999,2382.313986201433,6.184025413513461,0.9994496508469035,1847.1610913045324
10.74,2382.128466315853,6.183966959559783,0.9994495533638967,1847.160911138561
10.77,2381.9429481831685,6.18390854921165,0.9994494695378693,1847.1607562131214
10.799999999999999,2381.757431802223,6.1838501789292,0.9994493982250893,1847.1606244143936
10.83,2381.5719171719156,6.183791845353866,0.9994493383403842,1847.160513736785
10.86,2381.386404291204,6.183733545308378,0.9994492888571344,1847.1604222829199
10.889999999999999,2381.2008931591026,6.183675275796763,0.9994492488072848,1847.1603482636597
10.910574639262695,2381.07366668206,6.183635329511162,0.9994492263204785,1847.1603067040337
10.92,2381.0153837746825,6.183617034004346,0.9994492172813443,1847.1602899981024
10.95,2380.8298761370734,6.183558817297745,0.9994491934283845,1847.1602459135813
10.98,2380.644370245498,6.1835006233444565,0.9994491764946999,1847.160214617114
11.01,2380.4588660993727,6.183442450419362,0.9994491659228834,1847.1601950785127
11.04,2380.2733636981447,6.1833842968997805,0.9994491611886206,1847.1601863287513
11.07,2380.0878630412863,6.183326161238773,0.9994491617920586,1847.1601874440123
11.1,2379.902364128294,6.1832680419705355,0.9994491672595525,1847.1601975489154
11.129999999999999,2379.716866958691,6.183209937710399,0.9994491771436667,1847.1602158165203
11.16,2379.531371532026,6.18315184715483,0.9994491910231744,1847.1602414683243
11.19,2379.3458778478725,6.18309376908143,0.9994492085030614,1847.1602737742712
11.219999999999999,2379.160385905836,6.1830357023639735,0.9994492292193871,1847.1603120617333
11.25,2378.974895705605,6.182977646146195,0.999449252895463,1847.1603558193417
11.28,2378.7894072469076,6.182919599691461,0.9994492792932642,1847.1604046071832
11.309999999999999,2378.603920529479,6.182861562288894,0.9994493081830812,1847.160458000714
11.330212125388183,2378.478952151447,6.182822465076797,0.9994493289422094,1847.160496367283
11.34,2378.4184355530665,6.182803533263385,0.9994493393467604,1847.1605155967477
11.37,2378.232952317427,6.1827455119755905,0.9994493725776996,1847.1605770134463
11.4,2378.0474708223314,6.182687497821932,0.9994494076808534,1847.1606418903311
11.43,2377.8619910675593,6.182629490234598,0.9994494444727297,1847.160709888276
11.459999999999999,2377.6765130529034,6.182571488681873,0.9994494827814987,1847.160780689709
11.49,2377.4910367781854,6.182513492728111,0.9994495224663843,1847.160854034451
11.52,2377.30556224326,6.1824555020382705,0.9994495634191257,1847.1609297224163
11.549999999999999,2377.120089447984,6.182397516287342,0.9994496055347021,1847.1610075595079
11.58,2376.93461839222,6.18233953516553,0.9994496487130092,1847.1610873607153
11.61,2376.7491490758343,6.182281558378259,0.9994496928588581,1847.1611689501124
11.639999999999999,2376.5636814986988,6.182223585646168,0.9994497378819736,1847.1612521608545
11.67,2376.3782156606903,6.182165616705114,0.9994497836970017,1847.1613368351923
11.7,2376.19275156169,6.182107651306172,0.9994498302235001,1847.161422824454
11.73,2376.0072892015874,6.1820496892284025,0.9994498773900738,1847.1615099966891
11.749849611513671,2375.884578297502,6.182011340152814,0.9994499089249667,1847.1615682787915
11.76,2375.821828580293,6.181991730314888,0.9994499251460239,1847.1615982581966
11.79,2375.6363696977214,6.181933774419338,0.9994499734440866,1847.1616875216246
11.82,2375.4509125537875,6.181875821400846,0.9994500222387339,1847.1617777028298
11.85,2375.265457148408,6.181817871124412,0.9994500714863486,1847.1618687211994
11.879999999999999,2375.0800034815024,6.181759923460952,0.9994501211452239,1847.161960499652
11.91,2374.8945515529917,6.181701978287286,0.9994501711755599,1847.1620529646298
11.94,2374.7091013627987,6.1816440354861495,0.9994502215394682,1847.162146046109
11.969999999999999,2374.523652910849,6.1815860949479715,0.9994502722015466,1847.1622396786597
12.0,2374.338206197077,6.181528156593939,0.9994503231363354,1847.1623338152276
12.03,2374.152761221422,6.18147022036052,0.9994503743233177,1847.1624284178943
12.059999999999999,2373.967317983826,6.181412286185025,0.9994504257422455,1847.1625234492376
12.09,2373.7818764842277,6.18135435400646,0.9994504773734206,1847.1626188728515
12.12,2373.596436722569,6.181296423765527,0.9994505291976894,1847.1627146533372
12.15,2373.4109986987914,6.181238495404623,0.9994505811964481,1847.1628107563113
12.16948709763916,2373.2905446673312,6.1812008678645,0.9994506150581942,1847.1628733388534
12.18,2373.2255624128375,6.1811805688678385,0.9994506333516394,1847.1629071484006
12.209999999999999,2373.0401278646495,6.181122644101007,0.9994506856457683,1847.1630037972716
12.24,2372.8546950541745,6.181064721061507,0.9994507380650731,1847.1631006774896
12.27,2372.669263981363,6.181006799722927,0.999450790601032,1847.1631977733055
12.299999999999999,2372.4838346461675,6.180948880058965,0.9994508432451591,1847.1632950690353
12.33,2372.298407048539,6.180890962043102,0.9994508959888998,1847.1633925488688
12.36,2372.112981188429,6.1808330456486065,0.9994509488236264,1847.1634901968607
12.389999999999999,2371.9275570657887,6.180775130848536,0.9994510017406468,1847.163587996946
12.42,2371.74213468057,6.180717217615731,0.9994510547311963,1847.1636859329262
12.45,2371.5567140327234,6.1806593059228225,0.99945110778644,1847.1637839884727
12.48,2371.3712951222014,6.180601395745061,0.9994511608983951,1847.1638821488323
12.51,2371.1858779489603,6.180543487071202,0.9994512140634408,1847.1639804073127
12.54,2371.0004625129563,6.180485579892108,0.9994512672786422,1847.1640787584895
12.57,2370.8150488141473,6.180427674197486,0.9994513205406844,1847.1641771962368
12.589124583764647,2370.6968510603674,6.180390760890209,0.9994513545172831,1847.1642399910468
12.6,2370.6296368524886,6.18036976997597,0.9994513738459117,1847.1642757137975
12.629999999999999,2370.444226627937,6.180311867215113,0.9994514271903153,1847.1643743037632
12.66,2370.258818140447,6.180253965901391,0.9994514805695379,1847.1644729580808
12.69,2370.073411389975,6.180196066020204,0.9994515339788755,1847.164571668056
12.719999999999999,2369.888006376475,6.180138167556429,0.9994515874134544,1847.1646704246816
12.75,2369.7026030999054,6.18008027050346,0.9994516408711538,1847.164769224038
12.78,2369.517201560226,6.1800223748602825,0.9994516943516621,1847.1648680655494
12.809999999999999,2369.331801757395,6.1799644806244105,0.9994517478541927,1847.164966947762
12.84,2369.146403691372,6.17990658779189,0.9994518013774835,1847.1650658683432
12.87,2368.9610073621147,6.179848696357297,0.9994518549197959,1847.1651648240795
12.9,2368.775612769581,6.179790806313738,0.9994519084789173,1847.165263810882
12.93,2368.590219913728,6.179732917652854,0.9994519620521612,1847.1653628237855
12.959999999999999,2368.4048287945125,6.179675030364831,0.9994520156363691,1847.165461856952
12.99,2368.2194394118924,6.179617144443549,0.9994520692295775,1847.1655609067534
13.008762069890135,2368.1034973427386,6.179580943149206,0.9994521027518062,1847.165622861807
13.02,2368.0340517658283,6.179559259891256,0.9994521228325317,1847.1656599745668
13.049999999999999,2367.8486658562806,6.179501376709388,0.9994521764457093,1847.1657590612745
13.08,2367.663281683209,6.179443494897732,0.9994522300690603,1847.1658581667846
13.11,2367.4778992465726,6.17938561445443,0.9994522837019989,1847.1659572900146
13.139999999999999,2367.292518546331,6.179327735375978,0.9994523373434073,1847.1660564288982
13.17,2367.107139582442,6.179269857657227,0.9994523909916376,1847.1661555803898
13.2,2366.921762354863,6.179211981291379,0.999452444644507,1847.1662547404549
13.229999999999999,2366.7363868635525,6.179154106271907,0.9994524982999189,1847.1663539052195
13.26,2366.55101310847,6.179096232601089,0.999452551958628,1847.1664530760777
13.29,2366.3656410895783,6.179038360282521,0.9994526056218115,1847.1665522552055
13.32,2366.1802708068362,6.178980489318039,0.9994526592900809,1847.166651443733
13.35,2365.9949022602045,6.178922619707752,0.9994527129634877,1847.166750641755
13.379999999999999,2365.809535449642,6.178864751450045,0.9994527666415249,1847.1668498483352
13.41,2365.6241703751084,6.178806884541576,0.9994528203231275,1847.1669490615047
13.428399556015624,2365.510483398231,6.178771394359523,0.9994528532481376,1847.1670099127916
13.44,2365.4388070365617,6.178749018977276,0.9994528740066726,1847.1670482782645
13.469999999999999,2365.2534454339593,6.178691154750789,0.9994529276901186,1847.1671474948407
13.5,2365.0680855672617,6.178633291862217,0.9994529813735158,1847.167246711327
13.53,2364.88272743643,6.178575430316345,0.9994530350584279,1847.167345930613
13.559999999999999,2364.697371041425,6.178517570116277,0.9994530887458751,1847.1674451545846
13.59,2364.512016382207,6.178459711263353,0.9994531424363066,1847.1675443840713
13.62,2364.3266634587367,6.17840185375715,0.9994531961296015,1847.1676436188504
13.65,2364.1413122709723,6.178343997595484,0.9994532498250687,1847.167742857644
13.68,2363.9559628188726,6.178286142774408,0.9994533035214487,1847.167842098125
13.709999999999999,2363.7706151023963,6.178228289288227,0.9994533572169141,1847.1679413369152
13.74,2363.5852691215023,6.178170437134207,0.9994534109105968,1847.1680405724112
13.77,2363.399924876151,6.178112586317258,0.9994534646041021,1847.1681398075789
13.799999999999999,2363.214582366305,6.17805473684139,0.9994535182987406,1847.1682390448411
13.83,2363.0292415919243,6.17799688870883,0.9994535719952503,1847.1683382855617
13.848037042141112,2362.917809115357,6.17796210904888,0.999453604280449,1847.1683979543634
13.86,2362.843902552969,6.1779390419200295,0.9994536256937934,1847.1684375300401
13.889999999999999,2362.6585652493986,6.177881196473661,0.999453679393957,1847.1685367775137
13.92,2362.473229681172,6.177823352366616,0.9994537330947506,1847.1686360261517
13.95,2362.2878958482484,6.177765509594009,0.9994537867946094,1847.1687352730619
13.979999999999999,2362.102563750585,6.177707668151,0.9994538404919838,1847.1688345153805
14.01,2361.917233388143,6.177649828041127,0.9994538941880344,1847.1689337552525
14.04,2361.7319047608844,6.177591989269163,0.9994539478843217,1847.1690329955622
14.07,2361.54657786877,6.1775341518380715,0.9994540015818195,1847.169132238109
14.1,2361.36125271176,6.177476315749027,0.9994540552809235,1847.169231483624
14.129999999999999,2361.1759292898137,6.177418481001419,0.9994541089814535,1847.1693307317746
14.16,2360.9906076028906,6.17736064759285,0.9994541626826493,1847.1694299811559
14.19,2360.80528765095,6.177302815519135,0.9994542163831724,1847.169529229294
14.219999999999999,2360.619969433949,6.177244984774734,0.999454270081246,1847.1696284729046
14.25,2360.4346529518484,6.177187155360369,0.9994543237771207,1847.1697277124517
14.2676745282666,2360.3254743839443,6.177153085731251,0.9994543554117915,1847.1697861789617
14.28,2360.2493382046096,6.177129327281365,0.9994543774725348,1847.1698269511473
14.309999999999999,2360.064025192194,6.177071500541345,0.999454431168676,1847.1699261911867
14.34,2359.8787139145616,6.177013675142137,0.9994544848661517,1847.1700254336927
14.37,2359.693404371673,6.176955851083786,0.9994545385649946,1847.1701246787252
14.399999999999999,2359.508096563487,6.176898028364541,0.9994545922646506,1847.1702239252606
14.43,2359.322790489963,6.1768402069808666,0.9994546459639935,1847.1703231712174
14.459999999999999,2359.137486151059,6.1767823869274485,0.9994546996613207,1847.170422413449
14.49,2358.952183546734,6.17672456820187,0.9994547533558633,1847.1705216505338
14.52,2358.7668826769495,6.176666750809285,0.9994548070493082,1847.17062088559
14.549999999999999,2358.5815835416674,6.1766089347539435,0.999454860743043,1847.170720121182
14.58,2358.396286140848,6.176551120038299,0.9994549144378807,1847.1708193588122
14.61,2358.2109904744516,6.176493306663017,0.9994549681340511,1847.1709185989057
14.639999999999999,2358.025696542438,6.176435494626972,0.9994550218312067,1847.17101784082
14.67,2357.840404344766,6.176377683927245,0.9994550755284178,1847.1711170828369
14.687312014392088,2357.7334790941773,6.17634432387803,0.9994551065147742,1847.1711743511464
14.7,2357.6551138813934,6.176319874559128,0.9994551292241775,1847.171216322171
14.729999999999999,2357.46982515228,6.176262066517938,0.9994551829169861,1847.1713155560512
14.76,2357.284538157386,6.176204259807328,0.9994552366080405,1847.1714147866894
14.79,2357.0992528966735,6.176146454432184,0.9994552902989395,1847.1715140170406
14.82,2356.913969370103,6.17608865039557,0.9994553439906904,1847.1716132489657
14.85,2356.7286875776354,6.176030847698762,0.9994553976837217,1847.1717124832576
14.879999999999999,2356.5434075192297,6.17597304634124,0.9994554513778809,1847.1718117196342
14.91,2356.3581291948462,6.175915246320696,0.9994555050724363,1847.1719109567425
14.94,2356.1728526044426,6.175857447633028,0.999455558766078,1847.1720101921626
14.969999999999999,2355.9875777479774,6.1757996502727694,0.9994556124570508,1847.17210942265
15.0,2355.802304625411,6.1757418542407025,0.9994556661456254,1847.172208648705
15.03,2355.617033236705,6.175684059542201,0.9994557198335563,1847.1723078735702
15.059999999999999,2355.431763581821,6.1756262661809345,0.9994557735220472,1847.1724070994705
15.09,2355.246495660719,6.175568474158779,0.9994558272117205,1847.1725063275562
15.106949500517576,2355.1418231363796,6.175535823220585,0.9994558575460548,1847.1725623908128
15.12,2355.061229473359,6.175510683475821,0.9994558809026203,1847.1726055579086
15.149999999999999,2354.8759650197007,6.17545289413035,0.9994559345942089,1847.172704789534
15.18,2354.690702299703,6.175395106118869,0.9994559882853714,1847.172804020372
15.209999999999999,2354.5054413133244,6.1753373194361005,0.9994560419744146,1847.172903247293
15.24,2354.3201820605236,6.175279534079656,0.9994560956605811,1847.1730024688975
15.27,2354.1349245412625,6.175221750054713,0.9994561493455637,1847.1731016883139
15.299999999999999,2353.9496687555024,6.175163967365543,0.9994562030307599,1847.173200908125
15.33,2353.7644147032042,6.175106186014621,0.9994562567169868,1847.173300129841
15.36,2353.5791623843284,6.175048406002632,0.9994563104044816,1847.1733993539003
15.389999999999999,2353.393911798834,6.174990627328468,0.9994563640929033,1847.173498579673
15.42,2353.2086629466803,6.174932849989228,0.9994564177813273,1847.1735978054496
15.45,2353.023415827826,6.174875073980222,0.999456471468252,1847.173697028455
15.479999999999999,2352.8381704422295,6.174817299296781,0.9994565251521816,1847.1737962459256
15.51,2352.6529267898522,6.174759525942569,0.999456578834318,1847.1738954600817
15.526586986643064,2352.5505064009835,6.174727583653248,0.9994566085149869,1847.1739503152478
15.54,2352.467684870655,6.174701753922482,0.9994566325162625,1847.173994673883
15.57,2352.2824446846,6.174643983239595,0.9994566861990255,1847.1740938891971
15.6,2352.0972062316464,6.174586213895192,0.9994567398830388,1847.1741931068223
15.629999999999999,2351.9119695117547,6.174528445888762,0.9994567935681541,1847.1742923264835
15.66,2351.7267345248843,6.174470679218004,0.9994568472536396,1847.1743915468294
15.69,2351.541501270993,6.1744129138788235,0.9994569009381893,1847.1744907654456
15.719999999999999,2351.3562697500406,6.174355149865763,0.9994569546200497,1847.1745899790917
15.75,2351.1710399619865,6.1742973871796085,0.999457008299493,1847.1746891882706
15.78,2350.9858119067926,6.17423962582574,0.9994570619782756,1847.174788396228
15.809999999999999,2350.8005855844194,6.17418186580783,0.9994571156576023,1847.1748876051915
15.84,2350.6153609948287,6.174124107127761,0.9994571693380986,1847.1749868163163
15.87,2350.4301381379796,6.17406634978562,0.9994572230198083,1847.1750860296838
15.899999999999999,2350.244917013832,6.174008593779703,0.9994572767021959,1847.1751852443042
15.93,2350.0596976223446,6.173950839106516,0.9994573303841471,1847.1752844581179
15.946224472768552,2349.959528778461,6.173919605022589,0.9994573594154345,1847.1753381131114
15.959999999999999,2349.874479963476,6.173893085760785,0.9994573840639687,1847.175383667996
15.99,2349.6892640371857,6.173835333740123,0.9994574377409058,1847.1754828725427
16.02,2349.5040498434346,6.173777583049713,0.9994574914166494,1847.1755820748838
16.05,2349.318837382185,6.173719833693824,0.9994575450925999,1847.1756812776073
16.08,2349.1336266533967,6.173662085674937,0.9994575987695752,1847.1757804822246
16.11,2348.948417657031,6.173604338993736,0.9994576524478137,1847.1758796891768
16.14,2348.763210393047,6.1735465936491165,0.9994577061269729,1847.1759788978304
16.169999999999998,2348.5780048614033,6.173488849638179,0.9994577598061303,1847.1760781064809
16.2,2348.39280106206,6.173431106956233,0.9994578134837822,1847.1761773123485
16.23,2348.207598994974,6.173373365598615,0.9994578671584363,1847.1762765126762
16.259999999999998,2348.0223986601077,6.173315625568987,0.9994579208312928,1847.1763757096815
16.29,2347.837200057422,6.173257886872248,0.9994579745039542,1847.1764749063261
16.32,2347.652003186878,6.173200149511471,0.9994580281774309,1847.1765741044774
16.349999999999998,2347.4668080484366,6.173142413487943,0.9994580818521566,1847.1766733049371
16.36586195889404,2347.3688901593323,6.173111887147219,0.9994581102321757,1847.1767257562708
16.38,2347.281614642058,6.173084678801154,0.9994581355279801,1847.176772507426
16.41,2347.0964229676997,6.173026945448803,0.9994581892041745,1847.1768717106
16.439999999999998,2346.9112330253224,6.172969213426796,0.9994582428794289,1847.176970912037
16.47,2346.7260448148836,6.172911482729678,0.9994582965519931,1847.177070108502
16.5,2346.5408583363437,6.1728537533582335,0.9994583502221374,1847.1771693004944
16.53,2346.3556735896645,6.172796025317844,0.9994584038916194,1847.177268491263
16.56,2346.170490574807,6.172738298612183,0.9994584575616442,1847.1773676830348
16.59,2345.9853092917324,6.172680573243132,0.9994585112328382,1847.1774668769674
16.62,2345.8001297404003,6.1726228492107795,0.9994585649052452,1847.1775660731416
16.65,2345.61495192077,6.172565126513422,0.9994586185783291,1847.177665270567
16.68,2345.429775832801,6.172507405147565,0.9994586722509744,1847.177764467182
16.71,2345.2446014764514,6.172449685107934,0.9994587259214902,1847.177863659861
16.74,2345.059428851681,6.172391966392145,0.9994587795891186,1847.1779628472038
16.77,2344.874257958451,6.172334249005381,0.9994588332555558,1847.178062032345
16.78549944501953,2344.778590434205,6.172304429945455,0.9994588609822368,1847.1781132761932
16.8,2344.689088796723,6.17227653295191,0.999458886922198,1847.178161217865
16.83,2344.5039213664577,6.172218818234213,0.999458940589865,1847.178260405279
16.86,2344.3187556676157,6.172161104852974,0.9994589942587938,1847.178359595025
16.89,2344.133591700156,6.17210339280709,0.9994590479286443,1847.1784587864745
16.919999999999998,2343.948429464039,6.1720456820936604,0.9994591015984923,1847.1785579779196
16.95,2343.763268959222,6.171987972707997,0.9994591552668353,1847.178657166583
16.98,2343.578110185664,6.171930264645434,0.9994592089321781,1847.1787563497014
17.009999999999998,2343.392953143327,6.171872557909636,0.999459262595724,1847.178855529499
17.04,2343.2077978321718,6.171814852505499,0.9994593162590735,1847.1789547089336
17.07,2343.02264425216,6.1717571484361,0.99945936992324,1847.179053889878
17.099999999999998,2342.8374924032514,6.171699445702723,0.9994594235886538,1847.179153073128
17.13,2342.652342285406,6.171641744304858,0.9994594772551672,1847.1792522584096
17.16,2342.4671938985844,6.1715840442402055,0.999459530922049,1847.1793514443727
17.189999999999998,2342.282047242744,6.171526345504673,0.9994595845879933,1847.179450628603
17.205136931145017,2342.188629493728,6.171497233281149,0.9994596116649836,1847.179500671707
17.22,2342.096902317843,6.1714686480928025,0.9994596382512464,1847.1795498078593
17.25,2341.9117591238432,6.171410952005382,0.9994596919120775,1847.1796489826395
17.28,2341.7266176607054,6.171353257247791,0.9994597455722479,1847.1797481561985
17.31,2341.541477928391,6.171295563823703,0.9994597992329604,1847.1798473307592
17.34,2341.3563399268605,6.171237871735,0.9994598528948428,1847.1799465074826
17.37,2341.1712036560743,6.171180180981771,0.9994599065579386,1847.180045686448
17.4,2340.986069115992,6.171122491562311,0.999459960221711,1847.180144866664
17.43,2340.8009363065726,6.171064803473127,0.9994600138850455,1847.1802440460708
17.46,2340.6158052277747,6.171007116708945,0.9994600675462502,1847.1803432215415
17.49,2340.430675879557,6.170949431267381,0.999460121204567,1847.1804423916747
17.52,2340.2455482618816,6.170891747153616,0.9994601748616908,1847.1805415596032
17.55,2340.06042237471,6.170834064371921,0.999460228519021,1847.180640727913
17.58,2339.875298218003,6.1707763829247755,0.9994602821773764,1847.1807398981175
17.61,2339.6901757917212,6.170718702812864,0.9994603358369942,1847.180839070655
17.624774417270505,2339.599007228588,6.170690296968587,0.999460362263696,1847.18088791191
17.64,2339.505055095824,6.170661024035082,0.9994603894975331,1847.1809382448953
17.669999999999998,2339.3199361302704,6.170603346588532,0.9994604431580704,1847.1810374191323
17.7,2339.13481889502,6.170545670468522,0.9994604968171017,1847.181136590586
17.73,2338.9497033900307,6.170487995670391,0.999460550473134,1847.181235756497
17.759999999999998,2338.764589615264,6.1704303221978005,0.9994606041273673,1847.1813349190832
17.79,2338.579477570681,6.170372650055647,0.9994606577814058,1847.1814340813094
17.82,2338.3943672562436,6.170314979247008,0.9994607114362614,1847.1815332450456
17.849999999999998,2338.209258671912,6.1702573097731666,0.9994607650923639,1847.1816324110866
17.88,2338.024151817646,6.170199641633614,0.9994608187495664,1847.1817315791602
17.91,2337.8390466934047,6.17014197482605,0.9994608724071395,1847.181830747919
17.939999999999998,2337.653943299148,6.170084309346382,0.9994609260637728,1847.1819299149408
17.97,2337.4688416348336,6.170026645189155,0.9994609797177149,1847.1820290769888
18.0,2337.283741700422,6.169968982355153,0.9994610333692352,1847.1821282345609
18.029999999999998,2337.098643495875,6.169911320849757,0.999461087020094,1847.1822273909102
18.044411903395993,2337.0097235295607,6.169883620921829,0.9994611127939348,1847.182275025562
18.06,2336.9135470211536,6.169853660676642,0.9994611406714963,1847.1823265482644
18.09,2336.728452276219,6.169796001837689,0.9994611943240683,1847.18242570778
18.12,2336.543359261031,6.169738344332986,0.9994612479778535,1847.1825248695382
18.15,2336.3582679755496,6.16968068816083,0.9994613016323178,1847.1826240325513
18.18,2336.173178419733,6.169623033317726,0.9994613552863427,1847.1827231947525
18.21,2335.9880905935406,6.169565379798402,0.9994614089382368,1847.1828223530151
18.24,2335.803004496932,6.169507727600473,0.9994614625872428,1847.1829215059406
18.27,2335.617920129868,6.16945007672912,0.9994615162350564,1847.183020656662
18.3,2335.4328374923102,6.1693924271886145,0.9994615698830763,1847.1831198077646
18.33,2335.24775658422,6.169334778981435,0.9994616235321222,1847.1832189607635
18.36,2335.062677405558,6.1692771321082684,0.9994616771824311,1847.1833181160966
18.39,2334.877599956283,6.169219486568008,0.9994617308336615,1847.183417273133
18.419999999999998,2334.6925242363554,6.169161842357757,0.9994617844848894,1847.1835164301647
18.45,2334.5074502457333,6.169104199472825,0.9994618381346121,1847.1836155844146
18.46404938952148,2334.4207782874646,6.169077205015371,0.9994618632584212,1847.1836620176916
18.48,2334.322377984375,6.169046557908547,0.9994618917813348,1847.1837147331198
18.509999999999998,2334.1373074522426,6.168988917668589,0.9994619454262584,1847.1838138785001
18.54,2333.952238649297,6.168931278757846,0.9994619990709879,1847.1839130235214
18.57,2333.7671715755005,6.168873641179395,0.999462052716533,1847.1840121700502
18.599999999999998,2333.5821062308123,6.16881600493452,0.9994621063633273,1847.1841113188877
18.63,2333.397042615193,6.168758370022712,0.9994621600112231,1847.1842104697612
18.66,2333.211980728602,6.1687007364416715,0.9994622136594874,1847.1843096213156
18.689999999999998,2333.0269205709983,6.168643104187304,0.999462267306813,1847.184408771135
18.72,2332.8418621423402,6.168585473254154,0.9994623209514463,1847.1845079159789
18.75,2332.656805442588,6.16852784364301,0.9994623745936587,1847.1846070563483
18.779999999999998,2332.471750471704,6.1684702153592506,0.9994624282352079,1847.184706195492
18.81,2332.2866972296492,6.16841258840655,0.9994624818773031,1847.1848053356448
18.84,2332.101645716384,6.168354962786789,0.9994625355205666,1847.1849044779567
18.87,2331.91659593187,6.168297338500056,0.9994625891650443,1847.1850036225128
18.88368687564697,2331.8321713931555,6.168271049060916,0.9994626136395001,1847.1850488556693
18.9,2331.7315478760647,6.16823971554465,0.9994626428102009,1847.1851027683238
18.93,2331.546501548929,6.168182093917073,0.9994626964549188,1847.1852019133237
18.96,2331.3614569504207,6.168124473612055,0.999462750097505,1847.185301054384
18.99,2331.176414080499,6.168066854627212,0.9994628037372038,1847.1854001901077
19.02,2330.991372939126,6.168009236967724,0.9994628573757098,1847.1854993236273
19.05,2330.806333526263,6.167951620637862,0.9994629110144224,1847.1855984575282
19.08,2330.6212958418714,6.167894005640106,0.9994629646541606,1847.185697593325
19.11,2330.436259885911,6.167836391975141,0.9994630182951634,1847.1857967314588
19.14,2330.2512256583427,6.167778779641861,0.9994630719370858,1847.1858958712924
19.169999999999998,2330.0661931591244,6.167721168637369,0.9994631255790087,1847.1859950111268
19.2,2329.8811623882157,6.167663558956975,0.9994631792194253,1847.186094148177
19.23,2329.696133345575,6.167605950596016,0.9994632328568408,1847.186193279681
19.259999999999998,2329.5111060311638,6.167548343558155,0.9994632864924575,1847.1862924078605
19.29,2329.3260804449437,6.16749073784829,0.9994633401278794,1847.1863915356796
19.303324361772457,2329.2439027375754,6.16746515296444,0.9994633639500277,1847.1864355632556
19.32,2329.141056586876,6.167433133469496,0.9994633937641184,1847.1864906650092
19.349999999999998,2328.9560344569213,6.167375530423056,0.9994634474016064,1847.1865897966472
19.38,2328.7710140550394,6.167317928708464,0.999463501040195,1847.186688930319
19.41,2328.58599538119,6.167260328323418,0.999463554679155,1847.1867880646776
19.439999999999998,2328.400978435332,6.167202729263825,0.9994636083171752,1847.186887197299
19.47,2328.2159632174235,6.167145131524229,0.9994636619525019,1847.1869863249424
19.5,2328.030949727425,6.167087535105419,0.9994637155854078,1847.1870854481117
19.529999999999998,2327.8459379652995,6.167029940012774,0.9994637692176523,1847.1871845700587
19.56,2327.6609279310073,6.166972346249968,0.9994638228504401,1847.18728369301
19.59,2327.475919624509,6.166914753818881,0.9994638764843988,1847.187382818125
19.62,2327.2909130457656,6.166857162719603,0.9994639301195718,1847.1874819454843
19.65,2327.1059081947365,6.166799572950431,0.9994639837554237,1847.1875810740983
19.68,2326.9209050713807,6.166741984507869,0.9994640373908366,1847.187680201901
19.71,2326.735903675657,6.166684397386646,0.9994640910241184,1847.187779325765
19.722961847897945,2326.6559722117136,6.1666595166108635,0.9994641141960116,1847.1878221515537
19.74,2326.5509040075244,6.166626811584377,0.9994641446545117,1847.1878784442908
19.77,2326.3659060669447,6.166569227106246,0.9994641982837119,1847.1879775606112
19.8,2326.18090985388,6.166511643956521,0.9994642519131202,1847.1880766773163
19.83,2325.995915368291,6.166454062137681,0.9994643055435526,1847.1881757959143
19.86,2325.8109226101387,6.1663964816504135,0.9994643591752518,1847.1882749168533
19.89,2325.625931579382,6.166338902493612,0.9994644128078712,1847.1883740394935
19.919999999999998,2325.4409422759804,6.166281324664379,0.9994644664404894,1847.1884731621308
19.95,2325.2559546998937,6.166223748158024,0.9994645200716022,1847.1885722819864
19.98,2325.070968851079,6.166166172969884,0.9994645736997129,1847.188671396293
20.009999999999998,2324.8859847294993,6.166108599103625,0.9994646273260251,1847.1887705072763
20.04,2324.7010023351154,6.1660510265641415,0.9994646809521434,1847.1888696179008
20.07,2324.5160216678883,6.16599345535451,0.9994647345790779,1847.188968730034
20.099999999999998,2324.3310427277797,6.165935885476015,0.9994647882072629,1847.1890678444784
20.13,2324.1460655147484,6.165878316928148,0.9994648418365489,1847.1891669609574
20.142599334023437,2324.068379706595,6.1658541398122955,0.9994648643598313,1847.1892085879977
20.16,2323.961090028755,6.165820749708608,0.9994648954662053,1847.1892660781211
20.189999999999998,2323.776116269758,6.1657631838133025,0.9994649490949222,1847.1893651935484
20.22,2323.5911442377155,6.165705619236776,0.9994650027209462,1847.1894643039986
20.25,2323.4061739325884,6.1656480559798155,0.999465056344548,1847.1895634099724
20.279999999999998,2323.221205354339,6.165590494047803,0.9994651099674878,1847.1896625147228
20.31,2323.0362385029284,6.16553293344441,0.9994651635909733,1847.1897616204815
20.34,2322.8512733783173,6.1654753741715185,0.9994652172156294,1847.1898607284038
20.37,2322.666309980466,6.165417816229216,0.9994652708414993,1847.1899598385692
20.4,2322.481348309334,6.165360259615802,0.9994653244680494,1847.190058949992
20.43,2322.296388364881,6.16530270432778,0.9994653780941601,1847.1901580606027
20.46,2322.1114301470648,6.165245150359878,0.9994654317181398,1847.190257167275
20.49,2321.9264736558457,6.165187597709713,0.99946548533923,1847.1903562686064
20.52,2321.7415188911855,6.165130046382466,0.9994655389591276,1847.1904553677343
20.55,2321.556565853045,6.165072496382409,0.9994655925792318,1847.1905544672438
20.562236820148925,2321.4811251133247,6.165049022464116,0.9994656144508193,1847.190594889836
20.58,2321.371614541386,6.165014947712018,0.9994656462003634,1847.1906535686521
20.61,2321.186664956169,6.164957400371982,0.9994656998227592,1847.1907526723971
20.64,2321.0017170973533,6.164899854361194,0.9994657534460785,1847.1908517778484
20.669999999999998,2320.816770964899,6.164842309676756,0.9994658070693949,1847.1909508832948
20.7,2320.6318265587643,6.1647847663139785,0.9994658606912059,1847.1910499859587
20.73,2320.4468838789085,6.1647272242682,0.9994659143100144,1847.1911490830737
20.759999999999998,2320.2619429252923,6.164669683543083,0.9994659679270261,1847.1912481768677
20.79,2320.0770036978784,6.1646121441435255,0.9994660215438406,1847.1913472702972
20.82,2319.8920661966267,6.164554606072603,0.9994660751614751,1847.1914463652422
20.849999999999998,2319.7071304214996,6.164497069331598,0.9994661287803593,1847.191545462497
20.88,2319.5221963724557,6.164439533920004,0.9994661824003439,1847.1916445617853
20.91,2319.3372640494554,6.164381999835519,0.9994662360207001,1847.1917436617605
20.939999999999998,2319.1523334524577,6.164324467074052,0.999466289640116,1847.191842759998
20.97,2318.9674045814204,6.164266935630146,0.9994663432568383,1847.1919418532573
20.981874306274413,2318.894208323065,6.164244164461146,0.9994663644781066,1847.1919810739435
21.0,2318.782477436305,6.164209405504591,0.9994663968711397,1847.1920409420422
21.029999999999998,2318.5975520170723,6.164151876702766,0.9994664504847786,1847.1921400296026
21.06,2318.412628323685,6.1640943492283435,0.9994665040989629,1847.1922391181713
21.09,2318.2277063561037,6.164036823083205,0.9994665577143182,1847.1923382089042
21.119999999999997,2318.042786114288,6.16397929826744,0.9994666113308887,1847.1924373018826
21.15,2317.857867598198,6.163921774779346,0.9994666649481382,1847.192536396116
21.18,2317.672950807793,6.163864252615426,0.9994667185649496,1847.19263548954
21.21,2317.4880357430316,6.163806731770411,0.9994667721796293,1847.192734579024
21.24,2317.3031224038737,6.163749212241916,0.9994668257914199,1847.1928336631684
21.27,2317.11821079028,6.163691694035122,0.999466879402017,1847.192932745107
21.3,2316.9333009022134,6.163634177154302,0.9994669330128215,1847.1930318274292
21.33,2316.7483927396347,6.163576661601932,0.9994669866246524,1847.1931309116483
21.36,2316.5634863025043,6.1635191473787,0.9994670402377497,1847.1932299982077
21.39,2316.378581590782,6.163461634483499,0.9994670938517695,1847.1933290864722
21.4015117923999,2316.307629227008,6.163439565618525,0.9994671144249535,1847.1933671093832
21.419999999999998,2316.193678604427,6.163404122913433,0.9994671474657884,1847.193428174735
21.45,2316.0087773433984,6.163346612663812,0.9994672010783002,1847.1935272602125
21.48,2315.823877807655,6.163289103729972,0.9994672546878086,1847.193626340139
21.509999999999998,2315.6389799971585,6.163231596115579,0.9994673082955202,1847.1937254167447
21.54,2315.4540839118704,6.163174089825529,0.9994673619030365,1847.1938244929897
21.57,2315.2691895517523,6.163116584862897,0.9994674155113713,1847.1939235707473
21.599999999999998,2315.0842969167643,6.163059081228968,0.9994674691209563,1847.1940226508152
21.63,2314.899406006867,6.163001578923233,0.999467522731643,1847.1941217329197
21.66,2314.7145168220204,6.162944077943392,0.9994675763427011,1847.1942208157104
21.689999999999998,2314.5296293621827,6.162886578285352,0.9994676299528195,1847.1943198967642
21.72,2314.3447436273123,6.162829079943658,0.9994676835602431,1847.1944189728379
21.75,2314.159859617371,6.162771582919101,0.999467737165246,1847.1945180444375
21.779999999999998,2313.9749773323197,6.162714087217058,0.9994677907695861,1847.1946171148122
21.81,2313.7900967721207,6.162656592841202,0.9994678443744719,1847.1947161861954
21.82114927852539,2313.721387716424,6.162635225819321,0.9994678642966162,1847.1947530058687
21.84,2313.605217936734,6.162599099793415,0.9994678979805298,1847.1948152597447
21.869999999999997,2313.4203408261205,6.162541608073785,0.9994679515878021,1847.1949143355387
21.9,2313.23546544024,6.16248411768061,0.9994680051957556,1847.1950134125916
21.93,2313.050591779052,6.162426628610395,0.9994680588032697,1847.1951124888324
21.96,2312.865719842514,6.162369140857869,0.9994681124086511,1847.1952115611316
21.99,2312.6808496305866,6.162311654420648,0.9994681660111446,1847.1953106280935
22.02,2312.495981143232,6.162254169303916,0.9994682196124438,1847.1954096928478
22.05,2312.311114380411,6.16219668551194,0.9994682732139502,1847.1955087579852
22.08,2312.126249342085,6.162139203047201,0.999468326816485,1847.1956078250234
22.11,2311.9413860282148,6.162081721910384,0.9994683804202851,1847.1957068944
22.14,2311.75652443876,6.162024242100383,0.9994684340250078,1847.195805965482
22.169999999999998,2311.5716645736807,6.161966763614302,0.99946848762973,1847.1959050365626
22.2,2311.386806432935,6.16190928644745,0.9994685412329457,1847.1960041048592
22.23,2311.201950016482,6.1618518105951665,0.999468594833158,1847.196103167605
22.240786764650878,2311.1354836826445,6.161831144967351,0.9994686141050511,1847.1961387854983
22.259999999999998,2311.017095324283,6.161794336061115,0.9994686484315718,1847.1962022270268
22.29,2310.8322423563004,6.161736862850193,0.999468702029791,1847.1963012860888
22.32,2310.6473911124954,6.161679390965475,0.9994687556288291,1847.1964003466646
22.349999999999998,2310.462541592828,6.161621920408245,0.9994688092291184,1847.1964994095526
22.38,2310.2776937972594,6.161564451177995,0.9994688628305098,1847.1965984744775
22.41,2310.092847725749,6.161506983272424,0.999468916432272,1847.1966975400878
22.439999999999998,2309.908003378255,6.161449516687441,0.9994689700330954,1847.196796603963
22.47,2309.723160754737,6.1613920514175895,0.9994690236312234,1847.1968956628566
22.5,2309.5383198551554,6.161334587463659,0.9994690772269295,1847.196994717274
22.529999999999998,2309.353480679472,6.16127712483103,0.999469130821974,1847.1970937704687
22.56,2309.168643227648,6.161219663523375,0.9994691844175643,1847.1971928246721
22.59,2308.983807499645,6.161162203542574,0.9994692380143262,1847.197291881041
22.619999999999997,2308.798973495423,6.161104744888717,0.9994692916123048,1847.1973909396584
22.65,2308.6141412149423,6.161047287560101,0.9994693452109624,1847.197489999531
22.660424250776366,2308.549917017031,6.161027322883014,0.9994693638351291,1847.1975244203104
22.68,2308.4293106581613,6.1609898315532305,0.999469398809182,1847.1975890585936
22.71,2308.2444818250397,6.160932376862836,0.9994694524052693,1847.1976881137157
22.74,2308.059654715536,6.160874923486533,0.9994695059984664,1847.1977871634963
22.77,2307.8748293296135,6.160817471429505,0.9994695595904693,1847.1978862110695
22.8,2307.6900056672325,6.160760020696021,0.9994696131826818,1847.19798525903
22.83,2307.5051837283554,6.160702571288558,0.9994696667759212,1847.1980843088886
22.86,2307.320363512942,6.160645123207805,0.9994697203704274,1847.1981833610885
22.89,2307.1355450209526,6.160587676452656,0.9994697739658567,1847.1982824149945
22.919999999999998,2306.950728252347,6.160530231020212,0.9994698275612841,1847.198381468897
22.95,2306.765913207083,6.160472786905785,0.9994698811552057,1847.1984805200163
22.98,2306.5810998851207,6.160415344104714,0.9994699347461247,1847.1985795655864
23.009999999999998,2306.3962882864207,6.160357902620661,0.9994699883352436,1847.1986786078294
23.04,2306.211478410946,6.160300462458525,0.9994700419241688,1847.1987776497147
23.07,2306.0266702586564,6.160243023621381,0.999470095513913,1847.1988766931136
23.080061736901854,2305.964687611017,6.16022375943613,0.9994701134877193,1847.1989099119112
23.099999999999998,2305.8418638295143,6.160185586110511,0.999470149104909,1847.1989757388258
23.13,2305.6570591234786,6.1601281499254075,0.9994702026970069,1847.1990747865748
23.16,2305.4722561405097,6.160070715063771,0.999470256289476,1847.1991738350096
23.189999999999998,2305.2874548805667,6.160013281521509,0.9994703098810052,1847.1992728817074
23.22,2305.102655343608,6.1599558492931665,0.9994703634698408,1847.199371923427
23.25,2304.917857529594,6.159898418379534,0.999470417056253,1847.1994709606677
23.279999999999998,2304.7330614384878,6.15984098878599,0.9994704706420038,1847.199569996686
23.31,2304.54826707025,6.159783560516207,0.9994705242283002,1847.1996690337128
23.34,2304.3634744248416,6.159726133572066,0.9994705778157701,1847.1997680729085
23.369999999999997,2304.178683502223,6.1596687079536565,0.9994706314044552,1847.19986711435
23.4,2303.993894302355,6.159611283659276,0.9994706849938216,1847.1999661570503
23.43,2303.8091068251956,6.1595538606854285,0.9994707385827488,1847.2000651989392
23.46,2303.624321070705,6.159496439026845,0.9994707921695429,1847.2001642368857
23.49,2303.439537038841,6.159439018681141,0.9994708457534471,1847.2002632694912
23.499699223027342,2303.379795356104,6.159420454538213,0.9994708630771872,1847.2002952868506
23.52,2303.2547547295667,6.159381599653501,0.9994708993361587,1847.2003622998925
23.55,2303.069974142844,6.159324181948192,0.999470952919078,1847.2004613306776
23.58,2302.885195278634,6.159266765567695,0.9994710065030261,1847.2005603633643
23.61,2302.7004181368966,6.159209350512694,0.9994710600882403,1847.2006593983908
23.64,2302.5156427175925,6.159151936782084,0.9994711136743778,1847.2007584351238
23.669999999999998,2302.3308690206813,6.159094524372969,0.9994711672605142,1847.2008574718548
23.7,2302.1460970461217,6.159037113280658,0.9994712208451442,1847.2009565058017
23.73,2301.9613267938726,6.158979703500492,0.9994712744267709,1847.2010555341978
23.759999999999998,2301.776558263896,6.158922295036134,0.9994713280065982,1847.2011545592686
23.79,2301.591791456153,6.158864887892481,0.9994713815862313,1847.2012535839804
23.82,2301.4070263706053,6.158807482072607,0.9994714351666841,1847.201352610207
23.849999999999998,2301.222263007214,6.158750077577797,0.9994714887483888,1847.2014516387474
23.88,2301.0375013659395,6.158692674407543,0.9994715423311955,1847.2015506693244
23.91,2300.8527414467408,6.158635272559544,0.9994715959143743,1847.2016497005893
23.91933670915283,2300.7952401438215,6.158617408016758,0.9994716125906125,1847.2016805212497
23.939999999999998,2300.667983249578,6.158577872029708,0.9994716494966136,1847.2017487301177
23.97,2300.4832267744086,6.158520472812581,0.9994717030761575,1847.2018477546646
24.0,2300.2984720211944,6.158463074908952,0.9994717566532791,1847.2019467747348
24.029999999999998,2300.113718989897,6.158405678324202,0.9994718102297393,1847.2020457935823
24.06,2299.9289676804774,6.1583482830620015,0.9994718638067448,1847.2021448134376
24.09,2299.744218092898,6.158290889124234,0.9994719173849232,1847.2022438354609
24.119999999999997,2299.559470227118,6.158233496510985,0.9994719709643188,1847.2023428597338
24.15,2299.3747240830976,6.158176105220555,0.9994720245443961,1847.2024418852664
24.18,2299.189979660797,6.158118715249448,0.9994720781240337,1847.2025409099865
24.21,2299.005236960173,6.158061326592393,0.9994721317015387,1847.202639930765
24.24,2298.8204959811874,6.158003939247008,0.9994721852761523,1847.2027389461998
24.27,2298.6357567238015,6.157946553218476,0.9994722388495726,1847.2028379594292
24.3,2298.4510191879767,6.1578891685110655,0.9994722924232025,1847.2029369730458
24.33,2298.266283373675,6.1578317851272555,0.9994723459978597,1847.2030359885614
24.33897419527832,2298.2110218657667,6.157814619728195,0.999472362024425,1847.2030656085103
24.36,2298.081549280856,6.157774403067732,0.9994723995737852,1847.2031350064206
24.39,2297.8968169094805,6.15771702233139,0.9994724531506336,1847.2032340259857
24.419999999999998,2297.712086259508,6.157659642915331,0.9994725067274812,1847.2033330455495
24.45,2297.527357330897,6.157602264814868,0.9994725603028228,1847.2034320623295
24.48,2297.342630123607,6.157544888025338,0.999472613875159,1847.2035310735553
24.509999999999998,2297.157904637599,6.157487512550408,0.9994726674456975,1847.2036300814586
24.54,2296.973180872836,6.1574301383949726,0.9994727210160418,1847.2037290890028
24.57,2296.7884588292786,6.157372765562107,0.9994727745872054,1847.2038280980614
24.599999999999998,2296.603738506888,6.157315394053095,0.9994728281596212,1847.2039271094345
24.63,2296.4190199056243,6.157258023867429,0.9994728817331411,1847.2040261228478
24.66,2296.2343030254474,6.157200655002808,0.9994729353070316,1847.2041251369462
24.689999999999998,2296.049587866316,6.157143287455141,0.9994729888799829,1847.2042241493089
24.72,2295.864874428189,6.157085921218973,0.9994730424502379,1847.2043231566881
24.75,2295.680162711028,6.157028556295094,0.9994730960180707,1847.2044221595906
24.758611681403806,2295.6271404136096,6.157012089590037,0.9994731113948547,1847.2044505786282
24.779999999999998,2295.4954527147943,6.156971192688884,0.9994731495852422,1847.2045211612713
24.81,2295.3107444394495,6.156913830404016,0.9994732031529598,1847.2046201639612
24.84,2295.1260378849547,6.15685646944237,0.9994732567218502,1847.2047191688182
24.869999999999997,2294.9413330512707,6.156799109804034,0.9994733102919596,1847.2048181759285
24.9,2294.756629938357,6.156741751487306,0.9994733638627477,1847.2049171842928
24.93,2294.5719285461732,6.1566843944886935,0.9994734174330986,1847.2050161918496
24.96,2294.3872288746784,6.156627038802923,0.999473471001316,1847.205115195463
24.99,2294.202530923832,6.156569684427615,0.9994735245666415,1847.2052141937318
25.02,2294.017834693596,6.156512331367951,0.999473578130775,1847.2053131897974
25.05,2293.8331401839323,6.1564549796282,0.9994736316951172,1847.2054121862489
25.08,2293.648447394802,6.15639762921084,0.9994736852604869,1847.2055111845991
25.11,2293.4637563261663,6.156340280116558,0.9994737388271254,1847.2056101852947
25.14,2293.2790669779847,6.156282932344248,0.9994737923946878,1847.2057091876975
25.169999999999998,2293.0943793502174,6.156225585891013,0.9994738459622495,1847.205808190099
25.178249167529295,2293.04359567905,6.156209817438324,0.9994738606916566,1847.2058354126686
25.2,2292.909693442823,6.156168240752165,0.9994738995283041,1847.2059071897154
25.23,2292.7250092557606,6.156110896923042,0.9994739530913542,1847.2060061837788
25.259999999999998,2292.540326788992,6.156053554407309,0.9994740066526048,1847.2061051745163
25.29,2292.3556460424784,6.155996213209864,0.9994740602136627,1847.2062041648976
25.32,2292.170967016182,6.15593887333378,0.9994741137755387,1847.2063031567911
25.349999999999998,2291.9862897100643,6.155881534780343,0.9994741673386696,1847.2064021510039
25.38,2291.801614124084,6.155824197549042,0.9994742209029026,1847.2065011472537
25.41,2291.6169402582027,6.155766861637579,0.9994742744675089,1847.2066001441929
25.439999999999998,2291.432268112378,6.155709527041861,0.9994743280311742,1847.2066991393933
25.47,2291.24759768657,6.155652193756434,0.9994743815921444,1847.2067981296127
25.5,2291.062928980738,6.155594861782088,0.99947443515069,1847.206897115351
25.529999999999998,2290.878261994845,6.155537531124205,0.9994744887085755,1847.2069960998692
25.56,2290.693596728853,6.155480201786454,0.9994745422670077,1847.207095085398
25.59,2290.508933182723,6.155422873770718,0.999474595826613,1847.2071940730948
25.597886653654783,2290.4603875538473,6.15540780311673,0.9994746099070292,1847.2072200962134
25.619999999999997,2290.3242713564146,6.155365547077085,0.9994746493874365,1847.207293063043
25.65,2290.1396112498887,6.155308221703852,0.9994747029489406,1847.2073920542489
25.68,2289.9549528631046,6.155250897647527,0.9994747565100071,1847.2074910446463
25.709999999999997,2289.770296196021,6.155193574902836,0.9994748100689393,1847.2075900310992
25.74,2289.585641248597,6.1551362534674,0.9994748636249804,1847.2076890122084
25.77,2289.4009880207955,6.155078933346401,0.9994749171798278,1847.207787991112
25.8,2289.2163365125784,6.155021614544107,0.9994749707348843,1847.207886970402
25.83,2289.031686723907,6.154964297062998,0.9994750242909705,1847.2079859515945
25.86,2288.8470386547415,6.1549069809037595,0.9994750778483241,1847.2080849351298
25.89,2288.6623923050424,6.154849666065285,0.999475131406603,1847.2081839203752
25.919999999999998,2288.4777476747695,6.154792352544679,0.9994751849648807,1847.2082829056183
25.95,2288.2931047638813,6.154735040337252,0.9994752385216517,1847.2083818880767
25.98,2288.1084635723373,6.154677729438344,0.9994752920754176,1847.2084808649813
26.009999999999998,2287.923824100099,6.154620419851621,0.9994753456273843,1847.2085798385606
26.01752413978027,2287.8775159298384,6.154606046546682,0.9994753590583859,1847.2086046614454
26.04,2287.7391863471285,6.154563111581976,0.999475399179157,1847.208678811781
26.07,2287.554550313387,6.154505804632487,0.99947545273175,1847.208777786518
26.099999999999998,2287.3699159988364,6.154448499004436,0.9994755062855963,1847.2088767635714
26.13,2287.1852834034357,6.154391194697316,0.9994755598405459,1847.2089757426634
26.16,2287.0006525271456,6.154333891708827,0.9994756133958701,1847.209074722448
26.189999999999998,2286.816023369925,6.154276590034876,0.9994756669502516,1847.2091737004903
26.22,2286.631395931733,6.15421928967001,0.9994757205019386,1847.2092726735525
26.25,2286.4467702125303,6.1541619906150204,0.9994757740512008,1847.2093716421332
26.279999999999998,2286.262146212279,6.154104692875285,0.9994758275998019,1847.2094706094924
26.31,2286.0775239309405,6.1540473964544775,0.9994758811489514,1847.2095695778648
26.34,2285.8929033684763,6.153990101354477,0.9994759346992732,1847.2096685484044
26.369999999999997,2285.708284524847,6.153932807575373,0.9994759882508151,1847.2097675211983
26.4,2285.5236674000125,6.153875515115464,0.9994760418030365,1847.2098664952484
26.43,2285.339051993932,6.153818223971255,0.9994760953548208,1847.2099654684905
26.43716162590576,2285.294980698893,6.153804547573823,0.999476108138508,1847.209989095023
26.459999999999997,2285.154438306565,6.153760934137476,0.9994761489044702,1847.210064437787
26.49,2284.969826337871,6.153703645611746,0.9994762024512294,1847.2101634017417
26.52,2284.7852160878115,6.153646358399247,0.9994762559967938,1847.2102623634885
26.55,2284.600607556349,6.153589072504248,0.9994763095425673,1847.2103613256218
26.58,2284.4160007434452,6.153531787929228,0.9994763630893713,1847.2104602896593
26.61,2284.2313956490602,6.153474504674872,0.9994764166374437,1847.2105592560413
26.64,2284.0467922731546,6.1534172227400745,0.9994764701864411,1847.2106582241329
26.669999999999998,2283.8621906156877,6.15335994212194,0.9994765237354379,1847.2107571922234
26.7,2283.677590676619,6.153302662815778,0.9994765772829272,1847.2108561575274
26.73,2283.4929924559065,6.15324538481693,0.9994766308274108,1847.2109551172766
26.759999999999998,2283.3083959535134,6.153188108129062,0.9994766843700957,1847.2110540737015
26.79,2283.1238011694013,6.153130832757069,0.9994767379125865,1847.2111530297675
26.82,2282.939208103531,6.153073558704024,0.9994767914558977,1847.2112519873501
26.849999999999998,2282.754616755865,6.153016285971214,0.9994768450004634,1847.2113509472508
26.856799112031247,2282.7127817529326,6.153003306030486,0.9994768571358171,1847.2113733755475
26.88,2282.5700271263618,6.152959014558128,0.9994768985461336,1847.211449909193
26.91,2282.3854392149824,6.1529017444624685,0.9994769520921754,1847.211548871822
26.939999999999998,2282.2008530216863,6.152844475680142,0.9994770056372778,1847.211647832715
26.97,2282.016268546431,6.152787208205695,0.9994770591796828,1847.2117467886223
27.0,2281.831685789179,6.15272994203992,0.9994771127196647,1847.2118457400518
27.029999999999998,2281.6471047498912,6.152672677188194,0.9994771662589849,1847.211944690258
27.06,2281.4625254285306,6.152615413654192,0.9994772197988526,1847.2120436414762
27.09,2281.277947825057,6.152558151439791,0.9994772733398959,1847.212142594867
27.119999999999997,2281.093371939432,6.152500890545084,0.9994773268821563,1847.2122415505075
27.15,2280.908797771615,6.152443630968365,0.9994773804250998,1847.2123405074103
27.18,2280.724225321566,6.152386372706143,0.9994774339676044,1847.2124394635018
27.209999999999997,2280.5396545892436,6.152329115753147,0.9994774875079736,1847.212538415647
27.24,2280.3550855746075,6.152271860106994,0.9994775410454524,1847.2126373624499
27.27,2280.17051827762,6.152214605772868,0.9994775945817362,1847.2127363070445
27.276436598156735,2280.1309189839617,6.152202321839544,0.9994776060681125,1847.212757535915
27.3,2279.9859526982436,6.152157352755039,0.9994776481182308,1847.2128352520285
27.33,2279.801388836439,6.152100101055983,0.9994777016557544,1847.2129341989144
27.36,2279.616826692167,6.152042850676388,0.9994777551945477,1847.213033148147
27.39,2279.432266265388,6.151985601615147,0.9994778087342658,1847.2131320990886
27.419999999999998,2279.247707556062,6.151928353869364,0.9994778622739848,1847.213231050032
27.45,2279.0631505641472,6.151871107434351,0.9994779158121954,1847.2133299981874
27.48,2278.878595289604,6.151813862305447,0.9994779693473994,1847.2134289407861
27.509999999999998,2278.694041732393,6.15175661848632,0.9994780228808045,1847.2135278800602
27.54,2278.509489892477,6.151699375981863,0.9994780764140159,1847.2136268189765
27.57,2278.324939769818,6.151642134795153,0.9994781299480486,1847.2137257594106
27.599999999999998,2278.1403913643753,6.1515848949274705,0.9994781834833355,1847.2138247021626
27.63,2277.9558446761107,6.151527656378311,0.9994782370197265,1847.2139236469552
27.66,2277.771299704984,6.1514704191453715,0.9994782905564916,1847.2140225924393
27.689999999999998,2277.586756450954,6.151413183224563,0.9994783440923162,1847.2141215361848
27.696074084282223,2277.549392284019,6.151401594856899,0.9994783549314126,1847.2141415687668
27.72,2277.40221491398,6.151355948610432,0.9994783976254428,1847.2142204749443
27.75,2277.2176750940225,6.151298715303768,0.9994784511561452,1847.2143194092234
27.779999999999998,2277.0331369910446,6.151241483309952,0.9994785046861872,1847.2144183422818
27.81,2276.8486006050066,6.151184252632654,0.9994785582167776,1847.214517276354
27.84,2276.6640659358713,6.151127023273757,0.9994786117485411,1847.2146162125944
27.869999999999997,2276.4795329835983,6.151069795233348,0.9994786652815251,1847.2147151510899
27.9,2276.295001748148,6.151012568509725,0.9994787188151916,1847.2148140908473
27.93,2276.1104722294795,6.150955343099395,0.9994787723484179,1847.214913029791
27.959999999999997,2275.9259444275526,6.1508981189970875,0.9994788258795109,1847.215011964792
27.99,2275.7414183423266,6.150840896200421,0.9994788794077111,1847.2151108944465
28.02,2275.5568939737636,6.15078367471458,0.999478932934718,1847.2152098218955
28.05,2275.372371321826,6.1507264545438325,0.9994789864619348,1847.2153087497327
28.08,2275.187850386475,6.150669235690655,0.9994790399901815,1847.2154076794732
28.11,2275.0033311676716,6.150612018155736,0.9994790935196978,1847.2155066115602
28.11571157040771,2274.9682015451885,6.150601124905746,0.9994791037110767,1847.2155254470447
28.14,2274.8188136653757,6.150554801937969,0.9994791470501402,1847.2156055453586
28.169999999999998,2274.634297879547,6.150497587034456,0.9994792005805816,1847.2157044791552
28.2,2274.449783810145,6.150440373440511,0.9994792541095165,1847.2158034101678
28.23,2274.2652714571286,6.150383161151473,0.9994793076354436,1847.2159023356212
28.259999999999998,2274.08076082046,6.150325950171009,0.9994793611595719,1847.2160012577501
28.29,2273.8962519001007,6.150268740504014,0.9994794146835068,1847.2161001795214
28.32,2273.711744696013,6.1502115321535635,0.999479468208263,1847.216199102811
28.349999999999998,2273.5272392081574,6.150154325120939,0.9994795217342737,1847.2162980284188
28.38,2273.3427354364944,6.150097119405634,0.9994795752613903,1847.2163969560709
28.41,2273.1582333809843,6.150039915005348,0.9994796287888801,1847.2164958844126
28.439999999999998,2272.973733041586,6.149982711915991,0.9994796823154285,1847.2165948110141
28.47,2272.7892344182587,6.149925510132108,0.9994797358392802,1847.216693732632
28.5,2272.6047375109633,6.149868309654491,0.999479789360706,1847.2167926497664
28.529999999999998,2272.420242319662,6.14981111048852,0.9994798428814721,1847.2168915656812
28.5353490565332,2272.3873466596397,6.149800911907531,0.9994798524243573,1847.216909202634
28.56,2272.2357488443167,6.149753912637866,0.9994798964027855,1847.2169904826076
28.59,2272.0512570848887,6.14969671610441,0.9994799499252751,1847.217089401708
28.619999999999997,2271.8667670413383,6.1496395208882415,0.9994800034489838,1847.2171883230615
28.65,2271.682278713626,6.149582326987658,0.9994800569733753,1847.2172872456767
28.68,2271.497792101711,6.149525134399165,0.9994801104973284,1847.2173861674821
28.709999999999997,2271.313307205553,6.149467943117492,0.9994801640191457,1847.21748508534
28.74,2271.128824025111,6.149410753140261,0.999480217538071,1847.2175839978527
28.77,2270.9443425603476,6.149353564472652,0.999480271055802,1847.2176829081582
28.799999999999997,2270.759862811225,6.149296377118937,0.9994803245737446,1847.217781818855
28.83,2270.5753847777046,6.14923919108159,0.9994803780927167,1847.2178807314544
28.86,2270.390908459747,6.1491820063613005,0.9994804316129585,1847.2179796464004
28.89,2270.2064338573127,6.149124822956962,0.9994804851341267,1847.2180785630585
28.919999999999998,2270.0219609703613,6.149067640865677,0.9994805386552951,1847.218177479717
28.95,2269.8374897988524,6.149010460082757,0.9994805921749559,1847.2182763935891
28.954986542658688,2269.8068275195815,6.149000955728699,0.999480601070608,1847.2182928343398
28.98,2269.6530203427446,6.148953280603545,0.9994806456916088,1847.2183753019024
29.009999999999998,2269.4685526020003,6.1488961024317055,0.9994806992064623,1847.2184742068898
29.04,2269.284086576581,6.148838925572135,0.9994807527211231,1847.2185731115212
29.07,2269.0996222664494,6.148781750027907,0.9994808062366052,1847.2186720176705
29.099999999999998,2268.9151596715656,6.148724575800305,0.9994808597533437,1847.2187709261416
29.13,2268.73069879189,6.1486674028888215,0.9994809132711855,1847.2188698366522
29.16,2268.5462396273833,6.148610231291157,0.9994809667894026,1847.218968747856
29.189999999999998,2268.361782178005,6.148553061003219,0.9994810203066781,1847.2190676573198
29.22,2268.177326443713,6.148495892019556,0.9994810738212564,1847.2191665617986
29.25,2267.9928724244687,6.148438724340958,0.9994811273334083,1847.2192654617932
29.279999999999998,2267.808420120235,6.148381557972807,0.9994811808449008,1847.219364360569
29.31,2267.623969530973,6.148324392918773,0.9994812343569424,1847.2194632603594
29.34,2267.4395206566446,6.148267229180736,0.9994812878701586,1847.2195621623207
29.369999999999997,2267.25507349721,6.148210066758787,0.9994813413845949,1847.2196610665371
29.374624028784176,2267.2266440172607,6.14820125618628,0.9994813496330865,1847.21967631122
29.4,2267.0706280526297,6.148152905651221,0.9994813948997131,1847.219759972014
29.43,2266.8861843228633,6.148095745854547,0.9994814484143943,1847.2198588766832
29.459999999999997,2266.7017423078696,6.1480385873634935,0.9994815019269403,1847.2199577774056
29.49,2266.517302007608,6.1479814301756806,0.9994815554365925,1847.2200566727802
29.52,2266.332863422042,6.147924274296292,0.9994816089450506,1847.2201555659478
29.549999999999997,2266.148426551133,6.147867119729597,0.9994816624537206,1847.2202544595073
29.58,2265.963991394842,6.1478099664780705,0.9994817159634204,1847.2203533549696
29.61,2265.779557953131,6.147752814542401,0.9994817694743909,1847.220452252781
29.64,2265.5951262259596,6.147695663921482,0.9994818229862882,1847.2205511523048
29.669999999999998,2265.410696213288,6.147638514612418,0.9994818764981855,1847.2206500518284
29.7,2265.2262679150745,6.14758136661052,0.9994819300085735,1847.220748948563
29.73,2265.041841331279,6.14752421991113,0.999481983515955,1847.2208478397408
29.759999999999998,2264.857416461864,6.147467074517914,0.9994820370215367,1847.2209467275923
29.79,2264.6729933067904,6.147409930435767,0.9994820905269264,1847.221045615089
29.794261514909664,2264.646796045012,6.147401813197045,0.9994820981274425,1847.2210596621974
29.82,2264.488571866021,6.147352787667764,0.9994821440331371,1847.221144504103
29.849999999999998,2264.304152139516,6.147295646215187,0.9994821975406039,1847.2212433954385
29.88,2264.119734127237,6.14723850607753,0.9994822510491753,1847.2213422888155
29.91,2263.935317829143,6.147181367252492,0.9994823045581221,1847.2214411828866
29.939999999999998,2263.750903245194,6.147124229735983,0.9994823580661274,1847.2215400752173
29.97,2263.5664903753486,6.1470670935225495,0.9994824115714345,1847.2216389625612
30.0,2263.382079219568,6.147009958612983,0.9994824650743172,1847.2217378454245
30.213899001035152,2262.067283495211,6.146602626637947,0.9994828465563576,1847.2224428922284
30.63353648716064,2259.48810626027,6.1458036963233456,0.9994835949021226,1847.2238259685832
31.05317397328613,2256.9092642326855,6.145005022161962,0.9994843431776876,1847.2252089151962
31.472811459411616,2254.3307573050015,6.144206604041161,0.9994850913890272,1847.2265917431089
31.892448945537105,2251.752585369796,6.1434084417756605,0.9994858395184576,1847.2279744196387
32.31208643166259,2249.1747483197264,6.142610535263611,0.9994865875754015,1847.2293569622009
32.73172391778808,2246.5972460475055,6.141812884402284,0.999487335568972,1847.2307393876374
33.15136140391357,2244.0200784458752,6.141015489009377,0.999488083482357,1847.2321216648768
33.57099889003906,2241.4432454076546,6.140218348970753,0.9994888313208953,1847.2335038037863
33.990636376164545,2238.866746825722,6.139421464192679,0.99948957909654,1847.2348858264572
34.41027386229003,2236.290582592987,6.138624834498075,0.9994903267940854,1847.2362677047868
34.82991134841552,2233.7147526024273,6.137828459759564,0.9994910744144706,1847.2376494405107
35.24954883454101,2231.139256747089,6.137032339891122,0.9994918219720758,1847.2390310602057
35.6691863206665,2228.5640949200456,6.136236474722732,0.9994925694538996,1847.2404125398432
36.088823806791986,2225.9892670144354,6.135440864113615,0.9994933168564286,1847.2417938729297
36.508461292917474,2223.41477292347,6.134645507983775,0.9994940641959217,1847.2431750895148
36.92809877904296,2220.8406125403894,6.133850406171703,0.9994948114620558,1847.2445561705192
37.34773626516845,2218.26678575849,6.133055558523851,0.9994955586470663,1847.245937101593
37.76737375129394,2215.6932924711496,6.132260964964161,0.9994963057684122,1847.2473179150031
38.187011237419426,2213.1201325717734,6.131466625340705,0.9994970528188015,1847.2486985972728
38.606648723544915,2210.5473059538185,6.130672539488566,0.9994977997866715,1847.2500791270322
39.0262862096704,2207.9748125108235,6.129878707333158,0.9994985466898806,1847.2514595372863
39.44592369579589,2205.4026521363608,6.129085128732803,0.9994992935243842,1847.2528398205607
39.86556118192138,2202.8308247240475,6.128291803513396,0.9995000402755333,1847.2542199497814
40.285198668046874,2200.2593301675847,6.127498731598969,0.9995007869606529,1847.2555999569677
40.70483615417236,2197.6881683607103,6.126705912858371,0.9995015335790429,1847.2569798408256
41.12447364029785,2195.117339197201,6.125913347111284,0.9995022801139334,1847.2583595703616
41.54411112642334,2192.5468425709196,6.125121034277107,0.9995030265810546,1847.2597391746478
41.96374861254883,2189.976678375769,6.124328974235188,0.9995037729830462,1847.261118658563
42.383386098674315,2187.406846505688,6.123537166802477,0.9995045193021499,1847.2624979892864
42.8030235847998,2184.837346854697,6.122745611890372,0.9995052655514041,1847.2638771909158
43.22266107092529,2182.268179316865,6.1219543093886255,0.9995060117367575,1847.2652562744447
43.64229855705078,2179.6993437862925,6.121163259114493,0.9995067578404566,1847.2666352070623
44.06193604317627,2177.1308401571578,6.1203724609688335,0.999507503872017,1847.2680140063546
44.481573529301755,2174.562668323695,6.119581914851305,0.9995082498405338,1847.2693926891309
44.90121101542724,2171.994828180166,6.118791620582102,0.999508995729122,1847.2707712241852
45.32084850155273,2169.427319620908,6.11800157804981,0.9995097415432022,1847.2721496215354
45.74048598767822,2166.8601425403167,6.117211787163091,0.9995104872947279,1847.2735279032738
46.16012347380371,2164.293296832818,6.116422247747321,0.9995112329684125,1847.2749060411477
46.579760959929196,2161.7267823929064,6.115632959677856,0.9995119785652677,1847.2762840370274
46.999398446054684,2159.16059911514,6.114843922871074,0.9995127240996865,1847.2776619175133
47.41903593218017,2156.5947468941076,6.11405513715938,0.9995134695585877,1847.2790396584292
47.83867341830566,2154.029225624459,6.113266602404729,0.9995142149385143,1847.280417253386
48.25831090443115,2151.464035200916,6.112478318529541,0.9995149602557519,1847.2817947324825
48.67794839055664,2148.89917551823,6.111690285374707,0.9995157054999037,1847.2831720765032
49.097585876682125,2146.3346464712067,6.110902502789387,0.9995164506632395,1847.2845492711617
49.51722336280761,2143.7704479547297,6.110114970699973,0.9995171957632641,1847.2859263488099
49.9368608489331,2141.2065798637127,6.10932768895691,0.9995179407926119,1847.2873032958348
50.35649833505859,2138.6430420931188,6.108540657397956,0.9995186857397376,1847.2886800908982
50.77613582118408,2136.0798345379912,6.107753875951013,0.9995194306225554,1847.2900567671097
51.195773307309565,2133.5169570934067,6.1069673444767565,0.9995201754369607,1847.2914333168824
51.61541079343505,2130.954409654484,6.106181062803718,0.9995209201682956,1847.2928097131262
52.03504827956054,2128.392192116426,6.105395030858457,0.9995216648339572,1847.2941859879938
52.45468576568603,2125.8303043744722,6.104609248512158,0.9995224094331927,1847.2955621400945
52.87432325181152,2123.2687463238985,6.1038237155870885,0.9995231539491986,1847.2969381383718
53.293960737937006,2120.7075178600658,6.103038432005222,0.999523898397794,1847.2983140120627
53.713598224062494,2118.1466188783747,6.102253397648232,0.9995246427815722,1847.2996897659598
54.13323571018798,2115.5860492742604,6.1014686123356,0.9995253870827279,1847.3010653671558
54.55287319631347,2113.025808943239,6.10068407598134,0.9995261313143882,1847.3024408399117
54.97251068243896,2110.465897780874,6.09989978847752,0.9995268754824689,1847.3038161951615
55.39214816856445,2107.906315682758,6.099115749643883,0.9995276195691568,1847.305191399983
55.811785654689935,2105.3470625445634,6.098331959383931,0.999528363584055,1847.306566472124
56.23142314081542,2102.788138262014,6.0975484175996435,0.9995291075362419,1847.3079414283634
56.65106062694091,2100.2295427308627,6.096765124113645,0.9995298514087583,1847.3093162373575
57.0706981130664,2097.6712758469357,6.095982078817192,0.9995305952071084,1847.3106909092792
57.49033559919189,2095.1133375061167,6.095199281621271,0.9995313389432436,1847.3120654662166
57.909973085317375,2092.555727604319,6.094416732353655,0.9995320826017988,1847.3134398797722
58.32961057144286,2089.9984460375226,6.093634430892368,0.9995328261838564,1847.3148141519468
58.74924805756835,2087.4414927017715,6.0928523771561345,0.999533569703824,1847.3161883093678
59.16888554369384,2084.884867493138,6.092070570979718,0.9995343131485389,1847.3175623277086
59.58852302981933,2082.328570307754,6.09128901222774,0.9995350565146023,1847.3189362006874
60.008160515944816,2079.7726010418255,6.090507700824982,0.9995357998183271,1847.3203099584532
60.427798002070304,2077.2169595915834,6.089726636614668,0.9995365430492392,1847.3216835816484
60.84743548819579,2074.6616458533126,6.0889458194486075,0.999537286199646,1847.3230570560552
61.26707297432128,2072.106659723377,6.088165249255581,0.9995380292870955,1847.3244304141058
61.68671046044677,2069.5520010981677,6.087384925888338,0.9995387723041513,1847.3258036420564
62.10634794657226,2066.997669874124,6.086604849187264,0.9995395152392825,1847.3271767185954
62.525985432697745,2064.4436659477656,6.085825019082678,0.999540258110463,1847.3285496769424
62.94562291882323,2061.889989215643,6.085045435437546,0.9995410009135248,1847.329922509394
63.36526040494872,2059.3366395743496,6.084266098082981,0.9995417436338017,1847.331295188844
63.78489789107421,2056.783616920561,6.083487006948006,0.9995424862887639,1847.332667747581
64.2045353771997,2054.230921150988,6.082708161906081,0.9995432288776043,1847.334040184113
64.62417286332519,2051.678552162377,6.081929562781998,0.9995439713834907,1847.3354124673315
65.04381034945068,2049.126509851559,6.08115120950024,0.9995447138223225,1847.3367846266208
65.46344783557616,2046.5747941154036,6.080373101944755,0.9995454561966567,1847.3381566667072
65.88308532170166,2044.023404850812,6.079595239937485,0.9995461984886302,1847.3395285545766
66.30272280782714,2041.4723419547688,6.078817623395001,0.9995469407114665,1847.3409003146678
66.72236029395263,2038.9216053243017,6.078040252211636,0.999547682871049,1847.3422719578548
67.14199778007811,2036.3711948564687,6.077263126209545,0.9995484249494979,1847.3436434510925
67.56163526620361,2033.8211104484053,6.07648624529482,0.9995491669565096,1847.3450148123015
67.98127275232909,2031.271351997298,6.075709609371698,0.9995499089011436,1847.3463860582253
68.40091023845459,2028.7219194003612,6.074933218265183,0.999550650766368,1847.3477571573858
68.82054772458007,2026.1728125548811,6.074157071869131,0.9995513925577687,1847.3491281201075
69.24018521070556,2023.6240313582025,6.0733811700968,0.9995521342872976,1847.3504989684789
69.65982269683104,2021.0755757076956,6.072605512778293,0.9995528759395071,1847.3518696739502
70.07946018295654,2018.5274455007975,6.07183009979425,0.9995536175155547,1847.3532402386606
70.49909766908202,2015.9796406350101,6.071054931065673,0.9995543590298593,1847.354610689259
70.91873515520751,2013.4321610078603,6.070280006429631,0.9995551004691797,1847.3559810012732
71.338372641333,2010.8850065169358,6.06950532575335,0.9995558418301718,1847.3573511685227
71.75801012745849,2008.3381770598942,6.0687308889639136,0.9995565831291777,1847.358721221211
72.17764761358397,2005.7916725344191,6.067956695906815,0.9995573243556448,1847.3600911398344
72.59728509970947,2003.2454928382485,6.067182746436456,0.9995580655019202,1847.361460910249
73.01692258583495,2000.6996378691956,6.066409040483946,0.9995588065855942,1847.3628305649654
73.43656007196044,1998.1541075251002,6.0656355779042865,0.9995595475991579,1847.3642000901054
73.85619755808592,1995.6089017038507,6.064862358540419,0.9995602885310981,1847.3655694643908
74.27583504421142,1993.0640203034143,6.064089382325029,0.9995610293994472,1847.3669387211482
74.6954725303369,1990.5194632217883,6.063316649123308,0.9995617701999704,1847.3683078525514
75.1151100164624,1987.9752303570112,6.062544158768894,0.9995625109179975,1847.3696768314871
75.53474750258788,1985.431321607203,6.061771911193209,0.9995632515710701,1847.3710456903752
75.95438498871337,1982.8877368705175,6.060999906271934,0.9995639921583261,1847.3724144276227
76.37402247483885,1980.3444760451446,6.06022814383233,0.9995647326629052,1847.3737830120685
76.79365996096435,1977.8015390293558,6.059456623801328,0.9995654731007914,1847.3751514732537
77.21329744708983,1975.258925721461,6.058685346065081,0.9995662134744937,1847.376519815816
77.63293493321532,1972.7166360198023,6.0579143104479485,0.9995669537661054,1847.3778880066598
78.0525724193408,1970.1746698228014,6.057143516868993,0.999567693988937,1847.379256070386
78.4722099054663,1967.633027028924,6.056372965224747,0.9995684341488427,1847.3806240178137
78.89184739159178,1965.0917075366647,6.055602655339729,0.9995691742278769,1847.381991815777
79.31148487771728,1962.5507112445941,6.054832587122556,0.9995699142358266,1847.383359482363
79.73112236384276,1960.0100380513338,6.0540627604796695,0.9995706541817354,1847.3847270342865
80.15075984996825,1957.4696878555308,6.053293175238387,0.9995713940484942,1847.3860944399264
80.57039733609375,1954.9296605559048,6.052523831295109,0.9995721338417782,1847.387461709772
80.99003482221923,1952.3899560512318,6.051754728565304,0.9995728735735288,1847.388828865893
81.40967230834472,1949.8505742403122,6.050985866881354,0.9995736132282272,1847.390195879608
81.8293097944702,1947.3115150220135,6.050217246126451,0.9995743528071005,1847.3915627531842
82.2489472805957,1944.7727782952654,6.049448866223819,0.9995750923245784,1847.392929513291
82.66858476672118,1942.2343639590229,6.048680727012769,0.9995758317673411,1847.3942961353107
83.08822225284668,1939.6962719122996,6.047912828363075,0.9995765711321011,1847.3956626131676
83.50785973897216,1937.1585020541795,6.047145170204068,0.9995773104352299,1847.3970289771191
83.92749722509765,1934.6210542837707,6.046377752383452,0.9995780496660951,1847.3983952075146
84.34713471122313,1932.083928500235,6.0456105747581645,0.9995787888170841,1847.3997612902845
84.76677219734863,1929.5471246028076,6.0448436372615815,0.9995795279058285,1847.4011272580153
85.18640968347411,1927.010642490751,6.044076939750895,0.999580266924749,1847.4024930966991
85.6060471695996,1924.4744820633741,6.043310482071552,0.999581005862346,1847.4038587850828
86.02568465572509,1921.9386432200638,6.042544264158543,0.9995817447367136,1847.405224356607
86.44532214185058,1919.4031258602356,6.041778285879236,0.999582483543552,1847.4065898033252
86.86495962797606,1916.8679298833467,6.041012547069722,0.999583222268183,1847.4079550981098
87.28459711410156,1914.3330551889337,6.040247047663777,0.9995839609282215,1847.4093202735157
87.70423460022704,1911.7985016765663,6.03948178753924,0.9995846995227506,1847.4106853278486
88.12387208635253,1909.2642692458492,6.03871676652578,0.999585438034881,1847.412050229894
88.54350957247802,1906.7303577964676,6.0379519845527225,0.9995861764806794,1847.4134150093462
88.96314705860351,1904.1967672281448,6.037187441508376,0.9995869148626146,1847.4147796707675
89.38278454472899,1901.663497440635,6.036423137219444,0.999587653162727,1847.4161441809658
89.80242203085449,1899.1305483337703,6.035659071607432,0.9995883913944194,1847.4175085647119
90.22205951697997,1896.5979198074272,6.034895244571018,0.9995891295635129,1847.418872832764
90.64169700310546,1894.0656117615088,6.034131655937026,0.9995898676520009,1847.4202369518428
91.06133448923094,1891.5336240959944,6.033368305616533,0.999590605669758,1847.421600940198
91.48097197535644,1889.0019567109123,6.032605193518133,0.9995913436258108,1847.422964814513
91.90060946148192,1886.4706095063161,6.031842319471404,0.9995920815029783,1847.4243285430339
92.32024694760742,1883.9395823823302,6.03107968337523,0.9995928193070146,1847.4256921363954
92.7398844337329,1881.4088752391353,6.0303172851472375,0.9995935570498667,1847.4270556166773
93.15952191985839,1878.8784879769348,6.029555124622022,0.9995942947159286,1847.4284189550374
93.57915940598387,1876.348420495999,6.028793201685276,0.9995950323065038,1847.4297821538844
93.99879689210937,1873.818672696659,6.028031516262392,0.9995957698360358,1847.431145239913
94.41843437823485,1871.2892444792697,6.027270068194863,0.9995965072911214,1847.432508188351
94.83807186436034,1868.760135744245,6.026508857354958,0.9995972446685321,1847.4338709932322
95.25770935048583,1866.2313463920664,6.0257478836741925,0.9995979819846676,1847.435233684866
95.67734683661132,1863.7028763232402,6.02498714700243,0.9995987192288165,1847.4365962434554
96.0969843227368,1861.1747254383247,6.024226647199084,0.9995994563934044,1847.4379586550024
96.5166218088623,1858.6468936379508,6.023466384199745,0.9996001934961081,1847.4393209521759
96.93625929498778,1856.1193808227758,6.022706357863737,0.9996009305292731,1847.4406831208298
97.35589678111327,1853.5921868935022,6.021946568038957,0.9996016674814197,1847.4420451397468
97.77553426723875,1851.0653117509096,6.021187014662644,0.9996024043706975,1847.4434070424713
98.19517175336425,1848.5387552958057,6.020427697604281,0.9996031411927422,1847.4447688209373
98.61480923948973,1846.0125174290383,6.01966861670237,0.9996038779328725,1847.4461304480108
99.03444672561523,1843.4865980515337,6.0189097718929725,0.9996046146087734,1847.4474919563768
99.4540842117407,1840.960997064251,6.018151163056037,0.999605351219475,1847.4488533442427
99.8737216978662,1838.4357143681827,6.01739279002358,0.9996060877480559,1847.4502145803353
100.29335918399168,1835.910749864402,6.0166346527272685,0.9996068242106686,1847.4515756945066
100.71299667011718,1833.386103454017,6.015876751057502,0.9996075606097361,1847.4529366912352
101.13263415624266,1830.8617750381677,6.015119084843291,0.9996082969272516,1847.4542975372412
101.55227164236815,1828.3377645180706,6.014361654008512,0.9996090331767085,1847.4556582574626
101.97190912849364,1825.814071794985,6.013604458453942,0.9996097693638969,1847.457018862601
102.39154661461913,1823.2906967701967,6.012847498008645,0.9996105054707453,1847.4583793192562
102.81118410074461,1820.7676393450672,6.012090772586118,0.9996112415072178,1847.4597396458448
103.2308215868701,1818.244899421004,6.011334282097042,0.9996119774823253,1847.46109985902
103.65045907299559,1815.722476899441,6.0105780263731985,0.9996127133788102,1847.462459926886
104.07009655912108,1813.2003716818813,6.0098220053159075,0.999613449202516,1847.4638198602436
104.48973404524656,1810.6785836698825,6.00906621884489,0.9996141849653795,1847.4651796811538
104.90937153137206,1808.1571127650259,6.008310666796907,0.9996149206517208,1847.4665393606374
105.32900901749754,1805.6359588689565,6.007555349060095,0.9996156562629155,1847.4678989012366
105.74864650362304,1803.1151218833809,6.006800265561956,0.9996163918134188,1847.4692583296671
106.16828398974852,1800.5946017100273,6.006045416146114,0.9996171272897449,1847.4706176210052
106.58792147587401,1798.0743982506833,6.005290800687276,0.9996178626887275,1847.4719767693987
107.0075589619995,1795.5545114072022,6.0045364191190895,0.9996185980267903,1847.4733358052013
107.42719644812499,1793.0349410814615,6.003782271293521,0.9996193332931456,1847.4746947084757
107.84683393425048,1790.5156871753895,6.003028357072404,0.9996200684802563,1847.4760534652921
108.26647142037596,1787.9967495909864,6.002274676393491,0.9996208036058444,1847.477412108404
108.68610890650146,1785.4781282302777,6.001521229118186,0.9996215386621801,1847.4787706235245
109.10574639262694,1782.9598229953333,6.00076801509678,0.9996222736378029,1847.4801289894738
109.52538387875244,1780.4418337882996,6.000015034268702,0.9996230085509208,1847.4814872399027
109.94502136487792,1777.9241605113496,5.999262286505501,0.9996237433971031,1847.4828453666225
110.36465885100341,1775.4068030666954,5.998509771648031,0.999624478161664,1847.4842033424916
110.7842963371289,1772.8897613566278,5.997757489634588,0.9996252128623597,1847.4855612003264
111.20393382325439,1770.373035283468,5.997005440347171,0.9996259474981651,1847.4869189382323
111.62357130937987,1767.8566247495705,5.996253623620097,0.9996266820521297,1847.4882765248817
112.04320879550536,1765.340529657369,5.995502039387317,0.9996274165404931,1847.4896339902887
112.46284628163085,1762.8247499093325,5.994750687541273,0.9996281509656313,1847.490991338844
112.88248376775634,1760.309285407959,5.993999567913214,0.9996288853094892,1847.492348537179
113.30212125388182,1757.7941360558239,5.99324868042935,0.9996296195856504,1847.4937056103981
113.72175874000732,1755.2793017555434,5.992498024992489,0.9996303537998737,1847.4950625691454
114.1413962261328,1752.76478240976,5.991747601433894,0.9996310879340233,1847.4964193799021
114.5610337122583,1750.2505779211895,5.990997409669419,0.9996318219981564,1847.4977760612555
114.98067119838377,1747.736688192595,5.990247449611783,0.9996325560012614,1847.4991326298184
115.40030868450927,1745.223113126763,5.989497721094917,0.9996332899260109,1847.5004890535663
115.81994617063475,1742.7098526265504,5.98874822402252,0.9996340237783303,1847.5018453434504
116.23958365676025,1740.1969065948656,5.987998958316354,0.999634757570154,1847.5032015215277
116.65922114288573,1737.6842749346406,5.9872499238153045,0.9996354912857238,1847.5045575586742
117.07885862901122,1735.1719575488708,5.986501120409881,0.9996362249264875,1847.5059134575656
117.4984961151367,1732.659954340611,5.985752548029647,0.9996369585069118,1847.5072692449392
117.9181336012622,1730.1482652129384,5.985004206520312,0.9996376920134336,1847.5086248957277
118.33777108738768,1727.6368900689872,5.98425609575896,0.9996384254429397,1847.5099804041777
118.75740857351317,1725.1258288119568,5.9835082156813195,0.9996391588118839,1847.5113358006984
119.17704605963866,1722.6150813450702,5.982760566141407,0.9996398921093999,1847.5126910652068
119.59668354576415,1720.1046475716,5.982013147003426,0.9996406253279918,1847.5140461838496
120.01632103188963,1717.59452739489,5.981265958207232,0.9996413584854205,1847.5154011894517
120.43595851801513,1715.0847207183083,5.980518999616261,0.9996420915738868,1847.5167560675993
120.85559600414061,1712.5752274452666,5.97977227108314,0.999642824581946,1847.5181107971403
121.2752334902661,1710.0660474792514,5.97902577254944,0.9996435575278646,1847.519465411834
121.69487097639158,1707.5571807237761,5.978279503888719,0.9996442904071455,1847.5208199033696
122.11450846251708,1705.048627082392,5.977533464944136,0.9996450232051001,1847.5221742445997
122.53414594864256,1702.5403864587272,5.976787655656164,0.9996457559395554,1847.5235284684718
122.95378343476806,1700.03245875644,5.976042075908802,0.9996464886094293,1847.524882572986
123.37342092089354,1697.524843879222,5.975296725538614,0.9996472211977467,1847.526236526769
123.79305840701903,1695.0175417308417,5.974551604481781,0.9996479537208259,1847.5275903599804
124.21269589314451,1692.5105522151025,5.9738067126327365,0.9996486861810034,1847.5289440769382
124.63233337927001,1690.0038752358362,5.97306204982492,0.9996494185601721,1847.5302976441774
125.05197086539549,1687.4975106969505,5.972317615986814,0.9996501508720086,1847.5316510869743
125.47160835152098,1684.9914585023937,5.971573411023215,0.9996508831222375,1847.5330044159098
125.89124583764647,1682.4857185561386,5.970829434767524,0.9996516152926617,1847.5343575973518
126.31088332377196,1679.9802907622313,5.970085687137905,0.9996523473934276,1847.5357106500528
126.73052080989744,1677.475175024764,5.969342168049059,0.9996530794335055,1847.5370635905915
127.15015829602294,1674.9703712478513,5.9685988773370156,0.9996538113954924,1847.5384163868046
127.56979578214842,1672.4658793356764,5.967855814907804,0.9996545432854024,1847.5397690498064
127.98943326827391,1669.9616991924752,5.96711298068518,0.9996552751151658,1847.5411216016466
128.4090707543994,1667.457830722505,5.966370374510081,0.9996560068689411,1847.542474013047
128.8287082405249,1664.9542738300856,5.9656279962753604,0.9996567385482539,1847.5438262868279
129.24834572665037,1662.4510284195956,5.964885845912585,0.9996574701675797,1847.5451784497416
129.66798321277585,1659.9480943954345,5.964143923269487,0.999658201713275,1847.5465304765735
130.08762069890136,1657.4454716620587,5.9634022282254895,0.9996589331822888,1847.547882361684
130.50725818502684,1654.9431601239887,5.962660760718344,0.999659664591099,1847.5492341355277
130.92689567115232,1652.4411596857672,5.9619195206040665,0.9996603959287592,1847.5505857778735
131.3465331572778,1649.9394702519867,5.961178507749177,0.9996611271878167,1847.5519372749477
131.7661706434033,1647.4380917273086,5.960437722095588,0.9996618583860734,1847.5532886596504
132.1858081295288,1644.9370240164185,5.959697163508706,0.9996625895156551,1847.5546399174302
132.60544561565428,1642.4362670240453,5.958956831843453,0.9996633205651397,1847.555991027176
133.02508310177976,1639.9358206549905,5.958216727043488,0.999664051552847,1847.5573420227465
133.44472058790527,1637.4356848140824,5.957476848984327,0.9996647824742171,1847.5586928957139
133.86435807403075,1634.9358594061862,5.956737197511377,0.9996655133145557,1847.5600436189206
134.28399556015623,1632.4363443362436,5.955997772567242,0.9996662440917613,1847.5613942254465
134.70363304628174,1629.9371395092244,5.955258574037872,0.999666974804697,1847.56274471319
135.12327053240722,1627.4382448301315,5.9545196017620245,0.9996677054363594,1847.564095050726
135.5429080185327,1624.939660204044,5.953780855678058,0.9996684360031509,1847.5654452683689
135.96254550465818,1622.4413855360744,5.953042335682347,0.999669166507362,1847.5667953703523
136.3821829907837,1619.9434207313634,5.952304041610469,0.9996698969308375,1847.5681453231218
136.80182047690917,1617.4457656951265,5.9515659733931345,0.999670627287346,1847.5694951521243
137.22145796303465,1614.9484203326185,5.9508281309370705,0.9996713575825799,1847.5708448678804
137.64109544916013,1612.4513845491185,5.950090514077769,0.9996720877982752,1847.572194436635
138.06073293528564,1609.9546582499772,5.949353122735649,0.9996728179446732,1847.5735438773158
138.48037042141112,1607.4582413405915,5.948615956827351,0.9996735480307238,1847.5748932064641
138.9000079075366,1604.9621337263793,5.947879016190952,0.9996742780389525,1847.5762423917834
139.31964539366209,1602.4663353128265,5.94714230073475,0.9996750079754549,1847.57759144454
139.7392828797876,1599.9708460054699,5.94640581038445,0.9996757378521587,1847.5789403867777
140.15892036591308,1597.475665709868,5.945669544982997,0.999676467653143,1847.5802891890726
140.57855785203856,1594.9807943316407,5.944933504425528,0.9996771973800089,1847.5816378543834
140.99819533816404,1592.4862317764646,5.94419768864557,0.9996779270472423,1847.5829864094826
141.41783282428955,1589.9919779500383,5.943462097492828,0.9996786566411181,1847.584334829004
141.83747031041503,1587.4980327581147,5.9427267308490075,0.9996793861586455,1847.58568310742
142.2571077965405,1585.0043961065114,5.941991588653839,0.9996801156163297,1847.587031275235
142.676745282666,1582.5110679010659,5.941256670765284,0.9996808450031431,1847.5883793120681
143.0963827687915,1580.0180480476656,5.940521977052133,0.9996815743116747,1847.5897272042225
143.51602025491698,1577.525336452266,5.939787507458301,0.9996823035597694,1847.591074984679
143.93565774104246,1575.0329330208451,5.93905326185112,0.9996830327394788,1847.592422638747
144.35529522716794,1572.5408376594237,5.938319240087751,0.9996837618393988,1847.59377014535
144.77493271329345,1570.049050274095,5.937585442113896,0.9996844908779087,1847.5951175384562
145.19457019941893,1567.5575707709777,5.936851867806976,0.9996852198503811,1847.5964648095132
145.61420768554441,1565.0663990562261,5.9361185170146,0.999685948742118,1847.5978119313568
146.0338451716699,1562.57553503607,5.935385389681452,0.999686677571089,1847.599158937198
146.4534826577954,1560.0849786167676,5.934652485695376,0.999687406336102,1847.600505824833
146.8731201439209,1557.5947297046084,5.9339198048972825,0.9996881350201241,1847.6018525627826
147.29275763004637,1555.1047882059577,5.933187347227657,0.9996888636396449,1847.6031991815223
147.71239511617185,1552.615154027213,5.932455112584761,0.999689592196907,1847.6045456851966
148.13203260229736,1550.125827074799,5.931723100806268,0.9996903206737088,1847.6058920401663
148.55167008842284,1547.6368072552152,5.930991311825057,0.9996910490839089,1847.607238272044
148.97130757454832,1545.1480944749983,5.930259745549745,0.999691777433167,1847.60858439129
149.3909450606738,1542.6596886407092,5.929528401817863,0.9996925057031557,1847.609930364032
149.8105825467993,1540.17158965898,5.928797280552037,0.9996932339042073,1847.611276209366
150.2302200329248,1537.6837974364869,5.928066381670792,0.999693962045253,1847.6126219437983
150.64985751905027,1535.1963118799276,5.927335705014206,0.999694690108745,1847.6139675348977
151.06949500517575,1532.709132896066,5.926605250492805,0.9996954181008636,1847.6153129940863
151.48913249130126,1530.222260391716,5.925875018034181,0.9996961460335315,1847.6166583433994
151.90876997742674,1527.7356942737129,5.925145007483247,0.9996968738907513,1847.618003553271
152.32840746355222,1525.2494344489521,5.924415218737369,0.9996976016741955,1847.619348626792
152.7480449496777,1522.7634808243854,5.92368565173199,0.9996983293983638,1847.6206935907608
153.16768243580321,1520.2778333069855,5.922956306318735,0.9996990570494476,1847.6220384196563
153.5873199219287,1517.7924918037786,5.922227182381545,0.9996997846245155,1847.6233831080608
154.00695740805418,1515.307456221854,5.921498279862078,0.9997005121401006,1847.6247276865304
154.42659489417966,1512.822726468321,5.920769598620201,0.9997012395850978,1847.6260721345411
154.84623238030517,1510.3383024503376,5.920041138526916,0.999701966952134,1847.627416438466
155.26586986643065,1507.8541840751288,5.919312899528094,0.9997026942590977,1847.6287606313663
155.68550735255613,1505.370371249942,5.918584881492951,0.9997034214979643,1847.630104698411
156.1051448386816,1502.886863882066,5.917857084280834,0.9997041486573527,1847.6314486185656
156.52478232480712,1500.4036618788612,5.9171295078394355,0.9997048757556977,1847.6327924259012
156.9444198109326,1497.9207651477125,5.916402152048039,0.9997056027883043,1847.6341361117409
157.36405729705808,1495.43817359604,5.915675016756402,0.9997063297404725,1847.6354796489154
157.78369478318356,1492.9558871313384,5.914948101911245,0.999707056630244,1847.6368230707703
158.20333226930907,1490.473905661129,5.914221407402259,0.9997077834563677,1847.6381663749926
158.62296975543455,1487.992229092965,5.913494933072456,0.9997085102017883,1847.6395095300609
159.04260724156003,1485.5108573344737,5.912768678864397,0.999709236883073,1847.6408525665947
159.46224472768552,1483.029790293314,5.912042644678191,0.9997099635024231,1847.6421954886628
159.88188221381102,1480.5490278771706,5.911316830353551,0.9997106900415881,1847.6435382625339
160.3015196999365,1478.0685699938035,5.910591235825485,0.9997114165145179,1847.6448809139908
160.721157186062,1475.5884165510076,5.909865861004442,0.9997121429268385,1847.646223453431
161.1407946721875,1473.1085674566025,5.909140705729951,0.9997128692601596,1847.6475658468662
161.56043215831298,1470.6290226184772,5.908415769926796,0.9997135955249055,1847.6489081135621
161.98006964443846,1468.1497819445635,5.907691053515337,0.999714321729986,1847.650250269986
162.39970713056394,1465.6708453428153,5.906966556337606,0.999715047857781,1847.6515922835722
162.81934461668945,1463.1922127212508,5.9062422783063075,0.9997157739145587,1847.652934165906
163.23898210281493,1460.7138839879383,5.905518219350885,0.9997164999122354,1847.6542759390104
163.6586195889404,1458.2358590509657,5.904794379318153,0.9997172258347307,1847.655617573166
164.0782570750659,1455.7581378184802,5.9040707581076735,0.9997179516837968,1847.6569590716117
164.4978945611914,1453.2807201986857,5.903347355656747,0.9997186774739422,1847.6583004611614
164.91753204731688,1450.8036060998045,5.90262417181888,0.9997194031912789,1847.6596417161477
165.33716953344236,1448.3267954301132,5.901901206480201,0.9997201288329333,1847.6609828312592
165.75680701956784,1445.8502880979495,5.901178459584248,0.9997208544154671,1847.6623238371058
166.17644450569335,1443.3740840116711,5.9004559309927345,0.9997215799276916,1847.663664713008
166.59608199181883,1440.8981830796831,5.899733620578839,0.9997223053622792,1847.6650054454235
167.01571947794432,1438.4225852104569,5.899011528290343,0.999723030737158,1847.6663460674863
167.4353569640698,1435.947290312485,5.898289653998288,0.9997237560442301,1847.6676865642305
167.8549944501953,1433.4722982943013,5.8975679975641695,0.9997244812721356,1847.6690269146607
168.2746319363208,1430.99760906451,5.896846558937618,0.9997252064393634,1847.6703671529474
168.69426942244627,1428.5232225317388,5.896125337999737,0.999725931541154,1847.6717072702947
169.11390690857175,1426.0491386046508,5.895404334602386,0.9997266565628034,1847.6730472395268
169.53354439469726,1423.5753571919806,5.894683548694268,0.9997273815224254,1847.674387094121
169.95318188082274,1421.101878202492,5.893962980166883,0.9997281064187123,1847.6757268316612
170.37281936694822,1418.6287015449766,5.8932426288652895,0.999728831234579,1847.6770664205699
170.7924568530737,1416.1558271283009,5.892522494734085,0.9997295559866818,1847.6784058916319
171.2120943391992,1413.6832548613618,5.891802577675173,0.9997302806771724,1847.6797452488233
171.6317318253247,1411.2109846530825,5.89108287753026,0.9997310052877518,1847.681084458325
172.05136931145017,1408.739016412458,5.890363394236437,0.9997317298324646,1847.6824235460929
172.47100679757565,1406.2673500485196,5.8896441277059415,0.9997324543169,1847.683762522458
172.89064428370116,1403.7959854703213,5.888925077780255,0.9997331787226079,1847.68510135332
173.31028176982664,1401.3249225869865,5.888206244386267,0.9997339030601033,1847.6864400581137
173.72991925595213,1398.8541613076807,5.887487627446134,0.999734627338275,1847.6877786532666
174.1495567420776,1396.383701541589,5.886769226803788,0.9997353515394289,1847.6891171060768
174.56919422820312,1393.913543197962,5.886051042374069,0.9997360756699205,1847.6904554282903
174.9888317143286,1391.4436861860988,5.8853330740882175,0.9997367997416595,1847.6917936419186
175.40846920045408,1388.974130415317,5.884615321794919,0.9997375237384886,1847.6931317171
175.82810668657956,1386.5048757949933,5.883897785395876,0.9997382476622354,1847.6944696572125
176.24774417270507,1384.0359222345592,5.8831804648302,0.9997389715274163,1847.6958074890847
176.66738165883055,1381.5672696434654,5.882463359953236,0.9997396953200611,1847.6971451868972
177.08701914495603,1379.0989179312146,5.8817464706532485,0.9997404190373624,1847.6984827454614
177.5066566310815,1376.630867007371,5.8810297968756124,0.9997411426959009,1847.6998201954216
177.92629411720702,1374.1631167815167,5.880313338483847,0.9997418662844118,1847.7011575159581
178.3459316033325,1371.6956671632813,5.879597095353259,0.9997425897956115,1847.7024946936099
178.76556908945798,1369.22851806236,5.878881067433491,0.999743313247467,1847.7038317615832
179.18520657558346,1366.761669388468,5.878165254597364,0.9997440366318047,1847.7051687047713
179.60484406170897,1364.2951210513604,5.877449656708477,0.9997447599372866,1847.7065055022201
180.02448154783445,1361.8288729608632,5.876734273718361,0.99974548318246,1847.707842188208
180.44411903395994,1359.362925026824,5.876019105509879,0.9997462063624948,1847.7091787538077
180.86375652008542,1356.8972771591248,5.875304151936958,0.9997469294626887,1847.7105151718476
181.28339400621093,1354.4319292677203,5.874589412950237,0.9997476525012239,1847.711851475931
181.7030314923364,1351.9668812625907,5.873874888442971,0.9997483754767357,1847.7131876635362
182.1226689784619,1349.5021330537459,5.873160578262227,0.9997490983721132,1847.714523703039
182.54230646458737,1347.0376845512678,5.872446482354593,0.9997498212040964,1847.7158596253776
182.96194395071288,1344.573535665269,5.871732600623718,0.9997505439747901,1847.7171954344424
183.38158143683836,1342.1096863058872,5.871018932913266,0.9997512666658505,1847.7185310963305
183.80121892296384,1339.6461363833312,5.870305479162355,0.9997519892914117,1847.7198666371646
184.22085640908932,1337.1828858078454,5.869592239284973,0.9997527118570287,1847.721202067211
184.64049389521483,1334.7199344896965,5.8688792131244965,0.9997534343441866,1847.722537352251
185.0601313813403,1332.2572823392188,5.8681664006098915,0.9997541567634965,1847.723872511896
185.4797688674658,1329.7949292667888,5.867453801665055,0.9997548791238251,1847.7252075625327
185.89940635359127,1327.332875182801,5.86674141613578,0.999755601407404,1847.7265424713223
186.31904383971678,1324.8711199977156,5.866029243938993,0.999756323620677,1847.7278772501743
186.73868132584226,1322.4096636220395,5.8653172850076905,0.9997570457755466,1847.7292119210863
187.15831881196775,1319.948505966298,5.86460553919238,0.9997577678557763,1847.7305464540505
187.57795629809323,1317.4876469410747,5.86389400639686,0.9997584898632703,1847.7318808525863
187.99759378421874,1315.0270864570066,5.863182686562014,0.9997592118125542,1847.7332151435392
188.41723127034422,1312.5668244247495,5.862471579544973,0.999759933689578,1847.7345493009427
188.8368687564697,1310.1068607550108,5.861760685236097,0.9997606554915931,1847.7358833197165
189.2565062425952,1307.6471953585576,5.861050003582552,0.9997613772352071,1847.737217230555
189.6761437287207,1305.1878281461752,5.8603395344496185,0.9997620989090746,1847.7385510124896
190.09578121484617,1302.728759028695,5.859629277714683,0.9997628205059538,1847.7398846521357
190.51541870097165,1300.2699879170134,5.858919233329208,0.9997635420438559,1847.741218182782
190.93505618709716,1297.8115147220453,5.8582094011677555,0.9997642635145298,1847.7425515891784
191.35469367322264,1295.3533393547466,5.857499781095976,0.9997649849066593,1847.7438848504107
191.77433115934812,1292.8954617261413,5.856790373067255,0.9997657062388481,1847.745218000862
192.1939686454736,1290.4378817472748,5.856081176966178,0.9997664275061992,1847.7465510314814
192.6136061315991,1287.9805993292268,5.855372192648689,0.9997671486940077,1847.7478839150924
193.0332436177246,1285.5236143831482,5.854663420067319,0.9997678698205278,1847.749216685431
193.45288110385007,1283.0669268202153,5.853954859117038,0.9997685908843359,1847.7505493398671
193.87251858997556,1280.6105365516319,5.853246509646875,0.9997693118682962,1847.7518818467302
194.29215607610107,1278.1544434886746,5.852538371605363,0.9997700327892335,1847.7532142371151
194.71179356222655,1275.698647542649,5.851830444897856,0.999770753649203,1847.7545465148212
195.13143104835203,1273.2431486248856,5.851122729369925,0.9997714744298161,1847.7558786458624
195.5510685344775,1270.7879466467853,5.8504152249626795,0.9997721951452974,1847.757210656528
195.97070602060302,1268.3330415197825,5.849707931591803,0.999772915801168,1847.7585425570228
196.3903435067285,1265.8784331553345,5.849000849102539,0.9997736363788512,1847.7598743130131
196.80998099285398,1263.424121464965,5.848293977425869,0.9997743568890494,1847.7612059442795
197.22961847897946,1260.970106360239,5.847587316487397,0.999775077340609,1847.7625374671711
197.64925596510497,1258.516387752739,5.846880866134728,0.9997757977156861,1847.7638688487093
198.06889345123045,1256.0629655541125,5.846174626286839,0.9997765180208147,1847.7652001009703
198.48853093735593,1253.6098396760522,5.84546859687843,0.9997772382678898,1847.7665312459378
198.9081684234814,1251.1570100302688,5.84476277776179,0.9997779584405965,1847.7678622534597
199.32780590960692,1248.704476528531,5.844057168842772,0.9997786785409126,1847.7691931271906
199.7474433957324,1246.2522390826598,5.843351770063983,0.999779398583375,1847.7705238939975
200.16708088185788,1243.8002976044938,5.8426465812843,0.9997801185538514,1847.771854527762
200.58671836798337,1241.3486520059232,5.841941602396136,0.9997808384496568,1847.7731850235205
201.00635585410888,1238.897302198896,5.841236833348402,0.9997815582874221,1847.7745154120107
201.42599334023436,1236.4462480953794,5.8405322740081,0.9997822780557221,1847.7758456721167
201.84563082635984,1233.9954896073841,5.8398279242546485,0.9997829977473585,1847.7771757905348
202.26526831248532,1231.5450266469861,5.839123784041289,0.999783717380381,1847.7785058006239
202.68490579861083,1229.094859126279,5.83841985324428,0.9997844369464678,1847.779835687004
203.1045432847363,1226.6449869573962,5.837716131731282,0.9997851564343221,1847.7811654287964
203.5241807708618,1224.1954100525388,5.837012619457489,0.9997858758626035,1847.7824950604875
203.94381825698727,1221.7461283239284,5.836309316309168,0.9997865952263468,1847.7838245729006
204.36345574311278,1219.2971416838204,5.835606222144237,0.9997873145108481,1847.7851539388605
204.78309322923826,1216.84845004454,5.834903336917076,0.9997880337344303,1847.7864831922307
205.20273071536374,1214.4000533184376,5.834200660524325,0.9997887528956126,1847.787812330275
205.62236820148922,1211.9519514178903,5.833498192816937,0.9997894719772332,1847.7891413212753
206.04200568761473,1209.5041442553468,5.8327959337453406,0.9997901909962007,1847.7904701964812
206.4616431737402,1207.056631743285,5.8320938832165545,0.9997909099545257,1847.7917989596092
206.8812806598657,1204.6094137942055,5.831392041078014,0.9997916288337684,1847.7931275765789
207.30091814599118,1202.1624903206798,5.830690407272778,0.9997923476482502,1847.7944560738588
207.72055563211669,1199.7158612353116,5.829988981718184,0.9997930664034537,1847.795784461582
208.14019311824217,1197.2695264507265,5.829287764261295,0.9997937850807392,1847.7971127052988
208.55983060436765,1194.8234858796166,5.8285867548350705,0.9997945036909051,1847.7984408249663
208.97946809049313,1192.377739434713,5.827885953366773,0.999795222242773,1847.7997688368891
209.39910557661864,1189.9322870287654,5.827185359705788,0.9997959407184289,1847.8010967079585
209.81874306274412,1187.4871285745864,5.826484973773083,0.999796659124492,1847.8024244504081
210.2383805488696,1185.0422639850335,5.825784795505036,0.9997973774728514,1847.8037520862106
210.65801803499508,1182.5976931729817,5.825084824755666,0.9997980957471112,1847.8050795850643
211.0776555211206,1180.153416051363,5.82438506143284,0.9997988139493298,1847.8064069507727
211.49729300724607,1177.709432533161,5.823685505480846,0.9997995320940506,1847.807734210215
211.91693049337155,1175.2657425313755,5.822986156760266,0.999800250167059,1847.80906133712
212.33656797949703,1172.8223459590579,5.8222870151655215,0.9998009681657339,1847.8103883266435
212.75620546562254,1170.3792427293172,5.821588080647228,0.999801686106729,1847.8117152095645
213.17584295174802,1167.9364327552787,5.820889353074064,0.9998024039785411,1847.8130419646227
213.5954804378735,1165.4939159501132,5.820190832327447,0.9998031217740155,1847.8143685785956
214.015117923999,1163.0516922270538,5.819492518362344,0.9998038395112402,1847.8156950849122
214.4347554101245,1160.6097614993516,5.81879441105667,0.9998045571818189,1847.8170214680556
214.85439289624998,1158.1681236802967,5.818096510280058,0.999805274774477,1847.8183477071875
215.27403038237546,1155.7267786832456,5.817398815989466,0.999805992307931,1847.8196738368997
215.69366786850097,1153.2857264215752,5.816701328072804,0.9998067097771479,1847.8209998478906
216.11330535462645,1150.844966808695,5.816004046389913,0.9998074271674215,1847.82232571298
216.53294284075193,1148.4044997580838,5.815306970896989,0.9998081444971457,1847.8236514661633
216.9525803268774,1145.964325183244,5.8146101014923,0.9998088617647827,1847.8249771045985
217.37221781300292,1143.5244429977054,5.813913438028674,0.999809578953145,1847.8263025965198
217.7918552991284,1141.0848531150682,5.8132169804583995,0.9998102960792231,1847.8276279733288
218.21149278525388,1138.64555544896,5.812520728690117,0.9998110131449822,1847.8289532386575
218.63113027137936,1136.206549913032,5.811824682573087,0.9998117301319364,1847.8302783583408
219.05076775750487,1133.7678364210035,5.811128842052267,0.9998124470544973,1847.8316033590138
219.47040524363035,1131.3294148866278,5.810433207046617,0.9998131639181139,1847.8329282507473
219.89004272975583,1128.8912852236776,5.8097377774049725,0.9998138807040835,1847.834252998975
220.30968021588131,1126.4534473459914,5.809042553062231,0.9998145974232967,1847.8355776238252
220.72931770200682,1124.0159011674464,5.808347533947276,0.9998153140845536,1847.8369021415617
221.1489551881323,1121.578646601938,5.807652719911222,0.9998160306698681,1847.8382265189434
221.5685926742578,1119.141683563423,5.806958110876999,0.9998167471859468,1847.839550768365
221.98823016038327,1116.7050119659027,5.80626370678261,0.9998174636446706,1847.840874911784
222.40786764650878,1114.2686317233952,5.805569507483771,0.9998181800295665,1847.8421989187564
222.82750513263426,1111.8325427499744,5.804875512890314,0.9998188963427678,1847.843522793224
223.24714261875974,1109.396744959766,5.804181722948175,0.9998196125988273,1847.8448465620838
223.66678010488522,1106.9612382669109,5.8034881375195955,0.9998203287834497,1847.846170198915
224.08641759101073,1104.5260225856,5.802794756500963,0.999821044894074,1847.8474936989842
224.5060550771362,1102.0910978300817,5.802101579844559,0.9998217609473804,1847.8488170931198
224.9256925632617,1099.6564639146206,5.801408607420695,0.9998224769317839,1847.850140359911
225.34533004938717,1097.222120753525,5.800715839112744,0.9998231928401746,1847.8514634862165
225.76496753551268,1094.7880682611644,5.800023274877366,0.9998239086906838,1847.8527865055469
226.18460502163816,1092.3543063519276,5.799330914594087,0.9998246244748327,1847.8541094022316
226.60424250776364,1089.9208349402397,5.798638758134473,0.9998253401813768,1847.8554321554889
227.02387999388912,1087.487653940592,5.7979468054572045,0.9998260558290845,1847.8567548000058
227.44351748001463,1085.0547632674957,5.797255056451789,0.9998267714128539,1847.8580773263534
227.86315496614012,1082.622162835494,5.796563510979961,0.9998274869179811,1847.8593997073563
228.2827924522656,1080.1898525591985,5.79587216899968,0.9998282023629275,1847.8607219771343
228.70242993839108,1077.7578323532434,5.795181030410801,0.9998289177460981,1847.8620441327396
229.1220674245166,1075.32610213229,5.794490095067999,0.9998296330502806,1847.863366142361
229.54170491064207,1072.894661811069,5.793799362925373,0.9998303482925514,1847.8646880375582
229.96134239676755,1070.463511304338,5.793108833893144,0.9998310634748248,1847.8660098218697
230.38097988289303,1068.0326505268763,5.792418507822359,0.9998317785785701,1847.8673314610471
230.80061736901854,1065.602079393533,5.791728384659837,0.9998324936182909,1847.868652981896
231.22025485514402,1063.171797819188,5.7910384643261175,0.9998332085994003,1847.8699743944208
231.6398923412695,1060.741805718741,5.790348746671765,0.9998339235031335,1847.8712956639401
232.05952982739498,1058.3121030071575,5.789659231633578,0.9998346383404731,1847.8726168107528
232.4791673135205,1055.8826895994391,5.788969919142018,0.9998353531202011,1847.8739378510884
232.89880479964597,1053.4535654106069,5.788280809049893,0.9998360678242526,1847.8752587515608
233.31844228577145,1051.0247303557408,5.78759190128205,0.9998367824594259,1847.8765795247336
233.73807977189693,1048.596184349966,5.7869031957780805,0.9998374970375942,1847.8779001925514
234.15771725802244,1046.167927308423,5.786214692395354,0.9998382115422033,1847.8792207244182
234.57735474414793,1043.739959146308,5.785526391045633,0.9998389259754666,1847.8805411244257
234.9969922302734,1041.312279778867,5.784838291676454,0.9998396403519441,1847.8818614194827
235.4166297163989,1038.8848891213613,5.7841503941516805,0.9998403546572571,1847.8831815830151
235.8362672025244,1036.4577870891023,5.7834626983696324,0.9998410688889116,1847.8845016104133
236.25590468864988,1034.030973597457,5.78277520428421,0.9998417830636069,1847.885821532541
236.67554217477536,1031.6044485618077,5.782087911767324,0.9998424971696821,1847.8871413278464
237.09517966090084,1029.1782118975807,5.781400820704255,0.9998432112000684,1847.8884609832653
237.51481714702635,1026.7522635202624,5.780713931053322,0.999843925172938,1847.889780532383
237.93445463315183,1024.3266033453572,5.780027242695623,0.9998446390797384,1847.891099959393
238.3540921192773,1021.901231288406,5.7793407555046095,0.9998453529092448,1847.89241924355
238.7737296054028,1019.4761472650147,5.778654469440652,0.9998460666802838,1847.8937384196488
239.1933670915283,1017.0513511908081,5.777968384394814,0.9998467803876838,1847.8950574781315
239.61300457765378,1014.6268429814428,5.777282500230683,0.9998474940167414,1847.8963763918232
240.03264206377926,1012.2026225526429,5.776596816907945,0.9998482075859891,1847.8976951949758
240.45227954990474,1009.7786898201546,5.775911334328005,0.9998489210937695,1847.8990138845259
240.87191703603025,1007.3550446997498,5.775226052347335,0.9998496345228516,1847.9003324286273
241.29155452215574,1004.9316871072698,5.774540970921812,0.9998503478903912,1847.901650858987
241.71119200828122,1002.5086169585816,5.773856089963201,0.9998510611982563,1847.902969179058
242.13082949440673,1000.085834169574,5.773171409324289,0.9998517744278687,1847.9042873545038
242.5504669805322,997.6633386562038,5.77248692895372,0.9998524875938252,1847.9056054123023
242.9701044666577,995.2411303344586,5.771802648773572,0.9998532007015033,1847.906923362392
243.38974195278317,992.8192091203448,5.7711185686361075,0.9998539137320768,1847.9082411699787
243.80937943890868,990.3975749299334,5.77043468847998,0.9998546266966213,1847.909558855532
244.22901692503416,987.976227679333,5.76975100823719,0.9998553396038937,1847.910876435236
244.64865441115964,985.5551672846676,5.769067527762197,0.9998560524357584,1847.9121938755732
245.06829189728512,983.1343936621221,5.768384246981732,0.9998567651991023,1847.9135111892717
245.48792938341063,980.7139067279244,5.767701165836933,0.9998574779057907,1847.914828398261
245.9075668695361,978.2937063983178,5.767018284186785,0.9998581905391882,1847.9161454717955
246.3272043556616,975.8737925896,5.766335601944941,0.9998589031015886,1847.9174624141149
246.74684184178707,973.4541652181185,5.765653119060499,0.9998596156075594,1847.9187792521423
247.16647932791258,971.034824200235,5.764970835398908,0.9998603280426384,1847.9200959591485
247.58611681403806,968.6157694523603,5.7642887508603735,0.9998610404043949,1847.9214125306423
248.00575430016355,966.1970008909606,5.763606865400385,0.9998617527095565,1847.9227289975381
248.42539178628903,963.7785184325165,5.762925178892406,0.9998624649463751,1847.9240453381244
248.84502927241454,961.3603219935517,5.762243691223598,0.999863177107831,1847.9253615394268
249.26466675854002,958.9424114906501,5.761562402353885,0.999863889212135,1847.9266776351021
249.6843042446655,956.5247868404116,5.7608813121659095,0.9998646012506593,1847.9279936092053
250.10394173079098,954.1074479594728,5.760200420534965,0.9998653132122026,1847.9293094410332
250.5235792169165,951.6903947645342,5.759519727423074,0.999866025115645,1847.9306251654807
250.94321670304197,949.2736271723153,5.75883923272282,0.9998667369557486,1847.9319407728665
251.36285418916745,946.8571450995656,5.7581589362995995,0.9998674487178089,1847.9332562360146
251.78249167529293,944.440948463102,5.757478838114792,0.999868160420429,1847.9345715893066
252.20212916141844,942.0250371797623,5.7567989380713085,0.9998688720618935,1847.9358868295722
252.62176664754392,939.6094111664106,5.756119236027387,0.9998695836249467,1847.9372019249197
253.0414041336694,937.1940703399779,5.755439731940638,0.999870295126826,1847.938516907207
253.46104161979488,934.7790146174215,5.754760425724332,0.9998710065693537,1847.9398317798018
253.8806791059204,932.3642439157193,5.754081317232962,0.9998717179339044,1847.9411465082812
254.30031659204587,929.9497581519165,5.753402406416958,0.9998724292351688,1847.9424611197967
254.71995407817136,927.5355572430889,5.752723693199896,0.9998731404784883,1847.9437756242191
255.13959156429684,925.1216411063297,5.752045177435697,0.9998738516449706,1847.9450899866326
255.55922905042235,922.7080096587962,5.7513668590648335,0.9998745627457887,1847.9464042276875
255.97886653654783,920.2946628176827,5.750688738020806,0.9998752737896753,1847.9477183635227
256.3985040226733,917.8816005001987,5.750010814159693,0.999875984758422,1847.9490323604857
256.8181415087988,915.4688226236129,5.749333087410064,0.9998766956590075,1847.950346231475
257.23777899492427,913.0563291052376,5.748655557714567,0.9998774065032837,1847.9516599983945
257.6574164810498,910.644119862398,5.747978224933765,0.9998781172745391,1847.9529736303584
258.0770539671753,908.2321948124747,5.747301088983163,0.9998788279751452,1847.9542871317499
258.49669145330074,905.820553872897,5.746624149813388,0.9998795386196757,1847.9556005295037
258.91632893942625,903.4091969611069,5.745947407291429,0.999880249193589,1847.9569137967444
259.3359664255517,900.9981239945959,5.745270861319348,0.9998809596945168,1847.958226929095
259.7556039116772,898.5873348909091,5.744594511854178,0.9998816701392105,1847.9595399575146
260.1752413978027,896.1768295676062,5.7439183587709,0.999882380515839,1847.9608528601377
260.5948788839282,893.7666079422895,5.743242401958518,0.9998830908174329,1847.9621656240838
261.0145163700537,891.3566699326196,5.742566641378528,0.9998838010622388,1847.9634782830753
261.4341538561792,888.9470154562734,5.741891076915068,0.9998845112415516,1847.9647908210238
261.85379134230465,886.5376444309641,5.7412157084452495,0.9998852213441969,1847.9661032172771
262.27342882843016,884.1285567744669,5.740540535932703,0.9998859313891098,1847.9674155068308
262.6930663145556,881.7197524045763,5.739865559271492,0.9998866413709812,1847.9687276798725
263.1127038006811,879.3112312391155,5.7391907783287905,0.9998873512751097,1847.9700397092315
263.5323412868066,876.9029931959749,5.738516193067627,0.999888061120167,1847.9713516294164
263.9519787729321,874.4950381930654,5.7378418033923895,0.9998887709043788,1847.972663437148
264.3716162590576,872.0873661483223,5.737167609163037,0.9998894806104658,1847.9739751004909
264.7912537451831,869.6799769797484,5.736493610338881,0.9998901902557493,1847.9752866514582
265.21089123130855,867.2728706053715,5.73581980683466,0.9998908998420024,1847.9765980933266
265.63052871743406,864.8660469432394,5.7351461985065315,0.9998916093505551,1847.9779093915913
266.0501662035595,862.4595059114666,5.734472785306679,0.9998923187961906,1847.9792205735732
266.469803689685,860.053247428197,5.733799567160137,0.9998930281842109,1847.9805316490722
266.88944117581053,857.6472714115921,5.733126543922447,0.9998937374956646,1847.9818425830624
267.309078661936,855.241577779877,5.732453715535864,0.9998944467418179,1847.9831533963663
267.7287161480615,852.8361664513114,5.731781081935356,0.9998951559313815,1847.9844641050818
268.148353634187,850.4310373441708,5.731108642978576,0.9998958650460718,1847.9857746754183
268.56799112031246,848.0261903767902,5.730436398595898,0.9998965740929568,1847.9870851204387
268.98762860643797,845.6216254675446,5.729764348731445,0.9998972830838828,1847.9883954620366
269.4072660925635,843.2173425348245,5.729092493247321,0.9998979920020549,1847.9897056691723
269.8269035786889,840.8133414970733,5.728420832060846,0.9998987008499268,1847.991015746381
270.24654106481444,838.409622272782,5.727749365124131,0.9998994096420778,1847.9923257206071
270.6661785509399,836.0061847804554,5.727078092305683,0.9999001183638823,1847.9936355648206
271.0858160370654,833.6030289386454,5.726407013509368,0.9999008270130404,1847.9949452747705
271.5054535231909,831.2001546659579,5.725736128693737,0.9999015356063232,1847.996254881453
271.92509100931636,828.7975618810128,5.72506543773525,0.9999022441318216,1847.997564362858
272.34472849544187,826.3952505024704,5.724394940524709,0.9999029525826084,1847.9988737061824
272.7643659815674,823.9932204490505,5.723724637025155,0.9999036609769727,1848.000182945228
273.18400346769283,821.5914716394877,5.723054527122185,0.9999043693061319,1848.001492063763
273.60364095381834,819.1900039925517,5.722384610694684,0.9999050775589353,1848.0028010411788
274.0232784399438,816.7888174270753,5.721714887707857,0.999905785754374,1848.0041099125747
274.4429159260693,814.3879118619072,5.721045358057214,0.9999064938870685,1848.0054186680077
274.8625534121948,811.987287215927,5.72037602161167,0.9999072019423204,1848.0067272803133
275.28219089832027,809.5869434080792,5.719706878335865,0.9999079099388701,1848.0080357841266
275.7018283844458,807.1868803573276,5.719037928135623,0.9999086178748829,1848.009344176057
276.1214658705713,804.7870979826615,5.718369170872592,0.9999093257330572,1848.010652424128
276.54110335669674,802.3875962031361,5.717700606507748,0.9999100335307994,1848.0119605605096
276.96074084282225,799.9883749378303,5.717032234957259,0.9999107412698304,1848.0132685883823
277.3803783289477,797.5894341058436,5.716364056078917,0.9999114489314374,1848.014576473162
277.8000158150732,795.1907736263403,5.715696069826614,0.9999121565304944,1848.015884242338
278.2196533011987,792.7923934185143,5.715028276126811,0.9999128640722675,1848.0171919056431
278.63929078732417,790.3942934015766,5.714360674836638,0.9999135715377441,1848.0184994279387
279.0589282734497,787.9964734947998,5.713693265900092,0.999914278938285,1848.0198068302216
279.4785657595752,785.5989336174921,5.71302604925357,0.999914986282574,1848.021114128541
279.89820324570064,783.2016736889764,5.7123590247562674,0.9999156935522595,1848.0224212889796
280.31784073182615,780.8046936286328,5.711692192340326,0.9999164007544941,1848.023728324757
280.7374782179516,778.4079933558838,5.711025551951308,0.9999171079011178,1848.0250352577557
281.1571157040771,776.0115727901634,5.71035910345282,0.9999178149752556,1848.0263420567874
281.5767531902026,773.6154318509601,5.7096928467639625,0.9999185219794405,1848.027648726534
281.9963906763281,771.2195704578093,5.709026781838301,0.9999192289282596,1848.0289552939541
282.4160281624536,768.8239885302577,5.708360908545811,0.9999199358070039,1848.030261731864
282.8356656485791,766.4286859879005,5.70769522679214,0.9999206426134385,1848.0315680361325
283.25530313470455,764.0336627503855,5.707029736537311,0.9999213493643572,1848.0328742377978
283.67494062083006,761.6389187373728,5.706364437659235,0.9999220560477706,1848.0341803147012
284.0945781069555,759.2444538685646,5.705699330050476,0.9999227626567975,1848.035486254125
284.514215593081,756.8502680637193,5.705034413675578,0.9999234692097648,1848.036792089941
284.93385307920653,754.4563612426111,5.704369688421562,0.999924175697814,1848.0380978057765
285.353490565332,752.0627333250487,5.703705154169059,0.9999248821098202,1848.0394033810712
285.7731280514575,749.6693842309016,5.703040810884808,0.9999255884648285,1848.0407088510233
286.192765537583,747.276313880057,5.702376658465727,0.9999262947573887,1848.0420142055605
286.61240302370845,744.8835221924307,5.7017126967824385,0.999927000972806,1848.0433194175234
287.03204050983396,742.4910090880023,5.701048925801161,0.9999277071298918,1848.0446245216797
287.4516779959594,740.0987744867722,5.700385345429116,0.9999284132267473,1848.0459295145197
287.8713154820849,737.7068183087631,5.69972195552961,0.9999291192460502,1848.0472343640286
288.29095296821043,735.3151404740645,5.699058756065243,0.999929825205291,1848.0485391025318
288.7105904543359,732.923740902789,5.6983957469535795,0.9999305311061414,1848.0498437331194
289.1302279404614,730.5326195150681,5.697732928054011,0.9999312369298413,1848.051148221119
289.5498654265869,728.1417762310986,5.697070299322101,0.9999319426913609,1848.0524525941983
289.96950291271236,725.751210971106,5.696407860685706,0.9999326483959269,1848.0537568620173
290.38914039883787,723.3609236553311,5.695745612003501,0.9999333540244647,1848.0550609893226
290.8087778849633,720.9709142040776,5.695083553221196,0.9999340595884294,1848.0563649972853
291.22841537108883,718.5811825376821,5.694421684276581,0.999934765096483,1848.0576689019144
291.64805285721434,716.1917285764964,5.693760005030359,0.9999354705301979,1848.0589726691521
292.0676903433398,713.8025522409298,5.6930985154164055,0.9999361758968193,1848.0602763123893
292.4873278294653,711.4136534514306,5.692437215381682,0.9999368812081768,1848.0615798534889
292.9069653155908,709.0250321284609,5.69177610479127,0.9999375864473159,1848.062883261116
293.32660280171626,706.6366881925352,5.691115183566009,0.99993829161685,1848.0641865401005
293.7462402878418,704.2486215642134,5.690454451660887,0.999938996731371,1848.0654897174113
294.1658777739672,701.8608321640686,5.689793908947313,0.9999397017760888,1848.0667927657132
294.58551526009273,699.473319912719,5.689133555332683,0.9999404067488334,1848.0680956809958
295.00515274621824,697.0860847308363,5.688473390778456,0.9999411116664213,1848.0693984943389
295.4247902323437,694.6991265391041,5.687813415163956,0.9999418165167816,1848.0707011834334
295.8444277184692,692.3124452582458,5.687153628383479,0.999942521293079,1848.0720037356466
296.2640652045947,689.9260408090427,5.6864940304030345,0.9999432260136826,1848.0733061849278
296.68370269072017,687.5399131122896,5.685834621111035,0.9999439306696514,1848.074608514752
297.1033401768457,685.1540620888147,5.685175400389818,0.99994463524989,1848.0759107046135
297.5229776629712,682.7684876595085,5.684516368207626,0.9999453397734974,1848.0772127898108
297.94261514909664,680.3831897452768,5.683857524462754,0.9999460442349546,1848.078514760143
298.36225263522215,677.9981682670533,5.68319886902749,0.9999467486195658,1848.07981658845
298.7818901213476,675.6134231458365,5.682540401869598,0.9999474529462127,1848.081118309629
299.2015276074731,673.2289543026427,5.681882122897669,0.9999481572129393,1848.0824199200645
299.6211650935986,670.8447616585124,5.681224031976627,0.9999488614023991,1848.0837213876973
300.0408025797241,668.4608451345506,5.680566129070663,0.9999495655321644,1848.0850227450037
300.4604400658496,666.0772046518844,5.679908414098703,0.999950269603859,1848.0863239949854
300.8800775519751,663.6938401316606,5.679250886921702,0.9999509735986781,1848.0876251028874
301.29971503810054,661.3107514950905,5.67859354749687,0.9999516775316846,1848.0889260965484
301.71935252422605,658.9279386634116,5.677936395753411,0.999952381408067,1848.0902269855583
302.1389900103515,656.545401557879,5.677279431551523,0.9999530852086892,1848.0915277345498
302.558627496477,654.1631400998069,5.67662265483859,0.9999537889451018,1848.0928283648705
302.9782649826025,651.7811542105445,5.675966065553758,0.9999544926259412,1848.0941288924819
303.397902468728,649.3994438114545,5.675309663559209,0.9999551962327085,1848.095429283195
303.8175399548535,647.0180088239551,5.6746534487905125,0.999955899772738,1848.096729550565
304.237177440979,644.6368491695054,5.673997421196003,0.9999566032578503,1848.0980297164376
304.65681492710445,642.2559647695762,5.673341580642191,0.99995730667101,1848.0993297493296
305.07645241322996,639.8753555456896,5.672685927051633,0.9999580100149125,1848.1006296542214
305.4960898993554,637.4950214194142,5.672030460380697,0.9999587133041545,1848.1019294580913
305.9157273854809,635.114962312329,5.6713751805021975,0.9999594165238633,1848.1032291334514
306.33536487160643,632.7351781460595,5.670720087325238,0.9999601196719357,1848.1045286764142
306.7550023577319,630.3556688422832,5.670065180812689,0.9999608227652105,1848.1058281181017
307.1746398438574,627.9764343226879,5.6694104608452465,0.9999615257915329,1848.1071274360493
307.5942773299829,625.5974745090023,5.668755927318904,0.9999622287441187,1848.1084266177181
308.01391481610835,623.2187893230117,5.668101580201111,0.9999629316413716,1848.1097256971223
308.43355230223386,620.8403786865132,5.66744741938163,0.999963634474276,1848.1110246575988
308.8531897883593,618.462242521339,5.666793444744477,0.9999643372317624,1848.1123234786892
309.2728272744848,616.0843807493804,5.666139656259359,0.9999650399329834,1848.1136221957913
309.69246476061033,613.706793292545,5.665486053825914,0.9999657425723466,1848.1149207985693
310.1121022467358,611.3294800727678,5.664832637318067,0.999966445135166,1848.1162192598804
310.5317397328613,608.9524410120463,5.664179406705093,0.9999671476403871,1848.1175176147399
310.9513772189868,606.5756760323973,5.6635263618969125,0.9999678500859944,1848.1188158594225
311.37101470511226,604.1991850558597,5.66287350276004,0.9999685524546211,1848.1201139618308
311.79065219123777,601.8229680045365,5.6622208292602245,0.9999692547639218,1848.1214119545946
312.2102896773632,599.4470248005533,5.661568341317715,0.9999699570154691,1848.1227098406193
312.62992716348873,597.0713553660535,5.660916038795005,0.9999706591904172,1848.1240075850753
313.04956464961424,594.6959596232441,5.6602639216509045,0.9999713613039181,1848.125305215966
313.4692021357397,592.3208374943598,5.659611989815945,0.9999720633611231,1848.1266027428117
313.8888396218652,589.9459889016489,5.658960243151806,0.9999727653428369,1848.1279001301361
314.3084771079907,587.5714137674219,5.658308681607512,0.9999734672607028,1848.1291973994585
314.72811459411616,585.1971120140213,5.65765730512354,0.9999741691233349,1848.1304945666989
315.1477520802417,582.8230835638024,5.657006113563508,0.9999748709121574,1848.131791597526
315.5673895663671,580.4493283391773,5.656355106864652,0.9999755726346002,1848.1330885056714
315.98702705249264,578.0758462625962,5.655704284976641,0.9999762743024706,1848.1343853129574
316.40666453861814,575.7026372565214,5.65505364776739,0.9999769758986536,1848.1356819877524
316.8263020247436,573.3297012434667,5.6544031951611355,0.9999776774259272,1848.1369785351906
317.2459395108691,570.9570381459896,5.6537529271155895,0.9999783788988922,1848.1382749822565
317.6655769969946,568.5846478866594,5.653102843504939,0.9999790803025923,1848.139571301309
318.08521448312007,566.2125303880912,5.652452944239972,0.9999797816349946,1848.1408674885897
318.5048519692456,563.8406855729492,5.65180322928492,0.999980482912955,1848.1421635752529
318.92448945537103,561.4691133639103,5.651153698521829,0.9999811841242374,1848.1434595386827
319.34412694149654,559.0978136836899,5.650504351848363,0.9999818852621098,1848.144755366438
319.76376442762205,556.7267864550591,5.649855189233363,0.9999825863450112,1848.146051092597
320.1834019137475,554.3560316008023,5.649206210567923,0.9999832873638466,1848.1473467003507
320.603039399873,551.9855490437358,5.6485574157376925,0.9999839883075767,1848.1486421692964
321.0226768859985,549.6153387067362,5.647908804713818,0.999984689195405,1848.1499375349256
321.442314372124,547.245400512695,5.64726037739725,0.9999853900216729,1848.15123278678
321.8619518582495,544.87573438453,5.6466121336635124,0.9999860907716923,1848.152527897714
322.281589344375,542.5063402452225,5.645964073483359,0.9999867914644823,1848.1538229028777
322.70122683050045,540.1372180177714,5.64531619676801,0.9999874920979623,1848.1551177984259
323.12086431662595,537.7683676251964,5.644668503385536,0.9999881926547488,1848.1564125522307
323.5405018027514,535.3997889905825,5.644020993303209,0.9999888931525757,1848.1577071970678
323.9601392888769,533.0314820370346,5.643373666442577,0.9999895935929681,1848.1590017357557
324.3797767750024,530.6634466876766,5.642726522667625,0.9999902939570331,1848.1602961333767
324.7994142611279,528.295682865695,5.6420795619387425,0.9999909942600177,1848.1615904181108
325.2190517472534,525.9281904943017,5.641432784187753,0.9999916945070353,1848.1628845994076
325.6386892333789,523.5609694967244,5.640786189277787,0.9999923946788281,1848.1641786416753
326.05832671950435,521.1940197962506,5.640139777159473,0.9999930947871358,1848.1654725666117
326.47796420562986,518.8273413161988,5.6394935477745864,0.9999937948405455,1848.1667663900867
326.8976016917553,516.4609339799014,5.638847500988151,0.9999944948204111,1848.1680600776388
327.3172391778808,514.0947977107451,5.638201636739038,0.9999951947342521,1848.1693536431658
327.73687666400633,511.7289324321557,5.637555954978217,0.9999958945938647,1848.170647108469
328.1565141501318,509.36333806756994,5.636910455574978,0.9999965943820551,1848.1719404417715
328.5761516362573,506.99801454047446,5.636265138455195,0.9999972941016816,1848.1732336483553
328.9957891223828,504.6329617744006,5.635620003577904,0.999997993767352,1848.1745267552192
329.41542660850826,502.2681796928904,5.634975050818633,0.9999986933640264,1848.1758197345657
329.83506409463376,499.9036682195297,5.6343302800898085,0.9999993928897367,1848.177112582758
330.2547015807592,497.53942727795544,5.633685691357008,1.0000000923613637,1848.178405330995
330.6743390668847,495.17545679181404,5.6330412845035855,1.0000007917665874,1848.1796979565065
331.09397655301024,492.8117566847916,5.632397059428841,1.0000014910987236,1848.1809904469392
331.5136140391357,490.44832688062917,5.6317530161029845,1.0000021903762508,1848.1822828364452
331.9332515252612,488.08516730307866,5.631109154418398,1.0000028895899957,1848.1835751080698
332.3528890113867,485.7222778759258,5.630465474262346,1.0000035887289456,1848.1848672414599
332.77252649751216,483.3596585230149,5.629821975607375,1.000004287812359,1848.186159272209
333.19216398363767,480.99730916820357,5.629178658355711,1.0000049868345038,1848.1874511897222
333.6118014697631,478.63522973537766,5.628535522384455,1.0000056857806983,1848.1887429668664
334.03143895588863,476.27342014848307,5.627892567665803,1.000006384670031,1848.1900346389193
334.45107644201414,473.91188033148387,5.627249794112243,1.0000070835003583,1848.1913262019198
334.8707139281396,471.550610208366,5.626607201593369,1.0000077822542741,1848.1926176236984
335.2903514142651,469.1896097031768,5.625964790077947,1.0000084809495997,1848.1939089371917
335.7099889003906,466.8288787399857,5.6253225594887875,1.0000091795878068,1848.1952001451202
336.12962638651607,464.46841724287975,5.624680509691345,1.000009878149959,1848.1964912124854
336.5492638726416,462.10822513600675,5.62403864064755,1.0000105766513978,1848.1977821676417
336.968901358767,459.74830234354147,5.623396952290483,1.000011275097195,1848.1990730199618
337.38853884489254,457.3886487896719,5.622755444484697,1.0000119734680344,1848.200363733747
337.80817633101805,455.02926439864603,5.6221141171824,1.0000126717757511,1848.2016543308703
338.2278138171435,452.6701490947433,5.621472970326624,1.0000133700289051,1848.2029448271514
338.647451303269,450.3113028022541,5.620832003783774,1.0000140682087784,1848.204235187997
339.0670887893945,447.952725445525,5.620191217494321,1.000014766322981,1848.205525427472
339.48672627551997,445.59441694893985,5.619550611410508,1.0000154643833006,1848.2068155673605
339.9063637616455,443.23637723689205,5.61891018540296,1.000016162372461,1848.208105575735
340.32600124777093,440.87860623382653,5.618269939399168,1.0000168602934032,1848.20939545803
340.74563873389644,438.52110386423016,5.617629873359455,1.0000175581607402,1848.2106852412528
341.16527622002195,436.16387005260054,5.6169899871606574,1.000018255959349,1848.2119748974535
341.5849137061474,433.80690472347993,5.61635028071681,1.000018953687328,1848.2132644231185
342.0045511922729,431.45020780145853,5.615710753994808,1.0000196513615807,1848.214553849487
342.4241886783984,429.09377921113776,5.615071406879281,1.0000203489697033,1848.2158431536357
342.8438261645239,426.7376188771573,5.614432239271132,1.0000210465050616,1848.2171323233028
343.2634636506494,424.3817267242099,5.6137932511419075,1.0000217439861718,1848.2184213927096
343.68310113677484,422.02610267700106,5.613154442385251,1.0000224414037804,1848.219710344754
344.10273862290035,419.6707466602673,5.612515812890009,1.000023138746906,1848.2209991591412
344.52237610902586,417.31565859880413,5.611877362630095,1.0000238360348592,1848.2222878715595
344.9420135951513,414.9608384174204,5.611239091508982,1.0000245332618343,1848.2235764712793
345.3616510812768,412.6062860409508,5.610600999405315,1.000025230413157,1848.2248649311803
345.7812885674023,410.2520013942916,5.6099630862927015,1.0000259275079835,1848.2261532866657
346.2009260535278,407.89798440235546,5.609325352084869,1.0000266245441085,1848.227441533661
346.6205635396533,405.54423499007555,5.608687796652901,1.0000273215041053,1848.2287296399575
347.04020102577874,403.1907530824483,5.608050419967029,1.0000280184058785,1848.2300176386466
347.45983851190425,400.83753860448894,5.607413221951294,1.0000287152508496,1848.2313055323548
347.87947599802976,398.48459148123106,5.606776202472587,1.0000294120200361,1848.232593286
348.2991134841552,396.1319116377693,5.606139361494351,1.0000301087288768,1848.233880928115
348.7187509702807,393.7794989992224,5.605502698950896,1.000030805382401,1848.2351684679957
349.13838845640623,391.42735349072393,5.60486621470816,1.0000315019612318,1848.2364558698296
349.5580259425317,389.0754750374661,5.604229908719902,1.000032198477301,1848.2377431556688
349.9776634286572,386.7238635646708,5.6035937809303835,1.0000328949391433,1848.2390303412867
350.3973009147827,384.3725189975724,5.602957831207358,1.000033591327967,1848.2403173919538
350.81693840090816,382.02144126145987,5.602322059492863,1.0000342876514738,1848.2416043219034
351.23657588703367,379.67063028165785,5.601686465740385,1.000034983921441,1848.2428911529023
351.6562133731591,377.32008598350217,5.601051049821859,1.000035680120511,1848.2441778528703
352.0758508592846,374.96980829237725,5.600415811666357,1.0000363762517102,1848.2454644274007
352.49548834541014,372.61979713371073,5.599780751235461,1.0000370723296534,1848.2467509035052
352.9151258315356,370.2700524329399,5.599145868407281,1.0000377683391333,1848.248037253077
353.3347633176611,367.920574115545,5.598511163097441,1.000038464278319,1848.249323472733
353.7544008037866,365.57136210705534,5.597876635274105,1.0000391601641336,1848.250609593749
354.17403828991206,363.22241633301,5.597242284823162,1.00003985598409,1848.2518955930477
354.59367577603757,360.8737367189852,5.596608111647084,1.0000405517316062,1848.2531814584638
355.013313262163,358.5253231906113,5.595974115718724,1.0000412474252327,1848.2544672242823
355.43295074828853,356.1771756735286,5.595340296932961,1.00004194305564,1848.2557528732605
355.85258823441404,353.82929409341017,5.594706655180182,1.000042638611873,1848.2570383851512
356.2722257205395,351.48167837598623,5.594073190435644,1.0000433341132957,1848.258323795743
356.691863206665,349.1343284469991,5.593439902604039,1.0000440295540318,1848.259609094175
357.1115006927905,346.7872442322181,5.59280679156552,1.000044724919413,1848.2608942533377
357.53113817891597,344.44042565747253,5.592173857295081,1.000045420228661,1848.262179308756
357.9507756650415,342.0938726486068,5.591541099707655,1.0000461154795115,1848.2634642562457
358.37041315116693,339.7475851314874,5.590908518675792,1.0000468106545173,1848.2647490635604
358.79005063729244,337.4015630320409,5.590276114171149,1.000047505771664,1848.2660337639416
359.20968812341795,335.0558062762143,5.589643886118974,1.0000482008323233,1848.2673183599236
359.6293256095434,332.71031478997156,5.5890118343875645,1.0000488958174698,1848.268602816345
360.0489630956689,330.3650884993361,5.588379958941843,1.0000495907426343,1848.2698871619084
360.4686005817944,328.0201273303566,5.587748259717319,1.000050285612809,1848.2711714058416
360.8882380679199,325.6754312090955,5.587116736581289,1.0000509804085522,1848.2724555122113
361.3078755540454,323.331000061672,5.58648538948903,1.0000516751418962,1848.2737395032566
361.72751304017083,320.9868338142366,5.585854218386006,1.0000523698213473,1848.275023394698
362.14715052629634,318.6429323929497,5.5852232231412815,1.000053064428039,1848.2763071516674
362.56678801242185,316.2992957240266,5.584592403698442,1.0000537589697698,1848.2775907885773
362.9864254985473,313.9559237337185,5.583961760012182,1.0000544534583018,1848.2788743271665
363.4060629846728,311.6128163482854,5.583331291955715,1.0000551478761996,1848.2801577352109
363.8257004707983,309.2699734940371,5.582700999459667,1.0000558422265688,1848.2814410184506
364.2453379569238,306.9273950973254,5.582070882486846,1.0000565365240321,1848.2827242039107
364.6649754430493,304.58508108451,5.581440940916611,1.000057230753298,1848.2840072633298
365.08461292917474,302.24303138199554,5.580811174666139,1.0000579249126043,1848.2852901934505
365.50425041530025,299.9012459162326,5.580181583704843,1.0000586190188918,1848.2865730255842
365.92388790142576,297.5597246136822,5.579552167919834,1.0000593130595945,1848.2878557365045
366.3435253875512,295.2184674008426,5.5789229272151255,1.0000600070281778,1848.2891383141357
366.7631628736767,292.8774742042637,5.578293861564847,1.0000607009432307,1848.2904207928334
367.18280035980223,290.5367449505068,5.577664970865079,1.0000613947953438,1848.2917031552067
367.6024378459277,288.1962795661645,5.577036255007728,1.0000620885735911,1848.292985381063
368.0220753320532,285.85607797788504,5.576407713969365,1.0000627822973922,1848.2942675062932
368.44171281817864,283.51614011233045,5.575779347655863,1.0000634759607945,1848.2955495198955
368.86135030430415,281.17646589618704,5.5751511559488645,1.0000641695491386,1848.2968313947765
369.28098779042966,278.8370552562014,5.574523138824709,1.0000648630817133,1848.2981131665863
369.7006252765551,276.4979081191357,5.573895296199515,1.0000655565561913,1848.2993948310227
370.1202627626806,274.15902441177127,5.573267627947263,1.0000662499551076,1848.3006763558078
370.53990024880613,271.82040406095126,5.572640134041013,1.000066943296531,1848.3019577743357
370.9595377349316,269.4820469935378,5.5720128144071825,1.000067636581778,1848.3032390890394
371.3791752210571,267.14395313640836,5.571385668915454,1.000068329791784,1848.304520264685
371.79881270718255,264.80612241650164,5.570758697532194,1.0000690229421711,1848.3058013301434
372.21845019330806,262.4685547607787,5.570131900194087,1.000069716037893,1848.3070822945713
372.63808767943357,260.13125009621496,5.5695052767697595,1.0000704090594468,1848.3083631219229
373.057725165559,257.79420834984273,5.568878827215974,1.000071102018961,1848.3096438346147
373.47736265168453,255.45742944872305,5.568252551479364,1.0000717949249136,1848.310924448315
373.89700013781004,253.12091331992838,5.567626449430288,1.000072487758369,1848.3122049280275
374.3166376239355,250.78465989058475,5.56700052101384,1.0000731805272163,1848.3134852883327
374.736275110061,248.44866908785247,5.566374766185895,1.0000738732432053,1848.3147655509463
375.15591259618645,246.11294083890218,5.5657491848209215,1.0000745658888202,1848.3160456834962
375.57555008231196,243.77747507095188,5.565123776851066,1.0000752584672525,1848.3173256918806
375.9951875684375,241.44227171126167,5.564498542240335,1.0000759509931245,1848.3186056031238
376.4148250545629,239.10733068710013,5.5638734808693044,1.0000766434510637,1848.3198853888155
376.83446254068843,236.7726519257779,5.56324859265668,1.0000773358393762,1848.3211650458247
377.25410002681394,234.43823535465327,5.562623877573094,1.0000780281750252,1848.3224446055024
377.6737375129394,232.10408090109337,5.561999335506849,1.0000787204453592,1848.323724044466
378.0933749990649,229.7701884925013,5.56137496636347,1.0000794126438939,1848.325003350732
378.5130124851904,227.43655805633298,5.560750770118339,1.0000801047892567,1848.3262825587267
378.93264997131587,225.10318952005417,5.560126746668707,1.000080796871959,1848.3275616509134
379.3522874574414,222.77008281116068,5.5595028959079675,1.000081488881103,1848.3288406071515
379.77192494356683,220.43723785720542,5.558879217813978,1.0000821808361609,1848.330119463429
380.19156242969234,218.10465458575197,5.558255712293769,1.00008287273111,1848.3313982086147
380.61119991581785,215.77233292439004,5.557632379230437,1.0000835645512955,1848.3326768156237
381.0308374019433,213.44027280076807,5.5570092186016495,1.0000842563160752,1848.3339553202331
381.4504748880688,211.10847414254826,5.556386230324668,1.0000849480230578,1848.3352337180231
381.8701123741943,208.77693687741393,5.555763414274883,1.0000856396547613,1848.3365119766838
382.2897498603198,206.44566093310823,5.555140770426726,1.0000863312293349,1848.3377901297583
382.7093873464453,204.114646237392,5.554518298707761,1.0000870227480443,1848.339068179586
383.12902483257074,201.78389271804312,5.553895998989017,1.000087714191782,1848.3403460908528
383.54866231869624,199.45340030289745,5.553273871238287,1.0000884055762644,1848.3416238926047
383.96829980482175,197.12316891981507,5.552651915393395,1.0000890969064034,1848.3429015939203
384.3879372909472,194.7931984966687,5.55203013132427,1.0000897881626385,1848.3441791586486
384.8075747770727,192.46348896138676,5.55140851898913,1.0000904793571912,1848.345456609377
385.2272122631982,190.13404024192747,5.550787078335761,1.0000911704985156,1848.3467339617298
385.6468497493237,187.8048522662592,5.550165809235774,1.0000918615676013,1848.3480111805725
386.0664872354492,185.47592496240225,5.549544711635747,1.0000925525724311,1848.3492882806588
386.48612472157464,183.14725825841288,5.54892378549271,1.0000932435247416,1848.3505652836802
386.90576220770015,180.81885208235468,5.548303030682353,1.000093934406939,1848.3518421571202
387.32539969382566,178.49070636234026,5.547682447138321,1.0000946252222958,1848.3531189070268
387.7450371799511,176.16282102652278,5.547062034825788,1.000095315985441,1848.3543955604373
388.1646746660766,173.83519600306244,5.546441793626521,1.000096006680914,1848.355672088777
388.58431215220213,171.50783122016284,5.545821723460721,1.000096697307096,1848.3569484890547
389.0039496383276,169.18072660607376,5.5452018243002135,1.0000973878809647,1848.3582247926486
389.4235871244531,166.85388208905232,5.544582096034463,1.0000980783897853,1848.3595009760215
389.84322461057855,164.52729759739333,5.5439625385704865,1.0000987688271306,1848.3607770272954
390.26286209670405,162.2009730594416,5.54334315188488,1.0000994592116599,1848.3620529809562
390.68249958282956,159.87490840355213,5.542723935876039,1.000100149533804,1848.3633288193178
391.102137068955,157.54910355811055,5.542104890438824,1.0001008397826994,1848.3646045223024
391.5217745550805,155.22355845155673,5.541486015552345,1.0001015299778686,1848.365880125992
391.94141204120604,152.89827301234286,5.540867311124764,1.0001022201132173,1848.3671556191223
392.3610495273315,150.57324716894587,5.540248777040601,1.0001029101740961,1848.368430974619
392.780687013457,148.24848084989986,5.539630413278821,1.00010360017993,1848.3697062283832
393.20032449958245,145.92397398375442,5.539012219757805,1.0001042901282673,1848.370981375883
393.61996198570796,143.5997264990775,5.538394196354328,1.0001049800016044,1848.3722563847693
394.03959947183347,141.2757383244973,5.537776343044162,1.0001056698181756,1848.3735312887425
394.4592369579589,138.95200938865997,5.537158659755989,1.0001063595791948,1848.3748060900452
394.87887444408443,136.62853962022623,5.536541146362161,1.0001070492655106,1848.3760807532826
395.29851193020994,134.30532894791628,5.5359238028318645,1.0001077388929325,1848.3773553076735
395.7181494163354,131.98237730047308,5.535306629104037,1.000108428466332,1848.3786297622219
396.1377869024609,129.65968460665073,5.534689625049883,1.0001091179660888,1848.3799040806653
396.55742438858636,127.33725079526083,5.534072790629051,1.000109807404523,1848.381178285773
396.97706187471186,125.01507579514187,5.533456125790445,1.0001104967900587,1848.3824523931155
397.3966993608374,122.69315953514298,5.532839630406906,1.0001111861036132,1848.3837263674238
397.8163368469628,120.37150194416573,5.53222330442647,1.0001118753532636,1848.385000223626
398.23597433308834,118.05010295114472,5.53160714780729,1.000112564550734,1848.3862739833905
398.65561181921385,115.72896248502373,5.530991160426253,1.0001132536783492,1848.3875476140495
399.0752493053393,113.40808047479402,5.530375342218472,1.0001139427394659,1848.3888211218077
399.4948867914648,111.08745684948583,5.529759693150262,1.0001146317487166,1848.3900945337084
399.91452427759026,108.76709153813826,5.529144213104557,1.0001153206905578,1848.3913678210242
400.33416176371577,106.44698446983104,5.528528902003024,1.0001160095634387,1848.3926409808892
400.7537992498413,104.12713557369045,5.527913759818653,1.000116698384359,1848.3939140447214
401.17343673596673,101.8075447788505,5.527298786442048,1.000117387140498,1848.3951869888265
401.59307422209224,99.48821201448031,5.526683981781679,1.0001180758254815,1848.3964598014236
402.01271170821775,97.16913720980047,5.526069345815341,1.0001187644580043,1848.397732517064
402.4323491943432,94.85032029404047,5.525454878442545,1.000119453028419,1848.399005117917
402.8519866804687,92.5317611964589,5.524840579559585,1.000120141525892,1848.4002775839615
403.2716241665942,90.21345984636989,5.5242264491468,1.0001208299699973,1848.4015499513728
403.6912616527197,87.89541617309845,5.5236124871134535,1.0001215183545678,1848.402822208753
404.1108991388452,85.57763010599297,5.522998693345465,1.0001222066649607,1848.4040943290397
404.53053662497064,83.26010157446053,5.522385067823072,1.000122894920674,1848.4053663482691
404.95017411109615,80.94283050792072,5.521771610465748,1.0001235831191848,1848.406638261778
405.36981159722166,78.62581683581321,5.521158321151615,1.0001242712429765,1848.4079100371923
405.7894490833471,76.30906048763637,5.520545199857768,1.0001249593103634,1848.4091817083606
406.2090865694726,73.99256139290513,5.519932246513979,1.0001256473225086,1848.4104532774327
406.6287240555981,71.67631948115032,5.519319460993893,1.0001263352602172,1848.4117247089325
407.0483615417236,69.36033468196077,5.518706843268067,1.0001270231393953,1848.4129960322573
407.4679990278491,67.04460692494659,5.518094393276523,1.0001277109648699,1848.414267256329
407.88763651397454,64.72913613973081,5.517482110891713,1.000128398716962,1848.4155383447762
408.30727400010005,62.41392225599086,5.516869996074691,1.0001290864080885,1848.4168093205485
408.72691148622556,60.09896520343267,5.516258048775446,1.000129774046645,1848.4180801991622
409.146548972351,57.78426491177145,5.515646268868032,1.000130461613479,1848.4193509452193
409.5661864584765,55.46982131077338,5.515034656301908,1.000131149116759,1848.420621573818
409.98582394460203,53.15563433023893,5.5144232110363305,1.0001318365681975,1848.4218921066035
410.4054614307275,50.84170389997637,5.513811932949352,1.0001325239500365,1848.4231625107575
410.825098916853,48.52802994984006,5.513200821977527,1.0001332112657202,1848.4244327926442
411.24473640297845,46.214612409724865,5.512589878088288,1.0001338985298815,1848.4257029793089
411.66437388910396,43.90145120953154,5.5119791011657,1.0001345857268937,1848.4269730418696
412.08401137522947,41.58854627920328,5.511368491132878,1.0001352728552755,1848.4282429775892
412.5036488613549,39.27589754872814,5.510758047963948,1.000135959932048,1848.4295128179256
412.9232863474804,36.96350494810058,5.510147771550627,1.0001366469443058,1848.4307825390274
413.34292383360594,34.65136840735159,5.509537661802814,1.0001373338857271,1848.432052129211
413.7625613197314,32.339487856562044,5.508927718699473,1.000138020775043,1848.433321623094
414.1821988058569,30.02786322582029,5.508317942141199,1.0001387076025243,1848.434591002696
414.60183629198235,27.716494445245566,5.5077083320257,1.0001393943573693,1848.435860248053
415.02147377810786,25.4053814450098,5.507098888334515,1.0001400810592065,1848.437129395442
415.44111126423337,23.09452415529627,5.506489610977984,1.0001407677017915,1848.4383984333228
415.8607487503588,20.783922506312145,5.5058804998434026,1.0001414542704943,1848.4396673346557
416.28038623648433,18.47357642832046,5.505271554912245,1.0001421407848747,1848.4409361355918
416.70002372260984,16.16348585159843,5.504662776105055,1.0001428272423507,1848.4422048313575
417.1196612087353,13.853650706442048,5.5040541633012845,1.0001435136253858,1848.4434733895437
417.5392986948608,11.544070923204439,5.5034457164793125,1.000144199952378,1848.4447418441523
417.95893618098626,9.23474643225692,5.502837435569977,1.0001448862244366,1848.4460101972345
418.37857366711177,6.92567716398414,5.502229320448196,1.000145572422325,1848.447278413236
418.7982111532373,4.6168630488291384,5.501621371085862,1.0001462585620422,1848.4485465217274
419.2178486393627,2.30830401725654,5.501013587424061,1.0001469446483766,1848.4498145315576
419.63748612548824,7.235878562994458e-14,5.500406217732795,1.0001477209941685,1848.4512493569528
