time_s,height_m,speed_mps,temperature_k,pressure_pa,density_kg_m3,sound_mps,mach,cd,area_m2,drag_g,spin_g,recovery_k,stagnation_k,theta_deg,spin_rpm
0.0,29610.0,0.0,226.12271523944094,1268.9191542950477,0.01954914950594874,301.45123010919025,0.0,0.6,1.3569699349930187,0.0,0.0,226.12271523944094,226.12271523944094,0.0,0.0
0.1500756853919305,29609.8905857735,1.45811714695955,226.12260683744387,1268.9399363977752,0.019549479049901675,301.45115785214335,0.004836993021850431,0.6,1.3569699349930187,1.4236007497438448e-05,0.0,226.12355077735808,226.1236649330256,0.0,0.0
0.300151370783861,29609.562346230807,2.9161924899697187,226.12228163453815,1269.0022842163817,0.019550467706659344,301.4509410829554,0.009673854324333393,0.6,1.3569699349930187,5.694527711901757e-05,0.0,226.1260572859454,226.12651389552425,0.0,0.0
0.4502270561757915,29609.015290782845,4.37418422105347,226.1217396399808,1269.1062022821206,0.019552115550918233,301.4505798074851,0.01451045217377571,0.6,1.3569699349930187,0.00012813154985187797,0.0,226.13023444970338,226.1312617721629,0.0,0.0
0.600302741567722,29608.249435115373,5.832050525074786,226.12098086920105,1269.251698147116,0.019554422707173683,301.45007403549755,0.019346654810866053,0.6,1.3569699349930187,0.00022780105940877998,0.0,226.13608174277869,226.13790797162798,0.0,0.0
0.7503784269596525,29607.264801190042,7.289749576304132,226.1200053438014,1269.4387823845102,0.019557389349723203,301.449423780665,0.024182330438316458,0.6,1.3569699349930187,0.00035596253036874705,0.0,226.1435984289355,226.14645166603427,0.0,0.0
0.900454112351583,29606.06141724719,8.747239533591724,226.11881309156047,1269.667468588349,0.019561015702666013,301.4486290605688,0.029017347203905107,0.6,1.3569699349930187,0.0005126271754199151,0.0,226.1527835615066,226.15689179086968,0.0,0.0
1.0505297977435135,29604.63931780754,10.204478537675488,226.11740414643464,1269.9377733738713,0.019565302039909353,301.44768989670087,0.03385157319060009,0.6,1.3569699349930187,0.0006978086919943557,0.0,226.16363598334084,226.16922704493606,0.0,0.0
1.200605483135444,29602.998543675076,11.661424707756389,226.11577854856097,1270.249716377649,0.01957024868517287,301.44660631446555,0.03868487640425226,0.6,1.3569699349930187,0.0009115232581359395,0.0,226.1761543267388,226.1834558902769,0.0,0.0
1.3506811685273745,29601.13914194141,13.118036137028753,226.1139363442616,1270.6033202575907,0.019575856011991168,301.4453783431828,0.04351712475782071,0.6,1.3569699349930187,0.0011537895274425349,0.0,226.19033701336699,226.19957655208034,0.0,0.0
1.500756853919305,29599.06116598989,14.574270888982635,226.11187758604774,1270.9986106931394,0.01958212444371985,301.44400601609107,0.04834818605815855,0.6,1.3569699349930187,0.0014246286232906513,0.0,226.2061822541624,226.21758701857217,0.0,0.0
1.6508325393112355,29596.764675498987,16.030086994865275,226.1096023326233,1271.435616385676,0.0195890544535452,301.44248937034985,0.05317792799664296,0.6,1.3569699349930187,0.0017240641325270954,0.0,226.22368804924045,226.2374850409117,0.0,0.0
1.800908224703166,29594.249736448466,17.485442449397883,226.1071106488908,1271.9143690585988,0.019596646564489142,301.44082844704417,0.05800621813401648,0.6,1.3569699349930187,0.0020521220980994305,0.0,226.24285218777425,226.259268133056,0.0,0.0
1.9509839100950965,29591.5164211264,18.94029520629741,226.10440260595863,1272.434903457258,0.019604901349412236,301.43902329118947,0.06283292388457988,0.6,1.3569699349930187,0.002408831010773812,0.0,226.26367224785415,226.28293357160155,0.0,0.0
2.101059595487027,29588.564808132673,20.394603176248996,226.1014782811444,1272.9972573497798,0.01961381943103121,301.43707395173413,0.06765791250851434,0.6,1.3569699349930187,0.0027942218006335464,0.0,226.2861455963696,226.30847839565126,0.0,0.0
2.2511352808789575,29585.39498238719,21.84832422274746,226.09833775798333,1273.601471527045,0.019623401481923434,301.4349804815657,0.07248105109713238,0.6,1.3569699349930187,0.0032083278273402093,0.0,226.31026938885444,226.33589940664024,0.0,0.0
2.401210966270888,29582.00703513887,23.301416157684955,226.0949811262371,1274.2475898026746,0.019633648224531904,301.43274293751676,0.07730220655728515,0.6,1.3569699349930187,0.0036511848694453647,0.0,226.33604056931154,226.36519316813806,0.0,0.0
2.5512866516628185,29578.40106397113,24.753836738721667,226.09140848189938,1274.9356590137386,0.019644560431182116,301.43036138036956,0.08212124560168392,0.6,1.3569699349930187,0.004122831113390011,0.0,226.36345587005533,226.39635600567152,0.0,0.0
2.701362337054749,29574.577172810346,26.20554366595138,226.08761992720446,1275.6657290211172,0.019656138924093708,301.4278358748616,0.08693803473688033,0.6,1.3569699349930187,0.00462330714154866,0.0,226.39251181153676,226.4293840065275,0.0,0.0
2.8514380224466795,29570.535471936877,27.65649457758963,226.08361557063816,1276.4378527093188,0.019668384575383998,301.42516648969394,0.09175244024800178,0.6,1.3569699349930187,0.00515265591910831,0.0,226.42320470213733,226.46427301952068,0.0,0.0
3.00151370783861,29566.27607799403,29.106647046438066,226.0793955269468,1277.2520859869715,0.019681298307082477,301.4223532975372,0.09656432818606053,0.6,1.3569699349930187,0.005710922780328815,0.0,226.45553063796422,226.5010186547629,0.0,0.0
3.1515893932305405,29561.799113995512,30.555958577443352,226.07495991714475,1278.1084877875855,0.019694881091150033,301.41939637503737,0.10137356435889242,0.6,1.3569699349930187,0.006298155414412302,0.0,226.48948550266306,226.5396162834523,0.0,0.0
3.301665078622471,29557.104709338335,32.004386603601034,226.0703088685274,1279.0071200693956,0.019709133949483964,301.41629580282506,0.10618001431660175,0.6,1.3569699349930187,0.006914403849928654,0.0,226.52506496718695,226.58006103761278,0.0,0.0
3.4517407640144016,29552.192999815747,33.45188848171117,226.06544251468398,1279.9480478153341,0.01972405795392542,301.4130516655244,0.11098354333651238,0.6,1.3569699349930187,0.0075597204382396475,0.0,226.56226448954612,226.622347809812,0.0,0.0
3.601816449406332,29547.064127623744,34.89842149045901,226.06036099550423,1280.9313390342923,0.019739654226287654,301.4096640517582,0.11578401641583141,0.6,1.3569699349930187,0.008234159837063132,0.0,226.6010793146078,226.66647125293605,0.0,0.0
3.7518921347982626,29541.71824137595,36.34394282647673,226.05506445719323,1281.9570647608878,0.01975592393836098,301.4061330541587,0.1205812982576111,0.6,1.3569699349930187,0.008937778992336647,0.0,226.64150447384128,226.7124257799022,0.0,0.0
3.901967820190193,29536.155496118652,37.78840960020201,226.04955305228654,1283.0252990552342,0.019772868311918126,301.4024587693779,0.1253752532560337,0.6,1.3569699349930187,0.00967063711902055,0.0,226.6835347850437,226.76020556334916,0.0,0.0
4.052043505582123,29530.376053339813,39.23177883342814,226.0438269396592,1284.1361190040238,0.01979048861874078,301.39864129809456,0.13016574548730775,0.6,1.3569699349930187,0.010432795681815973,0.0,226.72716485210378,226.8098045353718,0.0,0.0
4.202119190974054,29524.380080982923,40.674007456179666,226.03788628453964,1285.289604720709,0.01980878618063221,301.3946807450242,0.13495263869832302,0.6,1.3569699349930187,0.01122431837469935,0.0,226.77238906474525,226.86121638723137,0.0,0.0
4.352194876365985,29518.167753464284,42.1150523027071,226.031731258527,1286.4858393451232,0.019827762369421405,301.390577218931,0.13973579629237912,0.6,1.3569699349930187,0.012045271099045308,0.0,226.81920159823432,226.91443456902556,0.0,0.0
4.502270561757915,29511.739251686548,43.554870108234674,226.0253620396047,1287.7249090438322,0.019847418606979132,301.38633083263846,0.1445150813174103,0.6,1.3569699349930187,0.012895721941176075,0.0,226.8675964130994,226.96945228937307,0.0,0.0
4.652346247149845,29505.09476305003,44.993417506705015,226.01877881215177,1289.006903011095,0.01986775636524401,301.38194170303683,0.14929035645751712,0.6,1.3569699349930187,0.013775741149577749,0.0,226.91756725488233,227.02626251513286,0.0,0.0
4.802421932541776,29498.23448147187,46.430651027017426,226.0119817669622,1290.3319134681994,0.019888777166223254,301.37740995109743,0.1540614840194938,0.6,1.3569699349930187,0.014685401110300925,0.0,226.96910765383566,227.08485797106292,0.0,0.0
4.952497617933707,29491.158607404526,47.86652708917239,226.00497110126332,1291.700035663169,0.019910482581999574,301.3727357018856,0.15882832591904203,0.6,1.3569699349930187,0.015624776321254042,0.0,227.02221092460528,227.14523113946188,0.0,0.0
5.102573303325637,29483.867347845015,49.30100200253182,225.99774701872508,1293.1113678721595,0.019932874234765315,301.36791908456775,0.16359074367400506,0.6,1.3569699349930187,0.01659394336686373,0.0,227.07687016598547,227.2073742598938,0.0,0.0
5.252648988717567,29476.360916356032,50.734031962251166,225.99030972948145,1294.566011398651,0.019955953796821958,301.3629602324267,0.16834859839152913,0.6,1.3569699349930187,0.017592980890603727,0.0,227.13307826060938,227.2712793288382,0.0,0.0
5.402724674109498,29468.63953308652,52.16557304557011,225.98265945015072,1296.0640705728345,0.01997972299058305,301.35785928287606,0.17310175075475226,0.6,1.3569699349930187,0.018621969566340914,0.0,227.19082787462378,227.33693809932316,0.0,0.0
5.552800359501429,29460.703424783846,53.59558120963602,225.97479640384805,1297.6056527525427,0.020004183588602047,301.3526163774696,0.17785006101457912,0.6,1.3569699349930187,0.01968099206970946,0.0,227.2501114574198,227.40434208062214,0.0,0.0
5.702876044893359,29452.55282481267,55.024012288717955,225.9667208202041,1299.1908683230376,0.020029337413582298,301.3472316619147,0.18259338897942853,0.6,1.3569699349930187,0.02077013304805936,0.0,227.31092124134324,227.4734825379268,0.0,0.0
5.852951730285289,29444.187973177868,56.45082199067343,225.95843293538837,1300.8198306959164,0.020055186338373467,301.3417052860889,0.1873315940024961,0.6,1.3569699349930187,0.021889479088762983,0.0,227.37324924137036,227.5443504919808,0.0,0.0
6.00302741567722,29435.609116542142,57.87596589411329,225.9499329921265,1302.492656309117,0.02008173228598572,301.33603740405266,0.19206453497133205,0.6,1.3569699349930187,0.023039118686931606,0.0,227.4370872548069,227.61693671874042,0.0,0.0
6.153103101069151,29426.816508240834,59.29939944643212,225.94122123971536,1304.2094646275193,0.02010897722961369,301.3302281740605,0.19679207030028995,0.6,1.3569699349930187,0.024219142212754438,0.0,227.50242686102902,227.69123174908225,0.0,0.0
6.303178786461081,29417.81040830675,60.7210779605459,225.93229793404805,1305.9703781414573,0.020136923192627706,301.32427775857855,0.2015140579186776,0.6,1.3569699349930187,0.025429641876705777,0.0,227.56925942116993,227.76722586844897,0.0,0.0
6.453254471853011,29408.591083493433,62.140956611599336,225.92316333763696,1307.7755223656911,0.020165572248572596,301.31818632430145,0.2062303552588045,0.6,1.3569699349930187,0.026670711693534008,0.0,227.63757607779908,227.84490911648683,0.0,0.0
6.603330157244942,29399.158807286898,63.558990435485946,225.91381771962583,1309.6250258404862,0.02019492652120032,301.31195404216146,0.21094081925004665,0.6,1.3569699349930187,0.02794244744666354,0.0,227.70736775468842,227.92427128678239,0.0,0.0
6.753405842636873,29389.51385993225,64.97513432582035,225.90426135581632,1311.519020129853,0.020224988184457848,301.3055810873473,0.2156453063077657,0.6,1.3569699349930187,0.029244946650126523,0.0,227.7786251565143,228.0053019265249,0.0,0.0
6.903481528028803,29379.65652845899,66.38934303084385,225.89449452869346,1313.4576398199417,0.02025575946247785,301.2990676393225,0.22034367232200283,0.6,1.3569699349930187,0.030578308509191028,0.0,227.85133876855247,228.08799033616168,0.0,0.0
7.053557213420733,29369.587106695937,67.80157115162646,225.8845175274406,1315.4410225194667,0.02028724262960194,301.2924138818367,0.22503577265047714,0.6,1.3569699349930187,0.031942633880982764,0.0,227.9254988564395,228.17232556912847,0.0,0.0
7.203632898812664,29359.30589529444,69.2117731397663,225.87433064796286,1317.4693088584752,0.02031944001037796,301.2856200029423,0.2297214621099088,0.6,1.3569699349930187,0.033338025233451606,0.0,228.00109546591995,228.25829643156348,0.0,0.0
7.353708584204595,29348.813201756093,70.6199032945166,225.86393419291474,1319.542642486156,0.02035235397954236,301.27868619501487,0.23440059496543675,0.6,1.3569699349930187,0.034764586602522574,0.0,228.078118422567,228.34589148199078,0.0,0.0
7.503784269596525,29338.109340453724,72.02591576051869,225.8533284717213,1321.661170069888,0.020385986962022574,301.2716126547678,0.2390730249220473,0.6,1.3569699349930187,0.036222423548560034,0.0,228.1565573315363,228.4350990310419,0.0,0.0
7.653859954988455,29327.194632649178,73.42976452623343,225.84251380059612,1323.8250412949044,0.020420341432949508,301.2643995832664,0.2437386051183196,0.6,1.3569699349930187,0.03771164311229501,0.0,228.23640157736799,228.52590714123158,0.0,0.0
7.803935640380386,29316.069406522856,74.83140342136673,225.83149050257086,1326.0344088615109,0.020455419917631494,301.2570471859488,0.24839718811682293,0.6,1.3569699349930187,0.03923235376841828,0.0,228.31764032374494,228.61830362668346,0.0,0.0
7.954011325772317,29304.73399720088,76.23078611433735,225.8202589075225,1328.2894284826837,0.020491224991534614,301.2495556726455,0.25304862589465177,0.6,1.3569699349930187,0.04078466537785401,0.0,228.40026251325565,228.71227605286072,0.0,0.0
8.104087011164246,29293.188746768818,77.6278661111491,225.80881935218724,1330.5902588842791,0.020527759280304772,301.2419252575903,0.25769276983862704,0.6,1.3569699349930187,0.04236868914025518,0.0,228.48425686724548,228.8078117363978,0.0,0.0
8.254162696556177,29281.434004302802,79.02259675309806,225.79717218019184,1332.9370618016276,0.020565025459732683,301.2341561594427,0.26232947073661705,0.6,1.3569699349930187,0.04398453754385491,0.0,228.56961188561897,228.90489774487503,0.0,0.0
8.404238381948108,29269.470125898548,80.4149312145021,225.78531774208253,1335.3300019764552,0.02060302625572436,301.2262486013086,0.2669585787689312,0.6,1.3569699349930187,0.045632324313927115,0.0,228.6563158466489,229.003520896601,0.0,0.0
8.554314067340039,29257.297474688403,81.80482250140084,225.77325639534234,1337.7692471560952,0.020641764444308246,301.21820281075384,0.2715799435029373,0.6,1.3569699349930187,0.04731216436100145,0.0,228.74435680685178,229.10366776047104,0.0,0.0
8.70438975273197,29244.916420867947,83.19222344990986,225.76098850441787,1340.2549680905352,0.020681242851608342,301.2100190198231,0.2761934138865243,0.6,1.3569699349930187,0.0490241737272533,0.0,228.83372260086242,229.20532465582326,0.0,0.0
8.8544654381239,29232.3273417274,84.57708672422376,225.74851444075068,1342.787338528561,0.020721464353803138,301.20169746506326,0.2807988382403919,0.6,1.3569699349930187,0.05076846953101174,0.0,228.92440084130004,229.30847765228472,0.0,0.0
9.00454112351583,29219.53062167505,85.95936481508842,225.735834582801,1345.3665352151047,0.020762431877104134,301.19323838754013,0.2853960642519006,0.6,1.3569699349930187,0.05254516991038263,0.0,229.01637891867298,229.4131125696618,0.0,0.0
9.154616808907761,29206.52665225729,87.33901003876639,225.72294931606785,1347.9927378893046,0.020804148397745786,301.18464203285424,0.2899849389705573,0.6,1.3569699349930187,0.054354393966049686,0.0,229.10964400133284,229.51921497788615,0.0,0.0
9.30469249429969,29193.315832191594,88.715974535366,225.70985903312223,1350.6661292796684,0.02084661694192982,301.1759086511642,0.29456530880137866,0.6,1.3569699349930187,0.05619626170172248,0.0,229.20418303540984,229.6267701969386,0.0,0.0
9.454768179691621,29179.89856739637,90.09021026729476,225.69656413363697,1353.38689509971,0.020889840585777295,301.16703849720903,0.29913701949866484,0.6,1.3569699349930187,0.05807089396320679,0.0,229.29998274476924,229.7357632967963,0.0,0.0
9.604843865083552,29166.275271006078,91.46166901858892,225.68306502440225,1356.1552240463639,0.020933822455325074,301.1580318303196,0.30369991616269043,0.6,1.3569699349930187,0.05997841237718172,0.0,229.39702963103963,229.8461790974628,0.0,0.0
9.754919550475483,29152.446363405474,92.83030239357802,225.66936211935985,1358.971307794304,0.02097856572645749,301.148888914444,0.30825384323417176,0.6,1.3569699349930187,0.061918939287439696,0.0,229.49530997362749,229.95800216898013,0.0,0.0
9.904995235867414,29138.41227226101,94.19606181567715,225.6554558396347,1361.835340990639,0.021024073624844212,301.13961001817006,0.3127986444891577,0.6,1.3569699349930187,0.06389259768970842,0.0,229.59480982975737,230.07121683147014,0.0,0.0
10.055070921259343,29124.173432539174,95.5588985267185,225.64134661355354,1364.7475212519626,0.021070349425915843,301.1301954147399,0.3173341630357174,0.6,1.3569699349930187,0.06589951116571421,0.0,229.6955150345636,230.18580715523487,0.0,0.0
10.205146606651274,29109.730286535345,96.918763586155,225.62703487667383,1367.7080491591182,0.021117396454803386,301.12064538207113,0.32186024131019475,0.6,1.3569699349930187,0.06793980381539336,0.0,229.79741120120465,230.30175696088133,0.0,0.0
10.355222292043205,29095.083283907305,98.27560787018378,225.6125210718176,1370.7171282506524,0.021165218086257133,301.1109602027814,0.32637672107319055,0.6,1.3569699349930187,0.07001360018729862,0.0,229.90048372099758,230.41904981946814,0.0,0.0
10.505297977435134,29080.2328817,99.62938207114998,225.5978056490962,1373.7749650178096,0.02121381774459029,301.1011401642069,0.33088344340648,0.6,1.3569699349930187,0.07212102520782156,0.0,230.00471776359072,230.53766905269606,0.0,0.0
10.655373662827065,29065.179544366867,100.98003669719779,225.58288906593197,1376.8817689,0.021263198903630327,301.09118555841906,0.33538024871075206,0.6,1.3569699349930187,0.0742622041091536,0.0,230.11009827717996,230.65759773314787,0.0,0.0
10.805449348218996,29049.9237438046,102.32752207174684,225.56777178709328,1380.037752277124,0.021313365086620583,301.0810966822497,0.3398669767027575,0.6,1.3569699349930187,0.07643726235516518,0.0,230.2166099887491,230.77881868455347,0.0,0.0
10.955525033610927,29034.465959384182,103.67178833318324,225.5524542847256,1383.2431304624092,0.021364319866130247,301.07087383731425,0.34434346641317093,0.6,1.3569699349930187,0.07864632556591802,0.0,230.32423740435183,230.90131448210235,0.0,0.0
11.105600719002858,29018.806677966626,105.01278543476516,225.53693703836763,1386.4981216980452,0.021416066864009,301.0605173300242,0.3488095561851758,0.6,1.3569699349930187,0.08088951944095786,0.0,230.4329648094265,231.0250674527942,0.0,0.0
11.255676404394787,29002.946393938535,106.35046314449501,225.52122053498698,1389.802947146422,0.021468609751271985,301.05002747161365,0.3532650836729218,0.6,1.3569699349930187,0.08316696968059402,0.0,230.54277626915632,231.15005967583863,0.0,0.0
11.405752089786718,28986.885609244244,107.6847710452404,225.5053052690126,1393.1578308816447,0.02152195224798932,301.0394045781626,0.3577098858408115,0.6,1.3569699349930187,0.08547880190582705,0.0,230.65365562887996,231.27627298311143,0.0,0.0
11.55582777517865,28970.624833404454,109.01565853484584,225.48919174235368,1396.562999883546,0.021576098123215558,301.02864897061227,0.36214379896276394,0.6,1.3569699349930187,0.08782514157666842,0.0,230.76558651451907,231.4036889596314,0.0,0.0
11.705903460570578,28954.16458354575,110.34307482640321,225.47288046442935,1400.018684029089,0.02163105119487776,301.0177609747869,0.36656665862199905,0.6,1.3569699349930187,0.09020611390878618,0.0,230.87855233306394,231.5322889441013,0.0,0.0
11.85597914596251,28937.50538443434,111.66696894876728,225.45637195220277,1403.525116082362,0.021686815329641427,301.00674092141895,0.3709782997116305,0.6,1.3569699349930187,0.09262184378867172,0.0,230.99253627312098,231.66205402951735,0.0,0.0
12.00605483135444,28920.64776850076,112.98728974710143,225.43966673020597,1407.0825316861758,0.021743394442801985,300.995589146168,0.3753785564353672,0.6,1.3569699349930187,0.09507245568717307,0.0,231.10752130548923,231.79296506381232,0.0,0.0
12.156130516746371,28903.592275861243,114.30398588338291,225.42276533056173,1410.6911693538582,0.021800792498179625,300.98430598963785,0.37976726230808233,0.6,1.3569699349930187,0.09755807357117048,0.0,231.22349018376525,231.9250026505313,0.0,0.0
12.306206202138302,28886.339454352234,115.61700583729505,225.40566829301815,1414.3512704579025,0.021859013507964202,300.9728917974016,0.38414425015765896,0.6,1.3569699349930187,0.1000788208138604,0.0,231.34042544503635,232.05814714960405,0.0,0.0
12.456281887530231,28868.889859560717,116.92629790743048,225.3883761649793,1418.0630792189845,0.02191806153256615,300.96134692002505,0.3885093521278714,0.6,1.3569699349930187,0.1026348201037796,0.0,231.45830941064017,232.19237867819336,0.0,0.0
12.606357572922162,28851.244054839615,118.23181021190263,225.37088950152105,1421.8268426976697,0.02197794068051031,300.9496717130794,0.39286239967931563,0.6,1.3569699349930187,0.10522619335117167,0.0,231.57712418688908,232.3276771115045,0.0,0.0
12.756433258314093,28833.40261134249,119.53349068969801,225.35320886542604,1425.6428107816196,0.022038655108258233,300.9378665371674,0.3972032235927844,0.6,1.3569699349930187,0.10785306159344601,0.0,231.6968516659285,232.46402208374369,0.0,0.0
12.906508943706022,28815.366108054313,120.83128710241468,225.33533482721458,1429.5112361729955,0.0221002090200338,300.92593175794616,0.40153165397393187,0.6,1.3569699349930187,0.11051554489950494,0.0,231.8174735266758,232.6013929891663,0.0,0.0
13.056584629097953,28797.135131809235,122.12514703531205,225.31726796516307,1433.432374378237,0.022162606667686626,300.9138677461422,0.405847520255662,0.6,1.3569699349930187,0.11321376227116893,0.0,231.93897123571674,232.73976898307987,0.0,0.0
13.206660314489884,28778.710277318758,123.41501789888419,225.29900886533224,1437.406483694976,0.02222585235051006,300.90167487757304,0.41015065120224964,0.6,1.3569699349930187,0.11594783154342891,0.0,232.0613260483101,232.87912898296668,0.0,0.0
13.356735999881815,28760.092147203457,124.70084693105787,225.28055812159937,1441.433825197739,0.02228995041503989,300.8893535331712,0.41444087491553727,0.6,1.3569699349930187,0.11871786928389376,0.0,232.18451900950996,233.0194516697377,0.0,0.0
13.506811685273746,28741.28135201592,125.98258119910248,225.26191633568146,1445.5146627248832,0.022354905254872798,300.87690409900216,0.4187180188401849,0.6,1.3569699349930187,0.12152399068995626,0.0,232.30853095529545,233.16071548899643,0.0,0.0
13.656887370665675,28722.278510260618,127.26016760116981,225.24308411715563,1449.649262865628,0.022420721310486377,300.8643269662811,0.422981909767695,0.6,1.3569699349930187,0.12436630948336261,0.0,232.43334251370322,233.30289865230571,0.0,0.0
13.806963056057606,28703.084248425672,128.53355286888626,225.22406208349113,1453.837894943962,0.022487403069009423,300.85162253139674,0.42723237384392887,0.6,1.3569699349930187,0.12724493780462773,0.0,232.55893410613612,233.44597913865084,0.0,0.0
13.957038741449537,28683.699201010248,129.80268357035493,225.2048508600771,1458.0808310028262,0.022554955063996674,300.8387911959326,0.43146923657799185,0.6,1.3569699349930187,0.1301599861064495,0.0,232.68528594876713,233.58993469600983,0.0,0.0
14.107114426841466,28664.124010538493,131.06750611160882,225.18545108023702,1462.378345790559,0.022623381875239584,300.8258333666796,0.4356923228459882,0.6,1.3569699349930187,0.13311156304239075,0.0,232.8123780538043,233.73474284276972,0.0,0.0
14.257190112233397,28644.359327590588,132.3279667397284,225.16586338526017,1466.730716743015,0.022692688128508196,300.81274945565985,0.4399014569002957,0.6,1.3569699349930187,0.13609977535654286,0.0,232.94019023101282,233.88038086942888,0.0,0.0
14.407265797625328,28624.405810829732,133.58401154649508,225.1460884244288,1471.1382239659158,0.022762878495296707,300.79953988014756,0.44409646238063105,0.6,1.3569699349930187,0.1391247277724938,0.0,233.06870208935212,234.02682584042873,0.0,0.0
14.55734148301726,28604.264127017686,134.83558647054002,225.1261268550344,1475.6011502188896,0.02283395769259592,300.786205062683,0.4482771623201292,0.6,1.3569699349930187,0.14218652287752967,0.0,233.19789303848123,234.17405459583924,0.0,0.0
14.70741716840919,28583.93495103917,136.08263730046352,225.1059793424024,1480.1197808970278,0.02290593048262608,300.7727454310916,0.45244337915464705,0.6,1.3569699349930187,0.14528526100666742,0.0,233.32774229043912,234.32204375323948,0.0,0.0
14.85749285380112,28563.41896592878,137.32510967901132,225.08564655991947,1484.6944040110468,0.0229788016725475,300.7591614185056,0.4565949347355833,0.6,1.3569699349930187,0.1484210401269526,0.0,233.45822886151234,234.47076970980794,0.0,0.0
15.00756853919305,28542.716862890302,138.56294910656973,225.06512918905335,1489.3253101683943,0.023052576114186138,300.7454534633798,0.46073165034044916,0.6,1.3569699349930187,0.15159395571862896,0.0,233.58933157407424,234.62020864438148,0.0,0.0
15.157644224584981,28521.829341313212,139.79610094392308,225.04442791936995,1494.0127925542552,0.02312725870375749,300.7316220095063,0.46485334668099537,0.6,1.3569699349930187,0.1548041006528247,0.0,233.72102905838767,234.77033651947434,0.0,0.0
15.30771990997691,28500.757108798633,141.02451041682932,225.02354344855954,1498.7571469096974,0.02320285438154486,300.71766750603496,0.46895984391738194,0.6,1.3569699349930187,0.158051565071036,0.0,233.8532997546983,234.9211290836211,0.0,0.0
15.457795595368841,28479.500881181346,142.2481226211025,225.00247648245943,1503.5586715097595,0.02327936813157659,300.7035904074916,0.47305096167404653,0.6,1.3569699349930187,0.1613364362640403,0.0,233.98612191545297,235.072561873861,0.0,0.0
15.607871280760772,28458.061382540833,143.46688252504185,224.98122773506546,1508.4176671433697,0.023356804981332337,300.6893911737888,0.4771265190467681,0.6,1.3569699349930187,0.16465879854328958,0.0,234.11947360723764,235.2246102179082,0.0,0.0
15.757946966152703,28436.439345225404,144.68073497459164,224.95979792855675,1513.3344370893562,0.023435170001386934,300.67507027024567,0.48118633461880667,0.6,1.3569699349930187,0.1680187331161537,0.0,234.25333271312968,235.3772492367864,0.0,0.0
15.908022651544634,28414.635509872685,145.88962469919835,224.9381877933165,1518.309287092455,0.023514468305054097,300.6606281676047,0.4852302264793762,0.6,1.3569699349930187,0.17141631796115242,0.0,234.38767693520555,235.53045384763652,0.0,0.0
16.058098336936563,28392.650625421287,147.09349631520897,224.91639806794436,1523.3425253404325,0.023594705048047716,300.6460653420434,0.4892580122339585,0.6,1.3569699349930187,0.17485162769594242,0.0,234.5224837967911,235.684198766238,0.0,0.0
16.208174022328492,28370.48544912851,148.29229433077037,224.89442949927474,1528.4344624390058,0.023675885428107824,300.6313822751897,0.49326950901961286,0.6,1.3569699349930187,0.17832473344672994,0.0,234.65773064497222,235.83845850982092,0.0,0.0
16.358249707720425,28348.140746589423,149.48596315226104,224.87228284239623,1533.585411385445,0.023758014684605446,300.6165794541383,0.49726453352539207,0.6,1.3569699349930187,0.1818357027195567,0.0,234.793394653376,235.99320740018098,0.0,0.0
16.508325393112354,28325.617291750288,150.67444708957393,224.8499588606659,1538.7956875425762,0.023841098098153535,300.6016573714631,0.5012429020089556,0.6,1.3569699349930187,0.18538459926736098,0.0,234.9294528248685,236.1484195667018,0.0,0.0
16.658401078504287,28302.915866919535,151.85769036026238,224.82745832572064,1544.0656086124773,0.023925140990212847,300.58661652522875,0.5052044303094136,0.6,1.3569699349930187,0.18897148295254687,0.0,235.0658819941639,236.30406894927845,0.0,0.0
16.808476763896216,28280.037262784437,153.03563709635785,224.80478201749455,1549.395494607718,0.0240101487226584,300.5714574190049,0.5091489338690665,0.6,1.3569699349930187,0.19259640961415608,0.0,235.20265883086336,236.4601293017214,0.0,0.0
16.958552449288145,28256.98227842491,154.2082313517825,224.78193072423326,1554.7856678224582,0.024096126697343383,300.5561805618798,0.5130762277571379,0.6,1.3569699349930187,0.19625943093515938,0.0,235.33975984264845,236.61657419533464,0.0,0.0
17.108628134680078,28233.751721320077,155.3754171058741,224.75890524250127,1560.2364528041285,0.024183080355672102,300.54078646846796,0.5169861266805986,0.6,1.3569699349930187,0.19996059429856194,0.0,235.4771613780116,236.7733770219754,0.0,0.0
17.258703820072007,28210.3464073617,156.5371382708323,224.735706377196,1565.7481763224628,0.0242710151781304,300.52527565892353,0.5208784450080387,0.6,1.3569699349930187,0.20369994265146305,0.0,235.61483962959323,236.93051099779314,0.0,0.0
17.40877950546394,28186.76716086506,157.6933387000273,224.7123349415592,1571.3211673381813,0.02435993668381014,300.509648658951,0.5247529967964316,0.6,1.3569699349930187,0.2074775143700981,0.0,235.75277063771634,237.08794916719023,0.0,0.0
17.55885519085587,28163.014814575028,158.84396219277335,224.68879175718382,1576.9557569716096,0.024449850429932415,300.4939059998135,0.5286095958061524,0.6,1.3569699349930187,0.21129334311439854,0.0,235.8909302935017,237.24566440631298,0.0,0.0
17.7089308762478,28139.090209673763,159.98895250120614,224.6650776540224,1582.652278469972,0.024540762011349172,300.47804821834154,0.5324480555230131,0.6,1.3569699349930187,0.21514745768636767,0.0,236.0292943423446,237.40362942694802,0.0,0.0
17.85900656163973,28114.994195788335,161.12825333919793,224.64119347039534,1588.4110671735236,0.024632677060025986,300.4620758569426,0.5362681891870942,0.6,1.3569699349930187,0.21903988189254825,0.0,236.16783838775743,237.56181678082828,0.0,0.0
18.00908224703166,28090.727630996094,162.26180838958757,224.61714005299703,1594.2324604810847,0.024725601244514894,300.4459894636083,0.540069809815989,0.6,1.3569699349930187,0.22297063440086504,0.0,236.30653789505232,237.72019886376057,0.0,0.0
18.15915793242359,28066.291381827486,163.3895613098516,224.59291825689937,1600.116797815091,0.02481954026941913,300.4297895919206,0.5438527302228806,0.6,1.3569699349930187,0.2269397285918882,0.0,236.4453681948697,237.87874791958023,0.0,0.0
18.309233617815522,28041.68632326959,164.51145574136487,224.56852894555607,1606.0644205853523,0.024914499874836717,300.41347680105815,0.5476167630465818,0.6,1.3569699349930187,0.23094717241855572,0.0,236.58430448729652,238.03743604476696,0.0,0.0
18.45930930320745,28016.913338768707,165.6274353193283,224.543972990806,1612.0756721517325,0.02501048583578655,300.39705165580216,0.5513617207838172,0.6,1.3569699349930187,0.23499296826685864,0.0,236.72332184616656,238.1962351932648,0.0,0.0
18.60938498859938,27991.973320230663,166.7374436774779,224.5192512728743,1618.1508977863402,0.025107503961626053,300.3805147265408,0.5550874158041564,0.6,1.3569699349930187,0.23907711280086968,0.0,236.8623952226745,238.355117180533,0.0,0.0
18.759460673991313,27966.86716801934,167.84142445799162,224.4943646803717,1624.2904446348691,0.025205560095454854,300.36386658927245,0.5587936603822709,0.6,1.3569699349930187,0.2431995968211826,0.0,237.00149944981865,238.51405368852633,0.0,0.0
18.909536359383242,27941.595790954634,168.93932132242017,224.4693141102932,1630.4946616768332,0.0253046601135003,300.34710782560836,0.5624802667336222,0.6,1.3569699349930187,0.24736040512562893,0.0,237.1406092470836,238.67301627094392,0.0,0.0
19.059612044775175,27916.160106311087,170.0310779579148,224.4441004680176,1636.7638996844757,0.025404809924481235,300.33023902277625,0.5661470470345148,0.6,1.3569699349930187,0.25155951635554663,0.0,237.27969922450404,238.83197635778487,0.0,0.0
19.209687730167104,27890.561039811797,171.11663808621208,224.41872466730237,1643.0985111814737,0.025506015468967982,300.31326077362036,0.569793813451354,0.6,1.3569699349930187,0.25579690284911305,0.0,237.41874388720603,238.99090526043923,0.0,0.0
19.359763415559033,27864.799525620932,172.1959454751708,224.39318763027674,1649.4988504007824,0.025608282718728063,300.29617367660086,0.5734203781784261,0.6,1.3569699349930187,0.26007253050165385,0.0,237.5577176404143,239.14977417730154,0.0,0.0
19.509839100950966,27838.87650633857,173.2689439480342,224.36749028743768,1655.9652732405855,0.02571161767604096,300.27897833579453,0.577026553468128,0.6,1.3569699349930187,0.2643863586186296,0.0,237.69659479420326,239.3085541990972,0.0,0.0
19.659914786342895,27812.792932992605,174.3355773907035,224.3416335776425,1662.4981372196887,0.02581602637300348,300.261675360894,0.5806121516545995,0.6,1.3569699349930187,0.26873833976194544,0.0,237.83534956801438,239.4672163139467,0.0,0.0
19.809990471734828,27786.54976502494,175.39578976354153,224.3156184480961,1669.0978014329594,0.025921514870835185,300.2442653672028,0.5841769851924736,0.6,1.3569699349930187,0.27312841960960754,0.0,237.9739560959373,239.62573141328733,0.0,0.0
19.960066157126757,27760.147970279817,176.4495251138948,224.2894458543402,1675.7646265049282,0.026028089259153758,300.22674897563195,0.587720866698045,0.6,1.3569699349930187,0.27755653681746945,0.0,238.11238843219525,239.78407029802293,0.0,0.0
20.110141842518686,27733.588524995987,177.49672758202274,224.2631167602462,1682.498974541129,0.02613575565521362,300.20912681269914,0.5912436089685014,0.6,1.3569699349930187,0.28202262285997665,0.0,238.25062055568563,239.94220368361468,0.0,0.0
20.26021752791062,27706.87241378573,178.53734141352473,224.23663213799554,1689.3012090812115,0.02624452020317211,300.19139951051926,0.5947450250228387,0.6,1.3569699349930187,0.2865266018912004,0.0,238.3886263755917,240.10010220637378,0.0,0.0
20.41029321330255,27680.000629616596,179.5713109729422,224.20999296806224,1696.17169505018,0.02635438907332504,300.1735677067968,0.598224928146717,0.6,1.3569699349930187,0.29106839060981127,0.0,238.52637973727184,240.25773643006485,0.0,0.0
20.560368898694477,27652.974173800758,180.59858075144737,224.18320023920305,1703.1107987061773,0.026465368461286266,300.1556320448228,0.6016831319176388,0.6,1.3569699349930187,0.2956478981048239,0.0,238.66385442730066,240.41507685155824,0.0,0.0
20.71044458408641,27625.79405597107,181.61909537795756,224.15625494843485,1710.1188875902656,0.02657746458719838,300.1375931734642,0.6051194502415796,0.6,1.3569699349930187,0.3002650257126785,0.0,238.8010241791089,240.5720939071543,0.0,0.0
20.86052026947834,27598.46129405465,182.63279963329404,224.129158101009,1717.1963304754788,0.02669068369493103,300.1194517471497,0.6085336973998006,0.6,1.3569699349930187,0.3049196668847731,0.0,238.93786267918955,240.72875797954353,0.0,0.0
21.01059595487027,27570.976914254934,183.63963846145344,224.10191071039458,1724.3434973121384,0.02680503205121865,300.1012084258634,0.6119256880860563,0.6,1.3569699349930187,0.30961170704566543,0.0,239.07434357293306,240.88503940434927,0.0,0.0
21.1606716402622,27543.341951029717,184.63955697846978,224.07451379825733,1731.560759172921,0.026920515944793322,300.08286387513385,0.6152952374358148,0.6,1.3569699349930187,0.3143410234436054,0.0,239.2104404701365,241.0409084763057,0.0,0.0
21.31074732565413,27515.55744705561,185.63250048671264,224.04696839442536,1738.8484881997656,0.027037141685546336,300.06441876601554,0.618642161073637,0.6,1.3569699349930187,0.3191074850202998,0.0,239.34612695145415,241.19633545649273,0.0,0.0
21.460823011046063,27487.62445319928,186.61841448993044,224.0192755368614,1746.2070575478463,0.027154915603641788,300.0458737750739,0.6219662751630668,0.6,1.3569699349930187,0.32391095228409245,0.0,239.4813765750642,241.35129057981223,0.0,0.0
21.610898696437992,27459.54402849961,187.59724470036184,223.9914362716459,1753.6368413248565,0.027273844048554388,300.02722958437835,0.6252673964301058,0.6,1.3569699349930187,0.3287512771560566,0.0,239.61616288211252,241.50574406109223,0.0,0.0
21.76097438182992,27431.3172401224,188.56893705357683,223.96345165293317,1761.138214536285,0.027393933388202105,300.00848688147636,0.6285453422125166,0.6,1.3569699349930187,0.3336283028446768,0.0,239.75045940346791,241.65966610266443,0.0,0.0
21.911050067221854,27402.945163322824,189.5334377246292,223.93532274291474,1768.7115530270405,0.027515190008019514,299.9896463593734,0.6317999305135255,0.6,1.3569699349930187,0.33854186372629996,0.0,239.88423966678823,241.81302690228932,0.0,0.0
22.061125752613783,27374.428881423773,190.49069313711558,223.9070506117989,1776.3572334173584,0.02763762030993862,299.97070871652284,0.635030980031895,0.6,1.3569699349930187,0.34349178520101276,0.0,240.01747720248954,241.96579665984956,0.0,0.0
22.211201438005716,27345.769485769903,191.44064997628814,223.87863633776595,1784.0756330436218,0.027761230711447357,299.95167465680004,0.638238310205574,0.6,1.3569699349930187,0.34847788356501425,0.0,240.15014555042865,242.1179455848463,0.0,0.0
22.361277123397645,27316.968075678655,192.38325520564945,223.85008100692042,1791.8671298985435,0.02788602764463684,299.9325448894744,0.6414217412670005,0.6,1.3569699349930187,0.3534999658974032,0.0,240.28221826724487,242.26944390463433,0.0,0.0
22.511352808789574,27288.025758407537,193.3184560800659,223.82138571325956,1799.7321025654342,0.028012017555152896,299.91332012919236,0.6445810942868124,0.6,1.3569699349930187,0.3585578299354209,0.0,240.41366893320256,242.42026187209618,0.0,0.0
22.661428494181507,27258.94364911531,194.24620015608002,223.79255155863564,1807.6709301524818,0.028139206901146692,299.8940010959557,0.6477161912082662,0.6,1.3569699349930187,0.3636512639411331,0.0,240.54447115860694,242.57036977283823,0.0,0.0
22.811504179573436,27229.722870800477,195.16643530845582,223.7635796526958,1815.6839922317606,0.028267602152300068,299.8745885150856,0.6508268549025044,0.6,1.3569699349930187,0.36878004659411917,0.0,240.67459859132387,242.71973793362733,0.0,0.0
22.961579864965366,27200.364554253087,196.07910974747406,223.73447111283517,1823.7716687730424,0.028397209788766444,299.85508311719514,0.65391290922635,0.6,1.3569699349930187,0.37394394688887234,0.0,240.80402492451847,242.86833673107077,0.0,0.0
23.1116555503573,27170.869838024963,196.98417202708896,223.70522706416813,1831.9343400709338,0.02852803630000377,299.8354856381739,0.6569741790496384,0.6,1.3569699349930187,0.3791427239987917,0.0,240.93272390288863,243.01613659860723,0.0,0.0
23.261731235749227,27141.239868355548,197.881571061863,223.67584863945558,1840.172386682767,0.028660088183778496,299.8157968191433,0.6600104903119242,0.6,1.3569699349930187,0.38437612717790265,0.0,241.06066933042612,243.16310803521534,0.0,0.0
23.411806921141157,27111.47579911248,198.77125614533043,223.64633697904702,1848.486189360785,0.028793371945077095,299.79601740642187,0.6630216700839755,0.6,1.3569699349930187,0.38964389567037816,0.0,241.18783507851336,243.3092216144964,0.0,0.0
23.56188260653309,27081.578791757438,199.65317696021634,223.61669323084732,1856.8761289758602,0.028927894094880564,299.77614815150656,0.6660075466021127,0.6,1.3569699349930187,0.39494575858981057,0.0,241.31419509267332,243.45444799224492,0.0,0.0
23.71195829192502,27051.55001527419,200.52728359321978,223.5869185502463,1865.3425864500546,0.029063661149079476,299.75618981102997,0.6689679493178595,0.6,1.3569699349930187,0.40028143482078743,0.0,241.43972340012652,243.5987579149278,0.0,0.0
23.86203397731695,27021.39064609395,201.39352655362674,223.55701410004562,1873.8859426884922,0.029200679627376807,299.73614314671494,0.6719027089604225,0.6,1.3569699349930187,0.4056506329390965,0.0,241.56439411808017,243.74212222898484,0.0,0.0
24.01210966270888,26991.101868046404,202.25185678792414,223.52698105041094,1882.5065785024703,0.029338956052049,299.71600892534667,0.6748116575858352,0.6,1.3569699349930187,0.4110530511180361,0.0,241.6881814613898,243.88451188942275,0.0,0.0
24.16218534810081,26960.684872301223,203.1022256912687,223.49682057881475,1891.2048745335815,0.029478496946721944,299.6957879187383,0.6776946286156659,0.6,1.3569699349930187,0.416488377025577,0.0,241.81105974968747,244.02589796781234,0.0,0.0
24.312261033492742,26930.14085727685,203.94458512578962,223.46653386994686,1899.9812111856777,0.029619308835271432,299.6754809036746,0.6805514568986176,0.6,1.3569699349930187,0.4219562877545844,0.0,241.93300341574206,244.16625166167054,0.0,0.0
24.46233671888467,26899.471028571264,204.77888743963373,223.43612211564638,1908.8359685491066,0.029761398240598393,299.6550886618705,0.6833819787746216,0.6,1.3569699349930187,0.4274564497590977,0.0,242.05398701403055,244.30554430407668,0.0,0.0
24.612412404276604,26868.676598918653,205.6050854759124,223.40558651485983,1917.7695263158284,0.029904771683256396,299.6346119799469,0.6861860321052381,0.6,1.3569699349930187,0.43298851875094035,0.0,242.17398522754604,244.44374737130875,0.0,0.0
24.762488089668533,26837.75878808231,206.42313259115204,223.37492827353543,1926.7822637114125,0.030049435680348683,299.61405164936355,0.6889634563359123,0.6,1.3569699349930187,0.4385521396434679,0.0,242.29297287629097,244.58083249237663,0.0,0.0
24.912563775060462,26806.71882277157,207.23298267527755,223.34414860454183,1935.8745594186305,0.030195396744288994,299.5934084663685,0.691714092563358,0.6,1.3569699349930187,0.44414694650516373,0.0,242.4109249261224,244.71677145894685,0.0,0.0
25.062639460452395,26775.55793659426,208.03459016264247,223.31324872762158,1945.046791489267,0.030342661381371837,299.5726832319707,0.6944377835730545,0.6,1.3569699349930187,0.44977256247740477,0.0,242.52781649602684,244.85153623350288,0.0,0.0
25.212715145844324,26744.277369955096,208.82791004792503,223.28222986929126,1954.2993372699614,0.03049123609056658,299.55187675187693,0.6971343738931075,0.6,1.3569699349930187,0.45542859972052907,0.0,242.6436228662512,244.98509895847147,0.0,0.0
25.362790831236254,26712.878369953225,209.61289790607515,223.2510932627406,1963.6325733271588,0.0306411273622958,299.5309898364279,0.6998037098616857,0.6,1.3569699349930187,0.4611146593826356,0.0,242.75831948721162,245.1174319662209,0.0,0.0
25.512866516628186,26681.362190316308,210.3895099078972,223.21984014776802,1973.046875359555,0.030792341677011496,299.5100233005587,0.7024456396798816,0.6,1.3569699349930187,0.46683033155218495,0.0,242.8718819876616,245.24850778822503,0.0,0.0
25.662942202020115,26649.730091319976,211.15770283220292,223.18847177070137,1982.5426181135977,0.030944885503818666,299.4889779637497,0.7050600134531881,0.6,1.3569699349930187,0.47257519520125085,0.0,242.9842861822193,245.3782991635103,0.0,0.0
25.813017887412045,26617.98333966406,211.91743408510868,223.15698938427613,1992.1201753101902,0.031098765299277555,299.467854649948,0.7076466832569454,0.6,1.3569699349930187,0.4783488181684675,0.0,243.095508080196,245.50677904856659,0.0,0.0
25.963093572803977,26586.123208381785,212.6686617200806,223.12539424754604,2001.7799195604757,0.03125398750602891,299.446654187512,0.710205503204282,0.6,1.3569699349930187,0.48415075714926675,0.0,243.20552389462364,245.6339206274774,0.0,0.0
26.113169258195907,26554.150976781766,213.41134444728397,223.0936876258264,2011.5222222699556,0.03141055855123028,299.4253774091764,0.7127363294783431,0.6,1.3569699349930187,0.4899805576409245,0.0,243.31431004931272,245.75969731983815,0.0,0.0
26.26324494358784,26522.067930304693,214.1454416526911,223.06187079055258,2021.3474535671862,0.031568484845385714,299.40402515196115,0.7152390203972794,0.6,1.3569699349930187,0.4958377539434123,0.0,243.42184318765968,245.88408279064566,0.0,0.0
26.41332062897977,26489.87536041627,214.87091341882743,223.0299450191747,2031.255982220254,0.03172777278097752,299.3825982571045,0.7177134364847086,0.6,1.3569699349930187,0.5017218691719053,0.0,243.52810018181682,246.00705096059002,0.0,0.0
26.563396314371698,26457.574564545834,215.5877205361212,222.9979115950976,2041.2481755376728,0.03188842873084617,299.36109757002606,0.7201594405087698,0.6,1.3569699349930187,0.5076324152286061,0.0,243.63305814012548,246.12857601439364,0.0,0.0
26.71347199976363,26425.166845952474,216.29582451910775,222.96577180754858,2051.3243992903367,0.032050459046906864,299.3395239402419,0.7225768975375519,0.6,1.3569699349930187,0.5135688928084057,0.0,243.7366944153856,246.24863241009723,0.0,0.0
26.86354768515556,26392.65351359383,216.9951876267545,222.9335269514481,2061.4850176314103,0.032213870058831605,299.3178782212812,0.7249656750083375,0.6,1.3569699349930187,0.5195307914306284,0.0,243.8389866139147,246.36719488922972,0.0,0.0
27.013623370547492,26360.035882043616,217.68577287828973,222.90117832732878,2071.7303929998293,0.03237866807246605,299.2961612706353,0.7273256427817988,0.6,1.3569699349930187,0.5255175894528158,0.0,243.93991260378962,246.4842384860566,0.0,0.0
27.16369905593942,26327.315271387357,218.3675440653829,222.86872724123262,2082.060886029243,0.03254485936833218,299.2743739496922,0.7296566731840874,0.6,1.3569699349930187,0.5315287540751429,0.0,244.0394505223423,246.59973853599462,0.0,0.0
27.31377474133135,26294.493007064495,219.04046577139934,222.83617500455517,2092.4768554725233,0.032712450200379786,299.25251712363547,0.7319586410726941,0.6,1.3569699349930187,0.5375637413899925,0.0,244.1375787849451,246.71367068547852,0.0,0.0
27.463850426723283,26261.570419756994,219.70450339145523,222.80352293393568,2102.9786581108397,0.032881446794488144,299.23059166137386,0.7342314239049635,0.6,1.3569699349930187,0.5436219964397235,0.0,244.2342760939873,246.82601090203616,0.0,0.0
27.613926112115212,26228.54884531613,220.35962314165454,222.77077235118523,2113.566648648972,0.03305185534674449,299.20859843549636,0.7364749017704445,0.6,1.3569699349930187,0.5497029532253445,0.0,244.32952144576004,246.93673548201497,0.0,0.0
27.76400179750714,26195.4296245811,221.00579207771855,222.73792458310746,2124.2411796440906,0.03322368202225939,299.18653832215506,0.738688957454851,0.6,1.3569699349930187,0.5558060347774159,0.0,244.42329413902343,247.04582106020678,0.0,0.0
27.914077482899074,26162.214103249134,221.64297811539114,222.70498096137044,2135.0026014172818,0.033396932953702926,299.1644122009826,0.7408734765099281,0.6,1.3569699349930187,0.5619306532400288,0.0,244.51557378395003,247.15324461988828,0.0,0.0
28.064153168291003,26128.90363180089,222.27115004148706,222.6719428224334,2145.851261945965,0.03357161423953146,299.142220955046,0.7430283472920031,0.6,1.3569699349930187,0.5680762099109314,0.0,244.60634030925362,247.25898350082096,0.0,0.0
28.214228853682933,26095.499565332706,222.89027752936389,222.63881150738084,2156.787506785284,0.03374773194267926,299.11996547073846,0.7451534610155209,0.6,1.3569699349930187,0.5742420953192701,0.0,244.6955739700437,247.36301540807534,0.0,0.0
28.364304539074865,26062.003263397568,223.50033115842422,222.60558836176554,2167.8116789860474,0.033925292089192885,299.0976466376771,0.7472487118200885,0.6,1.3569699349930187,0.5804276893317023,0.0,244.78325535644282,247.4653184217095,0.0,0.0
28.514380224466795,26028.416089907692,224.10128242930676,222.57227473551256,2178.9241189914783,0.03410430066652278,299.0752653486415,0.7493139968230567,0.6,1.3569699349930187,0.5866323612395896,0.0,244.86936540137023,247.56587100550576,0.0,0.0
28.664455909858727,25994.73941300587,224.6931037752683,222.53887198279222,2190.1251645431853,0.034284763621961444,299.0528224994914,0.7513492161594644,0.6,1.3569699349930187,0.5928554698370725,0.0,244.9538853874808,247.66465201476407,0.0,0.0
28.814531595250656,25960.97460487367,225.27576858011875,222.5053814618305,2201.415150607196,0.03446668686140325,299.03031898904254,0.7533542730440441,0.6,1.3569699349930187,0.5990963635473247,0.0,245.0367969552827,247.7616407054242,0.0,0.0
28.964607280642586,25927.123041602154,225.84925119710584,222.47180453478128,2212.7944092787698,0.03465007624776084,299.0077557189833,0.7553290738363521,0.6,1.3569699349930187,0.6053543805575895,0.0,245.11808211145518,247.85681674340503,0.0,0.0
29.11468296603452,25893.186103103697,226.41352695741466,222.4381425676397,2224.2632696722367,0.03483493759913834,298.9851335938197,0.7572735280711457,0.6,1.3569699349930187,0.6116288489037411,0.0,245.19772323506652,247.95016021158497,0.0,0.0
29.264758651426447,25859.165172892524,226.96857218695263,222.40439693002472,2235.8220578543464,0.035021276687704085,298.9624535207321,0.759187548516734,0.6,1.3569699349930187,0.6179190866196054,0.0,245.27570308524344,248.04165161842505,0.0,0.0
29.41483433681838,25825.061637935112,227.5143642251234,222.37056899503153,2247.4710967537253,0.03520909923817684,298.9397164094787,0.7610710512399128,0.6,1.3569699349930187,0.6242244019002389,0.0,245.3520048092459,248.13127190703818,0.0,0.0
29.56491002221031,25790.876888563802,228.05088143486003,222.33666013914637,2259.210706047865,0.035398410925947935,298.91692317234094,0.7629239556416048,0.6,1.3569699349930187,0.6305440932207292,0.0,245.42661194877076,248.21900246226545,0.0,0.0
29.71498570760224,25756.61231827543,228.57810321613425,222.3026717420472,2271.041202088794,0.03558921737582535,298.89407472399245,0.7647461845043598,0.6,1.3569699349930187,0.6368774494935673,0.0,245.49950844675433,248.3048251183253,0.0,0.0
29.86506139299417,25722.269323547243,229.0960100232625,222.26860518642172,2282.962897822621,0.03578152416067756,298.87117198137884,0.7665376640525782,0.6,1.3569699349930187,0.6432237502549266,0.0,245.5706786548794,248.38872216725068,0.0,0.0
30.0151370783861,25687.84930372765,229.6045833784738,222.23446185785946,2294.9761026826795,0.035975336799649815,298.8482158636483,0.7682983240001425,0.6,1.3569699349930187,0.6495822658325092,0.0,245.64010734031638,248.4706763664583,0.0,0.0
30.16521276377803,25653.353660883786,230.10380588154402,222.20024314470106,2307.0811224971108,0.036170660756611656,298.8252072920522,0.770028097585006,0.6,1.3569699349930187,0.6559522575045464,0.0,245.70777969152635,248.55067094527178,0.0,0.0
30.315288449169962,25618.783799578043,230.59366122497315,222.16595043781714,2319.278259420801,0.036367501438995746,298.8021471897992,0.7717269216224876,0.6,1.3569699349930187,0.6623329777063712,0.0,245.77368132502406,248.6286896125292,0.0,0.0
30.46536413456189,25584.141126725564,231.07413421041826,222.1315851304673,2331.5678118393225,0.036565864196183365,298.77903648196263,0.7733947365626781,0.6,1.3569699349930187,0.6687236702462839,0.0,245.83779829238554,248.70471656445534,0.0,0.0
30.61543981995382,25549.42705149227,231.5452107557622,222.0971486181994,2343.950074257536,0.03676575431764078,298.755876095415,0.7750314865164781,0.6,1.3569699349930187,0.6751235704727785,0.0,245.9001170852783,248.77873649031227,0.0,0.0
30.765515505345753,25514.642985039452,232.0068779085484,222.06264229859678,2356.4253372426656,0.036967177031932946,298.7326669586603,0.776637119303241,0.6,1.3569699349930187,0.6815319055034346,0.0,245.96062464153113,248.8507345792339,0.0,0.0
30.915591190737683,25479.79034035964,232.4591238617499,222.0280675711157,2368.9938873351502,0.03717013750521592,298.7094100017269,0.7782115865061164,0.6,1.3569699349930187,0.687947894468205,0.0,246.01930835167073,248.9206965275726,0.0,0.0
31.065666876129615,25444.87053218104,232.90193796203835,221.993425836991,2381.6560069345446,0.03737464083932447,298.68610615610595,0.7797548435022083,0.6,1.3569699349930187,0.6943707487111549,0.0,246.07615606387205,248.98860854445988,0.0,0.0
31.215742561521544,25409.884976734575,233.33531071999977,221.9587184990054,2394.4119742346966,0.0375806920706539,298.66275635459846,0.7812668494995196,0.6,1.3569699349930187,0.7007996720273402,0.0,246.13115608905252,249.05445735754432,0.0,0.0
31.365818246913474,25374.835091549816,233.7592338238129,221.92394696128744,2407.262063149093,0.037788296168881665,298.63936153118107,0.7827475675854805,0.6,1.3569699349930187,0.7072338609271877,0.0,246.1842972065924,249.1182302194283,0.0,0.0
31.515893932305406,25339.722295338386,234.17370015019804,221.8891126291961,2420.2065432043655,0.03799745803517317,298.6159226209305,0.7841969647662197,0.6,1.3569699349930187,0.7136725048850084,0.0,246.23556866945887,249.1799149134258,0.0,0.0
31.665969617697336,25304.54800781985,234.57870377130473,221.85421690914842,2433.245679454731,0.03820818250072404,298.5924405599094,0.7856150119923716,0.6,1.3569699349930187,0.7201147865785076,0.0,246.28496020830335,249.23949975817575,0.0,0.0
31.81604530308927,25269.31364947112,234.97423996565604,221.81926120837136,2446.37973242515,0.038420474325765064,298.5689162850007,0.7870016841986325,0.6,1.3569699349930187,0.7265598821708239,0.0,246.33246203619416,249.29697361297758,0.0,0.0
31.966120988481197,25234.02064137718,235.36030523087405,221.78424693475384,2459.608958017641,0.038634338197970436,298.54535073381015,0.7883569603491386,0.6,1.3569699349930187,0.7330069616023387,0.0,246.37806485369447,249.3523258835005,0.0,0.0
32.11619667387313,25198.670405117555,235.73689728861768,221.7491754967345,2472.933607404148,0.038849778730646906,298.52174484459226,0.7896808234567307,0.6,1.3569699349930187,0.7394551888397346,0.0,246.42175985221857,249.40554652555988,0.0,0.0
32.26627235926506,25163.26436247948,236.10401509315625,221.71404830301734,2486.3539269849225,0.03906680046198061,298.49809955606025,0.7909732606147266,0.6,1.3569699349930187,0.7459037221763714,0.0,246.4635387178348,249.45662604941413,0.0,0.0
32.416348044656985,25127.803935286418,236.46165884282107,221.67886676240192,2499.8701583045618,0.03928540785359822,298.4744158072733,0.7922342630381619,0.6,1.3569699349930187,0.7523517145473668,0.0,246.5033936356492,249.5055555246989,0.0,0.0
32.56642373004892,25092.29054529691,236.8098299858032,221.64363228368327,2513.4825379415915,0.0395056052886986,298.45069453757066,0.7934638260859944,0.6,1.3569699349930187,0.758798313810263,0.0,246.54131729293513,249.5523265839478,0.0,0.0
32.71649941544085,25056.72561394415,237.1485312257685,221.60834627539361,2527.1912974592237,0.039727397071172475,298.4269366863986,0.7946619492830018,0.6,1.3569699349930187,0.7652426630519491,0.0,246.57730288192073,249.59693142574753,0.0,0.0
32.86657510083278,25021.110562119185,237.4777665305731,221.5730101455876,2540.9966633408053,0.039950787424473416,298.4031431931675,0.7958286363520134,0.6,1.3569699349930187,0.7716839009196221,0.0,246.61134410312494,249.6393628185038,0.0,0.0
33.01665078622471,24985.446810052727,237.79754113969864,221.53762530172523,2554.8988568879827,0.04017578048988425,298.379314997174,0.7969638952417022,0.6,1.3569699349930187,0.7781211619410862,0.0,246.64343516837795,249.67961410384115,0.0,0.0
33.16672647161664,24949.735777122954,238.10786156744678,221.50219315048125,2568.898094147974,0.040402380325253034,298.35545303747335,0.7980677381403198,0.6,1.3569699349930187,0.7845535768351027,0.0,246.6735708027246,249.71767919875938,0.0,0.0
33.316802157008574,24913.978881584688,238.40873560829658,221.4667150974767,2582.9945858729748,0.0406305909042479,298.3315582527001,0.7991401814968356,0.6,1.3569699349930187,0.7909802728540465,0.0,246.70174624655291,249.75355259805215,0.0,0.0
33.4668778424005,24878.177540421333,238.70017234484462,221.43119254713213,2597.1885374328317,0.04086041611485464,298.3076315809699,0.8001812460505358,0.6,1.3569699349930187,0.7974003741375898,0.0,246.7279572582399,249.78722937729043,0.0,0.0
33.61695352779243,24842.333169223068,238.98218214998244,221.3956269025468,2611.480148717821,0.041091859757712436,298.28367395979853,0.8011909568412768,0.6,1.3569699349930187,0.8038130020334564,0.0,246.75220011545227,249.81870519429512,0.0,0.0
33.767029213184365,24806.447181875476,239.25477668925996,221.36001956519002,2625.8696141179557,0.0413249255456877,298.2596863258954,0.8021693432207149,0.6,1.3569699349930187,0.8102172754510489,0.0,246.7744716161404,249.8479762902887,0.0,0.0
33.91710489857629,24770.520990389534,239.51796892693304,221.32437193473228,2640.3571224480547,0.04155961710256887,298.2356696150501,0.803116438875647,0.6,1.3569699349930187,0.8166123112305856,0.0,246.79476908029875,249.8750394918886,0.0,0.0
34.067180583968224,24734.55600479937,239.7717731287132,221.28868540894413,2654.9428568462517,0.04179593796132957,298.2116247620645,0.8040322818401898,0.6,1.3569699349930187,0.8229972244894791,0.0,246.8130903509384,249.8998922122101,0.0,0.0
34.217256269360156,24698.553632880572,240.0162048616489,221.2529613834166,2669.6269947461833,0.04203389156358423,298.1875527005654,0.8049169144986709,0.6,1.3569699349930187,0.8293711289797134,0.0,246.8294337941134,249.9225324509291,0.0,0.0
34.36733195475208,24662.515279929692,240.25128099681012,221.21720125134243,2684.40970782667,0.04227348125867852,298.1634543628572,0.8057703835978186,0.6,1.3569699349930187,0.8357331374642256,0.0,246.84379829944425,249.9429587948959,0.0,0.0
34.517407640144015,24626.44234865114,240.477019712539,221.181406403404,2699.2911619190727,0.04251471030209268,298.1393306798465,0.8065927402606685,0.6,1.3569699349930187,0.8420823620909536,0.0,246.85618328071243,249.96117041881485,0.0,0.0
34.66748332553595,24590.336238952073,240.69344049317039,221.14557822756962,2714.2715169533144,0.04275758185447058,298.11518258090564,0.8073840399854457,0.6,1.3569699349930187,0.8484179147545853,0.0,246.86658867523917,249.97716708457273,0.0,0.0
34.81755901092788,24554.198347660098,240.90056412774618,221.10971810881352,2729.350926938321,0.04300209898120588,298.09101099368337,0.8081443426445721,0.6,1.3569699349930187,0.8547389074753523,0.0,246.8750149430256,249.99094914030874,0.0,0.0
34.967634696319806,24518.030068385637,241.09841271242433,221.07382742897923,2744.529539884451,0.04324826465108725,298.06681684401315,0.808873712495806,0.6,1.3569699349930187,0.8610444527914812,0.0,246.8814630666674,250.0025175203354,0.0,0.0
35.11771038171174,24481.832791395867,241.2870096494192,221.03790756665438,2759.8074977223464,0.04349608173488415,298.0426010558289,0.8095722181817278,0.6,1.3569699349930187,0.8673336641322552,0.0,246.88593455038287,250.0118737440642,0.0,0.0
35.26778606710367,24445.60790328782,241.46637964214702,221.00195989684633,2775.184936308117,0.04374555300533236,298.01836455094593,0.8102399327168598,0.6,1.3569699349930187,0.8736056561972065,0.0,246.88843141786995,250.01901991364267,0.0,0.0
35.4178617524956,24409.356786829874,241.6365486951714,220.9659857908247,2790.6619853605575,0.043996681136016576,297.99410824895455,0.8108769334905773,0.6,1.3569699349930187,0.8798595453529158,0.0,246.88895621120028,250.02395871273376,0.0,0.0
35.56793743788753,24373.08082086334,241.79754411354298,220.92998661602365,2806.23876837407,0.0442494686998579,297.969833067154,0.8114833022678797,0.6,1.3569699349930187,0.8860944500231596,0.0,246.88751198948822,250.0266934050357,0.0,0.0
35.71801312327946,24336.781380007607,241.94939449614247,220.8939637357492,2821.915402617471,0.044503918168994246,297.9455399203549,0.8120591251703885,0.6,1.3569699349930187,0.8923094910681003,0.0,246.8841023259234,250.02722783099108,0.0,0.0
35.86808880867139,24300.459834446185,242.09212973169895,220.85791850896672,2837.6919991013287,0.044760031914149796,297.92122972073514,0.8126044926661683,0.6,1.3569699349930187,0.8985037921768101,0.0,246.87873130530113,250.02556640504432,0.0,0.0
36.01816449406332,24264.1175498259,242.2257809975146,220.8218522902007,2853.5686624986542,0.04501781220324679,297.8969033777717,0.8131194995684163,0.6,1.3569699349930187,0.9046764802690206,0.0,246.87140352209454,250.02171411349275,0.0,0.0
36.16824017945525,24227.755887045056,242.3503807532101,220.7857664293245,2869.545491115203,0.045277261200821886,297.87256179809873,0.8136042450176322,0.6,1.3569699349930187,0.9108266858803744,0.0,246.8621240771961,250.0156765108595,0.0,0.0
36.31831586484718,24191.376201970153,242.46596273219987,220.74966227127882,2885.62257689465,0.04553838096800864,297.84820588531636,0.8140588324562851,0.6,1.3569699349930187,0.9169535435451907,0.0,246.85089857394829,250.00745971547812,0.0,0.0
36.46839155023911,24154.97984531804,242.5725619382869,220.71354115595474,2901.8000053537753,0.04580117346138326,297.82383653991144,0.8144833696203484,0.6,1.3569699349930187,0.9230561921978194,0.0,246.83773311529154,249.99707040631003,0.0,0.0
36.618467235631044,24118.568162530337,242.67021464111633,220.67740441806876,2918.077855522824,0.04606564053189357,297.799454659172,0.8148779685270061,0.6,1.3569699349930187,0.9291337755706052,0.0,246.82263430051466,249.98451581931664,0.0,0.0
36.76854292102297,24082.14249344161,242.75895836359524,220.64125338683328,2934.456199980494,0.046331783925325144,297.77506113696427,0.8152427454357439,0.6,1.3569699349930187,0.9351854425641678,0.0,246.8056092199255,249.96980374152565,0.0,0.0
36.9186186064149,24045.70417214262,242.83883187555762,220.60508938582063,2950.935104805653,0.046599605281414665,297.7506568636397,0.8155778208300312,0.6,1.3569699349930187,0.9412103476396474,0.0,246.7866654509179,249.95294250663886,0.0,0.0
37.068694291806835,24009.254526890923,242.9098751896116,220.56891373287405,2967.5146295093737,0.04686910613264285,297.7262427259738,0.8158833194062272,0.6,1.3569699349930187,0.9472076512238113,0.0,246.76581105441835,249.93394099105956,0.0,0.0
37.21876997719876,23972.794879812194,242.9721295476016,220.53272773981098,2984.194827064612,0.04714028790461413,297.70181960696493,0.8161593700313315,0.6,1.3569699349930187,0.953176520075346,0.0,246.74305456896482,249.91280860729145,0.0,0.0
37.368845662590694,23936.326546703556,243.02563740988165,220.49653271222755,3000.975743893367,0.04741315191574568,297.67738838570074,0.8164061057099614,0.6,1.3569699349930187,0.959116127659354,0.0,246.71840500535842,249.88955529796698,0.0,0.0
37.51892134798263,23899.850836952104,243.07044244957552,220.46032994941748,3017.8574198038796,0.04768769937614396,297.6529499373022,0.8166236635678431,0.6,1.3569699349930187,0.9650256545455351,0.0,246.6918718423748,249.86419153104995,0.0,0.0
37.66899703337456,23863.36905332332,243.10658954121564,220.42412074416166,3034.839887989972,0.047963931387491325,297.6285051327802,0.8168121848166362,0.6,1.3569699349930187,0.9709042887836168,0.0,246.66346502100603,249.83672829340665,0.0,0.0
37.819072718766485,23826.88249168798,243.13412474496297,220.3879063824567,3051.9231750631207,0.04824184894346555,297.6040548388508,0.8169718147039943,0.6,1.3569699349930187,0.9767512262540227,0.0,246.633194937563,249.80717708310658,0.0,0.0
37.96914840415842,23790.392440933047,243.15309529764318,220.3516881434263,3069.1073010021814,0.04852145292882025,297.5795999178735,0.8171027024861548,0.6,1.3569699349930187,0.9825656710450075,0.0,246.60107243831013,249.77554990341932,0.0,0.0
38.11922408955035,23753.90018284148,243.16354960474362,220.31546729920132,3086.3922791199884,0.04880274411873937,297.5551412277691,0.8172050014037887,0.6,1.3569699349930187,0.9883468358433369,0.0,246.56710881415938,249.74185925688124,0.0,0.0
38.269299774942276,23717.406991766944,243.16553722020902,220.27924511459682,3103.778116130195,0.04908572317982328,297.5306796217995,0.8172788686171937,0.6,1.3569699349930187,0.9940939422585048,0.0,246.53131579241258,249.70611813607832,0.0,0.0
38.41937546033421,23680.914134528462,243.15910883423504,220.24302284700678,3121.264812114617,0.049370390669456414,297.5062159484948,0.8173244651679193,0.6,1.3569699349930187,0.9998062211765375,0.0,246.49370553033788,249.6683400164583,0.0,0.0
38.56945114572614,23644.422870334896,243.1443162658512,220.20680174632892,3138.8523604782963,0.04965674703497477,297.48175105160084,0.817341955956403,0.6,1.3569699349930187,1.0054829131479857,0.0,246.45429060970386,249.62853885021318,0.0,0.0
38.71952683111807,23607.93445049243,243.1212124427068,220.1705830546738,3156.5407480120534,0.049944792614583754,297.45728576988074,0.8173315096769574,0.6,1.3569699349930187,1.011123268704694,0.0,246.41308402823256,249.58672905673347,0.0,0.0
38.86960251651,23571.45011823556,243.08985138413271,220.13436800619675,3174.3299549004623,0.05023452763738824,297.43282093699906,0.8172932987634978,0.6,1.3569699349930187,1.0167265486819188,0.0,246.37009919178396,249.54292551386808,0.0,0.0
39.01967820190193,23534.97110867091,243.05028819142217,220.09815782704135,3192.2199546778556,0.05052595222257677,297.4083573814819,0.817227499359289,0.6,1.3569699349930187,1.0222920245806872,0.0,246.32534990811675,249.4971435509372,0.0,0.0
39.16975388729386,23498.498648573364,243.0025790316475,220.0619537351369,3210.2107142593827,0.05081906637982809,297.3838959265777,0.8171342912651982,0.6,1.3569699349930187,1.0278189788986922,0.0,246.27885037901675,249.44939893993345,0.0,0.0
39.31982957268579,23462.03395613405,242.94678111523942,220.0257569399476,3228.3021940002513,0.05111387001017821,297.3594373900854,0.8170138578670171,0.6,1.3569699349930187,1.0333067054138383,0.0,246.23061519094574,249.39970788506992,0.0,0.0
39.46990525807772,23425.578240907547,242.88295268226057,219.98956864241956,3246.4943476609283,0.051410362905355805,297.3349825843167,0.8168663860916032,0.6,1.3569699349930187,1.0387545095055966,0.0,246.18065930768392,249.34808701453946,0.0,0.0
39.619980943469656,23389.1327037018,242.81115299127168,219.95339003487118,3264.787122402888,0.05170854474761568,297.3105323160194,0.8166920663718066,0.6,1.3569699349930187,1.0441617085054264,0.0,246.12899806339678,249.2945533727562,0.0,0.0
39.77005662886158,23352.698536270826,242.73144229225065,219.91722230068743,3283.1804588874393,0.052008415111253155,297.2860873861682,0.8164910925580844,0.6,1.3569699349930187,1.049527631940433,0.0,246.07564715199425,249.239124408465,0.0,0.0
39.920132314253514,23316.27692124877,242.64388180949504,219.88106661425397,3301.674291258184,0.052309973462222985,297.26164858991797,0.8162636618631894,0.6,1.3569699349930187,1.0548516218179675,0.0,246.02062261881693,249.18181796542999,0.0,0.0
40.07020799964545,23279.869032092392,242.54853373146875,219.84492414089937,3320.2685471216405,0.052613219157728396,297.237216716562,0.8160099748301607,0.6,1.3569699349930187,1.0601330329654501,0.0,245.9639408537629,249.12265227473728,0.0,0.0
40.22028368503737,23243.47603280466,242.44546118467923,219.80879603662012,3338.963147643012,0.052918151447688765,297.21279254934336,0.8157302352469514,0.6,1.3569699349930187,1.0653712332645564,0.0,245.90561858069682,249.0616459429566,0.0,0.0
40.370359370429306,23207.099077802137,242.3347282116445,219.77268344794862,3357.7580075735177,0.05322476947509267,297.1883768653633,0.8154246500744898,0.6,1.3569699349930187,1.0705656038911129,0.0,245.8456728478327,248.99881794137667,0.0,0.0
40.52043505582124,23170.739311888807,242.2163997580595,219.73658751192636,3376.65303522656,0.05353307227551697,297.16397043556015,0.8150934294054467,0.6,1.3569699349930187,1.0757155396130003,0.0,245.7841210201533,248.93418759751142,0.0,0.0
40.670510741213164,23134.39787006687,242.09054165248767,219.70050935591556,3395.6481325408904,0.053843058778066014,297.1395740245792,0.8147367863981057,0.6,1.3569699349930187,1.0808204490453666,0.0,245.7209807700136,248.8677745845897,0.0,0.0
40.8205864266051,23098.075877315696,241.95722057850526,219.66445009737916,3414.7431951657845,0.054154727806671486,297.1151883906211,0.8143549371848371,0.6,1.3569699349930187,1.0858797548384116,0.0,245.65627006605195,248.79959890915202,0.0,0.0
40.97066211199703,23061.77444858065,241.81650405747087,219.62841084386903,3433.93811244061,0.054468078079670114,297.09081428543095,0.8139481008158834,0.6,1.3569699349930187,1.0908928939172604,0.0,245.59000716456237,248.72968090138085,0.0,0.0
41.120737797388955,23025.494688677394,241.66846043485972,219.5923926929304,3453.232767421191,0.05478310821014569,297.0664524542308,0.8135164992152513,0.6,1.3569699349930187,1.0958593177632034,0.0,245.5222106015165,248.65804120616934,0.0,0.0
41.27081348278089,22989.237692012866,241.51315884764443,219.55639673182407,3472.6270370083644,0.05509981670794086,297.04210363552875,0.8130603570730888,0.6,1.3569699349930187,1.1007784925499773,0.0,245.45289918030866,248.58470076941802,0.0,0.0
41.42088916817282,22953.004542564562,241.35066920375883,219.52042403750534,3492.120791943709,0.05541820197950213,297.0177685611015,0.8125799017781961,0.6,1.3569699349930187,1.1056498993362467,0.0,245.38209196233677,248.50968082747886,0.0,0.0
41.570964853564746,22916.79631384382,241.18106216997884,219.48447567658678,3511.713896816572,0.055738262327909696,296.9934479559662,0.8120753633788501,0.6,1.3569699349930187,1.1104730343315434,0.0,245.30980825935464,248.43300289858757,0.0,0.0
41.72104053895668,22880.614068644598,241.0044091411614,219.4485527050882,3531.406210190525,0.05605999595485951,296.9691425382081,0.8115469744812082,0.6,1.3569699349930187,1.1152474090229298,0.0,245.2360676216037,248.35468876959004,0.0,0.0
41.87111622434861,22844.458858953825,240.82078221470024,219.41265616834693,3551.197584647974,0.05638340096131021,296.9448530189167,0.810994970164911,0.6,1.3569699349930187,1.119972550312399,0.0,245.16088982722346,248.27476048408306,0.0,0.0
42.02119190974054,22808.331725957854,240.63025417572393,219.3767871010235,3571.087866785433,0.05670847534732512,296.92058010218636,0.8104195879346259,0.6,1.3569699349930187,1.1246480007289787,0.0,245.08429487405607,248.19324033322698,0.0,0.0
42.17126759513247,22772.23369987404,240.43289847370545,219.34094652693378,3591.076897307559,0.05703521701352912,296.89632448499935,0.809821067642935,0.6,1.3569699349930187,1.1292733185853758,0.0,245.0063029694405,248.11015084432617,0.0,0.0
42.3213432805244,22736.16579976864,240.22878919084926,219.30513545886745,3611.1645111346065,0.05736362376278698,296.87208685709965,0.8091996513854944,0.6,1.3569699349930187,1.1338480780517928,0.0,244.92693451824903,248.02551476744046,0.0,0.0
42.471418965916335,22700.129033589783,240.0180010229255,219.26935489861998,3631.3505373944054,0.05769369329999566,296.8478679010115,0.8085555834376522,0.6,1.3569699349930187,1.138371869298544,0.0,244.84621011381333,247.93935506521004,0.0,0.0
42.62149465130826,22664.124398089407,239.80060926388265,219.23360583691453,3651.6347994786,0.05802542323292805,296.8236682919829,0.8078891102039505,0.6,1.3569699349930187,1.1428442986870355,0.0,244.76415052955946,247.8516949034883,0.0,0.0
42.771570336700194,22628.15287858125,239.5766897694839,219.19788925316072,3672.017115196271,0.05835881107467113,296.7994886978189,0.8072004800972034,0.6,1.3569699349930187,1.1472649887835333,0.0,244.68077670603117,247.76255763682494,0.0,0.0
42.921646022092126,22592.21544896785,239.34631893508202,219.16220611548087,3692.4972967802264,0.058693854243656765,296.775329778896,0.8064899434646411,0.6,1.3569699349930187,1.1516335784478489,0.0,244.5961097412282,247.67196679763276,0.0,0.0
43.07172170748405,22556.313071726236,239.10957368245735,219.12655738069503,3713.075150919178,0.05903055006411673,296.75119218814854,0.8057577525446139,0.6,1.3569699349930187,1.1559497230083609,0.0,244.51017088285838,247.5799460875044,0.0,0.0
43.221797392875985,22520.4466976893,238.8665314260606,219.09094399410304,3733.750478910804,0.05936889576851715,296.7270765709175,0.805004161354219,0.6,1.3569699349930187,1.1602130942683506,0.0,244.42298151604126,247.48651936345533,0.0,0.0
43.37187307826792,22484.61726600278,238.61727004582315,219.05536688944125,3754.5230767190546,0.05970888849842869,296.7029835649179,0.804229425598662,0.6,1.3569699349930187,1.1644233805324118,0.0,244.33456315263098,247.39171062596083,0.0,0.0
43.52194876365984,22448.82570416474,238.3618678716707,219.01982698892073,3775.3927349870924,0.060050525304671656,296.6789138002605,0.8034338026198524,0.6,1.3569699349930187,1.1685802867220714,0.0,244.244937423147,247.29554400990605,0.0,0.0
43.672024449051776,22413.07292788277,238.1004036583323,218.98432520308498,3796.3592391584116,0.060393803149233545,296.6548678993527,0.8026175513125696,0.6,1.3569699349930187,1.1726835344220827,0.0,244.15412606650963,247.1980437730975,0.0,0.0
43.82210013444371,22377.35984093615,237.83295655192902,218.94886243067205,3817.4223696012114,0.060738718907241945,296.63084647680085,0.8017809320128466,0.6,1.3569699349930187,1.1767328618351396,0.0,244.0621509180979,247.09923428289352,0.0,0.0
43.972175819835634,22341.687335252474,237.55960607055692,218.91343955869004,3838.5819016098862,0.06108526936692755,296.606850139458,0.8009242064330666,0.6,1.3569699349930187,1.180728023823217,0.0,243.96903390104265,246.9991400064349,0.0,0.0
44.12225150522757,22306.05629084942,237.28043208810865,218.87805746235838,3859.837605488622,0.06143345123093267,296.5828794863804,0.8000476376081748,0.6,1.3569699349930187,1.1846687919978247,0.0,243.8747970181211,246.8977855015667,0.0,0.0
44.2723271906195,22270.467575635907,236.99551479621854,218.84271700490964,3881.1892467233156,0.06178326111906873,296.5589351086896,0.7991514897683292,0.6,1.3569699349930187,1.1885549546098,0.0,243.7794623389601,246.79519540251763,0.0,0.0
44.42240287601143,22234.922045486182,236.7049346821799,218.80741903766244,3902.636585994836,0.06213469556847721,296.53501758961806,0.7982360282648356,0.6,1.3569699349930187,1.1923863165349242,0.0,243.68305199095585,246.691394409713,0.0,0.0
44.57247856140336,22199.42054424798,236.40877251570367,218.77216440002852,3924.1793792340463,0.06248775103447562,296.5111275045104,0.7973015195259663,0.6,1.3569699349930187,1.1961626993518457,0.0,243.5855881520515,246.5864072816779,0.0,0.0
44.72255424679529,22163.96390356178,236.10710931400286,218.7369539193327,3945.8173777945403,0.06284242389333453,296.48726542069744,0.7963482309399738,0.6,1.3569699349930187,1.199883941228442,0.0,243.48709303884044,246.48025882172354,0.0,0.0
44.87262993218722,22128.552942864957,235.8000263148818,218.70178841081616,3967.5503285181953,0.06319871044330078,296.4634318974948,0.7953764307646956,0.6,1.3569699349930187,1.203549896841968,0.0,243.3875888966229,246.372973866801,0.0,0.0
45.02270561757915,22093.188469462497,235.48760496183058,218.66666867770576,3989.3779737623076,0.063556606904992,296.4396274862461,0.7943863880774729,0.6,1.3569699349930187,1.207160437398456,0.0,243.2870979921245,246.26457727933084,0.0,0.0
45.17278130297108,22057.87127841294,235.16992687841267,218.6315955111001,4011.300051542992,0.06391610942369905,296.4158527302421,0.7933783726892393,0.6,1.3569699349930187,1.210715450569492,0.0,243.1856426038634,246.15509393641904,0.0,0.0
45.322856988363014,22022.602152437274,234.84707383507438,218.59656968987832,4033.3162956691654,0.06427721407153672,296.39210816465476,0.7923526550329395,0.6,1.3569699349930187,1.2142148403358073,0.0,243.0832450110487,246.04454871742365,0.0,0.0
45.47293267375494,21987.38186203582,234.51912773106994,218.56159198081517,4055.4264357508996,0.06463991684753594,296.3683943166119,0.7913095061025027,0.6,1.3569699349930187,1.2176585269351465,0.0,242.97992748593694,245.93296649537356,0.0,0.0
45.62300835914687,21952.21116545069,234.18617057843977,218.52666313854317,4077.6301973052537,0.06500421367933619,296.34471170516747,0.7902491973989768,0.6,1.3569699349930187,1.2210464468523403,0.0,242.87571228654497,245.82037212880394,0.0,0.0
45.773084044538805,21917.09080851354,233.8482844643526,218.49178390540044,4099.927301939214,0.0653701004261454,296.32106084119465,0.7891720008038082,0.6,1.3569699349930187,1.2243785525973157,0.0,242.77062164483456,245.70679044853097,0.0,0.0
45.92315972993073,21882.021524763055,233.5055515308596,218.45695501154668,4122.317467366005,0.06573757287896824,296.29744222746086,0.7880781885103235,0.6,1.3569699349930187,1.227654812599898,0.0,242.66467775889723,245.59224624887713,0.0,0.0
46.073235415322664,21847.004035474085,233.15805396246793,218.42217717499136,4144.800407478373,0.06610662676177044,296.2738563586427,0.786968032981714,0.6,1.3569699349930187,1.2308752111947732,0.0,242.55790278676216,245.4767642807271,0.0,0.0
46.2233111007146,21812.039049517804,232.80587395190406,218.38745110145396,4167.375832534011,0.06647725773448591,296.25030372122797,0.7858418068356642,0.6,1.3569699349930187,1.2340397484013843,0.0,242.45031883560742,245.36036923945105,0.0,0.0
46.37338678610652,21777.12726341052,232.44909367524687,218.35277748441163,4190.043449223641,0.06684946139410032,296.22678479354363,0.7846997827602022,0.6,1.3569699349930187,1.2371484397536505,0.0,242.341947953215,245.2430857553204,0.0,0.0
46.523462471498455,21742.26936141177,232.08779527870277,218.31815700519596,4212.8029607089275,0.06722323327524067,296.2033000458181,0.7835422334687101,0.6,1.3569699349930187,1.2402013162338117,0.0,242.2328121219814,245.1249383867826,0.0,0.0
46.67353815689039,21707.466015440466,231.72206085390516,218.28359033290886,4235.654066780789,0.06759856885274373,296.17984994012005,0.782369431616477,0.6,1.3569699349930187,1.2431984241115739,0.0,242.1229332504729,245.00595161100517,0.0,0.0
46.82361384228231,21672.717885030066,231.35197240680804,218.24907812437715,4258.596463997001,0.06797546354388684,296.15643493032417,0.781181649695498,0.6,1.3569699349930187,1.2461398246965016,0.0,242.01233316381416,244.88614981310747,0.0,0.0
46.973689527674246,21638.025617479736,230.97761184227485,218.21462102430212,4281.629845692716,0.06835391270853358,296.1330554622087,0.7799791599818592,0.6,1.3569699349930187,1.2490255942090436,0.0,241.9010335976155,244.76555727933544,0.0,0.0
47.12376521306618,21603.389847837192,230.5990609490801,218.18021966524154,4304.753902103584,0.06873391165113005,296.10971197343935,0.7787622344847795,0.6,1.3569699349930187,1.2518558236815585,0.0,241.78905619191335,244.6441981902715,0.0,0.0
47.27384089845811,21568.81119879369,230.21640136456094,218.1458746675046,4327.968320551481,0.06911545562373275,296.0864048934947,0.7775311448270383,0.6,1.3569699349930187,1.2546306186475615,0.0,241.67642248095902,244.5220966094011,0.0,0.0
47.42391658385004,21534.290280838522,229.82971455758022,218.1115866393047,4351.272785459312,0.0694985398262299,296.06313464376564,0.7762861621867242,0.6,1.3569699349930187,1.2573500989664093,0.0,241.5631538871413,244.3992764762818,0.0,0.0
47.57399226924197,21499.827692306488,229.43908181764766,218.0773561768058,4374.666978438673,0.0698831594077611,296.0399016375834,0.7750275572599349,0.6,1.3569699349930187,1.2600143987288173,0.0,241.4492717161597,244.27576160112721,0.0,0.0
47.7240679546339,21465.424019279555,229.04458422302002,218.04318386402392,4398.15057847893,0.07026930946980665,296.0167062801491,0.7737556001526924,0.6,1.3569699349930187,1.2626236659533931,0.0,241.33479714786847,244.1515756545557,0.0,0.0
47.87414364002583,21431.079835675213,228.6463026193027,218.0090702729141,4421.723262013013,0.07065698506725239,295.99354896858875,0.7724705603079443,0.6,1.3569699349930187,1.2651780623501019,0.0,241.21975122957377,244.02674216006642,0.0,0.0
48.02421932541776,21396.795703366595,228.24431760873048,217.9750159634891,4445.384702962138,0.07104618120910926,295.9704300920305,0.7711727064685452,0.6,1.3569699349930187,1.2676777631866438,0.0,241.10415487164195,243.90128448910204,0.0,0.0
48.17429501080969,21362.572172128526,227.83870952754083,217.94102148376507,4469.13457290179,0.07143689286122884,295.9473500315639,0.7698623066002821,0.6,1.3569699349930187,1.2701229570508914,0.0,240.98802884061828,243.77522585334196,0.0,0.0
48.32437069620162,21328.409779635967,227.42955841848172,217.907087369759,4492.972541195358,0.07182911494848979,295.9243091602346,0.7685396277983202,0.6,1.3569699349930187,1.2725138455392115,0.0,240.87139375153413,243.6485892960794,0.0,0.0
48.47444638159355,21294.309051641656,227.01694401898962,217.87321414566478,4516.898275004421,0.0722228423549562,295.90130784316034,0.7672049362462358,0.6,1.3569699349930187,1.2748506430738038,0.0,240.75427006368153,243.52139768746372,0.0,0.0
48.624522066985485,21260.270501977837,226.60094574792174,217.83940232385385,4540.911439422544,0.0726180699260697,295.87834643752774,0.7658584971704465,0.6,1.3569699349930187,1.277133576733073,0.0,240.6366780760186,243.39367371935,0.0,0.0
48.77459775237741,21226.294632496705,226.18164267408497,217.80565240481562,4565.0116976550835,0.07301479247160125,295.85542529254826,0.7645005747331882,0.6,1.3569699349930187,1.279362885881901,0.0,240.51863791895832,243.26543989610224,0.0,0.0
48.92467343776934,21192.381933253568,225.7591135033346,217.77196487733843,4589.198711030275,0.0734130047658279,295.83254474957766,0.7631314319877813,0.6,1.3569699349930187,1.2815388219521884,0.0,240.40016955026175,243.1367185299677,0.0,0.0
49.074749123161276,21158.53288256908,225.3334365697556,217.7383402185708,4613.472139095321,0.07381270154910992,295.8097051421539,0.761751330847883,0.6,1.3569699349930187,1.2836616482878802,0.0,240.28129275172824,243.0075317373597,0.0,0.0
49.22482480855321,21124.74794697095,224.9046898074396,217.7047788939628,4637.831639801261,0.07421387753093174,295.7869067959541,0.7603605319913233,0.6,1.3569699349930187,1.2857316397876446,0.0,240.1620271219809,242.87790143077763,0.0,0.0
49.374900493945134,21091.02758131472,224.4729507335244,217.67128135738523,4662.276869561929,0.0746165273908719,295.76415002887165,0.7589592948016587,0.6,1.3569699349930187,1.2877490826300386,0.0,240.04239207180993,242.74784931357257,0.0,0.0
49.52497617933707,21057.372228919558,224.03829644046968,217.6378480512639,4686.8074833017,0.07502064577938948,295.7414351511044,0.757547877340897,0.6,1.3569699349930187,1.2897142740945224,0.0,239.9224068214772,242.6173968769099,0.0,0.0
49.675051864729,21023.782321542534,223.6008035764059,217.60447940655325,4711.423134621795,0.07542622732056484,295.71876246513307,0.7561265362821532,0.6,1.3569699349930187,1.291627522273221,0.0,239.8020903955804,242.48656539401534,0.0,0.0
49.825127550120925,20990.258279415222,223.16054832234013,217.57117584277228,4736.123475923541,0.075833266614134,295.6961322657424,0.7546955268315296,0.6,1.3569699349930187,1.2934891457257427,0.0,239.68146161747111,242.35537591391372,0.0,0.0
49.97520323551286,20956.800511438905,222.7176063843944,217.5379377681975,4760.9081584162395,0.0762417582356228,295.6735448401488,0.7532551027005244,0.6,1.3569699349930187,1.2952994732677905,0.0,239.56053910692597,242.22384925879504,0.0,0.0
50.12527892090479,20923.409415203,222.27205298276908,217.50476557988074,4785.776832254618,0.07665169673861776,295.6510004680092,0.7518055160676513,0.6,1.3569699349930187,1.2970588437533772,0.0,239.43934127708238,242.0920060205777,0.0,0.0
50.275354606296716,20890.085376967007,221.82396282526756,217.47165966363045,4810.729146706298,0.07706307665753404,295.628499421405,0.750347017487876,0.6,1.3569699349930187,1.2987676056787691,0.0,239.3178863283913,241.95986655413196,0.0,0.0
50.42543029168865,20856.82877186291,221.37341009896522,217.43862039421217,4835.7647501559195,0.0774758925076924,295.60604196497536,0.7488798558630086,0.6,1.3569699349930187,1.300426116944873,0.0,239.19619224648588,241.82745097486674,0.0,0.0
50.57550597708058,20823.639963968177,220.92046846371898,217.4056481354203,4860.883290205167,0.07789013878697829,295.58362835596216,0.7474042784185304,0.6,1.3569699349930187,1.3020347446636862,0.0,239.07427680036903,241.6947791566893,0.0,0.0
50.72558166247251,20790.519306284248,220.46521102856295,217.37274324005628,4886.084413845745,0.07830580997870555,295.5612588441925,0.7459205306226652,0.6,1.3569699349930187,1.30359386477822,0.0,238.9521575372388,241.5618707262073,0.0,0.0
50.87565734786444,20757.4671408815,220.0077103396583,217.33990605007173,4911.367767508203,0.07872290055243494,295.53893367217256,0.7444288561442213,0.6,1.3569699349930187,1.305103861777057,0.0,238.82985177985776,241.42874505976306,0.0,0.0
51.02573303325637,20724.48379904397,219.5480383757115,217.30713689671177,4936.732997109539,0.07914140496477312,295.5166530751822,0.7429294968356874,0.6,1.3569699349930187,1.3065651284925972,0.0,238.7073766254722,241.2954212822044,0.0,0.0
51.1758087186483,20691.56960126906,219.08626653189472,217.27443610051398,4962.179748212549,0.07956131766201673,295.49441728127084,0.741422692677656,0.6,1.3569699349930187,1.3079780657892999,0.0,238.58474894242465,241.16191826308784,0.0,0.0
51.32588440404023,20658.72485733576,218.62246560234442,217.24180397137567,4987.707666134367,0.07998263308196003,295.4722265113002,0.739908681718291,0.6,1.3569699349930187,1.309343082214867,0.0,238.4619853666607,241.02825461275467,0.0,0.0
51.475960089432164,20625.94986650835,218.15670577648984,217.20924080875554,5013.316395949473,0.08040534565396264,295.4500809790787,0.7383877000593474,0.6,1.3569699349930187,1.3106605937830722,0.0,238.33910230115356,240.8944486816616,0.0,0.0
51.62603577482409,20593.24491756863,217.68905663052482,217.17674690170523,5039.005582625592,0.08082944980121073,295.42798089137955,0.7368599818260373,0.6,1.3569699349930187,1.311931023731463,0.0,238.2161159142893,240.76051855856701,0.0,0.0
51.77611146021602,20560.610288834076,217.21958710656307,217.1443225288866,5064.7748711721315,0.08125493994318804,295.40592644794987,0.7353257590952119,0.6,1.3569699349930187,1.313154802129437,0.0,238.09304213594294,240.62648206613028,0.0,0.0
51.926187145607955,20528.04624836982,216.74836550884197,217.1119679587819,5090.62390663642,0.08168181049563501,295.3839178416505,0.7337852618809008,0.6,1.3569699349930187,1.3143323656458357,0.0,237.96989665713878,240.4923567605056,0.0,0.0
52.07626283099989,20495.553054068223,216.27545949959725,217.07968344977215,5116.552334203188,0.08211005587221348,295.36195525850655,0.7322387181189559,0.6,1.3569699349930187,1.3154641573380228,0.0,237.8466949295824,240.35815993080803,0.0,0.0
52.22633851639181,20463.130953659747,215.8009360805992,217.04746925014743,5142.559799349419,0.08253967048708749,295.34003887771155,0.730686353603257,0.6,1.3569699349930187,1.3165506262780968,0.0,237.72345216244375,240.2239085955061,0.0,0.0
52.376414201783746,20430.780184873394,215.32486158601668,217.01532559826572,5168.64594788065,0.0829706487555476,295.3181688717328,0.7291283919599947,0.6,1.3569699349930187,1.3175922272806913,0.0,237.60018332155568,240.08961950150444,0.0,0.0
52.52648988717568,20398.500975583847,214.8473016808213,216.98325272269852,5194.810425976261,0.08340298509478439,295.29634540640745,0.727565054640732,0.6,1.3569699349930187,1.3185894206986142,0.0,237.47690312972836,239.95530912447856,0.0,0.0
52.676565572567604,20366.293543833064,214.36832134856687,216.9512508422517,5221.052880335999,0.08383667392633554,295.2745686409542,0.7259965608796904,0.6,1.3569699349930187,1.319542672112754,0.0,237.35362606497304,239.8209936668811,0.0,0.0
52.82664125795954,20334.158097922933,213.88798487931186,216.91932016605725,5247.372958269597,0.08427170967759458,295.252838728033,0.7244231276513857,0.6,1.3569699349930187,1.3204524520048446,0.0,237.23036635890608,239.68668905614197,0.0,0.0
52.97671694335147,20302.094836618744,213.40635586969086,216.88746089377454,5273.770307695272,0.08470808678181452,295.23115581387924,0.7228449696692151,0.6,1.3569699349930187,1.3213192355535475,0.0,237.10713799764596,239.5524109456493,0.0,0.0
53.126792628743395,20270.103949192242,212.92349721696328,216.855673215633,5300.2445772680585,0.08514579968025787,295.2095200383304,0.7212622993639127,0.6,1.3569699349930187,1.3221435023887784,0.0,236.9839547214613,239.41817471435002,0.0,0.0
53.27686831413533,20238.185615469753,212.43947110397784,216.8239573124791,5326.795416504964,0.08558484282429639,295.18793153485535,0.7196753268312167,0.6,1.3569699349930187,1.322925736229713,0.0,236.86083002277272,239.28399546450407,0.0,0.0
53.42694399952726,20206.340006044622,211.95433899948395,216.79231335598712,5353.422475773593,0.08602521067525394,295.16639043069523,0.7180842598312378,0.6,1.3569699349930187,1.3236664246755325,0.0,236.7377771472917,239.14988802293567,0.0,0.0
53.577019684919186,20174.56728235938,211.46816165621587,216.76074150874015,5380.125406386938,0.08646689770600566,295.14489684691614,0.7164893037805049,0.6,1.3569699349930187,1.3243660589952828,0.0,236.61480909465584,239.01586694173565,0.0,0.0
53.72709537031112,20142.86759674393,210.9809990977008,216.72924192426777,5406.903860735342,0.08690989840319327,295.12345089843257,0.7148906617058717,0.6,1.3569699349930187,1.3250251337844738,0.0,236.49193861695682,238.88194649660664,0.0,0.0
53.87717105570305,20111.241092583005,210.49291061565154,216.69781474721168,5433.757492309953,0.08735420726764664,295.10205269411733,0.7132885342340676,0.6,1.3569699349930187,1.325644146724196,0.0,236.36917821945147,238.74814068764044,0.0,0.0
54.027246741094984,20079.687904797363,210.0039495269161,216.66646011380362,5460.685955454752,0.08779981881031398,295.08070233712505,0.7116831018213787,0.6,1.3569699349930187,1.3262235320826927,0.0,236.24653918442962,238.61446214507876,0.0,0.0
54.17732242648691,20048.208159205533,209.51420587257493,216.64999999999998,5487.688467312913,0.08824068321526718,295.0694935090715,0.7100503795934896,0.6,1.3569699349930187,1.3266733255128873,0.0,236.1388613755471,238.49575289583197,0.0,0.0
54.32739811187884,20016.80195317884,209.0239394355448,216.64999999999998,5514.761765451561,0.08867601520229133,295.0694935090715,0.7083888508763061,0.6,1.3569699349930187,1.3269862143003925,0.0,236.04775962446303,238.3936337261068,0.0,0.0
54.477473797270775,19985.46935664901,208.53327937048104,216.64999999999998,5541.90497256684,0.08911247130849566,295.0694935090715,0.7067259881410614,0.6,1.3569699349930187,1.327264316805977,0.0,235.95679841537154,238.29167209486383,0.0,0.0
54.6275494826627,19954.21042372261,208.04224456524324,216.64999999999998,5569.117758558004,0.08955004622594118,295.0694935090715,0.7050618553993189,0.6,1.3569699349930187,1.3275077362494387,0.0,235.86598175194646,238.18987248996248,0.0,0.0
54.777625168054634,19923.025207714036,207.55089098832727,216.64999999999998,5596.39978927274,0.08998873458154075,295.0694935090715,0.7033966423301107,0.6,1.3569699349930187,1.3277170546803296,0.0,235.7753204390911,238.08824702300035,0.0,0.0
54.92770085344657,19891.913752729575,207.05926841557456,216.64999999999998,5623.750733929436,0.09042853105640725,295.0694935090715,0.7017305176253634,0.6,1.3569699349930187,1.3278927856362615,0.0,235.68482404576463,237.9868064201617,0.0,0.0
55.07777653883849,19860.876095468222,206.56742586944836,216.64999999999998,5651.170263709493,0.09086943036321836,295.0694935090715,0.7000636474237814,0.6,1.3569699349930187,1.328035442653948,0.0,235.59450191604276,237.885561155551,0.0,0.0
55.227852224230425,19829.91226529306,206.0754116139447,216.64999999999998,5678.658051843755,0.09131142724760627,295.0694935090715,0.6983961952935985,0.6,1.3569699349930187,1.3281455390124168,0.0,235.50436316972446,237.78452145187285,0.0,0.0
55.37792790962236,19799.02228439307,205.58327315752177,216.64999999999998,5706.213773617645,0.09175451648824032,295.0694935090715,0.6967283222425072,0.6,1.3569699349930187,1.328223587560596,0.0,235.4144167044387,237.68369728279382,0.0,0.0
55.52800359501428,19768.206167910666,205.09105725688963,216.64999999999998,5733.837106404281,0.09219869289735944,295.0694935090715,0.6950601867305012,0.6,1.3569699349930187,1.3282701005643522,0.0,235.32467119792256,237.58309837549575,0.0,0.0
55.678079280406216,19737.46392400247,204.5988099144669,216.64999999999998,5761.527729755968,0.09264395132224337,295.0694935090715,0.6933919446612559,0.6,1.3569699349930187,1.328285589486572,0.0,235.2351351091595,237.48273421195202,0.0,0.0
55.82815496579815,19706.79555396191,204.10657637842993,216.64999999999998,5789.285325439284,0.09309028664577683,295.0694935090715,0.6917237493822959,0.6,1.3569699349930187,1.3282705647883284,0.0,235.14581668001463,237.38261403076015,0.0,0.0
55.978230651190074,19676.201052388464,203.61440114894268,216.64999999999998,5817.109577425802,0.09353769378630031,295.0694935090715,0.6900557517061073,0.6,1.3569699349930187,1.3282255358017359,0.0,235.05672393800535,237.28274683024793,0.0,0.0
56.12830633658201,19645.680407245087,203.12232797812186,216.64999999999998,5845.000171982063,0.0939861676990568,295.0694935090715,0.6883880999100205,0.6,1.3569699349930187,1.3281510105460914,0.0,234.96786469794412,237.18314137031453,0.0,0.0
56.27838202197394,19615.233599955376,202.63039986854258,216.64999999999998,5872.956797722714,0.09443570337704628,295.0694935090715,0.686720939731145,0.6,1.3569699349930187,1.3280474955174213,0.0,234.87924656333502,237.08380617399627,0.0,0.0
56.428457707365865,19584.860605580998,202.1386590802425,216.64999999999998,5900.979145588066,0.09488629585066483,295.0694935090715,0.6850544143901072,0.6,1.3569699349930187,1.3279154955735517,0.0,234.79087692931563,236.98474953076388,0.0,0.0
56.5785333927578,19554.561392896056,201.64714713292145,216.64999999999998,5929.066908913987,0.09533794018882852,295.0694935090715,0.6833886645985044,0.6,1.3569699349930187,1.3277555137795476,0.0,234.70276298473468,236.8859794988518,0.0,0.0
56.72860907814973,19524.33592447188,201.1559048050798,216.64999999999998,5957.2197834911985,0.09579063149992681,295.0694935090715,0.6817238285559858,0.6,1.3569699349930187,1.3275680512118686,0.0,234.61491171369116,236.78750390698326,0.0,0.0
56.87868476354166,19494.184156829302,200.66497213949003,216.64999999999998,5985.43746756021,0.0962443649317412,295.0694935090715,0.6800600419687943,0.6,1.3569699349930187,1.3273536068330702,0.0,234.52732989821675,236.68933035737695,0.0,0.0
57.02876044893359,19464.106040552804,200.17438844810982,216.64999999999998,6013.719661839208,0.0966991356718936,295.0694935090715,0.6783974380664186,0.6,1.3569699349930187,1.327112677368987,0.0,234.44002412085655,236.5914662286402,0.0,0.0
57.17883613432552,19434.101520359363,199.68419231250934,216.64999999999998,6042.066069592959,0.09715493894895431,295.0694935090715,0.6767361476030402,0.6,1.3569699349930187,1.326845757137618,0.0,234.35300076645262,236.4939186777679,0.0,0.0
57.328911819717455,19404.170535222234,199.19442158729518,216.64999999999998,6070.476396648599,0.09761177003269592,295.0694935090715,0.6750762988691382,0.6,1.3569699349930187,1.3265533379075785,0.0,234.26626602446646,236.39669464274598,0.0,0.0
57.47898750510938,19374.313018520017,198.7051134074206,216.64999999999998,6098.950351385009,0.09806962423392242,295.0694935090715,0.6734180177162629,0.6,1.3569699349930187,1.3262359088048299,0.0,234.17982589198746,236.29980084592373,0.0,0.0
57.62906319050131,19344.528898095214,198.2163041898307,216.64999999999998,6127.4876448061295,0.09852849690564812,295.0694935090715,0.6717614275626119,0.6,1.3569699349930187,1.3258939561648084,0.0,234.09368617573352,236.2032437962563,0.0,0.0
57.779138875893246,19314.81809635982,197.7280296358945,216.64999999999998,6156.087990568312,0.09898838344353748,295.0694935090715,0.6701066494012727,0.6,1.3569699349930187,1.3255279633866848,0.0,234.0078524941934,236.10702979170608,0.0,0.0
57.92921456128517,19285.180530452013,197.2403247395637,216.64999999999998,6184.751104956196,0.09944927928551714,295.0694935090715,0.668453801827873,0.6,1.3569699349930187,1.3251384108554674,0.0,233.9223302807721,236.01116492276864,0.0,0.0
58.079290246677104,19255.616112303884,196.7532237904796,216.64999999999998,6213.47670694201,0.09991117991272953,295.0694935090715,0.666803001051109,0.6,1.3569699349930187,1.3247257758171287,0.0,233.8371247860388,235.91565507499243,0.0,0.0
58.22936593206904,19226.124748735245,196.26676037670111,216.64999999999998,6242.264518218371,0.10037408085006028,295.0694935090715,0.6651543609019926,0.6,1.3569699349930187,1.324290532244838,0.0,233.7522410799059,235.8205059314212,0.0,0.0
58.37944161746096,19196.706341592315,195.78096739185534,216.64999999999998,6271.114263185334,0.1008379776659299,295.0694935090715,0.6635079928580836,0.6,1.3569699349930187,1.3238331507572978,0.0,233.6676840545743,235.72572297589574,0.0,0.0
58.529517302852895,19167.360787846566,195.29587704059887,216.64999999999998,6300.025668973904,0.10130286597267202,295.0694935090715,0.6618640060619984,0.6,1.3569699349930187,1.3233540985248546,0.0,233.58345842717125,235.6313114960105,0.0,0.0
58.67959298824483,19138.087979668588,194.81152084153263,216.64999999999998,6328.998465492428,0.10176874142727911,295.0694935090715,0.6602225073312888,0.6,1.3569699349930187,1.32285383914828,0.0,233.49956874193677,235.5372765855646,0.0,0.0
58.82966867363676,19108.887804548744,194.3279296331871,216.64999999999998,6358.032385425181,0.10223559973137995,295.0694935090715,0.6585836011787263,0.6,1.3569699349930187,1.3223328325712942,0.0,233.41601937293484,235.44362314760087,0.0,0.0
58.979744359028686,19079.76014542389,193.8451335816637,216.64999999999998,6387.127164222393,0.10270343663107921,295.0694935090715,0.6569473898381982,0.6,1.3569699349930187,1.3217915350166156,0.0,233.33281452703648,235.35035589774952,0.0,0.0
59.12982004442062,19050.704880735284,193.3631621836044,216.64999999999998,6416.2825401567525,0.10317224791786597,295.0694935090715,0.6553139732747727,0.6,1.3569699349930187,1.3212303988748941,0.0,233.24995824608197,235.2574793666521,0.0,0.0
59.27989572981255,19021.721884538245,192.8820442717796,216.64999999999998,6445.498254326782,0.10364202942866806,295.0694935090715,0.6536834492036355,0.6,1.3569699349930187,1.3206498726204323,0.0,233.16745440948512,235.16499790288043,0.0,0.0
59.42997141520448,18992.811026635736,192.40180802359362,216.64999999999998,6474.774050633666,0.10411277704547935,295.0694935090715,0.6520559131189159,0.6,1.3569699349930187,1.3200504007641238,0.0,233.0853067373215,235.07291567639874,0.0,0.0
59.58004710059641,18963.972172638398,191.92248096473145,216.64999999999998,6504.109675830075,0.10458448669614501,295.0694935090715,0.650431458306045,0.6,1.3569699349930187,1.319432423757408,0.0,233.00351879256698,234.98123668107235,0.0,0.0
59.73012278598834,18935.20518406364,191.4440899748099,216.64999999999998,6533.504879528003,0.10505715435448736,295.0694935090715,0.6488101758609086,0.6,1.3569699349930187,1.3187963779175282,0.0,232.92209398366657,234.8899647375477,0.0,0.0
59.88019847138027,18906.50991845802,190.96666129541495,216.64999999999998,6562.9594141806,0.10553077604001383,295.0694935090715,0.6471921547170851,0.6,1.3569699349930187,1.3181426953830389,0.0,232.8410355674924,234.79910349656777,0.0,0.0
60.0302741567722,18877.886229479867,190.49022053561322,216.64999999999998,6592.473035102304,0.10600534781824066,295.0694935090715,0.6455774816645248,0.6,1.3569699349930187,1.3174718040450926,0.0,232.76034665185222,234.70865644178394,0.0,0.0
60.180349842164134,18849.333966975748,190.01479267686597,216.64999999999998,6622.045500493692,0.1064808658010925,295.0694935090715,0.6439662413662028,0.6,1.3569699349930187,1.3167841274737844,0.0,232.68003019788085,234.61862689243688,0.0,0.0
60.33042552755606,18820.852977094677,189.54040208080346,216.64999999999998,6651.676571425492,0.1069573261466453,295.0694935090715,0.6423585163844676,0.6,1.3569699349930187,1.3160800848783938,0.0,232.60008902289806,234.52901800655977,0.0,0.0
60.48050121294799,18792.443102391662,189.06707249656782,216.64999999999998,6681.366011831118,0.10743472505900635,295.0694935090715,0.6407543872059251,0.6,1.3569699349930187,1.3153600910662593,0.0,232.52052580317135,234.43983278407532,0.0,0.0
60.630576898339925,18764.10418188365,188.59482706476928,216.64999999999998,6711.113588546977,0.10791305878896228,295.0694935090715,0.6391539322548476,0.6,1.3569699349930187,1.3146245563665977,0.0,232.44134307608965,234.3510740692324,0.0,0.0
60.78065258373185,18735.836051159804,188.1236883254859,216.64999999999998,6740.919071294312,0.10839232363368724,295.0694935090715,0.6375572279202841,0.6,1.3569699349930187,1.3138738866013746,0.0,232.36254324299867,234.26274455378427,0.0,0.0
60.93072826912378,18707.638542490964,187.65367822643904,216.64999999999998,6770.7822326594105,0.10887251593642458,295.0694935090715,0.635964348583768,0.6,1.3569699349930187,1.3131084830612467,0.0,232.28412857204168,234.17484678017271,0.0,0.0
61.080803954515716,18679.511484881496,187.1848181268662,216.64999999999998,6800.7028481326015,0.10935363208711388,295.0694935090715,0.634375366632442,0.6,1.3569699349930187,1.312328742435472,0.0,232.20610120025975,234.08738314388262,0.0,0.0
61.23087963990764,18651.454704170632,186.71712880545286,216.64999999999998,6830.680696093297,0.10983566852215051,295.0694935090715,0.6327903524859391,0.6,1.3569699349930187,1.311535056790378,0.0,232.12846313635114,234.00035589653473,0.0,0.0
61.380955325299574,18623.468023137055,186.25063046857952,216.64999999999998,6860.715557789215,0.1103186217240515,295.0694935090715,0.6312093746243324,0.6,1.3569699349930187,1.3107278135539884,0.0,232.05121626345746,233.91376714900903,0.0,0.0
61.53103101069151,18595.551261565313,185.7853427554852,216.64999999999998,6890.807217354284,0.11080248822174339,295.0694935090715,0.6296324996056344,0.6,1.3569699349930187,1.3099073954674174,0.0,231.97436234141594,233.82761887396913,0.0,0.0
61.68110669608344,18567.704236322843,185.3212847447199,216.64999999999998,6920.955461813604,0.11128726459064212,295.0694935090715,0.6280597920876644,0.6,1.3569699349930187,1.3090741805541797,0.0,231.89790300920495,233.74191290860387,0.0,0.0
61.831182381475365,18539.926761465525,184.85847496302378,216.64999999999998,6951.160081055592,0.11177294745220497,295.0694935090715,0.6264913148581406,0.6,1.3569699349930187,1.3082285421200903,0.0,231.82183978776663,233.65665095779087,0.0,0.0
61.9812580668673,18512.218648318318,184.39693139188245,216.64999999999998,6981.420867828777,0.1122595334738792,295.0694935090715,0.6249271288568956,0.6,1.3569699349930187,1.307370848727781,0.0,231.74617408242065,233.5718345968027,0.0,0.0
62.13133375225923,18484.57970552832,183.93667147216902,216.64999999999998,7011.737617766996,0.11274701936950708,295.0694935090715,0.6233672931916093,0.6,1.3569699349930187,1.3065014641517543,0.0,231.67090718494367,233.48746527363735,0.0,0.0
62.281409437651156,18457.009739173052,183.47771211388175,216.64999999999998,7042.110129352542,0.11323540189873336,295.0694935090715,0.6218118651708093,0.6,1.3569699349930187,1.3056207473963937,0.0,231.59604027646085,233.40354431225978,0.0,0.0
62.43148512304309,18429.508552845917,183.02006970346446,216.64999999999998,7072.538203901842,0.11372467786677498,295.0694935090715,0.6202609003286806,0.6,1.3569699349930187,1.3047290526867286,0.0,231.52157442991435,233.32007291536868,0.0,0.0
62.58156080843502,18402.07594769988,182.56376010765567,216.64999999999998,7103.021645595575,0.11421484412490532,295.0694935090715,0.6187144524381102,0.6,1.3569699349930187,1.3038267294202979,0.0,231.4475106119445,233.23705216650538,0.0,0.0
62.73163649382695,18374.711722548665,182.1087986831176,216.64999999999998,7133.560261443534,0.11470589756988922,295.0694935090715,0.61717257354332,0.6,1.3569699349930187,1.3029141221915206,0.0,231.37384968568946,233.15448303319187,0.0,0.0
62.88171217921888,18347.41567395312,181.6552002843522,216.64999999999998,7164.153861263615,0.11519783514364518,295.0694935090715,0.6156353139866947,0.6,1.3569699349930187,1.301991570797023,0.0,231.3005924132781,233.0723663697254,0.0,0.0
63.03178786461081,18320.187596272033,181.20297926822434,216.64999999999998,7194.802257698655,0.11569065383351598,295.0694935090715,0.6141027224241109,0.6,1.3569699349930187,1.3010594102016657,0.0,231.22773945775108,232.99070291933154,0.0,0.0
63.18186355000274,18293.02728173824,180.75214950154233,216.64999999999998,7225.505266203492,0.11618435067206076,295.0694935090715,0.6125748458506279,0.6,1.3569699349930187,1.3001179705450108,0.0,231.15529138545415,232.9094933168473,0.0,0.0
63.33193923539467,18265.934520554132,180.30272437046773,216.64999999999998,7256.26270500802,0.11667892273646081,295.0694935090715,0.6110517296323775,0.6,1.3569699349930187,1.299167577172282,0.0,231.08324866869899,232.82873809170357,0.0,0.0
63.482014920786604,18238.909100950517,179.85471678593865,216.64999999999998,7287.074395119655,0.11717436714855933,295.0694935090715,0.609533417524944,0.6,1.3569699349930187,1.2982085506175978,0.0,231.01161168775766,232.74843767016068,0.0,0.0
63.63209060617854,18211.95080923625,179.4081391887435,216.64999999999998,7317.940160334864,0.11767068107504682,295.0694935090715,0.6080199516905594,0.6,1.3569699349930187,1.2972412065857157,0.0,230.9403807327808,232.6685923774587,0.0,0.0
63.78216629157046,18185.059429902572,178.96300356041584,216.64999999999998,7348.859827186549,0.11816786172661488,295.0694935090715,0.6065113727350262,0.6,1.3569699349930187,1.296265856008621,0.0,230.86955600662125,232.58920244098258,0.0,0.0
63.932241976962395,18158.234745685677,178.51932142932776,216.64999999999998,7379.833224936926,0.11866590635784185,295.0694935090715,0.6050077197283678,0.6,1.3569699349930187,1.2952828050434497,0.0,230.7991376268633,232.5102679925367,0.0,0.0
64.08231766235433,18131.47653760253,178.0771038743319,216.64999999999998,7410.860185599841,0.11916481226755168,295.0694935090715,0.6035090302171721,0.6,1.3569699349930187,1.2942923550419454,0.0,230.72912562744244,232.43178907016056,0.0,0.0
64.23239334774625,18104.784585050154,177.63636153558062,216.64999999999998,7441.940543888287,0.11966457679796984,295.0694935090715,0.6020153402612576,0.6,1.3569699349930187,1.2932948026129174,0.0,230.65951996138082,232.35376562119498,0.0,0.0
64.38246903313818,18078.158665874165,177.1971046217101,216.64999999999998,7473.074137195127,0.12016519733441348,295.0694935090715,0.6005266844580205,0.6,1.3569699349930187,1.2922904396403339,0.0,230.5903205029177,232.27619750467034,0.0,0.0
64.53254471853012,18051.598556405075,176.75934291353204,216.64999999999998,7504.260805610057,0.12066667130556422,295.0694935090715,0.599043095954946,0.6,1.3569699349930187,1.2912795532588066,0.0,230.52152704906754,232.19908449305302,0.0,0.0
64.68262040392204,18025.104031532435,176.32308577239135,216.64999999999998,7535.5003918908615,0.12116899618300578,295.0694935090715,0.5975646064779331,0.6,1.3569699349930187,1.290262425890983,0.0,230.45313932189234,232.12242627479242,0.0,0.0
64.83269608931397,17998.67486478967,175.88834214965118,216.64999999999998,7566.792741420035,0.12167216948052667,295.0694935090715,0.5960912463634392,0.6,1.3569699349930187,1.289239335301316,0.0,230.38515697092276,232.04622245703513,0.0,0.0
64.98277177470591,17972.310828392812,175.45512059077274,216.64999999999998,7598.137702213945,0.12217618875426739,295.0694935090715,0.5946230445723072,0.6,1.3569699349930187,1.288210554581935,0.0,230.31757957470788,231.97047256736192,0.0,0.0
65.13284746009784,17946.011693286502,175.0234292406163,216.64999999999998,7629.535124922364,0.12268105160271295,295.0694935090715,0.5931600287077303,0.6,1.3569699349930187,1.2871763521563142,0.0,230.2504066425376,231.89517605571854,0.0,0.0
65.28292314548978,17919.77722924308,174.59327585501399,216.64999999999998,7660.984862762937,0.12318675566563912,295.0694935090715,0.591702225054473,0.6,1.3569699349930187,1.2861369918661056,0.0,230.18363761711765,231.82033229741415,0.0,0.0
65.4329988308817,17893.60720490397,174.1646678054062,216.64999999999998,7692.486771522496,0.12369329862413356,295.0694935090715,0.5902496585945838,0.6,1.3569699349930187,1.2850927329696635,0.0,230.117271876138,231.7459405948794,0.0,0.0
65.58307451627363,17867.501387808174,173.737612082152,216.64999999999998,7724.040709572888,0.12420067820085033,295.0694935090715,0.5888023530186142,0.6,1.3569699349930187,1.2840438301249002,0.0,230.05130873361824,231.6720001791747,0.0,0.0
65.73315020166557,17841.459544488458,173.31211530611665,216.64999999999998,7755.646537803695,0.1247088921589281,295.0694935090715,0.5873603307648895,0.6,1.3569699349930187,1.2829905334821716,0.0,229.98574744251246,231.59851021290987,0.0,0.0
65.88322588705749,17815.481440523017,172.8881837348529,216.64999999999998,7787.304119606613,0.12521793830173886,295.0694935090715,0.5859236130404571,0.6,1.3569699349930187,1.2819330887083136,0.0,229.92058719644993,231.52546979219554,0.0,0.0
66.03330157244942,17789.56684055865,172.4658232653573,216.64999999999998,7819.013320893309,0.12572781447317513,295.0694935090715,0.5844922198304281,0.6,1.3569699349930187,1.2808717369670417,0.0,229.8558271309305,231.4528779479829,0.0,0.0
66.18337725784136,17763.71550838227,172.04503944291727,216.64999999999998,7850.7740100531255,0.12623851855696985,295.0694935090715,0.5830661699279597,0.6,1.3569699349930187,1.2798067149812324,0.0,229.7914663254368,231.38073364843154,0.0,0.0
66.33345294323328,17737.92720699494,171.62583747032966,216.64999999999998,7882.58605790566,0.12675004847593388,295.0694935090715,0.5816454809654976,0.6,1.3569699349930187,1.2787382551021336,0.0,229.72750380557605,231.30903580131024,0.0,0.0
66.48352862862521,17712.20169863263,171.20822221053905,216.64999999999998,7914.4493377172885,0.12726240219222165,295.0694935090715,0.5802301694237174,0.6,1.3569699349930187,1.2776665852929496,0.0,229.6639385441941,231.23778325524557,0.0,0.0
66.63360431401715,17686.53874480847,170.79219819200932,216.64999999999998,7946.363725190369,0.1277755777071576,295.0694935090715,0.578820250649729,0.6,1.3569699349930187,1.2765919291499013,0.0,229.6007694628908,231.16697480142074,0.0,0.0
66.78367999940907,17660.938106405887,170.3777696205947,216.64999999999998,7978.32909838753,0.12828957306001876,295.0694935090715,0.5774157388973072,0.6,1.3569699349930187,1.2755145060117181,0.0,229.5379954345001,231.09660917635557,0.0,0.0
66.933755684801,17635.399543700885,169.96494038260948,216.64999999999998,8010.345337742258,0.12880438632820487,295.0694935090715,0.5760166473372963,0.6,1.3569699349930187,1.2744345309535854,0.0,229.47561528420866,231.02668506316024,0.0,0.0
67.08383137019294,17609.92281638396,169.55371404773473,216.64999999999998,8042.412326069286,0.1293200156274057,295.0694935090715,0.5746229880674603,0.6,1.3569699349930187,1.2733522147796315,0.0,229.41362779063655,230.9572010927469,0.0,0.0
67.23390705558487,17584.507683652366,169.14409388103445,216.64999999999998,8074.529948485291,0.12983645911032557,295.0694935090715,0.5732347721532058,0.6,1.3569699349930187,1.2722677641393128,0.0,229.3520316882731,230.88815584655993,0.0,0.0
67.38398274097679,17559.15390424624,168.73608284797504,216.64999999999998,8106.698092398182,0.1303537149665113,295.0694935090715,0.571852009644594,0.6,1.3569699349930187,1.2711813815517987,0.0,229.29082566883153,230.8195478580945,0.0,0.0
67.53405842636873,17533.86123646034,168.3296836162147,216.64999999999998,8138.916647526486,0.1308717814226639,295.0694935090715,0.5704747095824043,0.6,1.3569699349930187,1.2700932653876549,0.0,229.23000838210373,230.75137561385463,0.0,0.0
67.68413411176066,17508.629438212396,167.92489856471255,216.64999999999998,8171.185505845793,0.13139065674177738,295.0694935090715,0.5691028800290056,0.6,1.3569699349930187,1.2690036099505542,0.0,229.169578437896,230.68363755552315,0.0,0.0
67.83420979715258,17483.45826710674,167.52172979243824,216.64999999999998,8203.504561539265,0.13191033922234294,295.0694935090715,0.5677365280978733,0.6,1.3569699349930187,1.2679126055556418,0.0,229.1095344078797,230.61633208203602,0.0,0.0
67.98428548254452,17458.347480439323,167.12017911956363,216.64999999999998,8235.873711021868,0.1324308271987387,295.0694935090715,0.5663756599576288,0.6,1.3569699349930187,1.2668204385072341,0.0,229.04987482630128,230.54945755037838,0.0,0.0
68.13436116793645,17433.29683523638,166.72024809279023,216.64999999999998,8268.292852920842,0.13295211904091553,295.0694935090715,0.5650202808500928,0.6,1.3569699349930187,1.265727291133188,0.0,228.99059819129621,230.48301227705718,0.0,0.0
68.28443685332837,17408.30608834121,166.32193799722842,216.64999999999998,8300.761887992372,0.1334742131530573,295.0694935090715,0.5636703951305461,0.6,1.3569699349930187,1.264633341910509,0.0,228.93170296715306,230.41699454063928,0.0,0.0
68.43451253872031,17383.374996419687,165.92524985788876,216.64999999999998,8333.28071914178,0.13399710797390535,295.0694935090715,0.5623260062727821,0.6,1.3569699349930187,1.2635387654509493,0.0,228.87318758501627,230.35140258253907,0.0,0.0
68.58458822411224,17358.503315976413,165.53018444215348,216.64999999999998,8365.849251429529,0.13452080197685531,295.0694935090715,0.5609871168774839,0.6,1.3569699349930187,1.2624437324999935,0.0,228.8150504437241,230.28623460795782,0.0,0.0
68.73466390950416,17333.690803442565,165.13674227195713,216.64999999999998,8398.467391982398,0.1350452936685286,295.0694935090715,0.5596537287135047,0.6,1.3569699349930187,1.26134841007069,0.0,228.75728991205943,230.2214887884067,0.0,0.0
68.8847395948961,17308.937215198126,164.74492362757678,216.64999999999998,8431.135049988552,0.13557058158869312,295.0694935090715,0.5583258427307123,0.6,1.3569699349930187,1.2602529614641544,0.0,228.69990432974242,230.15716326281938,0.0,0.0
69.03481528028803,17284.242307573804,164.35472854847828,216.64999999999998,8463.85213671896,0.13609666431060793,295.0694935090715,0.5570034590628578,0.6,1.3569699349930187,1.259157546249847,0.0,228.64289200798007,230.09325613816813,0.0,0.0
69.18489096567995,17259.605836916013,163.96615684251157,216.64999999999998,8496.618565464649,0.13662354044001396,295.0694935090715,0.5556865770587384,0.6,1.3569699349930187,1.2580623203619272,0.0,228.58625123122445,230.02976549143472,0.0,0.0
69.3349666510719,17235.027559640734,163.57920809395696,216.64999999999998,8529.434251486786,0.1371512086143316,295.0694935090715,0.5543751953094669,0.6,1.3569699349930187,1.2569674361817726,0.0,228.52998025873995,229.96668937136712,0.0,0.0
69.48504233646382,17210.50723222512,163.19388166333138,216.64999999999998,8562.299112048666,0.13767966750317498,295.0694935090715,0.5530693116478143,0.6,1.3569699349930187,1.2558730425073583,0.0,228.47407732495498,229.9040257988738,0.0,0.0
69.63511802185576,17186.04461124276,162.8101766925926,216.64999999999998,8595.213066389042,0.13820891580792305,295.0694935090715,0.5517689231658481,0.6,1.3569699349930187,1.2547792845974899,0.0,228.4185406405893,229.8417727682874,0.0,0.0
69.78519370724769,17161.639453444073,162.42809211681598,216.64999999999998,8628.176035633265,0.13873895226029082,295.0694935090715,0.5504740262545045,0.6,1.3569699349930187,1.2536863043080737,0.0,228.3633683947,229.77992824965798,0.0,0.0
69.93526939263961,17137.29151574741,162.04762666416735,216.64999999999998,8661.18794282312,0.1392697756228091,295.0694935090715,0.5491846166034966,0.6,1.3569699349930187,1.2525942400669192,0.0,228.30855875501445,229.71849018912653,0.0,0.0
70.08534507803155,17113.000555250273,161.6687788579384,216.64999999999998,8694.248712919514,0.13980138468886769,295.0694935090715,0.5479006892082123,0.6,1.3569699349930187,1.2515032268767492,0.0,228.25410986855536,229.65745650962532,0.0,0.0
70.23542076342348,17088.766329312533,161.29154702869454,216.64999999999998,8727.358272706138,0.1403337782811663,295.0694935090715,0.5466222384108842,0.6,1.3569699349930187,1.250413396461395,0.0,228.2000198637053,229.59682511319232,0.0,0.0
70.3854964488154,17064.5885955665,160.9159293168379,216.64999999999998,8760.51655079099,0.1408669552517391,295.0694935090715,0.5453492579092754,0.6,1.3569699349930187,1.2493248772794514,0.0,228.14628685087322,229.53659388171818,0.0,0.0
70.53557213420734,17040.467111910588,160.54192367257247,216.64999999999998,8793.72347763019,0.14140091448233755,295.0694935090715,0.5440817407565612,0.6,1.3569699349930187,1.248237794501321,0.0,228.09290892278125,229.47676067726778,0.0,0.0
70.68564781959927,17016.401636570943,160.1695278650571,216.64999999999998,8826.978985457727,0.14193565488330084,295.0694935090715,0.5428196793923493,0.6,1.3569699349930187,1.2471522701162163,0.0,228.0398841560543,229.41732334386208,0.0,0.0
70.8357235049912,16992.391928146288,159.79873948970047,216.64999999999998,8860.28300823664,0.14247117539277085,295.0694935090715,0.5415630656674024,0.6,1.3569699349930187,1.2460684230149839,0.0,227.9872106125239,229.3582797089396,0.0,0.0
70.98579919038313,16968.437745588384,159.42955596669088,216.64999999999998,8893.635481698408,0.14300747497732552,295.0694935090715,0.5403118908386558,0.6,1.3569699349930187,1.244986368949801,0.0,227.934886339273,229.2996275834066,0.0,0.0
71.13587487577506,16944.538848234184,159.06197454602815,216.64999999999998,8927.036343310589,0.14354455263145857,295.0694935090715,0.5390661455862702,0.6,1.3569699349930187,1.2439062205854563,0.0,227.88290936959822,229.2413647627159,0.0,0.0
71.28595056116698,16920.694995879974,158.69599231884962,216.64999999999998,8960.485532184299,0.1440824073760917,295.0694935090715,0.5378258200520167,0.6,1.3569699349930187,1.2428280876419042,0.0,227.83127772484585,229.18348902892464,0.0,0.0
71.43602624655892,16896.90594876042,158.33160621599623,216.64999999999998,8993.982989113418,0.144621038259205,295.0694935090715,0.5365909038344168,0.6,1.3569699349930187,1.241752076856956,0.0,227.779989414428,229.12599815071263,0.0,0.0
71.58610193195085,16873.17146755564,157.96881300963395,216.64999999999998,9027.528656574721,0.14516044435583916,295.0694935090715,0.5353613859942367,0.6,1.3569699349930187,1.2406782919914576,0.0,227.7290424362671,229.0688898838803,0.0,0.0
71.73617761734278,16849.491313469745,157.60760932522393,216.64999999999998,9061.122478626045,0.14570062476645793,295.0694935090715,0.5341372550950562,0.6,1.3569699349930187,1.2396068339837212,0.0,227.6784347786819,229.0121619734632,0.0,0.0
71.88625330273472,16825.865248230497,157.24799164291267,216.64999999999998,9094.7644009145,0.14624157861708018,295.0694935090715,0.5329184992079783,0.6,1.3569699349930187,1.238537800954458,0.0,227.62816442077042,228.95581215416095,0.0,0.0
72.03632898812664,16802.293034076276,156.88995629670336,216.64999999999998,9128.454370702673,0.14678330505970125,295.0694935090715,0.5317051059088221,0.6,1.3569699349930187,1.2374712881794812,0.0,227.5782293324778,228.89983815041333,0.0,0.0
72.18640467351857,16778.774433814342,156.53349948347363,216.64999999999998,9162.19233679275,0.14732580327107286,295.0694935090715,0.5304970623086837,0.6,1.3569699349930187,1.2364073882041395,0.0,227.52862747603152,228.84423767800914,0.0,0.0
72.3364803589105,16755.30921085761,156.1786172694853,216.64999999999998,9195.978249479635,0.14786907245194927,295.0694935090715,0.5292943550759978,0.6,1.3569699349930187,1.235346190923622,0.0,227.4793568070087,228.78900844528263,0.0,0.0
72.48655604430243,16731.897129196084,155.8253055877759,216.64999999999998,9229.81206059742,0.14841311182783454,295.0694935090715,0.5280969704276978,0.6,1.3569699349930187,1.2342877835324886,0.0,227.430415274127,228.73414815287893,0.0,0.0
72.63663172969436,16708.53795342619,155.47356024298938,216.64999999999998,9263.693723482533,0.14895792064838986,295.0694935090715,0.5269048941455873,0.6,1.3569699349930187,1.2332322505807498,0.0,227.38180082006437,228.6796544946732,0.0,0.0
72.7867074150863,16685.23144881897,155.12337692225668,216.64999999999998,9297.623192879104,0.14950349818591194,295.0694935090715,0.5257181116132144,0.6,1.3569699349930187,1.232179674119316,0.0,227.33351138310096,228.62552515961082,0.0,0.0
72.93678310047822,16661.977381289274,154.7747511924976,216.64999999999998,9331.600424987037,0.150049843736106,295.0694935090715,0.5245366078067276,0.6,1.3569699349930187,1.2311301336501765,0.0,227.28554489687187,228.5717578314304,0.0,0.0
73.08685878587015,16638.77551739941,154.42767850166337,216.64999999999998,9365.625377460296,0.1505969566180582,295.0694935090715,0.5233603672990875,0.6,1.3569699349930187,1.2300837061324073,0.0,227.23789929066297,228.51835018899533,0.0,0.0
73.23693447126209,16615.625624433153,154.08215419043023,216.64999999999998,9399.698009301195,0.1511448361725358,295.0694935090715,0.5221893742996959,0.6,1.3569699349930187,1.229040466141589,0.0,227.19057249113212,228.46529990822322,0.0,0.0
73.38701015665401,16592.527470386623,153.73817349250416,216.64999999999998,9433.818280875259,0.15169348176222613,295.0694935090715,0.5210236126554293,0.6,1.3569699349930187,1.2280004858650233,0.0,227.1435624224519,228.4126046622458,0.0,0.0
73.53708584204594,16569.480823949943,153.39573153309865,216.64999999999998,9467.986153939954,0.1522428927721987,295.0694935090715,0.5198630658454793,0.6,1.3569699349930187,1.2269638350696048,0.0,227.09686700620094,228.36026212128718,0.0,0.0
73.68716152743788,16546.48545456228,153.05482333775524,216.64999999999998,9502.201591564439,0.15279306860861464,295.0694935090715,0.5187077170112463,0.6,1.3569699349930187,1.2259305812211083,0.0,227.0504841626617,228.30826995411851,0.0,0.0
73.8372372128298,16523.54113244151,152.7154438380722,216.64999999999998,9536.464558085478,0.15334400869801784,295.0694935090715,0.517557548975754,0.6,1.3569699349930187,1.2249007895600692,0.0,227.00441181168088,228.25662582902254,0.0,0.0
73.98731289822173,16500.64762854849,152.37758786810932,216.64999999999998,9570.775019160394,0.1538957124881865,295.0694935090715,0.5164125442314649,0.6,1.3569699349930187,1.2238745230412809,0.0,226.95864787225636,228.20532741333048,0.0,0.0
74.13738858361367,16477.804714613914,152.0412501690072,216.64999999999998,9605.132941726752,0.1544481794474848,295.0694935090715,0.5152726849559354,0.6,1.3569699349930187,1.2228518423929748,0.0,226.91319026323777,228.15437237420738,0.0,0.0
74.2874642690056,16455.012163201,151.70642539936534,216.64999999999998,9639.53829390693,0.15500140906332838,295.0694935090715,0.5141379530469874,0.6,1.3569699349930187,1.2218328062626038,0.0,226.86803690479277,228.10375838029577,0.0,0.0
74.43753995439752,16432.26974766672,151.37310813143915,216.64999999999998,9673.991045064407,0.15555540084308953,295.0694935090715,0.51300833010982,0.6,1.3569699349930187,1.2208174711547883,0.0,226.8231857179474,228.0534831012003,0.0,0.0
74.58761563978946,16409.577242162806,151.0412928520481,216.64999999999998,9708.491165800671,0.15611015431404737,295.0694935090715,0.5118837974600873,0.6,1.3569699349930187,1.219805891437261,0.0,226.77863462476338,228.00354420768656,0.0,0.0
74.73769132518139,16386.934421705388,150.71097397392734,216.64999999999998,9743.03862784707,0.15666566902164894,295.0694935090715,0.5107643361623689,0.6,1.3569699349930187,1.2187981195027775,0.0,226.73438154990993,227.95393937344303,0.0,0.0
74.88776701057333,16364.341062158626,150.3821458350539,216.64999999999998,9777.633404086133,0.15722194452985191,295.0694935090715,0.5096499270278871,0.6,1.3569699349930187,1.217794205754291,0.0,226.6904244206087,227.90466627501922,0.0,0.0
75.03784269596525,16341.796940212322,150.0548026965381,216.64999999999998,9812.275468582657,0.15777898042162466,295.0694935090715,0.5085405506073601,0.6,1.3569699349930187,1.2167941985679558,0.0,226.64676116638725,227.85572259154955,0.0,0.0
75.18791838135718,16319.301833433914,149.72893875120627,216.64999999999998,9846.964796500362,0.15833677629760587,295.0694935090715,0.5074361872200898,0.6,1.3569699349930187,1.2157981444152954,0.0,226.60338972025662,227.80710600607298,0.0,0.0
75.33799406674912,16296.855520291921,149.40454812857897,216.64999999999998,9881.701364061097,0.15889533177544868,295.0694935090715,0.5063368169708324,0.6,1.3569699349930187,1.2148060879334228,0.0,226.5603080193945,227.75881420629926,0.0,0.0
75.48806975214104,16274.457780114813,149.08162489044588,216.64999999999998,9916.48514860354,0.15945464649076466,295.0694935090715,0.5052424197348026,0.6,1.3569699349930187,1.2138180718551388,0.0,226.51751400457417,227.71084488396838,0.0,0.0
75.63814543753297,16252.108393115685,148.76016303527248,216.64999999999998,9951.31612854041,0.16001472009643555,295.0694935090715,0.5041529751726065,0.6,1.3569699349930187,1.212834137069928,0.0,226.47500562076652,227.66319573552565,0.0,0.0
75.78822112292491,16229.807140449788,148.44015650804997,216.64999999999998,9986.19428326321,0.1605755522610819,295.0694935090715,0.5030684627636248,0.6,1.3569699349930187,1.211854322768211,0.0,226.4327808184512,227.61586446359132,0.0,0.0
75.93829680831684,16207.55380416974,148.12159919555174,216.64999999999998,10021.119593205884,0.1611371426700862,295.0694935090715,0.5019888617899361,0.6,1.3569699349930187,1.2108786663678188,0.0,226.39083755299046,227.56884877625885,0.0,0.0
76.08837249370876,16185.348167224374,147.8044849269537,216.64999999999998,10056.092039840923,0.16169949102553072,295.0694935090715,0.5009141513384191,0.6,1.3569699349930187,1.2099072035193457,0.0,226.34917378471474,227.52214638719045,0.0,0.0
76.2384481791007,16163.190013524272,147.488807484805,216.64999999999998,10091.11160556979,0.1622625970444353,295.0694935090715,0.49984431033793286,0.6,1.3569699349930187,1.2089399682686388,0.0,226.3077874803613,227.4757550172302,0.0,0.0
76.38852386449263,16141.079127919595,147.17456060349411,216.64999999999998,10126.178273750416,0.16282646045919957,295.0694935090715,0.49877931755411864,0.6,1.3569699349930187,1.2079769930321609,0.0,226.2666766128602,227.42967239416384,0.0,0.0
76.53859954988455,16119.015296174695,146.861737966657,216.64999999999998,10161.292028730404,0.1633910810181368,295.0694935090715,0.49771915158061547,0.6,1.3569699349930187,1.2070183085553607,0.0,226.22583916098392,227.383896252326,0.0,0.0
76.68867523527649,16096.99830501729,146.55033321550005,216.64999999999998,10196.45285576163,0.16395645848410081,295.0694935090715,0.4966637908672676,0.6,1.3569699349930187,1.206063944036242,0.0,226.18527311042115,227.33842433380406,0.0,0.0
76.83875092066842,16075.027942156552,146.2403399530764,216.64999999999998,10231.660740963065,0.16452259263388802,295.0694935090715,0.49561321373461614,0.6,1.3569699349930187,1.20511392718926,0.0,226.1449764543108,227.29325438903658,0.0,0.0
76.98882660606034,16053.103996238038,145.93175173918118,216.64999999999998,10266.915671384468,0.16508948325926176,295.0694935090715,0.4945673983566001,0.6,1.3569699349930187,1.2041682841669248,0.0,226.10494719255303,227.24838417604093,0.0,0.0
77.13890229145228,16031.2262568665,145.6245620945539,216.64999999999998,10302.217634961848,0.165657130166236,295.0694935090715,0.4935263227747971,0.6,1.3569699349930187,1.2032270396216862,0.0,226.06518333233146,227.20381146099896,0.0,0.0
77.28897797684421,16009.394514658732,145.31876451019582,216.64999999999998,10337.566620423202,0.16622553317355976,295.0694935090715,0.49248996493000113,0.6,1.3569699349930187,1.2022902168473677,0.0,226.02568288928848,227.15953401957412,0.0,0.0
77.43905366223613,15987.608561194253,145.0143524418452,216.64999999999998,10372.962617358738,0.16679469211384607,295.0694935090715,0.49145830264349893,0.6,1.3569699349930187,1.2013578376952239,0.0,225.98644388677363,227.11554963606912,0.0,0.0
77.58912934762807,15965.86818901259,144.71131931035762,216.64999999999998,10408.405616216396,0.16736460683350016,295.0694935090715,0.49043131361835846,0.6,1.3569699349930187,1.2004299225784112,0.0,225.94746435585978,227.07185610344396,0.0,0.0
77.73920503302,15944.17319167497,144.4096585122767,216.64999999999998,10443.895608191842,0.16793527719095053,295.0694935090715,0.4894089754752537,0.6,1.3569699349930187,1.1995064906336896,0.0,225.9087423366649,227.0284512247977,0.0,0.0
77.88928071841192,15922.523363737568,144.10936341755863,216.64999999999998,10479.43258526167,0.16850670305718274,295.0694935090715,0.48839126574475306,0.6,1.3569699349930187,1.1985875596874978,0.0,225.87027587801285,226.98533281298813,0.0,0.0
78.03935640380386,15900.918500724078,143.81042736659631,216.64999999999998,10515.01654021847,0.16907888431630347,295.0694935090715,0.48737816185723404,0.6,1.3569699349930187,1.1976731462101777,0.0,225.83206303700868,226.9424986901557,0.0,0.0
78.18943208919579,15879.358399172257,143.51284367827233,216.64999999999998,10550.647466584234,0.1696518208641479,295.0694935090715,0.48636964117017484,0.6,1.3569699349930187,1.1967632654398277,0.0,225.7941018800234,226.89994668882733,0.0,0.0
78.33950777458772,15857.842856647467,143.21660565359122,216.64999999999998,10586.325358576858,0.1702255126077412,295.0694935090715,0.48536568098046445,0.6,1.3569699349930187,1.195857931439614,0.0,225.75639048310413,226.85767465237637,0.0,0.0
78.48958345997966,15836.371671694957,142.92170657003675,216.64999999999998,10622.050211178166,0.17079995946639237,295.0694935090715,0.48436625850527926,0.6,1.3569699349930187,1.1949571570119677,0.0,225.71892693120137,226.81568043415618,0.0,0.0
78.63965914537158,15814.944643861048,142.6281396855828,216.64999999999998,10657.822020088171,0.17137516137095865,295.0694935090715,0.483371350895676,0.6,1.3569699349930187,1.1940609537607108,0.0,225.6817093186278,226.77396189801456,0.0,0.0
78.7897348307635,15793.561573741734,142.33589824748748,216.64999999999998,10693.640781632492,0.1719511182623569,295.0694935090715,0.48238093526639536,0.6,1.3569699349930187,1.1931693322287948,0.0,225.6447357501153,226.7325169194785,0.0,0.0
78.93981051615545,15772.22226293021,142.04497548613918,216.64999999999998,10729.506492838116,0.17252783009278183,295.0694935090715,0.48139498867500585,0.6,1.3569699349930187,1.1922823018051847,0.0,225.608004339973,226.69134338481064,0.0,0.0
79.08988620154737,15750.926514013036,141.75536461524095,216.64999999999998,10765.419151428701,0.1731052968256304,295.0694935090715,0.48041348812252893,0.6,1.3569699349930187,1.191399870728345,0.0,225.57151321205308,226.65043919097047,0.0,0.0
79.23996188693931,15729.674130628224,141.46705884197632,216.64999999999998,10801.37875571485,0.17368351843373747,295.0694935090715,0.47943641058789127,0.6,1.3569699349930187,1.190522046246164,0.0,225.5352605009698,226.60980224698136,0.0,0.0
79.39003757233124,15708.464917435056,141.18005136410832,216.64999999999998,10837.385304632462,0.17426249489999263,295.0694935090715,0.47846373301809303,0.6,1.3569699349930187,1.189648834573519,0.0,225.49924435166548,226.56943047344365,0.0,0.0
79.54011325772316,15687.29868008536,140.89433536670902,216.64999999999998,10873.438797779381,0.17484222621792928,295.0694935090715,0.4774954323171244,0.6,1.3569699349930187,1.1887802408429113,0.0,225.46346291893474,226.52932180200145,0.0,0.0
79.6901889431151,15666.175225267609,140.60990402994165,216.64999999999998,10909.539235328302,0.17542271239032434,295.0694935090715,0.47653148537233925,0.6,1.3569699349930187,1.1879162692278278,0.0,225.42791436833392,226.48947417636208,0.0,0.0
79.84026462850703,15645.094360716712,140.32675053211184,216.64999999999998,10945.68661799697,0.17600395342871888,295.0694935090715,0.4755718690647961,0.6,1.3569699349930187,1.1870569229934944,0.0,225.3925968764895,226.44988555264177,0.0,0.0
79.99034031389895,15624.055895164642,140.044868043615,216.64999999999998,10981.88094711976,0.17658594935456948,295.0694935090715,0.4746165602487453,0.6,1.3569699349930187,1.186202204404812,0.0,225.3575086302702,226.41055389843763,0.0,0.0
80.1404159992909,15603.059638360259,139.76424973077044,216.64999999999998,11018.122224601286,0.17716870019850173,295.0694935090715,0.4736655357646235,0.6,1.3569699349930187,1.1853521147882853,0.0,225.3226478271954,226.37147719328553,0.0,0.0
80.29049168468282,15582.105401114097,139.48488876411372,216.64999999999998,11054.410452825814,0.1777522059988541,295.0694935090715,0.47271877246715593,0.6,1.3569699349930187,1.184506654665534,0.0,225.28801267639048,226.33265342973087,0.0,0.0
80.44056737007475,15561.19299524388,139.20677831174999,216.64999999999998,11090.74563473783,0.1783364668029732,295.0694935090715,0.47177624720283146,0.6,1.3569699349930187,1.1836658236523043,0.0,225.25360139768347,226.294080612316,0.0,0.0
80.59064305546669,15540.322233569888,138.929911539384,216.64999999999998,11127.127773837261,0.17892148266713698,295.0694935090715,0.4708379368100037,0.6,1.3569699349930187,1.1828296204609874,0.0,225.21941222153572,226.25575675750255,0.0,0.0
80.74071874085861,15519.4929299698,138.6542816200868,216.64999999999998,11163.5568740705,0.17950725365480247,295.0694935090715,0.46990381815199095,0.6,1.3569699349930187,1.1819980430580987,0.0,225.1854433901716,226.21767989493776,0.0,0.0
80.89079442625054,15498.704899345945,138.3798817308763,216.64999999999998,11200.03293987343,0.1800937798372976,295.0694935090715,0.46897386810548747,0.6,1.3569699349930187,1.1811710886142008,0.0,225.15169315707413,226.1798480668891,0.0,0.0
81.04087011164248,15477.95795759595,138.10670504923277,216.64999999999998,11236.555976209405,0.18068106129443187,295.0694935090715,0.4680480635487548,0.6,1.3569699349930187,1.1803487534515975,0.0,225.1181597864781,226.14225932767604,0.0,0.0
81.1909457970344,15457.251921654637,137.8347447606157,216.64999999999998,11273.125988482048,0.18126909811309422,295.0694935090715,0.4671263813870958,0.6,1.3569699349930187,1.1795310331666322,0.0,225.08484155421525,226.10491174461745,0.0,0.0
81.34102148242633,15436.586609500619,137.56399406099678,216.64999999999998,11309.742982509164,0.1818578903868335,295.0694935090715,0.46620879856143976,0.6,1.3569699349930187,1.1787179226741165,0.0,225.05173674794005,226.06780339828484,0.0,0.0
81.49109716781827,15415.961840106223,137.29444615051094,216.64999999999998,11346.40696459716,0.18244743821705522,295.0694935090715,0.46529529202682557,0.6,1.3569699349930187,1.177909416110151,0.0,225.01884366626987,226.0309323815383,0.0,0.0
81.6411728532102,15395.377433456142,137.0260942371308,216.64999999999998,11383.117941494338,0.1830377417122704,295.0694935090715,0.46438583876485395,0.6,1.3569699349930187,1.1771055068935794,0.0,224.98616061915413,225.99429679994043,0.0,0.0
81.79124853860212,15374.833210588778,136.75893154448264,216.64999999999998,11419.875920302677,0.18362880098667714,295.0694935090715,0.4634804158101765,0.6,1.3569699349930187,1.1763061878549717,0.0,224.95368592874175,225.9578947727287,0.0,0.0
81.94132422399406,15354.32899354071,136.49295130483068,216.64999999999998,11456.680908562292,0.1842206161615186,295.0694935090715,0.46257900022671916,0.6,1.3569699349930187,1.1755114511290659,0.0,224.9214179284404,225.92172443176102,0.0,0.0
82.09139990938598,15333.864605341585,136.22814675898945,216.64999999999998,11493.532914246678,0.18481318736500668,295.0694935090715,0.4616815691073849,0.6,1.3569699349930187,1.1747212881564069,0.0,224.88935496282448,225.88578392141227,0.0,0.0
82.24147559477791,15313.439870065933,135.9645111657026,216.64999999999998,11530.431945655033,0.1854065147305904,295.0694935090715,0.46078809960583933,0.6,1.3569699349930187,1.1739356898379518,0.0,224.85749538868646,225.85007139975315,0.0,0.0
82.39155128016985,15293.054612798704,135.70203779780442,216.64999999999998,11567.378011459268,0.18600059839771194,295.0694935090715,0.4598985689235016,0.6,1.3569699349930187,1.1731546464782772,0.0,224.82583757448316,225.8145850379293,0.0,0.0
82.54162696556178,15272.708659605767,135.44071993859046,216.64999999999998,11604.371120743019,0.18659543851243396,295.0694935090715,0.4590129542972443,0.6,1.3569699349930187,1.1723781477309498,0.0,224.79437989981318,225.77932301957557,0.0,0.0
82.6917026509537,15252.40183757377,135.18055088907798,216.64999999999998,11641.41128291486,0.18719103522604405,295.0694935090715,0.4581312330239996,0.6,1.3569699349930187,1.1716061827193993,0.0,224.76312075620694,225.74428354170163,0.0,0.0
82.84177833634564,15232.133974814178,134.92152397008314,216.64999999999998,11678.498507685674,0.1877873886946908,295.0694935090715,0.4572533824677988,0.6,1.3569699349930187,1.1708387400753812,0.0,224.7320585472867,225.70946481487124,0.0,0.0
82.99185402173757,15211.904900413147,134.66363251567344,216.64999999999998,11715.632805145264,0.18838449908061577,295.0694935090715,0.4563793800375822,0.6,1.3569699349930187,1.1700758078377624,0.0,224.70119168789253,225.6748650622227,0.0,0.0
83.14192970712949,15191.714444449162,134.40686987669852,216.64999999999998,11752.814185715675,0.18898236655140288,295.0694935090715,0.4555092031991656,0.6,1.3569699349930187,1.1693173735133264,0.0,224.67051860442123,225.64048251984866,0.0,0.0
83.29200539252143,15171.562438031367,134.15122942816072,216.64999999999998,11790.04266006546,0.18958099127859981,295.0694935090715,0.45464282950021884,0.6,1.3569699349930187,1.1685634242011418,0.0,224.6400377356183,225.60631543768375,0.0,0.0
83.44208107791336,15151.448713243704,133.89670456193682,216.64999999999998,11827.318239197282,0.19018037343912678,295.0694935090715,0.4537802365455999,0.6,1.3569699349930187,1.1678139464796433,0.0,224.60974753161872,225.57236207842953,0.0,0.0
83.59215676330528,15131.373103139576,133.64328868660445,216.64999999999998,11864.640934443305,0.19078051321520206,295.0694935090715,0.4529214019967665,0.6,1.3569699349930187,1.1670689264075371,0.0,224.5796464538416,225.5386207174364,0.0,0.0
83.74223244869722,15111.335441790907,133.39097523645069,216.64999999999998,11902.010757359027,0.19138141079263535,295.0694935090715,0.4520663036023064,0.6,1.3569699349930187,1.1663283496752843,0.0,224.54973297597323,225.5050896438054,0.0,0.0
83.89230813408915,15091.33556425262,133.13975766730132,216.64999999999998,11939.427719773747,0.1919830663616388,295.0694935090715,0.4512149191838028,0.6,1.3569699349930187,1.1655922015424942,0.0,224.5200055833806,225.47176715973097,0.0,0.0
84.04238381948107,15071.373306533364,132.88962945280565,216.64999999999998,11976.891833830376,0.19258548011746748,295.0694935090715,0.4503672266232434,0.6,1.3569699349930187,1.1648604667815763,0.0,224.4904627725851,225.43865157991075,0.0,0.0
84.19245950487301,15051.448505633563,132.6405840914535,216.64999999999998,12014.403111899315,0.19318865225903437,295.0694935090715,0.4495232038868011,0.6,1.3569699349930187,1.1641331297969608,0.0,224.46110305200563,225.4057412323789,0.0,0.0
84.34253519026494,15031.560999547346,132.3926151082536,216.64999999999998,12051.96156655905,0.19379258298859844,295.0694935090715,0.44868282903052253,0.6,1.3569699349930187,1.1634101746580132,0.0,224.43192494206573,225.37303445862585,0.0,0.0
84.49261087565688,15011.710627212917,132.14571604807088,216.64999999999998,12089.567210674499,0.1943972725130244,295.0694935090715,0.4478460801777472,0.6,1.3569699349930187,1.1626915849947912,0.0,224.40292697432034,225.34052961261972,0.0,0.0
84.6426865610488,14991.897228529391,131.8998804790298,216.64999999999998,12127.220057350401,0.19500272104303332,295.0694935090715,0.44701293553064214,0.6,1.3569699349930187,1.1619773440581116,0.0,224.37410769177103,225.30822506115948,0.0,0.0
84.79276224644073,14972.120644392378,131.65510199947096,216.64999999999998,12164.92011984826,0.19560892879186684,295.0694935090715,0.44618337339377784,0.6,1.3569699349930187,1.1612674348393286,0.0,224.34546564959285,225.2761191846899,0.0,0.0
84.94283793183267,14952.38071663843,131.41137423050162,216.64999999999998,12202.667411676393,0.19621589597673536,295.0694935090715,0.4453573721488818,0.6,1.3569699349930187,1.1605618399531852,0.0,224.31699941417182,225.24421037622238,0.0,0.0
85.0929136172246,14932.67728803968,131.168690815764,216.64999999999998,12240.461946585432,0.19682362281874574,295.0694935090715,0.44453491025405306,0.6,1.3569699349930187,1.1598605416381396,0.0,224.28870756299352,225.21249704121027,0.0,0.0
85.24298930261652,14913.01020235038,130.9270454300926,216.64999999999998,12278.303738463888,0.1974321095412218,295.0694935090715,0.44371596627310245,0.6,1.3569699349930187,1.1591635219046075,0.0,224.26058868556598,225.18097759858338,0.0,0.0
85.39306498800846,14893.379304270828,130.6864317750881,216.64999999999998,12316.192801391613,0.1980413563705641,295.0694935090715,0.44290051886055215,0.6,1.3569699349930187,1.1584707624674206,0.0,224.23264138281408,225.14965048006897,0.0,0.0
85.54314067340039,14873.784439418676,130.44684357536553,216.64999999999998,12354.129149680086,0.19865136353689772,295.0694935090715,0.4420885467489208,0.6,1.3569699349930187,1.1577822446882955,0.0,224.2048642665583,225.11851412960758,0.0,0.0
85.69321635879231,14854.225454365305,130.20827458534154,216.64999999999998,12392.112797787153,0.19926213127270126,295.0694935090715,0.4412800287717255,0.6,1.3569699349930187,1.1570979496932774,0.0,224.1772559602176,225.0875670041409,0.0,0.0
85.84329204418425,14834.702196636057,129.97071859056697,216.64999999999998,12430.143760300733,0.19987365981254487,295.0694935090715,0.44047494386799835,0.6,1.3569699349930187,1.156417858400575,0.0,224.14981509887477,225.0568075736851,0.0,0.0
85.99336772957618,14815.214514661566,129.7341694010183,216.64999999999998,12468.222052018165,0.20048594939436615,295.0694935090715,0.4396732710595506,0.6,1.3569699349930187,1.1557419514141656,0.0,224.12254032841463,225.02623432036458,0.0,0.0
86.1434434149681,14795.762257793873,129.49862085438875,216.64999999999998,12506.347687900026,0.20109900025872748,295.0694935090715,0.4388749894621265,0.6,1.3569699349930187,1.155070209083112,0.0,224.0954303058211,224.99584573874526,0.0,0.0
86.29351910036004,14776.34527633958,129.26406682266193,216.64999999999998,12544.520682989667,0.20171281264752228,295.0694935090715,0.4380800783076814,0.6,1.3569699349930187,1.1544026116168555,0.0,224.06848369984783,224.96564033658606,0.0,0.0
86.44359478575197,14756.96342150511,129.03050120456896,216.64999999999998,12582.741052505038,0.20232738680545143,295.0694935090715,0.437288516918819,0.6,1.3569699349930187,1.1537391389648513,0.0,224.04169919006375,224.93561663376914,0.0,0.0
86.5936704711439,14737.616545391424,128.79791792532077,216.64999999999998,12621.008811834421,0.20294272297995472,295.0694935090715,0.43650028470788377,0.6,1.3569699349930187,1.1530797708164788,0.0,224.01507546674088,224.90577316217423,0.0,0.0
86.74374615653583,14718.30450103827,128.56631094493565,216.64999999999998,12659.323976433772,0.20355882141956014,295.0694935090715,0.43571536120518356,0.6,1.3569699349930187,1.152424486746029,0.0,223.98861123172443,224.87610846665376,0.0,0.0
86.89382184192776,14699.027142388024,128.33567425362313,216.64999999999998,12697.68656188266,0.2041756823747833,295.0694935090715,0.4349337260433452,0.6,1.3569699349930187,1.151773266141017,0.0,223.96230519781838,224.8466211043442,0.0,0.0
87.04389752731969,14679.78432425776,128.10600186803586,216.64999999999998,12736.096583924891,0.20479330609878083,295.0694935090715,0.4341553589446122,0.6,1.3569699349930187,1.1511260881439633,0.0,223.9361560882759,224.81730964409508,0.0,0.0
87.19397321271163,14660.575902374123,127.87728783784192,216.64999999999998,12774.554058384156,0.2054116928459937,295.0694935090715,0.4333802397431184,0.6,1.3569699349930187,1.15048293176801,0.0,223.9101626374675,224.78817266721742,0.0,0.0
87.34404889810355,14641.40173337223,127.64952624675905,216.64999999999998,12813.059001150625,0.20603084287193196,295.0694935090715,0.43260834838839296,0.6,1.3569699349930187,1.1498437759201394,0.0,223.88432359091345,224.75920876752076,0.0,0.0
87.49412458349548,14622.261674748233,127.42271120585677,216.64999999999998,12851.611428260929,0.20665075643446074,295.0694935090715,0.4318396649226611,0.6,1.3569699349930187,1.1492085992934091,0.0,223.85863770444143,224.73041655036835,0.0,0.0
87.64420026888742,14603.155584874865,127.19683685674912,216.64999999999998,12890.211355852363,0.20727143379306376,295.0694935090715,0.4310741694916646,0.6,1.3569699349930187,1.148577380425526,0.0,223.83310374446972,224.70179463299485,0.0,0.0
87.79427595427934,14584.08332303243,126.9718973778165,216.64999999999998,12928.858800085018,0.20789287520759128,295.0694935090715,0.43031184236574743,0.6,1.3569699349930187,1.1479500978098347,0.0,223.80772048862883,224.6733416452032,0.0,0.0
87.94435163967127,14565.044749355182,126.74788697663188,216.64999999999998,12967.55377723494,0.2085150809397582,295.0694935090715,0.42955266391418806,0.6,1.3569699349930187,1.1473267297726188,0.0,223.7824867248238,224.6450562283133,0.0,0.0
88.09442732506321,14546.03972482629,126.524799889677,216.64999999999998,13006.296303689911,0.20913805125307597,295.0694935090715,0.4287966146042379,0.6,1.3569699349930187,1.1467072544727528,0.0,223.75740125112517,224.61693703504005,0.0,0.0
88.24450301045513,14527.068111320003,126.30263039036095,216.64999999999998,13045.086395848724,0.20976178641123316,295.0694935090715,0.42804367502829616,0.6,1.3569699349930187,1.1460916500434877,0.0,223.7324628765922,224.5889827304158,0.0,0.0
88.39457869584706,14508.129771565658,126.08137278426967,216.64999999999998,13083.924070179188,0.21038628667902812,295.0694935090715,0.4272938258878107,0.6,1.3569699349930187,1.1454798945173434,0.0,223.70767042065748,224.56119199110103,0.0,0.0
88.544654381239,14489.224569120783,125.861021405454,216.64999999999998,13122.809343258788,0.2110115523230227,295.0694935090715,0.42654704798069737,0.6,1.3569699349930187,1.14487196576761,0.0,223.68302271263437,224.53356350483156,0.0,0.0
88.69473006663092,14470.352368404545,125.64157062280147,216.64999999999998,13161.742231691385,0.21163758361020296,295.0694935090715,0.42580332222293527,0.6,1.3569699349930187,1.144267841622157,0.0,223.6585185923539,224.5060959711331,0.0,0.0
88.84480575202286,14451.513034695601,125.42301484081457,216.64999999999998,13200.722752096477,0.21226438080780632,295.0694935090715,0.4250626296512032,0.6,1.3569699349930187,1.143667499882488,0.0,223.63415691017227,224.47878810132937,0.0,0.0
88.99488143741479,14432.70643408617,125.20534849296894,216.64999999999998,13239.750921189301,0.2128919441846097,295.0694935090715,0.4243249514003713,0.6,1.3569699349930187,1.1430709182152536,0.0,223.60993652615326,224.45163861762558,0.0,0.0
89.14495712280672,14413.932433497053,124.98856604481995,216.64999999999998,13278.8267557356,0.21352027401020207,295.0694935090715,0.4235902687140287,0.6,1.3569699349930187,1.142478074210141,0.0,223.58585631034063,224.4246462534138,0.0,0.0
89.29503280819866,14395.190900706695,124.77266199990196,216.64999999999998,13317.950272476271,0.21414937055377303,295.0694935090715,0.4228585629644767,0.6,1.3569699349930187,1.1418889454867618,0.0,223.5619151433372,224.3978097539223,0.0,0.0
89.44510849359058,14376.481704299002,124.55763089217534,216.64999999999998,13357.121488221248,0.21477923408562216,295.0694935090715,0.4221298156271312,0.6,1.3569699349930187,1.1413035095703807,0.0,223.5381119153899,224.37112787518964,0.0,0.0
89.5951841789825,14357.80471365856,124.34346728574145,216.64999999999998,13396.340419845508,0.21540986487709493,295.0694935090715,0.421404008279557,0.6,1.3569699349930187,1.1407217438914548,0.0,223.5144455262867,224.34459938394932,0.0,0.0
89.74525986437445,14339.159799010915,124.13016578257344,216.64999999999998,13435.607084190124,0.21604126319899167,295.0694935090715,0.4206811226276675,0.6,1.3569699349930187,1.1401436259243214,0.0,223.49091488613783,224.31822305850542,0.0,0.0
89.89533554976637,14320.54683138708,123.91772101767808,216.64999999999998,13474.921498122001,0.2166734293225281,295.0694935090715,0.41996114048932814,0.6,1.3569699349930187,1.1395691331093052,0.0,223.4675189147661,224.29199768804912,0.0,0.0
90.0454112351583,14301.965682597674,123.70612765544448,216.64999999999998,13514.283678574375,0.21730636351998642,295.0694935090715,0.41924404378198216,0.6,1.3569699349930187,1.1389982427942906,0.0,223.44425654123336,224.26592207212812,0.0,0.0
90.19548692055024,14283.416225265128,123.49538039583021,216.64999999999998,13553.693642464674,0.2179400660633948,295.0694935090715,0.4185298145436154,0.6,1.3569699349930187,1.1384309323467816,0.0,223.421126704451,224.23999502133066,0.0,0.0
90.34556260594216,14264.898332820732,123.28547397492089,216.64999999999998,13593.151406686047,0.2185745372243909,295.0694935090715,0.4178184349346526,0.6,1.3569699349930187,1.137867179169213,0.0,223.39812835316758,224.2142153572719,0.0,0.0
90.49563829133409,14246.411879460316,123.07640315837901,216.64999999999998,13632.656988187473,0.2192097772755101,295.0694935090715,0.4171098872157558,0.6,1.3569699349930187,1.1373069605902986,0.0,223.37526044517978,224.18858191170935,0.0,0.0
90.64571397672603,14227.956740158874,122.86816274447611,216.64999999999998,13672.210403928908,0.2198457864894644,295.0694935090715,0.4164041537581,0.6,1.3569699349930187,1.1367502539222871,0.0,223.35252194759664,224.16309352683905,0.0,0.0
90.79578966211795,14209.532790697887,122.66074756969681,216.64999999999998,13711.811670808434,0.2204825651379708,295.0694935090715,0.4157012170623656,0.6,1.3569699349930187,1.1361970365639966,0.0,223.32991183738122,224.13774905590282,0.0,0.0
90.94586534750988,14191.139907614723,122.45415250124682,216.64999999999998,13751.460805756533,0.2211201134932672,295.0694935090715,0.41500105973334767,0.6,1.3569699349930187,1.1356472858755993,0.0,223.3074291004627,224.11254736219277,0.0,0.0
91.09594103290182,14172.777968198225,122.24837243677906,216.64999999999998,13791.15782573216,0.22175843182804955,295.0694935090715,0.41430366447902794,0.6,1.3569699349930187,1.1351009791781828,0.0,223.28507273164087,224.0874873189445,0.0,0.0
91.24601671829375,14154.446850527243,122.04340231185758,216.64999999999998,13830.902747625585,0.2223975204139092,295.0694935090715,0.4136090141358701,0.6,1.3569699349930187,1.1345580938894781,0.0,223.26284173532983,224.06256781017075,0.0,0.0
91.39609240368567,14136.146433435797,121.83923709506887,216.64999999999998,13870.695588319588,0.2230373795223171,295.0694935090715,0.41291709165225204,0.6,1.3569699349930187,1.1340186074437326,0.0,223.24073512495823,224.03778772998874,0.0,0.0
91.54616808907761,14117.876596488375,121.63587178445087,216.64999999999998,13910.536364729573,0.22367800942526878,295.0694935090715,0.4122278800763636,0.6,1.3569699349930187,1.1334824972336424,0.0,223.2187519225173,224.01314598211388,0.0,0.0
91.69624377446954,14099.637220010987,121.43330141350737,216.64999999999998,13950.425093722532,0.22431941039398134,295.0694935090715,0.41154136257658935,0.6,1.3569699349930187,1.1329497407207463,0.0,223.19689115914693,223.98864148051675,0.0,0.0
91.84631945986146,14081.428185087581,121.23152105158057,216.64999999999998,13990.36179211078,0.2249615826987927,295.0694935090715,0.4108575224427715,0.6,1.3569699349930187,1.1324203154473862,0.0,223.17515187510875,223.96427314939268,0.0,0.0
91.9963951452534,14063.249373517458,121.03052579741767,216.64999999999998,14030.346476731625,0.22560452661044264,295.0694935090715,0.4101763430644068,0.6,1.3569699349930187,1.131894198928339,0.0,223.15353311902774,223.94003992231183,0.0,0.0
92.14647083064533,14045.100667829525,120.83031078213845,216.64999999999998,14070.379164403028,0.2262482423993598,295.0694935090715,0.4094978079407036,0.6,1.3569699349930187,1.1313713687075178,0.0,223.13203394815002,223.91594074250807,0.0,0.0
92.29654651603725,14026.981951308084,120.63087117456907,216.64999999999998,14110.459871853047,0.2268927303345273,295.0694935090715,0.4088219006986584,0.6,1.3569699349930187,1.1308518024573841,0.0,223.1106534288514,223.8919745634491,0.0,0.0
92.4466222014292,14008.89310794393,120.43220217384271,216.64999999999998,14150.58861581422,0.22753799068500022,295.0694935090715,0.40814860506797934,0.6,1.3569699349930187,1.1303354778533283,0.0,223.08939063577935,223.86814034787454,0.0,0.0
92.59669788682112,13990.834022430332,120.23429900914613,216.64999999999998,14190.765413019593,0.2281840237198418,295.0694935090715,0.4074779048802268,0.6,1.3569699349930187,1.1298223725733516,0.0,223.06824465176595,223.84443706769852,0.0,0.0
92.74677357221304,13972.80458019996,120.03715694693621,216.64999999999998,14230.990280107442,0.22883082970659147,295.0694935090715,0.406809784093271,0.6,1.3569699349930187,1.129312464431017,0.0,223.0472145685382,223.8208637048058,0.0,0.0
92.89684925760498,13954.804667390863,119.84077128603154,216.64999999999998,14271.26323368342,0.22947840891226404,295.0694935090715,0.4061442267746571,0.6,1.3569699349930187,1.1288057312935347,0.0,223.02629948613085,223.7974192503935,0.0,0.0
93.04692494299691,13936.83417082295,119.6451373541352,216.64999999999998,14311.584290360328,0.23012676160398926,295.0694935090715,0.4054812170898205,0.6,1.3569699349930187,1.1283021510243008,0.0,223.00549851245688,223.77410270448976,0.0,0.0
93.19700062838884,13918.892978027954,119.45025051369083,216.64999999999998,14351.95346667813,0.23077588804772572,295.0694935090715,0.4048207393219337,0.6,1.3569699349930187,1.127801701591726,0.0,222.98481076387228,223.7509130765868,0.0,0.0
93.34707631378078,13900.980977245434,119.25610616209615,216.64999999999998,14392.370779099596,0.23142578850819073,295.0694935090715,0.4041627778726295,0.6,1.3569699349930187,1.1273043610781994,0.0,222.96423536513748,223.7278493855978,0.0,0.0
93.4971519991727,13883.098057381918,119.06269972540603,216.64999999999998,14432.83624408939,0.232076463250132,295.0694935090715,0.40350731724066086,0.6,1.3569699349930187,1.1268101075723607,0.0,222.9437714486911,223.7049106590425,0.0,0.0
93.64722768456463,13865.24410802486,118.87002666124441,216.64999999999998,14473.3498780702,0.23272791253762232,295.0694935090715,0.4028543420317693,0.6,1.3569699349930187,1.1263189192253265,0.0,222.9234181549025,223.6820959333305,0.0,0.0
93.79730336995657,13847.41901946704,118.67808246389137,216.64999999999998,14513.911697354375,0.2333801366329603,295.0694935090715,0.40220383697592504,0.6,1.3569699349930187,1.1258307743467317,0.0,222.90317463255096,223.6594042542985,0.0,0.0
93.94737905534849,13829.622682659425,118.48686265699939,216.64999999999998,14554.521718238062,0.23403313579818397,295.0694935090715,0.4015557869026426,0.6,1.3569699349930187,1.125345651279115,0.0,222.8830400379989,223.63683467628334,0.0,0.0
94.09745474074043,13811.854989207557,118.29636279336731,216.64999999999998,14595.179956997283,0.23468691029500774,295.0694935090715,0.4009101767402141,0.6,1.3569699349930187,1.1248635283978323,0.0,222.86301353511416,223.61438626203494,0.0,0.0
94.24753042613236,13794.115831407029,118.10657846192862,216.64999999999998,14635.886429794318,0.23534146038331713,295.0694935090715,0.40026699153939344,0.6,1.3569699349930187,1.1243843842414032,0.0,222.84309429594958,223.59205808347812,0.0,0.0
94.39760611152428,13776.405102210341,117.91750528284676,216.64999999999998,14676.641152740665,0.23599678632218105,295.0694935090715,0.3996262164567736,0.6,1.3569699349930187,1.1239081974281953,0.0,222.82328150017082,223.56984922107114,0.0,0.0
94.54768179691622,13758.722695204566,117.72913890414132,216.64999999999998,14717.444141936328,0.23665288837048362,295.0694935090715,0.39898783674335314,0.6,1.3569699349930187,1.123434946599756,0.0,222.80357433464965,223.54775876334983,0.0,0.0
94.69775748230815,13741.068504640367,117.54147500739879,216.64999999999998,14758.295413390773,0.23730976678565316,295.0694935090715,0.3983518377638898,0.6,1.3569699349930187,1.1229646105281907,0.0,222.78397199400914,223.52578580753877,0.0,0.0
94.84783316770007,13723.442425427631,117.35450930784988,216.64999999999998,14799.194983020367,0.23796742182362088,295.0694935090715,0.39771820499716276,0.6,1.3569699349930187,1.1224971681224496,0.0,222.7644736805766,223.50392945949852,0.0,0.0
94.99790885309201,13705.84435309639,117.16823754822244,216.64999999999998,14840.142866726721,0.23862585374008083,295.0694935090715,0.39708692401513973,0.6,1.3569699349930187,1.1220325983215123,0.0,222.7450786036895,223.48218883294746,0.0,0.0
95.14798453848394,13688.274183810523,116.9826555016057,216.64999999999998,14881.139080353181,0.23928506278979012,295.0694935090715,0.3964579804926843,0.6,1.3569699349930187,1.12157088015023,0.0,222.72578597994377,223.46056304974027,0.0,0.0
95.29806022387586,13670.731814390878,116.79775897631137,216.64999999999998,14922.183639618579,0.23994504922550366,295.0694935090715,0.39583136022403004,0.6,1.3569699349930187,1.1211119928122228,0.0,222.70659503364672,223.43905124037576,0.0,0.0
95.4481359092678,13653.21714226994,116.61354380872197,216.64999999999998,14963.27656021091,0.2406058132994806,295.0694935090715,0.3952070490985435,0.6,1.3569699349930187,1.1206559155646105,0.0,222.6875049960222,223.41765254310553,0.0,0.0
95.59821159465973,13635.730065488628,116.43000586309789,216.64999999999998,15004.417857783406,0.24126735526342108,295.0694935090715,0.3945850331000701,0.6,1.3569699349930187,1.1202026277182433,0.0,222.66851510514212,223.39636610385745,0.0,0.0
95.74828728005166,13618.270482730415,116.24714103835437,216.64999999999998,15045.607547862475,0.2419296753669859,295.0694935090715,0.3939652983299018,0.6,1.3569699349930187,1.1197521087656177,0.0,222.6496246065783,223.3751910769663,0.0,0.0
95.8983629654436,13600.838293289156,116.06494526317908,216.64999999999998,15086.845645911291,0.2425927738588191,295.0694935090715,0.3933478309902302,0.6,1.3569699349930187,1.1193043382964876,0.0,222.63083275284643,223.35412662455064,0.0,0.0
96.04843865083552,13583.433397047907,115.88341449276786,216.64999999999998,15128.13216736847,0.2432566509871699,295.0694935090715,0.39273261737308396,0.6,1.3569699349930187,1.1188592959421195,0.0,222.61213880302182,223.3331719160817,0.0,0.0
96.19851433622745,13566.05569450704,115.70254471440165,216.64999999999998,15169.467127570002,0.24392130699863712,295.0694935090715,0.3921196438792292,0.6,1.3569699349930187,1.118416961481356,0.0,222.59354202326685,223.31232612897512,0.0,0.0
96.34859002161939,13548.705086779657,115.52233194740762,216.64999999999998,15210.85054174826,0.24458674213815368,295.0694935090715,0.3915088970180377,0.6,1.3569699349930187,1.1179773148444963,0.0,222.57504168677767,223.29158844853066,0.0,0.0
96.49866570701131,13531.38147555424,115.34277223716991,216.64999999999998,15252.282425109393,0.24525295665023075,295.0694935090715,0.3909003633871892,0.6,1.3569699349930187,1.1175403360076008,0.0,222.55663707312158,223.2709580671899,0.0,0.0
96.64874139240324,13514.084763108116,115.16386165795285,216.64999999999998,15293.762792790265,0.24591995077826528,295.0694935090715,0.39029402968223925,0.6,1.3569699349930187,1.1171060050480315,0.0,222.53832746848195,223.25043418481064,0.0,0.0
96.79881707779518,13496.814852329453,114.98559631755542,216.64999999999998,15335.291659794111,0.24658772476350568,295.0694935090715,0.38968988271239346,0.6,1.3569699349930187,1.1166743022344394,0.0,222.52011216608784,223.2300160091483,0.0,0.0
96.9488927631871,13479.571646673698,114.80797235030246,216.64999999999998,15376.869041083612,0.24725627884654816,295.0694935090715,0.3890879093767545,0.6,1.3569699349930187,1.1162452079020886,0.0,222.50199046545026,223.20970275500008,0.0,0.0
97.09896844857903,13462.355050160777,114.63098591688826,216.64999999999998,15418.494951576926,0.24792561326727308,295.0694935090715,0.38848809666379186,0.6,1.3569699349930187,1.1158187024534696,0.0,222.48396167230337,223.18949364413888,0.0,0.0
97.24904413397097,13445.16496740799,114.45463321095886,216.64999999999998,15460.16940605708,0.24859572826338783,295.0694935090715,0.3878904316736495,0.6,1.3569699349930187,1.1153947664839814,0.0,222.4660250992308,223.1693879060154,0.0,0.0
97.3991198193629,13428.001303598814,114.27891045426527,216.64999999999998,15501.89241923601,0.24926662407145675,295.0694935090715,0.38729490160172025,0.6,1.3569699349930187,1.1149733806967146,0.0,222.44818006512634,223.1493847771537,0.0,0.0
97.54919550475482,13410.863964462835,114.10381389351174,216.64999999999998,15543.664005792614,0.2499383009275129,295.0694935090715,0.3867014937279641,0.6,1.3569699349930187,1.1145545258477323,0.0,222.43042589483161,223.1294835007448,0.0,0.0
97.69927119014676,13393.752856303076,113.92933980581049,216.64999999999998,15585.484180295529,0.2506107590658164,295.0694935090715,0.3861101954353946,0.6,1.3569699349930187,1.1141381828509567,0.0,222.41276191964732,223.10968332722013,0.0,0.0
97.84934687553869,13376.667885991215,113.75548449854242,216.64999999999998,15627.352957203546,0.2512839987188611,295.0694935090715,0.385520994209607,0.6,1.3569699349930187,1.113724332779872,0.0,222.3951874772749,223.08998351418583,0.0,0.0
97.99942256093061,13359.608960931944,113.58224430352992,216.64999999999998,15669.270350942079,0.2519580201186041,295.0694935090715,0.3849338776190294,0.6,1.3569699349930187,1.1133129567631053,0.0,222.37770191118517,223.07038332571514,0.0,0.0
98.14949824632255,13342.575989076211,113.40961557982526,216.64999999999998,15711.236375860355,0.2526328234957773,295.0694935090715,0.3843488333243729,0.6,1.3569699349930187,1.112904036039745,0.0,222.36030457086002,223.05088203261934,0.0,0.0
98.29957393171448,13325.568878942206,113.23759471817525,216.64999999999998,15753.251046168934,0.25330840907888325,295.0694935090715,0.38376584909376243,0.6,1.3569699349930187,1.1124975520466316,0.0,222.34299481220063,223.03147891290533,0.0,0.0
98.44964961710642,13308.587539573513,113.0661781341616,216.64999999999998,15795.314376032065,0.25398477709567946,295.0694935090715,0.3831849127794892,0.6,1.3569699349930187,1.1120934862944591,0.0,222.3257719967949,223.01217325095445,0.0,0.0
98.59972530249834,13291.631880536732,112.89536226808384,216.64999999999998,15837.42637956356,0.2546619277731126,295.0694935090715,0.3826060123176137,0.6,1.3569699349930187,1.111691820368833,0.0,222.30863549186756,222.9929643374665,0.0,0.0
98.74980098789027,13274.701811953211,112.72514359136166,216.64999999999998,15879.587070737633,0.25533986133588454,295.0694935090715,0.38202913574966396,0.6,1.3569699349930187,1.111292536053899,0.0,222.29158467088297,222.97385147013563,0.0,0.0
98.89987667328221,13257.797244468837,112.55551860173321,216.64999999999998,15921.79646345321,0.2560185780074867,295.0694935090715,0.38145427120636194,0.6,1.3569699349930187,1.110895615246491,0.0,222.27461891302303,222.9548339530649,0.0,0.0
99.04995235867413,13240.91808923507,112.38648382021744,216.64999999999998,15964.054571571305,0.2566980780108007,295.0694935090715,0.38088140689732897,0.6,1.3569699349930187,1.110501039902522,0.0,222.25773760284557,222.93591109638342,0.0,0.0
99.20002804406606,13224.064257935494,112.21803579645633,216.64999999999998,16006.361408838575,0.2573783615668694,295.0694935090715,0.38031053112919094,0.6,1.3569699349930187,1.1101087921408062,0.0,222.24094013078084,222.91708221680292,0.0,0.0
99.350103729458,13207.235662780931,112.05017110848877,216.64999999999998,16048.716988889033,0.25805942889492445,295.0694935090715,0.37974163230481145,0.6,1.3569699349930187,1.1097188542428043,0.0,222.22422589306947,222.89834663754826,0.0,0.0
99.50017941484992,13190.432216475429,111.88288635708645,216.64999999999998,16091.121325319495,0.2587412802135993,295.0694935090715,0.37917469890409655,0.6,1.3569699349930187,1.1093312085495715,0.0,222.20759429116083,222.87970368768288,0.0,0.0
99.65025510024185,13173.653832229325,111.71617816851257,216.64999999999998,16133.574431647017,0.25942391574024487,295.0694935090715,0.37860971949334377,0.6,1.3569699349930187,1.108945837516938,0.0,222.19104473195213,222.8611527023769,0.0,0.0
99.80033078563379,13156.900423779278,111.55004319881185,216.64999999999998,16176.076321248076,0.2601073356899516,295.0694935090715,0.3780466827397811,0.6,1.3569699349930187,1.1085627238002955,0.0,222.1745766281771,222.84269302334283,0.0,0.0
99.95040647102572,13140.171905348114,111.38447812710301,216.64999999999998,16218.627007450194,0.26079154027702284,295.0694935090715,0.3774855773888352,0.6,1.3569699349930187,1.1081818501316119,0.0,222.15818939770352,222.82432399804807,0.0,0.0
100.10048215641764,13123.468191642814,111.21947965550214,216.64999999999998,16261.22650352766,0.2614765297149058,295.0694935090715,0.3769263922638714,0.6,1.3569699349930187,1.1078031993209783,0.0,222.1418824634917,222.80604497966854,0.0,0.0
100.25055784180958,13106.78919788521,111.05504451535899,216.64999999999998,16303.87482261356,0.26216230421477743,295.0694935090715,0.37636911628732894,0.6,1.3569699349930187,1.107426754378356,0.0,222.12565525417597,222.7878553277402,0.0,0.0
100.4006335272015,13090.134839782731,110.89116946250691,216.64999999999998,16346.571977764403,0.262848863986583,295.0694935090715,0.3758137384646228,0.6,1.3569699349930187,1.1070524984272483,0.0,222.1095072035591,222.76975440759267,0.0,0.0
100.55070921259343,13073.505033510477,110.7278512743381,216.64999999999998,16389.317981996748,0.26353620923962573,295.0694935090715,0.37526024787423146,0.6,1.3569699349930187,1.1066804146522367,0.0,222.09343775029078,222.75174158998848,0.0,0.0
100.70078489798537,13056.89969573707,110.56508675504308,216.64999999999998,16432.11284821142,0.2642243401813477,295.0694935090715,0.3747086336854539,0.6,1.3569699349930187,1.1063104864018765,0.0,222.07744633835017,222.7338162516643,0.0,0.0
100.8508605833773,13040.3187436197,110.4028727353087,216.64999999999998,16474.956589196434,0.26491325701737695,295.0694935090715,0.3741588851573859,0.6,1.3569699349930187,1.10594269718665,0.0,222.06153241698132,222.71597777525827,0.0,0.0
101.00093626876922,13023.762094771659,110.24120606681527,216.64999999999998,16517.84921770139,0.26560295995272404,295.0694935090715,0.37361099162027084,0.6,1.3569699349930187,1.1055770305773416,0.0,222.04569544011957,222.69822554866732,0.0,0.0
101.15101195416116,13007.229667275249,110.08008362497038,216.64999999999998,16560.790746395112,0.2662934491911005,295.0694935090715,0.37306494248476463,0.6,1.3569699349930187,1.1052134702601593,0.0,222.0299348666286,222.68055896531257,0.0,0.0
101.30108763955309,12990.721379700944,109.91950231303795,216.64999999999998,16603.781187806362,0.2669847249339657,295.0694935090715,0.37252072725592905,0.6,1.3569699349930187,1.104852000119199,0.0,222.01425016067097,222.66297742455492,0.0,0.0
101.45116332494501,12974.23715106884,109.75945905558223,216.64999999999998,16646.82055441469,0.2676767873819878,295.0694935090715,0.37197833551101356,0.6,1.3569699349930187,1.1044926041144496,0.0,221.99864079103452,222.64548033093993,0.0,0.0
101.60123901033695,12957.776900847028,109.59995079843273,216.64999999999998,16689.90885864593,0.2683696367349711,295.0694935090715,0.3714377568993361,0.6,1.3569699349930187,1.1041352662838682,0.0,221.98310623109893,222.62806709416026,0.0,0.0
101.75131469572888,12941.340548981298,109.44097451476684,216.64999999999998,16733.046112785378,0.26906327319046025,295.0694935090715,0.3708989811628976,0.6,1.3569699349930187,1.1037799708634186,0.0,221.96764595939717,222.61073712968516,0.0,0.0
101.9013903811208,12924.928015866817,109.2825272004151,216.64999999999998,16776.23232904267,0.2697576969447831,295.0694935090715,0.3703619981204711,0.6,1.3569699349930187,1.1034267022003739,0.0,221.95225945912637,222.59348985821194,0.0,0.0
102.05146606651275,12908.539222331201,109.12460587104744,216.64999999999998,16819.46751958752,0.2704529081936257,295.0694935090715,0.36982679765806614,0.6,1.3569699349930187,1.1030754447020128,0.0,221.9369462178448,222.57632470532664,0.0,0.0
102.20154175190467,12892.174089659717,108.96720756731864,216.64999999999998,16862.751696474683,0.27114890713082557,295.0694935090715,0.3692933697463665,0.6,1.3569699349930187,1.1027261829377277,0.0,221.92170572794188,222.55924110203065,0.0,0.0
102.3516174372966,12875.83253959027,108.81032935449888,216.64999999999998,16906.084871647905,0.2718456939484352,295.0694935090715,0.36876170443947864,0.6,1.3569699349930187,1.102378901635324,0.0,221.90653748657138,222.54223848466586,0.0,0.0
102.50169312268854,12859.514494282419,108.65396831712907,216.64999999999998,16949.467057013284,0.2725432688379017,295.0694935090715,0.3682317918568178,0.6,1.3569699349930187,1.1020335855808423,0.0,221.8914409951047,222.52531629430177,0.0,0.0
102.65176880808046,12843.219876330153,108.4981215617339,216.64999999999998,16992.89826439696,0.27324163198938656,295.0694935090715,0.36770362219230324,0.6,1.3569699349930187,1.1016902196736995,0.0,221.87641575936544,222.5084739769988,0.0,0.0
102.80184449347239,12826.948608780225,108.34278622080136,216.64999999999998,17036.378505487413,0.27394078359083757,295.0694935090715,0.3671771857278445,0.6,1.3569699349930187,1.1013487890069968,0.0,221.861461289984,222.4917109842051,0.0,0.0
102.95192017886433,12810.700615095155,108.18795944637652,216.64999999999998,17079.907791925398,0.2746407238294353,295.0694935090715,0.3666524728116309,0.6,1.3569699349930187,1.101009278746554,0.0,221.84657710175077,222.4750267720322,0.0,0.0
103.10199586425625,12794.475819151949,108.03363841006787,216.64999999999998,17123.486135299245,0.2753414528915171,295.0694935090715,0.3661294738581524,0.6,1.3569699349930187,1.1006716741335476,0.0,221.83176271359062,222.45842080122594,0.0,0.0
103.25207154964818,12778.274145270887,107.87982030898752,216.64999999999998,17167.113547059085,0.2760429709611985,295.0694935090715,0.3656081793683321,0.6,1.3569699349930187,1.1003359606029979,0.0,221.8170176491056,222.44189253777506,0.0,0.0
103.40214723504012,12762.095518188105,107.72650236111376,216.64999999999998,17210.79003858183,0.27674527822141726,295.0694935090715,0.3650885799138089,0.6,1.3569699349930187,1.1000021236967714,0.0,221.8023414361014,222.42544145238023,0.0,0.0
103.55222292043204,12745.939863039603,107.57368180258523,216.64999999999998,17254.515621206174,0.27744837485449697,295.0694935090715,0.36457066612776773,0.6,1.3569699349930187,1.0996701490134548,0.0,221.7877336063021,222.40906702013456,0.0,0.0
103.70229860582398,12729.807105385818,107.42135589276009,216.64999999999998,17298.290306158153,0.27815226104094937,295.0694935090715,0.3640544287220853,0.6,1.3569699349930187,1.09934002230979,0.0,221.7731936958084,222.39276872103684,0.0,0.0
103.85237429121591,12713.697171206624,107.26952191378649,216.64999999999998,17342.114104555967,0.27885693695955244,295.0694935090715,0.36353985848587445,0.6,1.3569699349930187,1.099011729495433,0.0,221.75872124502865,222.37654603991456,0.0,0.0
104.00244997660783,12697.609986871706,107.11817716541115,216.64999999999998,17385.98702748239,0.2795624027885145,295.0694935090715,0.3630269462678898,0.6,1.3569699349930187,1.0986852565342322,0.0,221.7443157981578,222.36039846583978,0.0,0.0
104.15252566199977,12681.545479153217,106.9673189676749,216.64999999999998,17429.90908594253,0.2802686587047949,295.0694935090715,0.36251568298566367,0.6,1.3569699349930187,1.0983605894994504,0.0,221.72997690340986,222.34432549238963,0.0,0.0
104.3026013473917,12665.50357524337,106.81694466475388,216.64999999999998,17473.880290807454,0.28097570488319784,295.0694935090715,0.36200605963852356,0.6,1.3569699349930187,1.0980377146520715,0.0,221.71570411335694,222.32832661802638,0.0,0.0
104.45267703278363,12649.484202718892,106.66705161869862,216.64999999999998,17517.9006529033,0.2816835414978049,295.0694935090715,0.361498067286374,0.6,1.3569699349930187,1.09771661832087,0.0,221.70149698430862,222.31240134540178,0.0,0.0
104.60275271817557,12633.487289540066,106.51763720948149,216.64999999999998,17561.970183006313,0.28239216872189543,295.0694935090715,0.360991697049857,0.6,1.3569699349930187,1.0973972869056359,0.0,221.68735507629327,222.29654918133605,0.0,0.0
104.75282840356749,12617.51276407868,106.36869884080522,216.64999999999998,17606.08889175807,0.2831015867265834,295.0694935090715,0.3604869401300378,0.6,1.3569699349930187,1.097079706994266,0.0,221.6732779535835,222.28076963740705,0.0,0.0
104.90290408895942,12601.560555091453,106.2202339355224,216.64999999999998,17650.256789730527,0.2838117956818633,295.0694935090715,0.35998378779288076,0.6,1.3569699349930187,1.096763865275507,0.0,221.65926518423743,222.2650622294358,0.0,0.0
105.05297977435136,12585.630591704929,106.07223993303404,216.64999999999998,17694.47388746031,0.28452279575716144,295.0694935090715,0.3594822313604337,0.6,1.3569699349930187,1.0964497484900033,0.0,221.64531633983012,222.24942647718575,0.0,0.0
105.20305545974328,12569.722803439488,105.92471429426993,216.64999999999998,17738.74019537461,0.28523458712014454,295.0694935090715,0.35898226222770613,0.6,1.3569699349930187,1.0961373435311677,0.0,221.6314309959004,222.23386190486326,0.0,0.0
105.35313114513521,12553.837120204313,105.77765450120424,216.64999999999998,17783.05572379707,0.28594716993681424,295.0694935090715,0.35848387186102737,0.6,1.3569699349930187,1.0958266374385044,0.0,221.61760873188055,222.2183680410392,0.0,0.0
105.50320683052715,12537.973472269092,105.63105805181169,216.64999999999998,17827.420483019145,0.28666054437265454,295.0694935090715,0.35798705178095347,0.6,1.3569699349930187,1.0955176173003123,0.0,221.6038491305991,222.20294441809133,0.0,0.0
105.65328251591907,12522.131790276551,105.48492246274904,216.64999999999998,17871.83448325779,0.2873747105919516,295.0694935090715,0.35749179357135424,0.6,1.3569699349930187,1.0952102703090623,0.0,221.59015177851109,222.1875905724625,0.0,0.0
105.803358201311,12506.312005259339,105.3392452730669,216.64999999999998,17916.297734600514,0.2880896687569101,295.0694935090715,0.35699808889199314,0.6,1.3569699349930187,1.094904583837831,0.0,221.57651626602305,222.17230604502492,0.0,0.0
105.95343388670294,12490.514048605855,105.19402403808911,216.64999999999998,17960.810247093537,0.28880541902907086,295.0694935090715,0.35650592945778403,0.6,1.3569699349930187,1.0946005453213925,0.0,221.56294218689666,222.15709038041172,0.0,0.0
106.10350957209486,12474.737852059625,105.04925632950086,216.64999999999998,18005.37203073662,0.2895219615692275,295.0694935090715,0.35601530703909,0.6,1.3569699349930187,1.0942981422600533,0.0,221.54942913823643,222.14194312700312,0.0,0.0
106.25358525748679,12458.983347746418,104.90493974103445,216.64999999999998,18049.98309539913,0.29023929653607694,295.0694935090715,0.3555262134809924,0.6,1.3569699349930187,1.0939973623354797,0.0,221.53597672099914,222.12686383749747,0.0,0.0
106.40366094287873,12443.250468148499,104.76107188394504,216.64999999999998,18094.64345088521,0.2909574240872676,295.0694935090715,0.35503864068795815,0.6,1.3569699349930187,1.0936981933232113,0.0,221.52258453954903,222.11185206841267,0.0,0.0
106.55373662827066,12427.539146090357,104.61765038450929,216.64999999999998,18139.35310696725,0.29167634437993695,295.0694935090715,0.3545525806153626,0.6,1.3569699349930187,1.0934006230448567,0.0,221.5092522014047,222.09690737980247,0.0,0.0
106.70381231366258,12411.849314762167,104.47467288893348,216.64999999999998,18184.112073312233,0.29239605756952775,295.0694935090715,0.3540680252861232,0.6,1.3569699349930187,1.093104639468517,0.0,221.49597931767542,222.08202933574552,0.0,0.0
106.85388799905452,12396.18090771475,104.33213706281863,216.64999999999998,18228.92035948851,0.29311656380989676,295.0694935090715,0.35358496678888657,0.6,1.3569699349930187,1.0928102307007497,0.0,221.48276550298948,222.0672175042651,0.0,0.0
107.00396368444645,12380.533858832521,104.19004058625809,216.64999999999998,18273.777975036082,0.2938378632544448,295.0694935090715,0.3531033972614147,0.6,1.3569699349930187,1.0925173848906526,0.0,221.46961037501936,222.05247145679672,0.0,0.0
107.15403936983837,12364.908102345891,104.04838115650738,216.64999999999998,18318.684929424344,0.29455995605543744,295.0694935090715,0.35262330889963234,0.6,1.3569699349930187,1.092226090285462,0.0,221.45651355470994,222.03779076844415,0.0,0.0
107.30411505523031,12349.303572847502,103.90715649157518,216.64999999999998,18363.6412319983,0.29528284236314006,295.0694935090715,0.35214469396979764,0.6,1.3569699349930187,1.0919363353052343,0.0,221.4434746665901,222.02317501832857,0.0,0.0
107.45419074062224,12333.720205259362,103.76636432423703,216.64999999999998,18408.646892065914,0.29600652232722247,295.0694935090715,0.35166754478821405,0.6,1.3569699349930187,1.091648108424924,0.0,221.43049333819937,222.00862378894584,0.0,0.0
107.60426642601416,12318.157934832481,103.62600240216295,216.64999999999998,18453.701918892682,0.29673099609667153,295.0694935090715,0.35119185372166273,0.6,1.3569699349930187,1.091361398178847,0.0,221.41756920008146,221.99413666615942,0.0,0.0
107.7543421114061,12302.616697173262,103.48606849348938,216.64999999999998,18498.80632161846,0.29745626381845386,295.0694935090715,0.3507176132062864,0.6,1.3569699349930187,1.0910761932753712,0.0,221.40470188627856,221.97971323975423,0.0,0.0
107.90441779679803,12287.096428218514,103.34656038234878,216.64999999999998,18543.960109322677,0.29818232563856445,295.0694935090715,0.35024481573243876,0.6,1.3569699349930187,1.0907924825091992,0.0,221.39189103389973,221.96535310295297,0.0,0.0
108.05449348218997,12271.597064221938,103.20747586646414,216.64999999999998,18589.163291057193,0.29890918170255504,295.0694935090715,0.34977345383653213,0.6,1.3569699349930187,1.0905102547146992,0.0,221.3791362828821,221.95105585214853,0.0,0.0
108.2045691675819,12256.118541777108,103.06881276199094,216.64999999999998,18634.41587577277,0.29963683215435166,295.0694935090715,0.3493035201174473,0.6,1.3569699349930187,1.0902294988659729,0.0,221.36643727641732,221.93682108738182,0.0,0.0
108.35464485297382,12240.660797812408,102.93056890293504,216.64999999999998,18679.717872326873,0.3003652771363801,295.0694935090715,0.34883500723456046,0.6,1.3569699349930187,1.0899502040675242,0.0,221.3537936608788,221.9226484122603,0.0,0.0
108.50472053836576,12225.223769565138,102.7927421363849,216.64999999999998,18725.069289552895,0.30109451679067933,295.0694935090715,0.34836790789158517,0.6,1.3569699349930187,1.089672359459675,0.0,221.34120508536745,221.90853743344874,0.0,0.0
108.65479622375769,12209.807394593816,102.65533032517256,216.64999999999998,18770.470136217842,0.30182455125822044,295.0694935090715,0.3479022148455905,0.6,1.3569699349930187,1.0893959542744436,0.0,221.32867120193816,221.89448776092325,0.0,0.0
108.80487190914961,12194.41161079379,102.51833135135085,216.64999999999998,18815.92042096962,0.3025553806780598,295.0694935090715,0.34743792091878545,0.6,1.3569699349930187,1.089120977908575,0.0,221.31619166589888,221.8804990083063,0.0,0.0
108.95494759454155,12179.036356365574,102.38174311033487,216.64999999999998,18861.420152423772,0.30328700518873314,295.0694935090715,0.34697501897866406,0.6,1.3569699349930187,1.0888474198065659,0.0,221.30376613525846,221.8665707922479,0.0,0.0
109.10502327993348,12163.681569814782,102.24556351106848,216.64999999999998,18906.96933915763,0.30401942492816186,295.0694935090715,0.3465135019385699,0.6,1.3569699349930187,1.088575269465762,0.0,221.29139427072593,221.85270273242492,0.0,0.0
109.2550989653254,12148.347189977792,102.10979048148974,216.64999999999998,18952.56798962778,0.30475264003232583,295.0694935090715,0.3460533627762184,0.6,1.3569699349930187,1.0883045165500305,0.0,221.27907573619032,221.8388944520786,0.0,0.0
109.40517465071734,12133.033155997475,101.97442196411176,216.64999999999998,18998.21611223557,0.3054866506363166,295.0694935090715,0.3455945945187204,0.6,1.3569699349930187,1.088035150801806,0.0,221.2668101983014,221.825145577545,0.0,0.0
109.55525033610927,12117.739407310411,101.8394559137088,216.64999999999998,19043.913715359082,0.30622145687485175,295.0694935090715,0.34513719023474004,0.6,1.3569699349930187,1.0877671619965223,0.0,221.2545973262444,221.81145573800205,0.0,0.0
109.7053260215012,12102.465883669402,101.70489030209738,216.64999999999998,19089.66080727988,0.30695705888109676,295.0694935090715,0.34468114305069836,0.6,1.3569699349930187,1.0875005400424222,0.0,221.24243679215692,221.79782456593728,0.0,0.0
109.85540170689313,12087.212525138379,101.57072311750943,216.64999999999998,19135.45739619169,0.3076934567868047,295.0694935090715,0.34422644614864867,0.6,1.3569699349930187,1.087235274969977,0.0,221.2303282710551,221.78425169706478,0.0,0.0
110.00547739228506,12071.979272067614,101.43695235995264,216.64999999999998,19181.30349026863,0.3084306507234134,295.0694935090715,0.3437730927505527,0.6,1.3569699349930187,1.086971356838576,0.0,221.21827144039864,221.77073676983778,0.0,0.0
110.15555307767698,12056.766065105903,101.30357604386444,216.64999999999998,19227.199097622786,0.3091686408213632,295.0694935090715,0.3433210761272751,0.6,1.3569699349930187,1.0867087757927414,0.0,221.20626598031564,221.75727942570052,0.0,0.0
110.30562876306892,12041.572845215598,101.17059220148194,216.64999999999998,19273.14422625262,0.3099074272092675,295.0694935090715,0.34287038961000416,0.6,1.3569699349930187,1.0864475221336043,0.0,221.19431157388956,221.7438793094101,0.0,0.0
110.45570444846085,12026.399553642088,101.03799887710471,216.64999999999998,19319.13888412891,0.3106470100152943,295.0694935090715,0.3424210265708083,0.6,1.3569699349930187,1.0861875862028083,0.0,221.18240790662736,221.73053606844013,0.0,0.0
110.60578013385278,12011.246131913975,100.90579412729883,216.64999999999998,19365.18307918864,0.3113873893670684,295.0694935090715,0.3419729804233274,0.6,1.3569699349930187,1.0859289583882614,0.0,221.17055466646357,221.71724935298542,0.0,0.0
110.75585581924472,11996.112521868065,100.7739760262628,216.64999999999998,19411.27681925309,0.31212856539035416,295.0694935090715,0.34152624464095827,0.6,1.3569699349930187,1.0856716292368995,0.0,221.15875154422676,221.7040188164848,0.0,0.0
110.90593150463664,11980.998665625788,100.64254266145667,216.64999999999998,19457.42011209338,0.3128705382101092,295.0694935090715,0.3410808127420416,0.6,1.3569699349930187,1.08541558936646,0.0,221.14699823323176,221.690844115164,0.0,0.0
111.05600719002857,11965.904505581071,100.51149213137512,216.64999999999998,19503.612965461853,0.3136133079509893,295.0694935090715,0.34063667828231464,0.6,1.3569699349930187,1.0851608294209936,0.0,221.13529442906668,221.67772490779706,0.0,0.0
111.2060828754205,11950.829984422404,100.38082255027278,216.64999999999998,19549.85538701895,0.31435687473617246,295.0694935090715,0.3401938348709258,0.6,1.3569699349930187,1.0849073401705065,0.0,221.12363983000122,221.66466085616378,0.0,0.0
111.35615856081243,11935.77504512775,100.25053204749473,216.64999999999998,19596.147384342632,0.31510123868751044,295.0694935090715,0.33975227616816533,0.6,1.3569699349930187,1.0846551124991555,0.0,221.11203413691143,221.65165162496558,0.0,0.0
111.50623424620436,11920.739630940752,100.12061876295783,216.64999999999998,19642.48896499583,0.3158463999266134,295.0694935090715,0.33931199587015176,0.6,1.3569699349930187,1.0844041373131585,0.0,221.10047705286294,221.63869688135821,0.0,0.0
111.6563099315963,11905.723685382818,99.9910808497999,216.64999999999998,19688.88013648381,0.316592358574164,295.0694935090715,0.33887298771780966,0.6,1.3569699349930187,1.084154405597391,0.0,221.08896828333388,221.62579629520172,0.0,0.0
111.80638561698822,11890.727152267622,99.86191647764821,216.64999999999998,19735.320906203542,0.31733911474910387,295.0694935090715,0.33843524550794707,0.6,1.3569699349930187,1.0839059084853913,0.0,221.07750753649077,221.6129495393697,0.0,0.0
111.95646130238015,11875.749975671619,99.73312382699648,216.64999999999998,19781.81128152907,0.31808666857000567,295.0694935090715,0.33799876307419874,0.6,1.3569699349930187,1.0836586371440813,0.0,221.06609452267514,221.60015628917367,0.0,0.0
112.10653698777209,11860.79209993447,99.60470108944563,216.64999999999998,19828.351269804974,0.3188350201549686,295.0694935090715,0.33756353428784197,0.6,1.3569699349930187,1.0834125827801795,0.0,221.05472895441247,221.58741622237332,0.0,0.0
112.25661267316401,11845.853469683405,99.47664647297647,216.64999999999998,19874.9408782651,0.31958416962031105,295.0694935090715,0.3371295530756662,0.6,1.3569699349930187,1.0831677367521522,0.0,221.04341054686566,221.57472901968472,0.0,0.0
112.40668835855594,11830.93402981026,99.34895819762339,216.64999999999998,19921.58011409819,0.3203341170816262,295.0694935090715,0.3366968134053107,0.6,1.3569699349930187,1.0829240904816881,0.0,221.03213901743817,221.56209436433537,0.0,0.0
112.55676404394788,11816.033725459974,99.22163449333054,216.64999999999998,19968.268984478607,0.3210848626542761,295.0694935090715,0.3362653092779993,0.6,1.3569699349930187,1.0826816354102538,0.0,221.02091408557246,221.54951194183846,0.0,0.0
112.7068397293398,11801.152502052259,99.09467360462573,216.64999999999998,20015.007496493265,0.32183640645221656,295.0694935090715,0.3358350347443803,0.6,1.3569699349930187,1.0824403630986492,0.0,221.0097354731499,221.536981440441,0.0,0.0
112.85691541473173,11786.290305276458,98.96807378990935,216.64999999999998,20061.79565715195,0.3225887485881632,295.0694935090715,0.3354059839021167,0.6,1.3569699349930187,1.0822002652140066,0.0,220.9986029044144,221.5245025510382,0.0,0.0
113.00699110012367,11771.44708106872,98.84183331705066,216.64999999999998,20108.63347345386,0.3233418891746615,295.0694935090715,0.33497815088096156,0.6,1.3569699349930187,1.0819613334388545,0.0,220.98751610557244,221.5120749667253,0.0,0.0
113.1570667855156,11756.62277562399,98.71595046603366,216.64999999999998,20155.520952344723,0.3240958283233969,295.0694935090715,0.33455152985172554,0.6,1.3569699349930187,1.0817235595281463,0.0,220.97647480501416,221.4996983830452,0.0,0.0
113.30714247090754,11741.817335409967,98.59042353212888,216.64999999999998,20202.458100667245,0.32485056614439856,295.0694935090715,0.33412611503702555,0.6,1.3569699349930187,1.0814869353778653,0.0,220.96547873357878,221.48737249828602,0.0,0.0
113.45721815629946,11727.030707138638,98.46525082037846,216.64999999999998,20249.444925245753,0.32560610274739993,295.0694935090715,0.3337019006925949,0.6,1.3569699349930187,1.0812514529104955,0.0,220.95452762405841,221.4750970129251,0.0,0.0
113.60729384169139,11712.2628377669,98.3404306458722,216.64999999999998,20296.481432879413,0.32636243824172995,295.0694935090715,0.3332788811082189,0.6,1.3569699349930187,1.0810171040821022,0.0,220.94362121121148,221.46287162964367,0.0,0.0
113.75736952708333,11697.513674520336,98.21596133893267,216.64999999999998,20343.56763026132,0.32711957273501197,295.0694935090715,0.3328570506253069,0.6,1.3569699349930187,1.0807838809935568,0.0,220.93275923220392,221.45069605382184,0.0,0.0
113.90744521247525,11682.783164870825,98.09184124083019,216.64999999999998,20390.70352404444,0.32787750633422397,295.0694935090715,0.33243640362237076,0.6,1.3569699349930187,1.080551775801684,0.0,220.92194142622242,221.43856999310475,0.0,0.0
114.05752089786718,11668.071256525638,97.96806870171773,216.64999999999998,20437.889120871598,0.328636239146181,295.0694935090715,0.3320169345080258,0.6,1.3569699349930187,1.0803207806768191,0.0,220.91116753428344,221.4264931571886,0.0,0.0
114.20759658325912,11653.377897448692,97.84464208525759,216.64999999999998,20485.124427302442,0.3293957712763606,295.0694935090715,0.331598637736671,0.6,1.3569699349930187,1.080090887902358,0.0,220.90043729962534,221.41446525826018,0.0,0.0
114.35767226865104,11638.703035855411,97.7215597678699,216.64999999999998,20532.409449824616,0.3301561028290825,295.0694935090715,0.33118150780594197,0.6,1.3569699349930187,1.079862089860573,0.0,220.88975046763056,221.40248601090968,0.0,0.0
114.50774795404297,11624.046620190753,97.59882013443725,216.64999999999998,20579.744194919447,0.3309172339085648,295.0694935090715,0.33076553924215385,0.6,1.3569699349930187,1.079634378942768,0.0,220.8791067854415,221.3905551317001,0.0,0.0
114.65782363943491,11609.40859914113,97.47642158094892,216.64999999999998,20627.128669018857,0.3316791646182312,295.0694935090715,0.3303507266092628,0.6,1.3569699349930187,1.0794077476067816,0.0,220.8685060021798,221.37867233941301,0.0,0.0
114.80789932482683,11594.788921647865,97.35436251758067,216.64999999999998,20674.562878456687,0.33244189505992844,295.0694935090715,0.3299370645193033,0.6,1.3569699349930187,1.0791821884442574,0.0,220.85794786920167,221.3668373553348,0.0,0.0
114.95797501021876,11580.187536879639,97.23264136328105,216.64999999999998,20722.046829552866,0.3332054253352793,295.0694935090715,0.3295245476140412,0.6,1.3569699349930187,1.0789576940667915,0.0,220.84743213961792,221.35504990271872,0.0,0.0
115.1080506956107,11565.604394233344,97.11125654608209,216.64999999999998,20769.580528606162,0.33396975554556646,295.0694935090715,0.32911317056602646,0.6,1.3569699349930187,1.0787342571136913,0.0,220.83695856831133,221.34330970680415,0.0,0.0
115.25812638100263,11551.039443357255,96.9902065082017,216.64999999999998,20817.16398181376,0.33473488579043914,295.0694935090715,0.3287029280958855,0.6,1.3569699349930187,1.0785118703625534,0.0,220.8265269123664,221.33161649529856,0.0,0.0
115.40820206639455,11536.492634129208,96.86948970179638,216.64999999999998,20864.79719533742,0.335500816168977,295.0694935090715,0.3282938149579271,0.6,1.3569699349930187,1.078290526640037,0.0,220.81613693069175,221.31996999795413,0.0,0.0
115.55827775178649,11521.963916646237,96.74910458697116,216.64999999999998,20912.480175332836,0.33626754678016185,295.0694935090715,0.32788582593339743,0.6,1.3569699349930187,1.078070218780401,0.0,220.80578838383926,221.30836994636496,0.0,0.0
115.70835343717842,11507.453241245446,96.62904963636267,216.64999999999998,20960.21292787651,0.33703507772170266,295.0694935090715,0.32747895584601305,0.6,1.3569699349930187,1.0778509397251104,0.0,220.7954810343884,221.296816074398,0.0,0.0
115.85842912257034,11492.960558498839,96.50932333434771,216.64999999999998,21007.995458977803,0.33780340909022827,295.0694935090715,0.32707319955927827,0.6,1.3569699349930187,1.0776326825074767,0.0,220.78521464686733,221.28530811810464,0.0,0.0
116.00850480796228,11478.485819192178,96.38992417285058,216.64999999999998,21055.827774643865,0.33857254098233225,295.0694935090715,0.326668551962276,0.6,1.3569699349930187,1.0774154401638505,0.0,220.77498898738335,221.27384581530615,0.0,0.0
116.15858049335421,11464.028974336827,96.2708506539869,216.64999999999998,21103.709880836195,0.3393424734938741,295.0694935090715,0.3262650079786279,0.6,1.3569699349930187,1.0771992057916333,0.0,220.7648038238404,221.26242890583794,0.0,0.0
116.30865617874613,11449.589975182702,96.15210129305518,216.64999999999998,21151.64178342293,0.34011320671921186,295.0694935090715,0.3258625625766329,0.6,1.3569699349930187,1.0769839726152668,0.0,220.75465892618485,221.25105713182478,0.0,0.0
116.45873186413807,11435.168773191612,96.03367461321865,216.64999999999998,21199.62348826246,0.3408847407525471,295.0694935090715,0.3254612107512437,0.6,1.3569699349930187,1.0767697338729927,0.0,220.7445540659407,221.2397302371598,0.0,0.0
116.60880754953,11420.765320038292,95.91556914584918,216.64999999999998,21247.6550011958,0.34165707568780196,295.0694935090715,0.32506094752523235,0.6,1.3569699349930187,1.0765564828252907,0.0,220.7344890162304,221.22844796752804,0.0,0.0
116.75888323492192,11406.379567633036,95.79778343555168,216.64999999999998,21295.73632796661,0.342430211617333,295.0694935090715,0.32466176796621815,0.6,1.3569699349930187,1.076344212864886,0.0,220.72446355219395,221.2172100708759,0.0,0.0
116.90895892031386,11392.011468100365,95.68031603595131,216.64999999999998,21343.867474287534,0.3432041486329982,295.0694935090715,0.3242636671723902,0.6,1.3569699349930187,1.0761329174271053,0.0,220.71447745061968,221.20601629699757,0.0,0.0
117.05903460570579,11377.660973769198,95.56316550777443,216.64999999999998,21392.048445868946,0.3439788868266189,295.0694935090715,0.32386664026600387,0.6,1.3569699349930187,1.0759225899493574,0.0,220.70453048977274,221.1948663973426,0.0,0.0
117.20911029109772,11363.32803719335,95.4463304233917,216.64999999999998,21440.279248345814,0.34475442628880404,295.0694935090715,0.3234706824087775,0.6,1.3569699349930187,1.075713223970868,0.0,220.6946224497722,221.18376012543874,0.0,0.0
117.35918597648966,11349.012611146329,95.32980936598716,216.64999999999998,21488.559887290496,0.34553076710915576,295.0694935090715,0.32307578879907617,0.6,1.3569699349930187,1.0755048131161473,0.0,220.68475311251092,221.17269723680192,0.0,0.0
117.50926166188158,11334.714648600975,95.21360092546244,216.64999999999998,21536.89036827694,0.34630790937730177,295.0694935090715,0.32268195465803123,0.6,1.3569699349930187,1.075297351007147,0.0,220.6749222612994,221.1616774885373,0.0,0.0
117.65933734727352,11320.434102741201,95.09770370108161,216.64999999999998,21585.270696837026,0.34708585318219337,295.0694935090715,0.3222891752385035,0.6,1.3569699349930187,1.075090831321839,0.0,220.66512968108196,221.15070063958137,0.0,0.0
117.80941303266545,11306.170926974519,94.98211630437814,216.64999999999998,21633.700878413547,0.3478645986113493,295.0694935090715,0.3218974458349353,0.6,1.3569699349930187,1.0748852478589552,0.0,220.65537515867308,221.1397664509669,0.0,0.0
117.95948871805737,11291.925074906156,94.86683735392607,216.64999999999998,21682.180918443573,0.3486441457521963,295.0694935090715,0.3215067617656297,0.6,1.3569699349930187,1.0746805944252986,0.0,220.64565848230683,221.12887468531804,0.0,0.0
118.10956440344931,11277.696500340284,94.75186547571658,216.64999999999998,21730.710822350302,0.34942449469193815,295.0694935090715,0.3211171183740266,0.6,1.3569699349930187,1.074476864844866,0.0,220.6359794416611,221.11802510687727,0.0,0.0
118.25964008884124,11263.485157302135,94.63719930810848,216.64999999999998,21779.290595463386,0.35020564551627426,295.0694935090715,0.32072851104548017,0.6,1.3569699349930187,1.0742740530683452,0.0,220.62633782826617,221.10721748196352,0.0,0.0
118.40971577423316,11249.291000017134,94.5228374976464,216.64999999999998,21827.920243085697,0.3509875983104735,295.0694935090715,0.32034093519308676,0.6,1.3569699349930187,1.074072153083019,0.0,220.61673343514354,221.0964515785673,0.0,0.0
118.5597914596251,11235.113982901543,94.40877869720951,216.64999999999998,21876.599770521363,0.351770353159825,295.0694935090715,0.3199543862514105,0.6,1.3569699349930187,1.0738711588731513,0.0,220.60716605664308,221.08572716616808,0.0,0.0
118.70986714501703,11220.954060582637,94.29502157051769,216.64999999999998,21925.329183002483,0.3525539101484596,295.0694935090715,0.319568859691755,0.6,1.3569699349930187,1.073671064519912,0.0,220.5976354888133,221.07504401614955,0.0,0.0
118.85994283040895,11206.811187893436,94.18156479126135,216.64999999999998,21974.108485702855,0.35333826935957074,295.0694935090715,0.31918435101921466,0.6,1.3569699349930187,1.0734718641836705,0.0,220.5881415293197,221.06440190170767,0.0,0.0
119.0100185158009,11192.685319853079,94.06840703909731,216.64999999999998,22022.937683801436,0.3541234308764347,295.0694935090715,0.3188008557591038,0.6,1.3569699349930187,1.0732735520170664,0.0,220.57868397710158,221.05380059746648,0.0,0.0
119.16009420119282,11178.576411678501,93.95554700229586,216.64999999999998,22071.81678243827,0.3549093947817022,295.0694935090715,0.3184183694659283,0.6,1.3569699349930187,1.073076122224177,0.0,220.56926263258637,221.04323987971802,0.0,0.0
119.31016988658475,11164.48441879648,93.84298338056607,216.64999999999998,22120.74578666845,0.35569616115665786,295.0694935090715,0.31803688773296046,0.6,1.3569699349930187,1.0728795691240627,0.0,220.55987729791732,221.0327195266777,0.0,0.0
119.46024557197669,11150.409296818558,93.73071487991113,216.64999999999998,22169.72470154494,0.35648373008255213,295.0694935090715,0.3176564061748034,0.6,1.3569699349930187,1.0726838870385509,0.0,220.5505277765162,221.022239317994,0.0,0.0
119.61032125736861,11136.351001542407,93.6187402130366,216.64999999999998,22218.753532110088,0.3572721016404647,295.0694935090715,0.317276920428775,0.6,1.3569699349930187,1.0724890703020609,0.0,220.54121387311048,221.0117990347791,0.0,0.0
119.76039694276054,11122.309488973457,93.5070581042305,216.64999999999998,22267.83228331629,0.35806127591002884,295.0694935090715,0.31689842617144615,0.6,1.3569699349930187,1.072295113370644,0.0,220.5319353941321,221.00139846005567,0.0,0.0
119.91047262815248,11108.284715304462,93.39566728520964,216.64999999999998,22316.960960092965,0.3588512529705085,295.0694935090715,0.31652091910456454,0.6,1.3569699349930187,1.0721020107313848,0.0,220.52269214736367,220.99103737836046,0.0,0.0
120.0605483135444,11094.276636906612,93.28456649333286,216.64999999999998,22366.13956737408,0.3596420329012406,295.0694935090715,0.31614439494899854,0.6,1.3569699349930187,1.0719097568636777,0.0,220.51348394178368,220.98071557557074,0.0,0.0
120.21062399893633,11080.285210349353,93.17375447607289,216.64999999999998,22415.368110024723,0.3604336157804545,295.0694935090715,0.31576884945989303,0.6,1.3569699349930187,1.0717183463393904,0.0,220.50431058793032,220.97043283931208,0.0,0.0
120.36069968432827,11066.310392395097,93.06322999010727,216.64999999999998,22464.64659285557,0.3612260016855048,295.0694935090715,0.3153942784235883,0.6,1.3569699349930187,1.0715277738039761,0.0,220.49517189781818,220.960188958865,0.0,0.0
120.51077536972019,11052.352139980472,92.95299179744532,216.64999999999998,22513.975020685066,0.36201919069387084,295.0694935090715,0.315020677644494,0.6,1.3569699349930187,1.0713380338913947,0.0,220.48606768461093,220.949983724798,0.0,0.0
120.66085105511212,11038.410410229957,92.84303866851738,216.64999999999998,22563.353398287687,0.36281318288232506,295.0694935090715,0.31464804295555904,0.6,1.3569699349930187,1.0711491212936983,0.0,220.4769977628701,220.9398169292466,0.0,0.0
120.81092674050406,11024.485160495651,92.73336866347444,216.64999999999998,22612.78173024866,0.36360797832459674,295.0694935090715,0.31427636778257284,0.6,1.3569699349930187,1.070961014155006,0.0,220.46796188936815,220.92968829956845,0.0,0.0
120.96100242589598,11010.576344469026,92.62409365396155,216.70500388548777,22662.25619672147,0.36431102299848744,295.1069477870126,0.3138661910488502,0.6,1.3569699349930187,1.070504357623858,0.0,220.5139730678418,220.97461194221853,0.0,0.0
121.11107811128791,10996.683866345975,92.51569744744101,216.7949931787808,22711.761786712395,0.3649553067117934,295.16821473701947,0.3134338076674956,0.6,1.3569699349930187,1.0698889996199648,0.0,220.5950524500666,221.0546138015733,0.0,0.0
121.26115379667985,10982.807586627763,92.4082068438954,216.8848779379847,22761.29724951366,0.36559971181495676,295.2293978254494,0.3130047601104094,0.6,1.3569699349930187,1.0692890402196817,0.0,220.67611203943912,221.13460611628366,0.0,0.0
121.41122948207178,10968.947372456487,92.30159457291415,216.97465902233395,22810.86287295262,0.3662442422594159,295.2904976891151,0.3125789529133112,0.6,1.3569699349930187,1.068703910095204,0.0,220.75715020081745,221.2145869495495,0.0,0.0
121.5613051674637,10955.103093616279,92.19583919481651,217.06433727396535,22860.45893837783,0.366888901905143,295.35151495259953,0.3121563104547233,0.6,1.3569699349930187,1.0681331732527173,0.0,220.83816577172203,221.2945548964624,0.0,0.0
121.71138085285564,10941.274623103156,92.09091983746792,217.15391351422625,22910.085718531394,0.36753369449321627,295.4124502257591,0.3117367591213252,0.6,1.3569699349930187,1.0675764053160328,0.0,220.9191576253358,221.37450859460338,0.0,0.0
121.86145653824757,10927.461836991552,91.98681624253294,217.2433885445389,22959.743477930893,0.36817862365104564,295.4733041043286,0.3113202274614066,0.6,1.3569699349930187,1.0670331946391902,0.0,221.00012467472288,221.4544467286674,0.0,0.0
122.01153222363949,10913.664614303505,91.8835087378407,217.33276314724702,23009.432473246092,0.3688236928975167,295.53407717051255,0.3109066460881505,0.6,1.3569699349930187,1.0665031417088888,0.0,221.081065870986,221.53436802829552,0.0,0.0
122.16160790903143,10899.882837008967,91.78097823884472,217.42203808561354,23059.152953207675,0.36946890564204965,295.59476999299994,0.3104959476820859,0.6,1.3569699349930187,1.065985859204071,0.0,221.1619802029715,221.6142712677444,0.0,0.0
122.31168359442336,10886.116389928076,91.67920622888448,217.51121410445313,23108.90515887022,0.3701142651882532,295.65538312740875,0.31008806692140134,0.6,1.3569699349930187,1.0654809715775677,0.0,221.24286669589213,221.69415526426621,0.0,0.0
122.46175927981528,10872.36516056169,91.57817472329246,217.60029193122955,23158.689324138813,0.3707597747409866,295.71591711704696,0.30968294035740057,0.6,1.3569699349930187,1.0649881142712523,0.0,221.3237244091208,221.77401887550286,0.0,0.0
122.61183496520722,10858.629039074962,91.47786626673903,217.68927227616177,23208.505675746805,0.37140543740629156,295.77637249299875,0.3092805064032097,0.6,1.3569699349930187,1.0645069336820823,0.0,221.4045524357212,221.85386099894671,0.0,0.0
122.76191065059915,10844.907918271372,91.37826392919993,217.77815583239152,23258.35443326833,0.3720512561917731,295.83674977425187,0.30888070531781187,0.6,1.3569699349930187,1.0640370870982745,0.0,221.4853499019369,221.93368057134816,0.0,0.0
122.91198633599109,10831.201693410907,91.27935126743965,217.86694327716086,23308.2358097,0.37269723401434846,295.89704946851145,0.3084834790728569,0.6,1.3569699349930187,1.063578241853622,0.0,221.56611596490595,222.01347656601092,0.0,0.0
123.06206202138301,10817.510262165153,91.18111231584727,217.95563527210277,23358.150011549515,0.37334337370159465,295.9572720724099,0.30808877131945783,0.6,1.3569699349930187,1.0631300751452963,0.0,221.6468498118922,222.09324799189554,0.0,0.0
123.21213770677494,10803.83352461948,91.08353158848901,218.04423246322654,23408.09723875399,0.3739896779908891,296.01741807150955,0.3076965273931474,0.6,1.3569699349930187,1.062692274107186,0.0,221.7275506601302,222.1729938934473,0.0,0.0
123.36221339216688,10790.171383135012,90.98659405010595,218.1327354818115,23458.07768511143,0.37463614953518737,296.0774879409219,0.30730669421331025,0.6,1.3569699349930187,1.0622645351780644,0.0,221.8082177550751,222.25271334852633,0.0,0.0
123.5122890775588,10776.52374225831,90.89028509706941,218.22114494499192,23508.091538542492,0.3752827909065922,296.13748214571604,0.3069192202165964,0.6,1.3569699349930187,1.0618465636941372,0.0,221.88885036916832,222.33240546695308,0.0,0.0
123.66236476295073,10762.890508726026,90.79459055958266,218.30946145572645,23558.13898100668,0.37592960459544866,296.1974011409096,0.3065340553625893,0.6,1.3569699349930187,1.0614380739646192,0.0,221.96944780171626,222.4120693903764,0.0,0.0
123.81244044834267,10749.271591392351,90.69949668707933,218.3976856032677,23608.220188702326,0.3765765930131055,296.2572453717984,0.30615115108240754,0.6,1.3569699349930187,1.0610387889654884,0.0,222.05000937792005,222.49170429112897,0.0,0.0
123.9625161337346,10735.66690110038,90.60499012087803,218.48581796399526,23658.33533247626,0.3772237584973768,296.3170152745322,0.30577046018411796,0.6,1.3569699349930187,1.060648439741715,0.0,222.1305344472565,222.57130937031175,0.0,0.0
124.11259181912652,10722.076350672158,90.51105789277246,218.57385910148014,23708.484577800053,0.3778711033123966,296.3767112761691,0.30539193684632204,0.6,1.3569699349930187,1.0602667653992703,0.0,222.2110223831931,222.65088385746662,0.0,0.0
124.26266750451846,10708.499854892549,90.41768742284212,218.66180956658852,23758.668084769008,0.3785186296487656,296.4363337947556,0.3050155366091015,0.6,1.3569699349930187,1.0598935130801757,0.0,222.29147258288523,222.73042701022467,0.0,0.0
124.41274318991039,10694.937330370374,90.32486648990914,218.7496698983814,23808.886008557165,0.37916633962957885,296.4958832399468,0.3046412162721715,0.6,1.3569699349930187,1.0595284373126317,0.0,222.3718844654811,222.8099381122971,0.0,0.0
124.56281887530231,10681.388695505544,90.23258322484494,218.83744062432703,23859.138499483517,0.37981423531142544,296.55536001315966,0.3042689338706974,0.6,1.3569699349930187,1.0591712998810734,0.0,222.45225747158872,222.88941647285205,0.0,0.0
124.71289456069425,10667.853870495224,90.14082611321932,218.92512226026088,23909.425702934728,0.38046231868353736,296.6147645075549,0.3038986486828217,0.6,1.3569699349930187,1.0588218699103855,0.0,222.53259106324552,222.96886142648566,0.0,0.0
124.86297024608618,10654.33277722845,90.04958397306456,219.01271531106786,23959.747759702732,0.3811105916722831,296.6740971085089,0.30353032115280637,0.6,1.3569699349930187,1.0584799233807236,0.0,222.612884722623,223.0482723316872,0.0,0.0
125.0130459314781,10640.825339217825,89.95884594041414,219.10022027112484,24010.104806188225,0.38175905614392325,296.7333581939213,0.303163912840646,0.6,1.3569699349930187,1.0581452428185636,0.0,222.69313795112672,223.12764856977697,0.0,0.0
125.16312161687004,10627.331481606787,89.86860147187001,219.18763762425294,24060.496974323967,0.3824077139037535,296.7925481341917,0.3027993864294627,0.6,1.3569699349930187,1.0578176173775584,0.0,222.7733502693757,223.2069895448888,0.0,0.0
125.31319730226197,10613.851131115724,89.77884033376189,219.27496784406677,24110.924391727054,0.3830565666981943,296.85166729246424,0.30243670568745695,0.6,1.3569699349930187,1.0574968426123512,0.0,222.85352121651144,223.2862946831535,0.0,0.0
125.4632729876539,10600.384215943486,89.68955258109784,219.36221139461193,24161.387182020204,0.38370561621904925,296.91071602506713,0.30207583539533034,0.6,1.3569699349930187,1.0571827200169464,0.0,222.93365034899068,223.3655634312681,0.0,0.0
125.61334867304583,10586.930665762115,89.60072855702408,219.44936873039913,24211.88546480665,0.3843548641032995,296.9696946815433,0.3017167413432802,0.6,1.3569699349930187,1.056875057032775,0.0,223.013737240419,223.4447952563058,0.0,0.0
125.76342435843776,10573.49041170786,89.51235889193165,219.53644029646205,24262.419355659295,0.385004311933082,297.02860360469714,0.3013593903267979,0.6,1.3569699349930187,1.0565736670492103,0.0,223.09378148138362,223.52398964552097,0.0,0.0
125.91350004382969,10560.0633862742,89.42443448055684,219.62342652905028,24312.98896647932,0.38565396124041273,297.0874431310708,0.30100375006796914,0.6,1.3569699349930187,1.0562783688974349,0.0,223.17378267817614,223.60314610483405,0.0,0.0
126.06357572922163,10546.649523287793,89.33694647708343,219.71032785578473,24363.59440554587,0.3863038135079318,297.1462135910561,0.3006497891978268,0.6,1.3569699349930187,1.0559889867568668,0.0,223.25374045241966,223.6822641583945,0.0,0.0
126.21365141461355,10533.24875791742,89.2498862981613,219.7971446955998,24414.23577744187,0.3869538701680568,297.2049153088624,0.30029747726551126,0.6,1.3569699349930187,1.0557053502442824,0.0,223.33365444111405,223.76134334863872,0.0,0.0
126.36372710000548,10519.861026592855,89.16324560568958,219.88387745926843,24464.913183320492,0.38760413260650806,297.26354860287836,0.29994678467895486,0.6,1.3569699349930187,1.0554272940363756,0.0,223.41352429566317,223.840383235136,0.0,0.0
126.51380278539742,10506.486266952825,89.07701629572732,219.97052654973942,24515.62672106463,0.3882546021644532,297.32211378590637,0.29959768266638004,0.6,1.3569699349930187,1.0551546576321358,0.0,223.49334968120866,223.91938339380107,0.0,0.0
126.66387847078934,10493.124417854064,88.99119050128029,220.05709236207827,24566.37648521567,0.38890528013768877,297.38061116512876,0.2992501432847802,0.6,1.3569699349930187,1.0548872854351972,0.0,223.57313027667126,223.99834341694748,0.0,0.0
126.81395415618127,10479.775419331265,88.90576058423476,220.14357528372653,24617.16256708917,0.38955616777821883,297.4390410422893,0.298904139391689,0.6,1.3569699349930187,1.0546250265857149,0.0,223.6528657742541,224.0772629126995,0.0,0.0
126.96402984157321,10466.439212520943,88.82071911896833,220.22997569499518,24667.98505502968,0.39020726629761143,297.49740371403254,0.29855964458885387,0.6,1.3569699349930187,1.0543677345987779,0.0,223.73255587852913,224.1561415039083,0.0,0.0
127.11410552696513,10453.115739659537,88.73605889242512,220.3162939690763,24718.844034384474,0.3908585768667479,297.55569947191714,0.29821663322163955,0.6,1.3569699349930187,1.0541152673826821,0.0,223.81220030634825,224.23497882805114,0.0,0.0
127.26418121235707,10439.804944079633,88.65177290414682,220.40253047206772,24769.739587484935,0.39151010061567093,297.61392860243836,0.29787508037827937,0.6,1.3569699349930187,1.0538674872566083,0.0,223.8917987867656,224.3137745371411,0.0,0.0
127.414256897749,10426.506770126694,88.56785434831168,220.48868556351215,24820.67179393245,0.39216183863732784,297.67209138739764,0.29753496182834066,0.6,1.3569699349930187,1.0536242605508586,0.0,223.9713510600606,224.39252829656675,0.0,0.0
127.56433258314092,10413.221163141483,88.48429661015004,220.57475959651106,24871.640730635456,0.3928137919881228,297.7301881039844,0.29719625400984284,0.6,1.3569699349930187,1.0533854575390413,0.0,224.05085687747516,224.4712397847839,0.0,0.0
127.71440826853286,10399.948069470904,88.40109326919497,220.66075291765424,24922.64647173765,0.39346596168707604,297.78821902473396,0.2968589340394708,0.6,1.3569699349930187,1.0531509525291438,0.0,224.13031600130554,224.54990869342717,0.0,0.0
127.86448395392479,10386.687436404982,88.31823808580248,220.74666586742774,24973.689088830317,0.3941183487186158,297.84618441780754,0.2965229796662862,0.6,1.3569699349930187,1.0529206235658797,0.0,224.20972820416102,224.62853472642945,0.0,0.0
128.01455963931673,10373.439212136804,88.23572499255313,220.83249878047366,25024.76865107862,0.3947709540342636,297.9040845471727,0.2961883692419837,0.6,1.3569699349930187,1.0526943522452268,0.0,224.2890932684635,224.70711759942972,0.0,0.0
128.16463532470866,10360.203345772788,88.15354809717167,220.91825198552314,25075.885225154598,0.3954237785518484,297.9619196725626,0.2958550817300603,0.6,1.3569699349930187,1.0524720237965866,0.0,224.3684109865272,224.78565703987047,0.0,0.0
128.31471101010058,10346.979787302933,88.07170167651697,221.00392580558918,25127.038875324935,0.3960768231566971,298.01969004961063,0.29552309668483945,0.6,1.3569699349930187,1.0522535269572562,0.0,224.44768116019955,224.86415278657176,0.0,0.0
128.4647866954925,10333.76848754124,87.990180163653,221.08952055835232,25178.22966365527,0.3967300887043093,298.0773959301152,0.2951923942071826,0.6,1.3569699349930187,1.0520387536848288,0.0,224.52690360015797,224.9426045888965,0.0,0.0
128.61486238088443,10320.569398126248,87.90897814836448,221.17503655615732,25229.45764998349,0.39738357602007873,298.13503756204136,0.2948629549456118,0.6,1.3569699349930187,1.051827599182186,0.0,224.606078125874,225.0210122067104,0.0,0.0
128.76493806627636,10307.382471521063,87.82809037785242,221.26047410601257,25280.722891894744,0.3980372858990381,298.19261518952516,0.29453476009803486,0.6,1.3569699349930187,1.0516199619270084,0.0,224.6852045655946,225.09937541036123,0.0,0.0
128.9150137516683,10294.207660947706,87.74751174245328,221.34583351001544,25332.02544495256,0.39869121910886723,298.25012905316396,0.2942077913629738,0.6,1.3569699349930187,1.0514157433511533,0.0,224.76428275558334,225.17769397977688,0.0,0.0
129.06508943706024,10281.044920374303,87.66723727301991,221.43111506543534,25383.36536272612,0.3993453763902977,298.30757939007657,0.2938820309301743,0.6,1.3569699349930187,1.0512148477913585,0.0,224.84331253993395,225.25596770424613,0.0,0.0
129.21516512245216,10267.894204527236,87.58726214431817,221.5163190646344,25434.74269672025,0.39999975845627744,298.3649664338536,0.2935574614914983,0.6,1.3569699349930187,1.0510171825808419,0.0,224.92229377069157,225.33419638256416,0.0,0.0
129.3652408078441,10254.755468841593,87.50758166433481,221.60144579538905,25486.157496547,0.40065436599421245,298.42229041477816,0.29323406620432985,0.6,1.3569699349930187,1.0508226578110562,0.0,225.001226307279,225.41237982235083,0.0,0.0
129.515316493236,10241.628669429972,87.42819126752497,221.68649554109152,25537.609810026504,0.4013091996673028,298.47955155996453,0.2929118286683054,0.6,1.3569699349930187,1.05063118618464,0.0,225.0801100161146,225.4905178395975,0.0,0.0
129.66539217862794,10228.513763093588,87.34908651781178,221.7714685806779,25589.099683123248,0.40196426011378283,298.53675009331397,0.29259073293492,0.6,1.3569699349930187,1.0504426830967568,0.0,225.15894477071615,225.56861025879263,0.0,0.0
129.8154678640199,10215.410707300127,87.27026310410274,221.85636518877166,25640.627160012664,0.4026195479478194,298.5938862356143,0.2922707634919208,0.6,1.3569699349930187,1.050257066541036,0.0,225.23773045144023,225.646656912612,0.0,0.0
129.96554354941182,10202.319460136496,87.19171682993522,221.9411856359896,25692.19228324735,0.40327506376167355,298.65096020474977,0.29195190522795617,0.6,1.3569699349930187,1.0500742568769519,0.0,225.31646694493148,225.72465764126446,0.0,0.0
130.11561923480375,10189.239980311078,87.11344361430994,222.0259301889272,25743.795093729903,0.4039308081254019,298.70797221569376,0.2916341434349341,0.6,1.3569699349930187,1.0498941768593806,0.0,225.39515414412207,225.80261229249308,0.0,0.0
130.26569492019567,10176.17222715654,87.03543949286498,222.11059911014013,25795.435630683052,0.40458678158652206,298.7649224805001,0.29131746381152107,0.6,1.3569699349930187,1.0497167516764185,0.0,225.47379194825368,225.88052072160204,0.0,0.0
130.4157706055876,10163.116160577292,86.95770060634132,222.1951926584849,25847.113931839333,0.40524298467246755,298.82181120853517,0.29100185242387544,0.6,1.3569699349930187,1.0495419086878257,0.0,225.55238026227735,225.95838279074277,0.0,0.0
130.56584629097955,10150.071741040163,86.88022319867572,222.27971108917896,25898.830033461047,0.4058994178908825,298.8786386065212,0.29068729569882384,0.6,1.3569699349930187,1.0493695773892082,0.0,225.63091899672108,226.03619836875805,0.0,0.0
130.71592197637148,10137.038929587465,86.80300362048824,222.36415465371607,25950.583970271666,0.40655608172879226,298.93540487848253,0.2903737804351871,0.6,1.3569699349930187,1.0491996895035332,0.0,225.7094080678294,226.11396733134904,0.0,0.0
130.8659976617634,10124.01768779744,86.72603832047031,222.4485236001224,26002.375775596076,0.40721297665442374,298.9921102259205,0.29006129377440604,0.6,1.3569699349930187,1.049032178787186,0.0,225.7878473971113,226.19168956053724,0.0,0.0
131.01607334715533,10111.007977759642,86.64932384000306,222.53281817311608,26054.205481442907,0.4078701031182882,299.0487548479237,0.28974982318206655,0.6,1.3569699349930187,1.0488669809114057,0.0,225.86623691104404,226.26936494431328,0.0,0.0
131.16614903254725,10098.009762086589,86.5728568162044,222.61703861403157,26106.073118442877,0.408527461552436,299.10533894111956,0.289439356457782,0.6,1.3569699349930187,1.0487040335426603,0.0,225.94457654119213,226.34699337677964,0.0,0.0
131.31622471793918,10085.023003897259,86.49663397857746,222.7011851609265,26157.97871589932,0.4091850523711349,299.16186269974907,0.2891298817235571,0.6,1.3569699349930187,1.0485432762719045,0.0,226.02286622401698,226.42457475792403,0.0,0.0
131.46630040333113,10072.047666778957,86.4206521405745,222.7852580488286,26209.922301925784,0.40984287597264785,299.2183263158351,0.2888213873950841,0.6,1.3569699349930187,1.0483846504229408,0.0,226.10110590043772,226.50210899309752,0.0,0.0
131.61637608872306,10059.083714790871,86.34490820066146,222.86925750971284,26261.90390341832,0.4105009327389163,299.27472997916976,0.288513862184994,0.6,1.3569699349930187,1.0482280990851842,0.0,226.1792955158548,226.57959599304354,0.0,0.0
131.76645177411498,10046.131112468813,86.26939914383446,222.95318377247042,26313.923546022183,0.41115922303517105,299.33107387729575,0.2882072951076196,0.6,1.3569699349930187,1.0480735671573702,0.0,226.2574350201999,226.65703567395772,0.0,0.0
131.9165274595069,10033.189824782468,86.19412203213645,223.03703706318566,26365.981254289913,0.4118177472119663,299.3873581956949,0.2879016754468155,0.6,1.3569699349930187,1.0479210011301483,0.0,226.3355243674515,226.7344279569114,0.0,0.0
132.06660314489883,10020.259817128644,86.11907400327696,223.12081760517992,26418.077051696007,0.41247650560539545,299.44358311782,0.28759699275102607,0.6,1.3569699349930187,1.047770349060192,0.0,226.4135635155414,226.81177276774127,0.0,0.0
132.21667883029076,10007.341055344892,86.04425227417312,223.20452561892307,26470.210960569126,0.4131354985362631,299.4997488250375,0.2872932368448785,0.6,1.3569699349930187,1.0476215606613557,0.0,226.4915524265055,226.88907003722957,0.0,0.0
132.36675451568271,9994.43350567744,85.96965413388949,223.28816132224125,26522.383002208975,0.4137947263115933,299.5558554967692,0.28699039780518226,0.6,1.3569699349930187,1.0474745871438318,0.0,226.5694910661207,226.96631970067148,0.0,0.0
132.51683020107464,9981.537134761416,85.89527693927661,223.371724930445,26574.593196954385,0.41445418922551724,299.6119033105806,0.2866884659460166,0.6,1.3569699349930187,1.0473293811167652,0.0,226.6473794036708,227.04352169759755,0.0,0.0
132.66690588646657,9968.651909632856,85.82111811804434,223.45521665625145,26626.84156412338,0.4151138875585431,299.6678924421305,0.2863874318287784,0.6,1.3569699349930187,1.0471858966677567,0.0,226.7252174120756,227.1206759719275,0.0,0.0
132.8169815718585,9955.777797716351,85.74717516624773,223.53863670986408,26679.128122051334,0.415773821578065,299.7238230652268,0.286087286253476,0.6,1.3569699349930187,1.0470440893093853,0.0,226.80300506775035,227.1977824718034,0.0,0.0
132.96705725725042,9942.914766793714,85.67344564128237,223.6219852991759,26731.452888207474,0.41643399153985955,299.7796953519647,0.2857880202349765,0.6,1.3569699349930187,1.0469039158181972,0.0,226.88074235024908,227.27484114916507,0.0,0.0
133.11713294264234,9930.062785008435,85.59992716311726,223.7052626297405,26783.815879166228,0.41709439768774803,299.83550947270913,0.2854896250069024,0.6,1.3569699349930187,1.0467653342697825,0.0,226.95842924230445,227.35185195979815,0.0,0.0
133.2672086280343,9917.221820871824,85.52661741605398,223.78846890473204,26836.217110571455,0.41775504025316984,299.8912655960702,0.2851920920272869,0.6,1.3569699349930187,1.0466283040866597,0.0,227.03606572989628,227.42881486341608,0.0,0.0
133.41728431342622,9904.39184322754,85.45351414077543,223.8716043251753,26888.65659727111,0.4184159194569046,299.94696388905885,0.28489541295167786,0.6,1.3569699349930187,1.0464927858539046,0.0,227.11365180185308,227.50572982318533,0.0,0.0
133.56735999881815,9891.572821246711,85.38061513335684,223.95466908997702,26941.134353327325,0.41907703550922026,300.0026045171099,0.2845995796296074,0.6,1.3569699349930187,1.0463587413006141,0.0,227.1911874497859,227.58259680564754,0.0,0.0
133.71743568421007,9878.764724441942,85.30791824883443,224.03766339583512,26993.650391949635,0.41973838860905466,300.0581876440231,0.2843045841163324,0.6,1.3569699349930187,1.0462261333906457,0.0,227.26867266824578,227.65941578090712,0.0,0.0
133.867511369602,9865.96752264076,85.23542139530144,224.12058743741085,27046.204725594118,0.4203999789452852,300.11371343208,0.2840104186528332,0.6,1.3569699349930187,1.0460949261864492,0.0,227.34610745442612,227.73618672227659,0.0,0.0
134.01758705499392,9853.181185969455,85.16312253030735,224.2034414074334,27098.797366020866,0.4210618066974728,300.1691820421157,0.2837170756535506,0.6,1.3569699349930187,1.045965084767506,0.0,227.42349180797424,227.81290960605287,0.0,0.0
134.16766274038588,9840.40568486531,85.09101966394398,224.28622549662037,27151.4283242349,0.42172387203513806,300.2245936334678,0.28342454771652786,0.6,1.3569699349930187,1.0458365753091072,0.0,227.50082573112542,227.88958441167702,0.0,0.0
134.3177384257778,9827.640990067284,85.01911085694765,224.36893989373854,27204.09761051581,0.42238617511815363,300.2799483640178,0.28313282761685526,0.6,1.3569699349930187,1.0457093650416418,0.0,227.5781092286,227.96621112161174,0.0,0.0
134.46781411116973,9814.887072589723,84.94739421476382,224.4515847857738,27256.805234517615,0.4230487160980189,300.3352463903073,0.2828419082866103,0.6,1.3569699349930187,1.0455834221124667,0.0,227.65534230730609,228.04278972098734,0.0,0.0
134.61788979656166,9802.143903727496,84.87586788890378,224.534160357898,27309.551205239746,0.4237114951175127,300.39048786751687,0.2825517828192254,0.6,1.3569699349930187,1.0454587156227502,0.0,227.73252497639123,228.11932019766382,0.0,0.0
134.76796548195358,9789.41145506308,84.80453007887128,224.61666679342292,27362.335530989592,0.42437451231024037,300.445672949437,0.28226244447575494,0.6,1.3569699349930187,1.0453352156782607,0.0,227.80965724732349,228.1958025423273,0.0,0.0
134.91804116734554,9776.689698436505,84.73337902535637,224.6991042739951,27415.15821949908,0.42503776780211566,300.50080178859986,0.2819738866619254,0.6,1.3569699349930187,1.045212893229692,0.0,227.886739133556,228.27223674809034,0.0,0.0
135.06811685273746,9763.978605941904,84.66241300953831,224.78147297961794,27468.01927793177,0.4257012617114658,300.5558745362956,0.28168610292564533,0.6,1.3569699349930187,1.045091720059669,0.0,227.96377065048077,228.34862281043763,0.0,0.0
135.2181925381294,9751.278149941685,84.59163035666334,224.86377308856018,27520.91871281657,0.42636499414821477,300.6108913425127,0.28139908696881044,0.6,1.3569699349930187,1.0449716688730315,0.0,228.04075181559006,228.42496072741787,0.0,0.0
135.3682682235213,9738.588303044093,84.52102943100057,224.94600477750083,27573.856530133657,0.4270289652149784,300.6658523560357,0.28111283263027276,0.6,1.3569699349930187,1.0448527131790348,0.0,228.11768264822626,228.50125049934596,0.0,0.0
135.51834390891324,9725.909038089752,84.45060863281009,225.02816822161668,27626.83273536386,0.4276931750076975,300.720757724506,0.2808273338755562,0.6,1.3569699349930187,1.044734827221644,0.0,228.19456316942723,228.57749212861881,0.0,0.0
135.66841959430516,9713.240328163985,84.38036640143287,225.11026359450227,27679.847333430524,0.4283576236149233,300.7756075943688,0.28054258480704225,0.6,1.3569699349930187,1.0446179860577707,0.0,228.2713934020637,228.6536856198794,0.0,0.0
135.81849527969712,9700.582146589717,84.3103012138427,225.19229106821587,27732.90032872229,0.4290223111181177,300.83040211090605,0.2802585796589812,0.6,1.3569699349930187,1.0445021655258961,0.0,228.34817337076225,228.72983097992466,0.0,0.0
135.96857096508904,9687.934466904986,84.2404115795121,225.2742508134252,27785.991725180884,0.4296872375927667,300.8851414183342,0.2799753127801976,0.6,1.3569699349930187,1.0443873421251069,0.0,228.42490310165297,228.80592821740487,0.0,0.0
136.11864665048097,9675.297262868524,84.1706960418595,225.35614299937123,27839.121526271578,0.4303524031080229,300.93982565978183,0.27969277863879694,0.6,1.3569699349930187,1.0442734930532922,0.0,228.5015826224288,228.88197734289483,0.0,0.0
136.2687223358729,9662.67050846748,84.10115318028777,225.43796779381802,27892.289734944534,0.4310178077262348,300.9944549772574,0.27941097182884084,0.6,1.3569699349930187,1.0441605962599096,0.0,228.5782119624348,228.95797836899993,0.0,0.0
136.41879802126482,9650.05417789143,84.03178160423437,225.51972536322128,27945.496353737934,0.4316834515042498,301.0490295117628,0.27912988705034514,0.6,1.3569699349930187,1.0440486303047725,0.0,228.6547911523797,229.03393131001218,0.0,0.0
136.56887370665675,9637.448245529957,83.962579952693,225.60141587274384,27998.741384782723,0.4323493344934858,301.103549403305,0.27884951910756656,0.6,1.3569699349930187,1.04393757434925,0.0,228.73132022430386,229.10983618187285,0.0,0.0
136.7189493920487,9624.85268598689,83.89354689778733,225.6830394861634,28052.024829736558,0.43301545673911523,301.1580147908356,0.2785698629208133,0.6,1.3569699349930187,1.0438274082461094,0.0,228.80779921174252,229.1856930023662,0.0,0.0
136.86902507744063,9612.267474060936,83.8246811403648,225.7645963659981,28105.346689860173,0.43368181828103325,301.2124258123357,0.2782909135116161,0.6,1.3569699349930187,1.0437181124353359,0.0,228.88422814951096,229.26150179086378,0.0,0.0
137.01910076283255,9599.692584734203,83.75598140739226,225.84608667358074,28158.70696606052,0.4343484191544062,301.26678260486693,0.2780126659939282,0.6,1.3569699349930187,1.0436096678833484,0.0,228.96060707357444,229.3372625681694,0.0,0.0
137.16917644822448,9587.127993184584,83.68744645504297,225.9275105689786,28212.105658833185,0.43501525938896274,301.3210853045185,0.2777351155843193,0.6,1.3569699349930187,1.043502056160842,0.0,229.03693602118736,229.4129753566851,0.0,0.0
137.3192521336164,9574.57367478024,83.61907506757419,226.008868211029,28265.54276828031,0.4356823390092284,301.3753340464324,0.27745825759811893,0.6,1.3569699349930187,1.04339525941818,0.0,229.11321503083497,229.48864018034135,0.0,0.0
137.46932781900833,9562.029605059959,83.55086605279448,226.09015975746684,28319.018294189205,0.436349658035517,301.4295289648894,0.2771820874341959,0.6,1.3569699349930187,1.043289260277308,0.0,229.1894441420141,229.56425706433578,0.0,0.0
137.61940350440028,9549.495759739068,83.48281824357828,226.17138536488596,28372.5322360025,0.4370172164835668,301.48367019328447,0.2769066005799138,0.6,1.3569699349930187,1.0431840418710523,0.0,229.26562339529818,229.63982603521083,0.0,0.0
137.7694791897922,9536.972114717551,83.4149304999737,226.25254518868672,28426.084592778447,0.43768501436405527,301.53775786409255,0.27663179261805754,0.6,1.3569699349930187,1.043079587897131,0.0,229.34175283243135,229.71534712096565,0.0,0.0
137.91955487518413,9524.458646057094,83.34720170389461,226.33363938322452,28479.675363284106,0.4383530516837701,301.59179210896883,0.2763576592090419,0.6,1.3569699349930187,1.0429758824907511,0.0,229.41783249607457,229.79082035075336,0.0,0.0
138.06963056057606,9511.955329979444,83.27963075880693,226.41466810182067,28533.304545998322,0.43902132844565456,301.64577305875696,0.27608419608977935,0.6,1.3569699349930187,1.0428729102190153,0.0,229.49386242978505,229.8662457548568,0.0,0.0
138.21970624596798,9499.462142880633,83.21221659328879,226.49563149666994,28586.972139045953,0.4396898446479966,301.6997008434283,0.2758113990854537,0.6,1.3569699349930187,1.0427706561703487,0.0,229.5698426781788,229.94162336488193,0.0,0.0
138.3697819313599,9486.97906131386,83.14495815709654,226.57652971895166,28640.67814026687,0.4403586002852965,301.75357559215684,0.27553926409632123,0.6,1.3569699349930187,1.0426691058603446,0.0,229.6457732867422,230.01695321353316,0.0,0.0
138.51985761675186,9474.506061979546,83.07785441888339,226.65736291889402,28694.422547254646,0.44102759534875674,301.80739743336335,0.27526778709003086,0.6,1.3569699349930187,1.0425682451777498,0.0,229.7216543017204,230.09223533448034,0.0,0.0
138.6699333021438,9462.043121737704,83.01090436927926,226.73813124569395,28748.205357299114,0.44169682982557384,301.86116649466254,0.2749969641118015,0.6,1.3569699349930187,1.0424680604620222,0.0,229.7974857702569,230.16746976252517,0.0,0.0
138.82000898753572,9449.59021760355,82.94410702000042,226.81883484754547,28802.026567401066,0.4423663036991296,301.91488290288294,0.27472679128137273,0.6,1.3569699349930187,1.0423685384835608,0.0,229.87326774034867,230.24265653354723,0.0,0.0
138.97008467292764,9437.147326730006,82.87746139977082,226.89947387175312,28855.886174343817,0.4430360169498881,301.9685467841434,0.2744572647793488,0.6,1.3569699349930187,1.0422696663453084,0.0,229.94900026065156,230.31779568427223,0.0,0.0
139.12016035831957,9424.714426413859,82.81096655588665,226.98004846469203,28909.784174662862,0.44370596955502506,302.0221582638276,0.2741883808523353,0.6,1.3569699349930187,1.0421714315229513,0.0,230.0246833805492,230.39288725235417,0.0,0.0
139.27023604371152,9412.291494104082,82.74462155636189,227.06055877175388,28963.720564605836,0.44437616148793707,302.0757174665482,0.2739201358200035,0.6,1.3569699349930187,1.0420738219196504,0.0,230.1003171502498,230.4679312764902,0.0,0.0
139.42031172910345,9399.878507381183,82.67842548510264,227.1410049374809,29017.69534021833,0.4450465927193149,302.12922451623785,0.2736525260589583,0.6,1.3569699349930187,1.0419768257489577,0.0,230.17590162055853,230.54292779614934,0.0,0.0
139.57038741449537,9387.475443956142,82.61237744171872,227.2213871055724,29071.70849734494,0.4457172632171622,302.18267953615367,0.2733855480020483,0.6,1.3569699349930187,1.0418804315316939,0.0,230.2514368428643,230.61787685155693,0.0,0.0
139.7204630998873,9375.08228168455,82.5464765450631,227.30170541879357,29125.760031564245,0.4463881729459941,302.23608264881767,0.27311919815006913,0.6,1.3569699349930187,1.0417846281849854,0.0,230.3269228693022,230.69277848388765,0.0,0.0
139.87053878527922,9362.698998551174,82.48072192964665,227.38196001907514,29179.84993825233,0.44705932186763236,302.2894339760837,0.27285347305977053,0.6,1.3569699349930187,1.0416894049354535,0.0,230.40235975258372,230.7676327350633,0.0,0.0
140.02061447067115,9350.325572661175,82.41511274360263,227.46215104757033,29233.978212617825,0.44773070994164577,302.34273363917646,0.2725883693370284,0.6,1.3569699349930187,1.0415947512703485,0.0,230.47774754589926,230.8424396476364,0.0,0.0
140.1706901560631,9337.9619822524,82.3496481517565,227.54227864457533,29288.144849644927,0.44840233712464816,302.3959817586389,0.2723238836469887,0.6,1.3569699349930187,1.0415006570149383,0.0,230.55308630305765,230.91719926495645,0.0,0.0
140.32076584145503,9325.60820569183,82.28432733489781,227.6223429495521,29342.349844105378,0.44907420337045295,302.44917845434867,0.2720600127115826,0.6,1.3569699349930187,1.0414071123160926,0.0,230.62837607845012,230.99191163112664,0.0,0.0
140.47084152684695,9313.264221459687,82.21914948604642,227.7023441012315,29396.593190625113,0.4497463086309049,302.50232384558717,0.27179675329706005,0.6,1.3569699349930187,1.0413141075512158,0.0,230.70361692687501,231.06657679079484,0.0,0.0
140.62091721223888,9300.93000815578,82.15411381205449,227.78228223757205,29450.874883653258,0.4504186528555001,302.5554180510128,0.2715341022192595,0.6,1.3569699349930187,1.0412216333692113,0.0,230.77880890360885,231.14119478923843,0.0,0.0
140.7709928976308,9288.605544507891,82.08921953576626,227.86215749570562,29505.194917422046,0.4510912359908945,302.60846118862577,0.2712720563507223,0.6,1.3569699349930187,1.04112968074552,0.0,230.8539520645044,231.21576567248067,0.0,0.0
140.92106858302273,9276.290809352873,82.02446589155603,227.9419700120599,29559.553286027036,0.45176405798190283,302.66145337585033,0.2710106126058167,0.6,1.3569699349930187,1.0410382408727408,0.0,230.92904646578265,231.29028948704274,0.0,0.0
141.07114426841468,9263.985781636045,81.95985212523651,228.02171992236225,29613.949983426854,0.4524371187714993,302.71439472953773,0.2707497679403852,0.6,1.3569699349930187,1.040947305159473,0.0,231.00409216402568,231.36476627993525,0.0,0.0
141.2212199538066,9251.690440425185,81.89537749757193,228.1014073615491,29668.38500337856,0.45311041830002186,302.7672853659069,0.2704895193633551,0.6,1.3569699349930187,1.0408568653189496,0.0,231.07908921633728,231.43919609884927,0.0,0.0
141.37129563919854,9239.404764896344,81.83104128095006,228.18103246385778,29722.8583394973,0.4537839565059155,302.82012540060634,0.2702298639256366,0.6,1.3569699349930187,1.040766913287568,0.0,231.15403768018774,231.51357899197126,0.0,0.0
141.52137132459046,9227.128734325972,81.76684275753568,228.2605953628775,29777.369985288475,0.4544577333261337,302.8729149487483,0.2699707987139495,0.6,1.3569699349930187,1.0406774411799824,0.0,231.22893761332665,231.58791500787905,0.0,0.0
141.6714470099824,9214.862328103114,81.70278122232824,228.34009619147045,29831.919934091078,0.4551317486954413,302.9256541248574,0.2697123208609221,0.6,1.3569699349930187,1.040588441366396,0.0,231.303789073922,231.66220419570755,0.0,0.0
141.8215226953743,9202.605525726407,81.63885598254423,228.41953508179114,29886.50817908813,0.4558060025465489,302.9783430428838,0.2694544275429911,0.6,1.3569699349930187,1.0404999064584062,0.0,231.3785921205303,231.73644660511266,0.0,0.0
141.97159838076627,9190.358306789476,81.57506635414755,228.49891216538094,29941.13471336884,0.45648049481088315,303.03098181626694,0.2691971159688482,0.6,1.3569699349930187,1.040411829223484,0.0,231.45334681193552,231.8106422860794,0.0,0.0
142.1216740661582,9178.120650987363,81.51141166347998,228.57822757312658,29995.79952989783,0.4571552254182114,303.0835705579086,0.2689403833848064,0.6,1.3569699349930187,1.0403242026266373,0.0,231.52805320722229,231.88479128900894,0.0,0.0
142.27174975155012,9165.89253812491,81.4478912494175,228.65748143520577,30050.502621474818,0.4578301942961465,303.13610938013727,0.26868422708190337,0.6,1.3569699349930187,1.0402370198854198,0.0,231.60271136587357,231.95889366483487,0.0,0.0
142.42182543694204,9153.673948099202,81.38450445918443,228.73667388120083,30105.243980810596,0.4585054013710894,303.1885983947843,0.2684286443819797,0.6,1.3569699349930187,1.0401502743663231,0.0,231.67732134757776,232.0329494647928,0.0,0.0
142.57190112233397,9141.4648608993,81.32125064833728,228.81580504010049,30160.023600525758,0.4591808465682152,303.2410377131859,0.2681736326375893,0.6,1.3569699349930187,1.0400639595851922,0.0,231.7518832122258,232.10695874041744,0.0,0.0
142.7219768077259,9129.265256620061,81.2581291842479,228.8948750402104,30214.841473086606,0.45985652981068675,303.2934274461239,0.2679191892435003,0.6,1.3569699349930187,1.0399780692954652,0.0,231.8263970200703,232.18092154373127,0.0,0.0
142.87205249311785,9117.075115448906,81.1951394429646,228.9738840092387,30269.697590861735,0.4605324510203557,303.3457677038839,0.26766531162625157,0.6,1.3569699349930187,1.0398925974105326,0.0,231.9008628315804,232.25483792707195,0.0,0.0
143.02212817850977,9104.894417658637,81.13228080751303,229.0528320743427,30324.5919461522,0.4612086101181368,303.398058596286,0.26741199723848924,0.6,1.3569699349930187,1.0398075379619207,0.0,231.97528070736317,232.3287079429982,0.0,0.0
143.1722038639017,9092.723143619523,81.06955267094021,229.13171936205046,30379.524531134946,0.4618850070233139,303.4503002326338,0.26715924356901255,0.6,1.3569699349930187,1.0397228851765368,0.0,232.04965070830139,232.40253164445403,0.0,0.0
143.32227954929363,9080.561273796684,81.00695443576892,229.21054599827778,30434.495337872115,0.46256164165365793,303.5024927217266,0.266907048140926,0.6,1.3569699349930187,1.0396386334639398,0.0,232.1239728955279,232.47630908473775,0.0,0.0
143.47235523468555,9068.408788736457,80.94448551073278,229.28931210841642,30489.50435837028,0.4632385139261586,303.55463617191776,0.2666554085007945,0.6,1.3569699349930187,1.0395547773350822,0.0,232.19824733027602,232.55004031732355,0.0,0.0
143.62243092007748,9056.265669072907,80.88214531242862,229.36801781729213,30544.55158454922,0.4639156237566426,303.6067306910879,0.2664043222240819,0.6,1.3569699349930187,1.0394713114445817,0.0,232.2724740739534,232.6237253959497,0.0,0.0
143.77250660546943,9044.131895536142,80.81993326745648,229.4466632491105,30599.637008201786,0.4645929710592827,303.6587763866096,0.2661537869221961,0.6,1.3569699349930187,1.0393882306454718,0.0,232.34665318823903,232.69736437473344,0.0,0.0
143.92258229086136,9032.007448935783,80.75784880844516,229.52524852756414,30654.760621066758,0.4652705557474968,303.7107733654188,0.2659038002293021,0.6,1.3569699349930187,1.03930552988992,0.0,232.4207847349018,232.77095730795497,0.0,0.0
144.07265797625328,9019.89231016096,80.6958913740961,229.60377377583285,30709.922414826873,0.4659483777339255,303.76272173401554,0.2656543598024383,0.6,1.3569699349930187,1.039223204230944,0.0,232.49486877580142,232.84450425005818,0.0,0.0
144.2227336616452,9007.786460193964,80.63406041263389,229.682239116495,30765.122381044817,0.46662643692964734,303.81462159840595,0.2654054633328976,0.6,1.3569699349930187,1.039141248910236,0.0,232.56890537304477,232.91800525583685,0.0,0.0
144.37280934703713,8995.689880097707,80.57235537880625,229.76064467160867,30820.36051121787,0.46730473324485405,303.86647306415637,0.26515710853627056,0.6,1.3569699349930187,1.0390596592832477,0.0,232.64289458884897,232.9914603802712,0.0,0.0
144.5228850324291,8983.602551009088,80.51077573230164,229.83899056275493,30875.63679680663,0.46798326658920436,303.9182762364225,0.26490929314718514,0.6,1.3569699349930187,1.038978430779813,0.0,232.71683648546926,233.06486967844185,0.0,0.0
144.672960717821,8971.52445415099,80.44932094077888,229.91727691095974,30930.951229178037,0.4686620368711265,303.97003121989843,0.26466201492929453,0.6,1.3569699349930187,1.0388975589813807,0.0,232.79073112533527,233.1382332056921,0.0,0.0
144.82303640321294,8959.45557082988,80.38799047936493,229.99550383670976,30986.303799614427,0.46934104399793247,304.02173811882756,0.2644152716735838,0.6,1.3569699349930187,1.0388170396091,0.0,232.86457857102826,233.21155101760039,0.0,0.0
144.97311208860486,8947.39588242297,80.32678382755118,230.0736714600354,31041.694499370395,0.4700202878765171,304.07339703705804,0.26416906118808414,0.6,1.3569699349930187,1.0387368684458584,0.0,232.93837888514017,233.28482316981234,0.0,0.0
145.1231877739968,8935.345370384775,80.2657004708629,230.15177990046843,31097.123319641065,0.4706997684129706,304.1250080780153,0.2639233813033647,0.6,1.3569699349930187,1.038657041379108,0.0,233.01213213034845,233.35804971812968,0.0,0.0
145.27326345938872,8923.304016255299,80.20473990297334,230.2298292769887,31152.590251522313,0.47137948551209324,304.1765713446673,0.2636782298794869,0.6,1.3569699349930187,1.0385775544551803,0.0,233.08583836951115,233.4312307186234,0.0,0.0
145.42333914478067,8911.271801644318,80.14390162189319,230.30781970812623,31208.09528608139,0.4720594390782631,304.2280869395925,0.2634336047933883,0.6,1.3569699349930187,1.0384984037832632,0.0,233.15949766549508,233.50436622742856,0.0,0.0
145.5734148301726,8899.248708231613,80.08318513006303,230.38575131195952,31263.638414354115,0.47273962901540273,304.2795549649794,0.2631895039391657,0.6,1.3569699349930187,1.0384195855381981,0.0,233.2331100811789,233.5774563007483,0.0,0.0
145.72349051556452,8887.234717780402,80.02258993776955,230.4636242060286,31319.219627281076,0.47342005522619984,304.3309755225695,0.2629459252393288,0.6,1.3569699349930187,1.0383410960479054,0.0,233.30667567960728,233.65050099503685,0.0,0.0
145.87356620095645,8875.229812125335,79.96211556024718,230.54143850741272,31374.83891576117,0.47410071761276457,304.3823487137089,0.26270286663520254,0.6,1.3569699349930187,1.0382629317203491,0.0,233.38019452386007,233.72350036684367,0.0,0.0
146.02364188634837,8863.233973166323,79.90176151619004,230.61919433277038,31430.49627067872,0.47478161607696373,304.4336746393757,0.26246032608199343,0.6,1.3569699349930187,1.0381850890061253,0.0,233.45366667698502,233.796454472733,0.0,0.0
146.1737175717403,8851.247182880403,79.84152733076652,230.69689179826247,31486.191682846646,0.4754627505197253,304.4849534001294,0.26221830155871534,0.6,1.3569699349930187,1.038107564475723,0.0,233.52709220213308,233.86936336944504,0.0,0.0
146.32379325713225,8839.26942331948,79.78141253513971,230.77453101956678,31541.92514301513,0.476144120841148,304.5361850961211,0.26197679106657956,0.6,1.3569699349930187,1.038030354807947,0.0,233.60047116253665,233.9422271138697,0.0,0.0
146.47386894252418,8827.30067659815,79.72141666349263,230.85211211195707,31597.696641926792,0.47682572694117636,304.58736982714606,0.2617357926191578,0.6,1.3569699349930187,1.0379534567145485,0.0,233.67380362137618,234.01504576288755,0.0,0.0
146.6239446279161,8815.340924900242,79.66153925471139,230.92963519026046,31653.50617028438,0.4775075687192071,304.6385076926162,0.26149530424791473,0.6,1.3569699349930187,1.0378768669835703,0.0,233.74708964185513,234.08781937345884,0.0,0.0
146.77402031330803,8803.390150486877,79.60177985446663,231.00710036880534,31709.353718711747,0.4781896460736144,304.689598791526,0.2612553240090469,0.6,1.3569699349930187,1.0378005825330905,0.0,233.8203292872933,234.1605480027347,0.0,0.0
146.92409599869995,8791.448335681409,79.54213801153162,231.08450776151892,31765.239277822362,0.47887195890258805,304.74064322251763,0.26101584997131805,0.6,1.3569699349930187,1.0377246003176595,0.0,233.89352262096213,234.2332317078605,0.0,0.0
147.07417168409188,8779.515462869815,79.48261327791528,231.16185748192467,31821.16283821605,0.47955450710409453,304.7916410838795,0.2607768802164802,0.6,1.3569699349930187,1.03764891733204,0.0,233.96666970609016,234.3058705459823,0.0,0.0
147.22424736948383,8767.591514513926,79.4232052122427,231.23914964305655,31877.12439041549,0.48023729057510345,304.84259247349013,0.2605384128503944,0.6,1.3569699349930187,1.037573530698222,0.0,234.03977060601432,234.3784645744269,0.0,0.0
147.37432305487576,8755.676473139847,79.36391337693134,231.3163843575341,31933.123924918775,0.48092030921223017,304.8934974888684,0.2603004459936995,0.6,1.3569699349930187,1.0374984375936533,0.0,234.11282538405388,234.45101385055153,0.0,0.0
147.52439874026769,8743.770321332142,79.3047373367807,231.3935617376001,31989.161432225334,0.4816035629120536,304.9443562271983,0.26006297777714843,0.6,1.3569699349930187,1.0374236352154402,0.0,234.18583410344735,234.52351843166824,0.0,0.0
147.6744744256596,8731.873041745574,79.24567666197171,231.47068189504435,32045.23690277926,0.4822870515704256,304.9951687852798,0.2598260063514698,0.6,1.3569699349930187,1.0373491208576664,0.0,234.2587968274862,234.59597837520334,0.0,0.0
147.82455011105154,8719.984617102931,79.18673092759443,231.547744941218,32101.3503269779,0.48297077508257746,305.04593525953834,0.25958952988578915,0.6,1.3569699349930187,1.037274891899807,0.0,234.3317136194941,234.66839373867236,0.0,0.0
147.97462579644346,8708.105030183367,79.12789971077865,231.62475098710894,32157.501695225375,0.4836547333437732,305.0966557460749,0.25935354655816034,0.6,1.3569699349930187,1.0372009457334193,0.0,234.40458454269904,234.74076457952737,0.0,0.0
148.12470148183542,8696.234263828968,79.06918259238836,231.70170014329912,32213.690997900256,0.4843389262489162,305.1473303406385,0.2591180545611288,0.6,1.3569699349930187,1.0371272798060014,0.0,234.47740966030864,234.8130909552468,0.0,0.0
148.27477716722734,8684.372300952622,79.01057915906563,231.77859251991384,32269.91822531678,0.4850233536920791,305.1979591385934,0.25888305210843876,0.6,1.3569699349930187,1.0370538916740435,0.0,234.5501890356014,234.88537292344367,0.0,0.0
148.42485285261927,8672.519124523498,78.95208899965161,231.85542822671556,32326.183367792073,0.4857080155673226,305.2485422349807,0.2586485374232326,0.6,1.3569699349930187,1.0369807789113528,0.0,234.62292273176772,234.95761054167622,0.0,0.0
148.5749285380112,8660.674717567592,78.89371170535401,231.93220737310054,32382.486415642357,0.48639291176864996,305.29907972451724,0.25841450873858757,0.6,1.3569699349930187,1.0369079391136204,0.0,234.69561081191725,235.0298038674564,0.0,0.0
148.72500422340312,8648.839063180734,78.83544687309123,232.00893006801445,32438.827359119725,0.4870780421892393,305.34957170154007,0.2581809643085005,0.6,1.3569699349930187,1.0368353699850275,0.0,234.76825333922758,235.10195295842684,0.0,0.0
148.87507990879504,8637.012144517332,78.7772941027232,232.08559642002533,32495.206188464133,0.487763406722077,305.4000182600551,0.2579479023987567,0.6,1.3569699349930187,1.0367630692672853,0.0,234.84085037682166,235.17405787221452,0.0,0.0
149.025155594187,8625.193944784869,78.7192529957067,232.16220653735917,32551.6228939283,0.48844900526026125,305.4504194937607,0.25771532128249264,0.6,1.3569699349930187,1.0366910347051923,0.0,234.91340198770817,235.2461186663598,0.0,0.0
149.17523127957892,8613.384447255534,78.66132315807938,232.23876052782472,32608.07746572102,0.4891348376963131,305.5007754959989,0.2574832192499937,0.6,1.3569699349930187,1.0366192641240253,0.0,234.98590823491395,235.31813539847377,0.0,0.0
149.32530696497085,8601.58363526405,78.6035041999837,232.31525849882732,32664.569894015996,0.48982090392228633,305.55108635976467,0.2572515946071082,0.6,1.3569699349930187,1.0365477554176943,0.0,235.058369181463,235.39010812621322,0.0,0.0
149.47538265036277,8589.791492196466,78.54579573288557,232.3917005574417,32721.10016900411,0.4905072038304019,305.6013521777545,0.25702044566608795,0.6,1.3569699349930187,1.0364765064771118,0.0,235.13078489025406,235.46203690713435,0.0,0.0
149.6254583357547,8578.00800149674,78.48819737127829,232.4680868103692,32777.6682808607,0.49119373731265187,305.6515730423383,0.2567897707511757,0.6,1.3569699349930187,1.036405515234536,0.0,235.2031554241355,235.53392179878227,0.0,0.0
149.77553402114665,8566.233146674394,78.43070873468551,232.54441736388821,32834.27421970751,0.49188050426033825,305.70174904552755,0.25655956820516906,0.6,1.3569699349930187,1.0363347797158629,0.0,235.2754808459945,235.60576285879657,0.0,0.0
149.92560970653858,8554.466911290472,78.37332944416636,232.62069232394518,32890.91797567865,0.49256750456487447,305.7518802790354,0.25632983637791945,0.6,1.3569699349930187,1.03626429795041,0.0,235.34776121860284,235.67756014472766,0.0,0.0
150.0756853919305,8542.709278958182,78.31605912251274,232.69691179615035,32947.59953891637,0.4932547381177348,305.8019668342742,0.25610057362696825,0.6,1.3569699349930187,1.0361940679762274,0.0,235.41999660462582,235.74931371404736,0.0,0.0
150.22576107732243,8530.960233355701,78.25889739755686,232.7730758856949,33004.318899508246,0.4939422048096927,305.8520088023015,0.2558717783283952,0.6,1.3569699349930187,1.0361240879262943,0.0,235.49218706676837,235.82102362432246,0.0,0.0
150.37583676271436,8519.219758215171,78.20184389944208,232.84918469742212,33061.07604753859,0.49462990453144606,305.9020062738673,0.2556434488678368,0.6,1.3569699349930187,1.0360543559580315,0.0,235.56433266765498,235.89268993307172,0.0,0.0
150.52591244810628,8507.487837317483,78.14489825933498,232.9252383358613,33117.87097311273,0.4953178371739112,305.9519593394365,0.25541558363624534,0.6,1.3569699349930187,1.035984870220031,0.0,235.6364334697735,235.96431269769866,0.0,0.0
150.67598813349824,8495.764454503747,78.08806011239392,233.00123690515335,33174.70366630025,0.49600600262753586,306.0018680891407,0.25518818103962115,0.6,1.3569699349930187,1.0359156289295337,0.0,235.70848953560568,236.03589197564702,0.0,0.0
150.82606381889016,8484.049593673151,78.03132909728154,233.07718050906465,33231.57411714394,0.4966944007824089,306.05173261278736,0.2549612394973949,0.6,1.3569699349930187,1.03584663036013,0.0,235.78050092760617,236.1074278243754,0.0,0.0
150.9761395042821,8472.343238772108,77.97470485345835,233.1530692510574,33288.4823157113,0.4973830315288845,306.1015529999067,0.25473475743353097,0.6,1.3569699349930187,1.0357778727715345,0.0,235.8524677080841,236.17892030121607,0.0,0.0
151.126215189674,8460.645373800848,77.91818702289511,233.2289032342469,33345.42825206143,0.49807189475718117,306.15132933972376,0.2545087332821359,0.6,1.3569699349930187,1.0357093544543976,0.0,235.92438993927837,236.25036946346447,0.0,0.0
151.27629087506594,8448.955982820873,77.8617752520325,233.3046825613532,33402.41191620741,0.49876099035692817,306.2010617211272,0.25428316549387137,0.6,1.3569699349930187,1.0356410737817807,0.0,235.99626768344368,236.32177536848164,0.0,0.0
151.42636656045786,8437.275049941287,77.80546918835638,233.38040733478965,33459.433298181684,0.4994503182179563,306.25075023272774,0.2540580525247041,0.6,1.3569699349930187,1.035573029120087,0.0,236.06810100270116,236.39313807351598,0.0,0.0
151.57644224584982,8425.60255931956,77.7492684806219,233.45607765665812,33516.49238803126,0.5001398782302415,306.3003949628554,0.2538333928366316,0.6,1.3569699349930187,1.0355052188350624,0.0,236.1398899590484,236.46445763571506,0.0,0.0
151.72651793124174,8413.93849517413,77.69317278212402,233.53169362866706,33573.58917575495,0.500829670283145,306.3499959995061,0.2536091849083924,0.6,1.3569699349930187,1.0354376413775677,0.0,236.21163461450254,236.53573411229593,0.0,0.0
151.87659361663367,8402.282841773569,77.6371817479981,233.60725535220186,33630.72365135503,0.50151969426604,306.39955343038827,0.25338542722659907,0.6,1.3569699349930187,1.0353702952133357,0.0,236.28333503098307,236.60696756040522,0.0,0.0
152.0266693020256,8390.635583431635,77.58129503398175,233.68276292835696,33687.89580486058,0.5022099500685935,306.44906734294403,0.2531621182816697,0.6,1.3569699349930187,1.0353031787907256,0.0,236.35499127025778,236.6781580370548,0.0,0.0
152.17674498741752,8378.996704518617,77.5255122993684,233.75821645786215,33745.10562627052,0.502900437580078,306.49853782430154,0.2529392565774961,0.6,1.3569699349930187,1.0352362906182948,0.0,236.426603394072,236.74930559927537,0.0,0.0
152.32682067280945,8367.366189459137,77.46983320650236,233.8336160410969,33802.353105563234,0.5035911566894896,306.54796496128444,0.2527168406297737,0.6,1.3569699349930187,1.035169629251918,0.0,236.498171464127,236.82041030409067,0.0,0.0
152.4768963582014,8355.744022721658,77.41425741813818,233.90896177815836,33859.63823274711,0.5042821072861582,306.5973488404571,0.2524948689573371,0.6,1.3569699349930187,1.0351031932257515,0.0,236.56969554196542,236.89147220838066,0.0,0.0
152.62697204359333,8344.130188825073,77.35878459916046,233.9842537688187,33916.96099782704,0.5049732892593427,306.64668954809673,0.25227334008778507,0.6,1.3569699349930187,1.035036981097514,0.0,236.64117568904618,236.96249136897094,0.0,0.0
152.77704772898525,8332.524672345928,77.30341441849873,234.05949211247813,33974.32139076752,0.5056647024977876,306.69598717016316,0.2520522525637374,0.6,1.3569699349930187,1.0349709914990928,0.0,236.71261196682832,237.03346784273205,0.0,0.0
152.92712341437718,8320.927457905105,77.24814654576278,234.13467690825135,34031.71940155739,0.5063563468905041,306.7452417923557,0.25183160493180257,0.6,1.3569699349930187,1.0349052230484046,0.0,236.78400443662525,237.1044016864059,0.0,0.0
153.0771990997691,8309.338530168694,77.192980651491,234.20980825496179,34089.155020204336,0.5070482223267034,306.79445350010985,0.2516113957433828,0.6,1.3569699349930187,1.0348396743560282,0.0,236.8553531596155,237.17529295661845,0.0,0.0
153.22727478516103,8297.757873860346,77.1379164103841,234.28488625106166,34146.6282366729,0.5077403286950508,306.843622378545,0.25139162356524736,0.6,1.3569699349930187,1.0347743441105737,0.0,236.92665819698385,237.2461417100475,0.0,0.0
153.37735047055298,8286.185473750647,77.08295349862753,234.35991099470067,34204.13904093564,0.5084326658842828,306.89274851251,0.2511722869707538,0.6,1.3569699349930187,1.034709231008481,0.0,236.99791960980542,237.31694800328458,0.0,0.0
153.5274261559449,8274.621314652377,77.02809159269863,234.4348825837568,34261.6874229959,0.5091252337834805,306.94183198660386,0.25095338453593524,0.6,1.3569699349930187,1.034644333722711,0.0,237.06913745899413,237.38771189277332,0.0,0.0
153.67750184133683,8263.065381431717,76.97333037230487,234.50980111576376,34319.27337283102,0.5098180322813877,306.99087288512806,0.2507349148491046,0.6,1.3569699349930187,1.0345796509804235,0.0,237.14031180543077,237.45843343496188,0.0,0.0
153.82757752672876,8251.517659006007,76.91866951985787,234.58466668792536,34376.89688040234,0.5105110612665308,307.03987129209673,0.25051687650911864,0.6,1.3569699349930187,1.0345151815494074,0.0,237.21144270994014,237.52911268627557,0.0,0.0
153.97765321212069,8239.97813233357,76.86410871789137,234.65947939718157,34434.55793570474,0.5112043206278157,307.0888272912799,0.25029926811692244,0.6,1.3569699349930187,1.0344509241700839,0.0,237.28253023318027,237.59974970298464,0.0,0.0
154.12772889751264,8228.446786420265,76.80964765078775,234.7342393401659,34492.256528733196,0.5118978102541262,307.1377409661765,0.25008208828118716,0.6,1.3569699349930187,1.0343868776012544,0.0,237.35357443571695,237.670344541293,0.0,0.0
154.27780458290457,8216.923606326533,76.75528600664752,234.80894661315995,34549.992649446234,0.5125915300338835,307.18661239998414,0.2498653356244098,0.6,1.3569699349930187,1.034323040669808,0.0,237.424575378105,237.74089725743488,0.0,0.0
154.4278802682965,8205.408577154354,76.70102347397692,234.8836013121777,34607.76628783034,0.5132854798558231,307.2354416756552,0.24964900877207155,0.6,1.3569699349930187,1.0342594121833402,0.0,237.49553312074605,237.81140790750507,0.0,0.0
154.57795595368842,8193.901684048227,76.64685974195875,234.9582035329593,34665.57743389387,0.51397965960892,307.2842288758929,0.249433106353516,0.6,1.3569699349930187,1.034195990937392,0.0,237.56644772390004,237.88187654747276,0.0,0.0
154.72803163908034,8182.402912207297,76.59279450364963,235.03275337089238,34723.42607760533,0.5146740691816485,307.3329740831002,0.24921762701238687,0.6,1.3569699349930187,1.0341327758004069,0.0,237.6373192478238,237.95230323334619,0.0,0.0
154.87810732447227,8170.912246874881,76.53882745331867,235.1072509210801,34781.3122089449,0.5153687084626017,307.38167737942456,0.24900256939791823,0.6,1.3569699349930187,1.0340697656434588,0.0,237.70814775265688,238.02268802103657,0.0,0.0
155.02818300986422,8159.429673333921,76.48495828529595,235.18169627837034,34839.23581792626,0.5160635773407528,307.4303388467773,0.24878793216116482,0.6,1.3569699349930187,1.0340069593097896,0.0,237.77893329837207,238.09303096629907,0.0,0.0
155.17825869525615,8147.95517691808,76.43118669689602,235.25608953728397,34897.196894539746,0.5167586757047739,307.47895856678724,0.24857371396454261,0.6,1.3569699349930187,1.0339443556926007,0.0,237.8496759449017,238.16333212488303,0.0,0.0
155.32833438064807,8136.4887430094195,76.37751238786797,235.33043079202986,34955.195428763116,0.5174540034431657,307.5275366208105,0.24835991348001932,0.6,1.3569699349930187,1.033881953720731,0.0,237.92037575211447,238.23359155250427,0.0,0.0
155.47841006604,8125.030357028515,76.32393505786666,235.4047201365689,35013.231410610206,0.5181495604448408,307.5760730899731,0.24814652938084736,0.6,1.3569699349930187,1.033819752291583,0.0,237.9910327797072,238.30380930471583,0.0,0.0
155.62848575143192,8113.580004440999,76.27045440818573,235.4789576645716,35071.30483009729,0.5188453465987214,307.62456805514296,0.24793356034721498,0.6,1.3569699349930187,1.0337577503173316,0.0,238.06164708727968,238.3739854369971,0.0,0.0
155.77856143682385,8102.137670764376,76.21707014358103,235.55314346937394,35129.415677207246,0.5195413617933092,307.67302159690206,0.2477210050721862,0.6,1.3569699349930187,1.0336959467737223,0.0,238.132218734413,238.44412000484706,0.0,0.0
155.9286371222158,8090.703341555285,76.16378196900503,235.6272776440599,35187.563941953165,0.5202376059174488,307.72143379560015,0.24750886225103125,0.6,1.3569699349930187,1.033634340613306,0.0,238.2027477805304,238.51421306361823,0.0,0.0
156.07871280760773,8079.277002410538,76.11058958989899,235.7013602814547,35245.74961437237,0.5209340788602556,307.7698047313508,0.2472971305821738,0.6,1.3569699349930187,1.033572930773291,0.0,238.27323428490996,238.58426466853157,0.0,0.0
156.22878849299966,8067.858638979046,76.05749271535356,235.77539147404755,35303.97268446462,0.5216307805103765,307.81813448398134,0.24708580877749275,0.6,1.3569699349930187,1.033511716260062,0.0,238.34367830682024,238.65427487483814,0.0,0.0
156.37886417839158,8056.4482369514735,76.00449105546018,235.84937131405863,35362.23314224371,0.5223277107566081,307.8664231330768,0.24687489555366957,0.6,1.3569699349930187,1.0334506960787464,0.0,238.4140799054076,238.72424373768445,0.0,0.0
156.5289398637835,8045.045782055868,75.95158432019782,235.92329989346746,35420.53097775905,0.523024869488155,307.9146707579987,0.24666438962855047,0.6,1.3569699349930187,1.033389869203563,0.0,238.48443913964888,238.79417131205622,0.0,0.0
156.67901554917543,8033.651260068643,75.89877222234207,235.99717730394173,35478.86618103858,0.5237222565939464,307.96287743783904,0.24645428973062478,0.6,1.3569699349930187,1.0333292346557172,0.0,238.55475606847614,238.8640576529266,0.0,0.0
156.8290912345674,8022.2646568121745,75.84605447688932,236.0710036368527,35537.23874209991,0.5244198719627711,308.0110432514305,0.24624459459713566,0.6,1.3569699349930187,1.0332687914882697,0.0,238.62503075075242,238.93390281522719,0.0,0.0
156.9791669199593,8010.885958145196,75.7934307985775,236.1447789833378,35595.648650998766,0.525117715483856,308.05916827738776,0.2460353029659884,0.6,1.3569699349930187,1.0332085387199255,0.0,238.69526324516653,239.00370685372266,0.0,0.0
157.12924260535124,7999.515149969305,75.74090090362492,236.21850343425803,35654.09589779464,0.5258157870464557,308.10725259407974,0.24582641358141233,0.6,1.3569699349930187,1.0331484753816766,0.0,238.76545361030745,239.07346982309917,0.0,0.0
157.27931829074316,7988.152218235578,75.68846451150785,236.2921770801553,35712.58047251586,0.5265140865394358,308.1552962796024,0.24561792519974243,0.6,1.3569699349930187,1.0330886005646895,0.0,238.83560190474046,239.14319177805487,0.0,0.0
157.4293939761351,7976.797148932095,75.63612134173752,236.36580001133345,35771.102365222825,0.5272126138520287,308.20329941183144,0.24540983657890708,0.6,1.3569699349930187,1.033028913334077,0.0,238.9057081868706,239.21287277313715,0.0,0.0
157.579469661527,7965.449928085038,75.5838711141723,236.43937231785074,35829.661566001436,0.5279113688737548,308.2512620684182,0.24520214647943925,0.6,1.3569699349930187,1.0329694127373208,0.0,238.9757725149561,239.28251286275844,0.0,0.0
157.72954534691897,7954.110541770419,75.5317135521424,236.51289408944407,35888.25806490172,0.5286103514936903,308.2991843267402,0.2449948536746459,0.6,1.3569699349930187,1.0329100978883738,0.0,239.04579494724166,239.35211210135492,0.0,0.0
157.8796210323109,7942.778976103858,75.47964837981095,236.58636541559522,35946.89185198961,0.5293095616010856,308.34706626394467,0.24478795694200145,0.6,1.3569699349930187,1.0328509678969975,0.0,239.1157755418468,239.42167054325336,0.0,0.0
158.02969671770282,7931.455217236367,75.4276753210968,236.65978638555814,36005.56291736795,0.5300089990856159,308.3949079569667,0.24458145505963397,0.6,1.3569699349930187,1.0327920218398647,0.0,239.18571435672078,239.4911882426171,0.0,0.0
158.17977240309474,7920.139251365223,75.3757941025694,236.7331570882884,36064.27125111922,0.5307086638366983,308.4427094824834,0.2443753468157432,0.6,1.3569699349930187,1.032733258838575,0.0,239.2556114497654,239.56066525359256,0.0,0.0
158.32984808848667,7908.83106473149,75.32400445284615,236.8064776124594,36123.01684331761,0.5314085557436363,308.49047091692495,0.24416963100662697,0.6,1.3569699349930187,1.0326746780436873,0.0,239.32546687881015,239.63010163027903,0.0,0.0
158.47992377387862,7897.530643610647,75.27230610015921,236.8797480465229,36181.79968407647,0.5321086746961854,308.53819233651416,0.2439643064287541,0.6,1.3569699349930187,1.0326162785692803,0.0,239.39528070150956,239.6994974266065,0.0,0.0
158.62999945927055,7886.2379743191,75.2206987741004,236.95296847866703,36240.619763513925,0.5328090205841428,308.58587381723953,0.24375937188443686,0.6,1.3569699349930187,1.0325580595400679,0.0,239.4650529754173,239.76885269642403,0.0,0.0
158.78007514466248,7874.953043220574,75.16918220735272,237.02613899677468,36299.47707171858,0.533509593296941,308.63351543482815,0.2435548261874548,0.6,1.3569699349930187,1.0325000201383376,0.0,239.53478375805997,239.83816749358692,0.0,0.0
158.9301508300544,7863.6758367138755,75.11775613250686,237.09925968850288,36358.37159881229,0.5342103927243936,308.68111726479816,0.24335066815268797,0.6,1.3569699349930187,1.032442159518199,0.0,239.604473106803,239.90744187179735,0.0,0.0
159.08022651544633,7852.40634123407,75.0664202823927,237.17233064127518,36417.303334943295,0.5349114187566147,308.7286793824535,0.24314689659719083,0.6,1.3569699349930187,1.032384476814575,0.0,239.67412107886494,239.976675884621,0.0,0.0
159.23030220083825,7841.144543264008,75.01517439316845,237.24535194220692,36476.272270225156,0.5356126712832924,308.77620186283593,0.24294351035022954,0.6,1.3569699349930187,1.032326971226883,0.0,239.74372773144833,240.04586958564286,0.0,0.0
159.3803778862302,7829.890429324188,74.96401820168924,237.31832367817088,36535.278394788744,0.5363141501943074,308.82368478076785,0.242740508244715,0.6,1.3569699349930187,1.0322696419480926,0.0,239.81329312162916,240.1150230283355,0.0,0.0
159.53045357162213,7818.643985968733,74.91295144446448,237.39124593582346,36594.321698802545,0.5370158553799742,308.87112821086976,0.24253788911380728,0.6,1.3569699349930187,1.0322124881365533,0.0,239.88281730631326,240.18413626600685,0.0,0.0
159.68052925701406,7807.405199796127,74.86197386053864,237.46411880153494,36653.402172415525,0.537717786730363,308.9185322275149,0.24233565180027358,0.6,1.3569699349930187,1.032155508994139,0.0,239.95230034235811,240.25320935194517,0.0,0.0
159.83060494240598,7796.174057446658,74.81108519086108,237.5369423614062,36712.51980576969,0.538419944135448,308.9658969048408,0.24213379515442876,0.6,1.3569699349930187,1.0320987037494063,0.0,240.02174228654673,240.322242339388,0.0,0.0
159.9806806277979,7784.950545593285,74.76028517589661,237.6097167013278,36771.67458904712,0.5391223274856678,309.01322231678745,0.24193231802636422,0.6,1.3569699349930187,1.0320420715929022,0.0,240.09114319548758,240.39123528140252,0.0,0.0
160.13075631318983,7773.7346509481295,74.70957355737619,237.68244190693798,36830.866512435205,0.5398249366715112,309.0605085370707,0.24173121927163024,0.6,1.3569699349930187,1.0319856117247332,0.0,240.16050312568856,240.46018823097378,0.0,0.0
160.2808319985818,7762.526360268664,74.6589500799827,237.75511806358242,36890.095566092874,0.5405277715831174,309.1077556391561,0.24153049775670304,0.6,1.3569699349930187,1.0319293234005518,0.0,240.2298221336282,240.52910124108922,0.0,0.0
160.43090768397371,7751.325660345708,74.60841448820473,237.82774525639218,36949.36174021334,0.5412308321110207,309.15496369631,0.24133015234875635,0.6,1.3569699349930187,1.0318732058462463,0.0,240.29910027562408,240.5979743645819,0.0,0.0
160.58098336936564,7740.132538004662,74.55796652668653,237.9003235702756,37008.66502501661,0.541934118146062,309.2021327815944,0.24113018191679392,0.6,1.3569699349930187,1.03181725826748,0.0,240.36833760784788,240.66680765414813,0.0,0.0
160.73105905475757,7728.9469801168325,74.50760594328207,237.97285308984493,37068.005410688864,0.5426376295786686,309.2492629678197,0.24093058534155762,0.6,1.3569699349930187,1.0317614799329526,0.0,240.4375341864538,240.7356011625006,0.0,0.0
160.8811347401495,7717.768973589406,74.4573324864298,238.0453338994813,37127.38288743454,0.5433413662994743,309.29635432758687,0.2407313615069946,0.6,1.3569699349930187,1.0317058701031476,0.0,240.506690067469,240.80435494223744,0.0,0.0
161.03121042554142,7706.598505361567,74.40714590414308,238.11776608335998,37186.79744549635,0.544045328199555,309.34340693330444,0.24053250929697534,0.6,1.3569699349930187,1.0316504280028689,0.0,240.5758053067519,240.87306904579256,0.0,0.0
161.18128611093337,7695.435562415117,74.35704594687711,238.19014972538122,37246.249075097745,0.5447495151697476,309.39042085714374,0.24033402760459197,0.6,1.3569699349930187,1.0315951528995007,0.0,240.6448799601122,240.94174352557857,0.0,0.0
161.3313617963253,7684.280131771858,74.3070323668709,238.26248490918763,37305.73776645637,0.5454539271008098,309.4373961710504,0.24013591533001252,0.6,1.3569699349930187,1.0315400440852898,0.0,240.7139140832841,241.0103784339545,0.0,0.0
161.48143748171722,7673.132200484659,74.25710491579981,238.3347717182218,37365.26350983047,0.5461585638839696,309.4843329467819,0.23993817137285872,0.6,1.3569699349930187,1.0314851008133603,0.0,240.78290773182843,241.07897382310935,0.0,0.0
161.63151316710915,7661.991755643941,74.20726334653156,238.4070102356843,37424.82629548381,0.5468634254105101,309.5312312558808,0.2397407946378971,0.6,1.3569699349930187,1.0314303223457315,0.0,240.85186096120663,241.14752974514982,0.0,0.0
161.78158885250107,7650.858784383664,74.1575074147672,238.479200544495,37484.42611365272,0.5475685115713798,309.5780911696498,0.23954378404035268,0.6,1.3569699349930187,1.0313757079983672,0.0,240.92077382684914,241.21604625218205,0.0,0.0
161.931664537893,7639.733273869531,74.1078368759297,238.5513427273693,37544.062954608264,0.5482738222579279,309.6249127592012,0.23934713849581027,0.6,1.3569699349930187,1.0313212570562462,0.0,240.98964638402666,241.2845233961576,0.0,0.0
162.08174022328495,7628.615211300299,74.05825148553241,238.62343686680987,37603.73680864872,0.5489793573618164,309.6716960954524,0.23915085692140522,0.6,1.3569699349930187,1.0312669687834657,0.0,241.05847868786554,241.3529612288921,0.0,0.0
162.23181590867688,7617.504583918904,74.00875100219808,238.69548304503436,37663.4476660389,0.5496851167743017,309.7184412490784,0.23895493824560343,0.6,1.3569699349930187,1.0312128425060711,0.0,241.12727079347397,241.4213598022152,0.0,0.0
162.3818915940688,7606.401379002516,73.95933518503895,238.7674813440399,37723.19551706277,0.5503911003868575,309.7651482905547,0.23875938139969927,0.6,1.3569699349930187,1.0311588775404734,0.0,241.19602275583333,241.48971916784117,0.0,0.0
162.53196727946073,7595.305583858814,73.91000379267896,238.8394318456273,37782.98035204276,0.5510973080914029,309.81181729017277,0.23856418531464257,0.6,1.3569699349930187,1.0311050731666738,0.0,241.2647346297581,241.55803937732088,0.0,0.0
162.68204296485266,7584.217185836497,73.8607565861073,238.91133463133286,37842.80216128242,0.5518037397796248,309.85844831799614,0.2383693489302792,0.6,1.3569699349930187,1.0310514287066528,0.0,241.33340647001472,241.62632048218336,0.0,0.0
162.83211865024458,7573.136172322572,73.8115933279922,238.9831897824459,37902.66093508011,0.5525103953431401,309.9050414438721,0.2381748711931182,0.6,1.3569699349930187,1.0309979435057481,0.0,241.40203833129337,241.694562533902,0.0,0.0
162.98219433563654,7562.062530733644,73.76251378037385,239.0549973800653,37962.5566637753,0.5532172746740427,309.95159673746855,0.23798075104885258,0.6,1.3569699349930187,1.030944616869364,0.0,241.47063026811296,241.76276558378123,0.0,0.0
163.13227002102846,7550.996248522392,73.71351770642605,239.12675750505747,38022.48933771286,0.5539243776644813,309.9981142682469,0.23778698744806048,0.6,1.3569699349930187,1.030891448111435,0.0,241.53918233489426,241.83092968304365,0.0,0.0
163.2823457064204,7539.937313183337,73.66460487205222,239.19847023801898,38082.458947211,0.5546317042062823,310.0445941054385,0.2375935793513649,0.6,1.3569699349930187,1.0308384365985288,0.0,241.60769458602658,241.89905488290916,0.0,0.0
163.4324213918123,7528.885712241271,73.61577504280798,239.27013565935152,38142.46548262318,0.5553392541916792,310.0910363180927,0.237400525719462,0.6,1.3569699349930187,1.0307855816652904,0.0,241.67616707574075,241.96714123444363,0.0,0.0
163.58249707720424,7517.841433252621,73.5670279842871,239.3417538492531,38202.50893432999,0.5560470275132181,310.1374409750721,0.23720782551436667,0.6,1.3569699349930187,1.0307328826250832,0.0,241.7445998581255,242.03518878857824,0.0,0.0
163.7325727625962,7506.804463816379,73.51836346510626,239.4133248876472,38262.589292679084,0.5567550240630483,310.1838081450065,0.2370154777090669,0.6,1.3569699349930187,1.030680338852401,0.0,241.81299298725125,242.10319759625685,0.0,0.0
163.88264844798812,7495.77479156426,73.4697812542898,239.48484885424645,38322.70654803767,0.5574632437335426,310.2301378963345,0.2368234812790504,0.6,1.3569699349930187,1.0306279497109399,0.0,241.88134651706224,242.17116770830742,0.0,0.0
164.03272413338004,7484.7524041571,73.42128112032253,239.55632582857612,38382.86069081164,0.5581716864175216,310.276430297319,0.23663183519923636,0.6,1.3569699349930187,1.0305757145274888,0.0,241.94966050133826,242.23909917539618,0.0,0.0
164.18279981877197,7473.737289295264,73.37286283399013,239.62775588990655,38443.05171138803,0.5588803520075766,310.32268541600354,0.23644053845315893,0.6,1.3569699349930187,1.030523632670453,0.0,242.01793499381182,242.30699204816725,0.0,0.0
164.3328755041639,7462.729434715856,73.32452616766503,239.69913911727133,38503.279600149406,0.5595892403962393,310.3689033202244,0.23624959003064863,0.6,1.3569699349930187,1.0304717035303297,0.0,242.08617004813937,242.374846377208,0.0,0.0
164.48295118955582,7451.728828184215,73.27627089303834,239.77047558952228,38563.54434751955,0.5602983514765193,310.4150840776463,0.23605898892049082,0.6,1.3569699349930187,1.0304199264570773,0.0,242.154365717808,242.44266221293813,0.0,0.0
164.63302687494777,7440.735457500359,73.22809678288685,239.84176538528774,38623.84594392762,0.5610076851414825,310.4612277557359,0.23586873411613615,0.6,1.3569699349930187,1.0303683008090398,0.0,242.22252205620887,242.51043960569672,0.0,0.0
164.7831025603397,7429.749310504589,73.180003612625,239.91300858293636,38684.18437977666,0.5617172412838813,310.5073344217381,0.2356788246207101,0.6,1.3569699349930187,1.030316825996095,0.0,242.29063911670121,242.5781786058184,0.0,0.0
164.93317824573163,7418.7703750660885,73.13199115725983,239.98420526065075,38744.55964550517,0.562427019796878,310.5534041427246,0.23548925943716179,0.6,1.3569699349930187,1.0302655013954476,0.0,242.35871695248764,242.64587926348491,0.0,0.0
165.08325393112355,7407.798639084362,73.0840591917945,240.05535549641837,38804.97173157883,0.5631370205739485,310.59943698558766,0.23530003756956494,0.6,1.3569699349930187,1.0302143263628225,0.0,242.4267556166311,242.7135416287449,0.0,0.0
165.23332961651548,7396.834090499973,73.03620749417888,240.1264593679618,38865.42062843044,0.5638472435081754,310.64543301699536,0.2351111580326471,0.6,1.3569699349930187,1.0301633003144404,0.0,242.49475516217638,242.78116575165876,0.0,0.0
165.3834053019074,7385.876717284778,72.98843584269848,240.197516952802,38925.90632651307,0.564557688492874,310.6913923034329,0.23492261984334353,0.6,1.3569699349930187,1.0301124226547451,0.0,242.56271564204337,242.8487516821712,0.0,0.0
165.53348098729936,7374.926507438477,72.94074401505725,240.26852832828092,38986.42881631834,0.5652683554218061,310.73731491121737,0.23473442201783068,0.6,1.3569699349930187,1.0300616927509492,0.0,242.6306371089899,242.916299470067,0.0,0.0
165.68355667269128,7363.9834489989025,72.89313179120495,240.33949357149444,39046.98808831889,0.5659792441885045,310.78320090645445,0.2345465635806542,0.6,1.3569699349930187,1.0300111100116869,0.0,242.69851961572783,242.98380916510914,0.0,0.0
165.8336323580832,7353.047530039148,72.84559895259524,240.4104127593112,39107.58413298349,0.5666903546864512,310.82905035505104,0.2343590435623241,0.6,1.3569699349930187,1.0299606738665843,0.0,242.76636321489318,243.05128081700303,0.0,0.0
165.98370804347513,7342.118738659271,72.79814527995546,240.4812859684264,39168.216940822276,0.567401686809608,310.87486332275006,0.23417186099210754,0.6,1.3569699349930187,1.0299103837042818,0.0,242.83416795895522,243.11871447528821,0.0,0.0
166.13378372886706,7331.197062992716,72.75077055505918,240.55211327531998,39228.88650235051,0.5681132404519915,310.9206398751038,0.23398501490374848,0.6,1.3569699349930187,1.0298602389218114,0.0,242.90193390028938,243.18611018942497,0.0,0.0
166.28385941425898,7320.28249121172,72.70347456223435,240.62289475622183,39289.59280805779,0.5688250155073118,310.96638007745145,0.23379850434032873,0.6,1.3569699349930187,1.0298102389667916,0.0,242.96966109123915,243.2534680088681,0.0,0.0
166.43393509965094,7309.37501151612,72.65625708534999,240.693630487184,39350.33584846934,0.5695370118696916,311.01208399496625,0.2336123283445345,0.6,1.3569699349930187,1.0297603832535611,0.0,243.0373495839934,243.32078798292062,0.0,0.0
166.58401078504286,7298.474612134845,72.60911790823661,240.76432054407144,39411.11561413744,0.5702492294335659,311.0577516926494,0.23342648596001037,0.6,1.3569699349930187,1.0297106711749138,0.0,243.1049994306041,243.38807016075464,0.0,0.0
166.7340864704348,7287.581281336459,72.56205681760336,240.83496500249328,39471.93209558167,0.5709616680929813,311.1033832352862,0.2332409762407662,0.6,1.3569699349930187,1.0296611021836477,0.0,243.1726106831055,243.45531459155336,0.0,0.0
166.88416215582671,7276.695007419485,72.51507360043064,240.90556393786574,39532.78528334213,0.5716743277422202,311.1489786874866,0.23305579824275657,0.6,1.3569699349930187,1.0296116757199292,0.0,243.24018339340822,243.52252132438474,0.0,0.0
167.03423784121864,7265.815778709084,72.46816804308217,240.97611742543359,39593.67516799748,0.5723872082760121,311.19453811369954,0.23287095102101327,0.6,1.3569699349930187,1.029562391186495,0.0,243.30771761326358,243.58969040815893,0.0,0.0
167.18431352661057,7254.9435835672375,72.4213399341195,241.04662554020422,39654.60174010727,0.5731003095888577,311.24006157817036,0.2326864336387182,0.6,1.3569699349930187,1.0295132480274312,0.0,243.37521339437845,243.65682189176496,0.0,0.0
167.33438921200252,7244.0784103898,72.37458906353265,241.11708835696663,39715.564990227664,0.5738136315752145,311.2855491449534,0.23250224516471424,0.6,1.3569699349930187,1.0294642457068406,0.0,243.4426707883844,243.7239158240338,0.0,0.0
167.48446489739445,7233.2202475983995,72.32791522054686,241.18750595034402,39776.56490895613,0.5745271741300183,311.33100087794605,0.23231838466642848,0.6,1.3569699349930187,1.0294153836474986,0.0,243.51008984674874,243.79097225363245,0.0,0.0
167.63454058278637,7222.36908364683,72.2813181954004,241.25787839475223,39837.60148689496,0.5752409371482574,311.37641684086236,0.23213485121560054,0.6,1.3569699349930187,1.0293666612806902,0.0,243.5774706208473,243.85799122915034,0.0,0.0
167.7846162681783,7211.524907026279,72.23479778080971,241.32820576436603,39898.674714621266,0.5759549205246219,311.42179709721114,0.23195164389299774,0.6,1.3569699349930187,1.02931807808745,0.0,243.6448131620243,243.9249727991707,0.0,0.0
167.93469195357022,7200.687706254328,72.18835376898683,241.39848813319026,39959.7845827479,0.5766691241542157,311.46714171034233,0.23176876177879602,0.6,1.3569699349930187,1.0292696335150306,0.0,243.71211752147144,243.99191701212635,0.0,0.0
168.08476763896215,7189.857469876483,72.14198595207658,241.46872557504994,40020.931081914474,0.5773835479324513,311.51245074344087,0.2315862039539862,0.6,1.3569699349930187,1.029221326989171,0.0,243.77938375024638,244.05882391632147,0.0,0.0
168.2348433243541,7179.034186476554,72.09569412504048,241.53891816352305,40082.11420272803,0.5780981917543575,311.5577242594832,0.23140396950965988,0.6,1.3569699349930187,1.02917315799522,0.0,243.8466118993896,244.12569356007103,0.0,0.0
168.38491900974603,7168.2178446670505,72.04947808305309,241.6090659720027,40143.33393581642,0.5788130555152025,311.60296232127797,0.23122205753861394,0.6,1.3569699349930187,1.0291251260051402,0.0,243.91380201981949,244.19252599157548,0.0,0.0
168.53499469513795,7157.408433085985,72.00333762064245,241.6791690737179,40204.59027184597,0.5795281391107003,311.64816499147935,0.23104046713257903,0.6,1.3569699349930187,1.0290772304533509,0.0,243.98095416229805,244.25932125887968,0.0,0.0
168.68507038052988,7146.605940406954,71.9572725344921,241.74922754166818,40265.883201463635,0.5802434424363354,311.6933323325452,0.230859197391239,0.6,1.3569699349930187,1.0290294708156382,0.0,244.04806837754438,244.32607941000825,0.0,0.0
168.8351460659218,7135.810355336115,71.91128262264448,241.8192414486432,40327.21271531337,0.5809589653875542,311.73846440674976,0.23067824741965803,0.6,1.3569699349930187,1.0289818465869158,0.0,244.11514471620288,244.3928004929275,0.0,0.0
168.98522175131376,7125.021666604265,71.86536768234376,241.88921086727404,40388.57880408048,0.5816747078602825,311.7835612762172,0.23049761632133117,0.6,1.3569699349930187,1.028934357220513,0.0,244.18218322875657,244.4594845554419,0.0,0.0
169.13529743670568,7114.239862973238,71.81952751181902,241.95913586999185,40449.98145845476,0.5823906697504955,311.82862300289486,0.23031730320392135,0.6,1.3569699349930187,1.0288870021784629,0.0,244.24918396559931,244.5261316452803,0.0,0.0
169.2853731220976,7103.464933240926,71.77376191170684,242.02901652899516,40511.42066910102,0.5831068509538739,311.87364964853265,0.230137307183831,0.6,1.3569699349930187,1.0288397809717928,0.0,244.31614697709367,244.59274181016443,0.0,0.0
169.43544880748954,7092.6968662304735,71.72807068209877,242.09885291632,40572.89642672009,0.5838232513665164,311.91864127472815,0.2299576273766945,0.6,1.3569699349930187,1.028792693077319,0.0,244.38307231345217,244.65931509766767,0.0,0.0
169.58552449288146,7081.935650791862,71.68245362299508,242.1686451038296,40634.40872203914,0.5845398708848248,311.9635979429203,0.22977826289883593,0.6,1.3569699349930187,1.0287457379504485,0.0,244.44996002475594,244.7258515552369,0.0,0.0
169.7356001782734,7071.181275812104,71.6369105371558,242.2383931631483,40695.957545752855,0.585256709404821,312.00851971434713,0.22959921287643514,0.6,1.3569699349930187,1.0286989151058756,0.0,244.51681016106986,244.79235123032967,0.0,0.0
169.88567586366534,7060.433730205721,71.59144122750051,242.30809716572324,40757.54288857702,0.5859737668227699,312.0534066500855,0.229420476437157,0.6,1.3569699349930187,1.028652224044222,0.0,244.5836227723383,244.85881417028992,0.0,0.0
170.03575154905727,7049.693002911676,71.54604549627686,242.3777571828444,40819.164741265646,0.586691043035379,312.0982588110642,0.22924205270747405,0.6,1.3569699349930187,1.0286056642285166,0.0,244.65039790835203,244.9252404223084,0.0,0.0
170.1858272344492,7038.959082903339,71.50072314785,242.44737328557974,40880.823094553234,0.587408537939127,312.14307625802275,0.22906394082163234,0.6,1.3569699349930187,1.0285592351632404,0.0,244.71713561886068,244.99163003355667,0.0,0.0
170.33590291984112,7028.231959185398,71.45547398787924,242.5169455447954,40942.517939171514,0.5881262514304573,312.18785905152384,0.22888613991899714,0.6,1.3569699349930187,1.0285129363711738,0.0,244.78383595353998,245.0579830511477,0.0,0.0
170.48597860523304,7017.511620786124,71.41029782119617,242.5864740312058,41004.24926589362,0.5888441834062941,312.2326072519866,0.22870864913722688,0.6,1.3569699349930187,1.0284667673333145,0.0,244.850498961907,245.12429952203507,0.0,0.0
170.63605429062497,7006.798056763731,71.36519445359313,242.65595881533244,41066.01706549682,0.5895623337636072,312.27732091965976,0.2285314676180196,0.6,1.3569699349930187,1.0284207275396193,0.0,244.9171246933923,245.19057949309877,0.0,0.0
170.78612997601692,6996.091256211242,71.32016369320385,242.7253999674722,41127.821328733604,0.5902807023990769,312.32200011460145,0.22835459451154286,0.6,1.3569699349930187,1.0283748165283428,0.0,244.9837131973954,245.25682301121097,0.0,0.0
170.93620566140885,6985.391208245852,71.27520534758034,242.7947975577665,41189.66204639251,0.5909992892098004,312.3666448967242,0.2281780289670352,0.6,1.3569699349930187,1.028329033803148,0.0,245.05026452316812,245.3230301230973,0.0,0.0
171.08628134680077,6974.69790201056,71.23031922416294,242.86415165619056,41251.53920928818,0.591718094093177,312.4112553257879,0.22800177013431452,0.6,1.3569699349930187,1.028283378846453,0.0,245.11677871983403,245.38920087535962,0.0,0.0
171.2363570321927,6964.011326684193,71.18550513309883,242.9334623324885,41313.452808202754,0.5924371169462267,312.4558314613584,0.22782581717282618,0.6,1.3569699349930187,1.0282378511996857,0.0,245.18325583650108,245.45533531461018,0.0,0.0
171.38643271758463,6953.331471471957,71.14076288464543,243.00272965623452,41375.40283393975,0.5931563576662169,312.5003733628469,0.22765016924329642,0.6,1.3569699349930187,1.0281924503895745,0.0,245.24969592215845,245.52143348734876,0.0,0.0
171.53650840297655,6942.65832560249,71.09609228836602,243.07195369685212,41437.38927734064,0.5938758161508537,312.54488108952273,0.22747482550514675,0.6,1.3569699349930187,1.028147175905247,0.0,245.31609902564466,245.58749543992437,0.0,0.0
171.6865840883685,6931.991878337726,71.05149315590714,243.14113452355,41499.41212922713,0.5945954922976134,312.5893547004721,0.22729978512540763,0.6,1.3569699349930187,1.028102027277415,0.0,245.38246519575878,245.65352121866792,0.0,0.0
171.83665977376043,6921.332118969744,71.00696530014869,243.21027220534253,41561.471380418516,0.5953153860039424,312.6337942546114,0.22712504727598343,0.6,1.3569699349930187,1.028057004054315,0.0,245.44879448122686,245.71951086985183,0.0,0.0
171.98673545915236,6910.679036813189,70.96250853311672,243.279366811099,41623.567021775416,0.5960354971677663,312.67819981071943,0.22695061112694795,0.6,1.3569699349930187,1.0280121057422438,0.0,245.51508693061913,245.78546443959146,0.0,0.0
172.13681114454428,6900.0326212116315,70.91812266777706,243.34841840950222,41685.699044162066,0.5967558256870512,312.7225714274104,0.22677647585229924,0.6,1.3569699349930187,1.0279673318567482,0.0,245.58134259242172,245.85138197393044,0.0,0.0
172.2868868299362,6889.392861542251,70.87380751937461,243.41742706901823,41747.86743841839,0.5974763714594808,312.76690916311514,0.22660264063425037,0.6,1.3569699349930187,1.0279226819610272,0.0,245.64756151509033,245.91726351890455,0.0,0.0
172.43696251532813,6878.759747205376,70.82956290253915,243.48639285796415,41810.07219542027,0.5981971343831548,312.8112130761245,0.2264291046539382,0.6,1.3569699349930187,1.0278781555833485,0.0,245.71374374693548,245.98310912040475,0.0,0.0
172.5870382007201,6868.133267626163,70.78538863177144,243.55531584449716,41872.313306069365,0.5989181143564714,312.85548322458266,0.22625586709298073,0.6,1.3569699349930187,1.027833752230936,0.0,245.779889336142,246.04891882420057,0.0,0.0
172.737113886112,6857.513412264455,70.74128452422953,243.62419609655072,41934.59076123482,0.5996393112774506,312.8997196664464,0.2260829271424094,0.6,1.3569699349930187,1.0277894714697846,0.0,245.84599833088026,246.1146926760723,0.0,0.0
172.88718957150394,6846.900170605399,70.69725039713569,243.69303368189532,41996.904551807325,0.600360725044363,312.94392245952406,0.22591028399434604,0.6,1.3569699349930187,1.0277453128505991,0.0,245.9120707792035,246.18043072168868,0.0,0.0
173.03726525689586,6836.293532156617,70.65328606699879,243.76182866815688,42059.25466871544,0.6010823555559159,312.98809166148766,0.2257379368395072,0.6,1.3569699349930187,1.0277012758865167,0.0,245.97810672901724,246.2461330065703,0.0,0.0
173.1873409422878,6825.69348645798,70.60939135237963,243.83058112275327,42121.641102867456,0.6018042027105827,313.03222732983227,0.22556588487606652,0.6,1.3569699349930187,1.0276573601324186,0.0,246.0441062281893,246.3117995762207,0.0,0.0
173.33741662767974,6815.100023078365,70.56556607301499,243.89929111291542,42184.06384516983,0.602526266406815,313.07632952188993,0.2253941273068398,0.6,1.3569699349930187,1.0276135651599794,0.0,246.11006932451542,246.3774304760852,0.0,0.0
173.48749231307167,6804.513131608276,70.52181004776433,243.96795870573519,42246.52288657008,0.6032485465435394,313.1203982948602,0.22522266333270033,0.6,1.3569699349930187,1.0275698904988009,0.0,246.17599606563826,246.44302575145446,0.0,0.0
173.6375679984636,6793.932801666166,70.47812309640875,244.0365839681242,42309.01821801884,0.6039710430197189,313.1644337057841,0.22505149215834155,0.6,1.3569699349930187,1.027526335688067,0.0,246.2418864991189,246.5085854475493,0.0,0.0
173.78764368385552,6783.359022902956,70.43450504094928,244.1051669667847,42371.54983044279,0.604693755734039,313.20843581152576,0.22488061299643117,0.6,1.3569699349930187,1.027482900313993,0.0,246.3077406724886,246.57410960958254,0.0,0.0
173.93771936924745,6772.791784991742,70.39095570274108,244.17370776827636,42434.11771480468,0.6054166845856033,313.252404668815,0.22471002505842427,0.6,1.3569699349930187,1.027439583927558,0.0,246.3735586331358,246.6395982826242,0.0,0.0
174.08779505463937,6762.231077629532,70.34747490299564,244.2422064390047,42496.721862092476,0.606139829473806,313.29634033424054,0.2245397275561705,0.6,1.3569699349930187,1.0273963860589266,0.0,246.43934042832618,246.70505151162524,0.0,0.0
174.23787074003133,6751.676890546915,70.30406246553483,244.31066304515872,42559.36226326178,0.6068631902976686,313.3402428642099,0.22436971971072994,0.6,1.3569699349930187,1.0273533062968236,0.0,246.505086105312,246.77046934154777,0.0,0.0
174.38794642542325,6741.1292134987825,70.26071821420184,244.3790776527709,42622.03890928978,0.6075867669564617,313.38411231498804,0.22420000074407578,0.6,1.3569699349930187,1.027310344214123,0.0,246.57079571122986,246.83585181724322,0.0,0.0
174.53802211081518,6730.588036261582,70.21744197210943,244.447450327735,42684.751791191455,0.6083105593498936,313.4279487427091,0.22403056987668468,0.6,1.3569699349930187,1.0272674993461919,0.0,246.6364692930717,246.90119898341771,0.0,0.0
174.6880977962071,6720.053348643008,70.17423356439356,244.51578113574323,42747.500899961036,0.6090345673774331,313.47175220333605,0.22386142633634964,0.6,1.3569699349930187,1.027224771270327,0.0,246.7021068977935,246.96651088476128,0.0,0.0
174.83817348159903,6709.525140478697,70.13109281731172,244.58407014230775,42810.28622659134,0.6097587909385335,313.51552275267494,0.22369256935528675,0.6,1.3569699349930187,1.0271821595799122,0.0,246.76770857228016,247.03178756590611,0.0,0.0
174.98824916699095,6699.003401624997,70.0880195562229,244.65231741280746,42873.1077621161,0.610483229933121,313.5592604464048,0.2235239981636668,0.6,1.3569699349930187,1.0271396638261534,0.0,246.83327436326618,247.097029071332,0.0,0.0
175.1383248523829,6688.488121965289,70.04501360739187,244.72052301244707,42935.96549757183,0.6112078842611548,313.6029653400515,0.22335571199538695,0.6,1.3569699349930187,1.027097283570195,0.0,246.89880431740715,247.16223544545124,0.0,0.0
175.28840053777483,6677.979291414335,70.002074799247,244.7886870062288,42998.85942397108,0.6119327538223185,313.64663748897027,0.22318771009208954,0.6,1.3569699349930187,1.0270550184196132,0.0,246.96429848132922,247.22740673266773,0.0,0.0
175.43847622316676,6667.476899908148,69.95920295954247,244.8568094590182,43061.789532362665,0.6126578385167152,313.69027694838746,0.2230199916940782,0.6,1.3569699349930187,1.0270128679464683,0.0,247.02975690151825,247.29254297724452,0.0,0.0
175.58855190855868,6656.98093740577,69.91639791587616,244.92489043553255,43124.75581382027,0.6133831382447353,313.7338837733936,0.2228525560419734,0.6,1.3569699349930187,1.0269708317022606,0.0,247.0951796243403,247.35764422332838,0.0,0.0
175.7386275939506,6646.491393898794,69.87365949841207,244.99293000027905,43187.75825938499,0.6141086529063948,313.7774580189037,0.22268540238541448,0.6,1.3569699349930187,1.0269289092968543,0.0,247.16056669614863,247.4227105150771,0.0,0.0
175.88870327934254,6636.008259402129,69.83098753729499,245.06092821761484,43250.79686011999,0.6148343824019661,313.8209997396963,0.22251852997478622,0.6,1.3569699349930187,1.0268871003237372,0.0,247.22591816318297,247.4877418965394,0.0,0.0
176.0387789647345,6625.531523951391,69.78838186192434,245.1288851517638,43313.871607125635,0.6155603266321499,313.8645089904238,0.22235193805889542,0.6,1.3569699349930187,1.026845404338957,0.0,247.291234071541,247.55273841162085,0.0,0.0
176.18885465012642,6615.06117761249,69.74584230369622,245.19680086675436,43376.98249148148,0.6162864854974097,313.90798582557346,0.22218562589373336,0.6,1.3569699349930187,1.026803820940707,0.0,247.35651446728627,247.61770010421245,0.0,0.0
176.33893033551834,6604.597210478248,69.70336869507635,245.2646754264416,43440.12950426586,0.6170128588981961,313.9514302994811,0.22201959273950647,0.6,1.3569699349930187,1.0267623497425782,0.0,247.4217593964123,247.6826270181475,0.0,0.0
176.48900602091027,6594.139612661343,69.6609608676128,245.3325088945528,43503.312636597875,0.6177394467354308,313.9948424663607,0.22185383785428198,0.6,1.3569699349930187,1.0267209903158983,0.0,247.48696890476484,247.7475191971094,0.0,0.0
176.6390817063022,6583.6883743006065,69.61861865374554,245.4003013346467,43566.53187959902,0.6184662489100639,314.03822238027846,0.2216883604997682,0.6,1.3569699349930187,1.026679742242308,0.0,247.55214303811323,247.81237668471607,0.0,0.0
176.78915739169412,6573.243485565213,69.57634188802425,245.46805281008636,43629.787224367086,0.6191932653227749,314.08157009513565,0.2215231599451999,0.6,1.3569699349930187,1.026638605149302,0.0,247.61728184219817,247.87719952457698,0.0,0.0
176.93923307708607,6562.804936644703,69.53413040429818,245.5357633841037,43693.078662036016,0.6199204958746611,314.12488566470984,0.2213582354583566,0.6,1.3569699349930187,1.0265975786285941,0.0,247.68238536262217,247.94198776016273,0.0,0.0
177.089308762478,6552.372717750829,69.49198403624953,245.6034331197877,43756.40618376431,0.6206479404671035,314.1681691426478,0.2211935863072645,0.6,1.3569699349930187,1.0265566622516114,0.0,247.74745364487092,248.00674143483002,0.0,0.0
177.23938444786992,6541.946819126882,69.44990262008456,245.67106208002386,43819.76978067782,0.62137559900111,314.2114205824267,0.2210292117687869,0.6,1.3569699349930187,1.0265158556479694,0.0,247.8124867344183,248.0714605919472,0.0,0.0
177.38946013326185,6531.527231038555,69.40788599195194,245.7386503275534,43883.169443924606,0.6221034713779454,314.2546400373921,0.22086511112037466,0.6,1.3569699349930187,1.0264751584303886,0.0,247.8774846766262,248.1361452747743,0.0,0.0
177.53953581865377,6521.113943771429,69.3659339872419,245.80619792498965,43946.60516468983,0.622831557499303,314.29782756076895,0.22070128363782635,0.6,1.3569699349930187,1.0264345701742472,0.0,247.94244751671766,248.2007955264312,0.0,0.0
177.68961150404573,6510.7069476404595,69.32404644331669,245.87370493475635,44010.07693413736,0.6235598572666337,314.3409832056217,0.22053772860400245,0.6,1.3569699349930187,1.026394090497289,0.0,248.007375299883,248.26541139002418,0.0,0.0
177.83968718943765,6500.30623298655,69.28222319855858,245.9411714191101,44073.58474343014,0.6242883705813796,314.3841070248694,0.22037444530578004,0.6,1.3569699349930187,1.0263537190319874,0.0,248.0722680712435,248.32999290860232,0.0,0.0
177.98976287482958,6489.911790169634,69.24046409041487,246.0085974401851,44137.12858377186,0.6250170973454534,314.42719907131396,0.22021143302781107,0.6,1.3569699349930187,1.0263134553684838,0.0,248.13712587577572,248.394540125067,0.0,0.0
178.1398385602215,6479.523609574966,69.19876895721245,246.07598305995225,44200.70844636801,0.6257460374607899,314.4702593976145,0.22004869105831054,0.6,1.3569699349930187,1.0262732991076153,0.0,248.20194875838186,248.45905308225645,0.0,0.0
178.28991424561343,6469.1416816171495,69.1571376393364,246.14332834019322,44264.324322400644,0.6264751908290579,314.5132880562707,0.2198862186928116,0.6,1.3569699349930187,1.0262332498955165,0.0,248.26673676393628,248.52353182300018,0.0,0.0
178.43998993100536,6458.7659967303225,69.11556997644688,246.21063334256397,44327.97620308804,0.6272045573523446,314.55628509966374,0.21972401522528268,0.6,1.3569699349930187,1.0261933073422889,0.0,248.33148993717757,248.5879763899909,0.0,0.0
178.5900656163973,6448.396545370027,69.07406580802797,246.2778981285827,44391.66407967267,0.6279341369330161,314.5992505800486,0.21956207994987684,0.6,1.3569699349930187,1.0261534710380384,0.0,248.3962083227302,248.65238682581008,0.0,0.0
178.74014130178924,6438.0333180224125,69.03262497604752,246.34512275957007,44455.387943364105,0.6286639294730645,314.642184549516,0.21940041216941045,0.6,1.3569699349930187,1.0261137406308853,0.0,248.46089196520782,248.7167631730509,0.0,0.0
178.89021698718116,6427.676305195136,68.99124732237964,246.41230729670826,44519.147785394525,0.6293939348747439,314.6850870600303,0.2192390111871385,0.6,1.3569699349930187,1.0260741157515663,0.0,248.52554090911386,248.78110547419968,0.0,0.0
179.0402926725731,6417.3254974149695,68.94993268812836,246.47945180105648,44582.943597032754,0.6301241530407304,314.7279581634398,0.21907787630459674,0.6,1.3569699349930187,1.0260345959935742,0.0,248.5901551988154,248.84541377160488,0.0,0.0
179.190368357965,6406.980885237188,68.90868091634678,246.5465563334901,44646.7753695261,0.6308545838734566,314.77079791143746,0.2189170068302671,0.6,1.3569699349930187,1.025995180993003,0.0,248.65473487864895,248.90968810760288,0.0,0.0
179.34044404335694,6396.642459242079,68.86749185106056,246.61362095472325,44710.64309412132,0.6315852272753519,314.8136063555761,0.21875640207645922,0.6,1.3569699349930187,1.0259558704000273,0.0,248.7192799928828,248.97392852447308,0.0,0.0
179.4905197287489,6386.310210028184,68.82636533534453,246.68064572535266,44774.54676210556,0.6323160831493106,314.85638354729605,0.2185960613531782,0.6,1.3569699349930187,1.0259166638224235,0.0,248.78379058564298,249.0381350643496,0.0,0.0
179.64059541414082,6375.984128218576,68.78530121314252,246.74763070581702,44838.48636476753,0.6330471513982483,314.89912953789957,0.2184359839739217,0.6,1.3569699349930187,1.0258775608790711,0.0,248.84826670098394,249.10230776930547,0.0,0.0
179.79067109953274,6365.664204464717,68.74429933040683,246.81457595637175,44902.4618933726,0.6337784319248161,314.94184437853494,0.21827616925930515,0.6,1.3569699349930187,1.025838561233591,0.0,248.91270838293266,249.1664466814051,0.0,0.0
179.94074678492467,6355.3504294368095,68.70335953234212,246.88148153715184,44966.473339222335,0.6345099246320823,314.98452812023646,0.21811661652827768,0.6,1.3569699349930187,1.025799664513334,0.0,248.97711567538275,249.23055184257788,0.0,0.0
180.0908224703166,6345.042793825708,68.66248166396936,246.9483475081592,45030.5206936421,0.635241629423391,315.0271808139168,0.2179573250999175,0.6,1.3569699349930187,1.025760870325958,0.0,249.04148862211642,249.29462329464457,0.0,0.0
180.24089815570852,6334.74128835196,68.6216655727548,247.01517392920428,45094.60394792452,0.6359735462017149,315.06980251032974,0.21779829430179998,0.6,1.3569699349930187,1.0257221783369788,0.0,249.10582726690615,249.358661079438,0.0,0.0
180.39097384110048,6324.445903756781,68.58091110603648,247.0819608599643,45158.723093384644,0.6367056748702858,315.1123932601074,0.21763952346179805,0.6,1.3569699349930187,1.025683588194036,0.0,249.1701316534156,249.42266523868534,0.0,0.0
180.5410495264924,6314.1566307997655,68.54021811037231,247.1487083599984,45222.87812137422,0.6374380153327591,315.15495311377026,0.21748101190600497,0.6,1.3569699349930187,1.0256450995076527,0.0,249.23440182517518,249.48663581397847,0.0,0.0
180.69112521188433,6303.873460268173,68.49958643424777,247.21541648868717,45287.069023223026,0.6381705674925419,315.19748212168855,0.2173227589673514,0.6,1.3569699349930187,1.02560671193119,0.0,249.29863782568623,249.5505728468984,0.0,0.0
180.84120089727625,6293.596382973389,68.45901592707528,247.2820853052557,45351.29579026047,0.6389033312530408,315.23998033409697,0.2171647639824149,0.6,1.3569699349930187,1.0255684251314459,0.0,249.36283969838283,249.61447637896953,0.0,0.0
180.99127658266818,6283.325389744309,68.41850643730211,247.34871486881644,45415.558413856335,0.6396363065181271,315.2824478011226,0.2170070262853957,0.6,1.3569699349930187,1.0255302387327767,0.0,249.4270074865595,249.6783464515734,0.0,0.0
181.1413522680601,6273.060471433599,68.37805781423513,247.41530523832876,45479.85688538142,0.6403694931916867,315.3248845727587,0.21684954521392186,0.6,1.3569699349930187,1.0254921523710447,0.0,249.4911412334415,249.7421831060325,0.0,0.0
181.29142795345206,6262.801618921404,68.337669909142,247.48185647257463,45544.19119618358,0.6411028911773478,315.36729069884984,0.2166923201125475,0.6,1.3569699349930187,1.025454165726321,0.0,249.55524098222742,249.80598638366078,0.0,0.0
181.44150363884398,6252.548823105855,68.29734257252133,247.5483686302204,45608.56133764665,0.6418365003791527,315.409666229131,0.2165353503240651,0.6,1.3569699349930187,1.0254162784421732,0.0,249.61930677598454,249.8697563256391,0.0,0.0
181.5915793242359,6242.302074905016,68.25707565468191,247.61484176980403,45672.96730117794,0.642570320701415,315.45201121321986,0.2163786351913467,0.6,1.3569699349930187,1.0253784901427894,0.0,249.68333865767153,249.93349297304204,0.0,0.0
181.74165500962783,6232.061365265763,68.21686900834077,247.68127594967757,45737.40907815195,0.6433043520480779,315.49432570058,0.2162221740656027,0.6,1.3569699349930187,1.0253408005100597,0.0,249.74733667023824,249.99719636695676,0.0,0.0
181.89173069501976,6221.826685154849,68.1767224860541,247.74767122806514,45801.886659965894,0.6440385943233481,315.5366097405585,0.2160659662982073,0.6,1.3569699349930187,1.0253032092075354,0.0,249.81130085652754,250.06086654836596,0.0,0.0
182.04180638041169,6211.598025556688,68.13663593958896,247.81402766307718,45866.40003805321,0.6447730474318479,315.57886338239445,0.2159100112387,0.6,1.3569699349930187,1.0252657158617637,0.0,249.87523125925145,250.12450355811953,0.0,0.0
182.19188206580364,6201.375377482575,68.09660922261997,247.88034531265083,45930.94920382523,0.6455077112779528,315.6210866751815,0.21575430824335562,0.6,1.3569699349930187,1.025228320142389,0.0,249.9391279210949,250.1881074370578,0.0,0.0
182.34195775119557,6191.158731967073,68.05664218970492,247.9466242345731,45995.534148692976,0.6462425857660379,315.66327966788293,0.2155988566719226,0.6,1.3569699349930187,1.0251910217318565,0.0,250.00299088467628,250.25167822596478,0.0,0.0
182.4920334365875,6180.94808006155,68.01673469442325,248.0128644865231,46060.15486410803,0.646977670800945,315.7054424093581,0.2154436558817052,0.6,1.3569699349930187,1.0251538202701351,0.0,250.06682019247722,250.31521596548416,0.0,0.0
182.64210912197942,6170.7434128404175,67.97688659120593,248.0790661260313,46124.811341522196,0.6477129662875217,315.74757494833733,0.2152887052333761,0.6,1.3569699349930187,1.0251167154091083,0.0,250.13061588691227,250.37872069620244,0.0,0.0
182.79218480737134,6160.544721404699,67.93709773639867,248.1452292104565,46189.503572364636,0.6484484721303632,315.7896773334067,0.21513400409435027,0.6,1.3569699349930187,1.025079706844341,0.0,250.19437801036986,250.44219245869763,0.0,0.0
182.9422604927633,6150.351996872668,67.8973679855582,248.2113537970466,46254.23154810066,0.6491841882344792,315.8317496130474,0.21497955183019155,0.6,1.3569699349930187,1.0250427942346774,0.0,250.25810660510965,250.50563129341677,0.0,0.0
183.09233617815522,6140.165230381858,67.85769719404635,248.27743994292547,46318.9952602185,0.649920114505145,315.87379183562723,0.21482534780649923,0.6,1.3569699349930187,1.0250059772199007,0.0,250.32180171328517,250.56903724070295,0.0,0.0
183.24241186354715,6129.984413097777,67.81808521959772,248.3434877050364,46383.794700173494,0.650656250847266,315.9158040493647,0.21467139139705887,0.6,1.3569699349930187,1.024969255497347,0.0,250.38546337704196,250.63241034091212,0.0,0.0
183.39248754893907,6119.809536205039,67.7785319197549,248.40949714019976,46448.629859443885,0.6513925971660125,315.957786302366,0.21451768197569293,0.6,1.3569699349930187,1.0249326287455525,0.0,250.44909163842027,250.69575063429713,0.0,0.0
183.542563234331,6109.640590905248,67.7390371512636,248.4754683051266,46513.500729544015,0.6521291533669694,315.9997386426338,0.21436421891433943,0.6,1.3569699349930187,1.0248960966061869,0.0,250.51268653933238,250.75905816098052,0.0,0.0
183.69263891972292,6099.4775684261285,67.69960077275829,248.54140125635948,46578.407301965526,0.6528659193554681,316.04166111802954,0.2142110015915752,0.6,1.3569699349930187,1.0248596587642622,0.0,250.57624812166478,250.82233296107637,0.0,0.0
183.84271460511488,6089.320460017853,67.66022264371436,248.6072960502962,46643.34956820036,0.6536028950368482,316.0835537762888,0.21405802938928464,0.6,1.3569699349930187,1.0248233149169814,0.0,250.6397764272387,250.8855750746431,0.0,0.0
183.9927902905068,6079.169256946732,67.62090262261701,248.67315274323087,46708.32751978052,0.654340080316909,316.1254166650475,0.2139053016868464,0.6,1.3569699349930187,1.0247870647190298,0.0,250.70327149774081,250.94878454160082,0.0,0.0
184.14286597589873,6069.023950501424,67.58164056879593,248.73897139131353,46773.34114823798,0.6550774751014535,316.16724983181643,0.2137528178669538,0.6,1.3569699349930187,1.0247509078374317,0.0,250.76673337479332,251.01196140181474,0.0,0.0
184.29294166129066,6058.884531996361,67.54243634345109,248.8047520505279,46838.3904450823,0.6558150792960358,316.20905332396694,0.21360057731886495,0.6,1.3569699349930187,1.0247148439823721,0.0,250.83016209999272,251.07510569514153,0.0,0.0
184.44301734668258,6048.75099276254,67.50328980697473,248.87049477675123,46903.475401859054,0.6565528928066225,316.2508271887696,0.21344857942990336,0.6,1.3569699349930187,1.0246788728270988,0.0,250.89355771480896,251.13821746130876,0.0,0.0
184.5930930320745,6038.623324149556,67.46420081956038,248.93619962574093,46968.59601013637,0.6572909155394415,316.29257147338535,0.21329682358738924,0.6,1.3569699349930187,1.0246429940261303,0.0,250.95692026060854,251.2012967399425,0.0,0.0
184.74316871746646,6028.50151753418,67.42516924373996,249.00186665307916,47033.752261449554,0.6580291474003532,316.33428622483075,0.21314530918668215,0.6,1.3569699349930187,1.0246072072913914,0.0,251.02024977875087,251.26434357068223,0.0,0.0
184.8932444028584,6018.385564311561,67.38619494182386,249.0674959142297,47098.94414735688,0.6587675882954834,316.3759714900139,0.2129940356230588,0.6,1.3569699349930187,1.024571512315559,0.0,251.08354631049167,251.3273579930653,0.0,0.0
185.0433200882503,6008.275455893194,67.34727777531883,249.13308746455115,47164.17165945238,0.6595062381313679,316.4176273157433,0.21284300228986636,0.6,1.3569699349930187,1.0245359087545785,0.0,251.14680989696114,251.39034004650134,0.0,0.0
185.19339577364224,5998.171183715965,67.30841760760268,249.1986413592384,47229.43478930721,0.6602450968142881,316.4592537486905,0.21269220858699947,0.6,1.3569699349930187,1.0245003963080002,0.0,251.21004057926558,251.45328977039267,0.0,0.0
185.34347145903416,5988.072739238426,67.26961430285354,249.26415765334656,47294.73352849293,0.6609841642505357,316.50085083540586,0.21254165391750132,0.6,1.3569699349930187,1.0244649746869507,0.0,251.27323839844675,251.51620720408644,0.0,0.0
185.4935471444261,5977.98011393462,67.2308677242484,249.32963640183124,47360.067868621176,0.6617234403468611,316.5424186223435,0.21239133768185225,0.6,1.3569699349930187,1.0244296435600118,0.0,251.3364033954145,251.57909238679386,0.0,0.0
185.64362282981804,5967.893299300282,67.19217773580287,249.39507765950822,47425.437801303065,0.6624629250100134,316.58395715583663,0.21224125928379847,0.6,1.3569699349930187,1.0243944026085352,0.0,251.39953561101626,251.64194535767314,0.0,0.0
185.79369851520997,5957.812286856121,67.15354420335977,249.46048148103213,47490.84331812741,0.6632026181464951,316.6254664820835,0.21209141813348015,0.6,1.3569699349930187,1.0243592515565103,0.0,251.46263508607464,251.70476615587398,0.0,0.0
185.9437742006019,5947.737068138745,67.11496699193665,249.5258479209553,47556.28441071901,0.6639425196632207,316.6669466471852,0.21194181363902453,0.6,1.3569699349930187,1.0243241900907856,0.0,251.5257018612875,251.76755482041887,0.0,0.0
186.09384988599382,5937.667634702738,67.07644596634951,249.59117703371447,47621.76107072512,0.6646826294673647,316.7083976971374,0.2117924452085212,0.6,1.3569699349930187,1.0242892178798255,0.0,251.58873597725218,251.83031139023146,0.0,0.0
186.24392557138574,5927.603978129095,67.03798099371973,249.65646887357573,47687.27328975968,0.6654229474657292,316.74981967779524,0.21164331225795868,0.6,1.3569699349930187,1.0242543346493438,0.0,251.65173747455952,251.89303590424868,0.0,0.0
186.39400125677767,5917.546090016479,66.99957194091876,249.72172349469162,47752.8210594601,0.6661634735653877,316.7912126349099,0.21149441420312776,0.6,1.3569699349930187,1.0242195401053753,0.0,251.71470639369838,251.95572840130708,0.0,0.0
186.54407694216962,5907.493961979293,66.9612186740087,249.78694095111337,47818.40437149916,0.6669042076738189,316.8325766141365,0.21134575045784929,0.6,1.3569699349930187,1.024184833917362,0.0,251.77764277503482,252.01838892011762,0.0,0.0
186.69415262756155,5897.447585656637,66.9229210609062,249.8521212967328,47884.0232175263,0.6676451496982426,316.87391166099707,0.21119732044240586,0.6,1.3569699349930187,1.0241502157986158,0.0,251.84054665891216,252.08101749938518,0.0,0.0
186.84422831295348,5887.406952708521,66.88467897028887,249.91726458530707,47949.6775891919,0.6683862995458956,316.91521782089677,0.21104912358007513,0.6,1.3569699349930187,1.024115685473421,0.0,251.90341808561053,252.14361417775999,0.0,0.0
186.9943039983454,5877.3720548098345,66.84649226982336,249.9823708704976,48015.36747818607,0.6691276571244683,316.95649513914844,0.21090115929151976,0.6,1.3569699349930187,1.0240812426234926,0.0,251.9662570952803,252.20617899375853,0.0,0.0
187.14437968373733,5867.342883656528,66.80836082800992,250.0474402058301,48081.092876197996,0.6698692223416465,316.9977436609474,0.21075342700062377,0.6,1.3569699349930187,1.0240468869437507,0.0,252.0290637280118,252.26871198584627,0.0,0.0
187.29445536912925,5857.319430968752,66.77028451513439,250.1124726446741,48146.853774894815,0.6706109951048727,317.0389634313585,0.21060592613750043,0.6,1.3569699349930187,1.0240126181712408,0.0,252.09183802387102,252.3312131924803,0.0,0.0
187.4445310545212,5847.301688481925,66.73226320064082,250.17746824030098,48212.650165979656,0.6713529753220012,317.0801544953533,0.21045865613017653,0.6,1.3569699349930187,1.0239784360056667,0.0,252.15458002280144,252.39368265199235,0.0,0.0
187.59460673991313,5837.289647948858,66.69429675376982,250.24242704587013,48278.48204117753,0.6720951629011391,317.12131689780125,0.21031161640661136,0.6,1.3569699349930187,1.0239443401286936,0.0,252.21728976464834,252.45612040261753,0.0,0.0
187.74468242530506,5827.283301148022,66.65638504603547,250.3073491143753,48344.34939218028,0.6728375577500249,317.1624506834356,0.21016480640252763,0.6,1.3569699349930187,1.023910330279091,0.0,252.27996728925152,252.51852648260484,0.0,0.0
187.89475811069698,5817.282639874888,66.61852794867487,250.3722344987009,48410.252210703286,0.6735801597766684,317.20355589688955,0.21001822555334135,0.6,1.3569699349930187,1.0238764061755206,0.0,252.3426126363503,252.58090093010395,0.0,0.0
188.0448337960889,5807.287655940089,66.58072533211093,250.43708325163368,48476.190488497,0.6743229688894806,317.2446325827035,0.20987187329246237,0.6,1.3569699349930187,1.023842567500197,0.0,252.40522584556365,252.64324378314134,0.0,0.0
188.19490948148086,5797.2983411782725,66.5429770686055,250.5018954258056,48542.16421728841,0.6750659849966141,317.285680785289,0.20972574905968075,0.6,1.3569699349930187,1.0238088139794754,0.0,252.46780695648957,252.70555507973873,0.0,0.0
188.3449851668728,5787.314687444295,66.50528303114345,250.56667107371823,48608.17338880533,0.6758092080062363,317.32670054894453,0.20957985229763437,0.6,1.3569699349930187,1.0237751453500787,0.0,252.53035600866338,252.7678348578634,0.0,0.0
188.49506085226471,5777.336686607291,66.46764309168974,250.63141024778147,48674.21799481555,0.6765526378269715,317.3676919178799,0.20943418244629797,0.6,1.3569699349930187,1.0237415613061496,0.0,252.59287304149348,252.83008315535136,0.0,0.0
188.64513653765664,5767.364330556861,66.43005712303888,250.69611300027321,48740.29802708523,0.6772962743674308,317.40865493619077,0.20928873894882744,0.6,1.3569699349930187,1.0237080615554708,0.0,252.65535809433,252.89230000998938,0.0,0.0
188.79521222304857,5757.397611206064,66.39252499973048,250.76077938332003,48806.413477358794,0.6780401175359875,317.4495896478469,0.20914352125444868,0.6,1.3569699349930187,1.0236746458474433,0.0,252.7178112064995,252.954485459556,0.0,0.0
188.9452879084405,5747.436520482622,66.35504659544694,250.82540944895416,48872.564337416676,0.6787841672414258,317.49049609672784,0.20899852881023234,0.6,1.3569699349930187,1.0236413138939313,0.0,252.78023241720808,253.01663954170624,0.0,0.0
189.09536359383245,5737.481050331076,66.31762178366623,250.8900032490996,48938.75059906062,0.6795284233927756,317.5313743266147,0.20885376106315567,0.6,1.3569699349930187,1.0236080653891118,0.0,252.84262176556615,253.0787622940008,0.0,0.0
189.24543927922437,5727.531192720931,66.28025044010883,250.95456083551923,49004.972254059394,0.6802728858987025,317.5722243811564,0.2087092174678286,0.6,1.3569699349930187,1.0235749000841246,0.0,252.90497929067934,253.14085375401467,0.0,0.0
189.3955149646163,5717.586939638043,66.24293244019245,251.0190822598707,49071.22929420527,0.6810175546681425,317.6130463039054,0.20856489747845072,0.6,1.3569699349930187,1.0235418177095759,0.0,252.96730503155445,253.20291395922473,0.0,0.0
189.54559065000822,5707.648283082868,66.20566765851662,251.08356757371763,49137.52171132544,0.68176242961043,317.6538401383248,0.2084208005471832,0.6,1.3569699349930187,1.0235088179597813,0.0,253.0295990270803,253.26494294698693,0.0,0.0
189.69566633540015,5697.7152150792435,66.168455971505,251.14801682847295,49203.84949722315,0.6825075106346369,317.6946059277526,0.20827692613248983,0.6,1.3569699349930187,1.0234759005734606,0.0,253.09186131612628,253.32694075465372,0.0,0.0
189.84574202079207,5687.787727670517,66.13129725626771,251.21243007542375,49270.21264370304,0.6832527976498571,317.7353437154176,0.2081332736955407,0.6,1.3569699349930187,1.023443065299117,0.0,253.15409193750008,253.38890741952358,0.0,0.0
189.99581770618403,5677.86581291376,66.09419138888683,251.2768073657689,49336.611142609225,0.6839982905656344,317.7760535444632,0.2079898426947987,0.6,1.3569699349930187,1.0234103118426543,0.0,253.2162909298846,253.4508429787658,0.0,0.0
190.14589339157595,5667.949462885932,66.05713824627064,251.34114875057904,49403.04498578394,0.6847439892914975,317.81673545792216,0.2078466325918711,0.6,1.3569699349930187,1.0233776399240608,0.0,253.27845833190676,253.5127474695024,0.0,0.0
190.29596907696788,5658.038669686738,66.02013770703341,251.40545428077814,49469.514165047854,0.6854898937367392,317.85738949870523,0.2077036428542818,0.6,1.3569699349930187,1.0233450493044383,0.0,253.34059418217038,253.57462092884728,0.0,0.0
190.4460447623598,5648.133425429969,65.9831896489176,251.46972400719955,49536.018672257625,0.6862360038110636,317.8980157096366,0.2075608729473344,0.6,1.3569699349930187,1.0233125397071636,0.0,253.40269851916094,253.6364633937926,0.0,0.0
190.59612044775173,5638.233722245698,65.9462939494611,251.53395798057176,49602.558499290906,0.686982319424416,317.93861413344484,0.20741832233621735,0.6,1.3569699349930187,1.0232801108382856,0.0,253.4647713812705,253.69827490123853,0.0,0.0
190.74619613314366,5628.339552288271,65.9094504884143,251.5981562514666,49669.13363799216,0.6877288404863763,317.97918481273064,0.20727599049362536,0.6,1.3569699349930187,1.0232477624606677,0.0,253.5268128068873,253.76005548809988,0.0,0.0
190.8962718185356,5618.4509077277735,65.87265914520017,251.66231887035462,49735.74408022963,0.6884755669067978,318.01972779000147,0.20713387689174423,0.6,1.3569699349930187,1.0232154943162282,0.0,253.58882283430214,253.82180519119447,0.0,0.0
191.04634750392754,5608.567780748363,65.83591979842028,251.7264458876159,49802.38981790619,0.689222498595928,318.06024310767884,0.20699198100069244,0.6,1.3569699349930187,1.0231833061107518,0.0,253.65080150169032,253.88352404722164,0.0,0.0
191.19642318931946,5598.690163556958,65.79923232848643,251.79053735348361,49869.07084290044,0.6899696354637497,318.1007308080627,0.20685030229681778,0.6,1.3569699349930187,1.023151197594698,0.0,253.7127488472091,253.94521209287825,0.0,0.0
191.3464988747114,5588.818048379328,65.76259661646137,251.8545933180694,49935.78714709259,0.6907169774202703,318.1411909333472,0.20670884025903796,0.6,1.3569699349930187,1.0231191685277223,0.0,253.77466490895497,254.0068693648077,0.0,0.0
191.4965745601033,5578.951427454427,65.72601254237253,251.91861383140017,50002.538722402256,0.6914645243759449,318.1816235256448,0.20656759436352284,0.6,1.3569699349930187,1.0230872186268731,0.0,253.83654972490191,254.06849589952637,0.0,0.0
191.64665024549524,5569.090293040547,65.689479987071,251.9825989433782,50069.32556074673,0.6922122762412097,318.2220286269603,0.20642656408955365,0.6,1.3569699349930187,1.023055347623731,0.0,253.89840333296996,254.1300917335052,0.0,0.0
191.7967259308872,5559.234637418038,65.65299883307578,252.04654870376348,50136.14765402187,0.6929602329262675,318.2624062791804,0.20628574892217977,0.6,1.3569699349930187,1.0230235552904856,0.0,253.96022577105666,254.19165690320713,0.0,0.0
191.94680161627912,5549.384452880793,65.61656896202044,252.11046316222877,50203.004994159535,0.693708394341731,318.3027565241084,0.20614514834416964,0.6,1.3569699349930187,1.0229918413614194,0.0,254.02201707694303,254.25319144497513,0.0,0.0
192.09687730167104,5539.5397317384595,65.5801902553345,252.1743423683456,50269.897573112205,0.6944567603984505,318.34307940345536,0.20600476183815755,0.6,1.3569699349930187,1.0229602055538523,0.0,254.08377728831928,254.31469539506247,0.0,0.0
192.24695298706297,5529.700466324308,65.54386259663099,252.23818637153286,50336.82538279914,0.6952053310069113,318.38337495880774,0.20586458889416262,0.6,1.3569699349930187,1.0229286476417707,0.0,254.14550644287243,254.3761687897374,0.0,0.0
192.3970286724549,5519.866648986756,65.50758586917185,252.301995221112,50403.78841516343,0.6959541060778724,318.4236432316625,0.20572462900160077,0.6,1.3569699349930187,1.0228971673778093,0.0,254.20720457819354,254.4376116651723,0.0,0.0
192.54710435784685,5510.038272087782,65.47135995539509,252.36576896631735,50470.786662182756,0.6967030855224865,318.4638842634336,0.205584881647795,0.6,1.3569699349930187,1.0228657644786345,0.0,254.26887173176058,254.4990240574235,0.0,0.0
192.69718004323877,5500.2153280115435,65.43518473953586,252.42950765624,50537.820115809925,0.6974522692516351,318.50409809541685,0.20544534632622813,0.6,1.3569699349930187,1.0228344387058528,0.0,254.33050794103485,254.5604060025457,0.0,0.0
192.8472557286307,5490.397809160401,65.39906010644594,252.4932113398537,50604.88876799975,0.698201657176229,318.544284768806,0.20530602253282135,0.6,1.3569699349930187,1.0228031898296914,0.0,254.39211324341773,254.6217575365409,0.0,0.0
192.99733141402263,5480.585707949399,65.36298593993521,252.55688006605087,50671.99261074642,0.6989512492076262,318.58444432471583,0.20516690976071095,0.6,1.3569699349930187,1.0227720175777661,0.0,254.45368767619044,254.68307869528604,0.0,0.0
193.14740709941455,5470.77901681238,65.32696212463532,252.62051388360248,50739.1316360411,0.6997010452571577,318.62457680415696,0.20502800750611472,0.6,1.3569699349930187,1.02274092169267,0.0,254.51523127658209,254.74436951461445,0.0,0.0
193.29748278480648,5460.977728204599,65.29098854680886,252.68411284114154,50806.305835853964,0.7004510452359277,318.6646822480253,0.204889315270875,0.6,1.3569699349930187,1.0227099019571102,0.0,254.57674408179992,254.80563003035158,0.0,0.0
193.44755847019843,5451.1818345943075,65.25506509182011,252.74767698721737,50873.515202191025,0.701201249055447,318.7047606971367,0.2047508325544959,0.6,1.3569699349930187,1.022678958115705,0.0,254.63822612893668,254.86686027820468,0.0,0.0
193.59763415559036,5441.391328465038,65.21919164483072,252.81120637028107,50940.759727078635,0.7019516566274611,318.7448121922175,0.20461255885633237,0.6,1.3569699349930187,1.0226480898964834,0.0,254.69967745499653,254.92806029379358,0.0,0.0
193.74770984098228,5431.606202323299,65.1833680931575,252.8747010386352,51008.03940250968,0.7027022678633488,318.7848367738734,0.20447449368300608,0.6,1.3569699349930187,1.02261729708399,0.0,254.76109809698113,254.98923011275318,0.0,0.0
193.8977855263742,5421.826448690191,65.14759432374359,252.93816104048867,51075.35422050139,0.7034530826747678,318.82483448262343,0.20433663654044573,0.6,1.3569699349930187,1.0225865794410218,0.0,254.82248809179777,255.05036977062412,0.0,0.0
194.04786121176613,5412.052060099881,65.1118702227064,253.00158642396616,51142.70417310488,0.7042041009737614,318.86480535890684,0.20419898693246497,0.6,1.3569699349930187,1.0225559366945696,0.0,254.88384747624286,255.11147930283278,0.0,0.0
194.19793689715806,5402.28302910815,65.07619567794802,253.06497723705291,51210.08925234638,0.7049553226721019,318.90474944304765,0.20406154436897092,0.6,1.3569699349930187,1.022525368616838,0.0,254.94517628709747,255.17255874480523,0.0,0.0
194.34801258255,5392.519348288372,65.04057057795391,253.1283335276209,51277.50945025436,0.7057067476815944,318.94466677527174,0.20392430836218206,0.6,1.3569699349930187,1.0224948749880796,0.0,255.00647456108382,255.23360813191533,0.0,0.0
194.49808826794194,5382.761010226119,65.00499481016176,253.19165534346354,51344.96475889637,0.7064583759144869,318.9845573957286,0.20378727842149835,0.6,1.3569699349930187,1.0224644555459301,0.0,255.06774233480584,255.29462749941374,0.0,0.0
194.64816395333386,5373.008007525246,64.96946826282984,253.25494273225647,51412.45517033665,0.7072102072829975,319.02442134446665,0.20365045405937449,0.6,1.3569699349930187,1.0224341100434604,0.0,255.12897964481763,255.35561688250962,0.0,0.0
194.7982396387258,5363.260332810393,64.93399082581135,253.3181957415412,51479.98067661853,0.7079622416991189,319.0642586614233,0.2035138347937504,0.6,1.3569699349930187,1.0224038382733542,0.0,255.1901865276517,255.4165763164041,0.0,0.0
194.94831532411771,5353.517978718693,64.89856238804914,253.3814144187789,51547.54126982128,0.7087144790752515,319.10406938645866,0.20337742014017432,0.6,1.3569699349930187,1.0223736399900345,0.0,255.2513630197281,255.477505836182,0.0,0.0
195.09839100950964,5343.7809379020755,64.86318283828533,253.4445988113355,51615.136942044024,0.7094669193240243,319.1438535593462,0.20324120961403297,0.6,1.3569699349930187,1.0223435149317093,0.0,255.31250915738048,255.5384054768427,0.0,0.0
195.2484666949016,5334.049203034849,64.82785206738983,253.50774896643247,51682.767685352475,0.7102195623577013,319.1836112197422,0.20310520273786564,0.6,1.3569699349930187,1.0223134628929538,0.0,255.37362497694082,255.59927527340133,0.0,0.0
195.39854238029352,5324.32276680537,64.79256996583719,253.5708649312009,51750.433491836695,0.7109724080888256,319.2233424072196,0.20296939903343306,0.6,1.3569699349930187,1.0222834836462027,0.0,255.43471051464803,255.66011526077952,0.0,0.0
195.54861806568545,5314.601621914596,64.75733642327499,253.63394675269075,51818.134353620495,0.7117254564303231,319.263047161274,0.20283379802036147,0.6,1.3569699349930187,1.0222535769282532,0.0,255.4957658066324,255.720925473787,0.0,0.0
195.69869375107737,5304.88576108455,64.72215133112383,253.69699447781616,51885.870262802484,0.7124787072948466,319.30272552128923,0.20269839922430768,0.6,1.3569699349930187,1.0222237425213931,0.0,255.55679088901041,255.78170594723437,0.0,0.0
195.8487694364693,5295.175177054266,64.6870145813553,253.76000815338156,51953.64121148368,0.7132321605950833,319.3423775265541,0.20256320217311719,0.6,1.3569699349930187,1.0221939802153812,0.0,255.61778579784024,255.8424567158803,0.0,0.0
195.99884512186122,5285.4698625744995,64.65192606488812,253.82298782611608,52021.44719180412,0.7139858162441624,319.38200321628386,0.20242820639178646,0.6,1.3569699349930187,1.0221642897573697,0.0,255.67875056906414,255.90317781436246,0.0,0.0
196.14892080725318,5275.769810413811,64.61688567346084,253.885933542634,52089.28819590005,0.7147396741551776,319.4216026295956,0.20229341140834237,0.6,1.3569699349930187,1.0221346709103942,0.0,255.7396852385763,255.96386927727863,0.0,0.0
196.2989964926451,5266.075013360934,64.58189330037204,253.94884534941954,52157.16421588702,0.7154937342410007,319.46117580549884,0.20215881675616248,0.6,1.3569699349930187,1.0221051234766139,0.0,255.80058984224993,256.02453113921877,0.0,0.0
196.44907217803703,5256.385464216608,64.54694883799853,254.01172329287962,52225.07524391653,0.7162479964149107,319.5007227829285,0.20202442196618212,0.6,1.3569699349930187,1.0220756472197536,0.0,255.8614644158476,256.08516343465817,0.0,0.0
196.59914786342895,5246.70115579592,64.51205217851897,254.0745674193289,52293.02127215948,0.7170024605904097,319.54024360073583,0.20189022656916575,0.6,1.3569699349930187,1.0220462418877054,0.0,255.92230899504767,256.1457661979889,0.0,0.0
196.74922354882088,5237.022080935751,64.47720321621317,254.13737777494129,52361.00229275346,0.7177571266806372,319.57973829765797,0.2017562301029198,0.6,1.3569699349930187,1.0220169072845788,0.0,255.98312361552755,256.206339463619,0.0,0.0
196.89929923421283,5227.348232486502,64.44240184494474,254.2001544058037,52429.01829786038,0.7185119945990109,319.61920691235173,0.2016224321043904,0.6,1.3569699349930187,1.0219876431919541,0.0,256.043908312873,256.2668832658642,0.0,0.0
197.04937491960476,5217.67960331074,64.40764795774979,254.26289735792474,52497.06927967567,0.719267064259328,319.65864948339936,0.20148883210837262,0.6,1.3569699349930187,1.0219584493559484,0.0,256.10466312256335,256.32739763893045,0.0,0.0
197.19945060499668,5208.01618629157,64.37294144942618,254.32560667718067,52565.15523036943,0.7200223355751125,319.6980660492744,0.20135542965563172,0.6,1.3569699349930187,1.0219293255684434,0.0,256.1653880800654,256.3878826170257,0.0,0.0
197.3495262903886,5198.357974328543,64.33828221529161,254.38828240934157,52633.27614211419,0.7207778084599229,319.7374566483583,0.20122222428900388,0.6,1.3569699349930187,1.0219002716282248,0.0,256.2260832207884,256.44833823430633,0.0,0.0
197.49960197578054,5188.70496033248,64.3036701496062,254.4509246001052,52701.4320071215,0.7215334828277589,319.77682131896194,0.20108921554844778,0.6,1.3569699349930187,1.0218712872914788,0.0,256.28674858002796,256.50876452480986,0.0,0.0
197.64967766117246,5179.057137231545,64.2691051474499,254.5135332950574,52769.62281759865,0.7222893585925798,319.81616009930065,0.20095640297693151,0.6,1.3569699349930187,1.0218423723307333,0.0,256.34738419303324,256.5691615225354,0.0,0.0
197.79975334656442,5169.414497973485,64.23458710542849,254.5761085396578,52837.848565732435,0.7230454356681264,319.8554730274853,0.20082378612264293,0.6,1.3569699349930187,1.0218135265571442,0.0,256.4079900950332,256.6295292614746,0.0,0.0
197.94982903195634,5159.777035517593,64.20011591921538,254.63865037929168,52906.10924374556,0.7238017139685453,319.89476014155525,0.20069136453128042,0.6,1.3569699349930187,1.0217847497432706,0.0,256.46856632114776,256.689867775506,0.0,0.0
198.09990471734827,5150.144742837073,64.16569148428897,254.70115885925475,52974.40484387971,0.7245581934082007,319.93402147946847,0.20055913774836465,0.6,1.3569699349930187,1.0217560416462206,0.0,256.52911290641475,256.7501770984269,0.0,0.0
198.2499804027402,5140.517612926357,64.13131369820279,254.76363402470582,53042.73535834337,0.7253148739010974,319.9732570790722,0.200427105326351,0.6,1.3569699349930187,1.0217274020791696,0.0,256.589629885872,256.8104572640511,0.0,0.0
198.40005608813212,5130.8956387929065,64.09698245807431,254.82607592071975,53111.10077936933,0.7260717553615172,320.01246697813616,0.20029526681675663,0.6,1.3569699349930187,1.0216988308323833,0.0,256.6501172944668,256.8707083061011,0.0,0.0
198.55013177352404,5121.278813455912,64.06269766019332,254.88848459229598,53179.501099223846,0.7268288377041205,320.051651214358,0.20016362176893332,0.6,1.3569699349930187,1.021670327660842,0.0,256.7105751670423,256.9309302581919,0.0,0.0
198.700207458916,5111.667129954603,64.02845920260093,254.95086008430468,53247.93631014724,0.7275861208432886,320.09080982532964,0.20003216973814592,0.6,1.3569699349930187,1.02164189236556,0.0,256.77100353843025,256.99112315394115,0.0,0.0
198.85028314430792,5102.060581344115,63.99426698382763,255.01320244151344,53316.40640438276,0.728343604693443,320.1299428485539,0.19990091028161597,0.6,1.3569699349930187,1.021613524753898,0.0,256.8314024434059,257.05128702691576,0.0,0.0
199.00035882969985,5092.459160690421,63.96012090134229,255.07551170862027,53384.911374212395,0.7291012891694418,320.16905032146576,0.1997698429536619,0.6,1.3569699349930187,1.0215852245906243,0.0,256.8917719166326,257.11142191056535,0.0,0.0
199.15043451509177,5082.862861076389,63.926020853434096,255.13778793021422,53453.45121191359,0.7298591741861012,320.2081322814071,0.19963896731159306,0.6,1.3569699349930187,1.0215569916573113,0.0,256.95211199272933,257.17152783830335,0.0,0.0
199.3005102004837,5073.271675603906,63.891966739884765,255.2000311507616,53522.02590974329,0.7306172596580186,320.24718876561855,0.19950828291781136,0.6,1.3569699349930187,1.0215288257736665,0.0,257.01242270629507,257.2316048435354,0.0,0.0
199.45058588587563,5063.685597385957,63.85795845953363,255.26224141465738,53590.635459994606,0.7313755455001993,320.28621981127185,0.19937778933218492,0.6,1.3569699349930187,1.021500726720638,0.0,257.0727040918218,257.2916529595558,0.0,0.0
199.60066157126758,5054.104619549026,63.82399591102868,255.3244187662097,53659.279854979024,0.73213403162786,320.32522545546,0.1992474861143996,0.6,1.3569699349930187,1.0214726942641128,0.0,257.1329561837215,257.35167221957977,0.0,0.0
199.7507372566595,5044.528735240285,63.790078995067795,255.38656324959305,53727.959086974784,0.7328927179558574,320.36420573516807,0.19911737283097236,0.6,1.3569699349930187,1.0214447282258923,0.0,257.19317901640653,257.4116626568391,0.0,0.0
199.90081294205143,5034.957937619449,63.75620761189353,255.44867490890127,53796.67314828475,0.7336516043993297,320.40316068730647,0.19898744904740692,0.6,1.3569699349930187,1.0214168284044918,0.0,257.2533726242004,257.4716243044757,0.0,0.0
200.05088862744336,5025.392219857558,63.72238166092133,255.51075378815534,53865.422031244925,0.7344106908737881,320.442090348716,0.19885771432703006,0.6,1.3569699349930187,1.0213889945633239,0.0,257.31353704132437,257.5315571955257,0.0,0.0
200.20096431283528,5015.83157514521,63.688601043307905,255.57279993125005,53934.205728164925,0.735169977294461,320.4809947561346,0.1987281682390272,0.6,1.3569699349930187,1.0213612265121048,0.0,257.3736723019896,257.5914613630292,0.0,0.0
200.3510399982272,5006.275996688378,63.65486566066977,255.63481338198108,54003.02423135774,0.7359294635766224,320.519873946214,0.19859881035442942,0.6,1.3569699349930187,1.021333524066342,0.0,257.43377844035155,257.6513368399758,0.0,0.0
200.50111568361916,4996.725477703461,63.62117541355838,255.6967941840771,54071.877533175,0.7366891496359811,320.5587279555403,0.19846964024134225,0.6,1.3569699349930187,1.0213058869989644,0.0,257.4938554904557,257.71118365923985,0.0,0.0
200.6511913690111,4987.1800114233365,63.587530203346404,255.7587423811606,54140.76562596307,0.7374490353881954,320.59755682060944,0.19834065747084542,0.6,1.3569699349930187,1.021278315100163,0.0,257.55390348630493,257.771001853661,0.0,0.0
200.801267054403,4977.639591099344,63.55392993286661,255.82065801673485,54209.68850204835,0.7382091207487125,320.63636057781895,0.19821186161898807,0.6,1.3569699349930187,1.0212508081977796,0.0,257.61392246188274,257.83079145607144,0.0,0.0
200.95134273979494,4968.1042099934975,63.52037450399992,255.88254113423457,54278.646153793154,0.738969405633383,320.6751392635,0.19808325225924353,0.6,1.3569699349930187,1.0212233660807306,0.0,257.67391245106717,257.8905524991934,0.0,0.0
201.10141842518686,4958.573861380914,63.48686381844018,255.94439177701008,54347.6385735779,0.7397298899582662,320.7138929139073,0.19795482896490127,0.6,1.3569699349930187,1.0211959885232726,0.0,257.7338734876585,257.95028501567236,0.0,0.0
201.2514941105788,4949.048538556872,63.453397779906325,256.0062099882816,54416.66575374977,0.7404905736390631,320.75262156519074,0.19782659131598046,0.6,1.3569699349930187,1.0211686753554168,0.0,257.793805605458,258.0099890381704,0.0,0.0
201.40156979597074,4939.528234828734,63.41997629164366,256.06799581119157,54485.72768668061,0.7412514565917547,320.79132525342817,0.19769853889141573,0.6,1.3569699349930187,1.021141426383519,0.0,257.8537088381791,258.0696645992607,0.0,0.0
201.55164548136267,4930.012943514799,63.38659925607131,256.12974928881204,54554.82436477515,0.7420125387326928,320.83000401463005,0.19757067126795547,0.6,1.3569699349930187,1.021114241379017,0.0,257.9135832194355,258.12931173141305,0.0,0.0
201.7017211667546,4920.502657952456,63.353266577340136,256.19147046409194,54623.955780411496,0.7427738199779441,320.8686578847067,0.19744298802815446,0.6,1.3569699349930187,1.0210871201599243,0.0,257.9734287828317,258.1889304671019,0.0,0.0
201.85179685214652,4910.997371493963,63.3199781600321,256.2531593798844,54693.121925971405,0.7435353002436242,320.9072868994852,0.1973154887563062,0.6,1.3569699349930187,1.021060062549492,0.0,258.0332455619173,258.2485208387518,0.0,0.0
202.00187253753845,4901.497077501618,63.28673390766113,256.31481607897786,54762.32279387498,0.7442969794462793,320.9458910947293,0.197188173033758,0.6,1.3569699349930187,1.0210330683284088,0.0,258.09303359013387,258.3080828786738,0.0,0.0
202.1519482229304,4892.001769353769,63.253533724563674,256.3764406040575,54831.558376536865,0.7450588575024034,320.98447050611486,0.197061040444817,0.6,1.3569699349930187,1.0210061372950894,0.0,258.1527929008823,258.36761661914613,0.0,0.0
202.30202390832233,4882.51144044672,63.22037751650467,256.4380329976925,54900.828666351736,0.7458209343282797,321.02302516922254,0.19693409057863992,0.6,1.3569699349930187,1.020979269285109,0.0,258.21252352754414,258.4271220924393,0.0,0.0
202.45209959371425,4873.026084187029,63.187265188288315,256.4995933023862,54970.133655750295,0.7465832098405962,321.06155511956865,0.19680732302176862,0.6,1.3569699349930187,1.0209524640949639,0.0,258.27222550339764,258.4865993307157,0.0,0.0
202.60217527910618,4863.545693993978,63.154196644536434,256.56112156055997,55039.47333718097,0.7473456839562443,321.10006039259576,0.1966807373605611,0.6,1.3569699349930187,1.02092572150689,0.0,258.3318988616451,258.54604836606285,0.0,0.0
202.7522509644981,4854.070263306505,63.12117179187178,256.62261781450826,55108.84770305875,0.7481083565917558,321.13854102364417,0.1965543331880069,0.6,1.3569699349930187,1.0208990413587147,0.0,258.3915436354902,258.60546923058513,0.0,0.0
202.90232664989003,4844.599785575193,63.08819053642585,256.68408210645066,55178.25674582364,0.7488712276639463,321.1769970479848,0.19642811009594277,0.6,1.3569699349930187,1.0208724234642517,0.0,258.45115985805063,258.6648619562992,0.0,0.0
203.05240233528198,4835.134254261182,63.055252783505324,256.7455144785389,55247.70045794822,0.7496342970899983,321.2154285008234,0.19630206767401176,0.6,1.3569699349930187,1.0208458676025807,0.0,258.5107475623457,258.72422657512027,0.0,0.0
203.2024780206739,4825.673662844258,63.022358440139634,256.80691497280424,55317.17883187806,0.7503975647868053,321.25383541726814,0.19617620551761367,0.6,1.3569699349930187,1.0208193735996287,0.0,258.57030678138716,258.783563118969,0.0,0.0
203.35255370606583,4816.218004818588,62.989507413761295,256.8682836311854,55386.69186006276,0.7511610306713143,321.2922178323467,0.1960505232237832,0.6,1.3569699349930187,1.0207929412860122,0.0,258.6298375481324,258.84287161971685,0.0,0.0
203.50262939145776,4806.767273688,62.95669961073235,256.92962049555894,55456.23953499,0.7519246946608987,321.3305757810256,0.19592502038659065,0.6,1.3569699349930187,1.0207665704498008,0.0,258.6893398954327,258.90215210912345,0.0,0.0
203.65270507684968,4797.321462971984,62.9239349382391,256.9909256077005,55525.82184914167,0.7526885566728773,321.36890929818594,0.19579969660305374,0.6,1.3569699349930187,1.02074026089726,0.0,258.7488138561003,258.96140461891724,0.0,0.0
203.8027807622416,4787.880566207467,62.89121330486539,257.05219900927307,55595.438794979884,0.7534526166243597,321.40721841861637,0.19567455147492308,0.6,1.3569699349930187,1.0207140124713243,0.0,258.80825946292873,259.02062918081907,0.0,0.0
203.95285644763356,4778.444576941244,62.85853461822601,257.1134407418764,55665.09036500273,0.7542168744328596,321.44550317704363,0.19554958460129773,0.6,1.3569699349930187,1.0206878249756972,0.0,258.86767674860965,259.0798258264432,0.0,0.0
204.1029321330255,4769.013488732473,62.82589878575855,257.17465084703053,55734.77655172564,0.7549813300160894,321.4837636081226,0.19542479558109535,0.6,1.3569699349930187,1.0206616982002283,0.0,258.9270657457609,259.13899458733096,0.0,0.0
204.25300781841742,4759.587295159475,62.79330571687786,257.2358293661318,55804.49734763063,0.7557459832914034,321.5219997464089,0.19530018401976926,0.6,1.3569699349930187,1.0206356319901944,0.0,258.9864264870023,259.19813549504073,0.0,0.0
204.40308350380934,4750.1659898117905,62.760755320490595,257.29697634050433,55874.2527452249,0.7565108341764413,321.5602116263911,0.1951757495215546,0.6,1.3569699349930187,1.020609626166501,0.0,259.04575900486867,259.2572485810444,0.0,0.0
204.55315918920127,4740.749566289162,62.72824750468047,257.3580918114068,55944.042737047836,0.7572758825892038,321.59839928249477,0.19505149168848768,0.6,1.3569699349930187,1.0205836805155095,0.0,259.1050633317988,259.31633387671417,0.0,0.0
204.7032348745932,4731.338018209541,62.69578217924527,257.4191758199802,56013.86731561176,0.7580411284474036,321.6365627490505,0.19492741012831372,0.6,1.3569699349930187,1.020557794870701,0.0,259.1643395002248,259.3753914134289,0.0,0.0
204.85331055998515,4721.931339204795,62.663359254358696,257.48022840727583,56083.72647343293,0.7588065716688058,321.6747020603107,0.19480350445031253,0.6,1.3569699349930187,1.0205319690696948,0.0,259.22358754252514,259.43442122251815,0.0,0.0
205.00338624537707,4712.529522916095,62.63097863912194,257.54124961428533,56153.62020306586,0.7595722121716029,321.7128172504692,0.1946797742607832,0.6,1.3569699349930187,1.0205062029075909,0.0,259.2828074909741,259.4934233352021,0.0,0.0
205.153461930769,4703.132562999884,62.59864024346259,257.6022394819018,56223.5484970586,0.7603380498739253,321.75090835363636,0.1945562191689617,0.6,1.3569699349930187,1.0204804961981466,0.0,259.34199937780863,259.55239778267077,0.0,0.0
205.30353761616092,4693.7404531295615,62.566343978675505,257.66319805090893,56293.51134793993,0.7611040846937015,321.78897540383286,0.1944328387887035,0.6,1.3569699349930187,1.0204548487913083,0.0,259.4011632352474,259.6113445961071,0.0,0.0
205.45361330155285,4684.353186988014,62.534089755078746,257.72412536202944,56363.508748274326,0.7618703165492592,321.8270184350196,0.1943096327311781,0.6,1.3569699349930187,1.0204292604976353,0.0,259.46029909540863,259.6702638065886,0.0,0.0
205.60368898694477,4674.97075827014,62.50187748281864,257.7850214559087,56433.54069064331,0.7626367453591216,321.86503748108805,0.19418660060737752,0.6,1.3569699349930187,1.020403731114243,0.0,259.5194069903387,259.7291554451218,0.0,0.0
205.75376467233673,4665.593160689532,62.46970707399575,257.8458863730715,56503.60716759516,0.763403371041457,321.9030325758328,0.19406374203473634,0.6,1.3569699349930187,1.0203782604935134,0.0,259.57848695208696,259.78801954273104,0.0,0.0
205.90384035772865,4656.220387970598,62.437578440186094,257.9067201539728,56573.70817170299,0.7641701935147138,321.94100375298365,0.19394105662940875,0.6,1.3569699349930187,1.0203528484630946,0.0,259.6375390126183,259.8468561303545,0.0,0.0
206.05391604312058,4646.8524338475945,62.40549149214501,257.9675228390045,56643.84369557246,0.764937212697706,321.9789510462097,0.1938185440053462,0.6,1.3569699349930187,1.0203274948162953,0.0,259.6965632038039,259.905665238833,0.0,0.0
206.2039917285125,4637.489292072579,62.3734461423337,258.0282944684435,56714.01373178131,0.76570442850895,322.01687448908723,0.1936962037821638,0.6,1.3569699349930187,1.0203021993938033,0.0,259.7555595575094,259.9644468990147,0.0,0.0
206.35406741390443,4628.130956411071,62.341442303562765,258.0890350824799,56784.2182729119,0.7664718408670227,322.05477411511714,0.19357403558091357,0.6,1.3569699349930187,1.020276962039908,0.0,259.8145281055473,260.0232011416992,0.0,0.0
206.50414309929636,4618.777420637541,62.309479887568685,258.1497447212463,56854.45731158453,0.7672394496909234,322.09264995774356,0.19345203901965252,0.6,1.3569699349930187,1.0202517825564021,0.0,259.8734688796279,260.0819279975781,0.0,0.0
206.6542187846883,4609.428678541375,62.27755880691684,258.21042342477926,56924.73084041266,0.7680072548995868,322.13050205032954,0.1933302137193659,0.6,1.3569699349930187,1.0202266607642052,0.0,259.93238191142575,260.14062749731477,0.0,0.0
206.80429447008024,4600.084723928441,62.2456789755103,258.27107123300874,56995.03885199047,0.7687752564117445,322.1683304261507,0.19320855930554792,0.6,1.3569699349930187,1.0202015965199338,0.0,259.9912672325973,260.199299671565,0.0,0.0
206.95437015547216,4590.745550613728,62.21384030626804,258.3316881858064,57065.38133894831,0.7695434541465331,322.2061351184256,0.19308707540097456,0.6,1.3569699349930187,1.020176589640681,0.0,260.0501248747005,260.2579445508814,0.0,0.0
207.1044458408641,4581.411152423905,62.18204271194317,258.3922743229684,57135.7582939326,0.770311848023273,322.24391616030476,0.19296576162825008,0.6,1.3569699349930187,1.0201516399304977,0.0,260.1089548692231,260.316562165747,0.0,0.0
207.254521526256,4572.081523203882,62.150286107220474,258.45282968417325,57206.16970955688,0.7710804379609347,322.28167358484467,0.1928446176163307,0.6,1.3569699349930187,1.0201267472485391,0.0,260.16775724765625,260.37515254666266,0.0,0.0
207.40459721164797,4562.756656808982,62.11857040624448,258.5133543090325,57276.615578459685,0.7718492238787705,322.31940742503934,0.1927236429928321,0.6,1.3569699349930187,1.0201019114288787,0.0,260.2265320414082,260.43371572404465,0.0,0.0
207.5546728970399,4553.436547104061,62.08689552234171,258.57384823709646,57347.09589331168,0.7726182056963924,322.357117713824,0.19260283738316591,0.6,1.3569699349930187,1.0200771322714466,0.0,260.2852792817953,260.4922517282135,0.0,0.0
207.70474858243182,4544.121187971364,62.055261370536634,258.63431150780303,57417.610646755355,0.7733873833331135,322.3948044840432,0.19248220041836323,0.6,1.3569699349930187,1.0200524096238173,0.0,260.3439990001289,260.5507605894979,0.0,0.0
207.85482426782374,4534.810573306167,62.02366786617738,258.6947441605063,57488.159831438075,0.7741567567083093,322.4324677684688,0.192361731730798,0.6,1.3569699349930187,1.0200277433366287,0.0,260.40269122766864,260.60924233817843,0.0,0.0
208.00489995321567,4525.504697012363,61.99211492353667,258.7551462345048,57558.743440045095,0.7749263257417774,322.4701075998177,0.1922414309498364,0.6,1.3569699349930187,1.0200031332180508,0.0,260.46135599557323,260.66769700442944,0.0,0.0
208.1549756386076,4516.203553008412,61.960602457719,258.81551776900346,57629.36146525434,0.7756960903532448,322.5077240107279,0.19212129770776573,0.6,1.3569699349930187,1.0199785790958484,0.0,260.51999333496735,260.7261246183985,0.0,0.0
208.30505132399955,4506.907135228794,61.92913038513756,258.87585880310354,57700.01389972478,0.7764660504622402,322.54531703375244,0.19200133164127461,0.6,1.3569699349930187,1.0199540808329994,0.0,260.5786032769581,260.78452521022587,0.0,0.0
208.45512700939148,4497.615437616768,61.89769862121463,258.9361693758499,57770.7007361511,0.7772362059886908,322.58288670138927,0.1918815323843032,0.6,1.3569699349930187,1.0199296382528062,0.0,260.6371858525553,260.84289880994965,0.0,0.0
208.6052026947834,4488.32845412695,61.86630708121291,258.99644952621446,57841.42196724444,0.7780065568527126,322.6204330460704,0.19176189957062753,0.6,1.3569699349930187,1.0199052511659612,0.0,260.6957410927009,260.9012454475407,0.0,0.0
208.75527838017533,4479.046178731755,61.83495568230459,259.0566992930541,57912.177585682344,0.7787771029740638,322.6579561001362,0.1916424328402869,0.6,1.3569699349930187,1.0198809194380758,0.0,260.75426902834033,260.95956515298764,0.0,0.0
208.90535406556725,4469.768605413639,61.80364434110653,259.1169187151611,57982.96758416786,0.7795478442727899,322.6954558958666,0.19152313183192296,0.6,1.3569699349930187,1.019856642909341,0.0,260.81276969033746,261.0178579561956,0.0,0.0
209.05542975095918,4460.495728164266,61.77237297342058,259.1771078312686,58053.79195543576,0.7803187806692907,322.7329324654848,0.19140399618197293,0.6,1.3569699349930187,1.0198324213860048,0.0,260.871243109466,261.07612388697555,0.0,0.0
209.20550543635113,4451.227540992306,61.741141496739004,259.23726667999995,58124.65069219257,0.7810899120836677,322.7703858411256,0.19128502553245175,0.6,1.3569699349930187,1.0198082547222265,0.0,260.92968931649597,261.134362975148,0.0,0.0
209.35558112174306,4441.964037919045,61.70994982885259,259.2973952998971,58195.543787149654,0.7818612384360839,322.8078160548532,0.1911662195266254,0.6,1.3569699349930187,1.0197841427746897,0.0,260.98810834214595,261.1925752504853,0.0,0.0
209.50565680713498,4432.705212974061,61.678797886475884,259.35749372944895,58266.47123305638,0.7826327596471249,322.84522313867905,0.1910475778047414,0.6,1.3569699349930187,1.019760085357643,0.0,261.0465002170357,261.2507607426554,0.0,0.0
209.6557324925269,4423.451060201162,61.647685587158314,259.41756200705237,58337.43302265407,0.7834044756372979,322.88260712453723,0.19092910000996285,0.6,1.3569699349930187,1.0197360823053958,0.0,261.10486497175214,261.308919481301,0.0,0.0
209.80580817791883,4414.20157365974,61.616612849729655,259.4776001710039,58408.42914866563,0.784176386326919,322.91996804428004,0.19081078578974883,0.6,1.3569699349930187,1.0197121334869899,0.0,261.16320263686526,261.36705149605746,0.0,0.0
209.95588386331076,4404.956747417622,61.58557959202235,259.5376082595458,58479.459603849624,0.7849484916367008,322.95730592970585,0.19069263478878204,0.6,1.3569699349930187,1.01968823873165,0.0,261.22151324284926,261.4251568164596,0.0,0.0
210.1059595487027,4395.716575553692,61.554585731715896,259.597586310849,58550.52438098041,0.7857207914875372,322.99462081254956,0.1905746466515899,0.6,1.3569699349930187,1.0196643978564068,0.0,261.279796820112,261.4832354719765,0.0,0.0
210.25603523409464,4386.481052164207,61.523631188377564,259.6575343629725,58621.623472799016,0.786493285799968,323.03191272445645,0.19045682102887684,0.6,1.3569699349930187,1.0196406107330402,0.0,261.33805339906553,261.5412874920954,0.0,0.0
210.40611091948657,4377.250171355098,61.49271588100474,259.7174524539129,58692.756872072074,0.7872659744948216,323.0691816970135,0.19033915756989453,0.6,1.3569699349930187,1.01961687720757,0.0,261.3962830100416,261.59931290622114,0.0,0.0
210.5561866048785,4368.0239272412055,61.46183972778315,259.77734062160965,58763.924571597614,0.7880388574932761,323.10642776175297,0.19022165592169182,0.6,1.3569699349930187,1.019593197092275,0.0,261.4544856832833,261.65731174366596,0.0,0.0
210.70626229027042,4358.802313953998,61.43100264858175,259.8371989038948,58835.12656414512,0.7888119347162078,323.1436509501206,0.19010431573685488,0.6,1.3569699349930187,1.0195695702476089,0.0,261.5126614490313,261.7152840337526,0.0,0.0
210.85633797566234,4349.5853256371565,61.400204563543454,259.8970273385215,58906.36284248928,0.78958520608456,323.180851293494,0.18998713666913195,0.6,1.3569699349930187,1.019545996536016,0.0,261.5708103374754,261.77322980575593,0.0,0.0
211.0064136610543,4340.372956442345,61.36944539173447,259.95682596319205,58977.63339944251,0.7903586715196937,323.21802882319963,0.1898701183692435,0.6,1.3569699349930187,1.01952247577754,0.0,261.62893237870804,261.83114908884835,0.0,0.0
211.15648934644622,4331.165200535141,61.338725053059306,260.01659481551866,59048.93822780897,0.7911323309428904,323.25518357048884,0.18975326049082156,0.6,1.3569699349930187,1.0194990078127573,0.0,261.6870276027907,261.8890419121781,0.0,0.0
211.30656503183815,4321.962052096269,61.30804346867503,260.0763339330159,59120.27732037427,0.7919061842752385,323.29231556653315,0.18963656269169168,0.6,1.3569699349930187,1.0194755925164865,0.0,261.745096039768,261.94690830488634,0.0,0.0
211.45664071723007,4312.763505314576,61.27740055873536,260.1360433531463,59191.650669960145,0.7926802314382283,323.3294248424524,0.1895200246268764,0.6,1.3569699349930187,1.0194522297235984,0.0,261.8031377195903,262.00474829601507,0.0,0.0
211.606716402622,4303.569554389668,61.24679624324802,260.19572311330296,59263.058269403395,0.7934544723535222,323.3665114293045,0.18940364595125367,0.6,1.3569699349930187,1.019428919257189,0.0,261.86115267214365,262.06256191454236,0.0,0.0
211.75679208801395,4294.380193538107,61.21623044408718,260.2553732507695,59334.500111507536,0.7942289069424308,323.4035753580601,0.18928742632579404,0.6,1.3569699349930187,1.0194056609949262,0.0,261.9191409273184,262.12034918946455,0.0,0.0
211.90686777340588,4285.195416985789,61.18570308254316,260.3149938027695,59405.97618910187,0.7950035351265539,323.44061665963363,0.1891713654099625,0.6,1.3569699349930187,1.0193824547883827,0.0,261.9771025149258,262.17811014969647,0.0,0.0
212.0569434587978,4276.015218967219,61.155214079098236,260.3745848064713,59477.48649504688,0.7957783568278378,323.47763536488634,0.18905546286102431,0.6,1.3569699349930187,1.019359300455598,0.0,262.03503746469033,262.2358448240624,0.0,0.0
212.20701914418973,4266.839593733176,61.124763355911064,260.4341462989382,59549.03102217419,0.7965533719679262,323.51463150459534,0.18893971834174314,0.6,1.3569699349930187,1.0193361978630493,0.0,262.092945806335,262.2935532413975,0.0,0.0
212.35709482958165,4257.668535546258,61.094350835390266,260.49367831715705,59620.60976332082,0.7973285804685295,323.5516051094715,0.18882413151595834,0.6,1.3569699349930187,1.0193131468786703,0.0,262.1508275695324,262.3512354304899,0.0,0.0
212.50717051497358,4248.502038676754,61.06397643886767,260.5531808980657,59692.22271136163,0.798103982251778,323.5885562101764,0.18870870204447387,0.6,1.3569699349930187,1.0192901473280358,0.0,262.2086827838598,262.40889142002663,0.0,0.0
212.65724620036553,4239.340097408545,61.03364008851699,260.612654078514,59763.86985916237,0.7988795772397118,323.6254848372985,0.18859342959100217,0.6,1.3569699349930187,1.0192671990577153,0.0,262.2665114788644,262.466521238672,0.0,0.0
212.80732188575746,4230.182706040262,61.00334170773734,260.6720978952569,59835.5511995709,0.7996553653541874,323.6623910213484,0.18847831382334942,0.6,1.3569699349930187,1.019244301948045,0.0,262.32431368407737,262.5241249150833,0.0,0.0
212.9573975711494,4221.029858878339,60.97308121891886,260.73151238499906,59907.26672547096,0.8004313465174582,323.69927479278715,0.18836335440649402,0.6,1.3569699349930187,1.0192214558392734,0.0,262.3820894289369,262.5817024778201,0.0,0.0
213.1074732565413,4211.881550239686,60.94285854431291,260.7908975843777,59979.016429760995,0.8012075206519462,323.7361361820153,0.18824855100528165,0.6,1.3569699349930187,1.0191986605603023,0.0,262.43983874281855,262.6392539553796,0.0,0.0
213.25754894193324,4202.737774457777,60.91267360801637,260.8502535299231,60050.80030530623,0.8019838876797237,323.77297521934855,0.18813390329056795,0.6,1.3569699349930187,1.0191759159944243,0.0,262.49756165510263,262.6967793762777,0.0,0.0
213.40762462732516,4193.598525875075,60.88252633352877,260.9095802581077,60122.6183449978,0.8027604475231519,323.8097919350482,0.18801941093165264,0.6,1.3569699349930187,1.0191532219985067,0.0,262.5552581950916,262.7542787689494,0.0,0.0
213.55770031271712,4184.463798842377,60.85241664354564,260.96887780535053,60194.47054175769,0.8035372001049352,323.84658635932425,0.1879050735956401,0.6,1.3569699349930187,1.0191305783960944,0.0,262.6129283920027,262.8117521617413,0.0,0.0
213.70777599810904,4175.33358772641,60.822344462432135,261.02814620796755,60266.35688847879,0.8043141453474726,323.8833585223041,0.18779089095509557,0.6,1.3569699349930187,1.019107985059425,0.0,262.6705722750526,262.86919958301144,0.0,0.0
213.85785168350097,4166.207886905335,60.79230971478012,261.08738550220113,60338.2773780598,0.8050912831732352,323.9201084540515,0.18767686268357614,0.6,1.3569699349930187,1.0190854418616715,0.0,262.7281898734083,262.9266210610711,0.0,0.0
214.0079273688929,4157.086690764724,60.76231232410478,261.1465957242461,60410.2320034368,0.8058686135051075,323.95683618458247,0.1875629884515971,0.6,1.3569699349930187,1.01906294863368,0.0,262.78578121614305,262.9840166241322,0.0,0.0
214.15800305428482,4147.969993703446,60.732352214767104,261.20577691021145,60482.2207575367,0.806646136265884,323.9935417438414,0.18744926793258074,0.6,1.3569699349930187,1.0190405052277693,0.0,262.84334633230156,263.04138630038534,0.0,0.0
214.30807873967674,4138.85779013471,60.70242931232678,261.2649290961137,60554.24363326854,0.8074238513781757,324.0302251616974,0.18733570080394532,0.6,1.3569699349930187,1.0190181115295354,0.0,262.9008852509126,263.09873011801403,0.0,0.0
214.4581544250687,4129.750074479238,60.67254354132926,261.3240523179211,60626.30062357725,0.8082017587649905,324.0668864679715,0.18722228674025818,0.6,1.3569699349930187,1.0189957673843555,0.0,262.95839800091363,263.1560481051056,0.0,0.0
214.60823011046062,4120.64684116796,60.64269482618878,261.38314661153606,60698.391721421984,0.8089798583494988,324.10352569242605,0.18710902541596738,0.6,1.3569699349930187,1.0189734726266901,0.0,263.01588461118075,263.21334028968636,0.0,0.0
214.75830579585255,4111.548084647978,60.612883093144454,261.4422120127568,60770.51691972898,0.8097581500545254,324.1401428647406,0.18699591651144984,0.6,1.3569699349930187,1.0189512271452092,0.0,263.07334511059594,263.2706066998018,0.0,0.0
214.90838148124448,4102.453799375058,60.58310826782511,261.50124855732554,60842.67621145024,0.8105366338031825,324.1767380145422,0.18688295970547839,0.6,1.3569699349930187,1.0189290308018266,0.0,263.13077952796374,263.32784736341756,0.0,0.0
215.0584571666364,4093.3639798130384,60.55337027505981,261.5602562809329,60914.86958956861,0.8113153095189243,324.213311171408,0.18677015467463615,0.6,1.3569699349930187,1.0189068834253523,0.0,263.1881878920055,263.3850623084121,0.0,0.0
215.20853285202833,4084.2786204413424,60.523669041340874,261.61923521916856,60987.09704703719,0.8120941771248933,324.2498623648349,0.18665750110093093,0.6,1.3569699349930187,1.018884784893539,0.0,263.2455702314427,263.44225156267635,0.0,0.0
215.35860853742028,4075.1977157504684,60.494004493364464,261.67818540755115,61059.35857681555,0.8128732365443114,324.2863916242579,0.18654499866728075,0.6,1.3569699349930187,1.0188627350845547,0.0,263.302926574948,263.49941515405504,0.0,0.0
215.5086842228122,4066.1212602380574,60.4643765567506,261.7371068815532,61131.6541719003,0.8136524877008092,324.32289897906566,0.1864326470535571,0.6,1.3569699349930187,1.0188407338342802,0.0,263.3602569511015,263.5565531102947,0.0,0.0
215.65875990820413,4057.0492484147508,60.434785157969216,261.7959996765635,61203.983825278505,0.8144319305179237,324.3593844585775,0.18632044594253777,0.6,1.3569699349930187,1.018818781000543,0.0,263.4175613884567,263.6136654591222,0.0,0.0
215.80883559359606,4047.9816748051485,60.4052302246627,261.85486382788076,61276.347529919556,0.8152115649190107,324.3958480920391,0.18620839502090128,0.6,1.3569699349930187,1.018796876473959,0.0,263.47483991555106,263.6707522282573,0.0,0.0
215.95891127898798,4038.9185339410765,60.37571168345438,261.9136993707573,61348.745278828836,0.8159913908278235,324.43228990865,0.18609649397245354,0.6,1.3569699349930187,1.0187750201047991,0.0,263.5320925608321,263.7278134453246,0.0,0.0
216.10898696437994,4029.8598203643046,60.34622946084407,261.9725063403813,61421.17706502551,0.8167714081682727,324.4687099375524,0.18598474248089555,0.6,1.3569699349930187,1.018753211732851,0.0,263.589319352688,263.78484913789,0.0,0.0
216.25906264977186,4020.8055286324075,60.31678348513629,262.03128477183895,61493.6428814956,0.8175516168639215,324.5051082078079,0.1858731402357783,0.6,1.3569699349930187,1.0187314512519203,0.0,263.64652031951266,263.84185933353797,0.0,0.0
216.4091383351638,4011.7556533113093,60.28737368401273,262.09003470016285,61566.14272125153,0.8183320168386274,324.5414847484276,0.18576168692500203,0.6,1.3569699349930187,1.0187097385287407,0.0,263.7036954896241,263.89884405977455,0.0,0.0
216.55921402055571,4002.7101889747455,60.257999984359834,262.1487561603352,61638.676577335755,0.8191126080165798,324.5778395883739,0.18565038223428432,0.6,1.3569699349930187,1.0186880733971504,0.0,263.76084489125856,263.95580334402007,0.0,0.0
216.70928970594764,3993.669130211715,60.228662314721156,262.20744918723983,61711.244442761265,0.8198933903216606,324.61417275653093,0.18553922585473254,0.6,1.3569699349930187,1.0186664557401923,0.0,263.81796855265344,264.01273721370825,0.0,0.0
216.85936539133957,3984.632471621941,60.199360603821816,262.26611381569126,61783.846310547284,0.8206743636778285,324.6504842817228,0.18542821747828492,0.6,1.3569699349930187,1.0186448854407957,0.0,263.8750665019975,264.0696456962265,0.0,0.0
217.00944107673152,3975.60020781202,60.170094779311526,262.32475008046015,61856.48217375036,0.8214555280094525,324.6867741927292,0.1853173567938294,0.6,1.3569699349930187,1.0186233623396521,0.0,263.9321387673891,264.12652881886635,0.0,0.0
217.15951676212345,3966.5723334012814,60.140864769694275,262.3833580162348,61929.15202541675,0.822236883240801,324.7230425182617,0.18520664349316104,0.6,1.3569699349930187,1.018601886299868,0.0,263.9891853769009,264.1833866089002,0.0,0.0
217.30959244751537,3957.5488430226337,60.11167050462075,262.441937657616,62001.85585857548,0.8230184292959661,324.7592892869604,0.18509607727188215,0.6,1.3569699349930187,1.0185804572168555,0.0,264.0462063585898,264.2402190935938,0.0,0.0
217.4596681329073,3948.529731315937,60.08251191271803,262.5004890391598,62074.59366629136,0.8238001660994342,324.79551452742095,0.18498565782270232,0.6,1.3569699349930187,1.0185590749455515,0.0,264.1032017404244,264.29702630011894,0.0,0.0
217.60974381829922,3939.5149929307463,60.05338892249774,262.55901219535997,62147.36544164285,0.8245820935758476,324.8317182681831,0.18487538483824192,0.6,1.3569699349930187,1.0185377393308528,0.0,264.1601715503155,264.35380825559037,0.0,0.0
217.75981950369115,3930.504622532056,60.02430146425622,262.61750716061044,62220.1711776752,0.8253642116495015,324.86790053770824,0.1847652580168937,0.6,1.3569699349930187,1.0185164502714776,0.0,264.21711581617984,264.4105649871415,0.0,0.0
217.9098951890831,3921.4986147929103,59.99524946765496,262.67597396925345,62293.010867460005,0.8261465202449833,324.90406136440845,0.18465527705535517,0.6,1.3569699349930187,1.0184952076387532,0.0,264.27403456585944,264.4672965218282,0.0,0.0
218.05997087447503,3912.4969643939226,59.96623286156502,262.73441265558256,62365.88450409889,0.8269290192872126,324.9402007766491,0.18454544164814932,0.6,1.3569699349930187,1.0184740112713357,0.0,264.330927827116,264.52400288662227,0.0,0.0
218.21004655986695,3903.4996660306488,59.93725157650855,262.7928232537949,62438.79208066359,0.8277117087007972,324.9763188027189,0.18443575149515506,0.6,1.3569699349930187,1.018452861057332,0.0,264.38779562771344,264.5806841085097,0.0,0.0
218.36012224525888,3894.5067144090317,59.90830554316756,262.8512057980206,62511.733590232485,0.8284945884104259,325.01241547084845,0.18432620629700514,0.6,1.3569699349930187,1.0184317568842205,0.0,264.4446379953676,264.6373402144304,0.0,0.0
218.5101979306508,3885.518104241639,59.879394691149635,262.9095603223473,62584.70902592094,0.8292776583411939,325.0484908092254,0.1842168057512795,0.6,1.3569699349930187,1.0184106985972843,0.0,264.50145495770516,264.69397123122997,0.0,0.0
218.66027361604273,3876.5338302534956,59.85051895092116,262.9678868607823,62657.71838083378,0.8300609184180927,325.08454484597075,0.18410754955846673,0.6,1.3569699349930187,1.0183896860646957,0.0,264.55824654232856,264.7505771857361,0.0,0.0
218.81034930143468,3867.553887182849,59.82167825406996,263.0261854472475,62730.76164805875,0.8308443685659399,325.1205776091364,0.18399843742277136,0.6,1.3569699349930187,1.0183687191864463,0.0,264.615012776825,264.80715810476994,0.0,0.0
218.9604249868266,3858.5782697746367,59.79287253115602,263.08445611562195,62803.83882071955,0.8316280087099485,325.15658912673086,0.18388946904548673,0.6,1.3569699349930187,1.018347797821931,0.0,264.6717536886944,264.86371401506,0.0,0.0
219.11050067221854,3849.6069727832446,59.76410171263212,263.14269889972377,62876.94989195283,0.8324118387754794,325.19257942670856,0.18378064412783338,0.6,1.3569699349930187,1.0183269218209419,0.0,264.72846930538054,264.92024494327904,0.0,0.0
219.26057635761046,3840.6399909781494,59.735365730716126,263.20091383327366,62950.09485486221,0.8331958586875495,325.2285485369473,0.18367196237672825,0.6,1.3569699349930187,1.0183060910868973,0.0,264.7851596543336,264.97675091611904,0.0,0.0
219.4106520430024,3831.6773191365896,59.706664516979444,263.2591009499424,63023.27370257796,0.8339800683714701,325.26449648527733,0.18356342349735053,0.6,1.3569699349930187,1.0182853054955128,0.0,264.8418247629299,265.03323196019505,0.0,0.0
219.5607277283943,3822.7189520431307,59.67799800220806,263.3172602833538,63096.486428259894,0.8347644677528793,325.30042329948355,0.18345502719271378,0.6,1.3569699349930187,1.0182645648900528,0.0,264.8984646584671,265.08968810203976,0.0,0.0
219.71080341378627,3813.7648844969785,59.6493661188333,263.37539186703685,63169.73302503768,0.835549056757101,325.3363290072761,0.18334677317115497,0.6,1.3569699349930187,1.0182438691634803,0.0,264.9550793682459,265.14611936820046,0.0,0.0
219.8608790991782,3804.8151113074023,59.620768799425065,263.433495734456,63243.01348604803,0.8363338353095443,325.3722136363087,0.1832386611416898,0.6,1.3569699349930187,1.0182232182076145,0.0,265.01166891951937,265.20252578517926,0.0,0.0
220.01095478457012,3795.869627290048,59.592205975480134,263.4915719190346,63316.327804464374,0.8371188033360214,325.4080772141933,0.1831306908102799,0.6,1.3569699349930187,1.0182026118721288,0.0,265.06823333945306,265.25890737938477,0.0,0.0
220.16103046996204,3786.928427272763,59.56367757935874,263.5496204541173,63389.675973449346,0.8379039607622378,325.4439197684773,0.18302286188579797,0.6,1.3569699349930187,1.0181820500300576,0.0,265.12477265518953,265.31526417720954,0.0,0.0
220.31110615535397,3777.9915060962694,59.53518354451774,263.60764137296576,63463.05798614862,0.8386893075137273,325.47974132664046,0.18291517408074331,0.6,1.3569699349930187,1.018161532585769,0.0,265.1812868938562,265.3715962050392,0.0,0.0
220.4611818407459,3769.0588586077174,59.50672380338226,263.6656347088003,63536.47383574379,0.8394748435164173,325.51554191612087,0.18280762710468676,0.6,1.3569699349930187,1.0181410594029106,0.0,265.23777608249486,265.4279034891682,0.0,0.0
220.61125752613785,3760.130479663479,59.4782982882786,263.72360049478186,63609.92351542909,0.8402605686963805,325.55132156430386,0.18270022066714378,0.6,1.3569699349930187,1.018120630335973,0.0,265.2942402480922,265.4841860558367,0.0,0.0
220.76133321152977,3751.206364134681,59.4499069332789,263.78153876397613,63683.40701836586,0.8410464829793467,325.5870802984999,0.18259295448325197,0.6,1.3569699349930187,1.0181002452928756,0.0,265.3506794176421,265.54044393130425,0.0,0.0
220.9114088969217,3742.2865068999263,59.42154967179758,263.83944954940057,63756.92433774181,0.8418325862913371,325.6228181459738,0.18248582826636994,0.6,1.3569699349930187,1.0180799041535178,0.0,265.40709361806523,265.5966771417541,0.0,0.0
221.06148458231362,3733.3709028449175,59.393226436468915,263.8973328840273,63830.47546677446,0.8426188785587019,325.6585351339461,0.18237884172770102,0.6,1.3569699349930187,1.018059606765581,0.0,265.4634828762055,265.6528857132892,0.0,0.0
221.21156026770555,3724.4595468697075,59.36493716156694,263.9551888007356,63904.0603986506,0.8434053597074715,325.6942312895643,0.18227199458374035,0.6,1.3569699349930187,1.0180393530266858,0.0,265.51984721891034,265.70906967202734,0.0,0.0
221.3616359530975,3715.5524338840864,59.33668178148344,264.0130173323419,63977.67912656443,0.8441920296637657,325.72990663992135,0.1821652865515885,0.6,1.3569699349930187,1.0180191428327967,0.0,265.5761866729802,265.7652290440416,0.0,0.0
221.51171163848943,3706.6495588039993,59.30846022953862,264.07081851162343,64051.331643746766,0.8449788883541044,325.76556121206994,0.18205871734529186,0.6,1.3569699349930187,1.0179989760377832,0.0,265.6325012651295,265.8213638553131,0.0,0.0
221.66178732388136,3697.7509165573374,59.280272439920964,264.1285923712801,64125.0179434171,0.8457659357048966,325.8011950329993,0.18195228668181115,0.6,1.3569699349930187,1.0179788525193485,0.0,265.68879102205096,265.87747413180796,0.0,0.0
221.81186300927328,3688.8565020845276,59.2521183478912,264.186338943931,64198.738018778364,0.8465531716423835,325.8368081296332,0.1818459942816464,0.6,1.3569699349930187,1.0179587721860432,0.0,265.74505597042224,265.93355989948554,0.0,0.0
221.9619386946652,3679.96631033218,59.223997887674656,264.2440582621555,64272.49186306915,0.8473405960931968,325.87240052885505,0.18173983986235295,0.6,1.3569699349930187,1.0179387349055764,0.0,265.80129613683647,265.98962118421497,0.0,0.0
222.11201438005713,3671.080336255907,59.195910993406535,264.3017503584751,64346.27946954067,0.8481282089841126,325.90797225749685,0.18163382314144927,0.6,1.3569699349930187,1.0179187405369516,0.0,265.8575115478339,266.04565801181303,0.0,0.0
222.2620900654491,3662.1985748257384,59.16785760094877,264.3594152653181,64420.10083141098,0.8489160102415623,325.9435233423176,0.18152794384200285,0.6,1.3569699349930187,1.0178987889923925,0.0,265.91370222996164,266.1016704081157,0.0,0.0
222.412165750841,3653.321021018921,59.1398376454948,264.41705301506636,64493.95594192476,0.8497039997922715,325.979053810032,0.18142220168526293,0.6,1.3569699349930187,1.0178788801557999,0.0,265.9698682096948,266.15765839888365,0.0,0.0
222.56224143623294,3644.4476698195754,59.11185106146338,264.4746636400577,64567.84479435617,0.850492177563289,326.01456368731215,0.1813165963903345,0.6,1.3569699349930187,1.0178590138790815,0.0,266.02600951343317,266.21362200979866,0.0,0.0
222.71231712162486,3635.578516225888,59.08389778490763,264.53224717253903,64641.76738194841,0.8512805434813435,326.05005300075845,0.18121112768158387,0.6,1.3569699349930187,1.0178391900643298,0.0,266.0821261675808,266.2695612665581,0.0,0.0
222.8623928070168,3626.7135552454793,59.055977751978,264.5898036446965,64715.72369795248,0.8520690974732564,326.08552177691854,0.18110579528391127,0.6,1.3569699349930187,1.0178194086114682,0.0,266.1382181984954,266.32547619481494,0.0,0.0
223.01246849240871,3617.8527818918947,59.02809089775516,264.6473330886781,64789.71373565571,0.8528578394662456,326.12097004230105,0.18100059891916379,0.6,1.3569699349930187,1.0177996693783784,0.0,266.19428563245,266.3813668201316,0.0,0.0
223.16254417780067,3608.996191190389,59.00023715819307,264.7048355365566,64863.737488333754,0.8536467693874147,326.1563978233528,0.18089553831210683,0.6,1.3569699349930187,1.01777997224725,0.0,266.25032849569703,266.4372331680566,0.0,0.0
223.3126198631926,3600.143778178427,58.97241647029389,264.76231102032557,64937.79494924594,0.854435887163702,326.1918051464566,0.18079061319095957,0.6,1.3569699349930187,1.0177603171306304,0.0,266.30634681447435,266.49307526413185,0.0,0.0
223.46269554858452,3591.2955378994166,58.94462877002103,264.8197595719408,65011.886111687374,0.8552251927224375,326.22719203795657,0.18068582328098148,0.6,1.3569699349930187,1.0177407039001132,0.0,266.3623406149365,266.5488931338102,0.0,0.0
223.61277123397645,3582.4514654055547,58.916873993256644,264.87718122330114,65086.010968964954,0.8560146859910853,326.2625585241466,0.18058116830741466,0.6,1.3569699349930187,1.0177211324190292,0.0,266.4183099231862,266.6046868024935,0.0,0.0
223.76284691936837,3573.6115557631388,58.88915207759078,264.93457600621474,65160.16951435309,0.856804366896774,326.29790463124937,0.1804766480009783,0.6,1.3569699349930187,1.017701602603729,0.0,266.47425476533397,266.6604562956031,0.0,0.0
223.9129226047603,3564.775804045416,58.86146295993456,264.99194395244473,65234.361741152505,0.8575942353669215,326.3332303854447,0.18037226209053558,0.6,1.3569699349930187,1.0176821143419323,0.0,266.53017516741875,266.7162016384859,0.0,0.0
224.06299829015225,3555.944205332302,58.83380657643015,265.0492850937116,65308.58764269327,0.8583842913292673,326.3685358128712,0.18026801030281758,0.6,1.3569699349930187,1.0176626674896017,0.0,266.5860711554059,266.77192285641104,0.0,0.0
224.21307397554418,3547.116754717505,58.80618286484874,265.10659946164674,65382.84721227436,0.8591745347112304,326.40382093959715,0.1801638923697868,0.6,1.3569699349930187,1.017643261953121,0.0,266.64194275526575,266.82761997466434,0.0,0.0
224.3631496609361,3538.293447303866,58.778591763039024,265.1638870878226,65457.140443202574,0.8599649654403216,326.43908579163985,0.18005990802387045,0.6,1.3569699349930187,1.0176238976361947,0.0,266.6977899929227,266.88329301848717,0.0,0.0
224.51322534632803,3529.4742781999353,58.7510332077818,265.22114800377517,65531.467328821214,0.8607555834444504,326.47433039497884,0.17995605699444414,0.6,1.3569699349930187,1.0176045744005449,0.0,266.75361289421795,266.93894201303203,0.0,0.0
224.66330103171995,3520.659242525747,58.72350713673632,265.27838224096615,65605.82786246114,0.8615463886514029,326.50955477553316,0.17985233901380684,0.6,1.3569699349930187,1.01758529213267,0.0,266.80941148497334,266.9945669834385,0.0,0.0
224.81337671711188,3511.8483354132163,58.696013488586395,265.3355898307807,65680.22203743739,0.8623373809888065,326.5447589591598,0.1797487538176271,0.6,1.3569699349930187,1.0175660507489421,0.0,266.8651857909962,267.0501679548396,0.0,0.0
224.96345240250383,3503.04155199998,58.66855220097402,265.3927708045672,65754.64984710075,0.8631285603846789,326.57994297167807,0.1796453011386003,0.6,1.3569699349930187,1.0175468501246632,0.0,266.92093583801176,267.10574495228053,0.0,0.0
225.11352808789576,3494.2388874322614,58.641123211468944,265.44992519361875,65829.1112848134,0.863919926767168,326.61510683885854,0.17954198070942445,0.6,1.3569699349930187,1.0175276901273282,0.0,266.9766616516952,267.16129800075686,0.0,0.0
225.26360377328768,3485.440336870068,58.61372645933026,265.5070530291394,65903.6063439048,0.8647114800640832,326.65025058640214,0.1794387922682042,0.6,1.3569699349930187,1.0175085706772349,0.0,267.03236325772923,267.2168271252837,0.0,0.0
225.4136794586796,3476.64589548011,58.58636188312803,265.56415434229024,65978.13501773143,0.865503220203531,326.68537423996855,0.1793357355511517,0.6,1.3569699349930187,1.017489491665757,0.0,267.0880406817265,267.27233235080274,0.0,0.0
225.56375514407154,3467.855558435563,58.559029420669276,265.6212291641906,66052.6972996783,0.8662951471139305,326.7204778251771,0.1792328102923603,0.6,1.3569699349930187,1.0174704529527423,0.0,267.14369394922704,267.32781370217924,0.0,0.0
225.71383082946346,3459.0693209231245,58.53172901138491,265.67827752587266,66127.29318309935,0.8670872607233802,326.75556136757876,0.1791300162311255,0.6,1.3569699349930187,1.0174514544486943,0.0,267.1993230857768,267.3832712042956,0.0,0.0
225.86390651485542,3450.2871781383387,58.504460594763806,265.73529945831154,66201.92266135663,0.8678795609600742,326.79062489267477,0.17902735310713996,0.6,1.3569699349930187,1.0174324960609336,0.0,267.2549281168765,267.4387048819905,0.0,0.0
226.01398220024734,3441.5091252822594,58.4772241092292,265.79229499244707,66276.58572784836,0.8686720477526004,326.8256684259301,0.17892482065704746,0.6,1.3569699349930187,1.0174135776548552,0.0,267.31050906794445,267.4941147600146,0.0,0.0
226.16405788563927,3432.73515756719,58.45001949408794,265.84926415914634,66351.2823759602,0.869464721029423,326.8606919927502,0.17882241862042061,0.6,1.3569699349930187,1.0173946991211043,0.0,267.36606596438116,267.54950086310726,0.0,0.0
226.3141335710312,3423.9652702170138,58.42284668964824,265.90620698920185,66426.01259906199,0.8702575807188468,326.89569561848043,0.17872014674011943,0.6,1.3569699349930187,1.0173758603797083,0.0,267.4215988315728,267.6048632160008,0.0,0.0
226.46420925642312,3415.1994584611116,58.39570563517364,265.96312351337076,66500.77639055939,0.871050626749568,326.9306793284298,0.1786180047560179,0.6,1.3569699349930187,1.0173570613095149,0.0,267.4771076948246,267.66020184334127,0.0,0.0
226.61428494181507,3406.4377175372515,58.368596269864625,266.0200137623563,66575.57374386917,0.8718438590504087,326.96564314785957,0.17851599240801372,0.6,1.3569699349930187,1.0173383017820214,0.0,267.5325925793932,267.7155167697264,0.0,0.0
226.764360627207,3397.6800426966934,58.34151853459268,266.0768777667745,66650.4046523753,0.8726372775498533,327.00058710196305,0.17841410944134187,0.6,1.3569699349930187,1.0173195817213105,0.0,267.588053510543,267.7708080197734,0.0,0.0
226.91443631259892,3388.9264291971485,58.314472369530534,266.1337155571998,66725.26910948887,0.8734308821766833,327.0355112158938,0.17831235559930983,0.6,1.3569699349930187,1.0173009010222442,0.0,267.6434905134691,267.826075618027,0.0,0.0
227.06451199799085,3380.176872302604,58.287457714093996,266.19052716416655,66800.16710864933,0.8742246728599903,327.0704155147661,0.17821073062312026,0.6,1.3569699349930187,1.0172822595483986,0.0,267.69890361329556,267.8813195889569,0.0,0.0
227.21458768338277,3371.431367290307,58.2604745093177,266.2473126181234,66875.09864326492,0.8750186495285445,327.1053000236274,0.1781092342591497,0.6,1.3569699349930187,1.017263657214238,0.0,267.75429283515314,267.9365399570507,0.0,0.0
227.3646633687747,3362.6899094460778,58.233522696275166,266.30407194946355,66950.06370675193,0.8758128121112112,327.140164767477,0.17800786625410575,0.6,1.3569699349930187,1.0172450939305355,0.0,267.8096582041274,267.9917367467521,0.0,0.0
227.51473905416665,3353.9524940610377,58.20660221497663,266.36080518854646,67025.06229256307,0.8766071605372513,327.17500977127884,0.17790662635165086,0.6,1.3569699349930187,1.0172265695662048,0.0,267.8649997452235,268.0469099824187,0.0,0.0
227.66481473955858,3345.219116437354,58.179713006321336,266.41751236566023,67100.09439413784,0.8774016947357947,327.2098350599391,0.17780551429838234,0.6,1.3569699349930187,1.017208084015878,0.0,267.92031748342936,268.10205968839756,0.0,0.0
227.8148904249505,3336.4897718884654,58.152855012186976,266.47419351102013,67175.1600049002,0.8781964146358164,327.24464065830506,0.17770452984410434,0.6,1.3569699349930187,1.0171896372030806,0.0,267.97561144371906,268.1571858890287,0.0,0.0
227.96496611034243,3327.7644557331,58.126028173403995,266.53084865480764,67250.25911831003,0.8789913201666818,327.27942659118895,0.17760367273562336,0.6,1.3569699349930187,1.0171712290100519,0.0,268.0308816509868,268.2122886085672,0.0,0.0
228.11504179573436,3319.043163298184,58.09923243074907,266.5874778271514,67325.39172783792,0.879786411257879,327.3141928833567,0.17750294271979092,0.6,1.3569699349930187,1.0171528593121377,0.0,268.08612813007966,268.267367871221,0.0,0.0
228.26511748112628,3310.3258899238376,58.072467726651816,266.6440810580947,67400.55782692147,0.880581687838556,327.34893955950764,0.177402339548728,0.6,1.3569699349930187,1.0171345280370467,0.0,268.1413509058524,268.32242370121776,0.0,0.0
228.41519316651824,3301.6126309564033,58.045734002833676,266.700658377641,67475.75740902587,0.8813771498381627,327.38366664430276,0.17730186297259434,0.6,1.3569699349930187,1.0171162350829783,0.0,268.19655000309183,268.3774561227133,0.0,0.0
228.56526885191016,3292.903381748313,58.019031200265445,266.7572098157546,67550.99046764431,0.8821727971864546,327.41837416236484,0.1772015127394596,0.6,1.3569699349930187,1.017097980317087,0.0,268.251725446515,268.43246515979,0.0,0.0
228.7153445373021,3284.198137665007,57.99235926153182,266.81373540231573,67626.2569962383,0.8829686298128621,327.4530621382513,0.1771012886025397,0.6,1.3569699349930187,1.01707976365764,0.0,268.30687726084597,268.4874508365484,0.0,0.0
228.865420222694,3275.496894080226,57.965718129237686,266.8702351671511,67701.55698827787,0.8837646476469144,327.4877305964728,0.17700119031531744,0.6,1.3569699349930187,1.0170615850187148,0.0,268.3620054707645,268.5424131770459,0.0,0.0
229.01549590808594,3266.7996463728255,57.93910774492724,266.9267091400548,67776.89043726944,0.8845608506185357,327.5223795615059,0.1769012176282347,0.6,1.3569699349930187,1.0170434442725922,0.0,268.4171101008708,268.59735220525454,0.0,0.0
229.16557159347786,3258.106389932492,57.912528051039104,266.98315735075096,67852.25733670565,0.8853572386575138,327.55700905777076,0.17680137029467488,0.6,1.3569699349930187,1.017025341317743,0.0,268.4721911757496,268.65226794513745,0.0,0.0
229.31564727886982,3249.4171201598965,57.88597899096779,267.0395798288926,67927.6576800639,0.8861538116934852,327.5916191096299,0.17670164807114924,0.6,1.3569699349930187,1.017007276081042,0.0,268.52724871997134,268.7071604206505,0.0,0.0
229.46572296426174,3240.7318324607977,57.85946050705826,267.09597660410043,68003.09146085747,0.8869505696564742,327.6262097414122,0.17660205071116072,0.6,1.3569699349930187,1.0169892484479683,0.0,268.58228275802804,268.7620296556654,0.0,0.0
229.61579864965367,3232.0505222489655,57.832972541611106,267.1523477059434,68078.55867260997,0.8877475124766251,327.6607809774013,0.17650257796827942,0.6,1.3569699349930187,1.0169712582975714,0.0,268.63729331436565,268.8168756740086,0.0,0.0
229.7658743350456,3223.3731849510823,57.806515038562004,267.20869316390696,68154.05930881214,0.8885446400837431,327.69533284181574,0.1764032296012779,0.6,1.3569699349930187,1.016953305561039,0.0,268.69228041343865,268.8716984995261,0.0,0.0
229.91595002043752,3214.699815999826,57.780087941129366,267.26501300743826,68229.5933629824,0.8893419524079368,327.72986535883706,0.17630400536693522,0.6,1.3569699349930187,1.01693539013976,0.0,268.74724407963384,268.92649815599276,0.0,0.0
230.06602570582945,3206.030410833783,57.75369119178742,267.32130726594636,68305.16082866689,0.8901394493796156,327.76437855260974,0.17620490501995573,0.6,1.3569699349930187,1.0169175119043241,0.0,268.8021843372698,268.98127466711156,0.0,0.0
230.2161013912214,3197.364964904303,57.72732473461943,267.3775759687578,68380.7616993798,0.8909371309288618,327.7988724472141,0.17610592832016328,0.6,1.3569699349930187,1.0168996707766556,0.0,268.8571012106728,269.036028056604,0.0,0.0
230.36617707661333,3188.7034736707833,57.70098851371059,267.43381914514754,68456.39596864443,0.8917349969858633,327.83334706668535,0.17600707502758559,0.6,1.3569699349930187,1.0168818666739932,0.0,268.91199472412535,269.0907583481489,0.0,0.0
230.51625276200525,3180.0459325975435,57.674682472088115,267.49003682435864,68532.06363001974,0.8925330474811938,327.86780243502557,0.17590834489921486,0.6,1.3569699349930187,1.0168640994718416,0.0,268.96686490183157,269.14546556534094,0.0,0.0
230.66632844739718,3171.392337159537,57.64840655367917,267.5462290355658,68607.76467705089,0.8933312823452907,327.9022385761815,0.17580973769499206,0.6,1.3569699349930187,1.016846369072366,0.0,269.021711767981,269.20014973176677,0.0,0.0
230.8164041327891,3162.742682842418,57.622160703344655,267.6023958078745,68683.49910326819,0.8941297015084448,327.93665551404416,0.17571125317790812,0.6,1.3569699349930187,1.0168286754056501,0.0,269.0765353467494,269.25481087100604,0.0,0.0
230.96647981818106,3154.0969651367277,57.59594486489369,267.65853717035895,68759.26690223764,0.8949283049013323,327.97105327247175,0.1756128911079361,0.6,1.3569699349930187,1.016811018360272,0.0,269.1313356622351,269.30944900655527,0.0,0.0
231.11655550357298,3145.455179540851,57.56975898210071,267.71465315204284,68835.06806753484,0.8957270924547404,328.00543187527825,0.17551465124513915,0.6,1.3569699349930187,1.0167933978188441,0.0,269.1861127384916,269.3640641618669,0.0,0.0
231.2666311889649,3136.8173215658044,57.54360300035748,267.7707437818683,68910.90259270337,0.8965260640991277,328.0397913462145,0.17541653335471652,0.6,1.3569699349930187,1.0167758137158942,0.0,269.24086659958124,269.41865636041314,0.0,0.0
231.41670687435683,3128.183386728382,57.517476864329744,267.8268090887402,68986.77047131384,0.8973252197652484,328.0741317089949,0.1753185371998434,0.6,1.3569699349930187,1.0167582659558583,0.0,269.2955972694994,269.47322562559566,0.0,0.0
231.56678255974876,3119.5533705511134,57.4913805179457,267.8828491015268,69062.67169696477,0.8981245593841587,328.10845298729845,0.17522066254163612,0.6,1.3569699349930187,1.016740754412627,0.0,269.3503047721748,269.52777198074574,0.0,0.0
231.71685824514068,3110.9272685690576,57.46531390673781,267.93886384901515,69138.60626322248,0.8989240828865865,328.14275520474115,0.17512290914630416,0.6,1.3569699349930187,1.0167232790116438,0.0,269.4049891315443,269.58229544921375,0.0,0.0
231.86693393053264,3102.305076325062,57.43927697622253,267.9948533599423,69214.57416366234,0.8997237902033639,328.1770383848949,0.17502527678019994,0.6,1.3569699349930187,1.016705839673167,0.0,269.45965037150137,269.63679605430735,0.0,0.0
232.01700961592456,3093.68678936673,57.41326967086126,268.05081766301475,69290.57539189566,0.9005236812657106,328.21130255130015,0.17492776520664594,0.6,1.3569699349930187,1.016688436275793,0.0,269.5142885158626,269.69127381925176,0.0,0.0
232.1670853013165,3085.072403252094,57.38729193602097,268.10675678687176,69366.6099415194,0.9013237560047053,328.2455477274428,0.17483037419192127,0.6,1.3569699349930187,1.0166710687252485,0.0,269.5689035884307,269.74572876726495,0.0,0.0
232.31716098670842,3076.4619135496177,57.36134371798044,268.1626707600852,69442.67780611577,0.902124014351281,328.27977393675434,0.17473310350527885,0.6,1.3569699349930187,1.0166537369546835,0.0,269.62349561299516,269.8001609215578,0.0,0.0
232.46723667210034,3067.8553158324626,57.33542496196477,268.2185596111968,69518.77897930278,0.9029244562367563,328.313981202635,0.17463595291294468,0.6,1.3569699349930187,1.0166364408556436,0.0,269.6780646132687,269.8545703052592,0.0,0.0
232.61731235749227,3059.252605681461,57.30953561317409,268.274423368699,69594.91345470789,0.9037250815925593,328.3481695484416,0.1745389221812584,0.6,1.3569699349930187,1.0166191803141769,0.0,269.732610612921,269.9089569414555,0.0,0.0
232.76738804288422,3050.65377868981,57.283675618408324,268.33026206100413,69671.08122592598,0.9045258903497846,328.38233899746905,0.17444201108163077,0.6,1.3569699349930187,1.0166019552680075,0.0,269.7871336356302,269.9633208532523,0.0,0.0
232.91746372827615,3042.05883045628,57.257844923732954,268.3860757164891,69747.28228657992,0.905326882439831,328.4164895729776,0.17434521938341851,0.6,1.3569699349930187,1.0165847656244944,0.0,269.841633705009,270.0176620636862,0.0,0.0
233.06753941366807,3033.4677565852007,57.23204347448263,268.4418643634947,69823.51663031953,0.9061280577943893,328.4506212981924,0.17424854685393648,0.6,1.3569699349930187,1.016567611260695,0.0,269.8961108446039,270.07198059572397,0.0,0.0
233.21761509906,3024.8805526932088,57.206271217591656,268.49762803028244,69899.78425076246,0.9069294163448229,328.48473419627743,0.17415199326556693,0.6,1.3569699349930187,1.0165504921054391,0.0,269.950565077971,270.1262764723525,0.0,0.0
233.36769078445192,3016.297214404483,57.18052809996069,268.5533667450652,69976.08514153582,0.9077309580226032,328.5188282903537,0.17405555839077513,0.6,1.3569699349930187,1.0165334080818764,0.0,270.0049964286228,270.18054971651594,0.0,0.0
233.51776646984385,3007.7177373477825,57.154814067438444,268.6090805360265,70052.41929630231,0.908532682759585,328.5529036035119,0.17395924199900306,0.6,1.3569699349930187,1.0165163590715645,0.0,270.0594049199964,270.23480035107735,0.0,0.0
233.6678421552358,2999.142117162113,57.12912906678486,268.6647694312838,70128.78670871002,0.9093345904874797,328.586960158789,0.1738630438626576,0.6,1.3569699349930187,1.0164993449836615,0.0,270.11379057551613,270.28902839889355,0.0,0.0
233.81791784062773,2990.570349496647,57.10347304565013,268.7204334588888,70205.18737239252,0.9101366811378552,328.62099797916943,0.1737669637570445,0.6,1.3569699349930187,1.0164823657542563,0.0,270.1681534185931,270.34323388281433,0.0,0.0
233.96799352601965,2982.002430005065,57.07784595062904,268.77607264686435,70281.62128101902,0.9109389546426631,328.655017087607,0.17367100145443465,0.6,1.3569699349930187,1.0164654212777338,0.0,270.2224934725627,270.39741682560833,0.0,0.0
234.11806921141158,2973.4383543485606,57.052247728301204,268.831687023185,70358.08842826805,0.9117414109339628,328.6890175070135,0.17357515672723636,0.6,1.3569699349930187,1.01644851144345,0.0,270.2768107607186,270.451577250003,0.0,0.0
234.2681448968035,2964.878118200432,57.02667832682874,268.887276615747,70434.58880778553,0.9125440499434804,328.72299926023993,0.17347942935286514,0.6,1.3569699349930187,1.0164316361922021,0.0,270.33110530636327,270.5057151787454,0.0,0.0
234.41822058219543,2956.321717239339,57.00113769363109,268.94284145241215,70511.12241324526,0.9133468716032442,328.75696237010374,0.1733838191066539,0.6,1.3569699349930187,1.0164147954341378,0.0,270.38537713273416,270.5598306345136,0.0,0.0
234.56829626758739,2947.7691471493495,56.975625775403834,268.99838156100765,70587.6892383482,0.9141498758455773,328.79090685938877,0.1732883257619108,0.6,1.3569699349930187,1.0163979890493653,0.0,270.43962626300436,270.61392363991797,0.0,0.0
234.7183719529793,2939.2204036266144,56.95014252043758,269.0538969692825,70664.28927676256,0.914953062602468,328.82483275081825,0.17319294909698654,0.6,1.3569699349930187,1.016381216969971,0.0,270.49385272035653,270.6679942175889,0.0,0.0
234.86844763837124,2930.675482374588,56.92468787697206,269.1093877049386,70740.92252216625,0.9157564318060164,328.8587400670742,0.17309768889025623,0.6,1.3569699349930187,1.0163644791218698,0.0,270.5480565279305,270.72204239011444,0.0,0.0
235.01852332376316,2922.1343791011404,56.89926179219828,269.16485379564983,70817.58896827305,0.916559983388708,328.8926288308091,0.17300254491707912,0.6,1.3569699349930187,1.0163477753894627,0.0,270.60223770879196,270.77606818000305,0.0,0.0
235.1685990091551,2913.5970895242076,56.87386421422423,269.2202952690248,70894.28860878118,0.9173637172828745,328.92649906462293,0.17290751695578785,0.6,1.3569699349930187,1.0163311056852122,0.0,270.6563962859946,270.83007160975757,0.0,0.0
235.31867469454704,2905.0636093716275,56.84849509202683,269.2757121526084,70971.02143737498,0.9181676334207116,328.9603507910644,0.1728126047875403,0.6,1.3569699349930187,1.0163144699480235,0.0,270.7105322825791,270.8840527018738,0.0,0.0
235.46875037993897,2896.5339343755804,56.82315437352614,269.3311044739175,71047.78744777438,0.918971731734798,328.99418403265275,0.17271780819045246,0.6,1.3569699349930187,1.016297868075,0.0,270.76464572151156,270.93801147876775,0.0,0.0
235.6188260653309,2888.0080602755957,56.79784200663689,269.3864722604219,71124.58663370808,0.9197760121578129,329.027998811866,0.17262312694280213,0.6,1.3569699349930187,1.0162812999586865,0.0,270.81873662571746,270.99194796281523,0.0,0.0
235.76890175072282,2879.4859828230556,56.77255794083921,269.44181553951455,71201.41898887238,0.9205804746221057,329.06179515112285,0.17252856082781107,0.6,1.3569699349930187,1.0162647655428279,0.0,270.8728050181314,271.04586217641156,0.0,0.0
235.91897743611474,2870.9676977745066,56.747302124862614,269.49713433855544,71278.28450699153,0.9213851190603286,329.0955730728097,0.17243410962659086,0.6,1.3569699349930187,1.0162482647402438,0.0,270.9268509216236,271.09975414188415,0.0,0.0
236.06905312150667,2862.4532008917517,56.72207450671988,269.5524286848707,71355.18318181662,0.9221899454054233,329.1293325992799,0.17233977311824678,0.6,1.3569699349930187,1.0162317974339723,0.0,270.9808743590013,271.1536238814937,0.0,0.0
236.21912880689862,2853.9424879484545,56.69687503601417,269.6076986057098,71432.11500706602,0.9229949535899995,329.16307375282787,0.1722455510869013,0.6,1.3569699349930187,1.0162153635592384,0.0,271.03487535308176,271.2074714175214,0.0,0.0
236.36920449229055,2845.43555472536,56.67170366228094,269.6629441282767,71509.07997646788,0.923800143546778,329.1967965557078,0.17215144331664467,0.6,1.3569699349930187,1.0161989630446049,0.0,271.08885392664007,271.2612967722067,0.0,0.0
236.51928017768248,2836.932397007467,56.646560334010296,269.71816527974806,71586.07808378601,0.9246055152088621,329.2305010301452,0.1720574495885592,0.6,1.3569699349930187,1.0161825957771942,0.0,271.1428101023779,271.31509996771024,0.0,0.0
236.6693558630744,2828.4330105896634,56.621445000615076,269.77336208723665,71663.10932276836,0.9254110685091991,329.2641871983144,0.17196356968670942,0.6,1.3569699349930187,1.0161662616726608,0.0,271.1967439029862,271.36888102618815,0.0,0.0
236.81943154846633,2819.937391276491,56.59635761235611,269.828534577793,71740.17368714933,0.9262168033806039,329.2978550823397,0.1718698033979128,0.6,1.3569699349930187,1.0161499606726072,0.0,271.250655351143,271.4226399697896,0.0,0.0
236.96950723385825,2811.4455348766573,56.57129811843595,269.8836827784409,71817.27117069886,0.927022719756272,329.33150470431684,0.17177615050593859,0.6,1.3569699349930187,1.016133692676738,0.0,271.3045444694528,271.47637682058473,0.0,0.0
237.1195829192502,2802.957437206073,56.54626646806192,269.93880671615784,71894.40176719517,0.9278288175694955,329.3651360863012,0.17168261079474273,0.6,1.3569699349930187,1.0161174575806733,0.0,271.3584112804807,271.5300916006049,0.0,0.0
237.26965860464213,2794.473094092256,56.52126261198971,269.9939064178461,71971.5654703843,0.9286350967532392,329.39874925029056,0.17158918405316276,0.6,1.3569699349930187,1.0161012553309903,0.0,271.4122558068009,271.58378433190103,0.0,0.0
237.41973429003406,2785.992501367696,56.496286500216755,270.04898191037637,72048.76227404033,0.9294415572407704,329.43234421825105,0.1714958700678996,0.6,1.3569699349930187,1.016085085843065,0.0,271.46607807092425,271.6374550364567,0.0,0.0
237.56980997542598,2777.515654869991,56.47133808203095,270.10403322058613,72125.99217196381,0.9302481989656425,329.46592101211684,0.17140266862366652,0.6,1.3569699349930187,1.0160689490027548,0.0,271.51987809529953,271.69110373618986,0.0,0.0
237.7198856608179,2769.0425504483915,56.44641730830608,270.15906037523797,72203.25515792251,0.9310550218610759,329.49947965376435,0.17130957951016967,0.6,1.3569699349930187,1.0160528447483066,0.0,271.5736559023866,271.74473045304,0.0,0.0
237.86996134620983,2760.573183959002,56.42152412983165,270.21406340105,72280.5512256942,0.931862025860405,329.53302016503096,0.1712166025170273,0.6,1.3569699349930187,1.0160367730108175,0.0,271.6274115146028,271.7983352089046,0.0,0.0
238.0200370316018,2752.107551262031,56.39665849635533,270.26904232471423,72357.88036909205,0.9326692108973426,329.5665425677263,0.17112373743085815,0.6,1.3569699349930187,1.0160207336800215,0.0,271.68114495429387,271.8519180256034,0.0,0.0
238.1701127169937,2743.6456482274107,56.37182035855337,270.32399717285995,72435.24258191329,0.933476576905445,329.60004688360993,0.17103098404127254,0.6,1.3569699349930187,1.016004726674654,0.0,271.7348562437956,271.90547892495323,0.0,0.0
238.32018840238564,2735.187470734475,56.347009667929285,270.3789279720555,72512.63785794144,0.9342841238181351,329.63353313439234,0.17093834214056275,0.6,1.3569699349930187,1.0159887519388997,0.0,271.7885454054306,271.95901792876316,0.0,0.0
238.47026408777757,2726.733014666564,56.32222637492715,270.4338347488438,72590.06619099587,0.9350918515692187,329.6670013417568,0.17084581151796696,0.6,1.3569699349930187,1.0159728093749556,0.0,271.84221246144944,272.01253505876457,0.0,0.0
238.6203397731695,2718.2822759140754,56.29747043000593,270.4887175297223,72667.52757490372,0.9358997600925925,329.70045152734707,0.17075339196293557,0.6,1.3569699349930187,1.0159568988814103,0.0,271.89585743406417,272.06603033665147,0.0,0.0
238.77041545856142,2709.8352503787705,56.27274178515609,270.5435763411149,72745.02200346017,0.9367078493218287,329.73388371275036,0.17066108326973892,0.6,1.3569699349930187,1.015941020407559,0.0,271.9494803454964,272.119503784137,0.0,0.0
238.92049114395337,2701.3919339672,56.24804039160248,270.5984112094148,72822.54947048839,0.9375161191908017,329.76729791952346,0.17056888523048538,0.6,1.3569699349930187,1.0159251738712263,0.0,272.00308121790476,272.172955422868,0.0,0.0
239.0705668293453,2692.9523225908856,56.22336619986774,270.6532221609833,72900.10996983787,0.9383245696336688,329.8006941691921,0.1704767976353149,0.6,1.3569699349930187,1.0159093591609831,0.0,272.05666007338743,272.2263852744267,0.0,0.0
239.22064251473722,2684.5164121727903,56.19871916205593,270.70800922210776,72977.7034953249,0.9391332005842513,329.83407248322527,0.17038482027933632,0.6,1.3569699349930187,1.0158935762179855,0.0,272.1102169340536,272.27979336041733,0.0,0.0
239.37071820012915,2676.0841986425194,56.17409923017058,270.7627724190328,73055.33004077632,0.939942011976489,329.8674328830542,0.1702929529575162,0.6,1.3569699349930187,1.0158778249757585,0.0,272.16375182197106,272.3331797024024,0.0,0.0
239.52079388552107,2667.6556779336347,56.14950635517703,270.8175117779776,73132.98960005419,0.9407510037446993,329.90077539008325,0.1702011954618306,0.6,1.3569699349930187,1.015862105326544,0.0,272.2172647591365,272.38654432186803,0.0,0.0
239.670869570913,2659.2308459892533,56.12494048897509,270.8722273250997,73210.68216700396,0.9415601758230345,329.93410002566753,0.17010954758725697,0.6,1.3569699349930187,1.0158464171920472,0.0,272.2707557675379,272.43988724029776,0.0,0.0
239.82094525630495,2650.809698761659,56.10040158427136,270.92691908649755,73288.40773545818,0.9423695281455232,329.9674068111147,0.17001800913138448,0.6,1.3569699349930187,1.0158307605189332,0.0,272.3242248691502,272.4932084791681,0.0,0.0
239.97102094169688,2642.3922322069866,56.07588959271203,270.9815870882448,73366.16629928465,0.9431790606465694,330.0006957677057,0.16992657988874366,0.6,1.3569699349930187,1.0158151352117828,0.0,272.377672085877,272.54650805987825,0.0,0.0
240.1210966270888,2633.978442288285,56.051404465968375,271.0362313563707,73443.95785235899,0.9439887732606688,330.0339669166831,0.1698352596541026,0.6,1.3569699349930187,1.015799541172051,0.0,272.4310974395849,272.5997860037914,0.0,0.0
240.27117231248073,2625.568324979732,56.02694615722646,271.09085191683243,73521.78238852455,0.94479866592199,330.0672202792341,0.16974404822698883,0.6,1.3569699349930187,1.0157839783516422,0.0,272.4845009521498,272.65304233228983,0.0,0.0
240.42124799787265,2617.161876260121,56.002514618899596,271.14544879555774,73599.63990165312,0.9456087385650074,330.10045587651655,0.1696529454047435,0.6,1.3569699349930187,1.0157684466707264,0.0,272.5378826453858,272.70627706669023,0.0,0.0
240.5713236832646,2608.7590921130713,55.978109802706356,271.20002201844324,73677.53038564257,0.9464189911244753,330.1336737296579,0.16956195098275884,0.6,1.3569699349930187,1.015752946020488,0.0,272.59124254104745,272.75949022824614,0.0,0.0
240.72139936865653,2600.359968533456,55.95373166194231,271.2545716113128,73755.45383435712,0.9472294235348079,330.16687385973023,0.1694710647613727,0.6,1.3569699349930187,1.0157374763448865,0.0,272.6445806609009,272.81268183823306,0.0,0.0
240.87147505404846,2591.9645015225738,55.9293801497865,271.30909759994904,73833.41024167185,0.9480400357305419,330.2000562877688,0.16938028654072712,0.6,1.3569699349930187,1.0157220375797715,0.0,272.69789702667106,272.8658519178852,0.0,0.0
241.02155073944039,2583.5726870855406,55.90505521838364,271.3636000101101,73911.39960149722,0.9488508276465908,330.2332210347829,0.16928961611798363,0.6,1.3569699349930187,1.015706629619792,0.0,272.7511916600133,272.9190004883617,0.0,0.0
241.1716264248323,2575.184521236866,55.88075682081875,271.41807886749325,73989.42190772633,0.9496617992176971,330.26636812173354,0.16919905329331492,0.6,1.3569699349930187,1.0156912523895236,0.0,272.8044645825746,272.97212757081974,0.0,0.0
241.32170211022424,2566.8000000000006,55.85648491096349,271.47253419773847,74067.4771542398,0.950472950378483,330.29949756953545,0.1691085978694365,0.6,1.3569699349930187,1.0156759058380047,0.0,272.8577158159895,273.0252331864094,0.0,0.0
