station,date,z_m,height_m,temperature_k,pressure_pa,density_kg_m3,density_error_pct
72364,2012-03-15T12:00:00Z,1252.0,1252.246636857381,280.35,87800.0,1.0910183675550493,0.6114805676302293
72364,2012-03-15T12:00:00Z,1280.0,1280.2577930310915,285.75,87500.0,1.066743292044278,-1.3545323753031746
72364,2012-03-15T12:00:00Z,1290.0,1290.2618371936264,287.55,87400.0,1.0588542090796402,-1.9872072549752873
72364,2012-03-15T12:00:00Z,1357.0,1357.2897451603824,288.35,86700.0,1.0474595202193075,-2.3969754007428845
72364,2012-03-15T12:00:00Z,1425.0,1425.3195147199813,290.15,86000.0,1.03255687571816,-3.1349711006206316
72364,2012-03-15T12:00:00Z,1524.0,1524.3654583098487,289.75,85000.0,1.0219592706871623,-3.18195901920878
72364,2012-03-15T12:00:00Z,1767.0,1767.491312272433,289.35,82600.0,0.9944768257900809,-3.475071973856969
72364,2012-03-15T12:00:00Z,1829.0,1829.5264003403968,288.85,81990.0,0.9888413552690615,-3.424778152370389
72364,2012-03-15T12:00:00Z,2134.0,2134.7166356761495,286.15,79070.0,0.9626226921197039,-3.059163248121799
72364,2012-03-15T12:00:00Z,2368.0,2368.8824477157395,284.15,76900.0,0.9427939480438231,-2.7822287880854057
72364,2012-03-15T12:00:00Z,2438.0,2438.9354008795267,284.15,76260.0,0.9349475484762282,-2.903866144971845
72364,2012-03-15T12:00:00Z,2554.0,2555.026549948286,284.15,75200.0,0.9219519491923992,-3.1169091960608797
72364,2012-03-15T12:00:00Z,2743.0,2744.184139402706,282.75,73500.0,0.9055716795380657,-2.9840102293490656
72364,2012-03-15T12:00:00Z,3146.0,3147.5577444039777,279.75,70000.0,0.871698003793823,-2.6615099236389383
72364,2012-03-15T12:00:00Z,3359.0,3360.7758788316255,278.55,68200.0,0.8529416431767652,-2.6307626271547035
72364,2012-03-15T12:00:00Z,3658.0,3660.106207544402,276.05,65710.0,0.8292430156671652,-2.338785465323334
72364,2012-03-15T12:00:00Z,3962.0,3964.4709473171215,273.55,63270.0,0.8057479736185518,-2.0270528807028065
72364,2012-03-15T12:00:00Z,4267.0,4269.866161647566,270.95,60910.0,0.7831366532438838,-1.652776022435054
72364,2012-03-15T12:00:00Z,4549.0,4552.257665945606,268.65,58800.0,0.7624802304541616,-1.3245863258669277
72364,2012-03-15T12:00:00Z,4671.0,4674.434810247642,267.65,57900.0,0.7536148065917934,-1.188667662115117
72364,2012-03-15T12:00:00Z,4877.0,4880.74457566875,265.75,56380.0,0.739077370446302,-0.9230365226929105
72364,2012-03-15T12:00:00Z,5227.0,5231.30156045645,262.45,53900.0,0.7154516584195768,-0.3831473192693724
72364,2012-03-15T12:00:00Z,5665.0,5670.053017579156,258.65,50900.0,0.685556742038126,0.14183612617508778
72364,2012-03-15T12:00:00Z,5800.0,5805.296832009492,258.05,50000.0,0.6750007378451628,0.0785414696275355
72364,2012-03-15T12:00:00Z,6076.0,6081.813191322518,257.45,48200.0,0.6522172015789873,-0.2951646176718059
72364,2012-03-15T12:00:00Z,6096.0,6101.851542593144,257.25,48070.0,0.6509638106956961,-0.26504784702956474
72364,2012-03-15T12:00:00Z,7450.0,7458.741492784419,246.65,40000.0,0.5649590606963528,0.913256646129712
72364,2012-03-15T12:00:00Z,7620.0,7629.145229925411,245.15,39040.0,0.5547738962474292,1.0617058819836211
72364,2012-03-15T12:00:00Z,8971.0,8983.678235670812,233.25,32200.0,0.4809194324467657,2.765170318687593
72364,2012-03-15T12:00:00Z,9144.0,9157.172292868101,231.95,31390.0,0.47144935453206643,2.8664647435406865
72364,2012-03-15T12:00:00Z,9450.0,9464.069332612398,229.65,30000.0,0.4550854092774507,3.0565678159252485
72364,2012-03-15T12:00:00Z,10650.0,10667.872742950176,220.25,25000.0,0.39542324722121286,3.9325493266824996
72364,2012-03-15T12:00:00Z,11887.0,11909.270049436718,210.75,20560.0,0.3398549764786158,7.4076376171573255
72364,2012-03-15T12:00:00Z,11999.0,12021.692086407586,209.85,20200.0,0.3353362493303859,7.867883671048359
72364,2012-03-15T12:00:00Z,12060.0,12082.923615373194,209.65,20000.0,0.33233282213392656,7.935018364476321
72364,2012-03-15T12:00:00Z,12278.0,12301.760669734107,208.65,19300.0,0.3222382027067553,8.316722534782794
72364,2012-03-15T12:00:00Z,12497.0,12521.616706668648,208.95,18620.0,0.31043837954205145,8.016903887507688
72364,2012-03-15T12:00:00Z,12570.0,12594.90542536832,209.05,18400.0,0.30662372670436494,7.924824842286826
72364,2012-03-15T12:00:00Z,12773.0,12798.71716724782,208.05,17800.0,0.298050866535622,8.319858621007103
72364,2012-03-15T12:00:00Z,12912.0,12938.280514021917,209.45,17400.0,0.28940563981632184,7.508761416686172
72364,2012-03-15T12:00:00Z,13019.0,13045.718335551528,212.65,17100.0,0.2801359398877166,5.835997320002528
72364,2012-03-15T12:00:00Z,13106.0,13133.07699277704,212.65,16860.0,0.27620420739806445,5.792020032063339
72364,2012-03-15T12:00:00Z,13130.0,13157.176354380988,212.65,16800.0,0.2752212742756514,5.815239529173599
72364,2012-03-15T12:00:00Z,13319.0,13346.965199520071,215.25,16300.0,0.26380471345276574,4.49418049924355
72364,2012-03-15T12:00:00Z,13411.0,13439.353280086012,214.65,16060.0,0.26064701447371674,4.752107132943095
72364,2012-03-15T12:00:00Z,13595.0,13624.137481080046,213.45,15600.0,0.2546047758495883,5.336158956598203
72364,2012-03-15T12:00:00Z,13840.0,13870.198302802208,213.85,15000.0,0.24435437044789937,5.077429680318302
72364,2012-03-15T12:00:00Z,13966.0,13996.751270101533,213.85,14700.0,0.23946728303894138,5.042344588866454
72364,2012-03-15T12:00:00Z,14140.0,14171.523157758316,216.25,14300.0,0.2303658125071448,3.8609604818380605
72364,2012-03-15T12:00:00Z,14274.0,14306.124136065131,215.85,14000.0,0.22595090716823904,4.045943356548287
72364,2012-03-15T12:00:00Z,14458.0,14490.958627048702,217.45,13600.0,0.21788011859764012,3.2831761823282513
72364,2012-03-15T12:00:00Z,14792.0,14826.500813784478,215.05,12900.0,0.20897213031129327,4.417612646628122
72364,2012-03-15T12:00:00Z,14991.0,15026.436463923743,215.85,12500.0,0.20174188140021343,4.018269421668075
72364,2012-03-15T12:00:00Z,15240.0,15276.624875463729,214.45,12010.0,0.19509900901984992,4.621502212975637
72364,2012-03-15T12:00:00Z,15678.0,15716.76301417044,212.05,11200.0,0.1840000124961637,5.725416992582932
72364,2012-03-15T12:00:00Z,15734.0,15773.04076749652,212.65,11100.0,0.18184262764641254,5.41254892953269
72364,2012-03-15T12:00:00Z,15904.0,15943.89003640199,211.65,10800.0,0.17776390799245906,5.847927600279723
72364,2012-03-15T12:00:00Z,16079.0,16119.773853211806,212.05,10500.0,0.17250001171515347,5.5874906571686145
72364,2012-03-15T12:00:00Z,16380.0,16422.31672961236,210.25,10000.0,0.16569221441231322,6.35034474747127
72364,2012-03-15T12:00:00Z,16764.0,16808.326751947396,208.95,9390.0,0.1565529744307123,6.756835919627369
72364,2012-03-15T12:00:00Z,16966.0,17011.40287643143,208.25,9090.0,0.15206069803069228,7.049579985751442
72364,2012-03-15T12:00:00Z,17069.0,17114.95657505398,207.55,8940.0,0.15005583494911506,7.367947490903237
72364,2012-03-15T12:00:00Z,17374.0,17421.615903228576,205.35,8500.0,0.14419902541105686,8.26086218373323
72364,2012-03-15T12:00:00Z,17588.0,17636.79776904829,203.85,8200.0,0.14013326576283966,8.819272039513093
72364,2012-03-15T12:00:00Z,17983.0,18034.01740965103,204.85,7680.0,0.13060606905338074,7.939106207493318
72364,2012-03-15T12:00:00Z,18288.0,18340.765181799165,205.65,7300.0,0.12366085727467961,7.2346417311912825
72364,2012-03-15T12:00:00Z,18540.0,18594.231515253636,206.25,7000.0,0.11823394742367127,6.684867500903002
72364,2012-03-15T12:00:00Z,18593.0,18647.5424760416,206.35,6940.0,0.11716370694282076,6.606417505123208
72364,2012-03-15T12:00:00Z,18680.0,18735.054854099486,206.45,6840.0,0.11541953522329464,6.470087190804175
72364,2012-03-15T12:00:00Z,19202.0,19260.179578778218,204.05,6270.0,0.107045656095459,7.217480253354336
72364,2012-03-15T12:00:00Z,19464.0,19523.78053373502,202.85,6000.0,0.1030420155194149,7.560671837834376
72364,2012-03-15T12:00:00Z,19812.0,19873.940696429232,203.55,5660.0,0.09686869100165507,6.820539097687983
72364,2012-03-15T12:00:00Z,19842.0,19904.128717971053,203.65,5630.0,0.09630793856688595,6.7057736821473535
72364,2012-03-15T12:00:00Z,20068.0,20131.5543344499,201.85,5420.0,0.09354242823612761,7.435360968223548
72364,2012-03-15T12:00:00Z,20223.0,20287.541458804903,204.65,5280.0,0.08987942392543227,5.8564126365425295
72364,2012-03-15T12:00:00Z,20466.0,20532.104375739786,205.05,5070.0,0.08613631580909899,5.522370651394959
72364,2012-03-15T12:00:00Z,20550.0,20616.64900628388,206.45,5000.0,0.08437100528018614,4.77522424671355
72364,2012-03-15T12:00:00Z,20599.0,20665.967742643148,207.05,4960.0,0.08345349861276827,4.461123722862492
72364,2012-03-15T12:00:00Z,20710.0,20777.692599307833,210.45,4870.0,0.08061542311737692,2.737470410307208
72364,2012-03-15T12:00:00Z,20800.0,20868.283194701486,211.05,4800.0,0.07923079023212816,2.4534514243803374
72364,2012-03-15T12:00:00Z,21336.0,21407.853827759125,210.35,4400.0,0.07286991564194484,2.748867276591338
72364,2012-03-15T12:00:00Z,21535.0,21608.202733254715,210.05,4260.0,0.07065209103623162,2.869954584268153
72364,2012-03-15T12:00:00Z,21641.0,21714.926383615162,210.55,4190.0,0.06932611828828843,2.6780840688007235
72364,2012-03-15T12:00:00Z,21893.0,21968.661098336146,211.65,4020.0,0.06616767686385976,2.057751503312266
72364,2012-03-15T12:00:00Z,21946.0,22022.028508465908,212.45,3990.0,0.06542658716872371,1.7788227228854536
72364,2012-03-15T12:00:00Z,22034.0,22110.640520230376,213.85,3930.0,0.06402084505734963,1.0115491861044656
72364,2012-03-15T12:00:00Z,22555.0,22635.314347753807,211.65,3610.0,0.05941923220859048,1.9332772262435682
72364,2012-03-15T12:00:00Z,22789.0,22870.99248607944,210.65,3480.0,0.0575513992494931,2.5033473504347814
72364,2012-03-15T12:00:00Z,22860.0,22942.505108222318,210.85,3440.0,0.056835926486056274,2.3871219212923567
72364,2012-03-15T12:00:00Z,23465.0,23551.93826884274,212.25,3120.0,0.05120884749596665,1.624639904679115
72364,2012-03-15T12:00:00Z,23470.0,23556.975391644413,212.25,3120.0,0.05120884749596665,1.705843737877899
72364,2012-03-15T12:00:00Z,23710.0,23798.76663967601,214.45,3000.0,0.04873414047123645,0.5716431124875854
72364,2012-03-15T12:00:00Z,23752.0,23841.081992239397,214.65,2980.0,0.048364140917289904,0.4791799192972901
72364,2012-03-15T12:00:00Z,24384.0,24477.89507076484,215.65,2700.0,0.043616660244150195,0.21490097133423092
72364,2012-03-15T12:00:00Z,24540.0,24635.102670056312,215.85,2630.0,0.04244649184660491,-0.023966911291273263
72364,2012-03-15T12:00:00Z,24689.0,24785.26331470701,217.55,2570.0,0.04115400844223643,-0.7455709944806488
72364,2012-03-15T12:00:00Z,24736.0,24832.630890251625,218.05,2550.0,0.04074010988510964,-1.007486805980884
72364,2012-03-15T12:00:00Z,25298.0,25399.08063469641,218.05,2340.0,0.037385042012218254,-0.689394912923702
72364,2012-03-15T12:00:00Z,25368.0,25469.64191605077,218.05,2310.0,0.036905746601805206,-0.8694855590089534
72364,2012-03-15T12:00:00Z,25908.0,26014.02424884589,221.55,2120.0,0.03333513461069752,-2.4755272259237127
72364,2012-03-15T12:00:00Z,25951.0,26057.377204356784,221.85,2110.0,0.033133028104213876,-2.406080712665193
72364,2012-03-15T12:00:00Z,26300.0,26409.26367821895,222.45,2000.0,0.03132100524179713,-2.5187319448575107
72364,2012-03-15T12:00:00Z,26565.0,26676.481329739767,221.65,1920.0,0.030176689877718293,-2.074060058593319
72364,2012-03-15T12:00:00Z,27172.0,27288.64533049039,225.45,1750.0,0.027041197223477708,-3.456411329162723
72364,2012-03-15T12:00:00Z,27432.0,27550.89317643847,225.55,1680.0,0.025948039891251284,-3.4990983610191706
72364,2012-03-15T12:00:00Z,27737.0,27858.557535761014,225.65,1610.0,0.024855851455397322,-3.032303066957731
72364,2012-03-15T12:00:00Z,28346.0,28472.96624370696,225.85,1470.0,0.022674376124807445,-2.6973685982942697
72364,2012-03-15T12:00:00Z,28414.0,28541.577510859068,225.85,1450.0,0.022365881211544758,-2.9959356518364233
72364,2012-07-25T12:00:00Z,1252.0,1252.246636857381,292.95,87600.0,1.0417145027562873,-3.935220920288973
72364,2012-07-25T12:00:00Z,1291.0,1291.262243341371,293.35,87200.0,1.0355438624825184,-4.135449703184779
72364,2012-07-25T12:00:00Z,1391.0,1391.3044479672717,296.15,86200.0,1.0139899147432987,-5.196889971373498
72364,2012-07-25T12:00:00Z,1513.0,1513.360201080901,295.55,85000.0,1.001903903507377,-5.18569275245545
72364,2012-07-25T12:00:00Z,1524.0,1524.3654583098487,295.55,84890.0,1.000607321985191,-5.204792906764
72364,2012-07-25T12:00:00Z,1689.0,1689.4488885028459,294.95,83300.0,0.9838631792099446,-5.246442345350966
72364,2012-07-25T12:00:00Z,1829.0,1829.5264003403968,293.95,81940.0,0.9710925039260672,-5.158220273148062
72364,2012-07-25T12:00:00Z,2134.0,2134.7166356761495,291.85,79070.0,0.9438221118727196,-4.9524740909715925
72364,2012-07-25T12:00:00Z,2438.0,2438.9354008795267,289.65,76310.0,0.9177957184185092,-4.685117285591655
72364,2012-07-25T12:00:00Z,2743.0,2744.184139402706,287.55,73640.0,0.8921513038515413,-4.421766135083982
72364,2012-07-25T12:00:00Z,2971.0,2972.3892234483487,285.95,71700.0,0.8735085523166781,-4.203721071229971
72364,2012-07-25T12:00:00Z,3172.0,3173.5836051217625,284.15,70000.0,0.8581999527056907,-3.910873391611891
72364,2012-07-25T12:00:00Z,3244.0,3245.656331086915,283.55,69400.0,0.8526443635214623,-3.818886656554099
72364,2012-07-25T12:00:00Z,3658.0,3660.106207544402,280.55,66000.0,0.8195430451942485,-3.481165780186024
72364,2012-07-25T12:00:00Z,3962.0,3964.4709473171215,278.45,63610.0,0.7958226215768766,-3.2339017001325465
72364,2012-07-25T12:00:00Z,4028.0,4030.553982865341,277.95,63100.0,0.7908621435005997,-3.165067297573265
72364,2012-07-25T12:00:00Z,4237.0,4239.825987728666,276.75,61500.0,0.7741508462264189,-3.0904351859292856
72364,2012-07-25T12:00:00Z,4267.0,4269.866161647566,276.85,61270.0,0.7709770654409142,-3.1797913909279774
72364,2012-07-25T12:00:00Z,4290.0,4292.897153802706,276.95,61100.0,0.7685603003067482,-3.247122338616848
72364,2012-07-25T12:00:00Z,4410.0,4413.061557003417,276.35,60200.0,0.758883532631579,-3.2371482858316147
72364,2012-07-25T12:00:00Z,4478.0,4481.156734077548,275.95,59700.0,0.7536714072793168,-3.2019499465943513
72364,2012-07-25T12:00:00Z,4628.0,4631.371838584111,275.15,58600.0,0.741935592040366,-3.1676101866314643
72364,2012-07-25T12:00:00Z,4877.0,4880.74457566875,273.65,56810.0,0.7232150304533268,-3.0494613639779233
72364,2012-07-25T12:00:00Z,4950.0,4953.857558216422,273.15,56300.0,0.7180344751655254,-2.9822709049942886
72364,2012-07-25T12:00:00Z,5182.0,5186.227783809519,271.85,54680.0,0.7007083215834932,-2.9123432218156386
72364,2012-07-25T12:00:00Z,5486.0,5490.738603242181,270.15,52630.0,0.6786822715751766,-2.792042706858
72364,2012-07-25T12:00:00Z,5536.0,5540.825411140834,269.85,52300.0,0.6751765857305454,-2.762606409800128
72364,2012-07-25T12:00:00Z,5890.0,5895.462569258162,266.85,50000.0,0.6527410170543161,-2.2537878772816877
72364,2012-07-25T12:00:00Z,6096.0,6101.851542593144,265.05,48700.0,0.6400873720072427,-1.9314401631067235
72364,2012-07-25T12:00:00Z,6192.0,6198.037385596956,265.85,48100.0,0.6302988552405806,-2.3924023813237882
72364,2012-07-25T12:00:00Z,6761.0,6768.198596064098,262.65,44700.0,0.5928819444829401,-2.121267505974067
72364,2012-07-25T12:00:00Z,6830.0,6837.346357506595,262.45,44300.0,0.5880242758439194,-2.160763574898117
72364,2012-07-25T12:00:00Z,6918.0,6925.53698734206,261.85,43800.0,0.5827196173046674,-2.0690873715456304
72364,2012-07-25T12:00:00Z,7010.0,7017.738895793791,261.55,43280.0,0.5764619338981356,-2.100274110043421
72364,2012-07-25T12:00:00Z,7185.0,7193.1303356867165,260.85,42300.0,0.5649208877868461,-2.121860650412255
72364,2012-07-25T12:00:00Z,7442.0,7450.7227181980315,259.05,40900.0,0.5500191594208547,-1.8459600246073182
72364,2012-07-25T12:00:00Z,7610.0,7619.121228081339,257.25,40000.0,0.5416798924033251,-1.437908183974168
72364,2012-07-25T12:00:00Z,7620.0,7629.145229925411,257.15,39950.0,0.5412131766686933,-1.408614843061895
72364,2012-07-25T12:00:00Z,7801.0,7810.585121511932,255.65,39000.0,0.5314432760130511,-1.130347464555248
72364,2012-07-25T12:00:00Z,7925.0,7934.892455174102,254.65,38360.0,0.5247748638350851,-0.9478640294903751
72364,2012-07-25T12:00:00Z,8094.0,8104.319140128833,253.25,37500.0,0.5158458254717007,-0.6859313412686197
72364,2012-07-25T12:00:00Z,8230.0,8240.669058189163,252.55,36820.0,0.5078956789200371,-0.6391530694485281
72364,2012-07-25T12:00:00Z,8604.0,8615.661456654698,250.45,35000.0,0.48683872342048706,-0.4424967290262205
72364,2012-07-25T12:00:00Z,8796.0,8808.188087845405,249.65,34100.0,0.4758399653652874,-0.4343347182315771
72364,2012-07-25T12:00:00Z,9144.0,9157.172292868101,246.45,32510.0,0.4595431042754878,0.26861651133398556
72364,2012-07-25T12:00:00Z,9258.0,9271.503025754359,245.45,32000.0,0.45417690713629794,0.47587062474305775
72364,2012-07-25T12:00:00Z,9449.0,9463.066352917303,244.15,31160.0,0.44460959106233244,0.6719779805509862
72364,2012-07-25T12:00:00Z,9720.0,9734.885412836145,242.25,30000.0,0.4314153322624007,0.9813311832068683
72364,2012-07-25T12:00:00Z,9791.0,9806.103837812501,241.85,29700.0,0.42780756914683027,1.015835237594076
72364,2012-07-25T12:00:00Z,10481.0,10498.309553699526,235.45,26900.0,0.39800789949334475,2.4070894406187815
72364,2012-07-25T12:00:00Z,10980.0,10998.998497585642,231.25,25000.0,0.3766139251912308,3.2249119299975204
72364,2012-07-25T12:00:00Z,11582.0,11603.140872195354,225.85,22820.0,0.3519926960327251,6.019997505033059
72364,2012-07-25T12:00:00Z,12450.0,12474.43171178737,218.05,20000.0,0.31953027360870306,10.359472334135011
72364,2012-07-25T12:00:00Z,12497.0,12521.616706668648,217.55,19850.0,0.3178626722094915,10.600183405570519
72364,2012-07-25T12:00:00Z,12708.0,12733.455830321855,215.45,19200.0,0.3104508383103393,11.67581252265144
72364,2012-07-25T12:00:00Z,13643.0,13672.343818336803,207.85,16500.0,0.2765489551710926,15.284295611837507
72364,2012-07-25T12:00:00Z,13716.0,13745.659021448671,208.55,16300.0,0.27227985888615597,14.81877865599488
72364,2012-07-25T12:00:00Z,13755.0,13784.82810923708,208.85,16200.0,0.27022071673404807,14.653388521528331
72364,2012-07-25T12:00:00Z,14021.0,14051.994221114044,206.85,15500.0,0.26104433901035884,15.50454633566769
72364,2012-07-25T12:00:00Z,14022.0,14052.998647273167,206.85,15500.0,0.26104433901035884,15.522761513250028
72364,2012-07-25T12:00:00Z,14220.0,14251.881266608078,207.05,15000.0,0.25237953209506536,15.230407545839952
72364,2012-07-25T12:00:00Z,14326.0,14358.358883331966,207.25,14740.0,0.24776562427116222,15.03056239714413
72364,2012-07-25T12:00:00Z,14343.0,14375.435813410742,207.25,14700.0,0.24709326165441553,15.026342225930778
72364,2012-07-25T12:00:00Z,14725.0,14759.188619247338,204.85,13800.0,0.2346827803302935,16.032122356449197
72364,2012-07-25T12:00:00Z,14935.0,14970.171896728249,204.85,13330.0,0.22668996100020378,15.853933276594056
72364,2012-07-25T12:00:00Z,15038.0,15073.659278354417,204.85,13100.0,0.22277858132803222,15.71927509397959
72364,2012-07-25T12:00:00Z,15224.0,15260.54792099461,203.45,12700.0,0.2174623782838036,16.31997211914498
72364,2012-07-25T12:00:00Z,15240.0,15276.624875463729,203.45,12670.0,0.2169486876264403,16.338354134348656
72364,2012-07-25T12:00:00Z,15545.0,15583.107333745347,203.45,12040.0,0.20616118382181067,16.000585301978965
72364,2012-07-25T12:00:00Z,15714.0,15752.94145577106,203.45,11700.0,0.2003393563716931,15.76925156176101
72364,2012-07-25T12:00:00Z,15850.0,15889.619275827026,204.65,11440.0,0.19473875183843659,14.972256827685172
72364,2012-07-25T12:00:00Z,15869.0,15908.714438036133,204.85,11400.0,0.193868383751112,14.801839197097188
72364,2012-07-25T12:00:00Z,15976.0,16016.252488412327,204.65,11200.0,0.19065332347818967,14.819048829321169
72364,2012-07-25T12:00:00Z,16139.0,16180.079111103681,205.85,10900.0,0.18446489680546926,13.984570848637269
72364,2012-07-25T12:00:00Z,16154.0,16195.155603907004,205.85,10870.0,0.18395719525462853,13.940038911830378
72364,2012-07-25T12:00:00Z,16600.0,16643.462584418136,205.65,10100.0,0.1710924189690773,13.693040963928137
72364,2012-07-25T12:00:00Z,16660.0,16703.777753873517,206.45,10000.0,0.16874201056037227,13.197107869661085
72364,2012-07-25T12:00:00Z,17098.0,17144.113077845715,204.85,9300.0,0.15815578674432823,13.682303399883121
72364,2012-07-25T12:00:00Z,17356.0,17403.517156328428,205.85,8910.0,0.1507873605997001,12.886341160059311
72364,2012-07-25T12:00:00Z,17374.0,17421.615903228576,205.75,8880.0,0.15035269898035336,12.880879581979855
72364,2012-07-25T12:00:00Z,17618.0,17666.964612279127,204.05,8530.0,0.1456298957726101,13.623878450546467
72364,2012-07-25T12:00:00Z,17678.0,17727.29915533591,204.25,8450.0,0.14412281971975316,13.516976821950944
72364,2012-07-25T12:00:00Z,17983.0,18034.01740965103,204.95,8030.0,0.13649153856253549,12.803139885514604
72364,2012-07-25T12:00:00Z,18288.0,18340.765181799165,205.75,7630.0,0.12918818617343425,12.027760162125677
72364,2012-07-25T12:00:00Z,18593.0,18647.5424760416,206.55,7260.0,0.12244738874953816,11.414001725090174
72364,2012-07-25T12:00:00Z,18810.0,18865.82495366014,207.05,7000.0,0.11777711497769716,10.89501491414766
72364,2012-07-25T12:00:00Z,18898.0,18954.34929664045,207.15,6900.0,0.11603854103466237,10.784728602616479
72364,2012-07-25T12:00:00Z,18932.0,18988.55254208299,207.25,6860.0,0.11531018877206058,10.681172756739056
72364,2012-07-25T12:00:00Z,19507.0,19567.045368036874,205.55,6240.0,0.10575604846527775,11.144801985544328
72364,2012-07-25T12:00:00Z,19690.0,19751.179020103278,205.05,6050.0,0.10278593898324435,11.185994446583724
72364,2012-07-25T12:00:00Z,19812.0,19873.940696429232,206.55,5930.0,0.10001556684363103,10.290710630279666
72364,2012-07-25T12:00:00Z,19966.0,20028.908906072465,208.45,5780.0,0.09659709047900772,9.139460168212432
72364,2012-07-25T12:00:00Z,20117.0,20180.86556822068,212.35,5640.0,0.09252624665517549,7.116403773012037
72364,2012-07-25T12:00:00Z,20161.0,20225.14569331685,213.45,5600.0,0.09139658620241631,6.5664477799439736
72364,2012-07-25T12:00:00Z,20870.0,20938.744325980097,214.05,5000.0,0.08137535174068874,6.4242724869218115
72364,2012-07-25T12:00:00Z,21031.0,21100.81083662748,214.25,4870.0,0.07918560464434993,6.290150188363142
72364,2012-07-25T12:00:00Z,21336.0,21407.853827759125,214.55,4640.0,0.07534033870523248,6.232241302904362
72364,2012-07-25T12:00:00Z,21641.0,21714.926383615162,214.95,4420.0,0.0716346142425842,6.0971697975297445
72364,2012-07-25T12:00:00Z,22250.0,22328.1531690819,215.55,4020.0,0.06497048855595415,6.13095683648317
72364,2012-07-25T12:00:00Z,22555.0,22635.314347753807,215.95,3830.0,0.061785088375607006,5.991886931992152
72364,2012-07-25T12:00:00Z,22860.0,22942.505108222318,216.25,3650.0,0.05879966543014535,5.924700898550084
72364,2012-07-25T12:00:00Z,23165.0,23249.725454761043,216.65,3470.0,0.05579674804442895,5.544410062812122
72364,2012-07-25T12:00:00Z,23207.0,23292.033525226496,216.65,3450.0,0.055475152954835696,5.6434173577167845
72364,2012-07-25T12:00:00Z,23774.0,23863.247400912554,215.75,3150.0,0.05086251793863031,6.041220507984124
72364,2012-07-25T12:00:00Z,24079.0,24170.556434259266,215.25,3010.0,0.04871485812839417,6.623859430369805
72364,2012-07-25T12:00:00Z,24090.0,24181.64026392634,215.25,3000.0,0.048553014745907806,6.456007985613277
72364,2012-07-25T12:00:00Z,24217.0,24309.610904234614,215.05,2940.0,0.04762620644303893,6.557378670645164
72364,2012-07-25T12:00:00Z,24384.0,24477.89507076484,215.95,2860.0,0.04613716782094936,6.006092130687235
72364,2012-07-25T12:00:00Z,24689.0,24785.26331470701,217.45,2730.0,0.04373622968908512,5.482179475601123
72364,2012-07-25T12:00:00Z,25381.0,25482.746325803913,221.05,2450.0,0.03861123311307971,3.9252783821079884
72364,2012-07-25T12:00:00Z,25908.0,26014.02424884589,221.05,2260.0,0.03561689258594291,4.19992934962703
72364,2012-07-25T12:00:00Z,26049.0,26156.183815198183,221.05,2210.0,0.03482890823669638,4.1893066610682705
72364,2012-07-25T12:00:00Z,26506.0,26616.985652406063,223.65,2060.0,0.03208754010515942,3.163382089572986
72364,2012-07-25T12:00:00Z,26700.0,26812.61967884695,223.45,2000.0,0.031180835157922446,3.358711794415292
72364,2012-07-25T12:00:00Z,26822.0,26935.653404200733,223.35,1960.0,0.03057089977039183,3.3015503278997826
72364,2012-07-25T12:00:00Z,27432.0,27550.89317643847,222.75,1790.0,0.0279945457524301,4.111868079640613
72364,2012-07-25T12:00:00Z,27737.0,27858.557535761014,222.45,1710.0,0.026779459481736545,4.472080375739651
72364,2012-07-25T12:00:00Z,27995.0,28118.834473549447,222.25,1640.0,0.02570633631114048,4.420877613752383
72364,2012-07-25T12:00:00Z,28987.0,29119.786901849766,226.25,1410.0,0.021710440306327638,2.9681040103030076
72364,2012-07-25T12:00:00Z,29261.0,29396.31496553539,225.95,1350.0,0.02081419070956183,3.021241766985261
72364,2012-07-25T12:00:00Z,29783.0,29923.197482591622,225.45,1250.0,0.01931514087391265,3.6837560124139523
72364,2012-07-25T12:00:00Z,29870.0,30011.01968801131,226.15,1230.0,0.018947269218939772,3.092205776302692
72364,2012-07-25T12:00:00Z,30223.0,30367.380545425836,228.85,1170.0,0.017810374504619166,2.3603514090748012
72364,2012-07-25T12:00:00Z,30480.0,30626.85241862287,228.15,1130.0,0.01725424962989849,3.1915396338326074
72364,2012-07-25T12:00:00Z,30515.0,30662.190686079324,228.05,1120.0,0.017109056193734495,2.8790933011243025
72364,2012-07-25T12:00:00Z,30760.0,30909.56950720565,229.65,1080.0,0.016383074733988225,2.31934802074103
72364,2012-07-25T12:00:00Z,30785.0,30934.81332144374,229.85,1080.0,0.01636881928501369,2.6262430837461936
72364,2012-07-25T12:00:00Z,31212.0,31366.0084779926,232.65,1010.0,0.015123643224152479,1.284191017286851
72364,2012-07-25T12:00:00Z,31280.0,31434.68193274003,232.45,1000.0,0.01498678773077602,1.4262668019358937
72364,2012-07-25T12:00:00Z,31699.0,31857.86418294067,232.25,940.0,0.014099711860227135,1.788598266839836
72364,2012-07-25T12:00:00Z,31701.0,31859.8842803987,232.25,940.0,0.014099711860227135,1.8199515925597654
72364,2012-10-14T12:00:00Z,1252.0,1252.246636857381,284.55,88000.0,1.0773633284331818,-0.647759188652508
72364,2012-10-14T12:00:00Z,1261.0,1261.2501958538307,284.75,87900.0,1.0753832035991573,-0.7421384429735722
72364,2012-10-14T12:00:00Z,1328.0,1328.2774921256412,287.55,87200.0,1.0564312017362087,-1.8432035526454449
72364,2012-10-14T12:00:00Z,1426.0,1426.319963369387,289.15,86200.0,1.0385374831444854,-2.564260875503621
72364,2012-10-14T12:00:00Z,1524.0,1524.3654583098487,288.95,85200.0,1.0271999807690226,-2.685466352595134
72364,2012-10-14T12:00:00Z,1544.0,1544.3751145121287,288.95,85000.0,1.0247887132085318,-2.7206195767286445
72364,2012-10-14T12:00:00Z,1695.0,1695.452083855554,288.75,83500.0,1.0074014908037296,-2.921402196481948
72364,2012-10-14T12:00:00Z,1829.0,1829.5264003403968,288.05,82180.0,0.9938855214129213,-2.932139508381826
72364,2012-10-14T12:00:00Z,2134.0,2134.7166356761495,286.65,79250.0,0.9631311548421304,-3.0079585526864294
72364,2012-10-14T12:00:00Z,2355.0,2355.872783488509,285.55,77200.0,0.9418315670777725,-3.009409503256222
72364,2012-10-14T12:00:00Z,2438.0,2438.9354008795267,284.95,76430.0,0.934401022273674,-2.960623961391562
72364,2012-10-14T12:00:00Z,2743.0,2744.184139402706,282.65,73680.0,0.9081105769496957,-2.712012273934783
72364,2012-10-14T12:00:00Z,2969.0,2970.3873532629386,280.95,71700.0,0.8890541752445421,-2.5189205862735986
72364,2012-10-14T12:00:00Z,3166.0,3167.577618358096,280.55,70000.0,0.8692123206605666,-2.7382201712493948
72364,2012-10-14T12:00:00Z,3190.0,3191.6016334738106,280.55,69800.0,0.8667288568872507,-2.7750981143397024
72364,2012-10-14T12:00:00Z,3574.0,3576.010560360839,278.15,66600.0,0.8341290980192623,-2.6221304436239823
72364,2012-10-14T12:00:00Z,3658.0,3660.106207544402,278.15,65920.0,0.8256124645860325,-2.7663610026684715
72364,2012-10-14T12:00:00Z,3735.0,3737.1958377032947,278.15,65300.0,0.817847298808676,-2.900951706640531
72364,2012-10-14T12:00:00Z,4078.0,4080.617802731694,275.55,62600.0,0.7914291176990825,-2.5823294397378183
72364,2012-10-14T12:00:00Z,4267.0,4269.866161647566,274.15,61130.0,0.7767911199496425,-2.4496555728441227
72364,2012-10-14T12:00:00Z,4572.0,4575.290703023239,271.95,58830.0,0.7536121503061263,-2.231900213144866
72364,2012-10-14T12:00:00Z,4877.0,4880.74457566875,269.75,56610.0,0.7310882569859095,-1.9940165502012386
72364,2012-10-14T12:00:00Z,5182.0,5186.227783809519,267.55,54480.0,0.7093658062450715,-1.712792890393522
72364,2012-10-14T12:00:00Z,5282.0,5286.392599272863,266.85,53800.0,0.7023493343504441,-1.6199149032011695
72364,2012-10-14T12:00:00Z,5486.0,5490.738603242181,265.05,52400.0,0.6887182401063557,-1.354586563926885
72364,2012-10-14T12:00:00Z,5791.0,5796.280398836399,262.35,50380.0,0.6689831840975469,-0.912186510104207
72364,2012-10-14T12:00:00Z,5850.0,5855.388592763627,261.85,50000.0,0.6652050425852367,-0.8272652126795177
72364,2012-10-14T12:00:00Z,6096.0,6101.851542593144,259.85,48410.0,0.6490086245764641,-0.564604275279168
72364,2012-10-14T12:00:00Z,6401.0,6407.45203874108,257.35,46510.0,0.629593554928923,-0.19462671438293944
72364,2012-10-14T12:00:00Z,6418.0,6424.486372715322,257.25,46400.0,0.6283486751878572,-0.2017459221508089
72364,2012-10-14T12:00:00Z,6706.0,6713.081891509686,257.55,44660.0,0.6040811320758044,-0.8913527152375478
72364,2012-10-14T12:00:00Z,6836.0,6843.359277346364,257.65,43900.0,0.5935707342209551,-1.1706303482533098
72364,2012-10-14T12:00:00Z,7530.0,7538.930350045265,251.45,40000.0,0.5541743977759214,-0.0940597760881734
72364,2012-10-14T12:00:00Z,7620.0,7629.145229925411,250.65,39510.0,0.5491328534004635,0.034091899199073517
72364,2012-10-14T12:00:00Z,8230.0,8240.669058189163,245.35,36310.0,0.5155589057231128,0.8600223261633344
72364,2012-10-14T12:00:00Z,8516.0,8527.423976056394,242.85,34900.0,0.5006398616424094,1.3134892448880775
72364,2012-10-14T12:00:00Z,9144.0,9157.172292868101,237.05,31910.0,0.46894828417583895,2.3207512683884213
72364,2012-10-14T12:00:00Z,9256.0,9269.497188031211,236.05,31400.0,0.46340823796565556,2.493207427053923
72364,2012-10-14T12:00:00Z,9456.0,9470.087217419663,235.25,30500.0,0.4516565510927779,2.3549945934002503
72364,2012-10-14T12:00:00Z,9570.0,9584.429190464576,234.45,30000.0,0.4457682415891089,2.438110233834756
72364,2012-10-14T12:00:00Z,9966.0,9981.649013045944,231.45,28300.0,0.42595856671823057,2.777209446639839
72364,2012-10-14T12:00:00Z,10308.0,10324.7423882739,230.25,26900.0,0.4069965686675701,2.472371179595778
72364,2012-10-14T12:00:00Z,10614.0,10631.752016655131,230.25,25700.0,0.3888405879091655,1.738762335921562
72364,2012-10-14T12:00:00Z,10668.0,10685.933259776322,230.65,25490.0,0.384994462676789,1.421941061693377
72364,2012-10-14T12:00:00Z,10746.0,10764.196683275502,231.25,25200.0,0.3796268365927607,1.0001498035196565
72364,2012-10-14T12:00:00Z,10800.0,10818.380180416976,231.25,25000.0,0.3766139251912308,0.8871178002453739
72364,2012-10-14T12:00:00Z,10882.0,10900.66058755565,230.85,24700.0,0.37273929633123876,0.8951095126487063
72364,2012-10-14T12:00:00Z,11278.0,11298.044681197096,228.35,23270.0,0.35500418595401567,1.9221794984429996
72364,2012-10-14T12:00:00Z,11383.0,11403.419994979027,227.65,22900.0,0.3504337566599274,2.2896998482868414
72364,2012-10-14T12:00:00Z,12215.0,12238.517223677452,222.45,20200.0,0.31634215294215096,5.283691721937078
72364,2012-10-14T12:00:00Z,12280.0,12303.768418749762,221.85,20000.0,0.31405713842856753,5.600049007843877
72364,2012-10-14T12:00:00Z,13106.0,13133.07699277704,214.55,17570.0,0.2852865842782186,9.270761380341419
72364,2012-10-14T12:00:00Z,13316.0,13343.952589836761,212.65,17000.0,0.2784977180170282,10.26196925777585
72364,2012-10-14T12:00:00Z,13770.0,13799.893271255412,210.05,15800.0,0.2620429667540985,11.44690433840021
72364,2012-10-14T12:00:00Z,13928.0,13958.58397266334,210.25,15400.0,0.2551660101949623,11.259903598305797
72364,2012-10-14T12:00:00Z,14090.0,14121.30036911865,208.85,15000.0,0.25020436734634083,11.919311510485997
72364,2012-10-14T12:00:00Z,14326.0,14358.358883331966,207.25,14430.0,0.24255481399137524,12.611330759212347
72364,2012-10-14T12:00:00Z,14381.0,14413.608105783549,206.85,14300.0,0.24083445469987944,12.786570201420044
72364,2012-10-14T12:00:00Z,14685.0,14719.002912450977,206.65,13600.0,0.2292670301914195,12.641723390703064
72364,2012-10-14T12:00:00Z,14866.0,14900.84727857582,208.05,13200.0,0.22102648529607924,11.73711865607443
72364,2012-10-14T12:00:00Z,15149.0,15185.188278320813,206.05,12600.0,0.21302767765609296,12.608181388063478
72364,2012-10-14T12:00:00Z,15240.0,15276.624875463729,205.95,12410.0,0.20991723237443247,12.567748558727665
72364,2012-10-14T12:00:00Z,15393.0,15430.364849694222,205.65,12100.0,0.20497210589364703,12.60005155947448
72364,2012-10-14T12:00:00Z,15493.0,15530.852502013397,206.25,11900.0,0.20099771062024116,12.171689893151072
72364,2012-10-14T12:00:00Z,15699.0,15737.867055181723,205.45,11500.0,0.19499784031256842,12.416356141310958
72364,2012-10-14T12:00:00Z,15850.0,15889.619275827026,204.35,11210.0,0.19110369189083293,12.826145476274986
72364,2012-10-14T12:00:00Z,16242.0,16283.605798511291,201.65,10500.0,0.18139661534440019,13.924016999679845
72364,2012-10-14T12:00:00Z,16530.0,16573.09632953726,201.45,10000.0,0.17293019647648974,13.65279569135498
72364,2012-10-14T12:00:00Z,16910.0,16955.103248401858,203.85,9380.0,0.16029878449456536,11.856996750618531
72364,2012-10-14T12:00:00Z,17301.0,17348.216066497724,201.25,8780.0,0.1519836021585382,12.799353913494071
72364,2012-10-14T12:00:00Z,17983.0,18034.01740965103,201.35,7820.0,0.1352985760055013,11.817218533784413
72364,2012-10-14T12:00:00Z,18246.0,18298.52275231442,201.45,7480.0,0.12935178696441432,11.429193774023982
72364,2012-10-14T12:00:00Z,18288.0,18340.765181799165,202.45,7430.0,0.12785247490037202,10.869475131762464
72364,2012-10-14T12:00:00Z,18325.0,18377.979214447212,203.25,7380.0,0.12649224897013223,10.331785622157463
72364,2012-10-14T12:00:00Z,18593.0,18647.5424760416,203.45,7060.0,0.12088853469950027,9.995611593673503
72364,2012-10-14T12:00:00Z,18615.0,18669.671815960206,203.45,7030.0,0.12037484404213696,9.908837506118973
72364,2012-10-14T12:00:00Z,18640.0,18694.81897961637,203.85,7000.0,0.11962595857803385,9.656502317494908
72364,2012-10-14T12:00:00Z,18700.0,18755.172981789714,205.65,6930.0,0.11739311519363421,8.632701826010525
72364,2012-10-14T12:00:00Z,18949.0,19005.6543024199,205.85,6650.0,0.11254051043636427,8.312645891794567
72364,2012-10-14T12:00:00Z,19144.0,19201.828115340424,208.25,6440.0,0.10773057154209661,6.921116037472674
72364,2012-10-14T12:00:00Z,19202.0,19260.179578778218,207.85,6380.0,0.10693226266615583,7.103904810775585
72364,2012-10-14T12:00:00Z,19532.0,19592.199611376192,205.65,6040.0,0.10231665451220066,7.9548986590437964
72364,2012-10-14T12:00:00Z,19894.0,19956.455299081314,207.85,5690.0,0.09536748817718287,6.533772318091913
72364,2012-10-14T12:00:00Z,20117.0,20180.86556822068,207.55,5480.0,0.09198053417462534,6.484639700397832
72364,2012-10-14T12:00:00Z,20422.0,20487.819987677438,207.05,5220.0,0.08782807716908274,6.830804712183203
72364,2012-10-14T12:00:00Z,20441.0,20506.94271616434,207.05,5200.0,0.08749157112628932,6.749524049813127
72364,2012-10-14T12:00:00Z,20680.0,20747.496306079178,208.45,5000.0,0.08356149695415892,5.976377095266838
72364,2012-10-14T12:00:00Z,20980.0,21049.472106538953,208.85,4760.0,0.07939818590457215,5.700998593604845
72364,2012-10-14T12:00:00Z,21336.0,21407.853827759125,213.85,4490.0,0.07314340822073788,3.134500393248385
72364,2012-10-14T12:00:00Z,21411.0,21483.360731324447,214.85,4440.0,0.07199224532280127,2.746675581170077
72364,2012-10-14T12:00:00Z,21641.0,21714.926383615162,214.45,4280.0,0.069527373738964,2.9761611080752814
72364,2012-10-14T12:00:00Z,21946.0,22022.028508465908,213.95,4080.0,0.06643332337797174,3.3449203997446775
72364,2012-10-14T12:00:00Z,22535.0,22615.171724870786,213.05,3710.0,0.06066392104083579,3.7351742002387667
72364,2012-10-14T12:00:00Z,22555.0,22635.314347753807,213.25,3700.0,0.06044366513327022,3.6906847427946587
72364,2012-10-14T12:00:00Z,23046.0,23129.85563555067,216.85,3420.0,0.05494204068906889,1.9674638854374704
72364,2012-10-14T12:00:00Z,23165.0,23249.725454761043,216.95,3360.0,0.05395326478425193,2.057300867825984
72364,2012-10-14T12:00:00Z,23408.0,23494.515631044385,217.05,3230.0,0.051841891499198337,1.9482522472305641
72364,2012-10-14T12:00:00Z,23470.0,23556.975391644413,217.45,3200.0,0.051265910258268266,1.8191760362928688
72364,2012-10-14T12:00:00Z,23712.0,23800.781643737762,219.05,3080.0,0.04898302090252529,1.1175182307071596
72364,2012-10-14T12:00:00Z,23774.0,23863.247400912554,218.95,3050.0,0.048528067433010275,1.1742184234605935
72364,2012-10-14T12:00:00Z,23880.0,23970.04652854954,218.65,3000.0,0.04779801703204507,1.35116860012503
72364,2012-10-14T12:00:00Z,24079.0,24170.556434259266,218.35,2910.0,0.04642777802305911,1.618049765184626
72364,2012-10-14T12:00:00Z,24384.0,24477.89507076484,217.75,2770.0,0.04431591411348938,1.8215268999906442
72364,2012-10-14T12:00:00Z,24994.0,25092.661170364314,216.65,2520.0,0.04052098128874956,2.576191261777616
72364,2012-10-14T12:00:00Z,25248.0,25348.680674681807,216.25,2420.0,0.038984983655055275,2.7435246881940545
72364,2012-10-14T12:00:00Z,25768.0,25872.87917134076,218.25,2230.0,0.0355949770532972,1.856970947166059
72364,2012-10-14T12:00:00Z,25908.0,26014.02424884589,217.85,2180.0,0.03486077485187593,1.9878493856136936
72364,2012-10-14T12:00:00Z,25971.0,26077.541570371493,217.65,2160.0,0.034572691134026154,2.156692535897875
72364,2012-10-15T00:00:00Z,1252.0,1252.246636857381,298.55,87900.0,1.0256753214699716,-5.414321386695575
72364,2012-10-15T00:00:00Z,1433.0,1433.3231127306783,296.15,86100.0,1.012813592336404,-4.911672526836142
72364,2012-10-15T00:00:00Z,1544.0,1544.3751145121287,294.75,85000.0,1.0046232355610019,-4.634853356050006
72364,2012-10-15T00:00:00Z,1615.0,1615.4104111766974,293.95,84300.0,0.9990614850008234,-4.49012242537793
72364,2012-10-15T00:00:00Z,1829.0,1829.5264003403968,291.95,82180.0,0.9806087495906559,-4.228815843087452
72364,2012-10-15T00:00:00Z,2134.0,2134.7166356761495,289.15,79260.0,0.9549243725525743,-3.834421868690552
72364,2012-10-15T00:00:00Z,2438.0,2438.9354008795267,286.35,76440.0,0.9299542800243183,-3.4224268522231704
72364,2012-10-15T00:00:00Z,2743.0,2744.184139402706,283.55,73720.0,0.9057196322593977,-2.9681597119095127
72364,2012-10-15T00:00:00Z,3130.0,3131.5419359875195,279.95,70400.0,0.8760528240204664,-2.3368037983229284
72364,2012-10-15T00:00:00Z,3177.0,3178.5886027566467,280.35,70000.0,0.8698324114903583,-2.5580664574816447
72364,2012-10-15T00:00:00Z,3224.0,3225.6359655763667,280.95,69600.0,0.8630149316181329,-2.850471980806435
72364,2012-10-15T00:00:00Z,3367.0,3368.784350235205,280.55,68400.0,0.8493446104740393,-2.9607762192909504
72364,2012-10-15T00:00:00Z,3658.0,3660.106207544402,278.45,65970.0,0.8253485040941133,-2.797448032336447
72364,2012-10-15T00:00:00Z,4267.0,4269.866161647566,274.05,61140.0,0.777201686999725,-2.39809607876984
72364,2012-10-15T00:00:00Z,4877.0,4880.74457566875,269.65,56670.0,0.7321345375502697,-1.8537574847673488
72364,2012-10-15T00:00:00Z,5175.0,5179.21636484465,267.45,54600.0,0.7111941032635303,-1.5344220137851527
72364,2012-10-15T00:00:00Z,5541.0,5545.834135304606,265.85,52100.0,0.6827145604580925,-1.623054842802274
72364,2012-10-15T00:00:00Z,5860.0,5865.407039562544,263.05,50000.0,0.6621704634135878,-1.1704214861200102
72364,2012-10-15T00:00:00Z,5922.0,5927.522113911159,262.65,49600.0,0.6578734775470655,-1.1354321871188233
72364,2012-10-15T00:00:00Z,6096.0,6101.851542593144,261.95,48480.0,0.644736585656635,-1.2191285211192393
72364,2012-10-15T00:00:00Z,6382.0,6388.413773403309,260.85,46700.0,0.6236833441996623,-1.3420325282663015
72364,2012-10-15T00:00:00Z,6706.0,6713.081891509686,258.05,44730.0,0.6038556600762826,-0.928344807336845
72364,2012-10-15T00:00:00Z,7251.0,7259.280475122903,253.45,41600.0,0.5717934046698979,-0.17848126780783957
72364,2012-10-15T00:00:00Z,7540.0,7548.9540992870625,250.85,40000.0,0.5554999095904142,0.2607988246740023
72364,2012-10-15T00:00:00Z,7620.0,7629.145229925411,250.05,39560.0,0.5511471051598764,0.4010228601887489
72364,2012-10-15T00:00:00Z,8068.0,8078.252909179173,245.45,37200.0,0.5279806545459463,1.34053077579257
72364,2012-10-15T00:00:00Z,8230.0,8240.669058189163,245.05,36370.0,0.5170430452872755,1.1503681002638544
72364,2012-10-15T00:00:00Z,8343.0,8353.964242458323,244.85,35800.0,0.5093555292100311,0.9848664098546012
72364,2012-10-15T00:00:00Z,8839.0,8851.307627513675,241.35,33390.0,0.4819558127190826,1.3663627108611465
72364,2012-10-15T00:00:00Z,8987.0,8999.723531962913,240.25,32700.0,0.4741573237137047,1.5155601371865668
72364,2012-10-15T00:00:00Z,9144.0,9157.172292868101,239.45,31980.0,0.46526643675274154,1.5174017155715314
72364,2012-10-15T00:00:00Z,9590.0,9604.489609237242,237.05,30000.0,0.44087898857020275,1.5630149598683474
72364,2012-10-15T00:00:00Z,9993.0,10008.733987807662,234.45,28300.0,0.4205080412323927,1.8020520937793272
72364,2012-10-15T00:00:00Z,10342.0,10358.853107198636,233.85,26900.0,0.4007310666483131,1.3251002472985052
72364,2012-10-15T00:00:00Z,10363.0,10379.921675002359,233.65,26820.0,0.39988129951237533,1.3765377269673307
72364,2012-10-15T00:00:00Z,10840.0,10858.51669874499,229.65,25000.0,0.3792378410645423,2.107402700942629
72364,2012-10-15T00:00:00Z,11683.0,11704.511537201326,222.45,22000.0,0.3445310576597684,5.438525536979788
72364,2012-10-15T00:00:00Z,11924.0,11946.409033353391,222.85,21200.0,0.33140673426071515,5.350533812774705
72364,2012-10-15T00:00:00Z,12300.0,12323.845978526799,219.65,20000.0,0.31720271413784523,6.994637164720241
72364,2012-10-15T00:00:00Z,13106.0,13133.07699277704,213.65,17600.0,0.2869775194061895,9.91842509486769
72364,2012-10-15T00:00:00Z,13144.0,13171.234399527588,213.45,17500.0,0.2856143318825509,10.053784063100801
72364,2012-10-15T00:00:00Z,13515.0,13543.795206905734,210.65,16500.0,0.2728730136829414,11.47894729611214
72364,2012-10-15T00:00:00Z,14100.0,14131.344863500617,207.05,15000.0,0.25237953209506536,13.070446510198131
72364,2012-10-15T00:00:00Z,14222.0,14253.8902453022,206.65,14700.0,0.24781068704513726,13.180071854994724
72364,2012-10-15T00:00:00Z,14389.0,14421.64443614752,207.05,14300.0,0.24060182059729562,12.819857426753156
72364,2012-10-15T00:00:00Z,15197.0,15233.418244286233,203.65,12500.0,0.21382757230658514,13.88979555051475
72364,2012-10-15T00:00:00Z,15240.0,15276.624875463729,203.75,12410.0,0.21218382334976377,13.783204003288162
72364,2012-10-15T00:00:00Z,15490.0,15527.837826330222,204.65,11900.0,0.20256915619557653,12.995206754591448
72364,2012-10-15T00:00:00Z,15545.0,15583.107333745347,204.45,11790.0,0.20089299655926954,13.036337645817863
72364,2012-10-15T00:00:00Z,15799.0,15838.364406249078,203.45,11300.0,0.19349014760684888,13.320083045427712
72364,2012-10-15T00:00:00Z,15960.0,16000.171801502838,206.05,11000.0,0.18597654398547797,11.720277387156731
72364,2012-10-15T00:00:00Z,16182.0,16223.298581329416,204.45,10600.0,0.18061626493030172,12.365754484684665
72364,2012-10-15T00:00:00Z,16412.0,16454.48244561739,204.05,10200.0,0.17414125871988545,12.338842144755047
72364,2012-10-15T00:00:00Z,16530.0,16573.09632953726,204.85,10000.0,0.17005998574658948,11.7664422358968
72364,2012-10-15T00:00:00Z,17066.0,17111.9404003344,201.05,9140.0,0.15837266503502914,13.265211010428324
72364,2012-10-15T00:00:00Z,17815.0,17865.067310032842,201.25,8050.0,0.13934715232075542,12.152347954503995
72364,2012-10-15T00:00:00Z,18049.0,18100.393113306684,203.25,7740.0,0.13266260257843135,10.785741067813625
72364,2012-10-15T00:00:00Z,18288.0,18340.765181799165,203.75,7440.0,0.12720770714925403,10.310353673972594
72364,2012-10-15T00:00:00Z,18616.0,18670.67769869757,204.45,7040.0,0.11995646274616265,9.544104912936957
72364,2012-10-15T00:00:00Z,18650.0,18704.87790062536,204.25,7000.0,0.11939168497494344,9.614465964861951
72364,2012-10-15T00:00:00Z,19009.0,19066.014189878217,202.25,6590.0,0.11351022667413822,10.28444722461428
72364,2012-10-15T00:00:00Z,19427.0,19486.55312300636,202.25,6140.0,0.10575914898015307,9.754725590017221
72364,2012-10-15T00:00:00Z,19694.0,19755.20391815021,203.85,5870.0,0.10031491097900838,8.581491318828371
72364,2012-10-15T00:00:00Z,19979.0,20041.990982811953,210.65,5600.0,0.09261144706814982,4.851031722759691
72364,2012-10-15T00:00:00Z,20117.0,20180.86556822068,211.35,5480.0,0.09032675594011588,4.570082658233132
72364,2012-10-15T00:00:00Z,20226.0,20290.560639718205,211.85,5380.0,0.08846916208232997,4.2461562115542195
72364,2012-10-15T00:00:00Z,20422.0,20487.819987677438,211.85,5210.0,0.0856736681131857,4.210261708860852
72364,2012-10-15T00:00:00Z,20680.0,20747.496306079178,211.85,5000.0,0.08222041085718398,4.275552539572214
72364,2012-10-15T00:00:00Z,20726.0,20793.79740595072,211.85,4960.0,0.08156264757032651,4.214014414538703
72364,2012-10-15T00:00:00Z,21031.0,21100.81083662748,211.85,4730.0,0.07778050867089605,4.4041020522372465
72364,2012-10-15T00:00:00Z,21336.0,21407.853827759125,211.85,4500.0,0.07399836977146558,4.340023003346527
72364,2012-10-15T00:00:00Z,21489.0,21561.88980750171,211.85,4390.0,0.07218952073260754,4.33204451344249
72364,2012-10-15T00:00:00Z,21641.0,21714.926383615162,212.75,4280.0,0.07008293912254208,3.7990023484218094
72364,2012-10-15T00:00:00Z,21780.0,21854.88073375379,213.65,4190.0,0.06832021626772351,3.478748102663065
72364,2012-10-15T00:00:00Z,22250.0,22328.1531690819,211.45,3890.0,0.0640884869387253,4.6901846082244125
72364,2012-10-15T00:00:00Z,22324.0,22402.674802926602,211.05,3840.0,0.06338463218570253,4.778345228864356
72364,2012-10-15T00:00:00Z,22555.0,22635.314347753807,212.65,3700.0,0.060614209215470845,3.9832519228824914
72364,2012-10-15T00:00:00Z,22860.0,22942.505108222318,214.65,3520.0,0.05712811276136257,2.913481103646043
72364,2012-10-15T00:00:00Z,22885.0,22967.685990627233,214.85,3510.0,0.056912788532214514,2.9369731947164635
72364,2012-10-15T00:00:00Z,23470.0,23556.975391644413,213.25,3200.0,0.052275602277422895,3.824524403713392
72364,2012-10-15T00:00:00Z,23705.0,23793.729135089652,212.65,3080.0,0.05045723361720276,4.044508129314051
72364,2012-10-15T00:00:00Z,23870.0,23959.97098641759,214.25,3000.0,0.048779633251139584,3.2677986019911565
72364,2012-10-15T00:00:00Z,24079.0,24170.556434259266,214.95,2900.0,0.04700008626775887,2.8706801982421926
72364,2012-10-15T00:00:00Z,24104.0,24195.747011920106,215.05,2890.0,0.046816236945708335,2.877166056941882
72364,2012-10-15T00:00:00Z,24384.0,24477.89507076484,214.55,2760.0,0.04481451181604345,2.967119412262198
72364,2012-10-15T00:00:00Z,24461.0,24555.490161323563,214.45,2730.0,0.04434806782882517,3.151033486332544
72364,2012-10-15T00:00:00Z,24672.0,24768.130535017324,217.25,2640.0,0.04233331209744468,1.8232719507979445
72364,2012-10-15T00:00:00Z,24689.0,24785.26331470701,217.35,2630.0,0.042153555394937516,1.6651167078801876
72364,2012-10-15T00:00:00Z,25174.0,25274.09019469353,219.85,2440.0,0.03866352645697558,0.7082340134344278
72364,2012-10-15T00:00:00Z,25298.0,25399.08063469641,219.85,2390.0,0.03787124107875887,0.602157025820671
72364,2012-10-15T00:00:00Z,25603.0,25706.537629500297,219.85,2280.0,0.0361282132466821,0.7199356835636994
72364,2012-10-15T00:00:00Z,25908.0,26014.02424884589,219.85,2180.0,0.034543642490248674,1.060054531070942
72364,2012-10-15T00:00:00Z,26450.0,26560.51620487824,219.85,2000.0,0.03169141512866851,0.9945785371997085
72364,2012-10-15T00:00:00Z,26518.0,26629.08637829039,219.65,1980.0,0.03140306869964668,1.1538478863933221
72364,2012-10-15T00:00:00Z,26712.0,26824.721146454674,219.25,1920.0,0.030507016243540526,1.3163501529033228
72364,2012-10-15T00:00:00Z,27127.0,27243.258467347034,221.05,1800.0,0.028367436572874886,0.5650313024745834
72364,2012-10-15T00:00:00Z,27432.0,27550.89317643847,222.35,1720.0,0.02694817877127269,0.22042357939557888
72364,2012-10-15T00:00:00Z,28042.0,28166.251549601468,225.05,1570.0,0.024302935919083092,-0.5509623620009063
72364,2012-10-15T00:00:00Z,28234.0,28359.96266495927,225.85,1520.0,0.02344561340796416,-1.1339573811990689
72364,2012-10-15T00:00:00Z,28346.0,28472.96624370696,225.75,1490.0,0.022993051711841146,-1.329834911317218
72364,2012-10-15T00:00:00Z,28651.0,28780.719482183875,225.45,1430.0,0.02209652115975607,-0.5509951217527065
72364,2012-10-15T00:00:00Z,29261.0,29396.31496553539,224.75,1300.0,0.02015031123659422,-0.26467449289196976
72364,2012-10-15T00:00:00Z,29566.0,29704.157218991022,224.45,1240.0,0.019245986731759493,-0.11253329982680027
72364,2012-10-15T00:00:00Z,29575.0,29713.241539571034,224.45,1240.0,0.019245986731759493,0.027301087748266006
72364,2012-10-15T00:00:00Z,29870.0,30011.01968801131,225.95,1190.0,0.01834732366250265,-0.17210160457145074
72364,2012-10-15T00:00:00Z,30131.0,30274.500796394925,227.25,1140.0,0.017475880489071637,-0.9843468641059561
72364,2012-10-15T00:00:00Z,30175.0,30318.92120891014,227.15,1130.0,0.017330209346517016,-1.137582677879423
72364,2012-10-15T00:00:00Z,30480.0,30626.85241862287,226.55,1080.0,0.01660725275948089,-0.6779188838517802
72364,2012-10-15T00:00:00Z,30785.0,30934.81332144374,225.85,1030.0,0.015887488033028346,-0.391519969895493
72364,2012-10-15T00:00:00Z,30804.0,30953.998753707343,225.85,1030.0,0.015887488033028346,-0.098497376575446
72364,2012-10-15T00:00:00Z,31000.0,31151.918360559022,227.25,1000.0,0.01532971972725582,-0.6415718775053647
72364,2012-10-15T00:00:00Z,31706.0,31864.93452963292,230.65,900.0,0.013593370592746571,-1.7609436992766292
72364,2012-10-15T00:00:00Z,32614.0,32782.19219335652,230.65,790.0,0.01193195863141088,-0.39908909716325214
72364,2012-10-15T00:00:00Z,32759.0,32928.694954638726,230.65,770.0,0.011629883729349845,-0.6375818983689552
72365,2012-03-15T12:00:00Z,1620.0,1620.4129566810896,278.75,84100.0,1.0510399560695542,0.52906885865589
72365,2012-03-15T12:00:00Z,1708.0,1708.459046007133,280.15,83200.0,1.0345960265114094,-0.17131251235612543
72365,2012-03-15T12:00:00Z,1829.0,1829.5264003403968,281.95,81990.0,1.013040700370521,-1.0613483571987437
72365,2012-03-15T12:00:00Z,1970.0,1970.6107041044277,283.95,80600.0,0.9888519525491185,-2.048220305237314
72365,2012-03-15T12:00:00Z,2134.0,2134.7166356761495,282.95,79020.0,0.97289379540432,-2.0248126609949457
72365,2012-03-15T12:00:00Z,2136.0,2136.7179798037023,282.95,79000.0,0.9726475555168473,-2.02984961495295
72365,2012-03-15T12:00:00Z,2413.0,2413.9163118573993,282.95,76400.0,0.9406363701454068,-2.560782266575512
72365,2012-03-15T12:00:00Z,2438.0,2438.9354008795267,282.75,76170.0,0.9384679568763873,-2.5382648384565165
72365,2012-03-15T12:00:00Z,2743.0,2744.184139402706,280.25,73390.0,0.9122825610009134,-2.265057967410178
72365,2012-03-15T12:00:00Z,3130.0,3131.5419359875195,277.15,70000.0,0.8798755784280066,-1.910639526605784
72365,2012-03-15T12:00:00Z,3658.0,3660.106207544402,272.85,65540.0,0.8367979075593099,-1.4490343261214789
72365,2012-03-15T12:00:00Z,4089.0,4091.6319488618733,269.25,62100.0,0.8034780092032415,-0.9841153354016252
72365,2012-03-15T12:00:00Z,4267.0,4269.866161647566,268.05,60720.0,0.7891400008315863,-0.8988685563786958
72365,2012-03-15T12:00:00Z,4269.0,4271.868849997096,268.05,60700.0,0.7888800732950805,-0.9104601768599174
72365,2012-03-15T12:00:00Z,4465.0,4468.138425745254,266.25,59200.0,0.7745869875482366,-0.6536430089697731
72365,2012-03-15T12:00:00Z,4531.0,4534.231927187832,266.25,58700.0,0.7680448677209711,-0.7956196966905194
72365,2012-03-15T12:00:00Z,4598.0,4601.328250134442,266.25,58200.0,0.7615027478937056,-0.9328109673820695
72365,2012-03-15T12:00:00Z,4693.0,4696.467253761095,267.05,57500.0,0.7500899886204302,-1.4183064373653242
72365,2012-03-15T12:00:00Z,4877.0,4880.74457566875,265.65,56150.0,0.7363394130256369,-1.2900732068303777
72365,2012-03-15T12:00:00Z,5457.0,5461.6886160002605,261.05,52100.0,0.695267825695399,-0.7322709825881124
72365,2012-03-15T12:00:00Z,5770.0,5775.242154144012,258.45,50000.0,0.673956047208142,-0.4067816968230442
72365,2012-03-15T12:00:00Z,5791.0,5796.280398836399,258.25,49860.0,0.6725894496333847,-0.37803710948483005
72365,2012-03-15T12:00:00Z,6096.0,6101.851542593144,255.75,47860.0,0.6519212815319017,-0.11835258307200114
72365,2012-03-15T12:00:00Z,6555.0,6561.766393274176,251.85,45000.0,0.6224560109622784,0.39728298208974167
72365,2012-03-15T12:00:00Z,6973.0,6980.657372295444,249.05,42500.0,0.5944844382284787,0.5355876328213327
72365,2012-03-15T12:00:00Z,7410.0,7418.6478219208375,244.85,40000.0,0.5691123231396995,1.187226459832491
72365,2012-03-15T12:00:00Z,7620.0,7629.145229925411,243.05,38840.0,0.5567006167597346,1.4126915052230737
72365,2012-03-15T12:00:00Z,7665.0,7674.253628978338,242.65,38600.0,0.5541726848939995,1.4805380976369964
72365,2012-03-15T12:00:00Z,7925.0,7934.892455174102,240.55,37180.0,0.5384459699943552,1.6325801942650653
72365,2012-03-15T12:00:00Z,9144.0,9157.172292868101,230.75,31180.0,0.4707306835710893,2.7096565087666002
72365,2012-03-15T12:00:00Z,9410.0,9423.95039131254,228.65,30000.0,0.4570757237724319,3.003638000638409
72365,2012-03-15T12:00:00Z,9754.0,9768.989811898891,225.45,28470.0,0.4399216485442345,3.404021868072804
72365,2012-03-15T12:00:00Z,10201.0,10217.396334237497,221.25,26600.0,0.4188287290092762,4.051606804531249
72365,2012-03-15T12:00:00Z,10600.0,10617.705178213113,218.65,25000.0,0.3983168086003756,4.03421437577598
72365,2012-03-15T12:00:00Z,10668.0,10685.933259776322,218.15,24730.0,0.39491806977908334,4.036190335956991
72365,2012-03-15T12:00:00Z,11267.0,11287.005564416604,213.85,22500.0,0.3665315556718491,5.049328921249452
72365,2012-03-15T12:00:00Z,11582.0,11603.140872195354,212.25,21390.0,0.35107604100600215,5.743901538436336
72365,2012-03-15T12:00:00Z,11667.0,11688.45260286719,211.85,21100.0,0.3469701338173164,5.917399216843089
72365,2012-03-15T12:00:00Z,12000.0,12022.695872471893,212.65,20000.0,0.3276443741376802,5.410252607422605
72365,2012-03-15T12:00:00Z,12031.0,12053.813397407457,212.85,19900.0,0.3256998274821509,5.2981275095048685
72365,2012-03-15T12:00:00Z,12384.0,12408.173111896478,212.25,18800.0,0.30856613234749136,5.469276321365113
72365,2012-03-15T12:00:00Z,12484.0,12508.565467928443,212.85,18500.0,0.30278627177988904,5.138606168458337
72365,2012-03-15T12:00:00Z,12497.0,12521.616706668648,212.85,18460.0,0.3021315987598244,5.126563000237105
72365,2012-03-15T12:00:00Z,12793.0,12818.797847657926,211.85,17600.0,0.2894158462172876,5.513897864560957
72365,2012-03-15T12:00:00Z,13044.0,13070.821152629323,212.65,16900.0,0.2768594961463398,5.01131144496243
72365,2012-03-15T12:00:00Z,13193.0,13220.43804619258,214.45,16500.0,0.2680377725918005,4.082247947079232
72365,2012-03-15T12:00:00Z,13269.0,13296.755410146801,213.85,16300.0,0.2655317492200507,4.352257088826272
72365,2012-03-15T12:00:00Z,13411.0,13439.353280086012,215.15,15940.0,0.25809825795873126,3.727780742507991
72365,2012-03-15T12:00:00Z,13425.0,13453.412570757271,215.25,15900.0,0.2573309781533114,3.647981638621456
72365,2012-03-15T12:00:00Z,13716.0,13745.659021448671,214.35,15180.0,0.24670979382191127,4.0360360291946895
72365,2012-03-15T12:00:00Z,13748.0,13777.797724679325,214.25,15100.0,0.2455241540307359,4.059825568389286
72365,2012-03-15T12:00:00Z,13790.0,13819.980264784228,214.45,15000.0,0.24367070235618227,3.9605293285638776
72365,2012-03-15T12:00:00Z,13832.0,13862.163363516001,214.85,14900.0,0.24159559804273398,3.7601236839175822
72365,2012-03-15T12:00:00Z,14091.0,14122.304817131573,214.45,14300.0,0.23229940291289375,3.926600275036085
72365,2012-03-15T12:00:00Z,14316.0,14348.313673107396,216.85,13800.0,0.22169595365764638,2.7649762408205936
72365,2012-03-15T12:00:00Z,14326.0,14358.358883331966,216.95,13780.0,0.22127261569255702,2.7306088206381585
72365,2012-03-15T12:00:00Z,14503.0,14536.164346700854,217.85,13400.0,0.21428182707116394,2.3008092489845255
72365,2012-03-15T12:00:00Z,14894.0,14928.978825810424,216.25,12600.0,0.20297966696433736,3.067850102366809
72365,2012-03-15T12:00:00Z,15099.0,15134.949506809488,217.05,12200.0,0.1958114787276222,2.694668221730123
72365,2012-03-15T12:00:00Z,15240.0,15276.624875463729,215.95,11930.0,0.1924532909454286,3.202740524904635
72365,2012-03-15T12:00:00Z,15473.0,15510.754718004671,214.25,11500.0,0.1869885941293684,4.024970939828609
72365,2012-03-15T12:00:00Z,15583.0,15621.294098908673,214.45,11300.0,0.1835652624416573,3.907320214401855
72365,2012-03-15T12:00:00Z,15751.0,15790.1252821512,213.45,11000.0,0.17952900861188917,4.3507235067392624
72365,2012-03-15T12:00:00Z,16344.0,16386.130687200315,210.85,10000.0,0.16522071652923337,5.4474068196355585
72365,2012-03-15T12:00:00Z,18288.0,18340.765181799165,207.75,7280.0,0.12207548362155228,5.859857668959245
72365,2012-03-15T12:00:00Z,18333.0,18386.02554890144,207.65,7230.0,0.12129543839141123,5.9324623197754
72365,2012-03-15T12:00:00Z,18495.0,18548.968191798678,208.65,7040.0,0.11754181072826721,5.310400146936178
72365,2012-03-15T12:00:00Z,18530.0,18584.172943386773,208.45,7000.0,0.1169860957358225,5.3925827284674765
72365,2012-03-15T12:00:00Z,18898.0,18954.34929664045,205.85,6580.0,0.11135587348440255,6.314075584522705
72365,2012-03-15T12:00:00Z,19455.0,19514.72517760293,201.85,6000.0,0.1035525035824291,7.9402489092571304
72365,2012-03-15T12:00:00Z,19507.0,19567.045368036874,201.95,5950.0,0.10263871704735018,7.868628299056479
72365,2012-03-15T12:00:00Z,19625.0,19685.775138978286,202.25,5830.0,0.10041951767985217,7.518475165366301
72365,2012-03-15T12:00:00Z,19812.0,19873.940696429232,204.95,5650.0,0.09603701032108662,5.9034153321367855
72365,2012-03-15T12:00:00Z,19930.0,19992.681896769933,206.65,5540.0,0.09339259906326941,4.921579591435332
72365,2012-03-15T12:00:00Z,20117.0,20180.86556822068,205.65,5370.0,0.09096695939246979,5.311237670764712
72365,2012-03-15T12:00:00Z,20185.0,20249.298748015688,205.25,5310.0,0.09012586830976994,5.494625672229603
72365,2012-03-15T12:00:00Z,20422.0,20487.819987677438,208.05,5110.0,0.08556404089870946,4.07691524474203
72365,2012-03-15T12:00:00Z,20526.0,20592.493168819365,209.25,5020.0,0.08357499458186286,3.384210269502952
72365,2012-03-15T12:00:00Z,20550.0,20616.64900628388,209.45,5000.0,0.08316254017710398,3.27450487340184
72365,2012-03-15T12:00:00Z,20726.0,20793.79740595072,209.65,4860.0,0.08075687577854417,3.1844657715617952
72365,2012-03-15T12:00:00Z,21198.0,21268.925796077005,210.25,4500.0,0.07456149648554095,2.8188222581035483
72365,2012-03-15T12:00:00Z,21336.0,21407.853827759125,211.45,4400.0,0.07249083355537052,2.2143496411964447
72365,2012-03-15T12:00:00Z,21450.0,21522.625027701855,212.45,4320.0,0.07083780866388131,1.7368231177664173
72365,2012-03-15T12:00:00Z,21820.0,21895.156504885756,211.25,4070.0,0.06711750413555911,2.3137524604696758
72365,2012-03-15T12:00:00Z,21946.0,22022.028508465908,212.35,3990.0,0.06545739789967202,1.8267524722251682
72365,2012-03-15T12:00:00Z,22054.0,22130.77995716301,213.25,3920.0,0.06403761278984305,1.3634407219829336
72365,2012-03-15T12:00:00Z,22250.0,22328.1531690819,213.15,3800.0,0.06210640145658815,1.452397215418344
72365,2012-03-15T12:00:00Z,22555.0,22635.314347753807,212.95,3620.0,0.05922008586535978,1.5916430674266735
72365,2012-03-15T12:00:00Z,22941.0,23024.091888550756,212.65,3400.0,0.05569954360340564,1.6501712763669074
72365,2012-03-15T12:00:00Z,23165.0,23249.725454761043,214.55,3280.0,0.05325782563645744,0.7418171315675792
72365,2012-03-15T12:00:00Z,23302.0,23387.732421310044,215.65,3210.0,0.0518553627347119,0.2616509887170215
72365,2012-03-15T12:00:00Z,23470.0,23556.975391644413,215.95,3130.0,0.05049277457327674,0.28365198115536394
72365,2012-03-15T12:00:00Z,23730.0,23818.91673756473,216.45,3000.0,0.04828383656297832,-0.03914428710719564
72365,2012-03-15T12:00:00Z,23774.0,23863.247400912554,216.75,2980.0,0.04789556100528848,-0.14446881997652872
72365,2012-03-15T12:00:00Z,23859.0,23948.887926824125,217.25,2940.0,0.04714391574488158,-0.36996974599365906
72365,2012-03-15T12:00:00Z,24384.0,24477.89507076484,216.75,2710.0,0.043556030310178455,0.07559588023222652
72365,2012-03-15T12:00:00Z,24544.0,24639.133735993462,216.65,2640.0,0.04245055182630906,0.049195382074862515
72365,2012-03-15T12:00:00Z,24689.0,24785.26331470701,217.15,2580.0,0.04139024326359072,-0.1758244936591824
72365,2012-03-15T12:00:00Z,24994.0,25092.661170364314,218.15,2460.0,0.03928420750734109,-0.5546199850006039
72365,2012-03-15T12:00:00Z,25127.0,25226.716065461093,218.65,2410.0,0.03839774034907621,-0.7265336034281034
72365,2012-03-15T12:00:00Z,25603.0,25706.537629500297,217.45,2240.0,0.035886137180787786,0.04506461753763791
72365,2012-03-15T12:00:00Z,25768.0,25872.87917134076,217.05,2180.0,0.03498926423165708,0.12369062551438326
72365,2012-03-15T12:00:00Z,26007.0,26113.837750260278,218.65,2100.0,0.033458611922431554,-0.5715065692410315
72365,2012-03-15T12:00:00Z,26320.0,26429.430267630432,218.05,2000.0,0.03195302736087031,-0.2374943648628669
72365,2012-03-15T12:00:00Z,26681.0,26793.459115635887,218.25,1890.0,0.030167940193153234,-0.29754464346212206
72365,2012-03-15T12:00:00Z,27030.0,27145.426757134894,219.25,1790.0,0.02844143701871747,-0.6981271109881892
72365,2012-03-15T12:00:00Z,27325.0,27442.965492529278,222.25,1710.0,0.026803557982957454,-1.9775691557116448
72365,2012-03-15T12:00:00Z,27432.0,27550.89317643847,222.25,1680.0,0.026333320123607323,-2.0662390790905483
72365,2012-03-15T12:00:00Z,28006.0,28129.93202396678,222.05,1540.0,0.0241606186190006,-1.6888091011217798
72365,2012-03-15T12:00:00Z,28042.0,28166.251549601468,222.35,1530.0,0.023971345069794894,-1.907851544487893
72365,2012-03-15T12:00:00Z,28178.0,28303.462375493553,223.65,1500.0,0.023364713668805402,-2.3341464118972977
72365,2012-03-15T12:00:00Z,28651.0,28780.719482183875,222.45,1400.0,0.02192470366925799,-1.324287819149439
72365,2012-03-15T12:00:00Z,28817.0,28948.23043327309,222.05,1360.0,0.02133665020898754,-1.4514302870171858
72365,2012-03-15T12:00:00Z,28956.0,29088.50238802998,223.15,1330.0,0.020763131591598108,-1.9994064808748213
72365,2012-03-15T12:00:00Z,29261.0,29396.31496553539,225.45,1270.0,0.019624183127895253,-2.8687810778183276
72365,2012-03-15T12:00:00Z,29318.0,29453.843885876264,225.85,1260.0,0.019435179535549237,-2.94712100829434
72365,2012-03-15T12:00:00Z,29808.0,29948.43350121812,225.65,1170.0,0.018062947952058924,-2.660874626802201
72365,2012-03-15T12:00:00Z,30158.0,30301.75870355805,227.85,1110.0,0.016971180499894503,-3.4405271589585062
72365,2012-03-15T12:00:00Z,30480.0,30626.85241862287,226.25,1060.0,0.016321323918232124,-2.387957743093172
72365,2012-03-15T12:00:00Z,30590.0,30737.91686162383,225.65,1040.0,0.016055953735163487,-2.3261662250924298
72365,2012-03-15T12:00:00Z,30850.0,31000.44817224889,226.45,1000.0,0.015383876387806958,-2.5749405797333424
72365,2012-03-15T12:00:00Z,31090.0,31242.80392166782,227.85,960.0,0.01467777772963849,-3.5356191645922297
72365,2012-03-15T12:00:00Z,31122.0,31275.119411082887,228.05,960.0,0.014664905308915281,-3.1428783405148764
72365,2012-07-25T12:00:00Z,1620.0,1620.4129566810896,292.95,83900.0,0.9977151459047089,-4.571301952158214
72365,2012-07-25T12:00:00Z,1651.0,1651.4289145043008,293.35,83600.0,0.9927920516460842,-4.748300166814879
72365,2012-07-25T12:00:00Z,1723.0,1723.4671453835954,293.35,82900.0,0.9844791995389998,-4.864703030157147
72365,2012-07-25T12:00:00Z,1829.0,1829.5264003403968,292.85,81890.0,0.9741453221398889,-4.860066686944043
72365,2012-07-25T12:00:00Z,1859.0,1859.5438129936442,292.75,81600.0,0.9710271246262718,-4.879188381971145
72365,2012-07-25T12:00:00Z,2134.0,2134.7166356761495,290.25,79020.0,0.9484248041676221,-4.488960352897586
72365,2012-07-25T12:00:00Z,2213.0,2213.7706866242206,289.55,78300.0,0.9420550877840743,-4.370788751181365
72365,2012-07-25T12:00:00Z,2438.0,2438.9354008795267,288.85,76250.0,0.9196140180420288,-4.496283308839111
72365,2012-07-25T12:00:00Z,2477.0,2477.9655728595285,288.75,75900.0,0.9157098581078214,-4.524034709065761
72365,2012-07-25T12:00:00Z,2743.0,2744.184139402706,286.55,73550.0,0.8941705682421532,-4.205437667784984
72365,2012-07-25T12:00:00Z,2887.0,2888.3117607370236,285.35,72300.0,0.8826703270361499,-4.031218615984833
72365,2012-07-25T12:00:00Z,2993.0,2994.409878665794,286.35,71400.0,0.8686386132095282,-4.521845161058202
72365,2012-07-25T12:00:00Z,3075.0,3076.488209766575,286.15,70700.0,0.8607237173752759,-4.588943837956427
72365,2012-07-25T12:00:00Z,3159.0,3160.5706481373495,285.55,70000.0,0.8539923535679285,-4.510406029374547
72365,2012-07-25T12:00:00Z,3658.0,3660.106207544402,281.45,65900.0,0.815684609871894,-3.935579592138927
72365,2012-07-25T12:00:00Z,4175.0,4177.743860733361,277.15,61900.0,0.7780614043527657,-3.2393096792232567
72365,2012-07-25T12:00:00Z,4267.0,4269.866161647566,276.75,61200.0,0.7703745006350705,-3.2554621894735902
72365,2012-07-25T12:00:00Z,4572.0,4575.290703023239,275.45,58940.0,0.7454275873829482,-3.293705233485922
72365,2012-07-25T12:00:00Z,4702.0,4705.480570095012,274.95,58000.0,0.7348731437173863,-3.324817934502222
72365,2012-07-25T12:00:00Z,4877.0,4880.74457566875,273.75,56740.0,0.7220600386008824,-3.204293713278672
72365,2012-07-25T12:00:00Z,5182.0,5186.227783809519,271.55,54600.0,0.7004561330061908,-2.9472855755487526
72365,2012-07-25T12:00:00Z,5486.0,5490.738603242181,269.35,52560.0,0.6797926792258125,-2.6329985355250995
72365,2012-07-25T12:00:00Z,5617.0,5621.967713558602,268.45,51700.0,0.6709115081936167,-2.513538423265793
72365,2012-07-25T12:00:00Z,5786.0,5791.271280337837,268.05,50600.0,0.6576166673596553,-2.6495239739280696
72365,2012-07-25T12:00:00Z,5791.0,5796.280398836399,268.05,50570.0,0.6572267760548965,-2.6535109486440334
72365,2012-07-25T12:00:00Z,5880.0,5885.444027809663,267.25,50000.0,0.6517640426602218,-2.508068795113816
72365,2012-07-25T12:00:00Z,6096.0,6101.851542593144,265.95,48630.0,0.6370043257528046,-2.4037974057361744
72365,2012-07-25T12:00:00Z,6395.0,6401.439942642721,264.05,46800.0,0.6174443030308041,-2.1864361577696667
72365,2012-07-25T12:00:00Z,6512.0,6518.677865798754,264.25,46100.0,0.6077486964982804,-2.4483523172844412
72365,2012-07-25T12:00:00Z,6664.0,6670.993414593971,262.85,45200.0,0.5990575694215469,-2.1811052906319794
72365,2012-07-25T12:00:00Z,6802.0,6809.286215165945,263.05,44400.0,0.5880073715112659,-2.4738578933954813
72365,2012-07-25T12:00:00Z,7102.0,7109.943476064245,261.05,42700.0,0.5698260298885516,-2.205363682189143
72365,2012-07-25T12:00:00Z,7228.0,7236.227997690541,261.05,42000.0,0.5604846195625097,-2.4106081427534565
72365,2012-07-25T12:00:00Z,7315.0,7323.427378209549,260.65,41530.0,0.5550630381623799,-2.3841620368625582
72365,2012-07-25T12:00:00Z,7412.0,7420.652493466265,260.25,41000.0,0.5488216373824181,-2.3979244714519954
72365,2012-07-25T12:00:00Z,7600.0,7609.097257813073,258.65,40000.0,0.5387479308747551,-2.0849295368324583
72365,2012-07-25T12:00:00Z,7619.0,7628.142828320088,258.45,39900.0,0.5378169256720973,-2.0386581439172047
72365,2012-07-25T12:00:00Z,7620.0,7629.145229925411,258.45,39890.0,0.5376821344626556,-2.051855542195835
72365,2012-07-25T12:00:00Z,7734.0,7743.421082772933,257.45,39300.0,0.5317870543994647,-1.834938544133835
72365,2012-07-25T12:00:00Z,7850.0,7859.705987604813,256.65,38700.0,0.5253004865393761,-1.713284357411493
72365,2012-07-25T12:00:00Z,7947.0,7956.947489288953,256.05,38200.0,0.5197286876247663,-1.647641687784085
72365,2012-07-25T12:00:00Z,8186.0,8196.55521014148,254.05,37000.0,0.5073651481861788,-1.256154597202619
72365,2012-07-25T12:00:00Z,8514.0,8525.418607200849,251.45,35400.0,0.49044434203169035,-0.7733421140050045
72365,2012-07-25T12:00:00Z,8534.0,8545.472352617233,251.25,35300.0,0.4894482066589717,-0.7392038488902131
72365,2012-07-25T12:00:00Z,9144.0,9157.172292868101,246.15,32470.0,0.4595370745333057,0.26730086999176006
72365,2012-07-25T12:00:00Z,9227.0,9240.412683088674,245.45,32100.0,0.45559620997109884,0.4115983092504161
72365,2012-07-25T12:00:00Z,9477.0,9491.149903840836,243.25,31000.0,0.4439631780003513,0.8697577538756551
72365,2012-07-25T12:00:00Z,9616.0,9630.568342641973,242.05,30400.0,0.43752875754502835,1.1129022448866044
72365,2012-07-25T12:00:00Z,9710.0,9724.854776765795,241.65,30000.0,0.43248650627174245,1.1076761775913546
72365,2012-07-25T12:00:00Z,10058.0,10073.939501864588,238.75,28550.0,0.41658232447723215,1.668203236373822
72365,2012-07-25T12:00:00Z,10119.0,10135.133583764782,238.25,28300.0,0.41380109241105756,1.757998993148413
72365,2012-07-25T12:00:00Z,10889.0,10907.684623260111,231.45,25300.0,0.38080394833820613,3.169950640467367
72365,2012-07-25T12:00:00Z,10970.0,10988.963877817692,231.25,25000.0,0.3766139251912308,3.093290717033814
72365,2012-07-25T12:00:00Z,11330.0,11350.23011499919,228.25,23700.0,0.3617226188392008,4.706109671116132
72365,2012-07-25T12:00:00Z,11582.0,11603.140872195354,225.95,22800.0,0.35152855420593315,5.880198253875046
72365,2012-07-25T12:00:00Z,12440.0,12464.392441372023,218.25,20000.0,0.3192374623614099,10.084613347419769
72365,2012-07-25T12:00:00Z,12497.0,12521.616706668648,217.65,19820.0,0.31723645290574,10.382290661620463
72365,2012-07-25T12:00:00Z,12667.0,12692.291674830421,216.05,19300.0,0.31120111545829426,11.2242831977722
72365,2012-07-25T12:00:00Z,13106.0,13133.07699277704,213.05,17990.0,0.2941627869338641,12.670533664770712
72365,2012-07-25T12:00:00Z,13609.0,13638.197587415856,209.65,16600.0,0.27583624237115906,14.372344990711072
72365,2012-07-25T12:00:00Z,13797.0,13827.010742445691,209.45,16100.0,0.2677833793702748,14.37422590674402
72365,2012-07-25T12:00:00Z,14021.0,14051.994221114044,208.35,15520.0,0.2594993765320523,14.82094526299571
72365,2012-07-25T12:00:00Z,14230.0,14261.926172748566,207.25,15000.0,0.25213598128001585,15.300881099075148
72365,2012-07-25T12:00:00Z,14561.0,14594.430442724573,205.65,14200.0,0.24054577716444528,15.894678350310176
72365,2012-07-25T12:00:00Z,14630.0,14663.748393285796,205.95,14040.0,0.23748895588533697,15.673671432212721
72365,2012-07-25T12:00:00Z,14733.0,14767.225821436123,206.45,13800.0,0.23286397457331373,15.27819908703163
72365,2012-07-25T12:00:00Z,14910.0,14945.054107188811,205.45,13400.0,0.22721487479899277,15.665322489693212
72365,2012-07-25T12:00:00Z,15240.0,15276.624875463729,206.15,12690.0,0.2144452295598334,14.995879126549116
72365,2012-07-25T12:00:00Z,15281.0,15317.822441588996,206.25,12600.0,0.2128211053626083,14.865179644306448
72365,2012-07-25T12:00:00Z,15475.0,15512.76449070071,205.45,12200.0,0.20686727407072475,15.120123005704599
72365,2012-07-25T12:00:00Z,15727.0,15766.005993970388,206.25,11700.0,0.19761959783670768,14.431935833655496
72365,2012-07-25T12:00:00Z,16044.0,16084.596313164337,205.65,11100.0,0.18803226243136215,14.461332509641366
72365,2012-07-25T12:00:00Z,16320.0,16362.006887212667,203.85,10600.0,0.18114788013245126,15.175753097907151
72365,2012-07-25T12:00:00Z,16377.0,16419.30121038315,204.05,10500.0,0.1792630604469409,15.006439088538336
72365,2012-07-25T12:00:00Z,16492.0,16534.89815613647,205.65,10300.0,0.17448038766153426,13.986532381149663
72365,2012-07-25T12:00:00Z,16670.0,16713.830393104457,206.05,10000.0,0.16906958544134362,13.595841190467395
72365,2012-07-25T12:00:00Z,17010.0,17055.638996201116,204.85,9450.0,0.16070668653052705,13.923992882706337
72365,2012-07-25T12:00:00Z,17069.0,17114.95657505398,205.25,9360.0,0.15886593735959448,13.6717517602847
72365,2012-07-25T12:00:00Z,17364.0,17411.561031150886,207.25,8910.0,0.14976877288032941,12.265313948836054
72365,2012-07-25T12:00:00Z,17374.0,17421.615903228576,207.25,8890.0,0.14943259157195604,12.190086970512626
72365,2012-07-25T12:00:00Z,17829.0,17879.14614295741,207.05,8250.0,0.13880874265228593,11.965921329476824
72365,2012-07-25T12:00:00Z,18237.0,18289.47087597138,205.45,7710.0,0.13073333467912196,12.459602800814817
72365,2012-07-25T12:00:00Z,18288.0,18340.765181799165,205.65,7650.0,0.12958980248647933,12.376028663508688
72365,2012-07-25T12:00:00Z,18583.0,18637.483735953978,207.05,7280.0,0.12248819957680504,11.275528046595396
72365,2012-07-25T12:00:00Z,18760.0,18815.52812666949,206.45,7070.0,0.1193006014661832,11.447307916911376
72365,2012-07-25T12:00:00Z,18820.0,18875.88441428816,206.85,7000.0,0.11789099181112979,11.177413423784731
72365,2012-07-25T12:00:00Z,19114.0,19171.64674298936,209.05,6670.0,0.11115110093033229,9.795310270876278
72365,2012-07-25T12:00:00Z,19202.0,19260.179578778218,209.05,6570.0,0.10948466763302596,9.660406766258234
72365,2012-07-25T12:00:00Z,19492.0,19551.952917295355,208.85,6270.0,0.10458542555077047,9.654853818499088
72365,2012-07-25T12:00:00Z,19712.0,19773.316022239986,210.85,6050.0,0.09995853350018619,8.503284438208203
72365,2012-07-25T12:00:00Z,19812.0,19873.940696429232,210.85,5950.0,0.09830632633489385,8.405870536922833
72365,2012-07-25T12:00:00Z,20117.0,20180.86556822068,210.95,5670.0,0.09363573757509874,8.400846638223003
72365,2012-07-25T12:00:00Z,20726.0,20793.79740595072,211.15,5130.0,0.08463780386046356,8.14319513014723
72365,2012-07-25T12:00:00Z,20890.0,20958.87636374197,211.25,5000.0,0.08245393628447066,8.184055655994516
72365,2012-07-25T12:00:00Z,21031.0,21100.81083662748,211.25,4890.0,0.0806399496862123,8.242304921783905
72365,2012-07-25T12:00:00Z,21155.0,21225.63786349888,211.25,4790.0,0.07899087096052289,8.173356247571583
72365,2012-07-25T12:00:00Z,21336.0,21407.853827759125,211.85,4650.0,0.07646498209718111,7.818023770124771
72365,2012-07-25T12:00:00Z,21528.0,21601.155070732937,212.45,4510.0,0.07395336043382054,7.555219239443467
72365,2012-07-25T12:00:00Z,21946.0,22022.028508465908,216.35,4220.0,0.06795065666669609,5.705312443522748
72365,2012-07-25T12:00:00Z,21975.0,22051.229922186856,216.65,4200.0,0.06753496881458258,5.549863368306607
72365,2012-07-25T12:00:00Z,22250.0,22328.1531690819,218.15,4020.0,0.06419614397541104,4.86604513455855
72365,2012-07-25T12:00:00Z,22555.0,22635.314347753807,219.75,3840.0,0.060875206474596225,4.430990895279896
72365,2012-07-25T12:00:00Z,22786.0,22867.970861291004,221.05,3700.0,0.05831084184424282,3.8060569935403965
72365,2012-07-25T12:00:00Z,23470.0,23556.975391644413,218.55,3330.0,0.0530800751805211,5.422287278191429
72365,2012-07-25T12:00:00Z,23678.0,23766.526747772965,217.85,3220.0,0.051491603221578204,5.720900191256906
72365,2012-07-25T12:00:00Z,23774.0,23863.247400912554,218.05,3170.0,0.05064554836697943,5.588869363695248
72365,2012-07-25T12:00:00Z,24130.0,24221.94542367507,218.65,3000.0,0.04779801703204507,5.470468813525509
72365,2012-07-25T12:00:00Z,24384.0,24477.89507076484,219.75,2880.0,0.045656404855947165,4.9014772276046115
72365,2012-07-25T12:00:00Z,24906.0,25003.96629047389,222.05,2660.0,0.0417319776146374,4.176846931267741
72365,2012-07-25T12:00:00Z,25412.0,25513.99552007359,220.45,2460.0,0.03887434732468341,5.148396102962116
72365,2012-07-25T12:00:00Z,25603.0,25706.537629500297,220.85,2390.0,0.037699761608173586,5.101172275926014
72365,2012-07-25T12:00:00Z,25847.0,25952.52455480792,221.25,2300.0,0.03621451416245621,4.931980488791243
72365,2012-10-14T12:00:00Z,1620.0,1620.4129566810896,280.95,84500.0,1.047769564967417,0.2162649824541285
72365,2012-10-14T12:00:00Z,1630.0,1630.418071304847,280.95,84400.0,1.0465296009852072,0.19746875582373757
72365,2012-10-14T12:00:00Z,1699.0,1699.4542203882352,282.95,83700.0,1.030513929072913,-0.6545035799912391
72365,2012-10-14T12:00:00Z,1788.0,1788.5030613795989,282.95,82800.0,1.0194331341366452,-0.8447528706201135
72365,2012-10-14T12:00:00Z,1829.0,1829.5264003403968,282.75,82390.0,1.0151027303012412,-0.8599601396099166
72365,2012-10-14T12:00:00Z,2134.0,2134.7166356761495,280.95,79410.0,0.9846553982729301,-0.8403614393894476
72365,2012-10-14T12:00:00Z,2345.0,2345.8653856897427,279.75,77400.0,0.9638489356234556,-0.8426163987964141
72365,2012-10-14T12:00:00Z,2438.0,2438.9354008795267,279.45,76530.0,0.9540380718471472,-0.9212779071543276
72365,2012-10-14T12:00:00Z,2560.0,2561.031379845098,279.15,75400.0,0.9409614262032026,-1.0588412236032907
72365,2012-10-14T12:00:00Z,2670.0,2671.1219377233206,279.75,74400.0,0.9264904497465776,-1.481020667792854
72365,2012-10-14T12:00:00Z,2743.0,2744.184139402706,279.55,73740.0,0.9189285469623057,-1.5530581107282337
72365,2012-10-14T12:00:00Z,2984.0,2985.401410372594,278.75,71600.0,0.8948211754409047,-1.7350193779218537
72365,2012-10-14T12:00:00Z,3048.0,3049.462183874072,278.25,71040.0,0.8894179425756034,-1.6823284427824214
72365,2012-10-14T12:00:00Z,3168.0,3169.5796126855994,277.35,70000.0,0.8792410909007461,-1.5956905671401733
72365,2012-10-14T12:00:00Z,3416.0,3417.8366776582434,276.15,67900.0,0.8565699477258096,-1.6354885890564774
72365,2012-10-14T12:00:00Z,3658.0,3660.106207544402,274.35,65890.0,0.8366670189916688,-1.4644492723351
72365,2012-10-14T12:00:00Z,3942.0,3944.4460561161463,272.25,63600.0,0.8138180796694255,-1.2541618444726566
72365,2012-10-14T12:00:00Z,4120.0,4122.672020446284,271.25,62200.0,0.7988380529355749,-1.2325136823327587
72365,2012-10-14T12:00:00Z,4236.0,4238.8246534845175,271.65,61300.0,0.7861200476037463,-1.6025546331649432
72365,2012-10-14T12:00:00Z,4267.0,4269.866161647566,271.55,61060.0,0.7833306132116852,-1.628418301062895
72365,2012-10-14T12:00:00Z,4473.0,4476.149686105474,271.05,59500.0,0.7647256560676026,-1.8346197912392448
72365,2012-10-14T12:00:00Z,4554.0,4557.264833730361,270.45,58900.0,0.7586935913932792,-1.7620923969831614
72365,2012-10-14T12:00:00Z,4648.0,4651.401055207098,269.85,58200.0,0.7513437340251958,-1.7292163210707368
72365,2012-10-14T12:00:00Z,4730.0,4733.522162028049,269.05,57600.0,0.7458089549967953,-1.5905937839678752
72365,2012-10-14T12:00:00Z,4877.0,4880.74457566875,267.85,56530.0,0.7352337614982548,-1.4382912424210414
72365,2012-10-14T12:00:00Z,5022.0,5025.970639244907,266.65,55500.0,0.7250859697920427,-1.2635142488918283
72365,2012-10-14T12:00:00Z,5251.0,5255.3411691541305,265.65,53900.0,0.7068333813371652,-1.3256392147275697
72365,2012-10-14T12:00:00Z,5486.0,5490.738603242181,263.55,52280.0,0.6910518993861784,-1.0203355290748228
72365,2012-10-14T12:00:00Z,5830.0,5835.3517938143295,260.45,50000.0,0.6687807272065436,-0.5144243606903465
72365,2012-10-14T12:00:00Z,5968.0,5973.608275369489,259.25,49100.0,0.6597825630616287,-0.3415646292751262
72365,2012-10-14T12:00:00Z,6096.0,6101.851542593144,258.15,48270.0,0.6513932832193361,-0.19924784264764295
72365,2012-10-14T12:00:00Z,6202.0,6208.0569114806185,257.25,47600.0,0.644599071959957,-0.06641414960871783
72365,2012-10-14T12:00:00Z,6459.0,6465.569553408993,256.05,46000.0,0.6258512992340117,-0.13960217946843434
72365,2012-10-14T12:00:00Z,6706.0,6713.081891509686,254.45,44490.0,0.6091132645657702,-0.06575526225232053
72365,2012-10-14T12:00:00Z,6977.0,6984.66616481272,252.65,42900.0,0.5915290752583027,0.08139267303910458
72365,2012-10-14T12:00:00Z,7315.0,7323.427378209549,250.05,40970.0,0.5707911248331683,0.38184876617837205
72365,2012-10-14T12:00:00Z,7346.0,7354.498999278674,249.85,40800.0,0.5688777080935382,0.4027164393942684
72365,2012-10-14T12:00:00Z,7490.0,7498.835668822713,248.65,40000.0,0.5604148494701605,0.5649387556507346
72365,2012-10-14T12:00:00Z,7620.0,7629.145229925411,247.65,39290.0,0.5526902498165234,0.6821334756634378
72365,2012-10-14T12:00:00Z,7674.0,7683.275385519693,247.25,39000.0,0.5494983761890254,0.7297603750611836
72365,2012-10-14T12:00:00Z,7925.0,7934.892455174102,245.25,37650.0,0.5348032910169666,0.9450184259129024
72365,2012-10-14T12:00:00Z,8406.0,8417.130565374364,241.45,35200.0,0.5078711701895414,1.444218182375434
72365,2012-10-14T12:00:00Z,8534.0,8545.472352617233,240.95,34570.0,0.49981646147836845,1.363493053599374
72365,2012-10-14T12:00:00Z,8839.0,8851.307627513675,239.65,33100.0,0.4811590592339875,1.1987871766941272
72365,2012-10-14T12:00:00Z,9144.0,9157.172292868101,237.35,31680.0,0.4649797541101255,1.4548498642098506
72365,2012-10-14T12:00:00Z,9162.0,9175.224240831658,237.25,31600.0,0.4640010551460349,1.462016756402429
72365,2012-10-14T12:00:00Z,9520.0,9534.278696618974,233.85,30000.0,0.4469119702397544,2.0746085780169565
72365,2012-10-14T12:00:00Z,10356.0,10372.898803575565,226.65,26500.0,0.40731298659828136,3.170078740385196
72365,2012-10-14T12:00:00Z,10740.0,10758.17635162541,224.25,25000.0,0.3883699897456951,3.2477511078845334
72365,2012-10-14T12:00:00Z,11008.0,11027.095601187439,221.85,24000.0,0.37686856611428105,3.6894722935240765
72365,2012-10-14T12:00:00Z,11145.0,11164.574289892194,221.25,23500.0,0.3700178620946613,4.027855211415199
72365,2012-10-14T12:00:00Z,11278.0,11298.044681197096,221.65,23020.0,0.36180593801305994,3.8749716673657897
72365,2012-10-14T12:00:00Z,11285.0,11305.069593621036,221.65,23000.0,0.3614915974935004,3.8993469509325918
72365,2012-10-14T12:00:00Z,11399.0,11419.477491845626,222.65,22600.0,0.3536094366100463,3.4774096118933784
72365,2012-10-14T12:00:00Z,11458.0,11478.690211412906,223.85,22400.0,0.34860131918527154,2.965383257122567
72365,2012-10-14T12:00:00Z,11517.0,11537.90403213491,224.25,22200.0,0.3448725508941773,2.816154288048933
72365,2012-10-14T12:00:00Z,11850.0,11872.131498667595,221.65,21100.0,0.33162924813534167,4.198262392884433
72365,2012-10-14T12:00:00Z,11887.0,11909.270049436718,221.95,20980.0,0.3292975057095572,4.0710585672750765
72365,2012-10-14T12:00:00Z,12007.0,12029.722383781638,222.85,20600.0,0.3220272983854119,3.717540645385742
72365,2012-10-14T12:00:00Z,12200.0,12223.459445453007,222.05,20000.0,0.31377426777922857,4.18234169995142
72365,2012-10-14T12:00:00Z,12802.0,12827.83419514991,217.85,18210.0,0.29119940828103696,6.31491548149028
72365,2012-10-14T12:00:00Z,12947.0,12973.423327809322,216.85,17800.0,0.28595565037000764,6.815054073358029
72365,2012-10-14T12:00:00Z,13106.0,13133.07699277704,216.55,17360.0,0.2792734431180228,6.967601859102657
72365,2012-10-14T12:00:00Z,13350.0,13378.095666435876,216.05,16700.0,0.2692776491271251,7.184711047938941
72365,2012-10-14T12:00:00Z,13411.0,13439.353280086012,215.55,16540.0,0.267316388237682,7.432479115883939
72365,2012-10-14T12:00:00Z,13716.0,13745.659021448671,213.35,15750.0,0.2571733828277359,8.448468571659774
72365,2012-10-14T12:00:00Z,14020.0,14050.989795271638,211.05,15000.0,0.24759621947540053,9.536869542350068
72365,2012-10-14T12:00:00Z,14021.0,14051.994221114044,211.05,15000.0,0.24759621947540053,9.554143611586596
72365,2012-10-14T12:00:00Z,14314.0,14346.304634863614,209.05,14300.0,0.23829996151480534,10.42676901981916
72365,2012-10-14T12:00:00Z,14400.0,14432.69442350063,209.05,14100.0,0.2349670949201927,10.368972777646768
72365,2012-10-14T12:00:00Z,14621.0,14654.706835936422,210.65,13600.0,0.22491351430836384,9.393194358144852
72365,2012-10-14T12:00:00Z,14935.0,14970.171896728249,208.95,12920.0,0.21540622253938263,10.087178202912895
72365,2012-10-14T12:00:00Z,15240.0,15276.624875463729,207.25,12290.0,0.20658341399542632,10.779994286324545
72365,2012-10-14T12:00:00Z,15486.0,15523.818263189765,205.85,11800.0,0.19969594333069152,11.322259266063806
72365,2012-10-14T12:00:00Z,15641.0,15679.580043919652,206.25,11500.0,0.19424148505317423,10.960821533675658
72365,2012-10-14T12:00:00Z,16130.0,16171.03324966139,204.05,10600.0,0.18097032768929272,11.666616882706737
72365,2012-10-14T12:00:00Z,16244.0,16285.616058740905,204.25,10400.0,0.1773819319627731,11.437781559964577
72365,2012-10-14T12:00:00Z,16302.0,16343.914157071154,205.45,10300.0,0.17465023958430043,10.72974293333855
72365,2012-10-14T12:00:00Z,16480.0,16522.83567018901,207.05,10000.0,0.16825302139671022,9.71045022125272
72365,2012-10-14T12:00:00Z,17586.0,17634.786656318323,205.25,8330.0,0.1413838951074169,9.755817484673535
72365,2012-10-14T12:00:00Z,18221.0,18273.378714831244,207.25,7500.0,0.12606799064000793,8.173107248771782
72365,2012-10-14T12:00:00Z,18288.0,18340.765181799165,207.05,7420.0,0.124843741876359,8.260400481906371
72365,2012-10-14T12:00:00Z,18593.0,18647.5424760416,206.15,7050.0,0.11913623864435188,8.401209967759637
72365,2012-10-14T12:00:00Z,18640.0,18694.81897961637,206.05,7000.0,0.11834870980894054,8.485697633687629
72365,2012-10-14T12:00:00Z,18657.0,18711.919164217594,206.05,6980.0,0.11801057063805784,8.466114763851685
72365,2012-10-14T12:00:00Z,18879.0,18935.23587814046,208.45,6730.0,0.1124737749002979,7.060120511238521
72365,2012-10-14T12:00:00Z,18898.0,18954.34929664045,208.35,6710.0,0.11219335158054582,7.113635651071215
72365,2012-10-14T12:00:00Z,19175.0,19233.0158336188,206.85,6410.0,0.10795446535847743,7.6683632839128935
72365,2012-10-14T12:00:00Z,19791.0,19852.80925141728,207.05,5790.0,0.09741849938869522,7.071681101319882
72365,2012-10-14T12:00:00Z,19812.0,19873.940696429232,207.45,5770.0,0.09689480222833921,6.84933287287024
72365,2012-10-14T12:00:00Z,19919.0,19981.612614917165,209.45,5670.0,0.0943063205608359,5.764481226383311
72365,2012-10-14T12:00:00Z,20117.0,20180.86556822068,209.25,5490.0,0.09139974507060301,5.812267887832334
72365,2012-10-14T12:00:00Z,20426.0,20491.84581572327,209.05,5220.0,0.08698781811939049,5.877325756312857
72365,2012-10-14T12:00:00Z,20690.0,20757.561705383585,210.25,5000.0,0.08284610720615661,5.239219973783804
72365,2012-10-14T12:00:00Z,20929.0,20998.134202947454,212.25,4810.0,0.0789469732229486,4.237715090804284
72365,2012-10-14T12:00:00Z,21031.0,21100.81083662748,211.75,4730.0,0.07781724090639588,4.453407413300892
72365,2012-10-14T12:00:00Z,21336.0,21407.853827759125,210.15,4500.0,0.07459697661710675,5.184077436397638
72365,2012-10-14T12:00:00Z,21424.0,21496.448776403864,209.65,4440.0,0.0737778865137317,5.51608177071472
72365,2012-10-14T12:00:00Z,21641.0,21714.926383615162,212.25,4290.0,0.07041216530695414,4.28661530981882
72365,2012-10-14T12:00:00Z,21935.0,22010.95218009762,215.65,4090.0,0.06607116311058307,2.5998262271676564
72365,2012-10-14T12:00:00Z,21946.0,22022.028508465908,215.55,4080.0,0.06594019734037138,2.5778043123422245
72365,2012-10-14T12:00:00Z,22429.0,22508.4179471348,213.45,3780.0,0.061692695686631,3.7151564377750246
72365,2012-10-14T12:00:00Z,22555.0,22635.314347753807,214.35,3710.0,0.06029600362841178,3.437372464077537
72365,2012-10-14T12:00:00Z,22860.0,22942.505108222318,216.65,3530.0,0.0567615333132087,2.253106284891593
72365,2012-10-14T12:00:00Z,23165.0,23249.725454761043,216.45,3360.0,0.05407789695053572,2.2930534685832615
72365,2012-10-14T12:00:00Z,23774.0,23863.247400912554,216.15,3060.0,0.04931786792754008,2.820841748298797
72365,2012-10-14T12:00:00Z,23890.0,23980.122102501296,216.05,3000.0,0.048373230382118285,2.7345286579050443
72365,2012-10-14T12:00:00Z,24079.0,24170.556434259266,215.85,2910.0,0.046965509989969685,2.7950019283208727
72365,2012-10-14T12:00:00Z,24193.0,24285.42708279873,215.65,2860.0,0.04620135122158132,2.975217178973688
72365,2012-10-14T12:00:00Z,24384.0,24477.89507076484,216.75,2780.0,0.044681093823725496,2.6605743716035413
72365,2012-10-14T12:00:00Z,24582.0,24677.42911639965,217.85,2690.0,0.043016277225479925,1.9967585196259074
72365,2012-10-14T12:00:00Z,24689.0,24785.26331470701,217.75,2650.0,0.0423960911194032,2.2500596030314624
72365,2012-10-14T12:00:00Z,24994.0,25092.661170364314,217.45,2520.0,0.040371904328386256,2.198812770127012
72365,2012-10-14T12:00:00Z,25603.0,25706.537629500297,216.95,2290.0,0.03677171915355265,2.513931780449208
72365,2012-10-14T12:00:00Z,25908.0,26014.02424884589,216.65,2180.0,0.03505386476566429,2.5527486206136096
72365,2012-10-14T12:00:00Z,26213.0,26321.54049701503,216.45,2080.0,0.033476793350331636,2.770628095744021
72365,2012-10-14T12:00:00Z,26407.0,26517.156414351855,216.25,2020.0,0.032541184703806465,3.0021181477769554
72365,2012-10-14T12:00:00Z,26470.0,26580.683750017375,216.85,2000.0,0.032129848356180636,2.7150408001318294
72365,2012-10-14T12:00:00Z,26518.0,26629.08637829039,217.05,1980.0,0.03177923999022065,2.3655502798723305
72365,2012-10-14T12:00:00Z,26631.0,26743.037130487737,217.65,1950.0,0.03121145727377361,2.342235632795253
72365,2012-10-14T12:00:00Z,27127.0,27243.258467347034,217.85,1800.0,0.02878412602448471,2.042231670470551
72365,2012-10-14T12:00:00Z,27431.0,27549.884489602777,218.05,1720.0,0.02747960353034846,2.180759529502785
72365,2012-10-14T12:00:00Z,27432.0,27550.89317643847,218.05,1720.0,0.02747960353034846,2.19679515193123
72365,2012-10-14T12:00:00Z,27939.0,28062.338451343352,223.45,1590.0,0.024788763950548347,-0.18525192393852308
72365,2012-10-14T12:00:00Z,28042.0,28166.251549601468,223.55,1570.0,0.024466006390470363,0.11633156086645613
72365,2012-10-14T12:00:00Z,28453.0,28580.928755894343,224.05,1470.0,0.022856540271313373,-0.2620506232628217
72365,2012-10-14T12:00:00Z,28682.0,28812.000980391538,226.45,1420.0,0.02184510447068588,-1.2057340589405774
72365,2012-10-14T12:00:00Z,30480.0,30626.85241862287,225.75,1080.0,0.016666104596502307,-0.32594694634161536
72365,2012-10-14T12:00:00Z,30617.0,30765.17872437086,225.65,1060.0,0.016364722076224324,-0.03104979521502127
72365,2012-10-15T00:00:00Z,1620.0,1620.4129566810896,294.55,84300.0,0.9970263911593686,-4.63717944123101
72365,2012-10-15T00:00:00Z,1651.0,1651.4289145043008,293.95,84000.0,0.9955061060506425,-4.487904956110588
72365,2012-10-15T00:00:00Z,1829.0,1829.5264003403968,291.75,82270.0,0.9823556316562595,-4.058206551588506
72365,2012-10-15T00:00:00Z,1857.0,1857.5426433328944,291.35,82000.0,0.9804759301786462,-3.972839435729225
72365,2012-10-15T00:00:00Z,2134.0,2134.7166356761495,288.75,79340.0,0.9572123865912324,-3.604007608541382
72365,2012-10-15T00:00:00Z,2438.0,2438.9354008795267,285.75,76520.0,0.9328822480826076,-3.118351635411021
72365,2012-10-15T00:00:00Z,2743.0,2744.184139402706,282.85,73790.0,0.90882326053991,-2.6356608315694308
72365,2012-10-15T00:00:00Z,2777.0,2778.2136830894733,282.55,73500.0,0.9062126787803506,-2.576816477295074
72365,2012-10-15T00:00:00Z,2890.0,2891.3144889827877,281.55,72500.0,0.8970581196283757,-2.4368456555163176
72365,2012-10-15T00:00:00Z,3178.0,3179.5896032289156,279.55,70000.0,0.8723216475096475,-2.2691064232205793
72365,2012-10-15T00:00:00Z,3560.0,3561.994835363437,276.35,66800.0,0.842083388368596,-1.8371155424334984
72365,2012-10-15T00:00:00Z,3658.0,3660.106207544402,275.95,65990.0,0.833078327744759,-1.8870949131683967
72365,2012-10-15T00:00:00Z,4071.0,4073.6088205084616,274.15,62700.0,0.7967414235374216,-2.0009830939957007
72365,2012-10-15T00:00:00Z,4267.0,4269.866161647566,272.65,61180.0,0.7817035374091158,-1.8327483981423032
72365,2012-10-15T00:00:00Z,4877.0,4880.74457566875,267.95,56660.0,0.7366495288760965,-1.2485006489110884
72365,2012-10-15T00:00:00Z,4913.0,4916.800083062376,267.65,56400.0,0.7340911069391562,-1.2083996427273758
72365,2012-10-15T00:00:00Z,5239.0,5243.32134209616,266.05,54100.0,0.7083894888698429,-1.2375358162047934
72365,2012-10-15T00:00:00Z,5355.0,5359.514906215328,265.85,53300.0,0.6984392720233461,-1.3853969901797103
72365,2012-10-15T00:00:00Z,5592.0,5596.923572240345,263.85,51700.0,0.6826082788500146,-1.086075918779017
72365,2012-10-15T00:00:00Z,5652.0,5657.02984263863,264.05,51300.0,0.6768139475529968,-1.2765961526948422
72365,2012-10-15T00:00:00Z,5758.0,5763.220362499937,263.65,50600.0,0.6685914951100157,-1.3302694536962756
72365,2012-10-15T00:00:00Z,5791.0,5796.280398836399,263.35,50380.0,0.6664429024036128,-1.288445532279614
72365,2012-10-15T00:00:00Z,5850.0,5855.388592763627,262.85,50000.0,0.6626743024574634,-1.2045630433331955
72365,2012-10-15T00:00:00Z,6096.0,6101.851542593144,261.15,48410.0,0.6457778713237382,-1.059591885626221
72365,2012-10-15T00:00:00Z,6401.0,6407.45203874108,259.05,46500.0,0.6253274061875242,-0.8709115401946299
72365,2012-10-15T00:00:00Z,6517.0,6523.68812970956,258.25,45800.0,0.6178218370078022,-0.7756626570977421
72365,2012-10-15T00:00:00Z,6706.0,6713.081891509686,256.55,44650.0,0.6062999757475861,-0.5273178477836038
72365,2012-10-15T00:00:00Z,7520.0,7528.906632378081,249.45,40000.0,0.5586175679324731,0.5905690334985003
72365,2012-10-15T00:00:00Z,7620.0,7629.145229925411,248.45,39450.0,0.5531540711464883,0.7666265910529324
72365,2012-10-15T00:00:00Z,7873.0,7882.762982145076,246.05,38100.0,0.5394357349543569,1.2027699992839258
72365,2012-10-15T00:00:00Z,7925.0,7934.892455174102,245.65,37820.0,0.536343303559024,1.235698376925387
72365,2012-10-15T00:00:00Z,8359.0,8370.006364431267,242.65,35600.0,0.5111022689695954,1.5231326670120282
72365,2012-10-15T00:00:00Z,8534.0,8545.472352617233,241.05,34730.0,0.5019214478427542,1.7903872981251068
72365,2012-10-15T00:00:00Z,8746.0,8758.049822779387,239.05,33700.0,0.49111054520073805,2.1478129873496288
72365,2012-10-15T00:00:00Z,9144.0,9157.172292868101,236.15,31810.0,0.4692603128650465,2.3888334236587205
72365,2012-10-15T00:00:00Z,9550.0,9564.36889811218,233.25,30000.0,0.44806158302493704,2.713376342806195
72365,2012-10-15T00:00:00Z,9754.0,9768.989811898891,232.05,29110.0,0.43701741047804243,2.721377816568671
72365,2012-10-15T00:00:00Z,9828.0,9843.21829644468,231.65,28800.0,0.4331100784413723,2.735444401839904
72365,2012-10-15T00:00:00Z,10486.0,10503.32608646325,226.05,26100.0,0.40222966993715065,3.558432902036701
72365,2012-10-15T00:00:00Z,10668.0,10685.933259776322,225.05,25390.0,0.393026460500331,3.5378697018172867
72365,2012-10-15T00:00:00Z,10770.0,10788.278123717695,224.45,25000.0,0.38802392604353814,3.548760893280911
72365,2012-10-15T00:00:00Z,10850.0,10868.550907386734,224.05,24700.0,0.3840520712254696,3.5351084286757706
72365,2012-10-15T00:00:00Z,10973.0,10991.974260427342,223.05,24240.0,0.37858943871947,3.6737341176894756
72365,2012-10-15T00:00:00Z,11316.0,11336.180106375434,220.45,23000.0,0.36345934490557663,4.976824459626861
72365,2012-10-15T00:00:00Z,11458.0,11478.690211412906,219.45,22500.0,0.3571782783341304,5.498735362636498
72365,2012-10-15T00:00:00Z,11582.0,11603.140872195354,219.55,22070.0,0.3501926271599945,5.4778177963437535
72365,2012-10-15T00:00:00Z,11998.0,12020.688300659693,219.85,20700.0,0.32800614658171906,5.493367161580753
72365,2012-10-15T00:00:00Z,12192.0,12215.428659512838,219.55,20090.0,0.31877525508129995,5.709380069262138
72365,2012-10-15T00:00:00Z,12220.0,12243.53649890788,219.45,20000.0,0.31749180296367147,5.749658181622452
72365,2012-10-15T00:00:00Z,12581.0,12605.949077147025,218.45,18900.0,0.301403201975541,6.271490630054832
72365,2012-10-15T00:00:00Z,13069.0,13095.92416756349,215.65,17500.0,0.28270057565652906,7.650346558751209
72365,2012-10-15T00:00:00Z,13106.0,13133.07699277704,215.55,17400.0,0.2812155474809956,7.711468672745592
72365,2012-10-15T00:00:00Z,13326.0,13353.994633195869,215.25,16800.0,0.2718968825770837,7.818469947433138
72365,2012-10-15T00:00:00Z,14030.0,14061.034067947965,210.65,15000.0,0.2480663760754013,9.918058973331556
72365,2012-10-15T00:00:00Z,14196.0,14227.773621103117,209.25,14600.0,0.24306671730980034,10.559194181424857
72365,2012-10-15T00:00:00Z,14326.0,14358.358883331966,208.65,14290.0,0.23858984024246285,10.770505739321191
72365,2012-10-15T00:00:00Z,14453.0,14485.93580890757,208.05,14000.0,0.23442202985947797,11.03706861540099
72365,2012-10-15T00:00:00Z,14858.0,14892.809739277202,207.45,13100.0,0.21998646606434033,11.07114463161536
72365,2012-10-15T00:00:00Z,15190.0,15226.384662109229,205.65,12400.0,0.2100540589323325,11.756502887404864
72365,2012-10-15T00:00:00Z,15240.0,15276.624875463729,205.75,12300.0,0.20825880602008404,11.678420328034967
72365,2012-10-15T00:00:00Z,15438.0,15475.583901037764,206.05,11900.0,0.2011928066751989,11.310983995682511
72365,2012-10-15T00:00:00Z,15803.0,15842.384366223238,203.85,11200.0,0.19140153372485416,12.167586352712533
72365,2012-10-15T00:00:00Z,15965.0,16005.197007444327,204.25,10900.0,0.18590990946098337,11.768336724712647
72365,2012-10-15T00:00:00Z,16188.0,16229.329251686519,203.05,10500.0,0.18014591225904109,12.179222754887364
72365,2012-10-15T00:00:00Z,16480.0,16522.83567018901,205.05,10000.0,0.1698941140218915,10.780535080762622
72365,2012-10-15T00:00:00Z,16820.0,16864.623787016484,206.05,9450.0,0.1597707582420697,9.917471325623772
72365,2012-10-15T00:00:00Z,17400.0,17447.758719089576,204.05,8580.0,0.146483529393786,10.427824492287808
72365,2012-10-15T00:00:00Z,18253.0,18305.56311835284,204.85,7440.0,0.12652462939546258,9.114134503932213
72365,2012-10-15T00:00:00Z,18288.0,18340.765181799165,204.95,7400.0,0.12578298696921078,9.074883037255454
72365,2012-10-15T00:00:00Z,18568.0,18622.39568533517,205.85,7060.0,0.11947909829785441,8.285448653783112
72365,2012-10-15T00:00:00Z,18593.0,18647.5424760416,206.75,7030.0,0.11845350433070262,7.779994907352861
72365,2012-10-15T00:00:00Z,18620.0,18674.70123282108,207.65,7000.0,0.11743680065558487,7.310817762290522
72365,2012-10-15T00:00:00Z,18824.0,18879.908207427583,209.45,6770.0,0.11260207939979879,6.256691216109234
72365,2012-10-15T00:00:00Z,18898.0,18954.34929664045,209.05,6690.0,0.11148438758979355,6.43677102829856
72365,2012-10-15T00:00:00Z,19202.0,19260.179578778218,207.15,6360.0,0.10695726391021053,7.128946185535856
72365,2012-10-15T00:00:00Z,19321.0,19379.904028516223,206.45,6240.0,0.10529501458967229,7.461739120045152
72365,2012-10-15T00:00:00Z,19786.0,19847.77797562877,207.85,5780.0,0.09687593702357064,6.391439705313662
72365,2012-10-15T00:00:00Z,19812.0,19873.940696429232,208.45,5760.0,0.09626284449119107,6.152450676248367
72365,2012-10-15T00:00:00Z,19914.0,19976.581135869987,210.65,5660.0,0.09360371257245143,4.893771462302254
72365,2012-10-15T00:00:00Z,20117.0,20180.86556822068,210.75,5480.0,0.09058391396414468,4.867791078612438
72365,2012-10-15T00:00:00Z,20680.0,20747.496306079178,210.85,5000.0,0.08261035826461668,4.770101045806863
72365,2012-10-15T00:00:00Z,20842.0,20910.559686637655,210.65,4870.0,0.08053888343248028,4.854608564240204
72365,2012-10-15T00:00:00Z,21210.0,21281.006254226148,214.25,4590.0,0.07463283887424356,3.1167341798540082
72365,2012-10-15T00:00:00Z,21336.0,21407.853827759125,214.15,4500.0,0.07320361725932749,3.219397026658699
72365,2012-10-15T00:00:00Z,21641.0,21714.926383615162,213.85,4280.0,0.06972244703446728,3.265081831315131
72365,2012-10-15T00:00:00Z,21946.0,22022.028508465908,213.65,4080.0,0.06652660677143483,3.4900337913661206
72365,2012-10-15T00:00:00Z,23121.0,23205.40331609997,212.65,3380.0,0.05537189922926796,4.006062190608439
72365,2012-10-15T00:00:00Z,23165.0,23249.725454761043,212.95,3360.0,0.05496670953248864,3.97431990267596
72365,2012-10-15T00:00:00Z,23404.0,23490.48601106332,214.65,3230.0,0.05242153528954577,3.0222652310677445
72365,2012-10-15T00:00:00Z,23470.0,23556.975391644413,214.45,3200.0,0.05198308316931888,3.2435524788616554
72365,2012-10-15T00:00:00Z,23542.0,23629.510841871375,214.25,3160.0,0.05138121369120036,3.2284882253171387
72365,2012-10-15T00:00:00Z,23807.0,23896.49580267297,217.45,3030.0,0.04854240877579776,1.738255420605861
72365,2012-10-15T00:00:00Z,23870.0,23959.97098641759,217.25,3000.0,0.04810603647436896,1.841776066635692
72365,2012-10-15T00:00:00Z,24174.0,24266.28168749858,216.05,2860.0,0.046115812964286094,2.474075909544182
72365,2012-10-15T00:00:00Z,24354.0,24447.663728133924,218.05,2780.0,0.044414708031609726,1.5626141125635096
72365,2012-10-15T00:00:00Z,24384.0,24477.89507076484,218.05,2770.0,0.044254942894805374,1.681437663255947
72365,2012-10-15T00:00:00Z,24994.0,25092.661170364314,217.35,2510.0,0.04023019925524455,1.840095724708779
72365,2012-10-15T00:00:00Z,25109.0,25208.572968181947,217.25,2470.0,0.03960730336389711,2.1088285741081014
72365,2012-10-15T00:00:00Z,26184.0,26292.299972419598,221.65,2090.0,0.0328485842939746,0.38169543253419036
72365,2012-10-15T00:00:00Z,26213.0,26321.54049701503,221.65,2080.0,0.032691414034194816,0.3595869673980845
72365,2012-10-15T00:00:00Z,26470.0,26580.683750017375,221.45,2000.0,0.03146244125553294,0.5814251411541349
72365,2012-10-15T00:00:00Z,26518.0,26629.08637829039,221.45,1990.0,0.03130512904925528,0.8383700395467875
72365,2012-10-15T00:00:00Z,26872.0,26986.078432277063,221.85,1880.0,0.029521371012285347,0.5429354949684662
72365,2012-10-15T00:00:00Z,27127.0,27243.258467347034,220.65,1810.0,0.02857674435764415,1.3070456143105869
72365,2012-10-15T00:00:00Z,27372.0,27490.372530450783,219.45,1740.0,0.02762178685783942,1.7627970400478477
72365,2012-10-15T00:00:00Z,27432.0,27550.89317643847,220.45,1720.0,0.027180437966851816,1.0841967923729046
72365,2012-10-15T00:00:00Z,27560.0,27680.007722927647,222.65,1690.0,0.026442475569512312,0.334349081361518
72365,2012-10-15T00:00:00Z,27737.0,27858.557535761014,222.55,1640.0,0.0256716838694719,0.15042396285631643
72365,2012-10-15T00:00:00Z,28042.0,28166.251549601468,222.35,1570.0,0.024598046901684954,0.6566490687281101
72365,2012-10-15T00:00:00Z,28166.0,28291.35530069842,222.25,1540.0,0.02413887677997338,0.7126993611802801
72365,2012-10-15T00:00:00Z,28346.0,28472.96624370696,223.55,1500.0,0.023375165341213724,0.30993067375348904
72365,2012-10-15T00:00:00Z,28651.0,28780.719482183875,225.85,1430.0,0.02205738629828207,-0.7271279619178617
72365,2012-10-15T00:00:00Z,28793.0,28924.01143905007,226.85,1400.0,0.021499450435205816,-1.07050161979505
72365,2012-10-15T00:00:00Z,29566.0,29704.157218991022,224.35,1250.0,0.019409844038438186,0.7378928951283781
72365,2012-10-15T00:00:00Z,29594.0,29732.419634553953,224.25,1240.0,0.01926315149138648,0.4126062364840033
72365,2012-10-15T00:00:00Z,30175.0,30318.92120891014,226.55,1140.0,0.017529877912785385,0.0014524445381969286
72365,2012-10-15T00:00:00Z,30387.0,30532.95549349794,227.45,1100.0,0.01684786409681589,-0.6795481152031213
72365,2012-10-15T00:00:00Z,30480.0,30626.85241862287,227.35,1080.0,0.016548815098572228,-1.0274137811155382
72365,2012-10-15T00:00:00Z,31020.0,31172.11492842109,226.45,1000.0,0.015383876387806958,0.017929060418153675
72365,2012-10-15T00:00:00Z,31578.0,31735.65066334787,230.45,920.0,0.013907504896408657,-1.4528857962806452
72365,2012-10-15T00:00:00Z,31699.0,31857.86418294067,230.55,900.0,0.013599266654595519,-1.8242142853297283
72365,2012-10-15T00:00:00Z,31878.0,32038.667965029577,230.65,880.0,0.013291295690685536,-1.366957956678172
