time_s,height_m,speed_mps,temperature_k,pressure_pa,density_kg_m3,sound_mps,mach,cd,area_m2,drag_g,spin_g,recovery_k,stagnation_k,theta_deg,spin_rpm
0.0,40000.0,0.0,250.3496461024211,287.14276986054875,0.0039956644549431364,317.18924664001145,0.0,0.6,1.3569699349930187,0.0,0.00012746452662224105,250.3496461024211,250.3496461024211,0.0,0.477464829275686
0.15006412160515806,39999.89095749757,1.4532783446594588,250.34934458988764,287.14698935555015,0.003995727982603877,317.1890556340251,0.0045817417683422885,0.6,1.3569699349930187,1.8437868920312487e-06,0.00012746245089531518,250.3502822752154,250.35039567448254,0.0,0.477460941564087
0.3001282432103161,39999.56383039001,2.906551361565242,250.34844005333093,287.15964822847155,0.003995918571885561,317.18848261603733,0.009163483294201693,0.6,1.3569699349930187,7.3754723111139335e-06,0.00012745657683691604,250.35219078089162,250.35264437629735,0.0,0.4774499396347042
0.4501923648154742,39999.01861987666,4.359813721920153,250.34693249588216,287.18074764312195,0.0039962362416876,317.1875275859612,0.013745224331806668,0.6,1.3569699349930187,1.6596030552829823e-05,0.00012744743415173422,250.35537158132618,250.35639216475275,0.0,0.4774328151642387
0.6002564864206322,39998.25532795664,5.813060095007812,250.34482192276073,287.210289539381,0.003996681023512484,317.1861905436527,0.01832696462933745,0.6,1.3569699349930187,2.9507085666916832e-05,0.00012743555254745345,250.35982461296834,250.36163896798118,0.0,0.477410559714231
0.7503206080257903,39997.27395742916,7.266285147378573,250.34210834127498,287.2482766334931,0.003997252961470964,317.1844714889105,0.022908703926360467,0.6,1.3569699349930187,4.611091179545882e-05,0.00012742146172117294,250.36554978682378,250.3683846853421,0.0,0.4773841648224798
0.9003847296309484,39996.07451189412,8.71948354168415,250.33879176082394,287.29471241848216,0.003997952112289336,317.18237042147786,0.02749044195015485,0.6,1.3569699349930187,6.641043364258374e-05,0.00012740569137784197,250.37254698843086,250.37662918739463,0.0,0.4773546221338515
1.0504488512361063,39994.65699575279,10.172649935661422,250.3348721928991,287.34960116468113,0.0039987785453187595,317.1798873410432,0.032072178412508937,0.6,1.3569699349930187,9.040922707842186e-05,0.00012738877125068054,250.380816077829,250.38637231586227,0.0,0.4773229235142628
1.2005129728412645,39993.02141420838,11.625778981488597,250.33034965108612,287.4129479203892,0.0039997323425467884,317.1770222472411,0.03665391300769021,0.6,1.3569699349930187,0.00011811151988464583,0.00012737123111023402,250.3903568895234,250.39761388359315,0.0,0.4772900611228213
1.3505770944464226,39991.16777326711,13.078865324655588,250.3252241510678,287.4847585126362,0.004000813598610835,317.1737751396547,0.04123564540888299,0.6,1.3569699349930187,0.00014952219262876385,0.0001273536008134389,250.40116923244082,250.41035367450988,0.0,0.4772570275383625
1.5006412160515805,39989.096079739546,14.53190360275703,250.31949571062768,287.56503954806175,0.004002022420813638,317.17014601781756,0.045817375264381524,0.6,1.3569699349930187,0.00018464677966908275,0.0001273364103680893,250.4132528898763,250.42459144354953,0.0,0.47722481589427557
1.6507053376567387,39986.80634124132,15.9848884449443,250.31316434965214,287.65379841394173,0.004003358929141267,317.166134881215,0.05039910219586009,0.6,1.3569699349930187,0.00022349147030978898,0.0001273201899689786,250.4266076194386,250.44032691660232,0.0,0.4771944199396461
1.8007694592618968,39984.29856619468,17.437814470826616,250.30623009013465,287.751043279307,0.004004823256282809,317.1617417292869,0.054980825794905125,0.6,1.3569699349930187,0.0002660631100812159,0.00012730547007782365,250.4412331529856,250.45755979043838,0.0,0.477166834161779
1.9508335808670547,39981.5727638304,18.890676289273706,250.29869295618118,287.85678309617015,0.004006415547651993,317.15696656143126,0.059562545619235845,0.6,1.3569699349930187,0.0003123692021507022,0.0001272927815197953,250.4571291965505,250.47628973262476,0.0,0.47714305391913503
2.1008977024722126,39978.62894418896,20.343468497669253,250.29055297401334,287.9710276009133,0.004008135961411542,317.15180937700575,0.06414426119034528,0.6,1.3569699349930187,0.00036241790888220715,0.00012728265556436678,250.47429543026536,250.49651638143902,0.0,0.4771240755240979
2.250961824077371,39975.467118122266,21.796185681026728,250.28181017197332,288.09378731577345,0.00400998466849928,317.1462701753312,0.06872597199070611,0.6,1.3569699349930187,0.00041621805353057347,0.000127275624025322,250.4927315082779,250.51823934577564,0.0,0.4771108963407796
2.401025945682529,39972.087297296086,23.248822410800265,250.2724645805305,288.22507355042706,0.004011961852656076,317.14034895569574,0.07330767746001347,0.6,1.3569699349930187,0.0004737791220615113,0.00012727221938970914,250.5124370586574,250.54145820503945,0.0,0.47710451491611683
2.551090067287687,39968.48949419205,24.701373243862392,250.26251623228717,288.36489840372235,0.004014067710456287,317.1340457173582,0.07788937699195243,0.6,1.3569699349930187,0.0005351112651127293,0.00012727297494797112,250.5334116832941,250.56617250903238,0.0,0.47710593109210864
2.701154188892845,39964.67372210933,26.153832721840512,250.25196516198304,288.51327476554405,0.004016302451340523,317.12736045955126,0.0824710699320955,0.6,1.3569699349930187,0.0006002253001084473,0.00012727842491423315,250.55565495779845,250.59238177784002,0.0,0.4771161460784149
2.851218310498003,39960.63999516746,27.60619536996144,250.24081140650324,288.6702163187634,0.004018666297649996,317.1202931814861,0.08705275557424695,0.6,1.3569699349930187,0.0006691327134928841,0.00012728910458660434,250.5791664313867,250.62008550170214,0.0,0.47713616257863467
3.001282432103161,39956.38832830943,29.05845569581289,250.22905500488676,288.83573754130936,0.004021159484663017,317.11284388235816,0.09163443315652309,0.6,1.3569699349930187,0.0007418456630952625,0.00012730555052321225,250.60394562675617,250.64928314087217,0.0,0.4771669849246069
3.1513465537083194,39951.91873730315,30.510608188780953,250.2166959983307,289.0098537084183,0.004023782260634486,317.10501256134955,0.09621610185956345,0.6,1.3569699349930187,0.000818376980666218,0.0001273283006905776,250.6299920399654,250.67997412548212,0.0,0.4772096191372456
3.3014106753134773,39947.23123874493,31.962647318917533,250.20373443019977,289.19258089494855,0.004026534886836681,317.0967992176353,0.10079776080294138,0.6,1.3569699349930187,0.0008987401745280585,0.00012735789465636476,250.65730514029934,250.71215785539044,0.0,0.47726507304875837
3.4514747969186352,39942.325850062996,33.41456753570349,250.1901703460362,289.38393597781237,0.004029417637602127,317.0882038503893,0.10537940904124386,0.6,1.3569699349930187,0.000982949432356611,0.00012739487379923636,250.6858843701232,250.74583370001702,0.0,0.47733435643493705
3.6015389185237936,39937.20258951981,34.86636326727997,250.1760037935662,289.58393663858345,0.004032430800369435,317.07922645878847,0.10996104556162602,0.6,1.3569699349930187,0.0010710196241287405,0.0001274397815036946,250.71572914473845,250.78100099818067,0.0,0.4774184810971429
3.7516030401289515,39931.86147621525,36.318028919529496,250.1612348227086,289.79260136620724,0.004035574675731008,317.0698670420187,0.11454266928088933,0.6,1.3569699349930187,0.001162966305204885,0.00012749316337514412,250.74683885223,250.8176590579274,0.0,0.4775184609598207
3.9016671617341094,39926.30253009084,37.76955887484137,250.14586348558683,290.0099494597948,0.004038849577482331,317.06012559928166,0.11912427904156152,0.6,1.3569699349930187,0.0012588057195333955,0.0001275555674844857,250.77921285329998,250.85580715634194,0.0,0.47763531220073757
4.051731283339268,39920.52577193325,39.22094749105139,250.12988983653858,290.2360010315756,0.0040422558326739765,317.05000212980144,0.12370587360852371,0.6,1.3569699349930187,0.0013585548030058152,0.000127627544614654,250.81285048109532,250.89544453935383,0.0,0.47777005336202105
4.201795404944425,39914.53122337695,40.672189100747595,250.11331393212322,290.4707770100169,0.00404579378166646,317.03949663282924,0.12828745166679026,0.6,1.3569699349930187,0.0014622311869809158,0.00012770964849874176,250.847751041039,250.9365704215472,0.0,0.4779237054223929
4.351859526549584,39908.31890690901,42.12327801006509,250.09613583113503,290.71429914299296,0.004049463778186161,317.02860910765133,0.1328690118176734,0.6,1.3569699349930187,0.001569853201919044,0.00012780243609883138,250.88391381064284,250.97918398594916,0.0,0.47809729192230965
4.501923648154742,39901.88884587387,43.574208497390416,250.07835559461654,290.96659000108093,0.004053266189383509,317.0173395535981,0.13745055257465918,0.6,1.3569699349930187,0.0016814398811508884,0.00012790646790157825,250.92133803930764,251.02328438380442,0.0,0.478291839096827
4.6519877697598995,39895.24106447572,45.02497481277288,250.05997328586514,291.22767298109386,0.004057201395895049,317.00568797004775,0.14203207236151252,0.6,1.3569699349930187,0.0017970109648441674,0.00012802230818765122,250.96002294813556,251.06887073436394,0.0,0.4785083759356977
4.802051891365058,39888.375587783805,46.47557117673482,250.04098897044796,291.49757230962103,0.0040612697919059915,316.99365435643597,0.14661356950848128,0.6,1.3569699349930187,0.0019165869040729683,0.00012815052534660606,250.99996772972148,251.1159421246495,0.0,0.47874793430432716
4.952116012970216,39881.292441737816,47.92599177896956,250.02140271621658,291.7763130467093,0.0040654717852151995,316.9812387122652,0.15119504224814273,0.6,1.3569699349930187,0.002040188865021757,0.00012829169221004676,251.04117154793082,251.1644976092026,0.0,0.4790115490744108
5.102180134575374,39873.99165315126,49.37623077753506,250.00121459331663,292.0639210897563,0.004069807797303734,316.9684410371108,0.15577648871281188,0.6,1.3569699349930187,0.002167838733376803,0.0001284463863712593,251.083633537684,251.21453620984195,0.0,0.47930025820451216
5.252244256180532,39866.47324971619,50.826282297881086,249.9804246742009,292.3604231774817,0.004074278263404916,316.9552613306292,0.16035790693142046,0.6,1.3569699349930187,0.0022995591188544177,0.00012861519052670845,251.12735280473126,251.26605691540934,0.0,0.47961510283643083
5.40230837778569,39858.73726000941,52.27614043154343,249.95903303364648,292.6658468939852,0.004078883632576046,316.94169959256897,0.16493929482534112,0.6,1.3569699349930187,0.00243537335984828,0.00012879869284825065,251.17232842540903,251.31905868149437,0.0,0.4799571274234541
5.552372499390848,39850.78371349737,53.72579923502419,249.93703974876854,292.98022067298905,0.004083624367773274,316.92775582277943,0.16952065020479537,0.6,1.3569699349930187,0.0025753055282410797,0.00012899748735881793,251.21855944639162,251.37354043015478,0.0,0.4803273798392434
5.702436620996006,39842.61264054003,55.17525272905223,249.91444489903097,293.3035738022581,0.004088500945929482,316.91343002121755,0.1741019707664589,0.6,1.3569699349930187,0.0027193804344042356,0.00012921217430186314,251.26604488445076,251.4295010496452,0.0,0.48072691144899893
5.852500742601165,39834.224072397636,56.624494897303286,249.89124856626523,293.6359364280504,0.004093513858033016,316.89872218795983,0.17868325408935543,0.6,1.3569699349930187,0.002867623632299302,0.0001294433605527178,251.31478372619046,251.48693939411802,0.0,0.48115677723223443
6.002564864206322,39825.61804123731,58.07351968502078,249.86745083468873,293.97733955970915,0.0040986636092088915,316.8836323232139,0.18326449763043345,0.6,1.3569699349930187,0.003020061424718643,0.00012969166004839986,251.36477492776694,251.54585428330705,0.0,0.4816180359128934
6.15262898581148,39816.79458013632,59.52232099838889,249.84305179091382,294.32781507453257,0.0041039507188045795,316.8681604273244,0.1878456987225155,0.6,1.3569699349930187,0.003176720868757033,0.0001299576941936993,251.4160174146289,251.60624450223523,0.0,0.4821117500180862
6.302693107416639,39807.75372308942,60.97089270326095,249.81805152396836,294.6873957226231,0.004109375720475837,316.85230650078626,0.19242685457020542,0.6,1.3569699349930187,0.0033376297813736376,0.00013024209231418728,251.46851008122968,251.66810880088968,0.0,0.48263898599642635
6.452757229021796,39798.4955050162,62.419228623765484,249.79245012531598,295.05611513187563,0.004114939162275033,316.8360705442569,0.19700796224540512,0.6,1.3569699349930187,0.0035028167450933045,0.00013054549212936946,251.52225179072323,251.7314458938784,0.0,0.4832008143455409
6.602821350626955,39789.0199617655,63.86732254144598,249.76624768886853,295.4340078132323,0.004120641606743857,316.819452558565,0.20158901868451376,0.6,1.3569699349930187,0.0036723111139230482,0.00013086854021467445,251.57724137467235,251.79625446010155,0.0,0.48379830969032883
6.752885472232113,39779.32713012192,65.31516819421365,249.73944431100398,295.8211091659979,0.004126483631007344,316.8024525447213,0.20617002068503074,0.6,1.3569699349930187,0.0038461430194080427,0.0001312118924875086,251.63347763274498,251.86253314240906,0.0,0.48443255087694786
6.9029495938372705,39769.417047813986,66.7627592749438,249.71204009058937,296.2174554832317,0.0041324658268694385,316.7850705039337,0.2107509649010267,0.6,1.3569699349930187,0.004024343376804233,0.00013157621472578221,251.69095933238725,251.93028054723123,0.0,0.4851046210974303
7.053013715442429,39759.28975352064,68.21008943027405,249.68403512899866,296.6230839573586,0.004138588800912259,316.76730643761806,0.21533184783924939,0.6,1.3569699349930187,0.004206943891432653,0.00013196218309222333,251.74968520849296,251.9994952442062,0.0,0.48581560799501666
7.203077837047587,39748.94528687638,69.65715225980408,249.65542953012712,297.0380326859802,0.004144853174598784,316.74916034740806,0.21991266585649238,0.6,1.3569699349930187,0.004393977065245852,0.00013237048465541732,251.809653963086,252.07017576582209,0.0,0.4865666037332167
7.353141958652745,39738.383688480084,71.1039413147147,249.62622340041597,297.4623406776868,0.004151259584375961,316.73063223517045,0.224493415155123,0.6,1.3569699349930187,0.00458547620348596,0.00013280181795441442,251.8708642649704,252.14232060702184,0.0,0.48735870511443585
7.503206080257903,39727.60499990366,72.5504500962772,249.59641684887603,297.8960478580367,0.004157808681780744,316.71172210302024,0.22907409177825738,0.6,1.3569699349930187,0.004781475421488573,0.00013325689358414,251.9333147493626,252.2159282247881,0.0,0.4881930137054003
7.6532702018630605,39716.609263696206,73.99667205517535,249.5660099870999,298.3391950758468,0.004164501133551249,316.69242995332866,0.23365469160750174,0.6,1.3569699349930187,0.004982009651758531,0.0001337364347605367,251.99700401755422,252.2909970377637,0.0,0.4890706358936205
7.803334323468219,39705.39652339358,75.4426005901257,249.535002929288,298.791824109449,0.00417133762173781,316.6727557887396,0.23823521035846662,0.6,1.3569699349930187,0.005187114651121202,0.00013424117793444043,252.06193063653743,252.3675254258288,0.0,0.48999268300113114
7.953398445073377,39693.96682352775,76.88822904636336,249.50339579227506,299.2539776730771,0.004178318843816444,316.6526996121869,0.24281564357584967,0.6,1.3569699349930187,0.005396827008018714,0.0001347718734280967,252.12809313861138,252.44551172965623,0.0,0.4909602714067033
8.103462566678536,39682.320209632504,78.33355071471075,249.47118869554555,299.72569942358695,0.004185445512807757,316.63226142690365,0.2473959866303595,0.6,1.3569699349930187,0.005611184150056558,0.00013532928606386553,252.19549002100706,252.5249542502892,0.0,0.4919745226204465
8.253526688283694,39670.456728251746,79.77855883043429,249.43838176125718,300.2070339672053,0.004192718357396739,316.6114412364378,0.2519762347149596,0.6,1.3569699349930187,0.0058302243516921625,0.00013591419581970133,252.26411974549862,252.6058512487029,0.0,0.49303656337361096
8.40359080988885,39658.376426949886,81.22324657171416,249.4049751142694,300.698026866369,0.004200138122054365,316.5902390446702,0.25655638283988197,0.6,1.3569699349930187,0.00605398674203734,0.00013652739851934673,252.33398073798367,252.68820094533046,0.0,0.49414752573716175
8.553654931494009,39646.07935432,82.66760705833686,249.3709688821664,301.1987246468045,0.004207705567163263,316.5686548558293,0.2611364258283407,0.6,1.3569699349930187,0.006282511312863917,0.0001371697065314595,252.4050713880633,252.7720015195894,0.0,0.4953085472215064
8.703719053099167,39633.565559990304,84.1116333508174,249.336363195275,301.70917480484053,0.004215421469147371,316.5466886745026,0.26571635831359897,0.6,1.3569699349930187,0.00651583892685097,0.00013784194946930083,252.47739004863956,252.8572511094284,0.0,0.49652077084194784
8.853783174704326,39620.83509463541,85.55531844888947,249.30115818669597,302.22942581469033,0.0042232866206015855,316.524340505657,0.2702961747340262,0.6,1.3569699349930187,0.006754011325910526,0.00013854497493593655,252.5509350354725,252.94394781082684,0.0,0.49778534523057877
9.003847296309484,39607.88800998693,86.99865528987324,249.26535399233347,302.759527135923,0.004231301830424749,316.50161035465743,0.2748758693277626,0.6,1.3569699349930187,0.006997071139666768,0.00013927964929319128,252.62570462671474,253.03208967726954,0.0,0.49910342475418673
9.153911417914642,39594.72435883881,88.44163674793296,249.22895075090995,303.29952922131446,0.004239467923958831,316.47849822727653,0.2794554361301958,0.6,1.3569699349930187,0.007245061894258585,0.0001400468584150452,252.70169706248967,253.12167471927225,0.0,0.5004761695671174
9.303975539519799,39581.34419505926,89.8842556325609,249.19194860399935,303.8494835246009,0.0042477857431271245,316.4550041297162,0.2840348689689766,0.6,1.3569699349930187,0.007498028021196751,0.00014084750849165318,252.77891054442125,253.21270090385048,0.0,0.5019047457175765
9.454039661124957,39567.74757360237,91.32650468691229,249.15434769605938,304.4094425084045,0.00425625614657554,316.4311280686279,0.28861416145855695,0.6,1.3569699349930187,0.007756014866373284,0.0001416825268590593,252.85734323513975,253.30516615396158,0.0,0.5033903252613985
9.604103782730116,39553.9345505151,92.76837658678521,249.11614817445087,304.97945965253234,0.004264880009820019,316.4068700511257,0.29319330699676494,0.6,1.3569699349930187,0.008019068699364357,0.0001425528628256275,252.93699325781597,253.3990683479803,0.0,0.5049340863310712
9.754167904335274,39539.90518294761,94.20986393935748,249.07735018946676,305.5595894622964,0.004273658225394788,316.3822300848043,0.29777229876060074,0.6,1.3569699349930187,0.008287236722876977,0.00014345948852833294,253.01785869567735,253.49440531915283,0.0,0.5065372132187678
9.904232025940432,39525.65952916611,95.65095928149898,249.03795389436752,306.14988747691183,0.004282591703002285,316.3572081777626,0.3023511297006777,0.6,1.3569699349930187,0.008560567082304276,0.00014440339982631768,253.09993759148594,253.59117485500747,0.0,0.5082008964854299
10.054296147545589,39511.19764856279,97.09165507833347,248.99795944540904,306.75041027819066,0.004291681369668085,316.33180433862094,0.3069297925364489,0.6,1.3569699349930187,0.008839108875511047,0.00014538561720740478,253.18322794701797,253.68937469676777,0.0,0.5099263330519574
10.204360269150747,39496.51960166388,98.53194372226507,248.95736700186492,307.3612154994844,0.004300928169900104,316.3060185765362,0.31150827975289824,0.6,1.3569699349930187,0.009122912162895687,0.00014640718669998708,253.26772772256845,253.78900253879462,0.0,0.5117147262589038
10.354424390755906,39481.625450143365,99.97181753130903,248.91617672606463,307.9823618345769,0.004310333065847595,316.27985090122587,0.3160865835950144,0.6,1.3569699349930187,0.009412027977512635,0.00014746918083235642,253.3534348364033,253.89005602796732,0.0,0.5135672859679704
10.504488512361064,39466.51525683598,101.4112687472865,248.87438878342968,308.61390904678416,0.004319897037463791,316.2533013229917,0.3206646960618269,0.6,1.3569699349930187,0.009706508335356374,0.00014857269961920667,253.44034716418514,253.99253276303594,0.0,0.5154852286683744
10.654552633966222,39451.189085743696,102.8502895350026,248.83200334249176,309.2559179785048,0.004329621082675946,316.2263698527316,0.325242608903554,0.6,1.3569699349930187,0.010006406246032282,0.00014971887153889717,253.52846253845846,254.09643029404145,0.0,0.5174697775242318
10.80461675557138,39435.6470020503,104.2888719805639,248.78902057493303,309.90845056062795,0.004339506217553743,316.19905650196523,0.32982031361600767,0.6,1.3569699349930187,0.010311775723453714,0.00015090885456285817,253.61777874807123,254.20174612166318,0.0,0.5195221624694186
10.954680877176537,39419.88907213545,105.72700808952938,248.74544065562554,310.5715698221324,0.004349553476481184,316.17136128286,0.334397801434462,0.6,1.3569699349930187,0.010622671796697803,0.00015214383721414034,253.70829353756866,254.3084776965339,0.0,0.5216436203084552
11.104744998781696,39403.91536358318,107.16468978578253,248.70126376265466,311.24533990011986,0.0043597639123356124,316.14328420824603,0.3389750633298043,0.6,1.3569699349930187,0.010939150521208574,0.00015342503962865493,253.80000460662626,254.41662241860192,0.0,0.5238353947772649
11.254809120386854,39387.72594519448,108.60190891012249,248.65649007735422,311.92982604986196,0.004370138596667526,316.114825291639,0.3435520900037804,0.6,1.3569699349930187,0.011261268990142867,0.00015475371464948452,253.89290960945976,254.52617763646512,0.0,0.5260987366158066
11.404873241992012,39371.32088700273,110.03865721838598,248.61111978434937,312.6250946549151,0.0043806786198820145,316.085984547268,0.34812887188274116,0.6,1.3569699349930187,0.011589085345816139,0.0001561311489609832,253.98700615418755,254.63714064665126,0.0,0.5284349036628444
11.55493736359717,39354.70026028578,111.474926379851,248.56515307159023,313.33121323757445,0.004391385091425926,316.0567619900973,0.35270539911227633,0.6,1.3569699349930187,0.011922658791410207,0.00015755866424079293,254.0822918021983,254.74950869290495,0.0,0.5308451609345178
11.70500148520233,39337.8641375756,112.91070797614805,248.51859013037867,314.0482504696288,0.0044022591399802006,316.0271576358437,0.3572816615534492,0.6,1.3569699349930187,0.012262049602999738,0.00015903761832315497,254.1787640675515,254.86327896551256,0.0,0.53333078067528
11.855065606807486,39320.81259267483,114.34599349939906,248.4714311554145,314.77627618301506,0.004413301913651305,315.99717150100696,0.36185764877656407,0.6,1.3569699349930187,0.012607319141612417,0.0001605694064110323,254.2764204163119,254.97844860055056,0.0,0.5358930424439099
12.005129728412644,39303.54570067245,115.78077435020434,248.4236763448389,315.5153613807095,0.004424514580166881,315.9668036028974,0.3664333500544442,0.6,1.3569699349930187,0.012958529865458509,0.00016215546231905506,254.3752582658528,255.09501467909914,0.0,0.5385332332027775
12.155193850017803,39286.06353795145,117.21504183672549,248.37532590025586,316.2655782481696,0.004435898327080372,315.9360539596506,0.3710087543591826,0.6,1.3569699349930187,0.01331574534262625,0.0001637972597156743,254.47527498423676,255.21297422654567,0.0,0.5412526473571495
12.30525797162296,39268.366182206424,118.64878717280338,248.32638002678112,317.027000164546,0.004447454361972823,315.90492259025893,0.37558385035580943,0.6,1.3569699349930187,0.01367903026376179,0.00016549631341784485,254.5764678895169,255.33232421179542,0.0,0.5440525868330988
12.45532209322812,39250.453712460396,120.08200147588984,248.27683893308892,317.79970171414124,0.004459183912659068,315.8734095146017,0.38015862639535947,0.6,1.3569699349930187,0.014048450454914731,0.00016725418071838503,254.67883424900273,255.45306154644314,0.0,0.5469343611593934
12.605386214833278,39232.32620907489,121.51467576579097,248.2267028314402,318.58375869836044,0.004471088227402054,315.84151475346437,0.38473307051051026,0.6,1.3569699349930187,0.014424072890795805,0.0001690724627238475,254.7823712785809,255.57518308400796,0.0,0.5498992875163101
12.755450336438434,39213.98375376506,122.94680096308508,248.1759719377245,319.3792481476601,0.004483168575127813,315.80923832856536,0.38930717041017093,0.6,1.3569699349930187,0.01480596570817184,0.00017095280572833975,254.8870761420057,255.69868561913322,0.0,0.5529486907928973
12.905514458043593,39195.42642961811,124.37836788701799,248.1246464715113,320.1862483335664,0.004495426245642173,315.77658026258973,0.3938809134723953,0.6,1.3569699349930187,0.015194198219346007,0.0001728969026290602,254.9929459501306,255.82356588671888,0.0,0.5560839036608439
13.055578579648751,39176.65432110765,125.80936725371991,248.0727266560899,321.00483878108275,0.004507862549854085,315.7435405792153,0.3984542867383102,0.6,1.3569699349930187,0.01558884092593753,0.00017490649436567682,255.0999777601499,255.94982056106656,0.0,0.5593062666348818
13.20564270125391,39157.66751410513,127.23978967497979,248.0202127185015,321.83510028143934,0.0045204788200048475,315.7101193031337,0.40302727690780366,0.6,1.3569699349930187,0.015989965533028668,0.00017698337137819338,255.20816857488327,256.0774462550737,0.0,0.5626171281108836
13.355706822859068,39138.46609589975,128.6696256561571,247.96710488959417,322.67711490470435,0.004533276409895956,315.67631646008647,0.4075998703324513,0.6,1.3569699349930187,0.016397644963307666,0.00017912937511352833,255.31751534197707,256.2064395193316,0.0,0.5660178444295011
13.505770944464226,39119.05015521681,130.09886559392405,247.9134034040743,323.53096601266884,0.004546256695121834,315.64213207689846,0.4121720530078939,0.6,1.3569699349930187,0.016811953371387384,0.0001813463995663713,255.4280149530679,256.3367968411817,0.0,0.5695097799408022
13.655835066069383,39099.41978222697,131.52749977523627,247.8591085005321,324.3967382723719,0.004559421073313046,315.6075661814951,0.4167438105701158,0.6,1.3569699349930187,0.017232966158685286,0.00018363639283060422,255.53966424304855,256.4685146438896,0.0,0.5730943070319933
13.805899187674541,39079.57506856713,132.9555183752158,247.80422042150002,325.2745176693276,0.00457277096437574,315.57261880294027,0.42131512828823736,0.6,1.3569699349930187,0.017660759988230638,0.00018600135870124992,255.65245998923197,256.6015892857008,0.0,0.5767728061809557
13.9559633092797,39059.5161073603,134.38291145482495,247.74873941350762,326.164391521038,0.004586307810736189,315.5372899714727,0.42588599105663333,0.6,1.3569699349930187,0.018095412799640644,0.00018844335831218035,255.76639891047265,256.73601705884937,0.0,0.5805466660109165
14.106027430884858,39039.242993227526,135.8096689594592,247.69266572711513,327.06644849107903,0.004600033077594844,315.5015797185279,0.430456383389968,0.6,1.3569699349930187,0.018537003824588196,0.00019096451179458735,255.88147766636135,256.871794188651,0.0,0.5844172833224014
14.256091552490016,39018.755822305844,137.23578071716165,247.63599961696326,327.98077860316175,0.004613948253180798,315.46548807677124,0.43502628941700316,0.6,1.3569699349930187,0.018985613602393085,0.00019356699997317956,255.99769285638132,257.0089168325514,0.0,0.5883860631284651
14.406155674095174,38998.05469227007,138.6612364362528,247.57874134183385,328.90747325525956,0.004628054849008059,315.4290150801373,0.4395956928725305,0.6,1.3569699349930187,0.019441323995674865,0.00019625306610447673,256.1150410189917,257.1473810790912,0.0,0.5924544186988543
14.556219795700331,38977.13970234959,140.08602570333017,247.52089116469662,329.84662523419036,0.004642354400139567,315.3921607638613,0.44416457709047064,0.6,1.3569699349930187,0.019904218206348974,0.00019902501764586423,256.2335186307266,257.28718294689094,0.0,0.5966237715948748
14.70628391730549,38956.01095334209,141.51013798188222,247.4624493527474,330.7983287305889,0.00465684846545799,315.35492516450427,0.44873292499891587,0.6,1.3569699349930187,0.02037438079204561,0.00020188522805178485,256.35312210535045,257.428318383699,0.0,0.6008955516892001
14.856348038910648,38934.668547636866,142.93356260993536,247.40341617747302,331.7626793536885,0.004671538627934455,315.3173083199958,0.45330071911206676,0.6,1.3569699349930187,0.020851897682470123,0.00020483613861562534,256.47384779290786,257.5707832653191,0.0,0.605271197197994
15.006412160515806,38913.11258923652,144.3562887975118,247.34379191471155,332.7397741464282,0.0046864264949030955,315.2793102696735,0.4578679415215574,0.6,1.3569699349930187,0.021336856195942795,0.00020788026034843028,256.5956919787297,257.7145733944889,0.0,0.6097521547109611
15.156476282120964,38891.34318376781,145.77830562546984,247.28357684468267,333.7297116012897,0.004701513698347601,315.2409310543039,0.4624345738921759,0.6,1.3569699349930187,0.021829345056614463,0.00021102017588360122,256.71865088257056,257.8596844999095,0.0,0.6143398792028488
15.306540403726121,38869.36043850627,147.1996020431135,247.22277125205625,334.73259167577856,0.0047168018951832275,315.2021707161274,0.46700059745363287,0.6,1.3569699349930187,0.022329454411530763,0.00021425854142574153,256.84272065761746,258.0061122351257,0.0,0.6190358340528299
15.45660452533128,38847.16446239959,148.620166865568,247.16137542601712,335.7485158082107,0.0047322927675443605,315.16302929890105,0.4715659929915714,0.6,1.3569699349930187,0.022837275847862274,0.00021759808873702258,256.96789738944784,258.1538521773503,0.0,0.6238414910611192
15.606668646936438,38824.75536608154,150.03998877219897,247.0993896603042,336.777586934183,0.004747988023083435,315.1235068479248,0.4761307408418968,0.6,1.3569699349930187,0.023352902410722486,0.00022104162715785102,257.09417709508335,258.3028998263989,0.0,0.6287583304576387
15.756732768541596,38802.13326189312,151.45905630459052,247.03681425326917,337.8199095029942,0.00476388939527002,315.08360341008057,0.48069482088367166,0.6,1.3569699349930187,0.023876428621083842,0.000224592045664694,257.22155572199466,258.45325060356697,0.0,0.6337878409064608
15.906796890146754,38779.29826390819,152.87735786386932,246.9736495079478,338.87558949410317,0.004779998643691435,315.04331903387936,0.48525821252990636,0.6,1.3569699349930187,0.024407950493717332,0.0002282523149673451,257.35002914701715,258.6048998504059,0.0,0.6389315195087459
16.056861011751913,38756.25048795303,154.29488170845352,246.9098957321145,339.94473443415,0.0047963175543629085,315.00265376949744,0.4898208947196949,0.6,1.3569699349930187,0.02494756555552696,0.00023202548964485582,257.47959317529023,258.7578428275277,0.0,0.6441908718024862
16.20692513335707,38732.99005162251,155.71161595248194,246.84555323832728,341.02745341440107,0.004812847940045182,314.961607668807,0.4943828459125027,0.6,1.3569699349930187,0.02549537286436769,0.0002359147103189359,257.6102435392673,258.9120747134893,0.0,0.6495674117569019
16.35698925496223,38709.51707430741,157.127548563156,246.78062234400386,342.1238571079468,0.004829591640559352,314.920180785426,0.4989440440789548,0.6,1.3569699349930187,0.026051473027728516,0.00023992320586485586,257.7419758975954,259.0675906035279,0.0,0.6550626617611719
16.507053376567388,38685.8316772198,158.5426673578717,246.71510337149212,343.2340577872763,0.0048465505231084635,314.8783731747655,0.503504466690942,0.6,1.3569699349930187,0.026615968221592137,0.00024405429565970714,257.87478583394295,259.22438550823813,0.0,0.6606781526069833
16.657117498172543,38661.93398340569,159.95696000290985,246.64899664810568,344.35816934271213,0.004863726482613276,314.8361848940537,0.5080640907166925,0.6,1.3569699349930187,0.027188962210109767,0.00024831139187783116,258.0086688559947,259.3824543524415,0.0,0.6664154234778107
16.8071816197777,38637.82411777392,161.37041401073267,246.58230250620403,345.4963073003851,0.004881121442042053,314.79361600238923,0.5126228926113543,0.6,1.3569699349930187,0.027770560365013273,0.00025269800181658024,258.14362039428494,259.5417919738686,0.0,0.6722760219215096
16.95724574138286,38613.50220712345,162.7830167370172,246.5150212832686,346.6485888405554,0.004898737352746697,314.7506665607917,0.5171808483067244,0.6,1.3569699349930187,0.028360869685182612,0.00025721773025867033,258.27963580097145,259.70239312177546,0.0,0.6782615038148869
17.107309862988018,38588.968380159546,164.19475537887712,246.44715332194787,347.81513281675547,0.004916576194812539,314.7073366322324,0.5217379332047649,0.6,1.3569699349930187,0.02895999881691694,0.0002618742818869369,258.416710348732,259.86425245570143,0.0,0.6843734333408489
17.257373984593176,38564.2227675186,165.60561697257035,246.37869897012644,348.9960597748169,0.00493463997740745,314.6636262816806,0.5262941221694417,0.6,1.3569699349930187,0.029568058074257927,0.00026667146373139607,258.5548392295997,260.027364544155,0.0,0.6906133829507858
17.407438106198335,38539.26550179801,167.01558839047394,246.3096585810082,350.1914919719523,0.004952930739132903,314.6195355761589,0.5308493895161988,0.6,1.3569699349930187,0.030185159459283628,0.00027161318764778433,258.6940175536893,260.1917238631764,0.0,0.6969829333115162
17.557502227803493,38514.0967175789,168.42465633854906,246.24003251317964,351.4015533964705,0.0049714505483858685,314.57506458478576,0.5354037090029888,0.6,1.3569699349930187,0.030811416682850933,0.000276703472843625,258.8342403479581,260.3573247949406,0.0,0.7034836732576796
17.70756634940865,38488.716551445075,169.83280735455932,246.1698211306626,352.62636978798906,0.0049902015037294745,314.5302133788115,0.5399570538236891,0.6,1.3569699349930187,0.031446945185890265,0.00028194644845405567,258.97550255505377,260.5241616264599,0.0,0.710117199751607
17.85763047101381,38463.1251420149,171.24002780506584,246.09902480300306,353.86606865732034,0.005009185734259846,314.4849820316775,0.5445093965975684,0.6,1.3569699349930187,0.03209186216045749,0.0002873463561384071,259.1177990320034,260.69222854810295,0.0,0.716885117813532
18.007694592618968,38437.32262997071,172.64630388219027,246.02764390535302,355.1207793067877,0.005028405399980708,314.43937061907087,0.5490607093580004,0.6,1.3569699349930187,0.0327462865709498,0.00029290755271095824,259.26112454884003,260.8615196520461,0.0,0.723789040440241
18.157758714224126,38411.309158073636,174.05162160213564,245.9556788185117,356.3906328515673,0.005047862692194931,314.3933792189536,0.5536109635467881,0.6,1.3569699349930187,0.033410339176304205,0.0002986345128482997,259.4054737874407,261.0320289309656,0.0,0.7308305885645111
18.307822835829285,38385.08487119727,175.45596680212736,245.8831299290196,357.67576224042017,0.005067559833887956,314.34700791162487,0.5581601300033842,0.6,1.3569699349930187,0.03408414255177775,0.00030453183180122764,259.5508413401638,261.20375027649834,0.0,0.7380113909649297
18.45788695743444,38358.64991635934,176.85932513706132,245.8099976292462,358.97630227685295,0.005087499080119043,314.30025677978,0.5627081789531624,0.6,1.3569699349930187,0.034767821110863836,0.0003106042281375665,259.69722170841476,261.37667747762436,0.0,0.7453330841607301
18.607951079039598,38332.00444274047,178.2616820775035,245.73628231744266,360.29238964121896,0.005107682718428209,314.2531259085469,0.5672550800000021,0.6,1.3569699349930187,0.03546150112804449,0.00031685654656192025,259.8446093013703,261.55080421922975,0.0,0.7527973123470876
18.758015200644756,38305.148601713176,179.663022907092,245.66198439782238,361.6241629126582,0.005128113069241996,314.20561538554045,0.5718008021169184,0.6,1.3569699349930187,0.03616531076152647,0.0003232937607557046,259.9929984346245,261.7261240805795,0.0,0.7604057273012503
18.908079322249915,38278.08254687654,181.06333271911876,245.5871042806576,362.9717625910755,0.005148792486281136,314.15772530092727,0.5763453136340376,0.6,1.3569699349930187,0.03687938007586721,0.0003299209762320496,260.14238332870343,261.90263053364083,0.0,0.7681599882549441
19.058143443855073,38250.80643408248,182.4625964136774,245.51164238235242,364.3353311198746,0.00516972335698115,314.1094557474751,0.5808885822283752,0.6,1.3569699349930187,0.03760384106511076,0.000336743433248007,260.2927581076276,262.0803169414629,0.0,0.7760617617841544
19.20820756546023,38223.32042145784,183.86079869564375,245.43559912550467,365.7150129092337,0.005190908102922621,314.0608068205962,0.5854305749162525,0.6,1.3569699349930187,0.038338827676544375,0.0003437665097811309,260.4441167975822,262.25917655667865,0.0,0.7841127217230497
19.35827168706539,38195.62466944145,185.25792407128208,245.35897493900876,367.11095435898005,0.005212349180256702,314.01177861841546,0.5899712580412659,0.6,1.3569699349930187,0.0390844758340661,0.00035099572449658,260.59645332539185,262.43920251978307,0.0,0.7923145490168308
19.508335808670548,38167.719340818105,186.6539568445968,245.28177025815052,368.5233038819531,0.005234049080139512,313.96237124183506,0.5945105972614256,0.6,1.3569699349930187,0.039840923461689166,0.00035843673973904726,260.74976151692545,262.62038785733284,0.0,0.8006689315560923
19.658399930275706,38139.60460073631,188.04888116042702,245.20398552465653,369.95221192853836,0.005256010329185965,313.9125847945691,0.5990485576852234,0.6,1.3569699349930187,0.04060831052755329,0.0003660953646419329,260.9040351032373,262.8027254888253,0.0,0.8091775640962495
19.808464051880865,38111.28061674091,189.44268054684957,245.12562118678534,371.39783101080843,0.005278235489919006,313.8624193832058,0.6035851024125073,0.6000070691276195,1.3569699349930187,0.04138726648475682,0.00037397755820291206,261.0592676428521,262.98620813957297,0.0,0.8178421480909314
19.958528173486023,38082.74755898524,190.8353372171533,245.0466776999147,372.86031571779495,0.005300727161083911,313.8118751175865,0.6081201903071596,0.6000362656198435,1.3569699349930187,0.042179021166792646,0.0003820894322550696,261.2154524004135,263.17082820460575,0.0,0.8266643913689677
20.108592295091178,38054.005600354416,192.22683220897713,244.96715552688352,374.33982273546656,0.00532348797803621,313.7609521110292,0.6126537764360004,0.6000880649319508,1.3569699349930187,0.04298384271065497,0.0003904372545883963,261.37258236281815,263.356577766715,0.0,0.8356460079395857
20.258656416696336,38025.054916617846,193.6171461439933,244.88705513841444,375.8365108654167,0.005346520613111118,313.7096504806031,0.6171858144860124,0.6001624437207512,1.3569699349930187,0.04380196995940331,0.00039902745204737505,261.5306503631705,263.54344873534734,0.0,0.8447887177324427
20.408720538301495,37995.89568648409,195.0062593764218,244.80637701326614,377.35054104884136,0.005369827776075752,313.65797034723045,0.6217162572356857,0.6002593777055796,1.3569699349930187,0.04463364629094804,0.0004078666136710456,261.6896491042825,263.7314328729283,0.0,0.854094246347312
20.558784659906653,37966.5280916385,196.39415187944786,244.72512163833838,378.8820763917226,0.005393412214601436,313.6059118357589,0.626245056191106,0.6003788416359609,1.3569699349930187,0.045479119633289766,0.0004169614939048064,261.8495711375287,263.920521771147,0.0,0.8635643248435824
20.70884878151181,37936.9523167887,197.78080325917466,244.64328950879832,380.43128218996634,0.0054172767147368465,313.55347507504683,0.6307721616283705,0.6005208092622054,1.3569699349930187,0.04633864253675411,0.00042631901588710525,262.0104088632877,264.1107068514365,0.0,0.8732006895703207
20.85891290311697,37907.16854973416,199.16619274659504,244.560881128274,381.9983259535981,0.005441424101368228,313.5006601980925,0.6352975225658134,0.6006852533046062,1.3569699349930187,0.047212472236648054,0.0004359462746614255,262.17215452767726,264.3019793612898,0.0,0.8830050818826934
21.008977024722128,37877.17698143074,200.55029918893723,244.47789700903337,383.583377431548,0.005465857238690246,313.4474673421536,0.6398210867341932,0.6008721454217807,1.3569699349930187,0.04810087071595006,0.0004458505403878381,262.33480021911356,264.49433037038204,0.0,0.892979247828319
21.159041146327286,37846.97780602335,201.93310104570165,244.3943376720756,385.1866086384512,0.005490579030709506,313.3938966488112,0.6443428005619,0.6010814561789198,1.3569699349930187,0.04900410477081736,0.00045603926174707154,262.49833786557036,264.6877507674868,0.0,0.9031249379977422
21.309105267932445,37816.57122092036,203.31457638044532,244.31020364733763,386.8081938795821,0.0055155924217209626,313.33994826410793,0.6488626091463944,0.6013131550149263,1.3569699349930187,0.049922446074073895,0.000466520069207156,262.6627592311673,264.8822312566268,0.0,0.9134439072039615
21.459169389537603,37785.95742686381,204.69470285176558,244.22549547388925,388.4483097763279,0.005540900396794264,313.28562233867785,0.653380456223044,0.6015672102086191,1.3569699349930187,0.05085617123851215,0.00047730077827393916,262.82805591255186,265.0777623529949,0.0,0.9239379141222748
21.60923351114276,37755.13662797094,206.07345770796593,244.14021370004883,390.10713529353535,0.0055665059822906735,313.23091902782727,0.6578962841457502,0.601843588844837,1.3569699349930187,0.05180556188245414,0.0004883893929131066,262.9942193358202,265.2743343794886,0.0,0.9346087210741302
21.75929763274792,37724.10903179908,207.45081778002861,244.05435888356365,391.78485176594825,0.00559241224636768,313.17583849165584,0.6624100338620339,0.6021422567796632,1.3569699349930187,0.05277090469450303,0.0004997941089121299,263.1612407531644,265.4719374629296,0.0,0.9454580937255279
21.909361754353075,37692.874849423155,208.82675947240526,243.96793159182513,393.48164292429294,0.005618622299479892,313.1203808952012,0.6669216448810397,0.6024631786044712,1.3569699349930187,0.053752491497160035,0.0005115233171593452,263.3291112391094,265.6705615298202,0.0,0.9564878006861637
22.059425875958233,37661.434295494364,210.20125875538142,243.88093240203216,395.19769492271655,0.005645139294902533,313.06454640854986,0.67143105524657,0.6028063176095012,1.3569699349930187,0.05475061931143027,0.0005235856070063545,263.49782168693815,265.87019630231583,0.0,0.9676996131719019
22.20948999756339,37629.7875882903,211.57429115959783,243.79336190133057,396.9331963670301,0.005671966429269191,313.00833520693317,0.6759382015169781,0.6031716357472983,1.3569699349930187,0.05576559042270904,0.0005359897697377238,263.6673628054546,266.0708312945802,0.0,0.979095304748687
22.35955411916855,37597.93494979826,212.9458317669046,243.70522068704457,398.68833834149217,0.005699106943088781,312.951747470883,0.6804430187331582,0.6035590935945968,1.3569699349930187,0.056797712444418426,0.0005487448018696396,263.83772511511893,266.27245580842475,0.0,0.9906766509011216
22.509618240773708,37565.87660579223,214.31585520054392,243.61650936689068,400.46331443624626,0.005726564121274439,312.8947833863757,0.6849454403843405,0.6039686503131493,1.3569699349930187,0.05784729838114184,0.0005618599084096733,264.0088989439849,266.47505892872897,0.0,1.0024454285588533
22.659682362378867,37533.61278587194,215.68433562065368,243.52722855908664,402.2583207772037,0.005754341293712061,312.8374431449095,0.6894453983909672,0.6044002636113254,1.3569699349930187,0.05891466669490416,0.0005753445064028305,264.180874424494,266.67862951983386,0.0,1.0144034158724609
22.809746483984025,37501.14372355187,217.05124671494346,243.43737889259882,404.07355605350944,0.005782441835793356,312.7797269436705,0.6939428230718832,0.6048538897036934,1.3569699349930187,0.060000141368162466,0.0005892082282088818,264.3536414894602,266.88315622101084,0.0,1.026552391736425
22.959810605589183,37468.46965634487,218.41656168849937,243.3469610073744,405.9092215456207,0.00581086916896024,312.7216349856896,0.6984376431086845,0.605329483269436,1.3569699349930187,0.06110405196596389,0.0006034609247142069,264.52718986781815,267.08862744166777,0.0,1.0388941352559409
23.10987472719434,37435.59082581142,219.7802532577853,243.25597555447877,407.76552115564266,0.0058396267612860885,312.66316747993864,0.7029297855235443,0.6058269974113576,1.3569699349930187,0.06222673370048332,0.0006181126687900341,264.70150908103733,267.29503135731306,0.0,1.0514304254293005
23.2599388487995,37402.50747763725,221.14229364269488,243.16442319631125,409.6426614364329,0.005868718128039895,312.6043246414771,0.7074191756506275,0.6063463836136032,1.3569699349930187,0.06336852749381455,0.0006331737586129899,264.8765884392057,267.5023559051394,0.0,1.0641630407070517
23.41000297040466,37369.21986172538,222.50265455618572,243.07230460686085,411.54085162020857,0.0058981468322446585,312.5451066916247,0.7119057370996368,0.6068875916976971,1.3569699349930187,0.06452978003863419,0.0006486547208113868,265.05241703663455,267.7105887790659,0.0,1.0770937584091371
23.560067092009817,37335.72823226561,223.8613071957364,242.97962047189966,413.46030364874787,0.0059279164852624865,312.48551385809446,0.7163893917251986,0.607450569778389,1.3569699349930187,0.06571084385953077,0.0006645663137098923,265.22898374770665,267.91971742506166,0.0,1.0902243542373282
23.71013121361497,37302.03284779419,225.21822223718624,242.88637148914896,415.40123220451244,0.0059580307473959815,312.42554637510824,0.720870059603839,0.6080352642197495,1.3569699349930187,0.0669120773752991,0.000680919530709405,265.40627722313064,268.1297290369258,0.0,1.1035566019070042
23.86019533522013,37268.133971292766,226.57336982449334,242.79255836855418,417.36385473984876,0.005988493328461901,312.3652044835826,0.7253476589976643,0.6086416195889071,1.3569699349930187,0.06813384495758035,0.0006977256033524259,265.58428588545723,268.3406105512293,0.0,1.1170922725300738
24.01025945682529,37234.03187027925,227.9267195588002,242.69818183253744,419.3483915069547,0.006019307988378724,312.3044884313007,0.7298221063157677,0.6092695786085444,1.3569699349930187,0.06937651698817153,0.0007149960042879192,265.7629979243794,268.5523486420155,0.0,1.1308331339409268
24.160323578430447,37199.72681685408,229.27824049342655,242.6032426161268,421.35506559077254,0.006050478537801732,312.2433984730049,0.734293316094716,0.6099190821112435,1.3569699349930187,0.0706404699197043,0.0007327424506558596,265.94240129305746,268.7649297166656,0.0,1.1447809503790831
24.310387700035605,37165.21908780572,230.62790112348955,242.50774146724928,423.3841029387773,0.0060820088387120415,312.1819348705954,0.7387612009615119,0.6105900689907546,1.3569699349930187,0.07192608633125004,0.0007509769070055609,266.1224837034933,268.9783399106779,0.0,1.1589374818171427
24.460451821640763,37130.50896470923,231.97566937460866,242.41167914700483,425.43573239145957,0.006113902805018516,312.12009789331677,0.743225671593562,0.6112824761518848,1.3569699349930187,0.07323375498211018,0.0007697115880709775,266.3032326216444,269.19256508215767,0.0,1.1733044832121398
24.61051594324592,37095.59673398411,233.3215125962988,242.3150564298277,427.5101857155235,0.006146164403204047,312.057887817872,0.7476866366937454,0.6119962384618507,1.3569699349930187,0.07456387086794286,0.0007889589618983954,266.4846352633383,269.407590807218,0.0,1.1878837040625405
24.76058006485108,37060.48268698611,234.66539755317365,242.21787410374182,429.607697635425,0.006178797652948251,311.99530492859805,0.7521440029582439,0.6127312886998869,1.3569699349930187,0.07591683527376043,0.0008087317527178566,266.6666785898011,269.62340237493703,0.0,1.202676887795021
24.91064418645624,37025.167120115715,236.00729041353947,242.12013297066198,431.72850586420896,0.006211806627741461,311.93234951767056,0.7565976750358493,0.6134875575046483,1.3569699349930187,0.07729305582337474,0.0008290429435031119,266.8493493026467,269.8399847817043,0.0,1.2176857709570623
25.060708308061397,36989.65033489922,237.34715674005784,242.02183384661993,433.8728511362718,0.0062451954555308884,311.86902188526125,0.7610475554939198,0.614264973321812,1.3569699349930187,0.07869294652891391,0.0008499057786482773,267.0326338391705,270.0573227259182,0.0,1.2329120825452615
25.210772429666555,36953.932638059305,238.68496148298647,241.9229775619607,436.0409772410944,0.0062789683193842,311.80532233967557,0.7654935447925646,0.6150634623524047,1.3569699349930187,0.08011692784066524,0.0008713337668149573,267.2165183681193,270.2754006032207,0.0,1.2483575434993863
25.36083655127171,36918.01434163117,240.02066896899183,241.82356496166543,438.2331310545268,0.006313129458117239,311.7412511975733,0.7699355412443415,0.615882948497904,1.3569699349930187,0.08156542669132966,0.0008933406832543353,267.4009887846234,270.4942025007772,0.0,1.2640238658585452
25.51090067287687,36881.89576306866,241.35424288928795,241.7235969056466,440.4495625709309,0.006347683166937424,311.67680878417076,0.7743734409717354,0.6167233533039778,1.3569699349930187,0.08303887653772284,0.0009159405719359307,267.5860307049044,270.7137121913088,0.0,1.2799127518427913
25.660964794482027,36845.57722529844,242.68564629420996,241.62307426889913,442.69052493881725,0.006382633798143918,311.6119954333512,0.7788071378854109,0.6175845959073247,1.3569699349930187,0.08453771740584869,0.0009391477482835903,267.77162946217106,270.9339131284735,0.0,1.2960258934224798
25.811028916087185,36809.05905684367,244.01484158197547,241.52199794184435,444.95627449252123,0.006417985761768468,311.5468114878994,0.783236523643424,0.6184665929783099,1.3569699349930187,0.08606239592849213,0.0009629768011595169,267.9577701014396,271.1547884410184,0.0,1.3123649714104262
25.961093037692343,36772.34159193885,245.34179048653567,241.42036883064915,447.24707078465866,0.006453743526230733,311.4812572997209,0.7876614876074456,0.6193692586620717,1.3569699349930187,0.08761336537958773,0.000987442594589951,268.1444373740826,271.3763209266312,0.0,1.3289316544526544
26.111157159297502,36735.425170596944,246.66645407051416,241.31818785741316,449.5631766218329,0.006489911619046743,311.41533322997674,0.7920819168154246,0.6202925045221183,1.3569699349930187,0.08919108571058805,0.001012560269991967,268.3316157333065,271.59849304684747,0.0,1.3457275984349664
26.26122128090266,36698.31013871687,247.9887927157728,241.21545596046812,451.90485809810764,0.006526494627504979,311.3490396492904,0.7964976959463637,0.6212362394817262,1.3569699349930187,0.0907960235817592,0.0010383452479717419,268.51928932920185,271.8212869214667,0.0,1.36275444566299
26.41128540250782,36660.996848209485,249.30876611126442,241.11217409472775,454.2723846275669,0.006563497199330606,311.2823769379882,0.8009087072761919,0.6222003697626648,1.3569699349930187,0.09242865238798686,0.0010648132296143052,268.7074420032119,272.04468432230914,0.0,1.380013823786314
26.561349524112977,36623.48565709134,250.62633324316857,241.0083432319491,456.66602897913833,0.006600924043387509,311.215345486283,0.8053148306410073,0.62318479882463,1.3569699349930187,0.0940894522836593,0.0010919801979136442,268.8960572829697,272.2686666673974,0.0,1.3975073449077544
26.711413645718135,36585.776929566906,251.9414523877349,240.90396436096162,459.0860673124251,0.0066387799303986635,311.14794569443717,0.8097159434089723,0.6241894273059534,1.3569699349930187,0.09577891020678242,0.0011198624194192427,269.085118377677,272.4932150157483,0.0,1.415236604913899
26.861477767323294,36547.87103616328,253.25408109949856,240.7990384880416,461.5327792104333,0.0066770696936204466,311.08017797302017,0.814111920436998,0.6252141529602706,1.3569699349930187,0.09749751989495645,0.0011484764450612251,269.27460817257514,272.7183100611301,0.0,1.433203182363631
27.011541888928452,36509.76835385238,254.5641761988999,240.6935666372523,464.00644771327956,0.0067157982295347985,311.01204274314415,0.8185026340254519,0.6262588705918333,1.3569699349930187,0.09924578189710569,0.0011778391106495494,269.4645092232031,272.94393212558526,0.0,1.451408637281608
27.161606010533607,36471.46926611367,255.87169376663334,240.58754985061904,466.5073593559885,0.006754970498607978,310.9435404365937,0.8228879538946705,0.627323471995244,1.3569699349930187,0.1010242035881601,0.0012079675382393588,269.65480375097417,273.1700611544505,0.0,1.4698545105947531
27.311670132138765,36432.974163077146,257.1765891319668,240.48098918852688,469.03580420132033,0.006794591525974104,310.8746714960996,0.8272677471416113,0.6284078458899528,1.3569699349930187,0.10283329917318644,0.0012388791363479696,269.8454736376004,273.3966767100588,0.0,1.4885423229497627
27.461734253743924,36394.28344165525,258.4788168602318,240.37388573008744,471.59207587345566,0.00683466640213469,310.8054363755935,0.8316418781937666,0.6295118778532247,1.3569699349930187,0.10467358968637983,0.0012705915997503966,270.036500419257,273.62375796515454,0.0,1.5074735733998186
27.611798375349082,36355.39750561968,259.7783307456057,240.2662405733534,474.17647159551,0.0068752002837207905,310.735835540364,0.8360102087802517,0.6306354502566739,1.3569699349930187,0.10654560299123078,0.0013031229099810743,270.22786528177386,273.85128369747656,0.0,1.5266497386372082
27.76186249695424,36316.31676572543,261.07508380145606,240.15805483566376,476.7892922241422,0.006916198394212301,310.6658694672985,0.8403725978947215,0.6317784422002616,1.3569699349930187,0.10844987377304861,0.0013364913351697468,270.4195490553878,274.07923228383476,0.0,1.5460722719353348
27.9119266185594,36277.041639855,262.369028248023,240.04932965404473,479.4308422829533,0.006957666024640894,310.5955386451607,0.8447289017495067,0.6329407294433358,1.3569699349930187,0.11038694352349458,0.0013707154290985542,270.61153220891094,274.30758169352436,0.0,1.5657426017644165
28.061990740164557,36237.572553125035,263.66011550251557,239.940066185507,482.10142999852434,0.006999608534336999,310.5248435748026,0.8490789737375787,0.634122184336991,1.3569699349930187,0.11235736052266299,0.0014058140304315393,270.80379484432524,274.5363094822308,0.0,1.5856621306502372
28.212054861769715,36197.909937980774,264.9482961719324,239.83026560730912,484.80136733746315,0.007042031351695374,310.45378476935423,0.8534226644032403,0.6353226757582805,1.3569699349930187,0.11436167981867384,0.0014418062622226604,270.9963166919654,274.7653927865984,0.0,1.6058322343189184
28.362118983374874,36158.05423434978,266.2335200413137,239.71992911738505,487.5309700395686,0.007084939974882394,310.38236275452044,0.8577598213977004,0.6365420690398359,1.3569699349930187,0.11640046319598138,0.0014787115302042778,271.1890771047892,274.99480831775605,0.0,1.626254260283287
28.512183104980032,36118.00588978041,267.5157360615592,239.60905793472952,490.2905576520867,0.007128339972563166,310.3105780688511,0.8620902894331992,0.6377802258983479,1.3569699349930187,0.11847427913721868,0.0015165495205697497,271.3820550524757,275.22453235465474,0.0,1.646929526310917
28.66224722658519,36077.765359513134,268.79489234389405,239.49765329959757,493.0804535686951,0.007172236984705726,310.23843126389136,0.8664139102587677,0.6390370043686517,1.3569699349930187,0.12058370278685948,0.0015553401989703308,271.5752291168962,275.454540738967,0.0,1.6678593197118532
28.81231134819035,36037.333106643186,270.0709361484739,239.38571647395685,495.9009850623236,0.007216636723291093,310.16592290449614,0.8707305226165416,0.6403122587319241,1.3569699349930187,0.12272931590069025,0.0015951038078405682,271.7685774864516,275.6848088686849,0.0,1.6890448958518078
28.962375469795504,35996.70960226938,271.343813872355,239.27324874190182,498.7524833189195,0.007261544973040859,310.0930535691206,0.875039962195966,0.6416058394426171,1.3569699349930187,0.12491170678772223,0.0016358608630827878,271.96207795020064,275.9153116914878,0.0,1.7104874765006348
29.112439591400662,35955.895325580466,272.6134710426151,239.16025140989504,501.63528347564,0.00730696759221725,310.01982384999945,0.8793420616047989,0.6429175930598906,1.3569699349930187,0.12713147025167879,0.0016776321517328534,272.1557078930405,276.1460236993107,0.0,1.7321882488734182
29.26250371300582,35914.89076399565,273.879852307182,239.0467258071584,504.5497246553168,0.007352910513367323,309.94623435342305,0.8836366503323425,0.6442473621764633,1.3569699349930187,0.12938920752166988,0.0017204387286531761,272.34944429049585,276.3769189224564,0.0,1.7541483643132372
29.41256783461098,35873.696413326645,275.1429014232882,238.93267328612393,507.49614999938456,0.0073993797440456794,309.87228570005396,0.8879235547047837,0.6455949853446112,1.3569699349930187,0.13168552617190388,0.0017643019120949447,272.54326370298986,276.60797092311884,0.0,1.7763689365711612
29.562631956216137,35832.312777896565,276.40256124831626,238.81809522276552,510.4749067038256,0.007446381367587484,309.79797852516623,0.8922025978483358,0.6469602970041239,1.3569699349930187,0.13402104003672716,0.0018092432794769404,272.73714227057167,276.8391527894327,0.0,1.7988510403933287
29.712696077821295,35790.740370646345,277.6587737332118,238.70299301689573,513.4863460560445,0.007493921543899027,309.7233134788626,0.8964735996606238,0.6483431274126503,1.3569699349930187,0.13639636912065342,0.0018552846635297043,272.9310557082486,277.07043713020533,0.0,1.8215957104672713
29.862760199426454,35748.97971330672,278.9114799117924,238.58736809264428,516.5308234669844,0.007542006510175986,309.64829122641055,0.9007363767683646,0.6497433025714701,1.3569699349930187,0.13881213949357749,0.0019024481467150001,273.1249793005097,277.3017960687202,0.0,1.8446039396878724
30.012824321031612,35707.03133655177,280.16061988989674,238.47122189888591,519.608698504425,0.007590642581643082,309.5729124485456,0.9049907424844946,0.6511606441506839,1.3569699349930187,0.14126898317684838,0.0019507560549081703,273.31888789575976,277.53320123644596,0.0,1.8678766772790112
30.16288844263677,35664.89578007838,281.4061328405055,238.35455590946245,522.7203349316518,0.007639836152381419,309.49717784164255,0.909236506784853,0.6525949694206742,1.3569699349930187,0.14376753802886627,0.0020002309527462105,273.5127559020421,277.76462376821524,0.0,1.8914148279253593
30.31295256424193,35622.573592787325,282.6479569937779,238.23737162368712,525.8661007385939,0.007689593696039667,309.4210881180698,0.9134734762677981,0.6540460911778798,1.3569699349930187,0.14630844761267597,0.0020508956366568384,273.7065572818116,277.99603429630434,0.0,1.9152192499721024
30.463016685847087,35580.065332947335,283.8860296267994,238.11967056680123,529.0463681739874,0.00773992176656418,309.34464400651376,0.9177014541128494,0.6555138176699804,1.3569699349930187,0.14889236105320489,0.0021027731269671166,273.9002655466,278.22740294439825,0.0,1.939290753421706
30.613080807452242,35537.3715682899,285.1202870577954,238.00145429023914,532.2615137825632,0.007790826999011377,309.2678462521795,0.9219202400540082,0.6569979525260367,1.3569699349930187,0.15151993289131177,0.002155886661347414,274.0938537526332,278.4586993226461,0.0,1.963630098778486
30.7631449290574,35494.492876164906,286.3506646385283,237.88272437206217,535.5119184375311,0.007842316110288598,309.19069561710154,0.9261296303467745,0.6584982946845681,1.3569699349930187,0.15419182292350667,0.0022102596869180654,274.28729449620164,278.68989252241863,0.0,1.9882379954717913
30.91320905066256,35451.42984371824,287.5770967449528,237.76348241745282,538.7979673711706,0.007894395899867667,309.113192880495,0.9303294177292907,0.6600146383195546,1.3569699349930187,0.1569086960275832,0.002265915850795151,274.48055990868033,278.920951110667,0.0,2.0131150997988185
31.063273172267717,35408.18306802111,288.7995167699799,237.64373005907586,542.1200502087835,0.007947073250554488,309.0353388390205,0.9345193913904403,0.6615467727689268,1.3569699349930187,0.15967122198053013,0.002322878990911843,274.67362165198494,279.1518431247849,0.0,2.0382620132392475
31.213337293872875,35364.753156186816,290.0178571184036,237.52346895740425,545.4785610034118,0.008000355129273577,308.957134307027,0.938699336944903,0.6630944824658043,1.3569699349930187,0.1624800752679643,0.0023811731273302925,274.8664509145916,279.3825360681079,0.0,2.0636792812090197
31.363401415478034,35321.140725558296,291.2320491987843,237.40270080124148,548.8738982648202,0.00805424858776446,308.8785801169235,0.9428690363978647,0.6646575468662201,1.3569699349930187,0.16533593487540976,0.0024408224512350264,275.05901840702626,279.61299690479456,0.0,2.0893673910183255
31.513465537083192,35277.34640387367,292.4420234155759,237.28142730818283,552.3064649897623,0.008108760763301033,308.79967711951116,0.9470282681105118,0.6662357403772796,1.3569699349930187,0.16823948406755204,0.0025018513129098047,275.2512943573987,279.8431920547638,0.0,2.115326769656403
31.66352965868835,35233.370829352294,293.647709165689,237.15965022485665,555.7766686981282,0.008163898879507098,308.72042618417356,0.951176806780214,0.6678288322911913,1.3569699349930187,0.1711914101629241,0.002564284211936586,275.44324850792043,280.0730873897629,0.0,2.1415577827762706
31.81359378029351,35189.21465089085,294.8490348316215,237.03737132747037,559.2849214601333,0.008219670247032376,308.64082819926546,0.9553144234088834,0.669436586715313,1.3569699349930187,0.17419240428752125,0.0026281457843446146,275.634850110906,280.30264822881946,0.0,2.168060732608409
31.963657901898667,35144.87852823872,296.04592777484356,236.91459242229914,562.831639924604,0.00827608226424853,308.56088407246585,0.959440885272149,0.6710587625028743,1.3569699349930187,0.1772431611152808,0.0026934607885046604,275.82606792484313,280.5318393337767,0.0,2.1948358556292273
32.113722023503826,35100.363132098995,297.2383143321661,236.79131534596877,566.4172453527297,0.00833314241803476,308.48059473099687,0.9635559558985085,0.672695113188103,1.3569699349930187,0.18034437860087316,0.002760254092787323,276.01687021110746,280.76062490557683,0.0,2.221883321225907
32.26378614510898,35055.66914429557,298.426119811256,236.66754196592154,570.0421636461165,0.008390858284475515,308.3999611219634,0.9676593950452445,0.6743453869207693,1.3569699349930187,0.183496757694999,0.002828550661505602,276.2072247307186,280.9889685805688,0.0,2.2492032298955444
32.41385026671414,35010.79725796156,299.60926848549605,236.54327418094124,573.7068253725272,0.008449237529523873,308.3189842127314,0.9717509586719906,0.6760093264004492,1.3569699349930187,0.1867010020430099,0.002898375538814247,276.39709874106364,281.21683342677136,0.0,2.2767956108930094
32.5639143883193,34965.748177675225,300.78768359028487,236.41851392153288,577.4116657952452,0.008508287909725206,308.23766499121314,0.9758303989191566,0.6776866688134529,1.3569699349930187,0.18995781767184275,0.002969753832956228,276.58645899294027,281.44418194051354,0.0,2.3046604203062406
32.71397850992446,34920.522619583804,301.96128732076266,236.2932631502689,581.157124902921,0.00856801727295113,308.1560044661306,0.979897464090956,0.6793771457725065,1.3569699349930187,0.1932679126640267,0.0030427107011836247,276.7752717280417,281.67097604357275,0.0,2.332797539654169
32.864042631529614,34875.121311601055,303.13000082836135,236.16752386233964,584.9436474327031,0.008628433559028936,308.0740036674132,0.9839518986341047,0.6810804832556036,1.3569699349930187,0.19663199681154755,0.0031172713317389445,276.96350267643334,281.89717708028036,0.0,2.361206773599139
33.014106753134776,34829.544993579,304.29374421814487,236.04129808603238,588.7716828947114,0.008689544800394798,307.9916636465499,0.9879934431191334,0.6827964015468921,1.3569699349930187,0.2000507812551511,0.003193460924505634,277.15111705427177,282.12274581490635,0.0,2.3898878474534024
33.16417087473993,34783.79441739782,305.4524365478793,235.9145878829839,592.6416856026606,0.008751359122847586,307.9089854767945,0.992021834227698,0.6845246151811868,1.3569699349930187,0.20352497811232503,0.003271304674517682,277.3380795618734,282.3476424294643,0.0,2.418840406051172
33.314234996345085,34737.870347170014,306.6059958265091,235.78739534874936,596.5541146941976,0.008813884746140933,307.82597025357757,0.9960368047372239,0.6862648328885586,1.3569699349930187,0.20705530008361225,0.0033508277517136204,277.52435438205936,282.57182652178693,0.0,2.4480640114613097
33.46429911795025,34691.7735594204,307.75433901365165,235.6597226133043,600.5094341523215,0.008877129984594792,307.7426190948762,1.0000380835089073,0.6880167575416137,1.3569699349930187,0.2106424600437637,0.003432055279064834,277.70990517883115,282.7952571039812,0.0,2.4775581404082376
33.6143632395554,34645.50484318919,308.8973820195195,235.53157184133403,604.5081128325213,0.008941103247800649,307.6589331414457,1.0040253954774798,0.6897800861049037,1.3569699349930187,0.21428717061829244,0.003515012312939116,277.89469509608057,283.0178926009473,0.0,2.507322182807036
33.764427361160564,34599.06500020396,310.03503970560655,235.40294523271336,608.5506244831914,0.009005813041221637,307.5749135571763,1.0079984616429811,0.6915545095866715,1.3569699349930187,0.21799014374097295,0.0035997238214533923,278.0786867568348,283.2396908494738,0.0,2.5373554398290903
33.91449148276572,34552.45484507066,311.16722588636986,235.2738450230396,612.63744776336,0.009071267966751662,307.4905615294854,1.0119569990655857,0.6933397129935176,1.3569699349930187,0.22175209019391032,0.003686214660308377,278.2618422629713,283.4606090978543,0.0,2.5676571213629042
34.06455560437088,34505.67520540986,312.2938533311418,235.14427348401364,616.7690662641277,0.009137476723336034,307.40587826961183,1.015900720861437,0.6951353752871846,1.3569699349930187,0.22557371913104257,0.0037745095490396394,278.44412319499526,283.68060400559153,0.0,2.5982263439332707
34.214619725976036,34458.726921982074,313.4148337663158,235.01423292379087,620.9459685301097,0.009204448107594266,307.32086501289126,1.0198293361993787,0.696941169343486,1.3569699349930187,0.22945573758342613,0.003864633048214434,278.6254906120177,283.89963164333057,0.0,2.6290621292256824
34.3646838475812,34411.61084888556,314.5300778792468,234.88372568753306,625.1686480733695,0.009272191014324537,307.2355230191631,1.0237425503027808,0.6987567619154076,1.3569699349930187,0.2333988499457483,0.003956609533168723,278.80590505257203,284.1176474937072,0.0,2.660163401688756
34.51474796918635,34364.32785372552,315.63949532360715,234.75275415788104,629.437603388617,0.009340714437030202,307.1498535731278,1.0276400644562185,0.7005818136004652,1.3569699349930187,0.23740375744701112,0.004050463166088528,278.98532653593094,284.3346064527668,0.0,2.691528985891149
34.664812090791514,34316.87881770281,316.7429947223037,234.62132075520435,633.7533379744908,0.009410027468545783,307.06385798455796,1.0315215760046645,0.7024159788066522,1.3569699349930187,0.24147115759944673,0.004146217871598736,279.16371456269655,284.5504628305964,0.0,2.723157605352027
34.81487621239667,34269.26463581544,317.84048367411526,234.4894279381634,638.1163603434665,0.009480139301482267,306.9775375887154,1.03538677836407,0.704258905725834,1.3569699349930187,0.2456017436303649,0.004243897308126835,279.3410281169243,284.7651703536363,0.0,2.755047880219589
34.964940334001824,34221.486217032274,318.9318687623358,234.35707820419498,642.5271840328157,0.009551059228690727,306.89089374671914,1.0392353610386178,0.7061102363126988,1.3569699349930187,0.24979620389884866,0.00434352483726657,279.51722566893227,284.97868216777135,0.0,2.787198324605246
35.115004455606986,34173.54448439222,320.0170555599446,234.22427408979098,646.9863276210706,0.009622796643816033,306.8039278457784,1.0430670096271,0.7079696062609454,1.3569699349930187,0.2540552212876401,0.004445123495810109,279.6922651771263,285.1909508403425,0.0,2.819607345084583
35.26506857721214,34125.44037517044,321.09594863797236,234.0910181709632,651.4943147369488,0.009695361041730974,306.71664129954866,1.0468814058392757,0.7098366449866881,1.3569699349930187,0.25837947257814825,0.004548715965732796,279.8661040911119,285.4019283635795,0.0,2.8522732387961662
35.4151326988173,34077.17484105946,322.1684515771459,233.95731306374933,656.0516740653242,0.009768762018924071,306.62903554851556,1.0506782275228195,0.7117109756197106,1.3569699349930187,0.26276962781107016,0.004654324541296154,280.03869935599766,285.6115661593629,0.0,2.885194190912432
35.56519682042246,34028.748848296644,323.2344669778539,233.82316142457023,660.6589393566273,0.009843009273943859,306.54111206028244,1.0544571486851286,0.7135922149950594,1.3569699349930187,0.26722634962475916,0.004761971096592813,280.2100074162994,285.8198150835571,0.0,2.91836827255238
35.71526094202762,33980.16337778207,324.2938964687653,233.6885659505612,665.3166494356274,0.0099181126078345,306.4528723298413,1.0582178395108053,0.7154799736452726,1.3569699349930187,0.27175029256974936,0.004871677054434834,280.3799842196537,286.0266254301339,0.0,2.951793439376287
35.865325063632774,33931.41942526254,325.34664072121876,233.55352938008608,670.0253482022612,0.009994081924444313,306.364317879965,1.0619599663975592,0.7173738558047187,1.3569699349930187,0.2763421024121384,0.004983463351579233,280.54858522260093,286.23194693759126,0.0,2.985467529310201
36.015389185237936,33882.518001485056,326.3925994657994,233.41805449316664,674.7855846335497,0.010070927230752622,306.2754502615445,1.0656831919994756,0.7192734594209512,1.3569699349930187,0.2810024154225722,0.005097350401992963,280.71576539716847,286.4357287962821,0.0,3.019388259972504
36.16545330684309,33833.46013227767,327.4316715006321,233.28214411171155,679.5979127907767,0.01014865863728247,306.18627105379585,1.0693871752437376,0.7211783761558124,1.3569699349930187,0.28573185762801445,0.0052133580641477,280.8814792351112,286.63791965313897,0.0,3.053553227581181
36.31551742844825,33784.24685873182,328.46375470937954,233.14580110002595,684.4628918150325,0.0102272863583263,306.09678186465186,1.0730715713784205,0.7230881914055464,1.3569699349930187,0.29053104406027297,0.005331505604204037,281.0456807554839,286.83846762010114,0.0,3.087959904870052
36.46558155005341,33734.879237354944,329.48874608240357,233.00902836523886,689.3810859235965,0.010306820712185574,306.0069843311007,1.0767360320308752,0.7250024843300991,1.3569699349930187,0.29540057799307873,0.00545181165685698,281.20832351333206,287.03732028380455,0.0,3.1226056385969194
36.61564567165857,33685.358340157174,330.5065417290297,232.87182885754825,694.3530644108683,0.010387272121484473,305.9168801194064,1.0803802052375318,0.7269208278712292,1.3569699349930187,0.3003410501398705,0.005574294189093326,281.3693606058835,287.23442471249246,0.0,3.1574876481621055
36.765709793263724,33635.685254796546,331.51703689635224,232.73420557062792,699.3794016415333,0.010468651113358405,305.82647092543544,1.084003735494762,0.7288427887850859,1.3569699349930187,0.3053530378436632,0.005698970462397544,281.52874468107166,287.42972746552056,0.0,3.192603024001924
36.91577391486888,33585.861084732955,332.52012599420704,232.596161542059,704.4606770406319,0.010550968319592506,305.7357584750013,1.0876062638299333,0.7307679276894026,1.3569699349930187,0.31043710426190313,0.00582585699196914,281.6864279481869,287.62317460524406,0.0,3.2279487253745103
37.06583803647404,33535.88694933392,333.51570261559834,232.4576998536278,709.597475086265,0.01063423447680282,305.64474452412134,1.0911874278580225,0.732695799107179,1.3569699349930187,0.315593797522473,0.005954969506321394,281.8423621873622,287.81471170761444,0.0,3.2635215785061433
37.215902158079196,33485.763983974015,334.5036595538143,232.31882363160616,714.7903853007997,0.010718460426593173,305.5534308592638,1.0947468618275302,0.7346259515085041,1.3569699349930187,0.3208236498510126,0.006086322908872873,281.99649875834757,288.00428387198133,0.0,3.299318275506453
37.36596627968436,33435.49334019142,335.4838888334784,232.17953604719028,720.0400022338506,0.010803657115578475,305.4618192976991,1.0982841967117343,0.736557927380962,1.3569699349930187,0.3261271767124957,0.006219931234921685,282.14878861386694,288.1918357360115,0.0,3.3353353722203263
37.51603040128951,33385.07619248644,336.45598287438577,232.03984033534311,725.3469247407515,0.010889835583963487,305.36991169996236,1.1017980815508983,0.7394246139037126,1.3569699349930187,0.33192326212086337,0.006355807556089942,282.29909304307773,288.3772114226021,0.0,3.3715692723853086
37.666094522894674,33334.513752370294,337.4208250622428,231.89973983372806,730.7117544522001,0.01097700694093317,305.2777099955628,1.1052913921135845,0.738306754523653,1.3569699349930187,0.3359932091826056,0.00649396382140812,282.4476589912378,288.5606873377713,0.0,3.4080161962759163
37.81615864449983,33283.80697301301,338.37967150391944,231.7592371643255,736.1351273936579,0.011065182879081004,305.18521564427465,1.1087682304320285,0.7371941662617509,1.3569699349930187,0.34010652826912713,0.0066344132727846,282.5948478569606,288.7426682688964,0.0,3.4446728197813825
37.96622276610499,33232.95675926172,339.33245567466406,231.6183348153277,741.617692429113,0.011154375325369094,305.09243001868305,1.1122283684779863,0.7360869220870444,1.3569699349930187,0.34426360229998626,0.006777168788914779,282.74062676929174,288.9231170688536,0.0,3.481535827197917
38.116286887710146,33181.96402569988,340.2791129640227,231.4770353020112,747.1601052216126,0.011244596343484781,304.99935451004984,1.1156715839961242,0.7349850931212403,1.3569699349930187,0.34846481883504404,0.00692224238348258,282.8849633348298,289.10199712254973,0.0,3.518601785218244
38.26635100931531,33130.8296966266,341.21957819039045,231.33534116668272,752.7630282825955,0.011335858135046936,304.90599052831936,1.1190976523588452,0.7338887512451696,1.3569699349930187,0.35271056625438246,0.007069645171000964,283.02782489620813,289.27927151573454,0.0,3.5558671424123265
38.41641513092046,33079.554706170056,342.1537855997065,231.19325497899695,758.4271310059657,0.011428173040567606,304.81233950236987,1.1225063465550624,0.73279796910238,1.3569699349930187,0.3570012336601749,0.007219387330562958,283.1691785331806,289.4549030361798,0.0,3.5933282282862185
38.56647925252562,33028.13999838426,343.0816688642608,231.0507793362279,764.1530897028456,0.011521553540427968,304.7184028802351,1.1258974371794137,0.7317128201025876,1.3569699349930187,0.3613372107755545,0.0073714780673429445,283.30899106377444,289.6288541749383,0.0,3.6309812519067854
38.71654337413078,32976.58652730799,344.0031610819936,230.90791686343545,769.9415876394634,0.011616012255908702,304.624182129257,1.12927069242332,0.7306333784245376,1.3569699349930187,0.36571888784227324,0.007525925575401598,283.44722904556806,289.80108712775643,0.0,3.6688223009866014
38.866607495735934,32924.89525705476,344.91819477590894,230.76467021371832,775.7933150705214,0.011711561950149987,304.5296787362964,1.1326258780661786,0.7295597190188229,1.3569699349930187,0.37014665551267534,0.007682737001433844,283.5838587771759,289.9715637967077,0.0,3.706847341306193
39.016671617341096,32873.06716192089,345.8267018934176,230.62104206851677,781.7089692692815,0.011808215529060966,304.4348942079765,1.1359627574661793,0.7284919176108227,1.3569699349930187,0.3746209047361744,0.007841918406473799,283.7188462998465,290.1402457919477,0.0,3.7450522157330046
39.16673573894625,32821.10322646181,346.72861380594776,230.47703513782756,787.6892545599487,0.011905986042269735,304.3398300708698,1.1392810915521874,0.7274300507033,1.3569699349930187,0.3791420266435013,0.008003474726627545,283.8521573991428,290.30709443357136,0.0,3.7834326431148897
39.31679986055141,32769.00444555516,347.6238613088671,230.33265216038237,793.7348823503133,0.01200488668408063,304.2444878716609,1.1425806388167166,0.7263741955786507,1.3569699349930187,0.3837104124277284,0.008167409736551742,283.9837576067715,290.47207075364236,0.0,3.82198421792319
39.46686398215657,32716.771824517233,348.5123746214135,230.1878959039739,799.8465711569128,0.012104930794312034,304.14886917740745,1.1458611553085514,0.7253244303012636,1.3569699349930187,0.3883264532175221,0.008333726011893016,284.11361220265536,290.6351354984761,0.0,3.860702409712276
39.61692810376173,32664.406379193708,349.3940833869751,230.04276916571092,806.0250466315979,0.012206131859159815,304.05297557575517,1.1491223946266664,0.7242808337194667,1.3569699349930187,0.39299053994760064,0.008502424889287825,284.24168621713625,290.7962491310788,0.0,3.8995825620826445
39.766992225366884,32611.9091360077,350.2689166732999,229.89727477215507,812.2710415916713,0.012308503512121932,303.95680867507474,1.1523641079142006,0.7232434854674559,1.3569699349930187,0.39770306322677773,0.008673506429082968,284.3679444331349,290.9553718335516,0.0,3.9386198923490836
39.917056346972046,32559.281132075695,351.1368029731169,229.75141557964565,818.5852960404886,0.012412059534769435,303.8603701047242,1.155586043853297,0.722212465966945,1.3569699349930187,0.40246441319753784,0.008846969378579742,284.492351388724,291.1124635099358,0.0,3.977809491367073
40.0671204685772,32506.523415303436,351.997670205156,229.60519447456903,824.9685571886798,0.01251681385752984,303.7636615152748,1.158787948661383,0.7211878564283575,1.3569699349930187,0.40727497939224805,0.00902281113309213,284.61487137987206,291.2674837892556,0.0,4.0171463228984
40.217184590182356,32453.637044443723,352.85144571489275,229.45861437352255,831.4215794782347,0.012622780560519827,303.6666845786677,1.1619695660868037,0.7201697388522228,1.3569699349930187,0.4121351505859788,0.009201027697683054,284.73546846309785,291.42039202847405,0.0,4.056625223173512
40.36724871178752,32400.623089187764,353.6980562756753,229.31167822357136,837.9451246008417,0.012729973874285806,303.56944098843303,1.1651306374054704,0.7191581960302494,1.3569699349930187,0.4170453146424632,0.009381613651271974,284.8541064584425,291.57114731579355,0.0,4.096240901001965
40.51731283339267,32347.48263027272,354.5374280904712,229.16438900255022,844.5399615122932,0.01283840818048183,303.4719324599391,1.168270901419436,0.7181533115457805,1.3569699349930187,0.42200585835443133,0.009564562109804052,284.9707489527878,291.7197084743385,0.0,4.135987937673209
40.667376954997835,32294.216759555162,355.3694867936538,229.01674971927082,851.2068664490745,0.012948098012585155,303.3741607305799,1.1713900944558355,0.7171551697741326,1.3569699349930187,0.42701716728046263,0.009749864688064633,285.08535930320204,291.8660340658816,0.0,4.175860786566854
40.81744107660299,32240.82658007396,356.19415745228537,228.8687634136999,857.9466229443593,0.013059058056603831,303.27612755994323,1.1744879503642527,0.7161638558834391,1.3569699349930187,0.4320796255758418,0.009937511464372039,285.1979006402107,292.01008239448726,0.0,4.215853773383939
40.96750519820815,32187.31320617257,357.0113645689957,228.72043315730187,864.7600218344347,0.013171303151628339,303.1778347300893,1.1775642005189229,0.7151794558339447,1.3569699349930187,0.43719361581623667,0.010127490945950515,285.3083358718461,292.15181151101086,0.0,4.255961096490762
41.117569319813306,32133.677762411215,357.8210667101225,228.62205787500983,871.6474610564383,0.013281919585405404,303.11262758529006,1.1804888155292659,0.714243579030635,1.3569699349930187,0.44228779671431817,0.010319776065038635,285.4669345108581,292.3414873712307,0.0,4.296173919484244
41.26763344141847,32079.921370145326,358.6233228634812,228.5688404225406,878.6075426007812,0.013391092465034216,303.07734704231393,1.1832732679074567,0.7133525542696139,1.3569699349930187,0.44736627694428027,0.010514297655019085,285.66890200935325,292.57431574124837,0.0,4.336475044044716
41.41769756302362,32026.04514863875,359.4180980434435,228.51550344363184,885.6406659713463,0.013501436764990268,303.0419831379559,1.186034008627191,0.712469117239299,1.3569699349930187,0.4524930024985563,0.01071102281716921,285.868933932761,292.80498891176995,0.0,4.376855309279371
41.567761684628785,31972.05022587816,360.20531691327784,228.46204804898343,892.7475580414693,0.013612964496373888,303.00653657958276,1.188770780258967,0.7115933503171306,1.3569699349930187,0.4576682493342984,0.010909933263417725,286.0669914572303,293.03346322944674,0.0,4.4173088425121545
41.71782580623394,31917.93774119944,360.9849085316402,228.40847536059348,899.928950981464,0.013725687763150638,302.9710080823175,1.1914833396651612,0.7107253313071484,1.3569699349930187,0.46289229852365293,0.01111100706941996,286.2630371195428,293.2596965647454,0.0,4.4578292509733775
41.8678899278391,31863.70884458123,361.75680093082957,228.35478651106004,907.1855823299707,0.013839618763367256,302.9353983685827,1.1941714401123855,0.7098651391640367,1.3569699349930187,0.4681654261945994,0.011314220901065337,286.4570330949706,293.48364638162167,0.0,4.498410088794939
42.017954049444256,31809.364696815293,362.5209217380011,228.30098264375124,914.5181949489652,0.01395476978854166,302.89970816821955,1.1968348333193841,0.7090128533377971,1.3569699349930187,0.4734879044485558,0.011519549730979082,286.6489413987606,293.70526996335093,0.0,4.539044804430566
42.16801817104941,31754.906469594556,363.27719818224034,228.24706491289373,921.9275369865838,0.01407115322317461,302.8639382185529,1.1994732694788244,0.7081685537667762,1.3569699349930187,0.47886000115221783,0.011726966820409607,286.83872389208756,293.9245244191904,0.0,4.579726742617971
42.31808229265457,31700.33534557048,364.02555710267046,228.19303448363092,929.4143618412936,0.014188781544281397,302.82808926443613,1.2020864972826064,0.707332320869566,1.3569699349930187,0.4842819797278007,0.01193644369940698,287.0263422884278,294.1413666915168,0.0,4.620449145830564
42.46814641425973,31645.65251838534,364.7659249525616,228.13889253205608,936.9794281267315,0.01430766732093302,302.79216205827976,1.2046742639340626,0.7065042355411,1.3569699349930187,0.48975409893158256,0.012147950144737175,287.2117581587339,294.3557535616227,0.0,4.661205155137851
42.61821053586489,31590.859192751243,365.4982278068306,228.08464024529212,944.6234996272125,0.014427823213649653,302.7561573601106,1.2072363151712617,0.7056843791451962,1.3569699349930187,0.4952766126294605,0.012361454165601908,287.3949329378612,294.56764165691055,0.0,4.701987812420155
42.768274657470045,31535.95658451224,366.2223913711694,228.0302788215544,952.3473452526346,0.014549261973783315,302.7200759376199,1.209772395295762,0.7048728335053562,1.3569699349930187,0.5008497695709192,0.012576921989425787,287.57582793162516,294.776987458796,0.0,4.742790062391832
42.918338779075206,31480.945920680042,366.938340988646,227.97580947018736,960.1517389939214,0.01467199644290775,302.68391856619445,1.2122822471931216,0.7040696808982011,1.3569699349930187,0.5064738131538463,0.012794318044885046,287.75440432313354,294.9837473098015,0.0,4.783604753910841
43.06840290068036,31425.828439490313,367.6460016463913,227.92123341172177,968.0374598726308,0.014796039552115203,302.6476860289609,1.2147656123536679,0.7032750040468263,1.3569699349930187,0.5121489811816995,0.01301360494938588,287.9306231792812,295.1878774208293,0.0,4.824424641947921
43.21846702228552,31370.6053904731,368.3452979856633,227.86655187794577,976.0052918852592,0.014921404321228262,302.6113791168394,1.217222230904423,0.7024888861105847,1.3569699349930187,0.5178755056198948,0.013234743501450283,288.10444545847764,295.38933387981535,0.0,4.865242390255813
43.36853114389068,31315.278034493243,369.03615431184494,227.8117661119462,984.0560239484859,0.015048103858024992,302.5749986285781,1.2196518416409228,0.7017114106749047,1.3569699349930187,0.5236536123480416,0.013457692671117714,288.2758320184497,295.58807266047046,0.0,4.906050573436691
43.51859526549584,31259.847643784622,369.7184946000699,227.7568773681441,992.1904498421168,0.015176151357426174,302.538545370783,1.222054182044648,0.7009426617457126,1.3569699349930187,0.5294835208973226,0.013682409588600586,288.4447436227287,295.7840496295476,0.0,4.946841678480882
43.668659387100995,31204.3155020253,370.39224250636835,227.7018869123703,1000.4093681425829,0.015305560100532243,302.5020201579749,1.224428988318621,0.7001827237380412,1.3569699349930187,0.5353654441891466,0.013908849543615185,288.6111409491022,295.97722055630663,0.0,4.98760810802974
43.81872350870615,31148.68290437873,371.05732138022296,227.64679602190765,1008.7135821578629,0.015436343453680718,302.4654238126243,1.226775995427798,0.6994316814631046,1.3569699349930187,0.5412995882728978,0.014136965983521654,288.7749845986253,296.1675411226104,0.0,5.0283421831500785
43.96878763031131,31092.951157518153,371.71365427087596,227.5916059855167,1017.1038998612754,0.015568514867484045,302.4287571651751,1.2290949371188933,0.6986896201219541,1.3569699349930187,0.5472861520453335,0.014366710505838258,288.9362351026855,296.35496693084076,0.0,5.069036144861203
44.118851751916466,31037.12157969234,372.3611639388366,227.53631810350214,1025.5811338156172,0.015702087875713304,302.3920210540955,1.2313855459573262,0.6979566252936557,1.3569699349930187,0.5533253269705575,0.01459803286269873,289.0948529319374,296.53945351390587,0.0,5.109682157554846
44.26891587352163,30981.195500770093,372.999772869682,227.48093368775827,1034.1461010964626,0.01583707609416664,302.3552163259152,1.233647553371851,0.6972327829210078,1.3569699349930187,0.559417296799686,0.014830880966609098,289.25079850610234,296.7209563462195,0.0,5.150272312351581
44.41897999512678,30925.174262263354,373.6294032839272,227.42545406179326,1042.7996232150742,0.015973493219529324,302.3183438352481,1.2358806896863028,0.6965181793003831,1.3569699349930187,0.5655622372772019,0.015065200891434434,289.4040322025772,296.8994308533476,0.0,5.190798629348143
44.569044116731945,30869.05921737165,374.24997714703244,227.36988056077467,1051.5425260340555,0.016111353028117215,302.28140444482955,1.2380846841517772,0.6958129010714313,1.3569699349930187,0.5717603158385726,0.0153009368785444,289.55451436522725,297.0748324218598,0.0,5.231253060509937
44.7191082383371,30812.851731033876,374.8614161843344,227.31421453158208,1060.3756396778786,0.016250669374536914,302.24439902555827,1.2402592649951325,0.6951170352015577,1.3569699349930187,0.5780116913107798,0.015538031350949008,289.70220531494516,297.24711641115806,0.0,5.2716274936512635
44.86917235994226,30756.553179949846,375.46364189566697,227.25845733282986,1069.2997984439685,0.016391456190352257,302.2073284565182,1.242404159466599,0.6944306689706883,1.3569699349930187,0.5843165136078559,0.0157764249253736,289.847065360208,297.41623816530836,0.0,5.311913755750707
45.019236481547416,30700.164952604595,376.05657556359796,227.20261033489268,1078.3158407092728,0.01653372748267697,302.17019362500275,1.2445190938663169,0.6937538899627786,1.3569699349930187,0.5906749234049391,0.016016056419461064,289.98905480563604,297.58215302263125,0.0,5.352103615164642
45.16930060315258,30643.68844932317,376.6401382696488,227.14667491996127,1087.4246088276982,0.016677497332620535,302.13299542655824,1.2466037935972523,0.6930867860488793,1.3569699349930187,0.5970870518198403,0.016256862874274892,290.1281339633595,297.7448163284363,0.0,5.39218878613983
45.31936472475773,30587.125082288792,377.21425091235056,227.09065248206167,1096.6269490290329,0.016822779893754632,302.09573476500424,1.2486579832243574,0.6924294453682056,1.3569699349930187,0.6035530200950154,0.016498779576701074,290.2642631650956,297.9041834485576,0.0,5.432160932968891
45.46942884636289,30530.476278285587,377.77873138807666,227.03454442977335,1105.923710864367,0.01696958938341437,302.0584125542484,1.250681046071608,0.692,1.3569699349930187,0.6102648964856208,0.016741740019578427,290.39736828037,298.06017111718194,0.0,5.472011663645707
45.61949296796805,30473.743526882467,378.3330142458234,226.97835223395606,1115.3157390679564,0.017117939954186093,302.0210297500477,1.252671095648311,0.692,1.3569699349930187,0.6174076801098233,0.01698567497337323,290.5272463375612,298.2125516383726,0.0,5.511732379504137
45.769557089573205,30416.92838358806,378.8767753984719,226.9220774308807,1124.8038725449512,0.017267845677800844,301.98358735211946,1.2546270435442353,0.692,1.3569699349930187,0.6246060340681884,0.017230512411341842,290.6537747849899,298.36118745383527,0.0,5.551314268631298
45.91962121117837,30360.032436957652,379.4099086534173,226.86572158965447,1134.3889494145399,0.017419320624709363,301.94608638249275,1.2565485222841954,0.692,1.3569699349930187,0.6318596145415364,0.017476178162659665,290.77690417499724,298.5060229461828,0.0,5.590748415792688
46.06968533278352,30303.05728760435,379.93235872981967,226.80928629143386,1144.0718102979695,0.017572378916027503,301.9085278716897,1.2584353327418756,0.692,1.3569699349930187,0.6391682224306517,0.01772259634353802,290.8966023454624,298.64702187254045,0.0,5.630025872271984
46.21974945438868,30246.004544317788,380.4440389993621,226.75277312558174,1153.8532988401462,0.01772703473181299,301.87091285617424,1.2602871717574984,0.692,1.3569699349930187,0.6465315322206695,0.017969689481067662,291.01282675318816,298.7841363525262,0.0,5.669137674167815
46.36981357599384,30188.87582927501,380.9448692407498,226.6961836948301,1163.73426068207,0.017883302294850707,301.83324238179506,1.2621037571431077,0.692,1.3569699349930187,0.6539492152031077,0.018217378451494525,291.1255371854805,298.91732111648446,0.0,5.708074830714979
46.519877697599,30131.672776670366,381.4347697255854,226.63951961392434,1173.715543534219,0.01804119587183115,301.7955175028907,1.2638848081033276,0.692,1.3569699349930187,0.6614209196176856,0.018465582538198994,291.2346937779564,299.0465312837409,0.0,5.746828331558539
46.669941819204155,30074.397032624158,381.91366125876635,226.5827825095344,1183.7979970308259,0.01820072977106263,301.7577392822373,1.2656300453707945,0.692,1.3569699349930187,0.6689462703097973,0.01871421948684353,291.3402570369604,299.1717223877406,0.0,5.785389153147014
46.82000594080932,30017.050255078524,382.3814652219926,226.525974020153,1193.9824725818894,0.0183619183401435,301.7199087909886,1.2673391913520726,0.692,1.3569699349930187,0.676524868406174,0.018963205559922407,291.4421878631082,299.29285040245145,0.0,5.8237482646321395
46.97007006241447,29959.63411374541,382.8381035951715,226.46909579604542,1204.2698232111968,0.018524775963408752,301.6820271086491,1.2690119702003146,0.692,1.3569699349930187,0.6841562909130768,0.019212455575265637,291.5404475674522,299.4098717604907,0.0,5.861896630944779
47.12013418401963,29902.150290002788,383.28349899522095,226.41214949914826,1214.6609033986042,0.018689317059439475,301.64409532301374,1.2706481079458365,0.692,1.3569699349930187,0.6918400903851916,0.01946188296683423,291.6349978935369,299.5227433778595,0.0,5.899825218988873
47.27019830562479,29844.600476772965,383.7175747207012,226.35513680295014,1225.156568920844,0.018855556078544652,301.60611453009574,1.2722473326462085,0.692,1.3569699349930187,0.699575794624596,0.01971139984912456,291.7258010414764,299.6314226809473,0.0,5.937525004003212
47.42026242722994,29786.986378438552,384.1402547829051,226.29805939240995,1235.7576766807892,0.019023507500055513,301.568085834079,1.2738093744914933,0.692,1.3569699349930187,0.7073629063345791,0.019960917070560285,291.81281968750886,299.7358676284603,0.0,5.974986973900225
47.570326548835105,29729.309710746358,384.5514639370608,226.24091896386304,1246.4650845338497,0.019193185829569692,301.5300103472622,1.2753339659100118,0.692,1.3569699349930187,0.7152009027812405,0.02021034427257709,291.8960170035939,299.83603673340076,0.0,6.012202134159816
47.72039067044026,29671.57220066568,384.95112772777475,226.18371722488203,1257.2796511179472,0.019364605596247312,301.49188918997334,1.2768208417215923,0.692,1.3569699349930187,0.7230892355203136,0.020459589963470456,291.9753566818414,299.9318890904668,0.0,6.049161514599621
47.87045479204542,29613.775586259708,385.33917253170074,226.1264558941509,1268.2022356764003,0.019537781349989868,301.4537234904923,1.2782697392817381,0.692,1.3569699349930187,0.7310273301226524,0.020708561589299762,292.05080295803486,300.0233844024357,0.0,6.085856175345823
48.02051891365058,29555.92161660502,385.71552558135227,226.0691367013864,1279.2336978666917,0.019712727658390255,301.41551438500545,1.279680398563255,0.692,1.3569699349930187,0.7390145858324251,0.020957165590769263,292.1223206287563,300.1104829993692,0.0,6.1222772104267085
48.17058303525574,29498.01205162695,386.08011501123104,226.01176138717648,1290.3748975802232,0.019889459103851825,301.3772630175041,1.281052562312265,0.692,1.3569699349930187,0.7470503753278146,0.021205307484847547,292.1898750760432,300.1931458662723,0.0,6.158415754722164
48.32064715686089,29440.048661934183,386.43286990697874,225.95433170281746,1301.6266947574977,0.02006799028062988,301.33897053968315,1.282385976214416,0.692,1.3569699349930187,0.7551340445061567,0.021452891948753237,292.2534322930828,300.2713346719141,0.0,6.194262990908383
48.470711278466055,29382.033228734752,386.77372032939735,225.89684941023216,1312.9899491828637,0.020248335791543583,301.30063811089235,1.2836803889776265,0.692,1.3569699349930187,0.7632649121743512,0.021699822882248768,292.312958901348,300.34501178804624,0.0,6.2298101529532515
48.62077540007121,29323.96754366036,387.1025973581124,225.83931628179715,1324.4655202916927,0.02043051024487967,301.262266898028,1.2849355524803905,0.692,1.3569699349930187,0.7714422698364116,0.021946003491922172,292.3684221743315,300.4141403160281,0.0,6.2650485325422
48.77083952167637,29265.853408577626,387.4194331411912,225.7817341001568,1336.0542669758047,0.02061452825126293,301.22385807541474,1.286151221940051,0.692,1.3569699349930187,0.7796653815205857,0.022191336381931364,292.41979006327665,300.4786841156922,0.0,6.299969486123068
48.92090364328153,29207.692635461997,387.72416092941097,225.72410465809975,1347.7570473714682,0.020800404420244584,301.18541282473007,1.2873271560300987,0.692,1.3569699349930187,0.7879334835523499,0.022435723632007305,292.46703121764614,300.5386078283026,0.0,6.334564439844702
49.07096776488668,29149.48704624454,388.01671511073755,225.66642975840807,1359.5747186479598,0.020988153356893642,301.1469323349089,1.288463116998382,0.692,1.3569699349930187,0.796245784344285,0.022679066876664822,292.5101150055575,300.5938768994806,0.0,6.368824894437717
49.22103188649184,29091.23847259455,388.29703126012834,225.60871121364318,1371.5081368040971,0.021177789658509284,301.1084178020077,1.2895588708365207,0.692,1.3569699349930187,0.8046014642706655,0.022921267400555303,292.54901153935236,300.64445760789204,0.0,6.402742432133969
49.371096008097,29032.94875573529,388.5650461857076,225.55095084596434,1383.558156453755,0.021369327911152376,301.06987042908855,1.2906141874373542,0.692,1.3569699349930187,0.8129996755409904,0.02316222623385135,292.58369169987054,300.6903170924785,0.0,6.436308723320849
49.52116012970216,28974.61974632298,388.8206979545748,225.4931504870098,1395.72563059333,0.021562782685884213,301.0312914261461,1.2916288406847123,0.692,1.3569699349930187,0.8214395419971003,0.023401844227008153,292.61412715366043,300.7314233717638,0.0,6.469515530096262
49.671224251307315,28916.25330419925,389.0639259424866,225.43531197765265,1408.0114103906192,0.021758168535339392,300.9926820099498,1.2926026086229745,0.692,1.3569699349930187,0.8299201590413228,0.023640022148001205,292.64029037817835,300.7677453721304,0.0,6.502354712772889
49.82128837291248,28857.851298160516,389.2946708861736,225.3774371677733,1420.4163449658743,0.021955499990168544,300.9540434038985,1.2935352736355055,0.692,1.3569699349930187,0.8384405935940362,0.023876660788203673,292.6621546878022,300.79925295700616,0.0,6.534818237343822
49.97135249451763,28799.415605839557,389.51287490872744,225.3195279161432,1432.9412811446127,0.022154791555025578,300.91537683794695,1.2944266225334613,0.692,1.3569699349930187,0.8469998839411033,0.02411166104138608,292.6796942505182,300.8259169455837,0.0,6.566898179052065
50.121416616122794,28740.948113449034,389.71848156581274,225.2615860901716,1445.5870632347903,0.02235605770493605,300.8766835484434,1.295276446714307,0.692,1.3569699349930187,0.8555970397056192,0.02434492399850799,292.6928841115098,300.84770913929225,0.0,6.598586727991034
50.27148073772795,28682.450715521634,389.911435897492,225.20361356564905,1458.354532800771,0.022559312881608496,300.8379647779626,1.2960845423391667,0.692,1.3569699349930187,0.864231041866607,0.024576351054203305,292.70170021853096,300.8646023502706,0.0,6.629876196125149
50.42154485933311,28623.92531474059,390.09168446370074,225.14561222658043,1471.2445284133642,0.022764571489358492,300.7992217751997,1.2968507104557376,0.692,1.3569699349930187,0.8729008427160748,0.024805844000740276,292.7061194415431,300.87657042339896,0.0,6.660759022444451
50.571608980938265,28565.37382172345,390.259175379954,225.0875839649714,1484.2578854053186,0.022971847891112923,300.7604557948325,1.29757475712224,0.692,1.3569699349930187,0.8816053658430649,0.02503330511429462,292.70611959219303,300.88358825815845,0.0,6.691227776973167
50.72167310254342,28506.798154723714,390.41385836846035,225.02953068053387,1497.3954356408697,0.023181156404631614,300.72166809732954,1.2982564935829688,0.692,1.3569699349930187,0.8903435062199252,0.02525863725733491,292.70167944834833,300.8856318361693,0.0,6.721275166846078
50.87173722414858,28448.20023939091,390.5556848048722,224.9714542804487,1510.6580072685736,0.023392511298456424,300.6828599487959,1.2988957364293428,0.692,1.3569699349930187,0.8991141302863069,0.02548174398783943,292.6927787769739,300.8826782468623,0.0,6.750894043170077
51.02180134575374,28389.582008606238,390.68460774439825,224.913356679204,1524.0464244527261,0.023605926787512242,300.6440326208702,1.2994923076922487,0.692,1.3569699349930187,0.9079160759516894,0.025702529639766828,292.67939834970446,300.8747057049548,0.0,6.78007740396785
51.1718654673589,28330.945402146277,390.80058197171013,224.8552397982623,1537.5615071394539,0.023821417029253895,300.60518739050593,1.3000460350141412,0.692,1.3569699349930187,0.9167481527536172,0.025920899417847906,292.6615199662563,300.8616935767334,0.0,6.808818398990258
51.32192958896405,28272.292366388192,390.90356405279294,224.79710556576927,1551.2040708103475,0.024038996119607983,300.5663255397814,1.3005567518276593,0.692,1.3569699349930187,0.925609142047267,0.026136759512634243,292.63912647831285,300.84362240686346,0.0,6.837110337128862
51.471993710569215,28213.624854156675,390.99351235990383,224.73895591640272,1564.9749261992508,0.024258678088320426,300.5274483558027,1.3010242974445245,0.692,1.3569699349930187,0.9344977970747906,0.026350017184327137,292.61220180395765,300.82047393458635,0.0,6.864946689661072
51.62205783217437,28154.944824381808,391.07038711693843,224.68079279103412,1578.8748790489926,0.024480476894933965,300.48855713048096,1.3014485172130006,0.692,1.3569699349930187,0.943412843182054,0.02656058084853256,292.5807309487256,300.7922311173566,0.0,6.892321093759948
51.77212195377953,28096.25424176924,391.134150449557,224.6226181364024,1592.9047298623739,0.024704406424667612,300.4496531603185,1.301829262691309,0.692,1.3569699349930187,0.9523529780855471,0.026768360183062466,292.5447000280352,300.7588781560271,0.0,6.919227358742451
51.92218607538469,28037.55507658966,391.1847664191693,224.56443390490568,1607.0652736216898,0.024930480483787112,300.4107377462728,1.3021663917671424,0.692,1.3569699349930187,0.9613168720730327,0.026973266225181213,292.50409628383693,300.72040051353576,0.0,6.945659471053535
52.07225019698985,27978.849304397012,391.22220105700103,224.50624205432285,1621.357299521262,0.025158712795175894,300.37181219357336,1.302459768777769,0.692,1.3569699349930187,0.9703031682412577,0.02717521144676141,292.45890810090674,300.6767849332031,0.0,6.971611596425221
52.222314318595004,27920.13890564942,391.2464224123572,224.44804454743803,1635.7815907207766,0.025389116994231516,300.33287781147425,1.3027092646778136,0.692,1.3569699349930187,0.9793104828468203,0.027374109844647842,292.40912502765036,300.6280194620983,0.0,6.997078084062037
52.372378440200166,27861.42586541886,391.2574005961076,224.38984335175337,1650.3389240747067,0.025621706624373467,300.29393591306456,1.3029147571910245,0.692,1.3569699349930187,0.9883374056519105,0.02756987705002777,292.3547377950033,300.57409347225905,0.0,7.022053473294381
52.52244256180532,27802.712173183423,391.2551078048386,224.33164043928366,1665.030069837806,0.025856495132161622,300.2549878151339,1.3030761308975596,0.692,1.3569699349930187,0.9973825001897373,0.027762430398901194,292.29573832834825,300.5149976740755,0.0,7.04653249530229
52.672506683410475,27743.999822402257,391.2395183665998,224.27343778613525,1679.8557914219164,0.02609349586322747,300.21603483789335,1.3031932773939143,0.692,1.3569699349930187,1.0064443042008568,0.02795168900242214,292.2321197663608,300.45072413746584,0.0,7.070510074945125
52.82257080501564,27685.290810163966,391.2106087876731,224.215237372158,1694.8168451327463,0.026332722057878878,300.1770783047448,1.3032660954561945,0.692,1.3569699349930187,1.0155213300971755,0.028137573856478384,292.16387647991417,300.3812663131092,0.0,7.0939813376649195
52.97263492662079,27626.58713700179,391.16835777485227,224.15704118076215,1709.9139798619274,0.02657418684598277,300.1381195421607,1.30329449112146,0.692,1.3569699349930187,1.0246120653055966,0.02832000791637267,292.0910040822596,300.30661904387983,0.0,7.116941612040811
53.122699048225954,27567.89080646658,391.1127462756256,224.0988511984956,1725.1479368378689,0.026817903242780796,300.0991598794031,1.3032783778295047,0.692,1.3569699349930187,1.033714972771665,0.0284989161512999,292.0134994447969,300.2267785825754,0.0,7.139386429946043
53.27276316983111,27509.203824734977,391.04375752180226,224.0406694146554,1740.5194493669815,0.02706388414454461,300.0602006482654,1.3032176765761383,0.692,1.3569699349930187,1.0428284915102377,0.028674225635167378,291.93136071367206,300.1417426105693,0.0,7.161311531428557
53.42282729143627,27450.528200364522,390.9613770587717,223.98249782104537,1756.0292425347277,0.027312142323581555,300.0212431829115,1.3031123160182942,0.692,1.3569699349930187,1.0519510370900964,0.02884586563380429,291.8445873211191,300.05151025055306,0.0,7.182712869247047
53.572891413041425,27391.865943948644,390.86559277440085,223.924338411634,1771.6780329306896,0.027562690423617496,299.98228881964866,1.3029622325783101,0.692,1.3569699349930187,1.0610810021637473,0.029013767649728628,291.7531799961562,299.9560820785678,0.0,7.2035866082605615
53.72295553464659,27333.219067664042,390.7563949394568,223.86619318210612,1787.4665284012353,0.027815540955614903,299.94333889662755,1.3027673705870397,0.692,1.3569699349930187,1.0702167571099563,0.02917786548156845,291.65714077874696,299.85546013993206,0.0,7.223929126852287
53.87301965625174,27274.589584941546,390.6337762433969,223.80806412953626,1803.3954277690118,0.02807070629305334,299.90439475362547,1.3025276824112781,0.692,1.3569699349930187,1.0793566506664858,0.02933809532091606,291.5564730320333,299.7496479629934,0.0,7.243737023163648
54.023083777856904,27215.979510218545,390.4977318138929,223.74995325214354,1819.4654205284266,0.02832819866681839,299.865457731882,1.3022431285268201,0.692,1.3569699349930187,1.0884990104926306,0.02949439579744915,291.45118144855815,299.6386505661336,0.0,7.263007115076729
54.17314789946206,27157.390858432478,390.3482592533119,223.69186254878923,1835.677186610863,0.028588030161200897,299.82652917376345,1.3019136776488742,0.692,1.3569699349930187,1.0976421439008797,0.02964670800427356,291.34127206166113,299.52247447060336,0.0,7.281736437995094
54.323212021067214,27098.82564462718,390.18535867524395,223.63379401858646,1852.0313961198788,0.02885021270940933,299.7876104225018,1.301539306862419,0.692,1.3569699349930187,1.1067843386063159,0.02979497559000932,291.22675225653506,299.40112771296265,0.0,7.299922251063872
54.473276142672375,27040.28588374257,390.0090327216106,223.5757496606915,1868.5287090145268,0.02911475808824382,299.7487028220543,1.3011200016873443,0.692,1.3569699349930187,1.115923863369233,0.029939144812102664,291.10763077426196,299.2746198496303,0.0,7.3175620387913165
54.62334026427753,26981.773590110766,389.8192865927626,223.5177314738041,1885.169774874165,0.029381677914069832,299.7098077167691,1.3006557561878271,0.692,1.3569699349930187,1.1250589687935963,0.030079164540707047,290.98391771958774,299.14296196565954,0.0,7.334653506860169
54.77340438588269,26923.290777017733,389.6161280794103,223.45974145573243,1901.9552326465066,0.02965098363851746,299.67092645109295,1.3001465730877189,0.692,1.3569699349930187,1.1341878881604914,0.030214986321295094,290.8556245689115,299.00616668374573,0.0,7.351194585383284
54.92346850748785,26864.839456435646,389.39956758374535,223.40178160312757,1918.8857103473497,0.029922686543399267,299.63206036939266,1.2995924638494474,0.692,1.3569699349930187,1.1433088382037815,0.030346564441877135,290.7227641742127,298.864248168661,0.0,7.367183432916392
55.07353262909301,26806.421638622527,389.16961813933335,223.34385391108614,1935.9618247982364,0.030196797736230074,299.5932108156879,1.2989934487492563,0.692,1.3569699349930187,1.152420019934043,0.0304738559321254,290.5853507659345,298.71722213053374,0.0,7.382618432418
55.223596750698164,26748.039331611493,388.9262954384301,223.28596037264356,1953.1841813979966,0.030473328146284815,299.55437913331036,1.2983495569775885,0.692,1.3569699349930187,1.1615196195594362,0.030596820578528302,290.44339995783025,298.5651058303432,0.0,7.397498189447573
55.373660872303326,26689.694540860528,388.66961785560784,223.22810297842614,1970.553373849407,0.0307522885199304,299.51556666466917,1.2976608267267575,0.692,1.3569699349930187,1.1706058093909009,0.030715421001165352,290.29692875019106,298.4079180835789,0.0,7.411821538067748
55.52372499390848,26631.389268972976,388.399606459889,223.17028371637366,1988.0699838654155,0.031033689415622946,299.4767747510632,1.2969273052400874,0.692,1.3569699349930187,1.1796767486980548,0.030829622662774645,290.1459555286749,298.2456792589621,0.0,7.425587538774348
55.67378911551364,26573.125515125037,388.11628503674046,223.1125045711711,2005.7345809643593,0.03131754120032871,299.4380047322983,1.2961490488948515,0.692,1.3569699349930187,1.1887305847093208,0.030939393835791466,289.99050006575175,298.078411280134,0.0,7.438795471650745
55.8238532371188,26514.905274652236,387.8196801093516,223.05476752383777,2023.547722221375,0.03160385404523633,299.39925794640936,1.2953261232824063,0.692,1.3569699349930187,1.1977654536129834,0.03104470567151914,289.83058352154984,297.9061376266543,0.0,7.451444842102078
55.97391735872395,26456.73053882341,387.50982094817175,222.9970745515029,2041.5099519640305,0.0318926379205669,299.36053572950794,1.294458603248601,0.692,1.3569699349930187,1.2067794814830552,0.03114553222516752,289.66622844033844,297.72888333008586,0.0,7.46353538149167
56.123981480329114,26398.603294275847,387.1867395860848,222.93942762684452,2059.6218015737427,0.03218390259207862,299.32183941540285,1.2935465729540099,0.692,1.3569699349930187,1.2157707853331656,0.031241850398192453,289.4974587481177,297.54667497136063,0.0,7.4750670381303745
56.27404560193427,26340.525522553515,386.8504708338004,222.88182871763098,2077.883789260248,0.03247765761713392,299.28317033528987,1.2925901259346058,0.692,1.3569699349930187,1.2247374741848074,0.03133363996845421,289.32429974988156,297.3595406777672,0.0,7.486039979088706
56.42410972353943,26282.499199832575,386.501052289756,222.8242797864479,2096.296419780334,0.03277391233986506,299.24452981756576,1.2915893651435704,0.692,1.3569699349930187,1.2336776500960405,0.03142088363386425,289.14677812467755,297.16751011744617,0.0,7.496454593845433
56.574173845144585,26224.526296479835,386.1385243474017,222.7667827902594,2114.8601842117355,0.03307267588722158,299.20591918753007,1.2905444029848414,0.692,1.3569699349930187,1.2425894092342757,0.03150356695894919,288.96492191910784,296.97061449215806,0.0,7.506311486585651
56.72423796674975,26166.608776506982,385.76293020464993,222.70933967986613,2133.575559764823,0.0333739571656217,299.1673397670184,1.2894553613541815,0.692,1.3569699349930187,1.25147084301202,0.03158167834205894,288.7787605409792,296.7688865302314,0.0,7.5156114712598665
56.8743020883549,26108.748597222762,385.3743158715616,222.65195239955918,2152.4430095361436,0.033677764856663794,299.1287928741658,1.2883223716737846,0.692,1.3569699349930187,1.2603200392021945,0.031655209071901946,288.5883247520539,296.5623604784781,0.0,7.524355577531928
57.024366209960064,26050.947708933392,384.97273017265263,222.59462288682215,2171.462982249129,0.03398410741262617,299.09027982320316,1.2871455749087395,0.692,1.3569699349930187,1.2691350830357915,0.03172415329747267,288.39364665852236,296.3510720915508,0.0,7.532545046637615
57.17443033156522,25993.208054327773,384.55822474988076,222.5373530717204,2190.635912102441,0.03429299305369598,299.05180192404276,1.2859251215866476,0.692,1.3569699349930187,1.2779140583921682,0.031788507934634884,288.1947597009229,296.13505862071645,0.0,7.540181319992603
57.32449445317038,25935.531568072296,384.1308540646835,222.48014487649792,2209.9622185565754,0.034604429764200584,299.01336048200307,1.2846611718134362,0.692,1.3569699349930187,1.2866550489684494,0.03184827271511558,287.9916986434748,295.9143588019491,0.0,7.5472660449692714
57.474558574775536,25877.920176582073,383.69067539805053,222.4230002153496,2229.442306065382,0.03491842528794709,298.9749567976512,1.2833538952820576,0.692,1.3569699349930187,1.2953561394247677,0.03190345018343669,287.7844995624527,295.6890128429249,0.0,7.553801074696867
57.6246226963807,25820.37579741853,383.23774884679773,222.36592099382227,2249.0765639380124,0.03523498712565968,298.93659216639554,1.2820034712695128,0.692,1.3569699349930187,1.3040154166027502,0.031954045578263375,287.5731998324411,295.45906240768755,0.0,7.559788454411359
57.77468681798585,25762.900338833406,382.7721373188097,222.3089091083615,2268.8653661593507,0.03555412253174541,298.8982678781763,1.2806100886299494,0.692,1.3569699349930187,1.3126309707307071,0.0320000668349187,287.35783811194347,295.22455060057143,0.0,7.565230422406004
57.92475093959101,25705.495699506773,382.2939065295531,222.2519664460502,2288.809071149794,0.035875838510078695,298.85998521728425,1.2791739457914004,0.692,1.3569699349930187,1.3212008966193756,0.03204152460885033,287.1384543291822,294.98552195031607,0.0,7.570129413655682
58.07481506119617,25648.16376808385,381.803124994015,222.1950948841482,2308.908021599516,0.03620014181098325,298.8217454620461,1.2776952507377295,0.692,1.3569699349930187,1.329723294887984,0.03207843217283749,286.91508966571894,294.742022391761,0.0,7.5744880487235
58.224879182801324,25590.906422624106,381.29986401493176,222.13829628954417,2329.162544341503,0.036527038928837595,298.78354988444994,1.2761742209783429,0.692,1.3569699349930187,1.3381962732024903,0.032110805343070335,286.68778653832186,294.4940992455867,0.0,7.578309126310869
58.374943304406486,25533.72553028276,380.78419767221334,222.08157251843846,2349.5729501509895,0.03685653609849074,298.74539974992626,1.2746110835211524,0.692,1.3569699349930187,1.3466179474918627,0.0321386625220429,286.456588581075,294.2418011982986,0.0,7.5815956297939175
58.52500742601164,25476.62294700651,380.25620281378497,222.02492541603982,2370.139533545421,0.037188639291683104,298.7072963171376,1.2730060748501666,0.692,1.3569699349930187,1.3549864431880125,0.03216202463430934,286.2215406275942,293.98517828232906,0.0,7.584350721291712
58.6750715476168,25419.600516906776,379.71595903662313,221.96835681594217,2390.8625727076524,0.03752335421545525,298.6692408375532,1.271359440871085,0.692,1.3569699349930187,1.3632998964805911,0.03218091498201172,285.9826886892346,293.7242818516843,0.0,7.586577726470761
58.82513566922196,25362.660071894847,379.1635486674527,221.9118685397612,2411.742329324836,0.037860686309194175,298.6312345551979,1.2696714368549062,0.692,1.3569699349930187,1.371556455527806,0.032195359282901306,285.7400799330994,293.4591645573384,0.0,7.588280141050175
58.97519979082712,25305.80343146494,378.59905675236683,221.85546239691755,2432.7790483799677,0.03820064074091239,298.5932787064993,1.2679423274108885,0.692,1.3569699349930187,1.3797542817122639,0.032205385645622114,285.49376266286333,293.18988032576306,0.0,7.589461630063782
59.125263912432274,25249.032402084016,378.0225710319071,221.79914018402985,2453.972958095579,0.03854322240598355,298.5553745198725,1.2661723864118384,0.692,1.3569699349930187,1.3878915508887404,0.032211024401638,285.2437862939764,292.91648433120645,0.0,7.590126010391925
59.275328034037436,25192.348776774033,377.4341819146116,221.7429036844988,2475.324269817496,0.03888843592490959,298.5175232154329,1.2643618969135908,0.692,1.3569699349930187,1.3959664545888937,0.032212308091666586,284.99020132825274,292.6390329672593,0.0,7.590277251654564
59.42539215564259,25135.75433488316,376.8339824593976,221.68675466827835,2496.8331778360784,0.039236285640075884,298.47972600483484,1.2625111511034204,0.692,1.3569699349930187,1.4039772012578196,0.03220927147729779,284.733059331327,292.3575838216125,0.0,7.589919480207083
59.575456277247746,25079.250841624613,376.2220683508925,221.6306948914166,2518.4998593029773,0.039586775614049274,298.4419840909547,1.2606204502253717,0.692,1.3569699349930187,1.4119220174975937,0.03220195140074088,284.4724129072343,292.07219564761806,0.0,7.589056965376351
59.72552039885291,25022.840047554364,375.59853786529277,221.5747260955357,2540.3244741824474,0.03993990962843579,298.4042986675333,1.2586901044738814,0.692,1.3569699349930187,1.4197991492596889,0.03219038668439514,284.2083156695138,291.7829283319618,0.0,7.587694110509784
59.87558452045806,24966.523688309895,374.96349183654377,221.5188500075711,2562.3071651131418,0.04029569118129006,298.36667091899176,1.2567204328875878,0.692,1.3569699349930187,1.4276068629846586,0.03217461817018509,283.9408222124684,291.4898428624781,0.0,7.585835460605311
60.025648642063224,24910.30348436002,374.3170331906731,221.4630683395213,2584.448057272962,0.04065412348457331,298.3291020202555,1.2547117617953956,0.692,1.3569699349930187,1.4353434434279277,0.03215468862990258,283.66998793870283,291.1930011348619,0.0,7.5834856948506495
60.17571276366838,24854.18114017547,373.6592697325662,221.4073827876232,2606.7472584828474,0.041015209465479756,298.29159313618976,1.2526644341664908,0.692,1.3569699349930187,1.443007216596455,0.03213064259885821,283.3958699665528,290.8924669699376,0.0,7.580649610209787
60.32577688527354,24798.158344371128,372.99030663590236,221.35179503249114,2629.2048589393908,0.04137895176175549,298.25414542168505,1.2505787844408733,0.692,1.3569699349930187,1.4505964932983098,0.0321025263923901,283.1185246180355,290.58830329779755,0.0,7.577332126647475
60.475841006878696,24742.23678950333,372.30970204511584,221.29630675875939,2651.820922963279,0.0417453525876459,298.21676003488335,1.248453312957882,0.6924949398534778,1.3569699349930187,1.4591481825217958,0.032070387059213355,282.83782746126633,290.2803704346166,0.0,7.573538166917223
60.62590512848386,24686.418341512195,371.6160827472008,221.24091982321553,2674.595418997104,0.04211441259885276,298.17943825047945,1.2462833954198826,0.6931893134656376,1.3569699349930187,1.4680388941838427,0.03203426370958158,282.5533483295393,289.96818596679304,0.0,7.569271635162101
60.77596925008901,24630.704958764618,370.9094431341354,221.18563617448194,2697.528249438056,0.04248613137422077,298.1421814056595,1.2440689921345514,0.6938979225169436,1.3569699349930187,1.4768776184840446,0.03199419187633021,282.26511137177664,289.65177672804936,0.0,7.564535932362951
60.926033371694174,24575.098589321857,370.1898613751319,221.13045775108043,2720.61929125539,0.04286050807303344,298.10499083142827,1.2418103445455766,0.6946206897454155,1.3569699349930187,1.4856620292543992,0.03195020878236799,281.97316873082764,289.3312009327107,0.0,7.559334580175335
61.07609749329933,24519.60116931371,369.4574190646982,221.07538647981727,2743.868396293546,0.043237541439436734,298.06786785151303,1.2395077058381514,0.6953575341317916,1.3569699349930187,1.4943897952840592,0.031902353270256346,281.67757390973975,289.0065183212134,0.0,7.553671215149769
61.226161614904484,24464.214622283424,368.71220123097333,221.02042427513157,2767.2753912005787,0.043617229800795014,298.0308137819173,1.2371613409772348,0.6961083708872848,1.3569699349930187,1.5030585819575364,0.0318506657225058,281.3783817535468,288.6777901397692,0.0,7.547549581918613
61.376225736509646,24408.940858729868,367.9542963382062,220.9655730386392,2790.8400772891464,0.043999571064954446,297.9938299306051,1.2347715267255468,0.696873111447825,1.3569699349930187,1.5116660528644383,0.031795188113401,281.0756484287807,288.34507911745436,0.0,7.540973542032352
61.5262898581148,24353.78177574647,367.1837962877169,220.91083465877261,2814.5622303686237,0.04438456271703817,297.9569175972503,1.2323385516561185,0.6976516634700421,1.3569699349930187,1.5202098714259782,0.031735963933297244,280.7694314020565,288.0084494422492,0.0,7.53394706778746
61.67635397971996,24298.739256307177,366.40079641905845,220.8562110100705,2838.4416007422824,0.04477220181892106,297.920078072749,1.2298627161664049,0.6984439308267505,1.3569699349930187,1.5286877026544765,0.03167303803663223,280.45978941786075,287.6679667362246,0.0,7.526474227039188
61.82641810132512,24243.81516873625,365.6053955031063,220.8017039526496,2862.477913143321,0.04516248500771522,297.8833126388549,1.2273443324646913,0.6992498136112988,1.3569699349930187,1.5370972148695516,0.03160645669602609,280.1467824733968,287.323698027411,0.0,7.518559192508529
61.97648222293028,24189.011366424354,364.7976957384402,220.74731533192124,2886.670866577778,0.04555540849274524,297.84662256797907,1.2247837245667628,0.7000692081386359,1.3569699349930187,1.5454360814198191,0.0315362675758243,279.83047179428354,286.9757117225909,0.0,7.510206241621775
62.126546344535434,24134.329687131314,363.97780274356114,220.6930469778971,2911.0201343628437,0.04595096805569854,297.81000912271276,1.2221812282796174,0.7009020069505224,1.3569699349930187,1.5537019825230487,0.031462519561261726,279.5109198080348,286.6240775776562,0.0,7.501419739206194
62.276610466140596,24079.771952417952,363.1458255414382,220.6389007046236,2935.52536412789,0.04634915905017448,297.7734735554363,1.2195371911589419,0.7017480988291386,1.3569699349930187,1.5618926070719503,0.031385262762239255,279.1881901147645,286.2688666648379,0.0,7.492204140966256
62.42667458774575,24025.339967307835,362.30187654767064,220.58487830984393,2960.1861777290105,0.046749976399831826,297.73701710808155,1.2168519724779516,0.7026073688070555,1.3569699349930187,1.5700056544462075,0.03130454853267671,278.8623474588973,285.91015134103725,0.0,7.482563998898293
62.57673870935091,23971.035519749756,361.44607155651545,220.53098157446246,2985.00217126836,0.047153414598242224,297.70064101176064,1.214125943189476,0.7034796981793677,1.3569699349930187,1.5780388363991245,0.031220429333204763,278.5334576996131,285.54800521476045,0.0,7.472503948051895
62.72680283095607,23916.860379967955,360.5785297177688,220.47721226189788,3009.972915183807,0.047559467709891626,297.6643464863197,1.2113594858574726,0.7043649645256088,1.3569699349930187,1.5859898789524634,0.03113295864879223,278.2015877778899,285.18250310925384,0.0,7.462028699817151
62.87686695256122,23862.81630004567,359.6993735111731,220.42357211766742,3035.0979542513173,0.04796812936976859,297.6281347400473,1.2085529945794262,0.7052630417345837,1.3569699349930187,1.5938565242522775,0.031042191043956224,277.8668056826859,284.8137210246467,0.0,7.451143051706082
63.026931074166384,23808.905013565756,358.80872873012174,220.370062869028,3060.3768075767543,0.04837939278278454,297.59200696942264,1.205706874939652,0.7061738000193114,1.3569699349930187,1.6016365325019413,0.030948182081500686,277.5291804198662,284.4417361031638,0.0,7.439851880853042
63.17699519577154,23755.12823489834,357.90672445046647,220.31668622426704,3085.8089687708316,0.04879325072617894,297.5559643586252,1.2028215439133472,0.7070971059477289,1.3569699349930187,1.609327683919694,0.03085098816631762,277.1887819757463,284.06662658834506,0.0,7.428160128472023
63.3270593173767,23701.487658730053,356.99349299002967,220.26344387223264,3111.3939060328935,0.04920969555044861,297.52000807920734,1.199897429738537,0.7080328224836682,1.3569699349930187,1.6169277806024407,0.030750666604975156,276.8456812777161,283.68847178096513,0.0,7.416072810215098
63.477123438981856,23647.98495980077,356.06916988899474,220.21033748207012,3137.1310621532616,0.04962871917895739,297.4841392899049,1.1969349718574323,0.7089808090056217,1.3569699349930187,1.624434648497807,0.03064727557785989,276.499950161527,283.30735200239565,0.0,7.403595016091871
63.62718756058702,23594.621792215712,355.1338938703483,220.15736870253667,3163.01985473708,0.050050313111157645,297.4483591361631,1.1939346207917,0.709940921346656,1.3569699349930187,1.6318461393777428,0.030540873965645414,276.15166133163797,282.923348550239,0.0,7.390731892787166
63.77725168219217,23541.39978893954,354.18780679035416,220.10453916149686,3189.05967636373,0.050474468424771664,297.4126687497846,1.1908968379835054,0.7109130118452783,1.3569699349930187,1.6391601327185772,0.030431521358535954,275.8008883184985,282.53654365050625,0.0,7.377488647966657
63.927315803797335,23488.320561507153,353.23105360447767,220.05185046563304,3215.24989466009,0.05090117577657738,297.37706924872185,1.1878220956876817,0.7118969293799419,1.3569699349930187,1.6463745376448942,0.03031927807733092,275.44770544085543,282.1470204154004,0.0,7.363870556073912
64.0773799254025,23435.38569950594,352.26378232804734,219.99930419992887,3241.5898525041275,0.05133042540532428,297.34156173671664,1.1847108768466146,0.7128925194090834,1.3569699349930187,1.6534872949129815,0.030204205035941855,275.0921877660937,281.7548627989234,0.0,7.349882944913133
64.22744404700765,23382.596769982647,351.28614397843324,219.94690192707813,3268.078868288658,0.05176220713563921,297.30614730288846,1.1815636749029317,0.7138996240310619,1.3569699349930187,1.6604963787997662,0.030086363664391096,274.7344110646922,281.3601555458958,0.0,7.335531189460368
64.3775081686128,23329.955317110453,350.29829251972154,219.89464518715153,3294.716236077556,0.052196510380188986,297.27082702149727,1.1783809936196314,0.7149180820417179,1.3569699349930187,1.6673997989472362,0.029965815967880637,274.37445176578876,280.96298414218813,0.0,7.320820722222713
64.52757229021796,23277.46286185861,349.30038482780805,219.84253549726628,3321.50122577876,0.052633324142124904,297.2356019517077,1.1751633469686429,0.7159477289700343,1.3569699349930187,1.6741956023536038,0.029842624447061893,274.0123869191669,280.56343477215034,0.0,7.305757026731373
64.67763641182312,23225.12090133468,348.2925806246552,219.79057435093046,3348.4330835052833,0.05307263702060254,297.20047313713377,1.1719112589162892,0.7169883971467874,1.3569699349930187,1.6808818752399053,0.029716851948353128,273.64829414738205,280.161594265028,0.0,7.290345622373141
64.82770053342828,23172.930908422793,347.2750424036946,219.73876321768125,3375.5110318090433,0.053514437214238965,297.16544160558135,1.168625263177884,0.7180399157830771,1.3569699349930187,1.6874567447714972,0.029588561728634395,273.28225159564005,279.7575500388227,0.0,7.274592075373471
64.97776465503344,23120.89433156455,346.2479353940385,219.68710354286475,3402.7342698602865,0.05395871252369154,297.13050836888675,1.1653059031022577,0.7191021110072776,1.3569699349930187,1.693918381012882,0.029457817429831595,272.9143378940131,279.3513900579657,0.0,7.25850199880734
65.1278287766386,23069.0125941321,345.2114274882945,219.635596747011,3430.101973859239,0.054405450358036275,297.09567442248135,1.1619537314346444,0.7201748059409138,1.3569699349930187,1.7002649987264244,0.029324682913090223,272.5446321081709,278.94320277816576,0.0,7.242081035262303
65.27789289824375,23017.287094034964,344.1656891597815,219.5842442254408,3457.6132973508647,0.05485463773957768,297.0609407451124,1.1585693100429735,0.7212578207862486,1.3569699349930187,1.706494859018189,0.029189222274816275,272.1732136874044,278.533077088195,0.0,7.225334861758404
65.42795701984892,22965.719203510373,343.11089340725164,219.5330473480549,3485.267371462694,0.05530626130741335,297.0263082986877,1.1551532097359591,0.7223509728844931,1.3569699349930187,1.7126062711187031,0.029051499870494876,271.8001624215983,278.1211022616833,0.0,7.208269195678789
65.57802114145407,22914.310268665824,342.047215690754,219.48200745887712,3513.0633052942526,0.05576030732348478,296.991778027953,1.1517060100517678,0.7234540767834343,1.3569699349930187,1.718597594151178,0.028911580184813095,271.425558395525,277.70736790594,0.0,7.190889781650985
65.72808526305923,22863.06160899561,340.9748338410062,219.43112587557147,3541.0001863450434,0.05621676167927116,296.9573508601524,1.1482282989572572,0.7245669443336777,1.3569699349930187,1.7244672386895492,0.028769527764429585,271.049481935423,277.2919639021302,0.0,7.173202386025119
65.87814938466438,22811.974517170234,339.8939279773516,219.38040388923045,3569.0770808170023,0.056675609900445026,296.92302770487146,1.144720672575087,0.7256893847759722,1.3569699349930187,1.7302136682778821,0.02862540727976073,270.6720135589456,276.8749803491961,0.0,7.155212807364939
66.02821350626955,22761.050258763335,338.80468045572394,219.329842764101,3597.2930339697173,0.0571368371524015,296.88880945383823,1.1411837350117535,0.7268212047962389,1.3569699349930187,1.735835401166839,0.028479283451520024,270.29323393456093,276.45650751837985,0.0,7.136926870120913
66.1782776278747,22710.290071702922,337.70727577147784,219.2794437370369,3625.647070650476,0.057600428248657916,296.85469698053953,1.1376180980340576,0.7279622086291015,1.3569699349930187,1.7413310117558285,0.028331220913996404,269.9132238274798,276.0366357926791,0.0,7.118350410229993
66.32834174947986,22659.695166062273,336.60190045581123,219.22920801728836,3654.138195659554,0.058066367656574684,296.82069114006435,1.1340243807227537,0.7291121981687189,1.3569699349930187,1.7466991318524923,0.02818128428304843,269.5320640446286,275.6154556051898,0.0,7.099489286240253
66.47840587108502,22609.266723906545,335.48874302626115,219.1791367863468,3682.7653941027475,0.0585346395028792,296.78679276898555,1.1304032093079042,0.7302709730214707,1.3569699349930187,1.751938452296305,0.02802953813538027,269.14983539647335,275.1930573963329,0.0,7.0803493793696
66.62846999269017,22559.00589877864,334.3679938863143,219.1292311974316,3711.527631968353,0.05900522758287401,296.7530026849986,1.1267552168334545,0.7314383306132946,1.3569699349930187,1.7570477242513438,0.027876046856579195,268.76661864376916,274.76953155422564,0.0,7.060936576909123
66.77853411429534,22508.913815462107,333.2398452159038,219.0794923752519,3740.4238565710025,0.059478115367482216,296.7193216867463,1.1230810427900382,0.7326140663071878,1.3569699349930187,1.7620257603016594,0.027720874663501448,268.38249444260475,274.344968353109,0.0,7.0412567774550086
66.9285982359005,22458.991569875805,332.10449089964476,219.02992141589903,3769.4529969386585,0.05995328600937571,296.68575055373253,1.119381332874285,0.7337979734802288,1.3569699349930187,1.766871435758812,0.027564085631020942,267.99754330150347,273.91945790527325,0.0,7.021315896739396
67.07866235750565,22409.240228715327,330.96212644268525,218.9805193864877,3798.6139643649926,0.060430722351823445,296.65229004606505,1.1156567387067615,0.7349898436138363,1.3569699349930187,1.7715836898965487,0.027405743574203195,267.6118455352255,273.49309010931756,0.0,7.001119855052176
67.2287264791108,22359.660829125507,329.81294885493594,218.93128732482793,3827.9056529669497,0.06091040693764001,296.61894090421987,1.111907917442921,0.7361894664182653,1.3569699349930187,1.7761615268694597,0.02724591199246807,267.22548121002933,273.0659545888303,0.0,6.980674572342147
67.37879060071597,22310.254378640235,328.65715655023683,218.88222623936252,3857.3269401053058,0.061392322015905325,296.5857038489847,1.1081355314333772,0.7373966299413193,1.3569699349930187,1.7806040166159083,0.027084654132754356,266.83853009446153,272.6381406372358,0.0,6.959985978472967
67.52885472232113,22261.02185497487,327.49494928424923,218.83333710895795,3886.876686909689,0.06187644955040835,296.55257958130363,1.1043402480148123,0.73861112063526,1.3569699349930187,1.7849102960628531,0.026922032913866193,266.4510716220958,272.2097371760521,0.0,6.93906000572404
67.67891884392628,22211.964205637138,326.3265398885145,218.7846208825153,3916.5537389332862,0.06236277123023053,296.51956878199985,1.1005227790831864,0.7398327106933804,1.3569699349930187,1.7890796688941453,0.026758110850705504,266.06318827279244,271.78083654511147,0.0,6.917902581093366
67.82898296553144,22163.081573308784,325.1647813946123,218.7360777097223,3946.357400726637,0.06285127624910693,296.4866715904213,1.0967264722233725,0.7357054535141123,1.3569699349930187,1.780291144358999,0.02659299444802986,265.6786104920898,271.3556203144428,0.0,6.896525384688074
67.9790470871366,22114.37279000592,324.00909413994657,218.6877064386535,3976.28776687586,0.06334196674167407,296.45388726361165,1.0929493862626682,0.7336495035792077,1.3569699349930187,1.7764808292095462,0.026426858836382117,265.2971497734256,270.9338773196925,0.0,6.874949146553727
68.12911120874176,22065.83701244322,322.85901729366725,218.6395062397405,4006.3447367487624,0.06383484163985381,296.42121527667445,1.0891899791731041,0.7316187596478602,1.3569699349930187,1.7726966034792222,0.0262598517526763,264.9186544837936,270.5154376903935,0.0,6.853191264648885
68.27917533034692,22017.473401608833,321.71451258240836,218.5914762875804,4036.5282075888213,0.06432989983675125,296.3886551071779,1.0854481338567845,0.729612939865769,1.3569699349930187,1.7689382021474345,0.026092112841150664,264.5430956760828,270.10026907852745,0.0,6.831268283739818
68.42923945195207,21969.281124154586,320.57554211634925,218.54361576231702,4066.838073651826,0.06482714017248402,296.3562062360943,1.0817237343798376,0.727631765945671,1.3569699349930187,1.7652053619578152,0.02592377432803146,264.17044475658037,269.68833953154126,0.0,6.809195974596429
68.57930357355723,21921.259352380002,319.44206838995694,218.4959238496259,4097.2742261957665,0.0653265614339954,296.323868147794,1.0780166659765409,0.7256749631232303,1.3569699349930187,1.7614978214886674,0.025754961118911512,263.80067348134946,269.2796174882895,0.0,6.78698933798444
68.7293676951624,21873.40726424964,318.31405428964905,218.44839974073247,4127.836553448633,0.06582816235450488,296.2916403300611,1.0743268150767114,0.7237422601254492,1.3569699349930187,1.757815321318746,0.025585790738728645,263.43375395463346,268.874071777243,0.0,6.764662587322237
68.87943181676755,21825.724043230166,317.1914630786735,218.40104263225103,4158.524940691392,0.06633194161484887,296.2595222739887,1.0706540692566378,0.7218333890993076,1.3569699349930187,1.7541576038938862,0.025416374129085085,263.0696586206584,268.4716716073193,0.0,6.742229244157727
69.0294959383727,21778.20887823975,316.07425839336327,218.35385172613533,4189.33927027157,0.06683789784368406,296.2275134739483,1.0669983172280868,0.7199480855616256,1.3569699349930187,1.7505244135355469,0.025246815902769684,262.70836025887,268.0723865625499,0.0,6.719702162834118
69.17956005997786,21730.860963678704,314.9624042517034,218.3068262297098,4220.279421563942,0.06734602961682226,296.19561342761517,1.0633594488686595,0.7180860883707274,1.3569699349930187,1.746915496613645,0.02507721423199246,262.34983198275654,267.6761866007569,0.0,6.69709350632018
69.32962418158303,21683.6794993186,313.8558650444268,218.25996535556035,4251.345271022925,0.06785633545807104,296.1638216358977,1.0597373551935039,0.7162471396681749,1.3569699349930187,1.7433306014910346,0.024907661373488082,261.99404723364944,267.283042046617,0.0,6.674414806501543
69.47968830318818,21636.66369019868,312.7546055253977,218.21326832143217,4282.536692232376,0.06836881384003327,296.1321376028716,1.0561319283245703,0.7144309848204,1.3569699349930187,1.7397694784545106,0.024738244117443322,261.64097977442424,266.89292358461324,0.0,6.651677015129721
69.62975242479334,21589.812746643533,311.6585908172102,218.16673435024805,4313.853555876273,0.06888346318360702,296.10056083579576,1.0525430615109244,0.7126373723869242,1.3569699349930187,1.7362318798431766,0.024569043747972464,261.2906036876266,266.5058022569318,0.0,6.6288904896378815
69.7798165463985,21543.125884223387,310.5677864109161,218.12036267006994,4345.295729746533,0.06940028185809591,296.0690908450901,1.0489706491293682,0.7108660540788054,1.3569699349930187,1.7327175601021536,0.024400136257758026,260.94289337192583,266.1216494594918,0.0,6.6060650128185
69.92988066800365,21496.602323609062,309.482158152024,218.07415251395537,4376.863078822908,0.06991926818250462,296.03772714424093,1.0454145866389266,0.7091167846948992,1.3569699349930187,1.729226275656009,0.02423159290805865,260.5978235347293,265.7404369336833,0.0,6.5832098596052235
70.07994478960882,21450.241290562237,308.40167224159353,218.0281031199488,4408.555465263432,0.07044042042536512,296.00646924979895,1.0418747705859575,0.7073893220842159,1.3569699349930187,1.725757784973574,0.02406348029826886,260.2553691891815,265.3621367630052,0.0,6.560333798208486
70.23000891121397,21404.042015949115,307.32629524230344,217.9822137310958,4440.37274837813,0.07096373680428768,295.9753166813919,1.0383510986260063,0.7056834271166447,1.3569699349930187,1.722311848700847,0.023895860380615738,259.91550565257234,264.98672137127846,0.0,6.537445083610877
70.38007303281913,21358.003735591737,306.2559940642324,217.93648359529618,4472.314784714295,0.07148921548734673,295.94426896162855,1.0348434694774944,0.7039988636209735,1.3569699349930187,1.7188882295299577,0.023728790985637405,259.5782085390664,264.61416351451464,0.0,6.514551520904928
70.53013715442428,21312.125690222274,305.19073596124264,217.8909119652592,4504.381428073315,0.07201685459334245,295.9133256160712,1.031351782910947,0.702335398341249,1.3569699349930187,1.7154866922001628,0.02356232599945482,259.2434537555236,264.2444362762361,0.0,6.4916604818898636
70.68020127602945,21266.407125509555,304.1304885380457,217.84549809853084,4536.572529476849,0.07254665219122888,295.8824861732575,1.0278759397741388,0.7006928009106813,1.3569699349930187,1.7121070036399162,0.023396515336025388,258.91121750032977,263.877513066162,0.0,6.468778893584278
70.8302653976346,21220.847291957172,303.075219741526,217.80024125739317,4568.887937222712,0.07307860630101849,295.8517501646356,1.0244158419643308,0.6990708438006605,1.3569699349930187,1.7087489329050056,0.023231405288011535,258.58147625785534,263.51336761400887,0.0,6.445913278943511
70.98032951923976,21175.445444809724,302.02489785177295,217.75514070877196,4601.327496937148,0.07361271489462841,295.8211171245041,1.0209713923994743,0.6974693022703137,1.3569699349930187,1.7054122511096241,0.023067038813973643,258.254206792926,263.15197396330393,0.0,6.42306978952018
71.13039364084491,21130.20084406853,300.97949148672365,217.71019572425305,4633.8910515501475,0.07414897589546036,295.7905865900265,1.0175424950351415,0.6958879543380941,1.3569699349930187,1.70209673153256,0.022903455541695966,257.92938614912066,262.79330646947506,0.0,6.400254199113191
71.28045776245008,21085.112754454265,299.93896960125767,217.66540558004576,4666.578441308159,0.07468738717859613,295.76015810120975,1.0141290548628186,0.6943265807448643,1.3569699349930187,1.6988021496532675,0.022740691928984844,257.6069916455441,262.43733979623795,0.0,6.377471919324996
71.43052188405524,21040.180445275353,298.9033014741695,217.62076955685305,4699.3895038556,0.07522794657212716,295.7298312008185,1.0107309778674172,0.6927849648989586,1.3569699349930187,1.6955282830300167,0.022578781609648636,257.2870008703251,262.084048908323,0.0,6.354728041487968
71.5805860056604,20995.403190419274,297.8724567089226,217.57628693986342,4732.324074229578,0.07577065185705537,295.6996054343729,1.0073481710310632,0.6912628928432938,1.3569699349930187,1.6922749113521487,0.022417755450402314,256.9693916779827,261.7334090685246,0.0,6.332027338652338
71.73065012726555,20950.780268364313,296.84640523855546,217.53195701876322,4765.381984838624,0.07631550076693036,295.66948035016003,1.0039805423508763,0.6897601532289594,1.3569699349930187,1.6890418165484133,0.022257641591198963,256.65414218793313,261.38539583602596,0.0,6.309374265258533
71.8807142488707,20906.31096204412,295.8251173123563,217.48777908760295,4798.563065550094,0.07686249098927815,295.6394554991457,1.0006280007954187,0.6882765372617337,1.3569699349930187,1.6858287826600786,0.022098465764622936,256.3412307780637,261.0399850592114,0.0,6.286772996496268
72.03077837047587,20861.994558806564,294.80856349242146,217.44375244475677,4831.867143710489,0.07741162016592516,295.60953043495016,0.9972904562943211,0.6868118386644024,1.3569699349930187,1.68263559583702,0.02194025140750891,256.03063608108806,260.6971528715866,0.0,6.2642274388592325
72.18084249208103,20817.830350437984,293.7967146596153,217.39987639294748,4865.2940441160235,0.0779628858925024,295.57970471386756,0.9939678197595526,0.6853658536533525,1.3569699349930187,1.6794620444565376,0.0217830196716092,255.72233698346656,260.3568756905649,0.0,6.24174122647307
72.33090661368618,20773.817633069924,292.78954200521787,217.35615023915432,4898.843589072065,0.07851628571941498,295.5499778948065,0.9906600030585313,0.6839383808943305,1.3569699349930187,1.6763079190584529,0.02162678963971384,255.41631262048344,260.01913021196026,0.0,6.219317746898571
72.48097073529134,20729.955707094337,291.78701702258326,217.31257329452947,4932.5155984477105,0.0790718171527328,295.5203495392357,0.987366918987226,0.6825292214591109,1.3569699349930187,1.6731730122775823,0.02147157849421668,255.1125423714077,259.68389340457315,0.0,6.196960160650379
72.6310348568965,20686.243877178465,290.78911151108593,217.26914487441337,4966.30988965533,0.07962947765384394,295.4908192111975,0.9840884812845874,0.6811381788005254,1.3569699349930187,1.6700571189332472,0.021317401537145907,254.81100585799643,259.3511425085111,0.0,6.17467139964673
72.78109897850166,20642.68145223056,289.79579757482867,217.2258642983013,5000.226277667031,0.08018926463971726,295.4613864772876,0.9808246046293618,0.6797650587201104,1.3569699349930187,1.6669600360527224,0.021164272300286557,254.51168294160664,259.0208550319551,0.0,6.152454178741793
72.93116310010682,20599.267745280387,288.80704761052044,217.18273088972532,5034.264575098736,0.08075117548428136,295.43205090657756,0.977575204600424,0.6784096693209787,1.3569699349930187,1.6638815627550416,0.02101220274120444,254.2145537174775,258.69300874476465,0.0,6.130311020064288
73.08122722171197,20556.002073471933,287.82283430801544,217.13974397624753,5068.424592207989,0.0813152075183812,295.402812070613,0.9743401976796835,0.6770718209793755,1.3569699349930187,1.6608215002936875,0.020861203284689784,253.9195985124489,258.36758167592154,0.0,6.108244255279774
73.23129134331714,20512.883758074728,286.8431306543908,217.09690288947195,5102.706136877218,0.0818813580294937,295.3736695434241,0.9711195012669225,0.675751326321335,1.3569699349930187,1.657779652146824,0.020711282867776272,253.6267978836217,258.044552112026,0.0,6.086256028452755
73.3813554649223,20469.91212436034,285.8679099214649,217.05420696492246,5137.109014703136,0.08244962426319719,295.34462290144535,0.9679130336388662,0.6744480001767444,1.3569699349930187,1.6547558238952498,0.02056244911729616,253.33613261268337,257.72389859095176,0.0,6.064348318542529
73.53141958652745,20427.08650156554,284.89714566255464,217.01165554200657,5171.633029020357,0.08302000342355505,295.31567172349344,0.9647207139393071,0.6731616595470189,1.3569699349930187,1.6517498232152572,0.020414708414563432,253.04758370274604,257.40559989830524,0.0,6.04252294571173
73.6814837081326,20384.406222915637,283.9308117176393,216.96924796403945,5206.277980875611,0.08359249267268397,295.286815590786,0.9615424621975536,0.6718921235845282,1.3569699349930187,1.6487614599800906,0.020268065922104995,252.76113237740378,257.0896350663664,0.0,6.02078157216169
73.83154782973776,20341.870625539366,282.9688822053806,216.92698357815974,5241.043669089992,0.08416708913177633,295.25805408688694,0.9583781993026008,0.6706392135544561,1.3569699349930187,1.6457905461938453,0.02012252570606107,252.47676007637563,256.77598336921494,0.0,5.999125717274451
73.98161195134293,20299.479050392125,282.01133151536095,216.88486173525382,5275.929890316306,0.08474378988204309,295.2293867976576,0.9552278469779977,0.6694027527977431,1.3569699349930187,1.6428368959260922,0.019978090825906417,252.19444845127555,256.46462431799773,0.0,5.977556768222757
74.13167607294808,20257.23084227091,281.05813431154104,216.84288178997133,5310.936439021516,0.08532259196441933,295.2008133112692,0.9520913277944947,0.6681825667094496,1.3569699349930187,1.6399003253887146,0.01983476335978998,251.91417936433493,256.1555376594952,0.0,5.956075981170452
74.28174019455324,20215.12534978355,280.10926553075774,216.801043100695,5346.063107507002,0.08590349237989449,295.17233321818543,0.948968565165986,0.6669784827107039,1.3569699349930187,1.6369806529506823,0.019692544475593127,251.63593488585013,255.84870337326356,0.0,5.934684489413968
74.43180431615839,20173.161925226334,279.16470056871935,216.75934502941973,5381.309686005763,0.08648648809111611,295.1439461110819,0.9458594839809165,0.6657903304627502,1.3569699349930187,1.6340777019646786,0.019551434539790604,251.35969733804606,255.54410172081785,0.0,5.913383317443414
74.58186843776356,20131.339921058792,278.22445089506203,216.71778693825001,5416.675965670545,0.08707157607182645,295.11565158246424,0.942764131292839,0.664617987335514,1.3569699349930187,1.6311918310092803,0.01941143493866441,251.08545808739552,255.24172310167663,0.0,5.8921736552183
74.73193255936872,20089.658706747265,277.2883446944565,216.67636820613782,5452.16172428304,0.08765875307041673,295.0874492360664,0.9396819329738052,0.6634610985738514,1.3569699349930187,1.6283206698425594,0.019272537305817718,250.81316340022224,254.9415073589714,0.0,5.871055220156494
74.88199668097387,20048.117646154464,276.3564989683011,216.64999999999998,5487.766301205438,0.08824193476514917,295.0694935090715,0.9365810598776959,0.6623077454276162,1.3569699349930187,1.6253248424011841,0.019134746280159588,250.55774282218349,254.6583862609981,0.0,5.850029709362799
75.03206080257902,20006.716073252395,275.42938636968995,216.64999999999998,5523.48452223279,0.08881627498971932,295.0694935090715,0.9334390454742901,0.6611498783757431,1.3569699349930187,1.6221050615731756,0.018998083381558332,250.33061905341825,254.40379520851926,0.0,5.829101429794545
75.18212492418418,19965.453270171867,274.50702264278186,216.64999999999998,5559.314798835586,0.08939241704043067,295.0694935090715,0.9303131251497625,0.6600087183554114,1.3569699349930187,1.6189119342366982,0.018862550768833565,250.10541603603323,254.15135719408698,0.0,5.808271764856723
75.33218904578935,19924.328527766917,273.58935767319446,216.64999999999998,5595.256917690762,0.08997035748710075,295.0694935090715,0.9272031290648599,0.6588840382184095,1.3569699349930187,1.6157448700706258,0.018728146579386585,249.8821099273404,253.90104549159037,0.0,5.787541491508486
75.4822531673945,19883.341143761954,272.6763533444202,216.64999999999998,5631.310662735825,0.09055009285549771,295.0694935090715,0.9241089280415129,0.6577756284799202,1.3569699349930187,1.6126034558459785,0.018594868629557334,249.66068001219463,253.6528368806918,0.0,5.766911342982283
75.63231728899966,19842.490421602633,271.76797214821687,216.64999999999998,5667.475816109134,0.09113161964245986,295.0694935090715,0.9210303949630827,0.6566832829695841,1.3569699349930187,1.6094872866541374,0.018462713978653372,249.44110590402028,253.40670850935874,0.0,5.746381940021507
75.78238141060481,19801.775670317817,270.86417716631996,216.64999999999998,5703.7521582239915,0.09171493431708701,295.0694935090715,0.9179674047123839,0.655606798752741,1.3569699349930187,1.6063959656491804,0.018331679011953764,249.22336753640099,253.16263788443646,0.0,5.725953801708492
75.93244553220998,19761.19620438491,269.9649320529702,216.64999999999998,5740.139467843094,0.09230003332193765,295.0694935090715,0.9149198341124699,0.6545459760545841,1.3569699349930187,1.6033291038029465,0.018201759505369796,249.0074451550023,252.920602862594,0.0,5.705627353678181
76.08250965381514,19720.75134372026,269.0702010330597,216.64999999999998,5776.637522043085,0.0928869130724589,295.0694935090715,0.9118875619203498,0.653500618204341,1.3569699349930187,1.6002863198604194,0.01807295065305036,248.7933193133572,252.68058164559974,0.0,5.685402930705441
76.23257377542029,19680.440413604705,268.1799488919088,216.64999999999998,5813.246096237197,0.09347556995735075,295.0694935090715,0.9088704687923422,0.6524705315706006,1.3569699349930187,1.597267240188708,0.01794524712348805,248.58097086671353,252.442552773425,0.0,5.665280783871203
76.38263789702545,19640.262744507563,267.2941409525745,216.64999999999998,5849.9649642923005,0.09406600034044793,295.0694935090715,0.9058684372071724,0.6514555254837568,1.3569699349930187,1.5942714984689013,0.017818643124069205,248.37038096301603,252.20649511413535,0.0,5.645261089243165
76.53270201863062,19600.217672059305,266.4127430720084,216.64999999999998,5886.793898513597,0.09465820056047403,295.0694935090715,0.9028813514529517,0.6504554121818815,1.3569699349930187,1.5912987356296502,0.017693132425036805,248.16153103849817,251.97238785894933,0.0,5.625343950311502
76.68276614023577,19560.304537033175,265.5357216378963,216.64999999999998,5923.732669620756,0.09525216693065758,295.0694935090715,0.8999090976164663,0.6494700067582178,1.3569699349930187,1.5883485997891893,0.01756870839951562,247.95440281349497,251.74021051754497,0.0,5.605529403059204
76.83283026184093,19520.522685168064,264.6630435458551,216.64999999999998,5960.781046871721,0.09584789574072301,295.0694935090715,0.896951563505898,0.6484991270877285,1.3569699349930187,1.585420745948944,0.01744536407654962,247.74897828369595,251.50994290825497,0.0,5.585817423242934
76.98289438344608,19480.8714671073,263.7946761914461,216.64999999999998,5997.9387980825995,0.09644538325721033,295.0694935090715,0.8940086386237557,0.6475425937719668,1.3569699349930187,1.5825148358772747,0.01732309216416549,247.545239715015,251.2815651523159,0.0,5.566207929030881
77.13295850505123,19441.3502383986,262.93058746942216,216.64999999999998,6035.205689590593,0.09704462572287907,295.0694935090715,0.8910802141643245,0.6466002300928719,1.3569699349930187,1.5796305380849067,0.017201885082023916,247.34316964022457,251.05505767009572,0.0,5.546700785258743
77.2830226266564,19401.958359367884,262.0707457573281,216.64999999999998,6072.581486335888,0.0976456193580252,295.0694935090715,0.8881661829580871,0.6456718619503485,1.3569699349930187,1.5767675276026958,0.017081735000172175,247.14275085199077,250.83040117328613,0.0,5.5272958087784865
77.43308674826156,19362.69519500762,261.21511990118546,216.64999999999998,6110.065951932853,0.09824836036162575,295.0694935090715,0.8852664394232093,0.6447573178036575,1.3569699349930187,1.5739254857873586,0.016962633861945162,246.94396639650344,250.60757665776276,0.0,5.507992771360769
77.58315086986671,19323.560114974316,260.3636792146515,216.64999999999998,6147.658848638989,0.09885284491083973,295.0694935090715,0.8823808795626884,0.6438564286284286,1.3569699349930187,1.571104100298501,0.016844573408208524,246.746799570323,250.38656540005024,0.0,5.488791402890278
77.73321499147187,19284.55249352915,259.51639347093356,216.64999999999998,6185.359937377879,0.09945906916137705,295.0694935090715,0.8795094009369528,0.6429690278666739,1.3569699349930187,1.5683030649840253,0.01672754520994349,246.55123391559587,250.16734895195955,0.0,5.469691396004301
77.88327911307704,19245.67170938722,258.6732328835663,216.64999999999998,6223.168977852355,0.10006702924931825,295.0694935090715,0.8766519025987136,0.6420949513663184,1.3569699349930187,1.5655220796258196,0.016611540686895097,246.35725321278304,249.94990913243646,0.0,5.450692408553392
78.03334323468219,19206.917145697196,257.8341681035427,216.64999999999998,6261.085728533952,0.1006767212909449,295.0694935090715,0.8738082850832425,0.6412340373391244,1.3569699349930187,1.5627608498934298,0.016496551123027992,246.16484147725143,249.73422802374142,0.0,5.43179406559804
78.18340735628735,19168.288190032534,256.99917021751213,216.64999999999998,6299.109946640646,0.10128814138238168,295.0694935090715,0.8709784504022645,0.6403861263203269,1.3569699349930187,1.5600190873108983,0.016382567698730564,245.9739829561541,249.52028796795204,0.0,5.412995964223373
78.3334714778925,19129.78423423907,256.16821072835046,216.64999999999998,6337.241388256487,0.10190128560152,295.0694935090715,0.8681623019781098,0.6395510611112094,1.3569699349930187,1.5572965090018056,0.0162695815033745,245.7846621213396,249.30807155901505,0.0,5.3942976752062295
78.48353559949767,19091.404674383968,255.3412615485606,216.64999999999998,6375.479808354422,0.10251615000838497,295.0694935090715,0.8653597446213479,0.6387286867360288,1.3569699349930187,1.5545928375976492,0.01615758354396027,245.59686366528734,249.09756163819,0.0,5.3756987440732384
78.63359972110283,19053.14891076298,254.5182950005269,216.64999999999998,6413.824960761289,0.10313273064457264,295.0694935090715,0.8625706845316495,0.6379188504064804,1.3569699349930187,1.5519078012324083,0.01604656477439921,245.4105724986498,248.8887412912945,0.0,5.3571986956325786
78.78366384270798,19015.01634779306,253.69928380267947,216.64999999999998,6452.276598237534,0.10375102353453165,295.0694935090715,0.859795029250897,0.637121401472911,1.3569699349930187,1.549241133359964,0.01593651610747537,245.22577374464896,248.68159384242276,0.0,5.3387970357049515
78.93372796431314,18977.006393916643,252.88420105732246,216.64999999999998,6490.834472547933,0.10437102468670055,295.0694935090715,0.8570326876219344,0.6363361913783852,1.3569699349930187,1.5465925725935743,0.01582742841737181,245.04245273393434,248.47610284818177,0.0,5.3204932513096885
79.08379208591829,18939.11846160499,252.07302025058343,216.64999999999998,6529.498334433445,0.10499273009305517,295.0694935090715,0.8542835697883956,0.6355630736253814,1.3569699349930187,1.5439618626983442,0.01571929256044463,244.86059500223436,248.2722520950588,0.0,5.302286813937085
79.23385620752346,18901.351967311217,251.26571524600723,216.64999999999998,6568.267933633783,0.10561613572947152,295.0694935090715,0.851547587172994,0.6348019037369053,1.3569699349930187,1.5413487525036416,0.015612099393784103,244.68018628661633,248.07002559522897,0.0,5.284177182518227
79.38392032912861,18863.70633133969,250.46226026802577,216.64999999999998,6607.14301899736,0.10624123755749376,295.0694935090715,0.8488246524215004,0.6340525392089742,1.3569699349930187,1.5387529956889041,0.015505839771347434,244.50121251954832,247.86940757989893,0.0,5.2661638026509205
79.53398445073377,18826.180977831522,249.6626298998654,216.64999999999998,6646.123338474173,0.10686803152421973,295.0694935090715,0.8461146793956519,0.6333148394777135,1.3569699349930187,1.5361743507519001,0.01540050455438005,244.32365982625748,247.67038249634595,0.0,5.248246108247319
79.68404857233892,18788.775334763955,248.8667990828396,216.64999999999998,6685.208639093688,0.10749651356194534,295.0694935090715,0.8434175831707541,0.6325886658881801,1.3569699349930187,1.5336125809940038,0.015296084637003715,244.14751452242797,247.47293500533712,0.0,5.230423525811425
79.83411269394409,18751.48883381775,248.07474309954608,216.64999999999998,6724.398667081033,0.10812667959003293,295.0694935090715,0.8407332799787361,0.6318738816491263,1.3569699349930187,1.5310674543037204,0.015192570939307743,243.97276310837992,247.2770499746046,0.0,5.212695473231491
79.98417681554925,18714.320910334427,247.28643756835638,216.64999999999998,6763.693167881883,0.10875852551531151,295.0694935090715,0.8380616871894753,0.6311703517991247,1.3569699349930187,1.5285387430830806,0.015089954408954756,243.7993922658225,247.08271247520588,0.0,5.1950613600148845
80.1342409371544,18677.271003329774,246.5018584445017,216.64999999999998,6803.091886128062,0.10939204723152346,295.0694935090715,0.835402723314477,0.6304779431791296,1.3569699349930187,1.5260262242565361,0.014988226046282027,243.62738885609605,246.88990777955348,0.0,5.177520591587564
80.28430505875956,18640.33855540178,245.72098200824843,216.64999999999998,6842.594565715005,0.11002724062057029,295.0694935090715,0.8327563079668013,0.6297965243940851,1.3569699349930187,1.5235296791180393,0.014887376903025945,243.45673991561517,246.6986213563067,0.0,5.160072569111191
80.43436918036471,18603.523012647674,244.9437848544012,216.64999999999998,6882.200949871975,0.11066410155364156,295.0694935090715,0.8301223618254889,0.6291259657766777,1.3569699349930187,1.52104889319557,0.014787398075772592,243.28743265167074,246.50883886566618,0.0,5.142716688379869
80.58443330196988,18566.823824672363,244.1702438929104,216.64999999999998,6921.910781135346,0.11130262589078539,295.0694935090715,0.8275008066376192,0.628466139361422,1.3569699349930187,1.5185836562551087,0.014688280723370278,243.11945444070432,246.32054615743948,0.0,5.125452342875803
80.73449742357504,18530.24044455169,243.40033634380777,216.64999999999998,6961.723801370017,0.11194280948125274,295.0694935090715,0.8248915652011474,0.6278169188542421,1.3569699349930187,1.516133762233335,0.01459001607736403,242.95279282537393,246.1337292677521,0.0,5.108278925665733
80.88456154518019,18493.772328718023,242.63403972278098,216.64999999999998,7001.63975187667,0.11258464816522208,295.0694935090715,0.8222945613160161,0.627178179594874,1.3569699349930187,1.513699009053467,0.014492595428756892,242.7874355096441,245.9483744135437,0.0,5.09119582717729
81.03462566678535,18457.41893695069,241.87133183971696,216.64999999999998,7041.658373386722,0.11322813777371826,295.0694935090715,0.8197097197792186,0.6265497985310045,1.3569699349930187,1.511279198604266,0.014396010135387641,242.623370356739,245.76446799027372,0.0,5.074202436563435
81.18468978839051,18421.17973238234,241.11219079889605,216.64999999999998,7081.7794060392025,0.11387327412824066,295.0694935090715,0.8171369663854573,0.6259316541940936,1.3569699349930187,1.5088741367392973,0.01430025164205535,242.46058538747403,245.58199657005107,0.0,5.057298145348176
81.33475390999567,18385.054181382297,240.35659498425332,216.64999999999998,7122.002589493897,0.11452005304258259,295.0694935090715,0.814576227877193,0.6253236266635027,1.3569699349930187,1.5064836330894,0.01420531146586935,242.2990687754174,245.4009468962108,0.0,5.040482344975331
81.48481803160082,18349.041753520476,239.60452305473183,216.64999999999998,7162.327662957688,0.11516847032325468,295.0694935090715,0.8120274319288976,0.6247255975396998,1.3569699349930187,1.504107501002346,0.014111181194824646,242.13880884427664,245.22130588038436,0.0,5.023754426661154
81.63488215320598,18313.141921586535,238.85595394607856,216.64999999999998,7202.754365149069,0.11581852176891452,295.0694935090715,0.8094905071531404,0.624137449923004,1.3569699349930187,1.501745557562738,0.014017852508616816,241.97979406668696,245.0430606011415,0.0,5.007113785215224
81.78494627481115,18277.354161510117,238.11086686061026,216.64999999999998,7243.282434373539,0.11647020317157879,295.0694935090715,0.8069653830659044,0.6235590683831891,1.3569699349930187,1.499397623461443,0.013925317171737284,241.82201306046605,244.86619829979216,0.0,4.990559817969624
81.9350103964163,18241.677952288228,237.369241258038,216.64999999999998,7283.911608593117,0.11712351031774103,295.0694935090715,0.8044519900554898,0.6229903389307075,1.3569699349930187,1.49706352287881,0.013833567023885425,241.6654545851493,244.6907063765026,0.0,4.9740919232027645
82.08507451802146,18206.112775998135,236.63105685663874,216.64999999999998,7324.641625399639,0.11777843898794244,295.0694935090715,0.8019502593864853,0.6224311489964478,1.3569699349930187,1.4947430834974194,0.013742593994244658,241.5101075407511,244.5165723889071,0.0,4.957709502835106
82.23513863962661,18170.65811776915,235.89629362927838,216.64999999999998,7365.472222034349,0.11843498495708671,295.0694935090715,0.7994601231862896,0.6218813874078194,1.3569699349930187,1.492436136450191,0.013652390107275463,241.35596096545916,244.34378404952304,0.0,4.941411963642043
82.38520276123177,18135.313465681214,235.1649317906461,216.64999999999998,7406.403135492805,0.11909314399612698,295.0694935090715,0.7969815144018482,0.621340944358825,1.3569699349930187,1.4901425161588446,0.013562947467040034,241.20300403152396,244.1723292211437,0.0,4.925198714591093
82.53526688283694,18100.078310759556,234.43695179632752,216.64999999999998,7447.434102520803,0.11975291187200032,295.0694935090715,0.7945143667965122,0.6208097113896365,1.3569699349930187,1.487862060320911,0.01347425826262422,241.05122604367776,244.00219591506587,0.0,4.909069167967817
82.68533100444209,18064.95214698708,233.71233434376185,216.64999999999998,7488.564859588968,0.12041428434721906,295.0694935090715,0.7920586149532829,0.6202875813677753,1.3569699349930187,1.4855946099198583,0.013386314783747286,240.9006164379624,243.83337228977578,0.0,4.893022742384555
82.83539512604725,18029.934471200533,232.99106035913437,216.64999999999998,7529.79514300337,0.12107725718164955,295.0694935090715,0.7896141942303886,0.6197744484595017,1.3569699349930187,1.4833400090594357,0.013299109404511022,240.75116477765795,243.66584664638546,0.0,4.877058860004713
82.9854592476524,17995.024783059976,232.2731109934262,216.64999999999998,7571.124688932458,0.12174182613294522,295.0694935090715,0.7871810407478986,0.6192702081085065,1.3569699349930187,1.4810981049131426,0.013212634580985124,240.60286075116392,243.49960742625785,0.0,4.861176946255646
83.13552336925757,17960.22258507286,231.55846762483117,216.64999999999998,7612.5532333692845,0.12240798695593917,295.0694935090715,0.7847590913959129,0.6187747570193938,1.3569699349930187,1.4788687477528752,0.013126882867946478,240.45569417121854,243.33464321013156,0.0,4.845376433069358
83.28558749086272,17925.527382524288,230.8471118497916,216.64999999999998,7654.080512204731,0.12307573540382165,295.0694935090715,0.782348283804183,0.6182879931334819,1.3569699349930187,1.4766517908352885,0.013041846910372126,240.30965497178872,243.17094271463458,0.0,4.829656757510371
83.43565161246788,17890.93868341275,230.1390254748732,216.64999999999998,7695.706261296148,0.12374506722924367,295.0694935090715,0.779948556314575,0.6178098156058349,1.3569699349930187,1.4744470902990112,0.012957519433807104,240.16473320517844,243.0084947890432,0.0,4.814017360165529
83.58571573407303,17856.45599846698,229.43419051843486,216.64999999999998,7737.4302164394285,0.12441597818386807,295.0694935090715,0.7775598479867294,0.6173401247893887,1.3569699349930187,1.4722545051843186,0.012873893255765318,240.02091904117566,242.84728841432562,0.0,4.798457687420326
83.7357798556782,17822.0788411248,228.7325892075449,216.64999999999998,7779.252113386131,0.1250884640186448,295.0694935090715,0.7751820985876089,0.6168788222160573,1.3569699349930187,1.4700738973931131,0.012790961288866701,239.8782027652395,242.68731270110993,0.0,4.7829771922328534
83.88584397728336,17787.80672744222,228.03420396653303,216.64999999999998,7821.171687946308,0.12576252048546435,295.0694935090715,0.7728152485527022,0.6164258105727827,1.3569699349930187,1.4679051315444651,0.01270871652609962,239.73657477501752,242.52855688578023,0.0,4.767575331567876
84.03590809888851,17753.639176091685,227.33901741651556,216.64999999999998,7863.188675984341,0.12643814333709083,295.0694935090715,0.7704592389844135,0.61598099368533,1.3569699349930187,1.4657480749677216,0.0126271520448663,239.59602557913195,242.371010329116,0.0,4.752251567313507
84.18597222049367,17719.57570837963,226.6470123770108,216.64999999999998,7905.302813390278,0.12711532832670108,295.0694935090715,0.7681140116575381,0.6155442765035749,1.3569699349930187,1.4636025977213147,0.012546261018824981,239.45654579639972,242.21466251541787,0.0,4.737005368685854
84.33603634209882,17685.61584815307,225.95817185413074,216.64999999999998,7947.513836188118,0.12779407120962577,295.0694935090715,0.7657795089792432,0.6151155650785695,1.3569699349930187,1.4614685724436847,0.01246603670299412,239.31812615236424,242.05950304862,0.0,4.721836209614336
84.48610046370399,17651.759121773557,225.27247903719783,216.64999999999998,7989.821480562762,0.12847436774378293,295.0694935090715,0.763455673977602,0.6146947665455096,1.3569699349930187,1.4593458743100578,0.012386472431302229,239.18075747756657,241.90552165035197,0.0,4.706743568438903
84.63616458530915,17618.00505814566,224.5899173017193,216.64999999999998,8032.225482818739,0.1291562136890141,295.0694935090715,0.7611424503116742,0.6142817891108477,1.3569699349930187,1.4572343810683175,0.012307561629590966,239.04443070710693,241.75270815944765,0.0,4.69172693054514
84.7862287069143,17584.353188655354,223.91047020144305,216.64999999999998,8074.725579451176,0.1298396048082256,295.0694935090715,0.7588397822445825,0.6138765420329285,1.3569699349930187,1.455133972938224,0.012229297807487764,238.90913687803533,241.6010525290198,0.0,4.676785787007817
84.93629282851946,17550.8030471125,223.23412146107688,216.64999999999998,8117.321507213498,0.13052453686847718,295.0694935090715,0.7565476146188385,0.6134789356035666,1.3569699349930187,1.4530445325192118,0.012151674550057721,238.77486712691186,241.45054482372572,0.0,4.661919633163865
85.08635695012462,17517.35416977123,222.56085497840522,216.64999999999998,8160.013003087056,0.13121100564049354,295.0694935090715,0.7542658928635159,0.6130888811355377,1.3569699349930187,1.450965944815681,0.01207468552659544,238.64161268926048,241.30117521915471,0.0,4.6471279704544335
85.23642107172978,17484.006095314693,221.89065482195073,216.64999999999998,8202.799804295255,0.1318990068988915,295.0694935090715,0.7519945629863258,0.6127062909475722,1.3569699349930187,1.4488980972062868,0.011998324492209904,238.50936489814677,241.1529340002339,0.0,4.632410306909243
85.38648519333493,17450.758364772526,221.22350522057755,216.64999999999998,8245.681648404578,0.13258853642380455,295.0694935090715,0.7497335715383818,0.6123310783451018,1.3569699349930187,1.4468408793124206,0.011922585275463833,238.37811518119017,241.00581155787924,0.0,4.617766154937485
85.53654931494009,17417.61052152226,220.55939056341055,216.64999999999998,8288.658273319377,0.1332795900007991,295.0694935090715,0.7474828656139262,0.6119631576073324,1.3569699349930187,1.444794182996092,0.011847461781352072,238.24785505964292,240.85979838796297,0.0,4.603195032054574
85.68661343654524,17384.56211131137,219.89829540202894,216.64999999999998,8331.72941724895,0.13397216342034482,295.0694935090715,0.7452423928577642,0.611602443975677,1.3569699349930187,1.442757902385865,0.011772947999964175,238.11857614792183,240.71488509078878,0.0,4.588696462728861
85.83667755815041,17351.61268217213,219.24020443969727,216.64999999999998,8374.894818813947,0.13466625247952602,295.0694935090715,0.7430121014287675,0.6112488536352896,1.3569699349930187,1.4407319337404043,0.011699037994177585,237.99027015061753,240.57106236773944,0.0,4.574269976162096
85.98674167975557,17318.761784399398,218.58510252845153,216.64999999999998,8418.154217072642,0.13536185298246378,295.0694935090715,0.7407919399899991,0.6109023037013811,1.3569699349930187,1.438716175410768,0.011625725897561223,237.86292886107472,240.42832101968514,0.0,4.559915106028216
86.13680580136072,17286.008970582898,217.9329746725806,216.64999999999998,8461.507351475091,0.13605896073957896,295.0694935090715,0.7385818577205121,0.6105627122090975,1.3569699349930187,1.43671052788243,0.011553005924019191,237.73654416122795,240.2866519467997,0.0,4.545631392515216
86.28686992296588,17253.35379555221,217.28380602150852,216.64999999999998,8504.95396193197,0.1367575715686991,295.0694935090715,0.7363818042912269,0.6102299980979518,1.3569699349930187,1.434714893684387,0.011480872360916201,237.61110801938864,240.14604614607978,0.0,4.531418381144102
86.43693404457105,17220.79581632473,216.63758186319635,216.64999999999998,8548.493788881035,0.13745768129612707,295.0694935090715,0.7341917298425705,0.6099040811969778,1.3569699349930187,1.4327291773049313,0.01140931956247945,237.48661248816433,240.00649470901254,0.0,4.517275621618376
86.5869981661762,17188.334592129177,215.99428762666884,216.64999999999998,8592.126573253376,0.13815928575609837,295.0694935090715,0.7320115849930396,0.609584882214806,1.3569699349930187,1.4307532852217517,0.011338341956240046,237.36304970415839,239.86798882123904,0.0,4.503202669239672
86.73706228778136,17155.969684395128,215.35390888030193,216.64999999999998,8635.852056484155,0.1388623807909539,295.0694935090715,0.729841320833396,0.6092723227276685,1.3569699349930187,1.428787125878625,0.011267934043672804,237.24041188685786,239.73051976130756,0.0,4.4891990851927615
86.88712640938651,17123.700656677367,214.7164313222721,216.64999999999998,8679.66998061197,0.13956696225273765,295.0694935090715,0.7276808888943002,0.6089663251638612,1.3569699349930187,1.4268306095637422,0.011198090390659277,237.1186913360399,239.5940788977664,0.0,4.475264434800583
87.03719053099168,17091.527074659916,214.08184078082294,216.64999999999998,8723.580088271765,0.1402730260030827,295.0694935090715,0.725530241147214,0.6086668127933628,1.3569699349930187,1.4248836484114347,0.011128805629571841,236.99788043108413,239.45865768839306,0.0,4.461398288074313
87.18725465259683,17059.448506181932,213.45012321697428,216.64999999999998,8767.582122656971,0.1409805679126025,295.0694935090715,0.7233893300135822,0.6083737097186603,1.3569699349930187,1.4229461564341985,0.011060074465229422,236.8779716307538,239.32424767994902,0.0,4.447600221050733
87.33731877420199,17027.46452115925,212.82126471458793,216.64999999999998,8811.675827624238,0.14168958386257482,295.0694935090715,0.7212581083311652,0.608086940859829,1.3569699349930187,1.421018049395842,0.010991891665534438,236.75895747058527,239.1908405052534,0.0,4.433869814063338
87.48738289580714,16995.574691565234,212.195251477846,216.64999999999998,8855.860947718522,0.1424000697453453,295.0694935090715,0.7191365293454925,0.6078064319434692,1.3569699349930187,1.4190992447779958,0.010924252059842812,236.6408305617143,239.05842788186732,0.0,4.420206651544069
87.6374470174123,16963.7785914665,211.57206983520126,216.64999999999998,8900.137228121865,0.14311202146350374,295.0694935090715,0.7170245467232511,0.6075321094946803,1.3569699349930187,1.4171896618276387,0.010857150545621315,236.52358359093276,238.9270016121576,0.0,4.406610323501796
87.78751113901747,16932.075796973153,210.95170623292998,216.64999999999998,8944.504414720006,0.14382543493095523,295.0694935090715,0.7149221145304354,0.6072639008244806,1.3569699349930187,1.41528922147378,0.010790582083128244,236.40720931879105,238.7965535811695,0.0,4.393080424588802
87.93757526062262,16900.465886191185,210.3341472290909,216.64999999999998,8988.962254167624,0.14454030607396917,295.0694935090715,0.7128291872118744,0.6070017340177907,1.3569699349930187,1.413397846249345,0.010724541690614795,236.29170057780385,238.66707575461564,0.0,4.37961655325472
88.08763938222778,16868.948439248725,209.71937949643066,216.64999999999998,9033.510493850288,0.14525663083056758,295.0694935090715,0.7107457196010781,0.6067455379254784,1.3569699349930187,1.4115154603255253,0.010659024448660754,236.17705027234774,238.53856017876123,0.0,4.366218312754279
88.23770350383293,16837.52303828956,209.107389821203,216.64999999999998,9078.148881891479,0.14597440515063784,295.0694935090715,0.7086716669162354,0.6064952421546943,1.3569699349930187,1.4096419894944898,0.01059402550020816,236.06325137779646,238.41099897945455,0.0,4.352885311288545
88.3877676254381,16806.189267402904,208.49816509430005,216.64999999999998,9122.877167250565,0.1466936249975082,295.0694935090715,0.7066069847301584,0.6062507770562909,1.3569699349930187,1.4077773610552209,0.010529540043819847,235.9502969382423,238.28438435957307,0.0,4.3396171607511445
88.53783174704326,16774.946712629768,207.89169231183126,216.64999999999998,9167.69509971306,0.14741428634779125,295.0694935090715,0.7045516289722439,0.6060120737164123,1.3569699349930187,1.4059215038184847,0.010465563334976672,235.8381800659961,238.15870859846285,0.0,4.326413477111651
88.68789586864841,16743.794961992066,207.28795857829343,216.64999999999998,9212.60242984727,0.14813638519068648,295.0694935090715,0.7025055559392169,0.6057790639491244,1.3569699349930187,1.4040743481441826,0.010402090689716943,235.72689394156774,238.0339640519165,0.0,4.313273881290405
88.83795999025357,16712.73360541952,206.6869510973104,216.64999999999998,9257.598909107632,0.14885991752964234,295.0694935090715,0.7004687222637473,0.6055516802843205,1.3569699349930187,1.402235825821835,0.010339117478154478,235.61643181136017,237.9101431495887,0.0,4.300197997943205
88.98802411185873,16681.76223473303,206.08865716944297,216.64999999999998,9302.68428985821,0.14958487938273374,295.0694935090715,0.6984410849070274,0.6053298559587199,1.3569699349930187,1.400405870040414,0.010276639123303316,235.5067869866926,237.7872383939009,0.0,4.287185455329355
89.13808823346389,16650.88044368341,205.49306419657339,216.64999999999998,9347.858325315245,0.15031126678173842,295.0694935090715,0.696422601173631,0.605113524909399,1.3569699349930187,1.3985844154408942,0.010214651105100307,235.39795284403507,237.66524236030455,0.0,4.274235886263636
89.28815235506904,16620.08782790576,204.90015967600456,216.64999999999998,9393.120769611885,0.1510390757731778,295.0694935090715,0.6944132286915157,0.604902621763576,1.3569699349930187,1.396771398038831,0.010153148956668212,235.2899228233629,237.5441476954363,0.0,4.261348927456092
89.4382164766742,16589.383984875458,204.30993119487627,216.64999999999998,9438.471377861932,0.1517683024193419,295.0694935090715,0.6924129253930992,0.6046970818288407,1.3569699349930187,1.3949667551509406,0.010092128261183253,235.18269042659216,237.4239471153644,0.0,4.248524218965739
89.58828059827935,16558.768513936833,203.72236643342373,216.64999999999998,9483.909906116864,0.1524989427975984,295.0694935090715,0.6904216495263025,0.6044968410866816,1.3569699349930187,1.3931704254333779,0.010031584654334165,235.07624921763707,237.30463340565308,0.0,4.235761404823721
89.73834471988452,16528.24101629988,203.13745316424811,216.64999999999998,9529.436111368967,0.15323099300044296,295.0694935090715,0.6884393596520778,0.6043018361846182,1.3569699349930187,1.3913823488694321,0.009971513823947158,234.97059282174234,237.18619942061397,0.0,4.22306013306654
89.88840884148968,16497.801094974366,202.5551792440016,216.64999999999998,9575.04975164808,0.15396444913705473,295.0694935090715,0.6864660146162291,0.6041120044259877,1.3569699349930187,1.3896024666611169,0.009911911505808252,234.86571492345814,237.0686380810364,0.0,4.210420054961042
90.03847296309483,16467.4483547782,201.9755326142473,216.64999999999998,9620.750586008671,0.1546993073330888,295.0694935090715,0.6845015735523261,0.6039272837630505,1.3569699349930187,1.3878307212369851,0.00985277348425088,234.76160926629086,236.95194237379576,0.0,4.197840825229452
90.18853708469999,16437.18240236924,201.39850130504493,216.64999999999998,9666.538374480573,0.15543556372988368,295.0694935090715,0.6825459958938561,0.6037476127909597,1.3569699349930187,1.3860670562943103,0.009794095593811112,234.65826965284285,236.83610535201015,0.0,4.185322102505557
90.33860120630516,16407.002846176383,200.82407342623358,216.64999999999998,9712.412878171179,0.156173214486105,295.0694935090715,0.6805992413446819,0.603572930737936,1.3569699349930187,1.3843114166851491,0.009735873715386222,234.55568994275154,236.72112013273036,0.0,4.172863548620072
90.48866532791031,16376.909296385105,200.25223716552483,216.64999999999998,9758.373859287003,0.15691225577809184,295.0694935090715,0.6786612698725779,0.6034031774578815,1.3569699349930187,1.3825637483888769,0.009678103775454161,234.4538640518705,236.6069798960218,0.0,4.160464828530009
90.63872944951547,16346.901364978683,199.68298079328991,216.64999999999998,9804.421081069588,0.15765268379882638,295.0694935090715,0.6767320417254552,0.6032382934250463,1.3569699349930187,1.380823998569489,0.009620781747785781,234.3527859526473,236.4936778853881,0.0,4.148125610783221
90.78879357112062,16316.978665695844,199.11629265710337,216.64999999999998,9850.554307858356,0.15839449475894438,295.0694935090715,0.6748115174128695,0.6030782197256889,1.3569699349930187,1.379092115502753,0.009563903651195799,234.2524496726794,236.38120740615244,0.0,4.135845567133749
90.93885769272578,16287.140813989681,198.5521611765369,216.64999999999998,9896.773305152923,0.1591376848877372,295.0694935090715,0.6728996576883768,0.6029228980500954,1.3569699349930187,1.3773680485064679,0.009507465547877023,234.15284929333507,236.2695618239114,0.0,4.123624372275789
91.08892181433094,16257.387427058395,197.99057484674648,216.64999999999998,9943.077839564614,0.15988225043237225,295.0694935090715,0.6709964235616908,0.6027722706872031,1.3569699349930187,1.3756517479824735,0.009451463544195524,234.0539789499392,236.15873456474367,0.0,4.11146170410724
91.2389859359361,16227.71812384452,197.43152223812737,216.64999999999998,9989.46767881566,0.1606281876578801,295.0694935090715,0.6691017762975136,0.6026262805181094,1.3569699349930187,1.3739431654085619,0.009395893790031291,233.95583283126302,236.04871911463763,0.0,4.099357243679744
91.38905005754125,16198.132524972498,196.8749919884475,216.64999999999998,10035.942591834963,0.16137549284869415,295.0694935090715,0.6672156773888754,0.6024848710077649,1.3569699349930187,1.3722422532344754,0.009340752476862548,233.85840517770353,235.93950901745094,0.0,4.087310674872024
91.53911417914641,16168.630252758754,196.32097280396428,216.64999999999998,10082.502348741518,0.16212416230838433,295.0694935090715,0.6653380885609196,0.602347986199237,1.3569699349930187,1.3705489648923654,0.009286035837708111,233.7616902810559,235.83109787465526,0.0,4.075321684464249
91.68917830075158,16139.210931245696,195.76945346338198,216.64999999999998,10129.146720788904,0.16287419235876432,295.0694935090715,0.663468971784314,0.602215570708647,1.3569699349930187,1.3688632548433828,0.009231740147086455,233.6656824847798,235.72347934563476,0.0,4.063389962216542
91.83924242235673,16109.87418613611,195.2204228095725,216.64999999999998,10175.875480466844,0.16362557934152477,295.0694935090715,0.6616082892471931,0.6020875697171811,1.3569699349930187,1.3671850784680393,0.009177861719514784,233.57037618213639,235.61664714559785,0.0,4.051515200625755
91.98930654396189,16080.619644780421,194.6738697479117,216.64999999999998,10222.688401520427,0.1643783196185422,295.0694935090715,0.6597560033495186,0.6019639289649692,1.3569699349930187,1.3655143920409853,0.009124396909050333,233.4757658154964,235.51059504480173,0.0,4.039697094907817
92.13937066556704,16051.446936220078,194.12978325143894,216.64999999999998,10269.585258878997,0.16513240957073574,295.0694935090715,0.6579120767205665,0.6018445947465488,1.3569699349930187,1.3638511527928905,0.009071342108989043,233.38184587683276,235.4053168691043,0.0,4.027935343013907
92.28943478717221,16022.355691147694,193.5881523557598,216.64999999999998,10316.565828717496,0.16588784559905345,295.0694935090715,0.6560764722016518,0.6017295139040204,1.3569699349930187,1.3621953188411609,0.009018693750963702,233.28861090643784,235.30080649852653,0.0,4.0162296455123805
92.43949890877737,15993.345541868304,193.04896615415387,216.64999999999998,10363.629888517218,0.16664462412544914,295.0694935090715,0.6542491528295481,0.601618633820498,1.3569699349930187,1.3605468491231314,0.008966448304533543,233.1960554916944,235.19705786587457,0.0,4.004579705577588
92.58956303038252,15964.416122331882,192.51221380146657,216.64999999999998,10410.77721701154,0.16740274159200985,295.0694935090715,0.6524300818496781,0.6015119024155201,1.3569699349930187,1.3589057034417056,0.00891460227651252,233.10417426736467,235.094064957064,0.0,3.992985228919192
92.73962715198768,15935.56706813449,191.97788451408866,216.64999999999998,10458.007594181166,0.1681621944608793,295.0694935090715,0.6506192227160432,0.601409268139607,1.3569699349930187,1.3572718424608585,0.008863152210111558,233.01296191520467,234.9918218106873,0.0,3.9814459236677098
92.88969127359283,15906.798016458595,191.445967562455,216.64999999999998,10505.320801349213,0.1689229792157869,295.0694935090715,0.6488165390658024,0.6013106799674997,1.3569699349930187,1.3556452276050774,0.008812094684975342,232.9224131623098,234.89032251615953,0.0,3.9699615004588216
93.039755395198,15878.10860608459,190.91645227239442,216.64999999999998,10552.716621160616,0.16968509236171658,295.0694935090715,0.6470219947238461,0.6012160873932951,1.3569699349930187,1.3540258210723026,0.008761426316537832,232.8325227809851,234.78956121357285,0.0,3.958531672364515
93.18981951680315,15849.498477426527,190.38932802941795,216.64999999999998,10600.194837520321,0.17044853042391292,295.0694935090715,0.6452355537173303,0.6011254404260624,1.3569699349930187,1.3524135858846573,0.008711143754539094,232.74328558911134,234.6895320941068,0.0,3.9471561546322946
93.33988363840831,15820.967272469046,189.8645842707909,216.64999999999998,10647.755235694505,0.1712132899495088,295.0694935090715,0.6434571802488074,0.6010386895833475,1.3569699349930187,1.3508084857820644,0.00866124368355938,232.65469644844217,234.5902293981196,0.0,3.9358346648775173
93.48994776001346,15792.514634756099,189.34221048408017,216.64999999999998,10695.397602327326,0.17197936750779463,295.0694935090715,0.6416868386913035,0.6009557858860411,1.3569699349930187,1.3492104851990114,0.008611722822812105,232.56675026401504,234.49164741448783,0.0,3.924566923109514
93.64001188161863,15764.140209436073,188.82219621265426,216.64999999999998,10743.121725362615,0.17274675968895928,295.0694935090715,0.6399244936069584,0.6008766808543746,1.3569699349930187,1.3476195493308576,0.008562577924098983,232.4794419847345,234.3937804812602,0.0,3.9133526513374903
93.79007600322379,15735.843643223801,188.30453105087415,216.64999999999998,10790.927394103945,0.17351546310505594,295.0694935090715,0.6381701097307269,0.6008013265022706,1.3569699349930187,1.3460356440673333,0.008513805772104118,232.39276660221898,234.296622984365,0.0,3.902191573704992
93.94014012482894,15707.624584363693,187.78920463946181,216.64999999999998,10838.814399273984,0.1742854743909565,295.0694935090715,0.6364236519546826,0.6007296753319437,1.3569699349930187,1.344458735928125,0.008465403185038843,232.30671914969338,234.2001693563686,0.0,3.8910834167066675
94.0902042464341,15679.48268266375,187.2762066696735,216.64999999999998,10886.782532954086,0.1750567902033802,295.0694935090715,0.6346850853421618,0.6006616803298561,1.3569699349930187,1.342888792112072,0.008417367012685027,232.22129470236075,234.10441407689223,0.0,3.880027908808511
94.24026836803927,15651.41758949811,186.76552688355062,216.64999999999998,10934.831588575888,0.17582940722075838,295.0694935090715,0.6329543751286129,0.6005972949620645,1.3569699349930187,1.341325780495809,0.008369694135403645,232.1364883771148,234.0093516722896,0.0,3.8690247802840565
94.39033248964442,15623.428957749558,186.25715506671486,216.64999999999998,10982.961361015847,0.17660332214475497,295.0694935090715,0.6312314866971792,0.6005364731687238,1.3569699349930187,1.3397696695358507,0.008322381465832512,232.0522953310209,233.91497671394433,0.0,3.8580737636705074
94.54039661124958,15595.516441822216,185.75108104992967,216.64999999999998,11031.171646570532,0.17737853169986872,295.0694935090715,0.6295163855839913,0.6004791693598686,1.3569699349930187,1.3382204282839762,0.008275425947710779,231.96871076126519,233.82128381821263,0.0,3.847174593564184
94.69046073285473,15567.679697678588,185.24729471367928,216.64999999999998,11079.462242888536,0.17815503263233873,295.0694935090715,0.6278090374936849,0.6004253384114788,1.3569699349930187,1.3366780264418368,0.008228824553178755,231.88572990559766,233.72826764692047,0.0,3.836327006056463
94.84052485445989,15539.918382778464,184.74578598052145,216.64999999999998,11127.832949071702,0.17893282171177194,295.0694935090715,0.6261094082734843,0.6003749356602153,1.3569699349930187,1.335142434257044,0.008182574285059243,231.80334804076026,233.63592290560103,0.0,3.8255307393240296
94.99058897606506,15512.232156068796,184.24654481381683,216.64999999999998,11176.283565689337,0.17971189573137175,295.0694935090715,0.6244174639088959,0.6003279168990582,1.3569699349930187,1.3336136225017345,0.00813667217683999,231.7215604819804,233.54424434292727,0.0,3.814785533689733
95.14065309767021,15484.620678030236,183.7495612235382,216.64999999999998,11224.81389469266,0.18049225150656242,295.0694935090715,0.6227331705433964,0.6002842383736253,1.3569699349930187,1.3320915625431902,0.008091115289130547,231.64036258362552,233.45322675144564,0.0,3.804091130855066
95.29071721927536,15457.083610640446,183.25482526168747,216.64999999999998,11273.423739473992,0.18127388587594076,295.0694935090715,0.6210564944629003,0.6002438567774864,1.3569699349930187,1.3305762262794851,0.008045900711005567,231.5597497381533,233.3628649663993,0.0,3.793447274271039
95.44078134088052,15429.620617338796,182.76232701788285,216.64999999999998,11322.112904924716,0.18205679570220806,295.0694935090715,0.6193874020808053,0.6002067292476935,1.3569699349930187,1.3290675860770633,0.008001025561524343,231.4797173751038,233.27315386459819,0.0,3.7828537095564956
95.59084546248569,15402.231363061554,182.27205662378879,216.64999999999998,11370.881197368737,0.1828409778711003,295.0694935090715,0.6177258599530049,0.6001728133610904,1.3569699349930187,1.3275656148234705,0.007956486986656635,231.40026096153645,233.18408836490923,0.0,3.7723101838339317
95.74090958409084,15374.915514245402,181.78400425358922,216.64999999999998,11419.72842455061,0.18362642929119713,295.0694935090715,0.6160718347794925,0.6001420671302486,1.3569699349930187,1.326070285928702,0.007912282158209275,231.3213760018188,233.09566342801932,0.0,3.761816445529227
95.890973705696,15347.672738771647,181.29816011702297,216.64999999999998,11468.654395729947,0.18441314689543992,295.0694935090715,0.6144252933807581,0.6001144489990164,1.3569699349930187,1.324581573229366,0.00786840827692064,231.24305803621903,233.0078740548575,0.0,3.7513722451611
96.04103782730115,15320.50270597993,180.81451446113684,216.64999999999998,11517.658921652313,0.18520112764066382,295.0694935090715,0.6127862027037301,0.6000899178387694,1.3569699349930187,1.3230994510064704,0.00782486257080801,231.1653026409177,232.92071528660836,0.0,3.740977335008524
96.19110194890631,15293.405086706147,180.33305757511576,216.64999999999998,11566.741814475188,0.18599036850640724,295.0694935090715,0.6111545298381437,0.6000684329447505,1.3569699349930187,1.3216238940436904,0.0077816422914509875,231.0881054285101,232.83418220527506,0.0,3.73063146827729
96.34116607051148,15266.379553222834,179.85377978285638,216.64999999999998,11615.902887869566,0.1867808664965455,295.0694935090715,0.6095302419913735,0.6000499540318277,1.3569699349930187,1.32015487752529,0.007738744717757688,231.01146204654054,232.74826993203635,0.0,3.720334400050855
96.49123019211663,15239.42577923005,179.37667144185565,216.64999999999998,11665.141957031532,0.18757261863947702,295.0694935090715,0.607913306484667,0.6000344412307361,1.3569699349930187,1.31869237701638,0.007696167156084118,230.93536817706348,232.66297362675454,0.0,3.710085887377588
96.64129431372179,15212.543439902898,178.90172294929448,216.64999999999998,11714.458838589691,0.18836562198663484,295.0694935090715,0.6063036907737615,0.6000218550845542,1.3569699349930187,1.3172363685377138,0.007653906935414741,230.8598195373523,232.57828848877017,0.0,3.699885688165222
96.79135843532694,15185.73221185578,178.42892473763004,216.64999999999998,11763.853350663772,0.1891598736134288,295.0694935090715,0.6047013624339465,0.6000121565448044,1.3569699349930187,1.3157868285029786,0.007611961409618537,230.78481187893237,232.49420975581796,0.0,3.689733561771361
96.94142255693211,15158.991773098622,177.95826735125382,216.64999999999998,11813.3253129394,0.18995537062044798,295.0694935090715,0.6031062894198609,0.6000053069686779,1.3569699349930187,1.3143437348569678,0.0075703279602172885,230.7103409994368,232.41073271731653,0.0,3.679629269727867
97.09148667853727,15132.32180309027,177.48974114941092,216.64999999999998,11862.874546563611,0.19075211013178076,295.0694935090715,0.6015184390586763,0.6000012681114462,1.3569699349930187,1.3129070626644246,0.007529003991398115,230.63640269537095,232.3278526614203,0.0,3.6695725745866747
97.24155080014242,15105.721982821666,177.02333618643507,216.64999999999998,11912.500873981846,0.1915500892923933,295.0694935090715,0.5999377776442103,0.6,1.3569699349930187,1.3114767776480512,0.007487986924562114,230.5629927434906,232.2455648541457,0.0,3.65956323863273
97.39161492174757,15079.191994442914,176.55904579192486,216.64999999999998,11962.204119626915,0.19234930527920838,295.0694935090715,0.5983642825702576,0.6,1.3569699349930187,1.3100496995592483,0.007447274219940643,230.49010746253424,232.16386516903663,0.0,3.6496010292078553
97.54167904335274,15052.731520933245,176.0968672126707,216.64999999999998,12011.984110544276,0.19314975531115935,295.0694935090715,0.5967979445061028,0.6,1.3569699349930187,1.3086232311750898,0.007406863390646903,230.41774380669034,232.08275019193547,0.0,3.6396857222629175
97.6917431649579,15026.34024545588,175.63679943750685,216.64999999999998,12061.840677628945,0.19395143666907966,295.0694935090715,0.5952387600248724,0.6,1.3569699349930187,1.3071975755379521,0.007366752028514285,230.34589901824165,232.0022168316196,0.0,3.629817108870646
97.84180728656305,15000.017851363398,175.17884109440328,216.64999999999998,12111.773655656045,0.19475434669619382,295.0694935090715,0.5936867244767127,0.6,1.3569699349930187,1.3057729299489258,0.007326937799352291,230.27457029686312,231.92226194910572,0.0,3.6199949942877985
97.99187140816821,14973.764022202866,174.7229905201521,216.64999999999998,12161.782883311409,0.19555848279860963,295.0694935090715,0.5921418322249585,0.6,1.3569699349930187,1.30434948696122,0.007287418439548573,230.20375481114505,231.84288237056674,0.0,3.6102191973324795
98.14193552977336,14947.578441823754,174.2692457756489,216.64999999999998,12211.868203024716,0.19636384244263502,295.0694935090715,0.5906040766979228,0.6,1.3569699349930187,1.3029274345489439,0.007248191739963443,230.13344970151846,231.76407489061086,0.0,3.6004895465923297
98.29199965137853,14921.460794395893,173.81760465006224,216.64999999999998,12262.029460970622,0.1971704231547962,295.0694935090715,0.5890734504030267,0.6,1.3569699349930187,1.301506956130505,0.0072092555426498655,230.06365208142094,231.68583627358825,0.0,3.5908058797627214
98.44206377298369,14895.410764408196,173.36806466191382,216.64999999999998,12312.266507105905,0.19797822252243502,295.0694935090715,0.5875499449304604,0.6,1.3569699349930187,1.3000882305505705,0.00717060774152545,229.99435903796876,231.6081632543448,0.0,3.58116804395917
98.59212789458884,14869.428036749889,172.92062307080008,216.64999999999998,12362.579195046523,0.19878723819173202,295.0694935090715,0.5860335509929083,0.6,1.3569699349930187,1.2986714322055977,0.0071322462699157,229.92556763425333,231.53105254079583,0.0,3.5715758927457393
98.742192016194,14843.51229676921,172.47527688683334,216.64999999999998,12412.96738198443,0.19959746786636892,295.0694935090715,0.5845242584575447,0.6,1.3569699349930187,1.2972567311416945,0.007094169092815767,229.85727491125252,231.45450081606907,0.0,3.562029284298384
98.89225613779917,14817.663230256905,172.0320228703083,216.64999999999998,12463.430928748643,0.20040890930851044,295.0694935090715,0.5830220563449044,0.6,1.3569699349930187,1.2958442930222354,0.00705637421289656,229.78947788821986,231.37850473894048,0.0,3.5525280829973074
99.04232025940432,14791.880523490601,171.59085753846952,216.64999999999998,12513.96969974718,0.2012215603378708,295.0694935090715,0.5815269328518172,0.6,1.3569699349930187,1.294434279190501,0.007018859663899753,229.72217356414924,231.30306094547635,0.0,3.54307215786088
99.19238438100948,14766.163863329095,171.15177717959492,216.64999999999998,12564.583562808384,0.2020354188291622,295.0694935090715,0.5800388753991375,0.6,1.3569699349930187,1.2930268468340456,0.006981623496510639,229.65535892032904,231.2281660518962,0.0,3.5336613790496583
99.34244850261463,14740.51293719348,170.71477785274024,216.64999999999998,12615.272389241522,0.2028504827130693,295.0694935090715,0.5785578706308785,0.6,1.3569699349930187,1.2916221489573325,0.006944663787454015,229.58903092068294,231.153816654955,0.0,3.5242956202063693
99.4925126242198,14714.927433080173,170.27985539041876,216.64999999999998,12666.03605383468,0.2036667499762152,295.0694935090715,0.5770839044232939,0.6,1.3569699349930187,1.2902203343926395,0.006907978638997489,229.52318651254922,231.08000933281627,0.0,3.5149747583923654
99.64257674582495,14689.407039662014,169.8470054136322,216.64999999999998,12716.87443467601,0.2044842186582874,295.0694935090715,0.5756169619358176,0.6,1.3569699349930187,1.2888215479812533,0.0068715661626966755,229.4578226293101,231.00674064799998,0.0,3.505698670002662
99.79264086743011,14663.951446291732,169.41622333452844,216.64999999999998,12767.787413165595,0.20530288685222825,295.0694935090715,0.5741570276200714,0.6,1.3569699349930187,1.2874259305887468,0.0068354244850456864,229.39293619111945,230.93400714819776,0.0,3.49646723221808
99.94270498903526,14638.560342991505,168.987504356476,216.64999999999998,12818.774874054858,0.206122752704869,295.0694935090715,0.5727040852201168,0.6,1.3569699349930187,1.2860336190843646,0.006799551753371612,229.32852410523088,230.86180536664102,0.0,3.4872803245429953
100.09276911064042,14613.23342052916,168.56084348558147,216.64999999999998,12869.836705311229,0.2069438144147534,295.0694935090715,0.5712581178114887,0.6,1.3569699349930187,1.284644746477602,0.006763946123168233,229.264583268033,230.79013182438217,0.0,3.478137825595005
100.24283323224559,14587.970370465575,168.13623553909815,216.64999999999998,12920.972798037346,0.20776607023083862,295.0694935090715,0.5698191078296918,0.6,1.3569699349930187,1.2832594420149972,0.006728605754475448,229.2011105665889,230.71898303202028,0.0,3.46903961217543
100.39289735385074,14562.77088512571,167.71367514363027,216.64999999999998,12972.183046543172,0.2085895184536548,295.0694935090715,0.5683870370641151,0.6,1.3569699349930187,1.2818778311376944,0.006693528823712492,229.13810287863188,230.6483554896963,0.0,3.4599855623194853
100.5429614754559,14537.634657638795,167.29315674161495,216.64999999999998,13023.467348277942,0.20941415743421082,295.0694935090715,0.5669618866799992,0.6,1.3569699349930187,1.2805000355517713,0.006658713517517919,229.07555707378984,230.57824568846573,0.0,3.450975553731923
100.69302559706105,14512.561382024203,166.87467460479905,216.64999999999998,13074.825603666091,0.2102399855713561,295.0694935090715,0.5655436372641103,0.6,1.3569699349930187,1.2791261733977357,0.006624158019889912,229.01347001582695,230.50865011281098,0.0,3.4420094604573115
100.84308971866622,14487.550753158806,166.45822283233215,216.64999999999998,13126.25771618305,0.21106700131299916,295.0694935090715,0.5641322688182763,0.6,1.3569699349930187,1.2777563592096992,0.006589860526231199,228.95183856257665,230.43956524056665,0.0,3.4330871565065935
100.99315384027138,14462.602466785238,166.04379535294927,216.64999999999998,13177.763592347668,0.21189520315598612,295.0694935090715,0.5627277607667852,0.6,1.3569699349930187,1.2763907039291202,0.006555819243939798,228.8906595664777,230.3709875435202,0.0,3.4242085160270586
101.14321796187653,14437.716219606282,165.63138593959061,216.64999999999998,13229.343141535132,0.2127245896430922,295.0694935090715,0.5613300920059312,0.6,1.3569699349930187,1.2750293150932583,0.00652203237646986,228.82992987693007,230.3029134900528,0.0,3.4153734091468357
101.29328208348169,14412.891709276138,165.22098821062954,216.64999999999998,13280.996276000069,0.2135551593633934,295.0694935090715,0.5599392409081763,0.6,1.3569699349930187,1.2736722968399874,0.006488498132148654,228.76964634065004,230.23533954553736,0.0,3.4065817042536715
101.44334620508684,14388.128634382583,164.81259562904003,216.64999999999998,13332.722910918774,0.21438691095294532,295.0694935090715,0.5585551853193292,0.6,1.3569699349930187,1.272319749882906,0.006455214731674326,228.7098058017172,230.16826217239125,0.0,3.397833269962443
101.59341032669201,14363.42669451831,164.40620151360486,216.64999999999998,13384.522964244747,0.21521984309246037,295.0694935090715,0.5571779025965299,0.6,1.3569699349930187,1.2709717716548488,0.0064221803956017506,228.65040510337727,230.10167783209712,0.0,3.389127971832906
101.74347444829716,14338.785590318344,164.00179904627421,216.64999999999998,13436.396356631962,0.21605395450607398,295.0694935090715,0.5558073696331886,0.6,1.3569699349930187,1.2696284564002458,0.006389393342381439,228.59144108925622,230.03558298656395,0.0,3.3804656718285595
101.89353856990232,14314.205023421111,163.59938126907156,216.64999999999998,13488.343011517702,0.21688924396267645,295.0694935090715,0.5544435628484987,0.6,1.3569699349930187,1.2682898951217467,0.006356851801862907,228.5329106030372,229.96997409776463,0.0,3.37184623186913
102.04360269150747,14289.68469650488,163.19894109025745,216.64999999999998,13540.362855046824,0.2177257102746952,295.0694935090715,0.5530864582083276,0.6,1.3569699349930187,1.2669561756552778,0.006324554009337144,228.47481048948194,229.90484762888119,0.0,3.363269512263585
102.19366681311264,14265.22431336576,162.80047129710684,216.64999999999998,13592.455815905256,0.21856335229541746,295.0694935090715,0.551736031268518,0.6,1.3569699349930187,1.2656273828406273,0.006292498193506939,228.41713759639205,229.84020004650316,0.0,3.354735368500553
102.3437309347178,14240.823578873997,162.40396455253085,216.64999999999998,13644.62182541005,0.21940216892043826,295.0694935090715,0.55039225716344,0.6,1.3569699349930187,1.2643035984665136,0.006260682591865211,228.35988877421065,229.776027820181,0.0,3.346243655314713
102.49379505632295,14216.482198978327,162.00941339680128,216.64999999999998,13696.860817498022,0.2202421590874779,295.0694935090715,0.5490551106118347,0.6,1.3569699349930187,1.2629849012852996,0.006229105451537462,228.30306087636225,229.71232742280722,0.0,3.3377942269213596
102.6438591779281,14192.199880793969,161.616810261657,216.64999999999998,13749.172728533264,0.22108332177328655,295.0694935090715,0.5477245659646219,0.6,1.3569699349930187,1.2616713672047706,0.0061977650138372135,228.24665076136333,229.6490953329819,0.0,3.3293869328799874
102.79392329953328,14167.976332583816,161.22614747022538,216.64999999999998,13801.557497341511,0.22192565599419706,295.0694935090715,0.5464005972046335,0.6,1.3569699349930187,1.2603630692813053,0.006166659523988532,228.1906552928699,229.58632803506634,0.0,3.321021620672187
102.94398742113843,14143.81126373482,160.83741723539947,216.64999999999998,13854.015065255562,0.22276916080685522,295.0694935090715,0.5450831779411136,0.6,1.3569699349930187,1.259060077689861,0.006135787238855253,228.13507133950273,229.524022018987,0.0,3.312698137781138
103.09405154274359,14119.704384824738,160.45061167067107,216.64999999999998,13906.545375964251,0.22361383530579132,295.0694935090715,0.5437722814464323,0.6,1.3569699349930187,1.2577624598712305,0.006105146414729574,228.07989577644787,229.4621737820296,0.0,3.304416328406253
103.24411566434874,14095.65540765085,160.06572279646943,216.64999999999998,13959.14837544123,0.22445967862227495,295.0694935090715,0.542467880677568,0.6,1.3569699349930187,1.2564702806178016,0.006074735306059704,228.02512548639413,229.40077982988996,0.0,3.296176033096257
103.3941797859539,14071.664045183372,159.6827425359507,216.64999999999998,14011.824012037656,0.2253066899258054,295.0694935090715,0.5411699482618371,0.6,1.3569699349930187,1.2551836020092275,0.006044552179051147,227.97075735895996,229.33983667603147,0.0,3.2879770924226412
103.54424390755906,14047.730011598576,159.301662720833,216.64999999999998,14064.57223640082,0.22615486842280322,295.0694935090715,0.5398784565166697,0.6,1.3569699349930187,1.2539024834899986,0.006014595305836578,227.91678829154762,229.27934084264288,0.0,3.2798193454104765
103.69430802916422,14023.853022349525,158.9224751034313,216.64999999999998,14117.393001307586,0.227004213353932,295.0694935090715,0.538593377490396,0.6,1.3569699349930187,1.2526269820382114,0.005984862953091504,227.863215191059,229.21928886256126,0.0,3.2717026264276443
103.84437215076937,14000.032794113778,158.54517135200686,216.64999999999998,14170.286261767596,0.22785472399575782,295.0694935090715,0.5373146829464857,0.6,1.3569699349930187,1.2513571520967948,0.005955353397383895,227.81003497323636,229.15967727853317,0.0,3.2636267693534133
103.99443627237453,13976.269044794639,158.16974305208439,216.64999999999998,14223.251975009245,0.22870639966052372,295.0694935090715,0.5360423443680113,0.6,1.3569699349930187,1.2500930455879409,0.005926064925973837,227.7572445628491,229.1005026434241,0.0,3.2555916078128972
104.1445003939797,13952.561493603116,157.7961817199861,216.64999999999998,14276.29010028442,0.22955923969301012,295.0694935090715,0.5347763330035162,0.6,1.3569699349930187,1.248834712105306,0.00589699582192415,227.70484089558835,229.04176152234197,0.0,3.247596971094833
104.29456451558485,13928.909861031027,157.42447880159315,216.64999999999998,14329.400598913699,0.23041324347126138,295.0694935090715,0.5335166198628167,0.6,1.3569699349930187,1.2475821988952505,0.00586814437387656,227.65282091786804,228.98345049241436,0.0,3.23964268681779
104.44462863719001,13905.31386882302,157.0546256700559,216.64999999999998,14382.583434335012,0.23126841040736842,295.0694935090715,0.5322631757092419,0.6,1.3569699349930187,1.2463355508214546,0.005839508883525005,227.60118158648112,228.92556614240303,0.0,3.231728582999032
104.59469275879516,13881.773240039054,156.68661363621604,216.64999999999998,14435.83857194842,0.23212473994497262,295.0694935090715,0.5310159710949547,0.6,1.3569699349930187,1.2450948105135708,0.005811087653765573,227.5499198700275,228.86810507430454,0.0,3.22385448479385
104.74475688040033,13858.287699075689,156.32043395398628,216.64999999999998,14489.16597905113,0.23298223155822123,295.0694935090715,0.5297749763791845,0.6,1.3569699349930187,1.2438600184451214,0.005782878987740315,227.4990327496207,228.8110639041425,0.0,3.216020214216267
104.89482100200549,13834.856971613835,155.95607781520926,216.64999999999998,14542.565624939027,0.23384088475339954,295.0694935090715,0.5285401617108025,0.6,1.3569699349930187,1.242631212858806,0.005754881201982147,227.4485172181263,228.7544392611137,0.0,3.2082255937866297
105.04488512361064,13811.480784648955,155.59353635516874,216.64999999999998,14596.037480821567,0.2347006990675627,295.0694935090715,0.5273114970470006,0.6,1.3569699349930187,1.241408429845026,0.005727092620695018,227.39837028088138,228.69822778839472,0.0,3.2004704449616455
105.1949492452158,13788.158866555219,155.23280066387412,216.64999999999998,14649.581519656811,0.2355616740658829,295.0694935090715,0.5260889521915342,0.6,1.3569699349930187,1.2401917035068002,0.005699511564931411,227.3485889571981,228.6424261448273,0.0,3.1927545851122368
105.34501336682095,13764.890947026808,154.87386178034185,216.64999999999998,14703.197716266412,0.2364238093434986,295.0694935090715,0.5248724967753418,0.6,1.3569699349930187,1.2389810658780558,0.005672136367438297,227.2991702795071,228.58703100395826,0.0,3.1850778316646133
105.49507748842612,13741.676757076728,154.51671069356013,216.64999999999998,14756.886047320104,0.23728710452526483,295.0694935090715,0.5236621002598146,0.6,1.3569699349930187,1.237776546937031,0.005644965373324664,227.25011129342815,228.53203905411834,0.0,3.1774400023113323
105.64514161003127,13718.516029113192,154.16133835542425,216.64999999999998,14810.646491139472,0.23815155926259796,295.0694935090715,0.5224577319806352,0.6,1.3569699349930187,1.236578174796777,0.005617996925738086,227.20140905947713,228.4774470003361,0.0,3.1698409109961125
105.79520573163643,13695.408496906375,153.80773567849363,216.64999999999998,14864.479027753476,0.23901717323436858,295.0694935090715,0.521259361140175,0.6,1.3569699349930187,1.2353859756748529,0.005591229375396839,227.15306065267526,228.42325156389947,0.0,3.1622803705869846
105.94526985324158,13672.353895557351,153.45589353315762,216.64999999999998,14918.383638950196,0.2398839461477335,295.0694935090715,0.5200669567978902,0.6,1.3569699349930187,1.2341999738527567,0.005564661087659136,227.10506316208188,228.36944948183228,0.0,3.154758194890134
106.09533397484675,13649.351961556615,153.10580275763175,216.64999999999998,14972.360308119243,0.24075187773560175,295.0694935090715,0.5188804879041985,0.6,1.3569699349930187,1.2330201918242683,0.005538290431052114,227.05741369207638,228.31603750833116,0.0,3.1472741954245693
106.24539809645191,13626.402432799128,152.7574541624583,216.64999999999998,15026.409020193483,0.2416209677556975,295.0694935090715,0.5176999233157323,0.6,1.3569699349930187,1.231846650364908,0.005512115776493795,227.0101093628763,228.26301241534628,0.0,3.139828181196108
106.39546221805706,13603.505048528124,152.41083852461367,216.64999999999998,15080.529761758336,0.2424912159923176,295.0694935090715,0.5165252317753682,0.6,1.3569699349930187,1.2306793684479007,0.00548613550981847,226.9631473096402,228.21037099157567,0.0,3.1324199622663773
106.54552633966222,13580.659549362786,152.06594659271153,216.64999999999998,15134.722520964357,0.2433626222549259,295.0694935090715,0.5153563819298604,0.6,1.3569699349930187,1.2295183633225497,0.005460348026167506,226.91652468307984,228.15811004315157,0.0,3.12504934818331
106.69559046126737,13557.865677356504,151.7227690975531,216.64999999999998,15188.987287365126,0.2442351863755465,295.0694935090715,0.5141933423655963,0.6,1.3569699349930187,1.2283636506739786,0.005434751719683725,226.87023865078325,228.10622639512334,0.0,3.117716145042089
106.84565458287254,13535.123175933622,151.38129674553804,216.64999999999998,15243.324052042692,0.24510890821078096,295.0694935090715,0.5130360815862655,0.6,1.3569699349930187,1.227215244529798,0.00540934499771941,226.82428639621486,228.0547168903368,0.0,3.110420159552489
106.9957187044777,13512.43178988647,151.0415202193324,216.64999999999998,15297.732807591168,0.24598378764154444,295.0694935090715,0.5118845680151237,0.6,1.3569699349930187,1.226073157272059,0.005384126281356775,226.778665118701,228.003578389418,0.0,3.10316119921936
107.14578282608285,13489.791265446554,150.70343019020143,216.64999999999998,15352.213547921358,0.2468598245699241,295.0694935090715,0.5107387700367889,0.6,1.3569699349930187,1.2249373998246313,0.005359093991639374,226.7333720349758,227.95280777250588,0.0,3.0959390683980397
107.295846947688,13467.201350246572,150.36701731491823,216.64999999999998,15406.766268325551,0.24773701892022124,295.0694935090715,0.5095986559867647,0.6,1.3569699349930187,1.223807981612132,0.00533424655877502,226.68840437864523,227.90240193865176,0.0,3.088753570945168
107.44591106929317,13444.66179328729,150.0322722324991,216.64999999999998,15461.390965532191,0.2486153706398299,295.0694935090715,0.5084641941403766,0.6,1.3569699349930187,1.222684910514641,0.005309582428778326,226.64375939963472,227.8523578051999,0.0,3.081604512163843
107.59597519089833,13422.172344992448,149.69918557377554,216.64999999999998,15516.0876375474,0.2494948796966891,295.0694935090715,0.507335352745211,0.6,1.3569699349930187,1.221568193014552,0.0052851000523773525,226.5994343653488,227.80267230908748,0.0,3.074491695616997
107.74603931250348,13399.732757218606,149.3677479651029,216.64999999999998,15570.856283603613,0.2503755460784565,295.0694935090715,0.5062121000336851,0.6,1.3569699349930187,1.2204578342575094,0.005260797884365135,226.55542656103688,227.75334240725482,0.0,3.0674149229413468
107.89610343410864,13377.342783196493,149.0379500218849,216.64999999999998,15625.69690427542,0.2512573697943715,295.0694935090715,0.5050944042011003,0.6,1.3569699349930187,1.2193538379602715,0.005236674395487678,226.51173328880532,227.7043650755376,0.0,3.0603739973221695
108.04616755571381,13355.002177556496,148.70978235348812,216.64999999999998,15680.60950139094,0.2521403508738297,295.0694935090715,0.5039822334222981,0.6,1.3569699349930187,1.2182562064881843,0.005212728066948941,226.46835186814528,227.65573730925883,0.0,3.053368721925062
108.19623167731896,13332.71069638167,148.38323557309167,216.64999999999998,15735.594077873664,0.25302448936384014,295.0694935090715,0.5028755558850405,0.6,1.3569699349930187,1.2171649410089997,0.005188957380590737,226.42527963710322,227.6074561245408,0.0,3.046398897036157
108.34629579892412,13310.468097141518,148.05830029041073,216.64999999999998,15790.650637876739,0.25390978533118436,295.0694935090715,0.5017743397653505,0.6,1.3569699349930187,1.2160800413894008,0.005165360832455021,226.38251395118306,227.55951855707445,0.0,3.0394643240425396
108.49635992052927,13288.274138687726,147.73496711212118,216.64999999999998,15845.779186766353,0.2547962388621494,295.0694935090715,0.5006785532289507,0.6,1.3569699349930187,1.2150015062053687,0.005141936933167001,226.3400521832723,227.51192166203663,0.0,3.0325648055810306
108.64642404213443,13266.12858132068,147.4132266536026,216.64999999999998,15900.979730928259,0.25568385005941663,295.0694935090715,0.49958816447106075,0.6,1.3569699349930187,1.2139293329254823,0.005118684194700129,226.29789172504928,227.46466251566747,0.0,3.0257001416637643
108.7964881637396,13244.031186747994,147.09306953514536,216.64999999999998,15956.252277841115,0.256572619043241,295.0694935090715,0.4985031417035431,0.6,1.3569699349930187,1.2128635178601277,0.005095601139243305,226.25602998634236,227.41773821455214,0.0,3.01887013229803
108.94655228534475,13221.981718050247,146.77448637836142,216.64999999999998,16011.596836133496,0.2574625459523679,295.0694935090715,0.4974234531427392,0.6,1.3569699349930187,1.2118040561121355,0.005072686305437611,226.2144643945228,227.37114587494023,0.0,3.0120745793609207
109.0966164069499,13199.979939732564,146.4574678153413,216.64999999999998,16067.01341542597,0.2583536309414936,295.0694935090715,0.49634906704050263,0.6,1.3569699349930187,1.2107509417213316,0.005049938237649755,226.17319239556224,227.32488263393117,0.0,3.0053132834515757
109.24668052855506,13178.025617730256,146.1420044916635,216.64999999999998,16122.50202628631,0.2592458741805454,295.0694935090715,0.4952799516943983,0.6,1.3569699349930187,1.2097041677172218,0.005027355485437261,226.13221145427792,227.27894564974903,0.0,2.998586043740049
109.39674465016023,13156.118519348875,145.82808705948514,216.64999999999998,16178.062680350842,0.26013927585663255,295.0694935090715,0.49421607542428597,0.6,1.3569699349930187,1.2086637260200739,0.005004936614831843,226.09151905328937,227.23333210057322,0.0,2.991892661346624
109.54680877176538,13134.258413287858,145.51570618219276,216.64999999999998,16233.695390235513,0.26103383617261633,295.0694935090715,0.49315740658808255,0.6,1.3569699349930187,1.207629607517047,0.004982680202960802,226.05111269348149,227.18803918505733,0.0,2.9852329377751956
109.69687289337054,13112.445069688847,145.2048525435926,216.64999999999998,16289.400169382314,0.26192955534464074,295.0694935090715,0.4921039136129079,0.6,1.3569699349930187,1.2066018022096803,0.004960584828685379,226.01098989504598,227.14306412349674,0.0,2.9786066721294464
109.8469370149757,13090.678260067882,144.89551684011357,216.64999999999998,16345.177032200934,0.26282643360440994,295.0694935090715,0.4910555649686604,0.6,1.3569699349930187,1.2055802991018734,0.004938649085553476,225.97114819632327,227.09840415653025,0.0,2.9720136650060334
109.99700113658086,13068.957757310236,144.5876897810373,216.64999999999998,16401.02599405236,0.26372447119892495,295.0694935090715,0.4900123291687969,0.6,1.3569699349930187,1.2045650862086792,0.004916871582061576,225.93158515368876,227.0540565450128,0.0,2.9654537186126797
110.14706525818602,13047.283335732684,144.28136209967377,216.64999999999998,16456.947071058163,0.2646236683874165,295.0694935090715,0.4889741748082068,0.6,1.3569699349930187,1.2035561507349433,0.004895250928926976,225.89229834284208,227.01001857146045,0.0,2.95892663296165
110.29712937979117,13025.654771039675,143.9765245490035,216.64999999999998,16512.94028018135,0.26552402544264575,295.0694935090715,0.48794107054844404,0.6,1.3569699349930187,1.2025534790159704,0.004873785747639988,225.85328535809344,226.96628753925054,0.0,2.9524322084580565
110.44719350139633,13004.071840288638,143.67316789785528,216.64999999999998,16569.005639285508,0.26642554265185475,295.0694935090715,0.48691298510477243,0.6,1.3569699349930187,1.2015570564647846,0.004852474676328427,225.8145438117264,226.92286077190752,0.0,2.9459702477065908
110.59725762300148,12982.534321938554,143.371282939667,216.64999999999998,16625.143166978,0.26732822031424525,295.0694935090715,0.4858898872758571,0.6,1.3569699349930187,1.2005668677138739,0.004831316359382056,225.7760713349701,226.8797356141924,0.0,2.9395405524012643
110.74732174460665,12961.041995852198,143.0708604948832,216.64999999999998,16681.352882571828,0.2682320587403657,295.0694935090715,0.4848717459518894,0.6,1.3569699349930187,1.1995828966601028,0.004810309447026508,225.73786557815,226.83690943227202,0.0,2.933142923207357
110.8973858662118,12939.594643235896,142.77189140374472,216.64999999999998,16737.634806211183,0.26913705825412965,295.0694935090715,0.4838585300901511,0.6,1.3569699349930187,1.1986051263603366,0.004789452606049865,225.6999242096179,226.79437961251958,0.0,2.926777163049462
111.04744998781696,12918.19204666158,142.47436653070002,216.64999999999998,16793.988958782942,0.27004321919139296,295.0694935090715,0.4828502087299643,0.6,1.3569699349930187,1.1976335391059587,0.004768744514540278,225.6622449161651,226.7521435619778,0.0,2.920443075546435
111.19751410942212,12896.83399011099,142.17827677298388,216.64999999999998,16850.415361768082,0.2709505418975645,295.0694935090715,0.481846751021765,0.6,1.3569699349930187,1.1966681165639363,0.004748183852956903,225.62482540395578,226.71019870940506,0.0,2.9141404623003315
111.34757823102728,12875.520258907341,141.88361305244558,216.64999999999998,16906.914037389266,0.27185902672997925,295.0694935090715,0.4808481261994086,0.6,1.3569699349930187,1.1957088396577995,0.004727769316521972,225.58766339733785,226.66854250394263,0.0,2.9078691267069243
111.49764235263244,12854.250639709637,141.59036631562847,216.64999999999998,16963.485008594904,0.27276867405764194,295.0694935090715,0.47985430358043935,0.6,1.3569699349930187,1.1947556885749793,0.004707499615377674,225.55075663870517,226.62717241496006,0.0,2.9016288740447966
111.6477064742376,12833.024920571024,141.29852754440694,216.64999999999998,17020.128298871965,0.27367948425821736,295.0694935090715,0.4788652526021397,0.6,1.3569699349930187,1.1938086429405024,0.004687373462336903,225.5141028896856,226.58608593338695,0.0,2.895419507733482
111.79777059584275,12811.842890893631,141.00808775118594,216.64999999999998,17076.843932333213,0.2745914577194328,295.0694935090715,0.47788094280526106,0.6,1.3569699349930187,1.1928676817502901,0.004667389581148932,225.47769993038085,226.54528057086094,0.0,2.8892408318928053
111.9478347174479,12790.704341393935,140.71903797492575,216.64999999999998,17133.63193377803,0.2755045948400561,295.0694935090715,0.4769013438205517,0.6,1.3569699349930187,1.19193278331577,0.004647546712026828,225.4415455587182,226.50475385900094,0.0,2.8830926530858054
112.09789883905307,12769.609064148666,140.43136928952762,216.64999999999998,17190.492328537533,0.27641889602740566,295.0694935090715,0.475926425397176,0.6,1.3569699349930187,1.1910039254025238,0.0046278436016042755,225.40563759135088,226.46450335041646,0.0,2.876974777243783
112.24796296065823,12748.55685259432,140.14507280570342,216.64999999999998,17247.42514244258,0.27733436169683506,295.0694935090715,0.47495615740905067,0.6,1.3569699349930187,1.1900810852680266,0.004608279002616547,225.3699738637362,226.42452661879517,0.0,2.8708870095807137
112.39802708226338,12727.547501467398,139.8601396635769,216.64999999999998,17304.43040195258,0.27825099227380534,295.0694935090715,0.47399050982977026,0.6,1.3569699349930187,1.1891642395530628,0.004588851684119881,225.3345522290609,226.38482125769832,0.0,2.864829157796118
112.54809120386854,12706.580806825126,139.57656103688083,216.64999999999998,17361.508134067873,0.2791687881924752,295.0694935090715,0.4730294527468315,0.6,1.3569699349930187,1.1882533643545234,0.004569560426343013,225.2993705586165,226.34538488098133,0.0,2.8588010305112173
112.6981553254737,12685.656566086038,139.29432814097234,216.64999999999998,17418.658366186308,0.28008774989339535,295.0694935090715,0.47207295638879704,0.6,1.3569699349930187,1.1873484353601218,0.004550404012165095,225.26442674264143,226.306215123738,0.0,2.8528024346273435
112.84821944707886,12664.774577961965,139.01343222441312,216.64999999999998,17475.88112625547,0.28100787782595615,295.0694935090715,0.47112099109676125,0.6,1.3569699349930187,1.1864494277238464,0.004531381238997352,225.22971868912427,226.2673096409589,0.0,2.84683317906014
112.99828356868402,12643.934642452088,138.73386456893576,216.64999999999998,17533.176442757424,0.2819291724481421,295.0694935090715,0.4701735273242355,0.6,1.3569699349930187,1.1855563160720135,0.00451249091884908,225.19524432365358,226.2286661073629,0.0,2.8408930748013974
113.14834769028917,12623.13656089781,138.45561649957548,216.64999999999998,17590.544344525424,0.28285163422358495,295.0694935090715,0.46923053567148537,0.6,1.3569699349930187,1.1846690746719226,0.004493731866527348,225.161001590519,226.19028221863175,0.0,2.8349819312381603
113.29841181189434,12602.380135936954,138.17867937953363,216.64999999999998,17647.984860836503,0.28377526362305217,295.0694935090715,0.4682919868681224,0.6,1.3569699349930187,1.1837876773589466,0.004475102907645208,225.12698845192534,226.15215569052882,0.0,2.8290995586867953
113.4484759334995,12581.665171469678,137.90304460611702,216.64999999999998,17705.49802147363,0.28470006112544655,295.0694935090715,0.46735785175934286,0.6,1.3569699349930187,1.1829120974791731,0.004456602883845004,225.0932028873473,226.11428425817599,0.0,2.8232457700765914
113.59854005510465,12560.99147270194,137.62870361877182,216.64999999999998,17763.083856573183,0.2856260272153537,295.0694935090715,0.46642810133315465,0.6,1.3569699349930187,1.1820423080248263,0.004438230643067552,225.05964289436955,226.07666567699516,0.0,2.817420377907479
113.7486041767098,12540.358846142894,137.35564790050196,216.64999999999998,17820.742396598707,0.2865531623826199,295.0694935090715,0.46550270672518423,0.6,1.3569699349930187,1.1811782816654983,0.0044199850393388624,225.02630648870945,226.0392977227339,0.0,2.811623194196729
113.89866829831496,12519.767099546227,137.08386897037732,216.64999999999998,17878.47367247191,0.2874814671244587,295.0694935090715,0.46458163919328677,0.6,1.3569699349930187,1.1803199906364912,0.0044018649425293125,224.9931917031546,226.00217819027432,0.0,2.8058540336032665
114.04873241992013,12499.216041929732,136.81335838753964,216.64999999999998,17936.277715486343,0.28841094194406264,295.0694935090715,0.4636648701311222,0.6,1.3569699349930187,1.179467406809873,0.004383869233314817,224.96029658790917,225.96530489402144,0.0,2.8001127118644007
114.19879654152528,12478.705483612712,136.54410775870332,216.64999999999998,17994.154557169204,0.28934158734838133,295.0694935090715,0.46275237109357586,0.6,1.3569699349930187,1.1786205018230678,0.00436599679503668,224.92761921135974,225.92867566876163,0.0,2.7943990432203747
114.34886066313044,12458.235236148956,136.27610872959372,216.64999999999998,18052.104229437067,0.29027340385062544,295.0694935090715,0.4618441137677423,0.6,1.3569699349930187,1.1777792469501063,0.004348246525120233,224.8951576588879,225.89228836833138,0.0,2.7887128440790656
114.49892478473559,12437.80511232078,136.0093529848334,216.64999999999998,18110.12676458124,0.29120639197003134,295.0694935090715,0.4609400699725402,0.6,1.3569699349930187,1.1769436131066011,0.0043306173350618265,224.86291003271663,225.85614086544552,0.0,2.7830539330522353
114.64898890634076,12417.414926190733,135.7438322576022,216.64999999999998,18168.222195088692,0.2921405522289815,295.0694935090715,0.4600402116914501,0.6,1.3569699349930187,1.1761135710133928,0.004313108139047869,224.83087445293637,225.82023105284702,0.0,2.777422127331592
114.79905302794592,12397.06449305576,135.47953832425736,216.64999999999998,18226.390553739122,0.29307588515456534,295.0694935090715,0.45914451105428233,0.6,1.3569699349930187,1.1752890911185323,0.004295717861732959,224.7990490567093,225.78455684241516,0.0,2.7718172452016585
114.94911714955107,12376.753629414,135.21646300024253,216.64999999999998,18284.631873668008,0.2940123912795933,295.0694935090715,0.4582529403233123,0.6,1.3569699349930187,1.174470143538561,0.004278445443188635,224.76743199763743,225.74911616445723,0.0,2.7662391076684507
115.09918127115623,12356.482153006058,134.95459814779505,216.64999999999998,18342.946188216698,0.29495007114018607,295.0694935090715,0.4573654719194008,0.6,1.3569699349930187,1.173656698190696,0.004261289829464407,224.73602144655135,225.71390696859274,0.0,2.7606875354469795
115.2492453927614,12336.249882810776,134.69393567698134,216.64999999999998,18401.333530911448,0.29588892527543753,295.0694935090715,0.4564820784255027,0.6,1.3569699349930187,1.1728487248182178,0.004244249972478605,224.7048155914918,225.67892722373244,0.0,2.755162348940217
115.39930951436655,12316.056638988124,134.43446753819043,216.64999999999998,18459.79393559584,0.2968289542295443,295.0694935090715,0.4556027325612278,0.6,1.3569699349930187,1.1720461928767598,0.004227324839360107,224.67381263667124,225.64417491691475,0.0,2.7496633712914034
115.5493736359717,12295.90224289779,134.17618572597036,216.64999999999998,18518.32743634585,0.2977701585504396,295.0694935090715,0.4547274071958418,0.6,1.3569699349930187,1.171249071603657,0.004210513407513675,224.64301080279859,225.60964805366942,0.0,2.744190426820508
115.69943775757686,12275.786517133785,133.91908228606087,216.64999999999998,18576.93406733697,0.29871253878765697,295.0694935090715,0.45385607537210115,0.6,1.3569699349930187,1.1704573301407177,0.004193814656837357,224.61240832778006,225.57534465880335,0.0,2.7387433385116093
115.84950187918201,12255.709285458961,133.6631493067783,216.64999999999998,18635.61386300216,0.29965609549487,295.0694935090715,0.45298871027705556,0.6,1.3569699349930187,1.169670937402437,0.004177227580721492,224.5820034655545,225.54126277509488,0.0,2.73332193161486
115.99956600078718,12235.670372799157,133.40837891884883,216.64999999999998,18694.36685801806,0.3006008292296705,295.0694935090715,0.4521252852414829,0.6,1.3569699349930187,1.1688898620801165,0.004160751185966314,224.55179448594242,225.50740046312478,0.0,2.72792603365861
116.14963012239234,12215.669605292067,133.15476330463127,216.64999999999998,18753.193087130112,0.3015467405507567,295.0694935090715,0.45126577377114596,0.6,1.3569699349930187,1.168114072800642,0.004144384481791493,224.52177967560684,225.47375580235314,0.0,2.722555470878342
116.2996942439975,12195.70681024184,132.9022946925714,216.64999999999998,18812.092585253307,0.302493830019553,295.0694935090715,0.4504101495279975,0.6,1.3569699349930187,1.1673435380443224,0.004128126487409004,224.49195733725998,225.4403268902301,0.0,2.7172100707123934
116.44975836560265,12175.781816087012,132.65096535312637,216.64999999999998,18871.065387535695,0.30344209820123147,295.0694935090715,0.4495583863163686,0.6,1.3569699349930187,1.1665782260853772,0.004111976236723454,224.46232578905187,225.40711184151064,0.0,2.7118896633798912
116.59982248720782,12155.894452439776,132.400767606169,216.64999999999998,18930.11152921132,0.3043915456623469,295.0694935090715,0.44871045810806104,0.6,1.3569699349930187,1.1658181051209373,0.00409593276916456,224.4328833653153,225.37410878908958,0.0,2.7065940788949905
116.74988660881297,12136.04455008057,132.15169382170157,216.64999999999998,18989.23104558405,0.30534217297057675,295.0694935090715,0.4478663390447673,0.6,1.3569699349930187,1.1650631432912482,0.004079995129679994,224.40362841651697,225.34131588394683,0.0,2.7013231470781625
116.89995073041813,12116.231940902815,131.9037364123969,216.64999999999998,19048.423972160577,0.30629398069686004,295.0694935090715,0.4470260034127917,0.6,1.3569699349930187,1.164313308564768,0.004064162377698026,224.3745593082519,225.30873129402013,0.0,2.696076700542717
117.05001485202328,12096.456457930683,131.6568878372858,216.64999999999998,19107.690344567152,0.307246969414058,295.0694935090715,0.44618942565554714,0.6,1.3569699349930187,1.1635685688059114,0.004048433582290733,224.34567442155168,225.2763532045506,0.0,2.6908545731300153
117.20007897362844,12076.71793535126,131.41114060836512,216.64999999999998,19167.030198421715,0.30820113969489843,295.0694935090715,0.4453565803959502,0.6,1.3569699349930187,1.1628288918923326,0.004032807814725598,224.31697215353017,225.24417981880651,0.0,2.6856565974564264
117.3501430952336,12057.016208450945,131.16648728200101,216.64999999999998,19226.443569493244,0.3091564921145377,295.0694935090715,0.44452744240728664,0.6,1.3569699349930187,1.1620942455811327,0.004017284159083942,224.28845091625058,225.21220935681356,0.0,2.680482608459034
117.50020721683876,12037.351113609851,130.9229204587314,216.64999999999998,19285.930493688746,0.31011302725035167,295.0694935090715,0.44370198661254134,0.6,1.3569699349930187,1.1613645975123195,0.0040018617121169,224.26010913658163,225.18044005519326,0.0,2.6753324433848897
117.65027133844391,12017.722488348094,130.680432792085,216.64999999999998,19345.491006882625,0.31107074567919196,295.0694935090715,0.44288018811428714,0.6,1.3569699349930187,1.160639915362919,0.003986539572617806,224.23194525710124,225.14887016817624,0.0,2.67020593826875
117.80033546004907,11998.130171281207,130.439016982935,216.64999999999998,19405.125145020258,0.31202964797905136,295.0694935090715,0.44206202217554835,0.6,1.3569699349930187,1.1599201667615493,0.003971316848811997,224.20395773531467,225.11749796672567,0.0,2.6651029304155704
117.95039958165424,11978.574002089359,130.19866577547398,216.64999999999998,19464.832944181693,0.31298973473008823,295.0694935090715,0.4412474642061607,0.6,1.3569699349930187,1.1592053192285745,0.003956192662831623,224.17614504306846,225.08632173788033,0.0,2.6600232599315325
118.1004637032594,11959.053821554824,129.9593719643392,216.64999999999998,19524.61444043746,0.31395100651230784,295.0694935090715,0.4404364897869179,0.6,1.3569699349930187,1.158495340302055,0.00394116614179972,224.1485056672573,225.05533978554712,0.0,2.6549667667619596
118.25052782486455,11939.569471555707,129.72112839505752,216.64999999999998,19584.469669836722,0.31491346390537184,295.0694935090715,0.4396290746710806,0.6,1.3569699349930187,1.1577901975533642,0.003926236417922493,224.12103810975384,225.02455043042218,0.0,2.6499332907349644
118.4005919464697,11920.12079501276,129.48392795668386,216.64999999999998,19644.398668540252,0.3158771074907366,295.0694935090715,0.4388251947594273,0.6,1.3569699349930187,1.1570898584718452,0.003911402637107103,224.09374088644103,224.99395200890626,0.0,2.6449226744880243
118.55065606807487,11900.707635906461,129.24776358535706,216.64999999999998,19704.401472738766,0.31684193785034,295.0694935090715,0.43802482611230537,0.6,1.3569699349930187,1.1563942905310494,0.003896663954215878,224.06661252750814,224.96354287343667,0.0,2.639934761900841
118.70072018968003,11881.329839307007,129.01262827052446,216.64999999999998,19764.478118529965,0.3178079555646241,295.0694935090715,0.43722794497072653,0.6,1.3569699349930187,1.1557034613009054,0.0038820195259301115,224.03965157804916,224.93332139315783,0.0,2.634969395698747
118.85078431128518,11861.987251312863,128.77851504641995,216.64999999999998,19824.628642078478,0.31877516121510735,295.0694935090715,0.4364345277274855,0.6,1.3569699349930187,1.155017338312785,0.0038674685210227577,224.01285659696794,224.90328595269423,0.0,2.630026420948211
119.00084843289034,11842.679719045509,128.5454169918539,216.64999999999998,19884.853079603497,0.3197435553841855,295.0694935090715,0.43564455092644794,0.6,1.3569699349930187,1.1543358890624815,0.0038530101201590134,223.98622615684422,224.87343495200008,0.0,2.6251056850243013
119.15091255449549,11823.407090693392,128.31332723866072,216.64999999999998,19945.15146721236,0.3207131386524555,295.0694935090715,0.43485799129118,0.6,1.3569699349930187,1.1536590811599106,0.003838643505605419,223.95975884478707,224.843766807316,0.0,2.6202070341332497
119.30097667610066,11804.169215468422,128.0822389660043,216.64999999999998,20005.52384100631,0.3216839116004166,295.0694935090715,0.43407482570564887,0.6,1.3569699349930187,1.152986882241166,0.003824367868456248,223.93345326167065,224.81427995031248,0.0,2.6153303157854006
119.45104079770582,11784.965943576592,127.85214539643148,216.64999999999998,20065.97023714395,0.32265587480949026,295.0694935090715,0.4332950312008478,0.6,1.3569699349930187,1.1523192599087382,0.003810182412902823,223.90730802157657,224.78497282746466,0.0,2.6104753802828284
119.60110491931097,11765.79712625379,127.62303980274025,216.64999999999998,20126.49069170013,0.32362902885975126,295.0694935090715,0.43251858497807283,0.6,1.3569699349930187,1.1516561818545727,0.003796086347550189,223.88132175246767,224.75584390080763,0.0,2.6056420777778926
119.75116904091612,11746.662615758965,127.39491550820195,216.64999999999998,20187.085240657718,0.32460337432979514,295.0694935090715,0.431745464409676,0.6,1.3569699349930187,1.1509976158716582,0.0037820788856060728,223.8554930961026,224.72689164784066,0.0,2.6008302583493164
119.9012331625213,11727.56226532313,127.16776587933442,216.64999999999998,20247.753920040203,0.3255789117988709,295.0694935090715,0.43097564701457297,0.6,1.3569699349930187,1.1503435297388527,0.003768159253184024,223.82982070711,224.69811456048953,0.0,2.5960397748741424
120.05129728412645,11708.495929165869,126.94158432934265,216.64999999999998,20308.496765831496,0.3265556418455909,295.0694935090715,0.4302091104699036,0.6,1.3569699349930187,1.1496938912857386,0.0037543266846417223,223.8043032532749,224.66951114542746,0.0,2.5912704814570975
120.2013614057316,11689.463462523403,126.7163643239966,216.64999999999998,20369.31381385773,0.32753356504603054,295.0694935090715,0.4294458326309524,0.6,1.3569699349930187,1.149048668500059,0.0037405804157362634,223.77893941609634,224.64107992470008,0.0,2.5865222310874745
120.35142552733676,11670.464721589464,126.49209937322847,216.64999999999998,20430.205099947005,0.32851268197629696,295.0694935090715,0.4286857915026707,0.6,1.3569699349930187,1.1484078293923474,0.003726919693582207,223.7537278897346,224.6128194345456,0.0,2.5817948790900376
120.50148964894191,11651.499563510442,126.26878303092413,216.64999999999998,20491.170659917727,0.3294929932123413,295.0694935090715,0.4279289652389706,0.6,1.3569699349930187,1.147771341998602,0.0037133437764016687,223.72866738088857,224.58472822525718,0.0,2.57708828307159
120.65155377054708,11632.56784642723,126.0464089030297,216.64999999999998,20552.21052941617,0.33047449932734696,295.0694935090715,0.427175332170198,0.6,1.3569699349930187,1.147139174525839,0.0036998519235457066,223.70375660960482,224.55680486208976,0.0,2.572402299484551
120.80161789215224,11613.669429432977,125.82497064185118,216.64999999999998,20613.324744023812,0.3314572008934552,295.0694935090715,0.42642487078381375,0.6,1.3569699349930187,1.1465112952622751,0.003686443402574666,223.6789943085354,224.52904792442823,0.0,2.5677367860937883
120.95168201375739,11594.804172545148,125.60446194220636,216.64999999999998,20674.513339320452,0.33244109848278064,295.0694935090715,0.4256775597113526,0.6,1.3569699349930187,1.145887672517935,0.003673117493339449,223.65437922240986,224.5014560051957,0.0,2.563091603423969
121.10174613536255,11575.97193673988,125.38487654805792,216.64999999999998,20735.776350745826,0.3334261926651854,295.0694935090715,0.42493337775090306,0.6,1.3569699349930187,1.145268274744995,0.003659873479512908,223.6299101086799,224.47402771157587,0.0,2.5584666118358155
121.25181025696772,11557.172583944744,125.16620825255131,216.64999999999998,20797.11381359486,0.3344124840082033,295.0694935090715,0.42419230386723544,0.6,1.3569699349930187,1.1446530705458526,0.0036467106488724823,223.6055857374239,224.44676166490615,0.0,2.5538616716346634
121.40187437857287,11538.405976990058,124.94845089095051,216.64999999999998,20858.525763149155,0.33539997307915376,295.0694935090715,0.42345431716786114,0.6,1.3569699349930187,1.1440420285586061,0.0036336283013154867,223.58140489046446,224.41965649968853,0.0,2.5492766458926592
121.55193850017803,11519.671979624842,124.73159834397721,216.64999999999998,20920.01223459854,0.33638866044388066,295.0694935090715,0.4227193969143493,0.6,1.3569699349930187,1.143435117520668,0.003620625744274551,223.5573663616475,224.39271086390224,0.0,2.5447113988734507
121.70200262178318,11500.970456543231,124.51564454337654,216.64999999999998,20981.573262927028,0.3373785466649183,295.0694935090715,0.42198752254118904,0.6,1.3569699349930187,1.1428323063718255,0.00360770228614528,223.53346895736405,224.3659234195889,0.0,2.5401657937397695
121.85206674338835,11482.301273327741,124.30058346366529,216.64999999999998,21043.208883072068,0.33836963230405226,295.0694935090715,0.42125867362782404,0.6,1.3569699349930187,1.1422335641190238,0.003594857245957133,223.50971149554204,224.33929284172214,0.0,2.5356396959648415
122.0021308649935,11463.664296444853,124.08640912193687,216.64999999999998,21104.91912991333,0.33936191792213916,295.0694935090715,0.4205328298979915,0.6,1.3569699349930187,1.1416388598388734,0.003582089953076971,223.4860928055357,224.3128178180838,0.0,2.531132973258803
122.15219498659866,11445.05939328494,123.87311558565489,216.64999999999998,21166.70403811414,0.3403554040765567,295.0694935090715,0.4198099712461349,0.6,1.3569699349930187,1.1410481628193498,0.0035693997375200568,223.46261172889493,224.2864970501263,0.0,2.526645492169671
122.30225910820381,11426.486432121414,123.66069696698001,216.64999999999998,21228.563642229892,0.3413500913229471,295.0694935090715,0.4190900777181774,0.6,1.3569699349930187,1.1404614424686246,0.0035567859368996623,223.43926711864796,224.2603292521684,0.0,2.5221771205472217
122.45232322980897,11407.945282084236,123.4491474190352,216.64999999999998,21290.497976770577,0.3423459802162226,295.0694935090715,0.41837312949886474,0.6,1.3569699349930187,1.1398786682563362,0.0035442479003354992,223.41605783880365,224.23431315083755,0.0,2.5177277289528712
122.60238735141414,11389.435813192938,123.23846114232322,216.64999999999998,21352.507076065023,0.34334307130838226,295.0694935090715,0.4176591069335144,0.6,1.3569699349930187,1.139299809831396,0.003531784980183126,223.39298276496996,224.208447485763,0.0,2.51329718775082
122.75245147301929,11370.957896349179,123.02863238461333,216.64999999999998,21414.590974259234,0.34434136514848557,295.0694935090715,0.4169479905276314,0.6,1.3569699349930187,1.1387248370270089,0.0035193965324072634,223.37004078425227,224.18273100946192,0.0,2.508885367249142
122.90251559462445,11352.511403290324,122.81965543405835,216.64999999999998,21476.74970544649,0.345340862284744,295.0694935090715,0.416239760923582,0.6,1.3569699349930187,1.1381537197471678,0.003507081924332785,223.34723079441486,224.1571624863993,0.0,2.5044921404765996
123.0525797162296,11334.096206604983,122.61152462244559,216.64999999999998,21538.983303590332,0.3463415632632829,295.0694935090715,0.4155343989116112,0.6,1.3569699349930187,1.1375864280291732,0.003494840530130627,223.32455170415358,224.13174069329386,0.0,2.500117381601496
123.20264383783477,11315.712179757915,122.40423433048025,216.64999999999998,21601.29180241468,0.3473434686263748,295.0694935090715,0.4148318854477483,0.6,1.3569699349930187,1.1370229321426706,0.0034826717245001397,223.30200243358718,224.1064644196685,0.0,2.4957609636873626
123.35270795943993,11297.35919703573,122.1977789797087,216.64999999999998,21663.675235561903,0.34834657891498055,295.0694935090715,0.4141322016264345,0.6,1.3569699349930187,1.1364632024550412,0.003470574892077152,223.27958191329338,224.08133246677008,0.0,2.4914227620695186
123.50277208104508,11279.037133542919,121.99215303234475,216.64999999999998,21726.133636582144,0.3493508946685784,295.0694935090715,0.41343532867993443,0.6,1.3569699349930187,1.1359072094338731,0.0034585494270940684,223.25728908421118,224.05634364745967,0.0,2.48710265426192
123.65283620265024,11260.745865240055,121.78735099877696,216.64999999999998,21788.667038778338,0.3503564164226711,295.0694935090715,0.4127412480037784,0.6,1.3569699349930187,1.13535492378509,0.003446594723959672,223.23512289837439,224.03149678703502,0.0,2.482800516592163
123.8029003242554,11242.485268904375,121.58336743194808,216.64999999999998,21851.275475315262,0.3513631447105404,295.0694935090715,0.4120499411377143,0.6,1.3569699349930187,1.1348063163608773,0.0034347101840914115,223.21308231822056,224.00679072245575,0.0,2.4785162266652643
123.95296444586056,11224.255222104763,121.3801969237428,216.64999999999998,21913.958979281273,0.35237108006423884,295.0694935090715,0.4113613897534654,0.6,1.3569699349930187,1.1342613581017997,0.003422895219664258,223.19116631612337,223.98222430181914,0.0,2.474249664738561
124.10302856746571,11206.055603233523,121.1778341112086,216.64999999999998,21976.717583555146,0.353380223012449,295.0694935090715,0.4106755756758133,0.6,1.3569699349930187,1.1337200201522941,0.0034111492455226764,223.16937387498737,223.95779638502708,0.0,2.470000710825078
124.25309268907087,11187.886291498866,120.97627367631812,216.64999999999998,22039.551320807033,0.35439057408049895,295.0694935090715,0.40999248088179224,0.6,1.3569699349930187,1.133182273863011,0.00339947167964159,223.14770398814323,223.93350584366834,0.0,2.465769244867196
124.40315681067602,11169.747166880745,120.77551033928017,216.64999999999998,22102.46022362691,0.3554021337924275,295.0694935090715,0.40931208747802017,0.6,1.3569699349930187,1.132648090678632,0.003387861950633937,223.12615565855202,223.90935156012674,0.0,2.4615551494720176
124.55322093228119,11151.638110146005,120.57553886171318,216.64999999999998,22165.444324448985,0.35641490266976883,295.0694935090715,0.40863437771145344,0.6,1.3569699349930187,1.1321174421994173,0.0033763194933005875,223.1047278990732,223.88533242788165,0.0,2.4573583083232053
124.70328505388635,11133.559002871963,120.37635405167394,216.64999999999998,22228.503655445522,0.3574288812298449,295.0694935090715,0.4079593339864297,0.6,1.3569699349930187,1.131590300276562,0.00336484374255125,223.08341973292832,223.86144735202757,0.0,2.4531786039824213
124.8533491754915,11115.50972739451,120.17795075577075,216.64999999999998,22291.638248683594,0.35844406998828643,295.0694935090715,0.4072869388379387,0.6,1.3569699349930187,1.1310666368785403,0.0033534341425711977,223.06223019278178,223.8376952482439,0.0,2.4490159212351927
125.00341329709666,11097.490166804606,119.9803238590181,216.64999999999998,22354.84813611472,0.35946046945886606,295.0694935090715,0.40661717493113014,0.6,1.3569699349930187,1.1305464240936542,0.0033420901464404308,223.04115832065534,223.814075042699,0.0,2.44487014697867
125.15347741870183,11079.500204984895,119.78346829208152,216.64999999999998,22418.133349423195,0.3604780801510594,295.0694935090715,0.4059500250858666,0.6,1.3569699349930187,1.1300296342648675,0.0033308112069631844,223.02020316862954,223.79058567283644,0.0,2.440741166887535
125.30354154030698,11061.539726571778,119.58737902572821,216.64999999999998,22481.493920135574,0.3614969025718058,295.0694935090715,0.40528547225791633,0.6,1.3569699349930187,1.1295162398971805,0.003319596783394681,222.99936379817947,223.76722608663053,0.0,2.436628867880272
125.45360566191214,11043.608615837804,119.39206746728068,216.64999999999998,22544.92988355714,0.3625169372888054,295.0694935090715,0.40462355510706205,0.6,1.3569699349930187,1.1290065239600915,0.0033084465004711173,222.978641018366,223.7439971909862,0.0,2.4325331966008514
125.60366978351729,11025.706762443082,119.19744466103124,216.64999999999998,22608.441258371426,0.36353818460248494,295.0694935090715,0.40396397215955054,0.6,1.3569699349930187,1.1284988691109636,0.00329735911968147,222.95802500934255,223.7208879784906,0.0,2.42845378110695
125.75373390512244,11007.834051116313,119.00376982063885,216.72276721082915,22672.02136325301,0.3644381316028591,295.1190425084335,0.40323988858576665,0.6,1.3569699349930187,1.1276191784134506,0.003286335970281911,223.01031001584104,223.77069596322914,0.0,2.424391193765807
125.90379802672761,10989.990287673843,118.81168265834876,216.8383513439897,22735.645548200493,0.3652660430776252,295.1977295154975,0.4024816954159917,0.6,1.3569699349930187,1.1265352790738818,0.003275383989828954,223.10561274915685,223.86354595913807,0.0,2.4203480825746833
126.05386214833277,10972.175230062572,118.62118414262471,216.95375017949038,22799.31188669871,0.366094061943594,295.27626945760477,0.40172948662796665,0.6,1.3569699349930187,1.1254712320932707,0.003264507248387344,223.20093027890383,223.95643494991936,0.0,2.41632605159154
126.20392626993792,10954.388642036009,118.43224536235127,217.06896524453865,22863.02077946293,0.36692219399942216,295.3546634910732,0.40098315686805047,0.6,1.3569699349930187,1.1244266021102,0.0032537088959261776,223.29626028575825,224.04936015106787,0.0,2.4123263739631566
126.35399039154308,10936.630291699817,118.24483805042415,217.18399803818915,22926.77261823316,0.3677504449124398,295.43291275162824,0.40024260313147003,0.6,1.3569699349930187,1.1234009638652873,0.00324299142420915,223.39160051582493,224.14231885482428,0.0,2.4083500862921077
126.50405451314825,10918.8999513175,118.0589345524345,217.29885003260162,22990.56778630534,0.3685788202259575,295.51101835529084,0.3995077246510418,0.6,1.3569699349930187,1.1223939016600177,0.0032323568311488464,223.48694877768403,224.23530842671258,0.0,2.4043980476989417
126.6541186347534,10901.197397217124,117.8745078114698,217.413522673644,23054.406658706805,0.369407325361931,295.5889813988191,0.3987784228412403,0.6,1.3569699349930187,1.1214050091063577,0.003221806693357355,223.58230294052072,224.3283263033707,0.0,2.400470965294925
126.80418275635856,10883.522409805755,117.69153137301184,217.52801738079825,23118.289601986962,0.37023596561862704,295.6668029596749,0.39805460131100157,0.6,1.3569699349930187,1.1204338892435466,0.0032113421323186693,223.6776609336916,224.42136999207585,0.0,2.396569380233852
126.95424687796371,10865.874773418995,117.50997936086294,217.6423355481342,23182.216974604962,0.37106474617603097,295.74448409671635,0.3973361657775975,0.6,1.3569699349930187,1.1194801541277113,0.0032009639254931303,223.77302074434968,224.51443706796445,0.0,2.3926937078180814
127.10431099956888,10848.254276173648,117.32982645283946,217.75647854526295,23246.189127313075,0.3718936721011797,295.82202585087475,0.3966230239799181,0.6,1.3569699349930187,1.1185434244155337,0.0031906725907002755,223.86838041506493,224.60752517124982,0.0,2.3888442680147817
127.25437512117404,10830.660709971815,117.15104788320765,217.8704477173097,23310.206402996067,0.37272274834643304,295.8994292451646,0.3959150856831944,0.6,1.3569699349930187,1.117623329435625,0.00318046836664306,223.96373804328695,224.70063200662278,0.0,2.3850212773440056
127.40443924277919,10813.093870440563,116.97361943445861,217.98424438530373,23374.26913674501,0.3735519797507819,295.9766952849767,0.3952122626473423,0.6,1.3569699349930187,1.1167195070665437,0.003170351243084612,224.05909178013007,224.7937553418431,0.0,2.3812248593513954
127.55450336438435,10795.553556739793,116.79751740543237,218.09786984742226,23438.377656416516,0.3743813710474285,296.05382495895003,0.3945144685147276,0.6,1.3569699349930187,1.1158316031816766,0.003160321048129671,224.15443982758362,224.88689300446163,0.0,2.377455076677064
127.7045674859895,10778.039571538644,116.6227186083212,218.21132537914252,23502.53228258318,0.375210926863472,296.13081923910147,0.39382161879665034,0.6,1.3569699349930187,1.114959271620611,0.0031503774485757956,224.2497804376649,224.98004288085255,0.0,2.373711930693849
127.85463160759467,10760.551721016134,116.44920037117808,218.32461223323693,23566.733328395887,0.3760406517184538,296.2076790808484,0.3931336308786035,0.6,1.3569699349930187,1.114102174262955,0.0031405199405536407,224.34511191200173,225.07320291574618,0.0,2.3699953574882278
128.00469572919982,10743.089814676663,116.27694050741526,218.43773164096757,23630.981100128174,0.3768705500317137,296.28440542384504,0.3924504239130544,0.6,1.3569699349930187,1.1132599804970835,0.003130747915929407,224.4404325992173,225.16637110915283,0.0,2.36630525244553
128.154759850805,10725.653665283997,116.10591730523498,218.55068481251305,23695.275897291944,0.37770062612418975,296.3609991922962,0.39177191878037476,0.6,1.3569699349930187,1.1124323670522107,0.003121060678101295,224.53574089364326,225.25954551486882,0.0,2.3626414759204923
128.30482397241013,10708.243088877838,115.93610953263915,218.66347293686056,23759.618012450796,0.37853088421630826,296.43746129490853,0.39109803810288674,0.6,1.3569699349930187,1.1116190181173782,0.003111457425864783,224.63103523512376,225.35272424026982,0.0,2.359003846862491
128.4548880940153,10690.85790465129,115.76749641782045,218.77609718259902,23824.007731548376,0.37936132843252135,296.51379262545197,0.3904287061750775,0.6,1.3569699349930187,1.110819625008599,0.003101937286905468,224.72631410719748,225.44590544417719,0.0,2.355392155229712
128.60495221562044,10673.497934830963,115.60005762931337,218.88855869869502,23888.445334232714,0.3801919628057758,296.5899940633086,0.38976384889315574,0.6,1.3569699349930187,1.1100338858298842,0.0030924993444152228,224.82157603526693,225.53908733471178,0.0,2.3518061719088106
128.7550163372256,10656.163004683836,115.43377327872149,219.00085861444796,23952.931093714287,0.3810227912759611,296.6660664734646,0.38910339376157305,0.6,1.3569699349930187,1.1092615055492594,0.0030831426268982188,224.91681958628936,225.63226816895332,0.0,2.3482456447113664
128.90508045883078,10638.852942470337,115.26862391448039,219.11299803979313,24017.465276824365,0.38185381769094007,296.742010706738,0.3884472698690352,0.6,1.3569699349930187,1.1085021959106995,0.0030738661144408563,225.01204336790673,225.72544625192808,0.0,2.344710300616242
129.05514458043592,10621.567579286873,115.10459049561774,219.22497806632134,24082.048144489152,0.38268504581292373,296.8178276004904,0.3877954077965483,0.6,1.3569699349930187,1.107755674976443,0.0030646687679597713,225.107246026263,225.81861993403913,0.0,2.3411998568124397
129.2052087020411,10604.306749048492,114.94165438968778,219.33679976739074,24146.679951686176,0.38351647931816774,296.89351797872376,0.38714773960785775,0.6,1.3569699349930187,1.10702166711357,0.0030555495272838466,225.20242624541376,225.91178761039106,0.0,2.33771401992166
129.35527282364623,10587.07028849368,114.7797973757011,219.44846419809505,24211.360947318266,0.3843481217956086,296.96908265207946,0.3865041988568684,0.6,1.3569699349930187,1.1062999030741132,0.003046507302982263,225.2975827471125,226.00494772055407,0.0,2.3342524828192506
129.5053369452514,10569.858037032473,114.61900161889552,219.55997239624702,24276.091374677224,0.385179976753079,297.0445224185238,0.3858647204993801,0.6,1.3569699349930187,1.105590119554452,0.0030375409997364117,225.39271428875253,226.09809874613828,0.0,2.330814933530684
129.65540106685657,10552.669836693498,114.45924966224047,219.67132538272108,24340.871471541464,0.3860120476188028,297.11983806359933,0.38522924086186444,0.6,1.3569699349930187,1.104892059062159,0.0030286495211999313,225.48781966239912,226.19123920966726,0.0,2.327401057095227
129.8054651884617,10535.505532141864,114.30052443143363,219.78252416133662,24405.701470008167,0.38684433773947674,297.19503036036525,0.38459769765610813,0.6,1.3569699349930187,1.1042054700333566,0.0030198317595174534,225.5828976947472,226.28436767454465,0.0,2.3240105315430513
129.95552931006688,10518.364970578989,114.14280921881651,219.89356971950676,24470.58159677219,0.3876768503840879,297.2701000698545,0.3839700299222642,0.6,1.3569699349930187,1.10353010655969,0.0030110866066904688,225.67794724571132,226.37748274339532,0.0,2.320643032256131
130.10559343167205,10501.248001644517,113.98608766704886,220.00446302887303,24535.512073401467,0.38850958874767344,297.3450479415214,0.38334617797121145,0.6,1.3569699349930187,1.1028657281092216,0.0030024129648485182,225.77296720699852,226.4705830563888,0.0,2.317298235945064
130.2556575532772,10484.154477425225,113.83034377200134,220.1152050452473,24600.493116210233,0.3893425559499143,297.4198747132199,0.3827260833922399,0.6,1.3569699349930187,1.1022120996035742,0.0029938097391325044,225.8679565019518,226.56366729107083,0.0,2.3139758179403676
130.40572167488236,10467.084252418616,113.67556187804531,220.22579670884713,24665.52493630444,0.39017575503593677,297.49458111138017,0.3821096890349269,0.6,1.3569699349930187,1.1015689913546172,0.0029852758373998325,225.9629140849242,226.6567341616333,0.0,2.3106754521000497
130.5557857964875,10450.037183403234,113.52172665629368,220.33623894513534,24730.607739985302,0.3910091889816963,297.56916785159314,0.381496938933238,0.6,1.3569699349930187,1.1009361786832137,0.0029768101829387504,226.05783893954916,226.7497824168739,0.0,2.307396815757998
130.70584991809267,10433.013129426181,113.36882310324201,220.44653266490067,24795.741728710414,0.3918428606936826,297.64363563868096,0.38088777829895887,0.6,1.3569699349930187,1.1003134419161007,0.002968411712143368,226.15273007832997,226.84281083972618,0.0,2.304139588877186
130.85591403969784,10416.011951810975,113.21683654395504,220.55667876420617,24860.92709897704,0.39267677300762904,297.71798516667883,0.3802821535305301,0.6,1.3569699349930187,1.0997005664684445,0.0029600793670868236,226.24758654256098,226.93581824717748,0.0,2.3009034512119255
131.00597816130298,10399.033514031866,113.06575261104612,220.6666781252032,24926.16404271892,0.39351092869378956,297.7922171194004,0.37968001213984776,0.6,1.3569699349930187,1.0990973424747363,0.0029518121066056907,226.34240740068788,227.02880348833244,0.0,2.2976880866500506
131.15604228290815,10382.077681671166,112.9155572378111,220.7765316164072,24991.4527473888,0.3943453304581836,297.8663321706392,0.37908130272717416,0.6,1.3569699349930187,1.0985035646819505,0.0029436089081651055,226.43719174757135,227.12176544355418,0.0,2.2944931839978246
131.3061064045133,10365.144322438015,112.7662366631473,220.8862400925761,25056.793395806093,0.3951799809408365,297.940330984102,0.378485974995995,0.6,1.3569699349930187,1.097919032563394,0.0029354687593634286,226.53193870454436,227.21470302454347,0.0,2.291318433726882
131.45617052611846,10348.233306086106,112.61777741827112,220.9958043952425,25122.186166394204,0.39601488271899854,298.01421421378234,0.3778939797062299,0.6,1.3569699349930187,1.0973435500924098,0.0029273906630753323,226.6266474183047,227.30761517303267,0.0,2.2881635300233425
131.60623464772362,10331.34450433303,112.47016631319472,221.10522535323605,25187.63123341581,0.3968500383103271,298.0879825043278,0.37730526862672775,0.6,1.3569699349930187,1.096776925510126,0.002919373643093799,226.72131705978921,227.40050085946083,0.0,2.285028173048418
131.75629876932877,10314.47779087062,112.32339043970505,221.2145037826161,25253.12876685829,0.39768545017159784,298.1616364910082,0.3767197945436969,0.6,1.3569699349930187,1.0962189714018058,0.0029114167381447532,226.81594682411944,227.4933590829209,0.0,2.281912066659991
131.90636289093393,10297.633041336947,112.17743716784027,221.32364048685247,25318.6789324677,0.39852112069931145,298.23517679985184,0.37613751124711725,0.6,1.3569699349930187,1.095669504651913,0.0029035189999456414,226.91053593015053,227.58618887063216,0.0,2.2788149177014003
132.0564270125391,10280.810133208826,112.03229412771081,221.4326362575218,25384.28189209466,0.39935705223427204,298.3086040481279,0.3755583734676187,0.6,1.3569699349930187,1.0951283461233863,0.0028956795011818052,227.00508361908476,227.67898927630188,0.0,2.2757364391808377
132.20649113414424,10264.008945793192,111.88794920868312,221.54149187436292,25449.93780365845,0.4001932470612897,298.38191884439743,0.3749823368721995,0.6,1.3569699349930187,1.0945953206615755,0.002887897333196188,227.09958915418758,227.77175937980033,0.0,2.2726763494280573
132.3565552557494,10247.229360237168,111.74439056271748,221.65020810521116,25515.646821038205,0.4010297074079553,298.45512178848156,0.37440935807398196,0.6,1.3569699349930187,1.0940702571770944,0.0028801715990795017,227.1940518207996,227.86449828718213,0.0,2.269634369430916
132.50661937735455,10230.471259423495,111.60160658672369,221.75878570667584,25581.40909441407,0.40186643544914163,298.52821347193094,0.37383939457104953,0.6,1.3569699349930187,1.0935529883335864,0.0028725014212331343,227.28847092501383,227.95720512912172,0.0,2.266610225859627
132.65668349895972,10213.734527936012,111.45958591698395,221.8672254243632,25647.224770337354,0.40270343330804603,298.6011944781879,0.3732724047261834,0.6,1.3569699349930187,1.093043350461083,0.002864885942428982,227.3828457931103,228.0498790602524,0.0,2.2636036515453393
132.8067476205649,10197.019052078951,111.31831743396279,221.97552799275118,25713.093991590154,0.40354070305455264,298.67406538251424,0.37270834778170825,0.6,1.3569699349930187,1.092541183665558,0.002857324318148429,227.4771757716767,228.14251925931697,0.0,2.26061438251171
132.95681174217003,10180.32471980905,111.17779025126548,222.0836941356291,25779.01689738876,0.40437824670796646,298.7468267522992,0.3721471838207896,0.6,1.3569699349930187,1.0920463316395561,0.002849815720027285,227.57146022672939,228.23512492812904,0.0,2.257642159381105
133.1068758637752,10163.651420668793,111.03799370435327,222.1917245665296,25844.993623585528,0.4052160662397184,298.81947914736173,0.37158887372799176,0.6,1.3569699349930187,1.0915586414669232,0.0028423593401603166,227.66569854281423,228.32769529051305,0.0,2.2546867291321147
133.25693998538034,10146.999045797837,110.89891735356098,222.29961998865454,25911.024302563877,0.4060541635721688,298.89202311991147,0.3710333791981789,0.6,1.3569699349930187,1.0910779636974186,0.0028349543856147595,227.75989012302145,228.42022959232986,0.0,2.251747842981619
133.4070041069855,10130.36748791163,110.7605509815024,222.40738109501308,25977.109063263037,0.4068925405790586,298.9644592146534,0.37048066272645963,0.6,1.3569699349930187,1.0906041523156755,0.00282760007620577,227.8540343886618,228.512727101097,0.0,2.248825255546473
133.55706822859068,10113.756641211783,110.62288457776458,222.51500856900202,26043.248031475694,0.4077311990894185,299.0367879691883,0.3699306875552809,0.6,1.3569699349930187,1.0901370644687298,0.0028202956510704497,227.94813077814138,228.60518710465715,0.0,2.245918727501278
133.70713235019582,10097.166401380413,110.48590833851108,222.62250308444254,26109.441329814963,0.4085701408872764,299.10900991404844,0.3693834176719055,0.6,1.3569699349930187,1.0896765604748992,0.002813040366444052,228.04217874676942,228.69760891095848,0.0,2.2430280247485266
133.857196471801,10080.5966655919,110.34961266990398,222.72986530550315,26175.689077611278,0.40940936771047726,299.18112557265596,0.36883881781875855,0.6,1.3569699349930187,1.0892225039057606,0.0028058334891419958,228.13617776682997,228.7899918481441,0.0,2.240152915867223
134.00726059340616,10064.047332425247,110.21398817317802,222.8370958872678,26241.991391207936,0.4102488812545528,299.25313546171503,0.3682968534419191,0.6,1.3569699349930187,1.0887747613194971,0.0027986743030867867,228.23012732650307,228.88233526327414,0.0,2.2372931747552793
134.1573247150113,10047.518301836117,110.07902564008799,222.94419547591644,26308.348384020494,0.41108868317359065,299.32504009134277,0.3677574906746726,0.6,1.3569699349930187,1.0883332021899068,0.002791562110154068,228.32402692942588,228.97463852181207,0.0,2.2344485810180013
134.30738883661647,10031.009475176335,109.94471605759828,223.0511647085985,26374.760166406646,0.4119287750787051,299.39683996499406,0.36722069635221666,0.6,1.3569699349930187,1.0878976990115903,0.002784496222960606,228.4178760948548,229.06690100782146,0.0,2.2316189171297145
134.4574529582216,10014.52075513762,109.81105059864012,223.15800421379726,26441.22684584085,0.41276915854036267,299.468535579716,0.3666864379794229,0.6,1.3569699349930187,1.0874681271399411,0.00277747596788261,228.51167435695896,229.15912212313026,0.0,2.2288039696777897
134.60751707982678,9998.052045695955,109.6780206126219,223.26471461168995,26507.748527088814,0.4136098350906993,299.54012742639867,0.36615468369783405,0.6,1.3569699349930187,1.0870443646253096,0.0027705006889396553,228.60542126409447,229.25130128647356,0.0,2.226003530963295
134.75758120143195,9981.603252123734,109.54561762845599,223.37129651406883,26574.325312110315,0.4144508062223999,299.6116159897313,0.3656254022948512,0.6,1.3569699349930187,1.0866262922855157,0.0027635697425854523,228.69911637886588,229.34343793357203,0.0,2.2232173969554823
134.9076453230371,9965.174280973717,109.41383335269568,223.47775052444484,26640.957300075683,0.41529207338901475,299.68300174828113,0.36509856319644673,0.6,1.3569699349930187,1.0862137936854428,0.002756682495557731,228.7927592778955,229.43553151686095,0.0,2.2204453664622226
135.05770944464226,9948.76504000367,109.28265965654177,223.58407723853588,26707.644587624432,0.4161336380083306,299.7542851748291,0.36457413642244885,0.6,1.3569699349930187,1.0858067549032884,0.0027498383309875673,228.88634955090046,229.5275815043964,0.0,2.2176872436242463
135.2077735662474,9932.375438173112,109.15208857577313,223.69027724428736,26774.387268833427,0.4169755014620676,299.8254667363927,0.3640520925853838,0.6,1.3569699349930187,1.0854050645429454,0.002743036646257173,228.97988680056582,229.61958737971065,0.0,2.2149428370960074
135.35783768785257,9916.005385656255,109.02211231420894,223.7963511217882,26841.185435119085,0.41781766509474616,299.8965468941779,0.36353240290118677,0.6,1.3569699349930187,1.0850086138145782,0.002736276846797973,229.07337064265698,229.71154864194835,0.0,2.2122119575787194
135.50790180945773,9899.654793768044,108.89272323097744,223.90229944375,26908.039175494694,0.41866013021703,299.9675261039084,0.36301503914546107,0.6,1.3569699349930187,1.0846172963046512,0.0027295583522808885,229.16680070512896,229.80346480481012,0.0,2.209494420350162
135.65796593106288,9883.323574941365,108.7639138367805,224.00812277565433,26974.948576621326,0.41950289810646096,300.0384048159327,0.3624999736400575,0.6,1.3569699349930187,1.0842310079172317,0.0027228805974011863,229.26017662778332,229.89533539615005,0.0,2.2067900456222893
135.80803005266804,9867.011642746676,108.63567679846297,224.11382167562533,27041.913722685385,0.4203459700060077,300.1091834751463,0.36198717926757373,0.6,1.3569699349930187,1.0838496469750236,0.0027162430249689264,229.35349806245546,229.9871599582013,0.0,2.204098655779078
135.9580941742732,9850.718911844986,108.50800493121683,224.21939669473423,27108.934695549873,0.42118934712606365,300.1798625212037,0.36147662944429587,0.6,1.3569699349930187,1.0834731140828848,0.0027096450888487752,229.4467646724414,230.07893804689647,0.0,2.201420076594627
136.10815829587835,9834.445297941225,108.38089119053564,224.32484837730127,27176.011574906104,0.4220330306464433,300.25044238872795,0.3609682980923544,0.6,1.3569699349930187,1.0831013119855457,0.002703086257674957,229.53997613190455,230.17066923116633,0.0,2.1987541387750404
136.25822241748352,9818.190717796853,108.25432867523244,224.4301772608138,27243.14443818275,0.42287702171532243,300.3209235072633,0.3604621596490739,0.6,1.3569699349930187,1.0827341456379795,0.002696566009829844,229.63313212596933,230.26235309305446,0.0,2.196100675953586
136.40828653908866,9801.95508921804,108.12831062615477,224.53538387600264,27310.3333605555,0.42372132144944563,300.39130630133354,0.35995818906186083,0.6,1.3569699349930187,1.082371522193238,0.002690083831446957,229.72623235055912,230.35398922752663,0.0,2.193459523903843
136.55835066069383,9785.738330991813,108.00283041505632,224.64046874725568,27377.5784151732,0.4245659309370511,300.46159119072615,0.3594563617500734,0.6,1.3569699349930187,1.082013350799887,0.0026836392223171497,229.81927651163014,230.4455772415617,0.0,2.190830522972758
136.708414782299,9769.540362884674,107.87788154478403,224.74543239262655,27444.87967312721,0.42541085123756345,300.53177859050476,0.3589566536049257,0.6,1.3569699349930187,1.0816595426169513,0.0026772316938108885,229.91226432509282,230.53711675406265,0.0,2.1882135172680672
136.85847890390414,9753.361105656384,107.75345765275156,224.8502753237453,27512.23720335773,0.426256083380497,300.60186891095634,0.3584590410004073,0.6,1.3569699349930187,1.0813100108928753,0.002670860762942002,230.00519551695098,230.6286073960234,0.0,2.1856083522606617
137.0085430255093,9737.200480997008,107.62955249998302,224.95499804622594,27579.651072879566,0.42710162836836674,300.6718625578705,0.3579635007558032,0.6,1.3569699349930187,1.0809646707651956,0.0026645259584155722,230.09806982255776,230.72004880964533,0.0,2.18301487727868
137.15860714711445,9721.058411508293,107.50615996803135,225.0596010597871,27647.12134682586,0.42794748717731024,300.74175993262674,0.357470010124684,0.6,1.3569699349930187,1.0806234392115692,0.0026582268213859684,230.19088698634496,230.8114406480194,0.0,2.180432945849572
137.30867126871962,9704.93482072325,107.38327406343278,225.1640848581248,27714.648088332087,0.42879366075570535,300.81156143211575,0.3569785468091658,0.6,1.3569699349930187,1.0802862351470681,0.002651962898781996,230.28364676202622,230.90278257536926,0.0,2.1778624129921376
137.4587353903248,9688.829633066622,107.26088891107659,225.26844992916867,27782.23135866776,0.4296401500258939,300.8812674489172,0.35648908893700754,0.6,1.3569699349930187,1.0799529793065974,0.002645733746257095,230.37634891212613,230.99407426649236,0.0,2.1753031364458346
137.60879951192993,9672.742773815417,107.13899874732331,225.37269675533727,27849.871217369357,0.43048695588591573,300.950878371476,0.3560016150379108,0.6,1.3569699349930187,1.0796235941215528,0.0026395389318022945,230.46899320748997,231.08531540617972,0.0,2.1727549781813082
137.7588636335351,9656.674169111866,107.01759792300416,225.47682581345416,27917.56772215455,0.43133407920850125,301.02039458405295,0.35551610405294976,0.6,1.3569699349930187,1.0792980037882067,0.0026333780308687446,230.56157942739884,231.17650568935485,0.0,2.1702178024226475
137.90892775514027,9640.623745954917,106.89668090259157,225.58083757480267,27985.320928925987,0.43218152084118633,301.0898164667668,0.35503253533116563,0.6,1.3569699349930187,1.0789761342619497,0.0026272506245288304,230.65410735945903,231.26764482094342,0.0,2.1676914749089358
138.0589918767454,9624.591432145675,106.77624225457876,225.68473250547956,28053.130891970748,0.4330292816088728,301.15914439583645,0.3545508885967434,0.6,1.3569699349930187,1.0786579130799407,0.0026211563052513116,230.74657679895836,231.3587325151087,0.0,2.165175865295145
138.20905599835058,9608.577156287434,106.65627665186813,225.78851106639434,28120.99766393065,0.4338773623135182,301.2283787435861,0.3540711439497435,0.6,1.3569699349930187,1.0783432693779695,0.002615094674872499,230.8389875488232,231.4497684952037,0.0,2.162670846342588
138.35912011995572,9592.580847800093,106.53677887523665,225.8921737131759,28188.921295711618,0.43472576373306604,301.2975198783886,0.3535932818771214,0.6,1.3569699349930187,1.0780321339677716,0.002609065338889881,230.9313394197747,231.54075249395743,0.0,2.16017629158099
138.5091842415609,9576.602436866062,106.41774380381679,225.9957208965229,28256.901836683803,0.4355744866240068,301.3665681649048,0.3531172832203009,0.6,1.3569699349930187,1.0777244391607297,0.002603067912419973,231.0236322297003,231.63168425272812,0.0,2.1576920777883597
138.65924836316606,9560.641854414955,106.29916641253926,226.09915306230272,28324.939334719016,0.43642353172190257,301.43552396415487,0.35264312916608925,0.6,1.3569699349930187,1.0774201187266381,0.0025971020209335995,231.11586580343806,231.72256352124944,0.0,2.1552180853208243
138.8093124847712,9544.699032143062,106.18104177648023,226.20247065142516,28393.033836080103,0.43727289974006406,301.5043876334394,0.352170801260684,0.6,1.3569699349930187,1.0771191079877314,0.002591167293777154,231.20803997298896,231.81339005788385,0.0,2.152754195447706
138.95937660637637,9528.773902479792,106.06336506517016,226.30567410005986,28461.18538553656,0.4381225913710499,301.5731595264897,0.35170028139010734,0.6,1.3569699349930187,1.0768213437163134,0.0025852633671508527,231.30015457712588,231.90416362915778,0.0,2.150300291600973
139.1094407279815,9512.866398554017,105.946131536652,226.4087638398541,28529.394026481987,0.4389726072881858,301.6418399936177,0.351231551759841,0.6,1.3569699349930187,1.0765267640267213,0.0025793898876362723,231.39220946098337,231.99488400927572,0.0,2.147856260861783
139.25950484958668,9496.976454207223,105.82933654045621,226.5117402978475,28597.659800852212,0.4398229481445962,301.7104293816647,0.3507645949042807,0.6,1.3569699349930187,1.07623530844192,0.0025735465074367666,231.48420447618702,232.0855509802754,0.0,2.1454219920026825
139.40956897119185,9481.104003987592,105.71297551712992,226.61460389651035,28665.98274912459,0.44067361457324894,301.7789280340313,0.350299393684667,0.6,1.3569699349930187,1.075946917892769,0.0025677328826847856,231.57613948078173,232.17616433194277,0.0,2.1429973747960016
139.559633092797,9465.248983102958,105.59704398983659,226.71735505404814,28734.362910495212,0.4415246071892134,301.8473362908855,0.34983593126054424,0.6,1.3569699349930187,1.0756615345610876,0.002561948679105439,231.6680143386838,232.26672386116095,0.0,2.1405823023905715
139.70969721440215,9449.411327421964,105.4815375649034,226.81999418439415,28802.800322850086,0.44237592658935004,301.9156544891621,0.349374191091141,0.6,1.3569699349930187,1.0753791018980017,0.0025561935700244252,231.7598289196648,232.3572293718932,0.0,2.1381766705025176
139.8597613360073,9433.590973488826,105.36645193526489,226.92252169711344,28871.29502267691,0.44322757335126195,301.98388296250374,0.34891415694640854,0.6,1.3569699349930187,1.0750995646996733,0.0025504672308649364,231.85158309951842,232.44768067538135,0.0,2.135780375130238
140.00982545761246,9417.787858476458,105.25178287210832,227.0249379977067,28939.847045243987,0.444079548035568,302.05202204146764,0.34845581287867916,0.6,1.3569699349930187,1.0748228689504924,0.002544769345028413,231.94327675952283,232.53807758950654,0.0,2.133393315025626
140.15988957921763,9402.001920173778,105.13752622273822,227.12724348769217,29008.456424632677,0.4449318511863518,302.12007205358464,0.3479991432151215,0.6,1.3569699349930187,1.0745489617880688,0.002539099604604384,232.03490978626755,232.62841993858527,0.0,2.1310153920118373
140.30995370082277,9386.233097005012,105.02367791482422,227.2294385644806,29077.123193630916,0.44578448332988324,302.1880333232803,0.3475441325714908,0.6,1.3569699349930187,1.0742777915944204,0.0025334577040621604,232.12648207187047,232.71870755362772,0.0,2.128646508354589
140.46001782242794,9370.48132800094,104.91023395146645,227.33152362156142,29145.847383835615,0.4466374449759359,302.25590617200317,0.34709076583524473,0.6,1.3569699349930187,1.0740093079058706,0.0025278433432562963,232.21799351364885,232.8089402719463,0.0,2.1262865680328225
140.6100819440331,9354.746552769913,104.79719040601395,227.43349904869046,29214.62902575761,0.4474907366191322,302.323690918354,0.3466390281478657,0.6,1.3569699349930187,1.0737434613174108,0.0025222562308720043,232.3094440137722,232.89911793674426,0.0,2.123935478202982
140.76014606563825,9339.028711511095,104.68454342501245,227.535365231804,29283.468148742708,0.44834435873800527,302.3913878780323,0.3461889049143037,0.6,1.3569699349930187,1.0734802035477478,0.0025166960797658403,232.400833479401,232.98924039728104,0.0,2.121593147256659
140.91021018724342,9323.327745010589,104.57228922801386,227.63712255304375,29352.364780967237,0.4491983117949854,302.45899736385775,0.34574038180194566,0.6,1.3569699349930187,1.0732194874424772,0.002511162605405372,232.49216182264348,233.0793075088213,0.0,2.1192594841728414
141.06027430884856,9307.643594600431,104.46042410016481,227.73877139102248,29421.318949597342,0.45005259623841576,302.52651968595023,0.34529344471553813,0.6,1.3569699349930187,1.0729612668337378,0.002505655531426297,232.5834289600843,233.16931913207415,0.0,2.1169344008724105
141.21033843045373,9291.97620216065,104.34894439287986,227.84031212081072,29490.330680760293,0.45090721250223426,302.59395515172525,0.34484807979907495,0.6,1.3569699349930187,1.0727054965597118,0.0025001745876679755,232.67463481278773,233.2592751331985,0.0,2.114617811407204
141.3604025520589,9276.325510134218,104.2378465272532,227.9417451138395,29559.39999945864,0.45176216100494954,302.66130406583284,0.34440427344679675,0.6,1.3569699349930187,1.0724521325388814,0.0024947195048532385,232.7657793064709,233.349175384009,0.0,2.112309629722885
141.51046667366404,9260.69146148599,104.12712698664868,228.04307073816656,29628.52692973165,0.45261744215167754,302.72856673033885,0.34396201227815365,0.6,1.3569699349930187,1.0722011316290518,0.002489290020394379,232.85686237103826,233.43901976142175,0.0,2.110009772122483
141.6605307952692,9245.07399969211,104.01678231490365,228.14428935854488,29697.71149468353,0.4534730563345262,302.79574344477345,0.3435212831314954,0.6,1.3569699349930187,1.0719524515973549,0.0024838858790741094,232.9478839404414,233.52880814728928,0.0,2.1077181575715427
141.81059491687435,9229.473068759102,103.90680912048583,228.24540133629876,29766.95371638035,0.4543290039313561,302.86283450605316,0.3430820730775704,0.6,1.3569699349930187,1.0717060512090268,0.0024785068268890174,233.03884395289754,233.6185404286603,0.0,2.105434705100932
141.96065903847952,9213.888613198975,103.79720407216688,228.34640702948508,29836.253615941718,0.45518528530694957,302.9298402085912,0.34264436940479115,0.6,1.3569699349930187,1.071461890147176,0.002473152614077293,233.12974235060918,233.7082164974458,0.0,2.103159335097739
142.1107231600847,9198.320578003986,103.68796389445713,228.4473067930569,29905.611213635257,0.45604190081421186,302.9967608444098,0.34220815960373047,0.6,1.3569699349930187,1.0712199289272115,0.002467822998482263,233.2205790794668,233.7978362500661,0.0,2.100891970747435
142.26078728168983,9182.768908659926,103.57908537052481,228.54810097877706,29975.02652880003,0.45689885079325726,303.06359670308615,0.34177343137652416,0.6,1.3569699349930187,1.0709801289605836,0.0024625177409804775,233.31135408919337,233.8873995876234,0.0,2.0986325361038234
142.410851403295,9167.233551143818,103.47056534222273,228.64878993523317,30044.499579839405,0.45775613557135486,303.13034807176615,0.3413401726366443,0.6,1.3569699349930187,1.070742452560994,0.0024572366040414074,233.40206733332283,233.9769064158757,0.0,2.096380955482231
142.56091552490017,9151.714451887801,103.36240070347935,228.74937400807153,30114.03038436519,0.45861375546473887,303.1970152353226,0.3409083714866253,0.6,1.3569699349930187,1.070506862817512,0.0024519793571795906,233.49271876878908,234.0663566447478,0.0,2.094137155792
142.7109796465053,9136.2115577819,103.25458840107166,228.84985353997905,30183.618959169165,0.4594717107782873,303.26359847634683,0.3404780162203511,0.6,1.3569699349930187,1.0702733236150235,0.0024467457750109,233.58330835594364,234.15575018835344,0.0,2.0919010657222623
142.86104376811048,9120.724816189015,103.14712543799784,228.95022887058605,30253.265320139388,0.46033000180452055,303.3300980750872,0.34004909533397015,0.6,1.3569699349930187,1.0700417997071239,0.0024415356320992673,233.6738360587326,234.24508696520516,0.0,2.0896726135488306
143.01110788971562,9105.25417490858,103.0400088668335,229.05050033670176,30322.96948240704,0.46118862882544137,303.39651430960885,0.3396215975035351,0.6,1.3569699349930187,1.0698122565879824,0.002436348708687628,233.76430184428793,234.33436689772793,0.0,2.087451729589746
143.1611720113208,9089.79958216766,102.93323578820997,229.15066827237175,30392.731460371266,0.4620475921128694,303.4628474558346,0.3391955115796858,0.6,1.3569699349930187,1.0695846604664347,0.0024311847913472497,233.85470568281292,234.42358991212365,0.0,2.0852383464971984
143.31123613292596,9074.360986639786,102.82680335488689,229.25073300875607,30462.55126759896,0.4629068919272336,303.52909778746755,0.33877082660090363,0.6,1.3569699349930187,1.0693589783526962,0.0024260436669586018,233.94504754780067,234.51275593863087,0.0,2.083032396688352
143.4613002545311,9058.938337423142,102.72070876791437,229.35069487427026,30532.428916907505,0.46376652851862044,303.59526557608734,0.3383475317804994,0.6,1.3569699349930187,1.069135177986061,0.0024209251257561962,234.03532741579153,234.60186491123577,0.0,2.080833813655074
143.61136437613627,9043.531584018368,102.61494927256837,229.45055419472928,30602.364420450922,0.4646265021278599,303.66135109124866,0.33792561649287106,0.6,1.3569699349930187,1.0689132277575357,0.00241582896461012,234.12554526611547,234.69091676736605,0.0,2.0786425333837615
143.7614284977414,9028.14067634184,102.50952216124075,229.55031129326136,30672.35778964508,0.46548681298563027,303.7273546004273,0.33750507028284815,0.6,1.3569699349930187,1.0686930967724844,0.002410754982531708,234.21570108103987,234.77991144806705,0.0,2.076458492435257
143.91149261934657,9012.765564724557,102.40442477363241,229.64996649031505,30742.409035158133,0.46634746131236754,303.7932763690274,0.33708588286607927,0.6,1.3569699349930187,1.0684747548591493,0.002405702979342955,234.30579484576415,234.86884889799464,0.0,2.074281627376469
144.06155674095174,8997.406199880012,102.29965449079671,229.7495201038675,30812.51816704275,0.46720844731991584,303.8591166605225,0.3366680441090334,0.6,1.3569699349930187,1.0682581724527451,0.0024006727610244626,234.3958265480568,234.95772906498345,0.0,2.0721118770906157
144.21162086255688,8982.062532907483,102.19520873599127,229.84897244940288,30882.685194707414,0.4680697712111973,303.9248757364438,0.33625154403159957,0.6,1.3569699349930187,1.0680433206166722,0.0023956641377872578,234.4857961782843,235.0465519000818,0.0,2.0699491819585045
144.36168498416205,8966.734515306996,102.09108497800649,229.9483238398156,30952.91012683471,0.46893143317923347,303.9905538563195,0.33583637281788575,0.6,1.3569699349930187,1.0678301711141625,0.0023906769190736145,234.57570372958892,235.13531735776257,0.0,2.067793481706433
144.51174910576722,8951.422098946801,101.98728072514359,230.04757458562068,31023.192971516135,0.4697934334088237,304.0561512778159,0.3354225207960285,0.6,1.3569699349930187,1.067618696290561,0.0023857109192123092,234.66554919752542,235.22402539549077,0.0,2.06564471785309
144.66181322737236,8936.125236055834,101.88379352391573,230.14672499500296,31093.533736274352,0.4706557720768398,304.12166825677326,0.3350099784336778,0.6,1.3569699349930187,1.067408869050766,0.002380765958034403,234.7553325799674,235.31267597361233,0.0,2.063502833987751
144.81187734897753,8920.843879242233,101.78062096304207,230.24577537369652,31163.932427964894,0.4715184493510425,304.1871050471286,0.33459873635101295,0.6,1.3569699349930187,1.0672006629441735,0.0023758418549801492,234.84505387732298,235.40126905561075,0.0,2.06136777322643
144.96194147058267,8905.577981474047,101.67776067000175,230.3447260251101,31234.389052852275,0.47238146539103737,304.25246190100114,0.33418878530910967,0.6,1.3569699349930187,1.0669940520987424,0.002370938432156476,234.9347130923232,235.4898046078545,0.0,2.059239479539074
145.11200559218784,8890.327496059488,101.57521030737719,230.44357725045484,31304.903616688673,0.473244820349259,304.31773906877936,0.3337801161976299,0.6,1.3569699349930187,1.0667890111503155,0.002366055517536689,235.02431022979536,235.57828259932757,0.0,2.057117899146802
145.262069713793,8875.092376660134,101.4729675757151,230.5423293486585,31375.476124640954,0.47410851437009743,304.38293679906684,0.33337272004409607,0.6,1.3569699349930187,1.0665855153043644,0.002361192940536057,235.1138452968127,235.66670300180775,0.0,2.05500297860999
145.41213383539815,8859.872577290762,101.37103021384459,230.64098261636673,31446.106581279117,0.4749725475897773,304.4480553386857,0.3329665880147389,0.6,1.3569699349930187,1.0663835403462454,0.0023563505307823526,235.20331830270058,235.7550657898732,0.0,2.052894664296201
145.56219795700332,8844.668052290413,101.26939599345219,230.73953734813043,31516.79499069882,0.475836920137878,304.5130949328029,0.3325617113963502,0.6,1.3569699349930187,1.0661830625342283,0.002351528123360491,235.29272925871265,235.8433709405169,0.0,2.0507929046678792
145.71226207860846,8829.478756326136,101.16806271999663,230.83799383638132,31587.54135649239,0.4767016321369954,304.57805582491625,0.3321580815991291,0.6,1.3569699349930187,1.0659840586213711,0.002346725556895957,235.3820781780675,235.93161843319075,0.0,2.048697649458197
145.86232620021363,8814.304644407808,101.06702823598862,230.936352371336,31658.345681668623,0.47756668370178235,304.6429382567937,0.33175569016733897,0.6,1.3569699349930187,1.0657865059259874,0.0023419426686992315,235.4713650761261,236.01980825001593,0.0,2.0466088475575575
146.0123903218188,8799.14567185872,100.96629041547486,231.03461324118646,31729.20796877834,0.47843207494050133,304.7077424686015,0.3313545287608794,0.6,1.3569699349930187,1.0655903822224035,0.0023371793003449893,235.56058997006525,236.10794037539398,0.0,2.04452644945119
146.16245444342394,8784.001794309146,100.86584716292005,231.13277673214168,31800.128219933653,0.47929780595527605,304.77246869893395,0.3309545891514212,0.6,1.3569699349930187,1.0653956657211245,0.002332435298253071,235.64975287879938,236.19601479591395,0.0,2.0424504074832335
146.3125185650291,8768.87296771455,100.7656964171282,231.23084312830957,31871.10643671219,0.4801638768409408,304.8371171847376,0.3305558632351916,0.6,1.3569699349930187,1.0652023351522992,0.0023277105079122585,235.7388538231942,236.28403150060632,0.0,2.0403806733361107
146.46258268663428,8753.759148338268,100.66583614810962,231.3288127118092,31942.142620227092,0.48103028768591166,304.90168816138794,0.3301583430224435,0.6,1.3569699349930187,1.0650103697048319,0.002323004776946675,235.82789282587817,236.3719904807179,0.0,2.0383171993739584
146.61264680823942,8738.660292733804,100.56626435375802,231.42668576288543,32013.236771199958,0.4818970385730928,304.9661818627668,0.32976202062631427,0.6,1.3569699349930187,1.064819748961197,0.002318317958234269,235.91686991104132,236.45989172947267,0.0,2.0362599400171
146.7627109298446,8723.5763577579,100.46697906268265,231.52446255982414,32084.388889889182,0.4827641295790183,305.03059852120913,0.3293668882720206,0.6,1.3569699349930187,1.0646304529584425,0.0023136499055461477,236.00578510458558,236.54773524225047,0.0,2.0342088498368804
146.91277505144973,8708.507300571076,100.36797833461819,231.6221433789488,32155.598976077214,0.4836315607737139,305.09493836750266,0.32897293829804464,0.6,1.3569699349930187,1.064442462199707,0.0023090004724110884,236.09463843413928,236.6355210166036,0.0,2.032163883058137
147.0628391730549,8693.453078611325,100.26926025543433,231.71972849479076,32226.86702918444,0.4844993322220997,305.1592016310022,0.32858016313950017,0.6,1.3569699349930187,1.0642557575545326,0.0023043695172580586,236.18342992876458,236.72324905190825,0.0,2.0301249958240892
147.21290329466007,8678.413649598177,100.17082293810044,231.81721818006287,32298.19304824069,0.48536744398365755,305.2233885396145,0.32818855533116986,0.6,1.3569699349930187,1.064070320281325,0.002299756901508232,236.27215961900038,236.81091934941603,0.0,2.0280921453660308
147.3629674162652,8663.388971547365,100.07266452591386,231.91461270556442,32369.57703180583,0.4862358961114795,305.287499319738,0.32779810751800337,0.6,1.3569699349930187,1.0638861320967037,0.0022951624848542734,236.36082753703775,236.8985319124618,0.0,2.0260652879264667
147.51303153787038,8648.379002743899,99.97478318739572,232.0119123403557,32441.018978087995,0.48710468865372214,305.3515341963792,0.327408812438124,0.6,1.3569699349930187,1.0637031750731405,0.0022905861307634745,236.44943371642333,236.9860867461103,0.0,2.0240443811868314
147.66309565947552,8633.383701736568,99.87717711532099,232.1091173517934,32512.518884960522,0.487973821653825,305.4154933931786,0.32702066291949194,0.6,1.3569699349930187,1.0635214316213888,0.00228602770702324,236.5379781919933,237.07358385707775,0.0,2.022029384517198
147.81315978108069,8618.403027355806,99.77984453057155,232.20622800541483,32584.07674986783,0.4888432951493809,305.47937713233637,0.3266336518924681,0.6,1.3569699349930187,1.0633408845726608,0.0022814870800741153,236.62646100008396,237.16102325398202,0.0,2.0200202564771588
147.96322390268585,8603.436938697985,99.68278367925286,232.3032445650397,32655.692569890885,0.48971310917294514,305.54318563468104,0.32624777238016156,0.6,1.3569699349930187,1.0631615171217503,0.00227696411808213,236.7148821783619,237.2484049471397,0.0,2.018016956174461
148.113288024291,8588.485395109346,99.58599282964528,232.40016729287424,32727.366341815377,0.49058326375287664,305.6069191197404,0.3258630174882471,0.6,1.3569699349930187,1.0629833127663653,0.0022724586939770054,236.80324176564315,237.33572894835115,0.0,2.0160194446165995
148.26335214589616,8573.54835619895,99.4894702750081,232.49699644942717,32799.098062061115,0.4914537589124934,305.67057780568774,0.3254793804140768,0.6,1.3569699349930187,1.0628062553675262,0.0022679706811502523,236.89153980204335,237.42299527107866,0.0,2.0140276828112813
148.41341626750133,8558.625781839724,99.39321433405402,232.5937322935029,32870.8877266681,0.4923245946699159,305.7341619093397,0.32509685444810515,0.6,1.3569699349930187,1.0626303291619417,0.0022634999524075864,236.97977632899796,237.51020393047008,0.0,2.012041631301942
148.56348038910647,8543.717632144331,99.2972233463156,232.69037508235783,32942.735331403834,0.4931957710393823,305.7976716462606,0.3247154329584963,0.6,1.3569699349930187,1.062455518668293,0.002259046385010831,237.06795138899506,237.59735494304047,0.0,2.0100612524096677
148.71354451071164,8528.82386746945,99.20149567314945,232.7869250716726,33014.64087173482,0.49406728803091343,305.8611072307462,0.324335109394312,0.6,1.3569699349930187,1.062281808710203,0.002254609858776196,237.1560650256233,237.68444832672907,0.0,2.0080865093961653
148.86360863231678,8513.944448430253,99.1060297009109,232.88338251545827,33086.604342748295,0.49493914564937647,305.92446887576375,0.3239558772958366,0.6,1.3569699349930187,1.062109184484538,0.002250190251481006,237.24411728374426,237.77148410110385,0.0,2.006117364421914
149.01367275392195,8499.079335875536,99.01082383618606,232.97974766621735,33158.625739263975,0.49581134389585085,305.9877567930601,0.3235777302787549,0.6,1.3569699349930187,1.0619376314646165,0.0022457874442911503,237.33210820922,237.8584622870368,0.0,2.004153780963544
149.16373687552712,8484.22849088296,98.91587650494361,233.07602077497464,33230.70505584945,0.49668388276782555,306.050971193183,0.3232006620312495,0.6,1.3569699349930187,1.0617671353845346,0.0022414013222708117,237.420037848857,237.94538290663712,0.0,2.0021957240489927
149.31380099713226,8469.391874776591,98.82118615632356,233.17220209116357,33302.84228672732,0.4975567622580847,306.11411228540885,0.32282466632634876,0.6,1.3569699349930187,1.06159768232023,0.002237031768818357,237.50790625061322,238.03224598349738,0.0,2.0002431577785114
149.46386511873743,8454.569449112454,98.72675125995244,233.26829186271974,33375.03742583715,0.4984299823554702,306.17718027780563,0.32244973701297425,0.6,1.3569699349930187,1.0614292586357532,0.0022326786687422353,237.59571346344302,238.119051542508,0.0,1.9982960466976087
149.61392924034257,8439.761175663853,98.6325703031213,233.36429033617594,33447.29046689958,0.49930354304566615,306.24017537729696,0.3220758680065509,0.6,1.3569699349930187,1.06126185092634,0.0022283419112201636,237.68345953713282,238.20579960966182,0.0,1.9963543571257558
149.76399336194774,8424.967016434171,98.53864179356246,233.46019775657933,33519.60140334647,0.5001774443103647,306.3030977896096,0.32170305329803,0.6,1.3569699349930187,1.0610954460783109,0.002224021385551856,237.77114452245044,238.29249021223146,0.0,1.9944180552615687
149.9140574835529,8410.186933658268,98.4449642599667,233.55601436748222,33591.97022830646,0.5010516861271016,306.3659477192689,0.3213312869554758,0.6,1.3569699349930187,1.0609300312819911,0.002219716980194175,237.8587684711692,238.37912337879737,0.0,1.9924871067500967
150.06412160515805,8395.420889780136,98.35153624764422,233.6517404110868,33664.396934706805,0.5019262684704969,306.4287253696957,0.32096056310969695,0.6,1.3569699349930187,1.0607655939429026,0.0022154285877041737,237.94633143582172,238.46569913895442,0.0,1.990561478901717
150.21418572676322,8380.668847457393,98.25835631956039,233.7473761282161,33736.88151524454,0.5028011913119155,306.49143094318885,0.32059087595755176,0.6,1.3569699349930187,1.060602121705169,0.002211156102841836,238.0338334697511,238.55221752337278,0.0,1.9886411398479324
150.36424984836836,8365.930769575476,98.16542305945515,233.84292175822196,33809.423962309505,0.503676454618547,306.55406464086605,0.32022221977209087,0.6,1.3569699349930187,1.060439602518834,0.0022068994180978766,238.1212746272802,238.63867856399875,0.0,1.986726056533186
150.51431396997353,8351.206619224495,98.07273506735056,233.93837753913485,33882.024268090805,0.5045520583547005,306.6166266627644,0.31985458888769563,0.6,1.3569699349930187,1.0602780245475807,0.0022026584290461724,238.20865496345866,238.7250822937531,0.0,1.9848161971215366
150.6643780915787,8336.49635969507,97.98029095880341,234.03374370769097,33954.682424590945,0.5054280024819837,306.67911720785946,0.319487977697532,0.6,1.3569699349930187,1.0601173761546616,0.002198433034817818,238.29597453401507,238.81142874647432,0.0,1.982911531217181
150.81444221318384,8321.799954495551,97.88808936863292,234.12902049922062,34027.39842353382,0.5063042869582013,306.7415364739933,0.319122380665692,0.6,1.3569699349930187,1.0599576459829751,0.002194223132634387,238.38323339556015,238.89771795715953,0.0,1.981012027404424
150.964506334789,8307.117367338593,97.79612894839377,234.22420814773497,34100.17225642416,0.5071809117380813,306.80388465793357,0.31875779231879714,0.6,1.3569699349930187,1.059798822903807,0.002190028620885509,238.470431605443,238.98394996179314,0.0,1.9791176546341906
151.11457045639418,8292.448562127607,97.70440836374247,234.31930688601415,34173.00391460814,0.5080578767740133,306.86616195543223,0.31839420723726647,0.6,1.3569699349930187,1.059640895963001,0.002185849402010519,238.5575692216011,239.07012479716806,0.0,1.9772283835299014
151.26463457799932,8277.793502969434,97.61292629718758,234.41431694552472,34245.89338920402,0.5089351820152199,306.9283685611734,0.3180316200642513,0.6,1.3569699349930187,1.059483854440455,0.002181685378302339,238.64464630270757,239.15624250106046,0.0,1.975344184496629
151.4146986996045,8263.152154175932,97.52168144863238,234.50923855640966,34318.8406710878,0.509812827407594,306.990504668768,0.3176700255073194,0.6,1.3569699349930187,1.0593276878633295,0.002177536451020899,238.73166290819833,239.24230311226185,0.0,1.9734650273190697
151.56476282120963,8248.524480243175,97.43067253128031,234.60407194762297,34391.84575099006,0.5106908128948713,307.05257047084353,0.3173094183249377,0.6,1.3569699349930187,1.0591723859212718,0.0021734025252392914,238.8186190980428,239.32830667030544,0.0,1.971590883357435
151.7148269428148,8233.910445856054,97.33989827269598,234.69881734689992,34464.90861946721,0.5115691384182905,307.114566159026,0.31694979332986994,0.6,1.3569699349930187,1.0590179384902294,0.002169283507949583,238.90551493279776,239.41425321553018,0.0,1.9697217246957301
151.86489106441996,8219.310015902207,97.24935741786814,234.7934749806666,34538.02926682548,0.5124478039156894,307.17649192388234,0.3165911453991288,0.6,1.3569699349930187,1.0588643356988112,0.002165179303706089,238.9923504737729,239.50014278927733,0.0,1.9678575221660743
152.0149551860251,8204.723155450303,97.15904872494423,234.88804507418072,34611.20768322322,0.5133268093227401,307.23834795501375,0.3162334694599073,0.6,1.3569699349930187,1.0587115678396823,0.0021610898199037627,239.0791257827939,239.58597543360798,0.0,1.965998247744425
152.16501930763027,8190.149829746343,97.06897096456684,234.9825278515556,34684.443858683706,0.5142061545731104,307.300134441073,0.3158767604873291,0.6,1.3569699349930187,1.0585596253568377,0.0021570149672168527,239.16584092216158,239.67175119125403,0.0,1.9641438747564313
152.31508342923541,8175.590004230582,96.97912292354364,235.0769235356504,34757.73778300428,0.5150858395973789,307.36185156969395,0.3155210135163886,0.6,1.3569699349930187,1.058408498924827,0.002152954654224805,239.25249595485047,239.75747010585428,0.0,1.9622943754354045
152.46514755084058,8161.043644524919,96.88950340244509,235.17123234815176,34831.089445813515,0.5159658643237298,307.42349952754637,0.31516622363399843,0.6,1.3569699349930187,1.0582581793993884,0.002148908790490026,239.33909094437485,239.84313222179446,0.0,1.9604497223217667
152.61521167244575,8146.510716420311,96.80011121312891,235.2654545096554,34904.49883662884,0.5168462286786493,307.48507850039067,0.31481238597080713,0.6,1.3569699349930187,1.0581086577662124,0.0021448772893636514,239.42562595464963,239.92873758404122,0.0,1.9586098895462343
152.7652757940509,8131.991185889274,96.71094518146457,235.3595902395852,34977.965944788266,0.517726932586114,307.5465886730264,0.31445949571004517,0.6,1.3569699349930187,1.0579599252001275,0.0021408600638376115,239.5121010501366,240.01428623831595,0.0,1.9567748509423215
152.91533991565606,8117.485019087632,96.62200414788775,235.45363975618153,35051.49075943517,0.5186079759674146,307.6080302292858,0.3141075480892594,0.6,1.3569699349930187,1.0578119730783588,0.002136857025732437,239.59851629587232,240.0997782311274,0.0,1.9549445796740572
153.06540403726123,8102.992182334952,96.53328696351001,235.5476032766283,35125.073269611974,0.5194893587422852,307.6694033521185,0.31375653838750595,0.6,1.3569699349930187,1.0576647928991056,0.0021328680904486494,239.6848717572535,240.18521360951596,0.0,1.9531190504089806
153.21546815886637,8088.512642119282,96.44479249120043,235.6414810170221,35198.71346423084,0.5203710808285582,307.7307082235723,0.31340646192882193,0.6,1.3569699349930187,1.0575183763057323,0.0021288931750745458,239.7711675000925,240.27059242111926,0.0,1.951298238458625
153.36553228047154,8074.046365110748,96.35651960859128,235.73527319228404,35272.411331998956,0.521253142141275,307.79194502473723,0.31305731409198223,0.6,1.3569699349930187,1.0573727151521948,0.0021249321941400156,239.85740359077934,240.35591471436464,0.0,1.9494821178343416
153.51559640207668,8059.593318141052,96.26846720400063,235.82898001629263,35346.16686151716,0.5221355425938736,307.8531139358334,0.31270909029708926,0.6,1.3569699349930187,1.057227801417428,0.0021209850648220476,239.94358009605796,240.44118053820233,0.0,1.9476706636319185
153.66566052368185,8045.153468200181,96.18063417583951,235.92260170190508,35419.98004129184,0.5230182820983357,307.91421513622623,0.3123617860035713,0.6,1.3569699349930187,1.0570836271937758,0.0021170517073484706,240.02969708299062,240.5263899420628,0.0,1.9458638522227905
153.81572464528702,8030.726782453002,96.09301943622651,236.01613846084973,35493.85085964486,0.5239013605641148,307.97524880435765,0.31201539672192924,0.6,1.3569699349930187,1.0569401847654534,0.002113132039712303,240.1157546191526,240.61154297608815,0.0,1.9440616588291701
153.96578876689216,8016.313228227329,96.00562190868412,236.10959050380325,35567.779304769014,0.5247847778988063,308.03621511779755,0.31166991800613497,0.6,1.3569699349930187,1.0567974665606144,0.0021092259807485615,240.20175277250553,240.6966396909807,0.0,1.9422640589359221
154.11585288849733,8001.912773002134,95.91844052579675,236.2029580404672,35641.76536478352,0.5256685340088141,308.09711425329505,0.31132534544591545,0.6,1.3569699349930187,1.0566554651023161,0.0021053334528659106,240.2876916112681,240.78168013784887,0.0,1.940471029551237
154.26591701010247,7987.525384419896,95.83147423191049,236.29624127948787,35715.80902766579,0.526552628798542,308.15794638672753,0.3109816746755098,0.6,1.3569699349930187,1.0565141730674328,0.0021014543779443455,240.37357120405983,240.86666436837805,0.0,1.938682547321952
154.41598113170764,7973.151030288418,95.74472198368854,236.38944042844437,35789.91028123665,0.5274370621702217,308.21871169309395,0.31063890137541517,0.6,1.3569699349930187,1.0563735832998205,0.0020975886765939645,240.45939161993005,240.95159243486435,0.0,1.9368985881902085
154.5660452533128,7958.7896785623325,95.65818274639298,236.48255569396872,35864.06911325067,0.5283218340249969,308.2794103465945,0.31029702126018,0.6,1.3569699349930187,1.0562336887316728,0.002093736272813819,240.54515292815526,241.03646438997322,0.0,1.9351191295437093
154.71610937491795,7944.441297347916,95.57185549498315,236.57558728171435,35938.285511366616,0.5292069442625745,308.34004252061106,0.3099560300819334,0.6,1.3569699349930187,1.0560944824080585,0.0020898970921008004,240.63085519829565,241.12128028680627,0.0,1.933344149348193
154.86617349652312,7930.10585491638,95.48573921706404,236.66853539627016,36012.55946307394,0.5300923927803536,308.4006083876527,0.3096159236399449,0.6,1.3569699349930187,1.0559559575514579,0.0020860710573096185,240.71649850035345,241.2060401790895,0.0,1.931573624233904
155.0162376181283,7915.7833196843685,95.39983290896544,236.7614002412867,36086.89095578845,0.5309781794745707,308.46110811943873,0.3092766977677647,0.6,1.3569699349930187,1.0558181074785769,0.002082258093786709,240.80208290456017,241.2907441209194,0.0,1.9298075318690087
155.16630173973343,7901.473660211036,95.31413557520956,236.85418201949528,36161.27997686317,0.5318643042404335,308.52154188691253,0.3089383483314323,0.6,1.3569699349930187,1.0556809255897854,0.0020784581297396717,240.88760848134558,241.37539216672576,0.0,1.928045851136228
155.3163658613386,7887.176845214284,95.22864623207228,236.94688093260248,36235.72651349927,0.5327507669710644,308.581909860174,0.3086008712410352,0.6,1.3569699349930187,1.0555444054468863,0.002074671091036349,240.9730753015283,241.4599843714982,0.0,1.9262885597244157
155.46642998294374,7872.892843559416,95.1433639053575,237.03949718136386,36310.230552800116,0.5336375675581485,308.6422122085285,0.3082642624433874,0.6,1.3569699349930187,1.0554085407262612,0.0020708969042797804,241.05848343619508,241.54452079064197,0.0,1.9245356355524204
155.6164941045489,7858.621624248012,95.0582876281692,237.13203096565596,36384.792081824904,0.5345247058925772,308.70244910053526,0.30792851791471054,0.6,1.3569699349930187,1.0552733251717015,0.002067135499467586,241.14383295657956,241.62900147983322,0.0,1.9227870580074793
155.76655822615407,7844.363156430125,94.97341644358721,237.22448248439716,36459.411087520406,0.5354121818636386,308.7626207039565,0.30759363366930453,0.6,1.3569699349930187,1.0551387526531038,0.002063386805933005,241.22912393420407,241.71342649518763,0.0,1.9210428060629077
155.91662234775922,7830.1174094061225,94.88874940521535,237.31685193553585,36534.08755670686,0.5362999953588558,308.82272718575115,0.3072596057612739,0.6,1.3569699349930187,1.0550048171794049,0.002059650751671604,241.31435644090854,241.79779589329416,0.0,1.9193028579629832
156.06668646936438,7815.884352609082,94.80428557360938,237.40913951616437,36608.82147616536,0.5371881462650286,308.88276871215,0.30692643027283323,0.6,1.3569699349930187,1.0548715128222597,0.0020559272679098652,241.39953054865802,241.88210973098552,0.0,1.9175671933506855
156.21675059096953,7801.663955609699,94.72002401738943,237.50134542248736,36683.6128326083,0.5380766344678872,308.94274544863634,0.30659410331788234,0.6,1.3569699349930187,1.0547388337409243,0.0020522162872145073,241.48464632960034,241.96636806540667,0.0,1.9158357923919862
156.3668147125747,7787.456188129238,94.63596381613104,237.59346984973757,36758.46161260659,0.5389654598512305,309.002657559892,0.30626262105136864,0.6,1.3569699349930187,1.0546067742458993,0.0020485177394546387,241.56970385622006,242.05057095419767,0.0,1.9141086338922075
156.51687883417986,7773.261020020898,94.55210405657597,237.68551299229674,36833.36780268323,0.5398546222980419,309.0625052098774,0.305931979656891,0.6,1.3569699349930187,1.0544753287177446,0.00204483155686549,241.65470320113556,242.13471845525135,0.0,1.9123856976582074
156.666942955785,7759.078421267184,94.46844383215172,237.77747504371263,36908.33138932321,0.5407441216906107,309.1222885618433,0.3056021753450893,0.6,1.3569699349930187,1.0543444915973958,0.0020411576743842343,241.7396444370715,242.21881062668052,0.0,1.9106669646605319
156.81700707739017,7744.908361995834,94.38498224648184,237.86935619659573,36983.35235888527,0.5416339579094878,309.182007778265,0.3052732043650211,0.6,1.3569699349930187,1.0542142574633107,0.0020374960245304495,241.82452763704538,242.30284752703983,0.0,1.9089524146408088
156.96707119899534,7730.75081246891,94.30171841122133,237.96115664268993,37058.430697654956,0.5425241308341193,309.2416630208892,0.3049450629970622,0.6,1.3569699349930187,1.0540846209853871,0.002033846540478538,241.90935287425197,242.38682921518716,0.0,1.907242027547239
157.11713532060048,7716.605743072299,94.21865144392756,238.0528765729405,37133.56639189627,0.5434146403434633,309.3012544507792,0.30461774754593207,0.6,1.3569699349930187,1.0539555768794038,0.0020302091586467267,241.9941202219483,242.47075575014688,0.0,1.9055357847509715
157.26719944220565,7702.473124327704,94.1357804707126,238.14451617741656,37208.7594277843,0.544305486315193,309.36078222826563,0.30429125434927745,0.6,1.3569699349930187,1.0538271199655538,0.002026583814679459,242.07882975359422,242.55462719127672,0.0,1.9038336671657692
157.4172635638108,7688.352926894493,94.05310462677754,238.23607564529874,37284.00979139076,0.5451966686255298,309.42024651293934,0.3039655797793582,0.6,1.3569699349930187,1.0536992451810119,0.002022970442839314,242.1634815428801,242.63844359830014,0.0,1.9021356549604957
157.56732768541596,7674.245121552884,93.9706230529664,238.3275551649884,37359.317468769725,0.546088187150263,309.47964746372344,0.3036407202317931,0.6,1.3569699349930187,1.0535719475056051,0.002019368980487663,242.2480756635435,242.72220503108784,0.0,1.9004417296645937
157.71739180702113,7660.149679208885,93.8883348968899,238.4189549240756,37434.68244592743,0.5469800417643937,309.53898523885346,0.3033166721291719,0.6,1.3569699349930187,1.053445221987,0.0020157793661938674,242.33261218942732,242.80591154972666,0.0,1.8987518732840543
157.86745592862627,7646.066570906948,93.80623931575987,238.51027510925678,37510.104708750565,0.5478722323412901,309.59825999582495,0.30299343193022105,0.6,1.3569699349930187,1.0533190638034913,0.0020122015357959956,242.41709119462973,242.88956321469763,0.0,1.8970660664469878
158.01752005023144,7631.995767812039,93.72433547271143,238.6015159064513,37585.58424309819,0.5487647587537788,309.6574718914699,0.30267099611780185,0.6,1.3569699349930187,1.0531934681844521,0.0020086354273958665,242.50151275330953,242.9731600866438,0.0,1.895384290754606
158.16758417183658,7617.937241207304,93.64262253636801,238.69267750081633,37661.12103481053,0.5496576208742516,309.71662108196784,0.3023493611974576,0.6,1.3569699349930187,1.0530684304014342,0.00200508098166199,242.58587693966135,243.0567022263405,0.0,1.8937065289289985
158.31764829344175,7603.890962509668,93.56109968430252,238.7837600766458,37736.71506962146,0.5505508185736324,309.7757077227806,0.302028523708614,0.6,1.3569699349930187,1.0529439458447358,0.002001538136788405,242.6701838280988,243.14018969491286,0.0,1.892032762435806
158.46771241504692,7589.856903259295,93.47976610092073,238.8747638174386,37812.36633321109,0.5514443517220039,309.83473196869824,0.30170848021765595,0.6,1.3569699349930187,1.05282000997787,0.001998006831564016,242.75443349314224,243.223622553702,0.0,1.890362972931025
158.61777653665206,7575.835035109622,93.39862097541834,238.96568890596336,37888.07481125581,0.5523382201892005,309.89369397388117,0.3013892273112543,0.6,1.3569699349930187,1.052696618293399,0.001994487007893112,242.83862600931027,243.3070008641352,0.0,1.8886971434556479
158.76784065825723,7561.825329839179,93.31766350441112,239.05653552418158,37963.84048936099,0.5532324238440164,309.95259389181206,0.30107076160486446,0.6,1.3569699349930187,1.0525737663713326,0.001990978606817331,242.9227614512579,243.39032468789034,0.0,1.8870352565569766
158.91790477986237,7547.827759353392,93.23689289245,239.14730385323602,38039.663353047115,0.5541269625540446,310.01143187528885,0.3007530797443536,0.6,1.3569699349930187,1.0524514498912594,0.001987481567970319,243.00683989380332,243.47359408692722,0.0,1.8853772940281395
159.06796890146754,7533.8422956684535,93.15630834868472,239.2379940735553,38115.5433878337,0.555021836186671,310.0702080764933,0.3004361783951309,0.6,1.3569699349930187,1.0523296645597016,0.0019839958339727725,243.0908614117525,243.5568091232783,0.0,1.8837232389916059
159.2180330230727,7519.8689109163015,93.07590908799712,239.32860636482152,38191.48057920854,0.555917044608713,310.12892264697143,0.30012005424578886,0.6,1.3569699349930187,1.0522084061356094,0.0019805213485410865,243.17482607995748,243.63996985911794,0.0,1.8820730750067216
159.36809714467785,7505.907577356956,92.99569433377943,239.4191409058903,38267.47491255735,0.556812587685593,310.18757573758216,0.2998047040170736,0.6,1.3569699349930187,1.0520876704923108,0.0019770580526433028,243.25873397346245,243.7230763569359,0.0,1.8804267842438882
159.51816126628302,7491.958267361225,92.91566331435207,239.50959787490274,38343.52637325372,0.5577084652824018,310.2461674985711,0.29949012445022394,0.6,1.3569699349930187,1.0519674535393035,0.0019736058894270145,243.34258516731597,243.8061286793132,0.0,1.8787843498244035
159.66822538788819,7478.020953408603,92.83581526256856,239.59997744929927,38419.63494666744,0.5586046772639984,310.30469807957996,0.2991763123056555,0.6,1.3569699349930187,1.051847751214066,0.0019701648044901867,243.42637973654902,243.88912688889593,0.0,1.8771457559539961
159.81828950949333,7464.095608102577,92.75614941922957,239.69027980572028,38495.8006180776,0.5595012234939898,310.3631676295837,0.298863264373991,0.6,1.3569699349930187,1.0517285595580999,0.0019667347409156083,243.5101177563542,243.97207104860797,0.0,1.8755109855602836
159.9683536310985,7450.18220416037,92.67666503100367,239.78050512007246,38572.02337272454,0.560398103835344,310.4215762969338,0.2985509774692781,0.6,1.3569699349930187,1.051609874671739,0.001963315642336756,243.5937993019767,244.05496122152107,0.0,1.8738800217506333
160.11841775270364,7436.280714403461,92.59736134846071,239.87065356759044,38648.303195858854,0.5612953181509711,310.47992422939944,0.2982394484225806,0.6,1.3569699349930187,1.0514916926712297,0.0019599074553917004,243.6774244486111,244.13779747073144,0.0,1.8722528489853734
160.2684818743088,7422.391111769236,92.51823762868047,239.96072532276114,38724.640072673894,0.5621928663029291,310.5382115741191,0.29792867409039697,0.6,1.3569699349930187,1.0513740097470121,0.0019565101257830466,243.76099327153742,244.22057985952145,0.0,1.8706294512004487
160.41854599591397,7408.51336931271,92.43929313574492,240.0507205593126,38801.033988292875,0.5630907481522764,310.5964384775945,0.29761865135621385,0.6,1.3569699349930187,1.0512568221753569,0.0019531235977930696,243.84450584614683,244.30330845138985,0.0,1.8690098115734717
160.5686101175191,7394.647460191031,92.36052713749818,240.14063945031444,38877.48492785068,0.5639889635600356,310.65460508575626,0.29730937711997557,0.6,1.3569699349930187,1.051140126247162,0.0019497478185954576,243.9279622477727,244.3859833098503,0.0,1.8673939145855782
160.71867423912428,7380.793357668452,92.28193890668813,240.2304821681455,38953.99287646319,0.5648875123868342,310.7127115439437,0.29700084830174966,0.6,1.3569699349930187,1.0510239182937546,0.0019463827363630389,244.0113625517495,244.46860449850115,0.0,1.8657817451204401
160.86873836072942,7366.951035128377,92.20352772368928,240.32024888441592,39030.55781915773,0.5657863944920908,310.77075799685565,0.29669306185050454,0.6,1.3569699349930187,1.0509081947480121,0.0019430282965159178,244.09470683355474,244.55117208119404,0.0,1.8641732866665117
161.0188024823346,7353.120466056626,92.12529287300335,240.40993977007543,39107.17974096175,0.5666856097350588,310.828744588621,0.296386014732744,0.6,1.3569699349930187,1.0507929520672723,0.0019396844465837816,244.17799516862726,244.63368612181725,0.0,1.8625685236458212
161.16886660393976,7339.3016240395345,92.04723364289995,240.49955499542577,39183.858626910456,0.5675851579749169,310.88667146280767,0.29607970393131455,0.6,1.3569699349930187,1.0506781867257922,0.001936351136445387,244.26122763234784,244.7161466842722,0.0,1.860967441533396
161.3189307255449,7325.4944827789595,91.96934932878507,240.5890947300233,39260.59446196039,0.568485039069758,310.9445387623605,0.2957741264562704,0.6,1.3569699349930187,1.0505638952902925,0.0019330283134360918,244.34440430021428,244.79855383268173,0.0,1.859370024509075
161.46899484715007,7311.699016082292,91.89163923115098,240.6785591427438,39337.3872310415,0.5693852528772028,311.00234662964374,0.29546927933820344,0.6,1.3569699349930187,1.05045007437498,0.0019297159254099412,244.4275252477355,244.88090763126343,0.0,1.857776256926205
161.61905896875524,7297.915197853382,91.81410265367792,240.76794840184124,39414.2369191043,0.5702857992549526,311.06009520648036,0.29516515962207274,0.6,1.3569699349930187,1.0503367205997067,0.0019264139231288237,244.51059055033267,244.9632081442116,0.0,1.8561861244637268
161.76912309036038,7284.143002104046,91.73673890582207,240.8572626748732,39491.14351105317,0.5711866780600116,311.117784634104,0.29486176437554285,0.6,1.3569699349930187,1.0502238306481961,0.0019231222563589126,244.5936002834732,245.0454554358568,0.0,1.854599612249915
161.91918721196555,7270.38240295567,91.65954730328203,240.94650212869035,39568.10699173362,0.5720878891485385,311.1754150531535,0.2945590906904557,0.6,1.3569699349930187,1.0501114012790984,0.0019198408734442186,244.67655452269523,245.12764957069422,0.0,1.8530167046545065
162.0692513335707,7256.633374624294,91.58252716484462,241.0356669295333,39645.1273460128,0.572989432376792,311.2329866037359,0.2942571356726019,0.6,1.3569699349930187,1.0499994292560666,0.0019165697255372918,244.7594533434447,245.20979061318957,0.0,1.851437387329217
162.21931545517586,7242.89589142558,91.50567781353377,241.1247572430003,39722.20455874871,0.5738913076007714,311.2904994254067,0.2939558964454066,0.6,1.3569699349930187,1.0498879113738564,0.001913308764705748,244.8422968211344,245.29187862784894,0.0,1.8498616462981627
162.36937957678103,7229.169927786553,91.42899857927874,241.21377323397093,39799.33861472119,0.5747935146754117,311.34795365712097,0.2936553701585173,0.6,1.3569699349930187,1.0497768445186217,0.0019100579402697385,244.9250850312817,245.37391367938272,0.0,1.8482894661876794
162.51944369838617,7215.4554582293795,91.35248879548743,241.30271506671158,39876.52949871985,0.5756960534556136,311.40534943730256,0.29335555397669905,0.6,1.3569699349930187,1.0496662255917737,0.0019068172036002182,245.0078180493328,245.45589583249557,0.0,1.846720832544176
162.66950781999134,7201.752457369623,91.27614779871911,241.39158290488646,39953.77719555098,0.5765989237963262,311.4626869038518,0.2930564450787518,0.6,1.3569699349930187,1.049556051503031,0.0019035865083278838,245.09049595064485,245.53782515186526,0.0,1.8451557319395955
162.81957194159648,7188.060899930992,91.1999749320091,241.48037691146212,40031.08168995164,0.577502125551544,311.51996619408476,0.29275804066821587,0.6,1.3569699349930187,1.049446319245504,0.0019003658055214358,245.17311881065788,245.61970170234676,0.0,1.8435941496371897
162.96963606320165,7174.380760735549,91.12396954284138,241.56909724877082,40108.44296664155,0.5784056585749163,311.5771874447747,0.2924603379667922,0.6,1.3569699349930187,1.0493370258507937,0.0018971550467456698,245.2556867047908,245.70152554884802,0.0,1.842036071070863
163.11970018480682,7160.712014695032,91.04813098131201,241.65774407856685,40185.86101036938,0.5793095227202885,311.6343507921894,0.2921633342083866,0.6,1.3569699349930187,1.0492281683481535,0.0018939541863876928,245.33819970834676,245.78329675621725,0.0,1.840481482976443
163.26976430641196,7147.054636822186,90.97245860269707,241.74631756195302,40263.33580584575,0.5802137178409217,311.69145637204434,0.29186702664737013,0.6,1.3569699349930187,1.0491197438226472,0.0018907631777885193,245.4206578966453,245.86501538939976,0.0,1.8389303715162713
163.41982842801713,7133.408602232277,90.89695176789161,241.8348178593708,40340.86733773163,0.5811182437893584,311.7485043194971,0.2915714125599634,0.6,1.3569699349930187,1.0490117494256075,0.0018875819728731435,245.50306134504513,245.9466815134647,0.0,1.8373827220969934
163.5698925496223,7119.773886128663,90.82160984033247,241.92324513069386,40418.45559071723,0.5820231004183464,311.80549476920845,0.2912764892342793,0.6,1.3569699349930187,1.0489041823058334,0.001884410526302403,245.58541012878675,246.02829519341753,0.0,1.8358385213890667
163.71995667122744,7106.15046380779,90.74643218715377,242.0115995351957,40496.10054949106,0.5829282875804775,311.86242785532215,0.2909822539740262,0.6,1.3569699349930187,1.0487970396359796,0.0018812487935780684,245.66770432305145,246.10985649426974,0.0,1.8342977564085328
163.8700207928326,7092.5383106705995,90.67141818180144,242.09988123147565,40573.802198671816,0.5838338051273959,311.91930371141814,0.2906887041069088,0.6,1.3569699349930187,1.0486903186720515,0.0018780967274670017,245.74994400309546,246.19136548119846,0.0,1.8327604127739565
164.02008491443775,7078.937402206787,90.59656720067086,242.18809037756088,40651.560522895365,0.5847396529108135,311.97612247057873,0.2903958369737565,0.6,1.3569699349930187,1.0485840166780578,0.0018749542827369123,245.83212924407871,246.27282221934203,0.0,1.8312264770134705
164.17014903604291,7065.347713993209,90.52187862280921,242.27622713091677,40729.37550682116,0.5856458307825863,312.0328842653962,0.29010364992754034,0.6,1.3569699349930187,1.0484781309196172,0.0018718214163355317,245.91426012104915,246.35422677378125,0.0,1.8296959366564178
164.32021315764808,7051.76922170835,90.44735183319753,242.364291648353,40807.24713504666,0.5865523385937182,312.089589227913,0.28981214034392405,0.6,1.3569699349930187,1.0483726587386042,0.001868698082637432,245.99633670911084,246.43557920973907,0.0,1.8281687779127402
164.47027727925322,7038.201901122739,90.37298622074108,242.45228408608585,40885.17539215933,0.5874591761949695,312.1462374896625,0.289521305614757,0.6,1.3569699349930187,1.048267597508242,0.001865584236497946,246.07835908332194,246.51687959245882,0.0,1.8266449871627934
164.6203414008584,7024.645728090577,90.29878117648897,242.54020459979222,40963.1602627819,0.5883663434373836,312.20282918170454,0.2892311431423139,0.6,1.3569699349930187,1.0481629445931615,0.0018624798355182147,246.1603273186041,246.59812798709586,0.0,1.8251245520681216
164.77040552246353,7011.100678560956,90.22473609618318,242.62805334453708,41041.20173150549,0.5892738401715113,312.25936443457937,0.288941650347482,0.6,1.3569699349930187,1.0480586974075294,0.0018593848362107065,246.24224148987213,246.67932445887217,0.0,1.8236074596966878
164.9204696440687,6997.566728579236,90.15085038066827,242.7158304747644,41119.29978287863,0.5901816662472843,312.31584337830253,0.28865282467105,0.6,1.3569699349930187,1.04795485342487,0.0018562991936840328,246.32410167205575,246.76046907310126,0.0,1.822093696365947
165.07053376567387,6984.043854273082,90.07712343288436,242.80353614438775,41197.45440148503,0.5910898215149207,312.37226614242394,0.28836466356400003,0.6,1.3569699349930187,1.047851410110258,0.0018532228657181186,246.40590793994681,246.8415618950065,0.0,1.8205832496416672
165.220597887279,6970.532031857457,90.00355465902858,242.89117050675787,41275.665571912345,0.591998305824563,312.4286328560074,0.28807716449122495,0.6,1.3569699349930187,1.0477483649470078,0.0018501558108676654,246.48766036825842,246.9226029897908,0.0,1.819076107411014
165.37066200888418,6957.031237645739,89.93014347111698,242.9787337145906,41353.933278685065,0.5929071190255003,312.48494364758534,0.28779032493974654,0.6,1.3569699349930187,1.0476457154953747,0.0018470979849705192,246.56935903175528,247.00359242279185,0.0,1.8175722561661949
165.52072613048935,6943.541448034386,89.8568892836799,243.06622592006616,41432.25750635058,0.5938162609671691,312.54119864522295,0.28750414240805344,0.6,1.3569699349930187,1.0475434593178836,0.0018440493458224108,246.65100400508686,247.08453025928299,0.0,1.816071683300824
165.6707902520945,6930.062639501505,89.78379151349161,243.15364727483865,41510.63823948497,0.5947257314992217,312.5973979765253,0.28721861440521,0.6,1.3569699349930187,1.0474415939734605,0.001841009853327146,246.73259536277345,247.16541656445622,0.0,1.8145743771879057
165.82085437369966,6916.594788621023,89.71084958281108,243.240997929944,41589.075462608205,0.595635530470543,312.6535417685785,0.28693373846125725,0.6,1.3569699349930187,1.0473401170916687,0.0018379794648099356,246.8141331793709,247.24625140361832,0.0,1.8130803248725031
165.9709184953048,6903.13787205329,89.63806291738618,243.32827803586076,41667.56916023573,0.5965456577298505,312.7096301479897,0.2866495121207652,0.6,1.3569699349930187,1.0472390263277096,0.0018349581380670337,246.89561752936987,247.32703484207025,0.0,1.8115895135718874
166.12098261690997,6889.691866537017,89.56543094472525,243.41548774256273,41746.11931692352,0.5974561131262188,312.76566324092136,0.2863659329372534,0.6,1.3569699349930187,1.047138319323328,0.0018319458335713278,246.97704848710913,247.4077669450039,0.0,1.8101019317661204
166.27104673851514,6876.25674890034,89.49295309662773,243.50262719944683,41824.72591720049,0.598366896508296,312.82164117304575,0.2860829984813048,0.6,1.3569699349930187,1.0470379937649075,0.0018289425106706256,247.05842612690313,247.48844777765362,0.0,1.8086175673237346
166.42111086012028,6862.832496062096,89.42062880956382,243.589696555325,41903.38894555859,0.5992780077241905,312.87756406954014,0.2858007063417599,0.6,1.3569699349930187,1.0469380473926366,0.0018259481273255702,247.139750523062,247.56907740531952,0.0,1.8071364073697396
166.57117498172545,6849.419085018247,89.34845752173187,243.67669595851214,41982.10838652971,0.6001894466223642,312.93343205514435,0.2855190541162349,0.6,1.3569699349930187,1.046838477933616,0.0018229626441101947,247.22102174974356,247.64965589319132,0.0,1.8056584402640847
166.7212391033306,6836.016492846912,89.27643867422539,243.76362555679353,42060.88422465385,0.6011012130512631,312.98924525413986,0.2852380394148528,0.6,1.3569699349930187,1.0467392831288262,0.0018199860223135998,247.30223988101207,247.7301833064178,0.0,1.8041836546660146
166.87130322493576,6822.624696719168,89.20457171354332,243.85048549735473,42139.71644441303,0.6020133068585549,313.04500379030594,0.28495765986828286,0.6,1.3569699349930187,1.0466404607910589,0.0018170182205301951,247.3834049909653,247.81065971025777,0.0,1.8027120378440409
167.02136734654093,6809.243673884104,89.13285608833785,243.9372759268785,42218.60503031668,0.6029257278921183,313.1007077869824,0.2846779131172685,0.6,1.3569699349930187,1.0465420087308255,0.0018140591992748987,247.46451715357145,247.89108516988577,0.0,1.8012435779617708
167.17143146814607,6795.873401667522,89.06129124916936,244.02399699155325,42297.54996690688,0.6038384760001038,313.1563573670754,0.28439879681182256,0.6,1.3569699349930187,1.046443924750989,0.0018111089211050816,247.54557644265697,247.97145975037702,0.0,1.7997782641423647
167.32149558975124,6782.513857485849,88.98987665170749,244.11064883698265,42376.55123867394,0.6047515510299588,313.2119526530002,0.2841203086214822,0.6,1.3569699349930187,1.0463462067206097,0.0018081673459985255,247.62658293206755,248.05178351689923,0.0,1.7983160841742147
167.4715597113564,6769.165018836881,88.91861175474565,244.1972316082459,42455.608830108424,0.605664952829031,313.2674937667207,0.2838424462289095,0.6,1.3569699349930187,1.0462488525298017,0.001805234434398669,247.7075366955695,248.13205653459443,0.0,1.7968570260212735
167.62162383296155,6755.826863292024,88.84749601852128,244.28374544994767,42534.722725744665,0.6065786812450714,313.3229808297816,0.2835652073244806,0.6,1.3569699349930187,1.0461518600514084,0.0018023101493624084,247.78843780676536,248.21227886847842,0.0,1.795401078893761
167.77168795456672,6742.499368507198,88.77652890722851,244.37019050614785,42613.89291009403,0.6074927361254647,313.37841396326434,0.283288589614329,0.6,1.3569699349930187,1.0460552271991048,0.0017993944527900849,247.8692863392204,248.29245058359132,0.0,1.7939482313741197
167.92175207617186,6729.182512223996,88.70570988936741,244.4565669203535,42693.11936763533,0.6084071173171196,313.43379328778246,0.28301259082144137,0.6,1.3569699349930187,1.0459589519358807,0.001796487305214946,247.95008236648042,248.37257174501804,0.0,1.792498471309628
168.07181619777703,6715.876272256514,88.63503843486097,244.5428748356047,42772.402082890694,0.6093218246673463,313.48911892353703,0.2827372086763876,0.6,1.3569699349930187,1.0458630322079745,0.0017935886697310985,248.03082596192837,248.45264241771758,0.0,1.791051787770826
168.2218803193822,6702.580626496357,88.56451401622738,244.62911439444173,42851.74104039372,0.6102368580234888,313.5443909902965,0.2824624409210632,0.6,1.3569699349930187,1.0457674659721379,0.001790698510093259,248.11151719884282,248.5326626665923,0.0,1.789608170107113
168.37194444098733,6689.295552923178,88.49413611103981,244.7152857388369,42931.136224624024,0.6111522172321716,313.59960960735344,0.28218828531655404,0.6,1.3569699349930187,1.0456722512527936,0.0017878167873866774,248.19215615052133,248.61263255663454,0.0,1.7881676062826921
168.5220085625925,6676.021029590059,88.42390419872213,244.80138901028928,43010.587620092156,0.6120679021402805,313.6547748935858,0.28191473963283953,0.6,1.3569699349930187,1.0455773860684574,0.0017849434645842157,248.27274289012146,248.69255215273697,0.0,1.7867300851520032
168.67207268419764,6662.757034622366,88.35381776032781,244.88742434983214,43090.09521134432,0.6129839125950166,313.70988696746247,0.28164180164806774,0.6,1.3569699349930187,1.0454828684268471,0.0017820785066407843,248.3532774906496,248.77242151967914,0.0,1.7852955965108046
168.8221368058028,6649.503546231384,88.2838762817023,244.97339189794445,43169.65898287833,0.61390024844293,313.7649459469868,0.2813694691586695,0.6,1.3569699349930187,1.045388696398355,0.0017792218759341333,248.43376002511917,248.85224072231554,0.0,1.7838641288145916
168.97220092740798,6636.260542705201,88.21407925150568,245.05929179460998,43249.27891919577,0.6148169095305208,313.8199519497356,0.2810977399729986,0.6,1.3569699349930187,1.045294868070712,0.0017763735353056424,248.51419056645275,248.9320098254586,0.0,1.7824356706989797
169.12226504901312,6623.028002401222,88.14442615957825,245.145124179366,43328.95500484503,0.6157338957047366,313.8749050928901,0.2808266119060784,0.6,1.3569699349930187,1.045201381511401,0.0017735334501519367,248.59456918740122,249.01172889378242,0.0,1.7810102120308375
169.2723291706183,6609.805903756926,88.07491649943626,245.23088919123327,43408.68722435409,0.6166512068121983,313.92980549319253,0.2805560827875776,0.6,1.3569699349930187,1.0451082348257577,0.0017707015846855681,248.67489596066795,249.09139799197027,0.0,1.7795877420343609
169.42239329222343,6596.594225290913,88.00554976859023,245.31658696870943,43488.47556222207,0.6175688426991048,313.98465326694185,0.28028615046280664,0.6,1.3569699349930187,1.0450154261647737,0.0017678779017745708,248.75517095892536,249.1710171847339,0.0,1.7781682492079849
169.5724574138286,6583.392945590084,87.9363254657176,245.40221764985193,43568.32000299406,0.6184868032120953,314.03944853004776,0.2800168127836453,0.6,1.3569699349930187,1.0449229536597893,0.0017650623667997442,248.83539425467507,249.250586536647,0.0,1.7767517232630887
169.72252153543377,6570.202043314655,87.8672430918402,245.4877813722457,43648.22053122899,0.619405088197878,314.0941913980103,0.27974806761229654,0.6,1.3569699349930187,1.044830815450054,0.0017622549457523699,248.9155659203066,249.3301061122146,0.0,1.7753381541708129
169.8725856570389,6557.0214972084195,87.79830215273448,245.57327827293653,43728.177131435164,0.6203236975024934,314.148881985878,0.27947991282897927,0.6,1.3569699349930187,1.044739009739129,0.0017594556019817323,248.9956860282171,249.40957597601565,0.0,1.7739275305236475
170.02264977864408,6543.851286084447,87.7295021557716,245.65870848852364,43808.18978815441,0.6212426309722802,314.2035204083075,0.2792123463217952,0.6,1.3569699349930187,1.0446475347217523,0.0017566643006954668,249.07575465065597,249.48899619251725,0.0,1.7725198418006103
170.17271390024925,6530.691388824061,87.66084260971898,245.7440721551665,43888.25848596643,0.6221618884539261,314.2581067795685,0.2789453659860789,0.6,1.3569699349930187,1.044556388579414,0.0017538810090271786,249.15577185971486,249.56836682606306,0.0,1.7711150784050929
170.3227780218544,6517.5417843902405,87.59232302786526,245.8293694084978,43968.38320940526,0.6230814697935099,314.31264121348875,0.2786789697343749,0.6,1.3569699349930187,1.0444655695534744,0.0017511056915384062,249.23573772748276,249.64768794105737,0.0,1.7697132293957782
170.47284214345956,6504.40245181859,87.52394292604892,245.91460038368206,44048.56394301168,0.6240013748371038,314.3671238234918,0.27841315549011136,0.6,1.3569699349930187,1.044375075899597,0.0017483383132548917,249.31565232594943,249.7269596018499,0.0,1.7683142840169623
170.6229062650647,6491.27337021014,87.45570182106692,245.99976521546222,44128.800671375066,0.6249216034312548,314.4215547226278,0.2781479211824947,0.6,1.3569699349930187,1.0442849058508514,0.001745578841703549,249.39551572692702,249.80618187264227,0.0,1.7669182327304018
170.77297038666987,6478.154518741951,87.38759923315402,246.08486403809096,44209.09337906674,0.6258421554222201,314.47593402352953,0.27788326475442016,0.6,1.3569699349930187,1.0441950576758443,0.0017428272432029176,249.4753280021729,249.88535481763387,0.0,1.7655250653413654
170.92303450827504,6465.0458766680385,87.31963468627005,246.16989698532456,44289.44205063191,0.6267630306558762,314.5302618384095,0.2776191841633689,0.6,1.3569699349930187,1.0441055296858184,0.0017400834827514214,249.55508922340408,249.96447850103908,0.0,1.76413477093956
171.07309862988018,6451.947423306913,87.25180770532519,246.2548641905039,44369.846670663865,0.6276842289785703,314.58453827911205,0.277355677372522,0.6,1.3569699349930187,1.0440163201700619,0.0017373475278158583,249.63479946216168,250.0435529869252,0.0,1.76274733981842
171.22316275148535,6438.859138046554,87.18411781736202,246.33976578652187,44450.30722377148,0.6286057502367485,314.6387634570929,0.2770927423545232,0.6,1.3569699349930187,1.0439274274237595,0.001734619346426969,249.71445878986884,250.12257833928146,0.0,1.7613627625131199
171.3732268730905,6425.7810003544355,87.11656455391778,246.42460190575872,44530.823694515595,0.629527594276227,314.6929374833787,0.27683037709900643,0.6,1.3569699349930187,1.0438388498036537,0.0017318989040026056,249.79406727794762,250.20155462215797,0.0,1.7599810281875088
171.52329099469566,6412.7129897635195,87.0491474479055,246.50937268017253,44611.39606749265,0.6304497609431522,314.74706046862514,0.27656857960261333,0.6,1.3569699349930187,1.043750585655304,0.0017291861677926725,249.87362499766652,250.28048189948373,0.0,1.7586021268891667
171.67335511630083,6399.655085871345,86.98186603343726,246.59407824130534,44692.02432733871,0.6313722500840464,314.8011325231212,0.2763073478684156,0.6,1.3569699349930187,1.0436626333091172,0.0017264811069206108,249.95313202013196,250.35936023505633,0.0,1.7572260495741494
171.82341923790597,6386.607268353189,86.9147198489127,246.67871872019776,44772.70845864609,0.6322950615448544,314.8551537567357,0.276046679915759,0.6,1.3569699349930187,1.0435749911531165,0.0017237836879449517,250.0325884164403,250.43818969272277,0.0,1.755852785850194
171.97348335951114,6373.569516953142,86.84770843505237,246.76329424744665,44853.44844601617,0.6332181951715493,314.909124278954,0.2757865737739647,0.6,1.3569699349930187,1.0434876575871266,0.001721093877891019,250.11199425758204,250.51697033626505,0.0,1.7544823255168545
172.1235474811163,6360.541811477153,86.780831333347,246.84780495325046,44934.24427410059,0.6341416508106037,314.96304419890765,0.2755270274773651,0.6,1.3569699349930187,1.0434006309865318,0.0017184116462347434,250.19134961436643,250.59570222931015,0.0,1.7531146595783567
172.27361160272145,6347.524131803506,86.71408808852111,246.9322509673411,45015.09592753431,0.6350654283082248,315.01691362533177,0.2752680390731505,0.6,1.3569699349930187,1.0433139097604418,0.0017157369612220005,250.27065455754231,250.67438543547374,0.0,1.7517497783694942
172.4236757243266,6334.516457883606,86.64747824878933,247.01663241897893,45096.00339092871,0.6359895275102768,315.0707326665619,0.2750096066221676,0.6,1.3569699349930187,1.0432274923580869,0.0017130697898042736,250.34990915781114,250.75302001837554,0.0,1.750387671520297
172.57373984593175,6321.518769729856,86.58100136313145,247.10094943703126,45176.96664894462,0.6369139482631165,315.1245014305847,0.27475172819021,0.6,1.3569699349930187,1.0431413772049,0.0017104101013601328,250.4291134856947,250.83160604148114,0.0,1.7490283298562015
172.72380396753692,6308.531047420626,86.51465698247917,247.1852021499403,45257.98568625992,0.637838690413223,315.1782200250181,0.27449440185178986,0.6,1.3569699349930187,1.0430555627306621,0.0017077578657885876,250.50826761159317,250.91014356817152,0.0,1.747671744427245
172.8738680891421,6295.553271110009,86.44844466203101,247.26939068565966,45339.0604875063,0.6387637538064762,315.23188855707133,0.2742376256975027,0.6,1.3569699349930187,1.0429700474244226,0.0017051130504060201,250.58737160589843,250.98863266187732,0.0,1.7463179049200583
173.02393221074723,6282.585421014112,86.38236395817253,247.35351517174334,45420.1910373529,0.6396891382891133,315.28550713360175,0.273981397824189,0.6,1.3569699349930187,1.042884829762132,0.0017024756243370172,250.66642553884498,251.06707338590098,0.0,1.7449668019029365
173.1739963323524,6269.627477410238,86.31641442831992,247.43757573535112,45501.37732050962,0.6406148437077661,315.33907586111945,0.2737257163344231,0.6,1.3569699349930187,1.0427999082030952,0.0016998455585303638,250.74542948050242,251.14546580340794,0.0,1.7436184268376138
173.32406045395754,6256.679420649825,86.2505956339734,247.5215725031644,45582.61932164408,0.641540869908515,315.39259484573347,0.2734705793462296,0.6,1.3569699349930187,1.0427152812624207,0.0016972228213786961,250.82438350092437,251.22380997760357,0.0,1.7422727698345533
173.4741245755627,6243.741231149616,86.1849071387539,247.60550560144372,45663.91702543496,0.6424672167374981,315.4460641931893,0.27321598498680744,0.6,1.3569699349930187,1.0426309474649258,0.0016946073817456061,250.90328767005403,251.30210597162025,0.0,1.7409298212027948
173.62418869716788,6230.8128893849325,86.11934850689124,247.68937515607223,45745.2704166123,0.6433938840413708,315.4994840088968,0.27296193138770003,0.6,1.3569699349930187,1.0425469053095289,0.0016919992108977173,250.98214205765092,251.3803538484302,0.0,1.739589572444082
173.77425281877302,6217.894375900023,86.05391930567257,247.7731812924885,45826.67947989062,0.6443208716665442,315.5528543978881,0.2727084166925809,0.6,1.3569699349930187,1.0424631533274584,0.0016893982788520852,251.06094673341008,251.45855367098707,0.0,1.7382520143784919
173.9243169403782,6204.985671308725,85.9886191056679,247.85692413568233,45908.14419996265,0.645248179459115,315.60617546481535,0.2724554390579539,0.6,1.3569699349930187,1.0423796900879394,0.0016868045543580238,251.13970176697376,251.53670550223967,0.0,1.7369171371325882
174.07438106198336,6192.086756282651,85.92344747805262,247.94060381027137,45989.66456157189,0.6461758072656916,315.65944731399986,0.2722029966446115,0.6,1.3569699349930187,1.0422965141349154,0.0016842180085532928,251.2184072278022,251.61480940497776,0.0,1.7355849320207517
174.2244451835885,6179.197611556159,85.85840399579885,248.02422044046875,46071.24054947959,0.6471037549330199,315.712670049412,0.271951087621416,0.6,1.3569699349930187,1.0422136240154878,0.0016816386130551646,251.2970631852316,251.69286544190092,0.0,1.7342553905655549
174.37450930519367,6166.318217935828,85.79348823594403,248.10777415002178,46152.872148402785,0.6480320223072773,315.76584377463274,0.27169971017250444,0.6,1.3569699349930187,1.0421310183341141,0.0016790663369293456,251.37566970858438,251.7708736757498,0.0,1.7329285029345365
174.5245734267988,6153.4485562870605,85.72869977654793,248.19126506229864,46234.55934309691,0.6489606092350143,315.8189685929092,0.27144886248758626,0.6,1.3569699349930187,1.0420486956805595,0.0016765011510279342,251.45422686702292,251.84883416913127,0.0,1.7316042601754198
174.67463754840398,6140.588607533329,85.66403819655618,248.27469330029345,46316.30211835932,0.6498895155631953,315.8720446071583,0.27119854276149785,0.6,1.3569699349930187,1.041966654626795,0.0016739430279805545,251.53273472954314,251.926746984511,0.0,1.7302826542150413
174.82470167000915,6127.738352668914,85.5995030788192,248.35805898654343,46398.10045894609,0.6508187411382517,315.9250719199146,0.27094874920379297,0.6,1.3569699349930187,1.0418848937991114,0.0016713919378706997,251.61119336512056,252.004612184387,0.0,1.728963675626548
174.9747657916143,6114.897772750154,85.53509400813142,248.44136224318584,46479.95434962587,0.6517482858066963,315.9780506333669,0.2706994800324875,0.6,1.3569699349930187,1.0418034118317405,0.001668847851258195,251.68960284261675,252.082429831178,0.0,1.7276473151888418
175.12482991321946,6102.06684888893,85.47081056975672,248.52460319200017,46561.86377521964,0.6526781494155753,316.0309808493856,0.2704507334693572,0.6,1.3569699349930187,1.0417222073318597,0.001666310741060911,251.7679632307085,252.1601999871387,0.0,1.7263335648622504
175.2748940348246,6089.245562262904,85.40665235186222,248.60778195434162,46643.82872053349,0.6536083318117044,316.0838626694807,0.2702025077476649,0.6,1.3569699349930187,1.0416412789378469,0.0016637805789294505,251.84627459800535,252.23792271449986,0.0,1.7250224159137824
175.42495815642977,6076.433894116051,85.34261894571345,248.69089865113773,46725.84917035344,0.6545388328416111,316.1366961948004,0.26995480111276343,0.6,1.3569699349930187,1.0415606253242637,0.0016612573352739483,251.92453701305962,252.31559807547984,0.0,1.7237138589285173
175.57502227803494,6063.631825747144,85.27870994304207,248.77395340296306,46807.92510951711,0.6554696523523497,316.18948152617844,0.26970761181371417,0.6,1.3569699349930187,1.041480245139186,0.001658740982856625,252.0027505442406,252.39322613213437,0.0,1.7224078856723772
175.72508639964008,6050.8393385147065,85.21492493724185,248.85694633000705,46890.05652288047,0.6564007901911225,316.24221876411485,0.26946093810707694,0.6,1.3569699349930187,1.0414001370329342,0.0016562314948804985,252.0809152597921,252.47080694642528,0.0,1.7211044881036617
175.87515052124525,6038.056413846254,85.151263525592,248.93987755201402,46972.24339525649,0.6573322462045864,316.29490800873776,0.2692147782639601,0.6,1.3569699349930187,1.04132029971156,0.0016537288420286143,252.15903122793986,252.54834058034785,0.0,1.7198036568343678
176.02521464285041,6025.283033225142,85.08772530624924,249.0227471883685,47054.48571149791,0.6582640202397916,316.3475493598581,0.26896913056044736,0.6,1.3569699349930187,1.0412407318651073,0.0016512329967503104,252.23709851674786,252.62582709575963,0.0,1.7185053833556667
176.17527876445556,6012.519178189936,85.02430987813031,249.10555535809937,47136.78345649953,0.6591961121442068,316.4001429169728,0.2687239932772145,0.6,1.3569699349930187,1.0411614321649096,0.001648743933228095,252.31511719411313,252.70326655437398,0.0,1.717209660024115
176.32534288606072,5999.764830346881,84.9610168438976,249.18830217979877,47219.13661511616,0.6601285217647915,316.4526887792137,0.26847936470899814,0.6,1.3569699349930187,1.0410823993354246,0.0016462616231093415,252.39308732790906,252.7806590179306,0.0,1.7159164778405898
176.47540700766586,5987.019971361288,84.89784580800013,249.27098777167822,47301.54517221621,0.6610612489486033,316.5051870453835,0.26823524315835834,0.6,1.3569699349930187,1.0410036321075264,0.0016437860385240823,252.4710089858924,252.8580045480845,0.0,1.7146258280192244
176.62547112927103,5974.284582951193,84.8347963752347,249.35361225160958,47384.00911272109,0.6619942935432438,316.55763781398224,0.26799162693109907,0.6,1.3569699349930187,1.040925129184112,0.001641317153917668,252.548882235635,252.93530320632442,0.0,1.7133377029448806
176.7755352508762,5961.558646897486,84.77186815316571,249.4361757370593,47466.52842153789,0.6629276553960974,316.6100411831661,0.26774851434393787,0.6,1.3569699349930187,1.0408468892984162,0.0016388549424520091,252.6267071446395,253.0125550541107,0.0,1.7120520942979285
176.92559937248134,5948.842145044331,84.70906075229026,249.51867834508582,47549.103083554764,0.6638613343542804,316.6623972507459,0.26750590372501426,0.6,1.3569699349930187,1.0407689112182852,0.0016363993760762216,252.7044837803482,253.0897601528852,0.0,1.7107689930886447
177.0756634940865,5936.135059287907,84.64637378344919,249.6011201924125,47631.73308371244,0.6647953302654497,316.7147061142342,0.26726379340566053,0.6,1.3569699349930187,1.0406911936840915,0.0016339504290571241,252.78221221001985,253.16691856392475,0.0,1.7094883915016816
177.22572761569165,5923.437371581384,84.58380685902779,249.68350139539538,47714.41840697001,0.6657296429774158,316.7669678708248,0.2670221817242019,0.6,1.3569699349930187,1.04061373543776,0.0016315080760655536,252.85989250078734,253.24403034840935,0.0,1.7082102818987657
177.37579173729682,5910.749063943898,84.52135959513477,249.76582206996488,47797.159038244965,0.6666642723374666,316.8191826173565,0.2667810670328533,0.6,1.3569699349930187,1.0405365352755542,0.0016290722892842826,252.937524719762,253.32109556754645,0.0,1.7069346553043179
177.525855858902,5898.070118447667,84.45903160862777,249.84808233170952,47879.95496249525,0.6675992181932954,316.8713504503664,0.26654044768827134,0.6,1.3569699349930187,1.0404595919766104,0.0016266430426437337,253.01510893389278,253.39811428240267,0.0,1.705661503621312
177.67591998050713,5885.400517217436,84.39682251701446,249.93028229587927,47962.80616472119,0.6685344803930212,316.9234714660927,0.26630032205123055,0.6,1.3569699349930187,1.0403829043006523,0.0016242203117651816,253.09264520996157,253.47508655389848,0.0,1.7043908196048796
177.8259841021123,5872.740242442746,84.33473194140545,250.01242207730613,48045.71262988389,0.6694700587842698,316.97554576042444,0.2660606884959734,0.6,1.3569699349930187,1.0403064710595284,0.001621804069746533,253.1701336147244,253.55201244297575,0.0,1.7031225946528377
177.97604822371747,5860.089276369387,84.2727595045567,250.0945017904596,48128.67434295915,0.6704059532147819,317.0275734289372,0.26582154540398906,0.6,1.3569699349930187,1.0402302910701882,0.0016193942901754086,253.2475742148189,253.62889201048762,0.0,1.7018568203840032
178.1261123453226,5847.447601293275,84.21090482946505,250.17652154948615,48211.691288975926,0.6713421635328477,317.0795545669187,0.2655828911595515,0.6,1.3569699349930187,1.0401543631208603,0.0016169909489140326,253.3249670766981,253.70572531711923,0.0,1.7005934895777237
178.27617646692778,5834.815199570436,84.14916754177436,250.25848146814477,48294.76345294948,0.6722786895865532,317.131489269328,0.265344724157334,0.6,1.3569699349930187,1.0400786860294393,0.0016145940205263038,253.402312266745,253.78251242352422,0.0,1.6993325942980813
178.42624058853292,5822.192053617334,84.08754726991123,250.3403816598045,48377.89081987716,0.6732155312237333,317.18337763079444,0.2651070428028237,0.6,1.3569699349930187,1.0400032586470533,0.0016122034783912322,253.4796098512795,253.85925339033253,0.0,1.6980741259510845
178.5763047101381,5809.578145899873,84.02604364253764,250.4222222375161,48461.073374809224,0.6741526882927706,317.2352197456637,0.26486984550424025,0.6,1.3569699349930187,1.039928079796534,0.0016098192981728854,253.5568598964385,253.93594827800754,0.0,1.6968180771110828
178.72636883174326,5796.973458938352,83.96465628975629,250.50400331397958,48544.31110281473,0.6750901606422116,317.2870157079774,0.2646331306763437,0.6,1.3569699349930187,1.0398531483017543,0.0016074414559042699,253.63406246823308,254.012597146914,0.0,1.6955644405146248
178.8764329533484,5784.377975316235,83.90338484524628,250.58572500148753,48627.60398892185,0.6760279481200936,317.33876561143745,0.2643968967471847,0.6,1.3569699349930187,1.0397784630397053,0.0016050699251623952,253.7112176326501,254.08920005743877,0.0,1.6943132075701632
179.02649707495357,5771.791677667468,83.8422289433206,250.66738741200723,48710.952018199874,0.6769660505748709,317.3904695494588,0.2641611421487736,0.6,1.3569699349930187,1.039704022869297,0.0016027046812545284,253.7883254555138,254.16575706982582,0.0,1.6930643705643948
179.1765611965587,5759.214548676044,83.78118821884533,250.74899065718358,48794.35517576084,0.6779044678554317,317.4421276151715,0.26392586531681617,0.6,1.3569699349930187,1.0396298266294854,0.0016003457011382809,253.86538600248244,254.24226824417184,0.0,1.6918179226233767
179.32662531816388,5746.646571088042,83.72026231016073,250.83053484826092,48877.8134466779,0.6788431998101799,317.4937399013713,0.26369106469994724,0.6,1.3569699349930187,1.0395558732105137,0.0015979929592602642,253.94239933918635,254.31873364059098,0.0,1.6905738555145091
179.47668943976905,5734.087727703166,83.65945085712443,250.91202009613792,48961.326816039815,0.6797822462876502,317.54530650055545,0.2634567387535236,0.6,1.3569699349930187,1.039482161506568,0.0015956464305644368,254.01936553113651,254.39515331910513,0.0,1.6893321612341246
179.6267535613742,5721.538001368814,83.59875349974031,250.9934465114061,49044.89526898891,0.6807216071369337,317.59682750494665,0.26322288593527665,0.6,1.3569699349930187,1.0394086903825186,0.0015933060922304113,254.09628464366025,254.4715273395677,0.0,1.6880928329293068
179.77681768297936,5708.997374989938,83.53816988055164,251.0748142042857,49128.51879065373,0.6816612822069217,317.6483030064536,0.26298950471287236,0.6,1.3569699349930187,1.0393354587323764,0.00159097192012573,254.1731567420145,254.54785576179785,0.0,1.6868558630214516
179.9268818045845,5696.46583152927,83.47769964474735,251.1561232846245,49212.19736614613,0.6826012713462735,317.69973309667006,0.262756593564234,0.6,1.3569699349930187,1.039262465482161,0.0015886438889610292,254.24998189139112,254.624138645587,0.0,1.6856212432860254
180.07694592618967,5683.9433539965685,83.41734243765531,251.23737386196723,49295.93098063108,0.6835415744042017,317.75111786691946,0.2625241509696031,0.6,1.3569699349930187,1.0391897095289118,0.0015863219757009123,254.32676015679985,254.7003760505591,0.0,1.6843889666611744
180.22701004779483,5671.429925453579,83.35709790595197,251.31856604552357,49379.71961929231,0.6844821912300858,317.80245740823483,0.26229217541535615,0.6,1.3569699349930187,1.0391171897703249,0.0015840061576453458,254.40349160312527,254.77656803623822,0.0,1.6831590262327372
180.37707416939998,5658.925529022565,83.29696569975586,251.3996999441128,49463.56326727363,0.6854231216728139,317.85375181132434,0.26206066540060957,0.6,1.3569699349930187,1.0390449051561477,0.0015816964096704038,254.4801762952257,254.8527146621662,0.0,1.6819314137678232
180.52713829100514,5646.430147873859,83.23694546971582,251.48077566624448,49547.46190976039,0.686364365581698,317.9050011666225,0.2618296194280036,0.6,1.3569699349930187,1.0389728546172188,0.0015793927083661203,254.5568142977973,254.92881598774068,0.0,1.6807061219117463
180.6772024126103,5633.943765225506,83.17703686694767,251.5617933201208,49631.41553198071,0.6873059228064877,317.9562055642923,0.2615990360034941,0.6,1.3569699349930187,1.0389010370640013,0.001577095031933975,254.63340567537134,255.0048720722115,0.0,1.6794831441367484
180.82726653421545,5621.46636435512,83.11723954592452,251.64275301355968,49715.424119124305,0.6882477931964601,318.00736509417646,0.261368913645474,0.6,1.3569699349930187,1.038829451457546,0.0015748033560773012,254.70995049245,255.08088297484252,0.0,1.678262472555321
180.97733065582062,5608.997928591459,83.05755316252012,251.72365485404933,49799.48765639725,0.6891899766010345,318.0584798458328,0.26113925087857814,0.6,1.3569699349930187,1.0387580967618129,0.0015725176570048377,254.78644881341557,255.156848754803,0.0,1.6770440995169558
181.12739477742576,5596.538441308707,82.99797737267029,251.80449894878535,49883.60612905918,0.6901324728701902,318.10954990855765,0.2609100462294468,0.6,1.3569699349930187,1.0386869719109615,0.0015702379131236465,254.86290070246818,255.23276947109332,0.0,1.6758280185124905
181.27745889903093,5584.087885936214,82.93851183475313,251.88528540460766,49967.779522356184,0.6910752818537134,318.16057537134674,0.26068129823423275,0.6,1.3569699349930187,1.03861607586789,0.001567964101515941,254.93930622373745,255.30864518267794,0.0,1.6746142222969456
181.4275230206361,5571.646245958603,82.87915620966682,251.9660143279996,50052.007821518324,0.692018403401171,318.2115563228947,0.2604530054388343,0.6,1.3569699349930187,1.0385454076264002,0.0015656961981350035,255.01566544128656,255.38447594849,0.0,1.6734027029916465
181.57758714224124,5559.213504905282,82.81991015836172,252.04668582515617,50136.29101182916,0.6929618373626902,318.26249285163834,0.2602251663910933,0.6,1.3569699349930187,1.0384749661507373,0.0015634341811583774,255.0919784189979,255.4602618272948,0.0,1.6721934538752588
181.7276512638464,5546.789646355373,82.76077334305474,252.12730000195188,50220.629078590915,0.6939055835885672,318.3133850457373,0.2599977796446202,0.6,1.3569699349930187,1.0384047504055312,0.001561178029066747,255.16824522062987,255.53600287775734,0.0,1.6709864683599525
181.87771538545155,5534.374653946035,82.70174542928113,252.2078569638868,50305.02200706644,0.6948496419286188,318.3642329930397,0.25977084376525805,0.6,1.3569699349930187,1.0383347594065035,0.0015589277179489517,255.24446590991292,255.6116991585567,0.0,1.6697817385486624
182.02777950705672,5521.968511360239,82.64282608301272,252.2883568161659,50389.469782560736,0.6957940122330952,318.415036781133,0.25954435732197667,0.6,1.3569699349930187,1.0382649921497502,0.0015566832255924472,255.32064055041616,255.6873507282267,0.0,1.6685792574227036
182.1778436286619,5509.571202326482,82.58401497061149,252.3687996637008,50473.97239042133,0.6967386943526845,318.4657964973452,0.2593183188867189,0.6,1.3569699349930187,1.038195447610663,0.0015544445313587004,255.39676920554535,255.76295764515368,0.0,1.6673790187782114
182.32790775026703,5497.182710630451,82.52531176168971,252.44918561103424,50558.5298159578,0.6976836881376128,318.51651222869765,0.25909272704341246,0.6,1.3569699349930187,1.038126124814631,0.001552211612124256,255.47285193867657,255.8385199677351,0.0,1.6661810150506866
182.4779718718722,5484.803020106663,82.46671612715343,252.52951476239411,50643.14204449655,0.6986289934382568,318.5671840619395,0.2588675803817863,0.6,1.3569699349930187,1.0380570227890158,0.0015499844452794625,255.54888881306564,255.91403775427187,0.0,1.6649852389208009
182.62803599347737,5472.43211463293,82.40822773789525,252.60978722172956,50727.80906141781,0.6995746101055587,318.6178120835706,0.25864287749324044,0.6,1.3569699349930187,1.0379881405309914,0.0015477630103771078,255.62487989178817,255.98951106289653,0.0,1.6637916842014915
182.7781001150825,5460.0699781399935,82.34984626716223,252.69000309264834,50812.53085208803,0.7005205379902694,318.66839637980263,0.25841861697830293,0.6,1.3569699349930187,1.0379194770661584,0.0015455472856332208,255.70082523784947,256.0649399517041,0.0,1.6626003439600086
182.92816423668768,5447.716594611499,82.29157139060548,252.77016247841698,50897.30740185852,0.7014667769429355,318.7189370365593,0.2581947974467738,0.6,1.3569699349930187,1.0378510314500187,0.0015433372481627784,255.77672491418767,256.14032447875564,0.0,1.661411210642199
183.07822835829282,5435.371948073777,82.2334027838501,252.85026548202714,50982.1386961341,0.702413326814665,318.7694341395187,0.2579714175100561,0.6,1.3569699349930187,1.0377828027080223,0.0015411328772765621,255.85257898356153,256.2156647019443,0.0,1.6602242778461898
183.228292479898,5423.036022600744,82.17534012371401,252.93031220616376,51067.02472033824,0.703360187456739,318.81988777409333,0.25774847578498966,0.6,1.3569699349930187,1.0377147898658203,0.0015389341525574992,255.92838750860733,256.29096067906306,0.0,1.6590395392897066
183.37835660150316,5410.708802322018,82.11738309021919,253.01030275315242,51151.96545985551,0.7043073587199697,318.8702980253975,0.2575259709001767,0.6,1.3569699349930187,1.0376469919992917,0.0015367410512285946,256.0041505519322,256.3662124679157,0.0,1.6578569873908298
183.5284207231083,5398.390271410906,82.05953136373876,253.09023722503719,51236.96090011296,0.7052548404556087,318.92066497829654,0.2573039014869831,0.6,1.3569699349930187,1.037579408164051,0.0015345535521969675,256.07986817598305,256.4414201261604,0.0,1.6566766154463834
183.67848484471347,5386.080414084188,82.00178462496704,253.17011572358211,51322.01102658012,0.7062026325153469,318.97098871740815,0.2570822661794374,0.6,1.3569699349930187,1.0375120373947635,0.0015323716359076386,256.1555404430453,256.5165837113083,0.0,1.6554984175561809
183.8285489663186,5373.779214613596,81.94414255775037,253.24993835019671,51407.115824688655,0.7071507347504199,319.02126932705573,0.2568610636231357,0.6,1.3569699349930187,1.0374448787755817,0.001530195280334233,256.2311674153743,256.5917032808795,0.0,1.6543223864587038
183.97861308792378,5361.486657317519,81.88660484713037,253.3297052059898,51492.27527988781,0.7080991470122252,319.0715068913027,0.2566402924690686,0.6,1.3569699349930187,1.037377931391784,0.0015280244639728265,256.30674915510536,256.6667788922962,0.0,1.6531485151458492
184.12867720952895,5349.202726555634,81.8291711780672,253.40941639180426,51577.4893776805,0.709047869152726,319.12170149397457,0.25641995136959445,0.6,1.3569699349930187,1.037311194298137,0.0015258591674473783,256.3822857241956,256.7418106028127,0.0,1.6519767977329847
184.27874133113409,5336.927406738439,81.77184123779567,253.48907200815518,51662.75810355568,0.7099969010236967,319.1718532186205,0.25620003898584714,0.6,1.3569699349930187,1.0372446665776056,0.0015236993700339402,256.45777718453246,256.81679846964505,0.0,1.6508072275801493
184.42880545273925,5324.6606823271195,81.71461471584689,253.56867215523076,51748.08144298798,0.7109462424767199,319.22196214851397,0.255980553987793,0.6,1.3569699349930187,1.0371783473421314,0.0015215450499352432,256.53322359793566,256.8917425499729,0.0,1.649639797438308
184.57886957434442,5312.402537823558,81.65749130165504,253.64821693295715,51833.45938150559,0.7118958933639429,319.2720283666941,0.25576149504669043,0.6,1.3569699349930187,1.0371122356731792,0.0015193961875225015,256.60862502604743,256.96664290080855,0.0,1.648474501205891
184.72893369594956,5300.152957775237,81.6004706857809,253.72770644096659,51918.89190465501,0.7128458535376846,319.32205195594577,0.2555428608389334,0.6,1.3569699349930187,1.0370463306523,0.0015172527634091985,256.6839815303891,257.0414995790644,0.0,1.6473113328872726
184.87899781755473,5287.911926783119,81.54355256188289,253.8071407785461,52004.37899794438,0.7137961228498065,319.3720329987677,0.25532465005224025,0.6,1.3569699349930187,1.0369806314104828,0.0015151147558806358,256.759293172452,257.11631264166095,0.0,1.6461502851968455
185.02906193915987,5275.679429489873,81.48673662389247,253.88652004471436,52089.92064692474,0.714746701152616,319.42197157742123,0.2551068613767597,0.6,1.3569699349930187,1.0369151370578864,0.0015129821448924756,256.8345600135687,257.1910821453733,0.0,1.6449913517282644
185.17912606076504,5263.455450579703,81.43002256600023,253.96584433822215,52175.51683718933,0.715697588298859,319.47186777393074,0.25488949350502094,0.6,1.3569699349930187,1.0368498466835339,0.0015108549119033942,256.9097821149125,257.2658081468301,0.0,1.6438345268665955
185.3291901823702,5251.239974789658,81.37341008545798,254.0451137574795,52261.16755429356,0.7166487841408304,319.52172167003823,0.2546725451407344,0.6,1.3569699349930187,1.0367847594254966,0.0015087330359144265,256.98495953762625,257.3404907026674,0.0,1.6426798036350359
185.47925430397535,5239.032986901401,81.31689888062172,254.1243284006088,52346.87278381106,0.7176002885309988,319.57153334723694,0.25445601499262827,0.6,1.3569699349930187,1.0367198744221928,0.001506616496457892,257.06009234273336,257.41512986942195,0.0,1.6415271753184921
185.62931842558052,5226.834471735986,81.26048864970443,254.2034883654788,52432.6325113689,0.7185521013223953,319.6213028867932,0.2542399017705216,0.6,1.3569699349930187,1.03665519078126,0.001504505275160658,257.13518059108117,257.48972570346405,0.0,1.6403766363168055
185.77938254718566,5214.644414163305,81.20417909312084,254.28259374964324,52518.446722580295,0.7195042223678693,319.67103036970803,0.2540242041926854,0.6,1.3569699349930187,1.0365907076383762,0.0015023993522912207,257.2102243434485,257.56427826112497,0.0,1.6392281802650508
185.92944666879083,5202.462799101848,81.14796991348163,254.36164465034247,52604.31540304444,0.7204566515200844,319.72071587671843,0.2538089209858131,0.6,1.3569699349930187,1.03652642415733,0.0015002987070722874,257.2852236605459,257.63878759869766,0.0,1.6380818002015758
186.079510790396,5190.289611508932,81.09186081323601,254.44064116456676,52690.23853841423,0.7214093886322728,319.7703594883376,0.2535940508776065,0.6,1.3569699349930187,1.0364623394710681,0.0014982033208687695,257.36017860290866,257.7132537723085,0.0,1.6369374903075962
186.22957491200114,5178.12483638559,81.03585149589972,254.51958338902463,52776.216114360635,0.7223624335578381,319.819961284835,0.25337959260062676,0.6,1.3569699349930187,1.0363984527125634,0.0014961131752589923,257.4350892309528,257.7876768379848,0.0,1.6357952448568411
186.3796390336063,5165.968458784261,80.9799416679871,254.59847142009292,52862.2481165167,0.7233157861497355,319.86952134620594,0.2531655448983515,0.6,1.3569699349930187,1.0363347630635042,0.0014940282495246207,257.5099556050642,257.8620568517595,0.0,1.63465505684278
186.52970315521148,5153.820463797198,80.9241310362136,254.67730535389202,52948.33453055842,0.7242694462613689,319.9190397522184,0.2529519065163812,0.6,1.3569699349930187,1.036271269684227,0.001491948524604601,257.5847777854711,257.93639386952043,0.0,1.6335169201387985
186.67976727681662,5141.680836556388,80.86841930749783,254.75608528628632,53034.47534220398,0.7252234137465827,319.96851658241405,0.2527386762024401,0.6,1.3569699349930187,1.0362079717138102,0.0014898739829071255,257.6595558322449,258.01068794701035,0.0,1.6323808293983353
186.8298313984218,5129.549562244653,80.81280619173528,254.83481131281226,53120.670537133774,0.7261776884587751,320.01795191606317,0.2525258527150736,0.6,1.3569699349930187,1.0361448683399934,0.0014878046043966828,257.7342898054268,258.08493913997773,0.0,1.631246777912571
186.97989552002693,5117.426626087506,80.75729139984111,254.9134835287311,53206.92010104675,0.7271322702515236,320.0673458321982,0.2523134348174954,0.6,1.3569699349930187,1.0360819587501369,0.0014857403695780083,257.808979764939,258.15914750407114,0.0,1.6301147592427188
187.1299596416321,5105.312013348071,80.70187464253164,254.99210202906187,53293.22401969529,0.7280871589789709,320.11669840963475,0.2521014212737573,0.6,1.3569699349930187,1.0360192421006076,0.0014836812610181775,257.88362577053033,258.23331309477396,0.0,1.6289847680566252
187.28002376323727,5093.205709336433,80.64655563265798,255.07066690852082,53379.58227881764,0.7290423544950766,320.1660097269335,0.2518898108560638,0.6,1.3569699349930187,1.0359567175756945,0.0014816272599160463,257.9582278818821,258.30743596753047,0.0,1.6278567982481138
187.4300878848424,5081.107699409308,80.59133408517347,255.14917826152333,53465.994864138585,0.7299978566536267,320.2152798624023,0.2516786023446597,0.6,1.3569699349930187,1.0358943843869997,0.0014795783464519887,258.0327861586071,258.38151617774463,0.0,1.6267308431266334
187.58015200644758,5069.017968960463,80.5362097148109,255.22763618224624,53552.46176143661,0.7309536653089749,320.264508894135,0.2514677945205365,0.6,1.3569699349930187,1.035832241714953,0.001477534502923252,258.1073006601452,258.4555537806554,0.0,1.6256068971400994
187.73021612805272,5056.936503425618,80.4811822373152,255.306040764596,53638.982956507854,0.7319097803156451,320.31369689999207,0.25125738616929305,0.6,1.3569699349930187,1.03577028874,0.0014754957118125896,258.18177144581904,258.52954883140313,0.0,1.6244849548157103
187.8802802496579,5044.863288289925,80.42625137133707,255.3843921021601,53725.55843511119,0.7328662015277247,320.3628439575703,0.2510473760870625,0.6,1.3569699349930187,1.0357085246906366,0.0014734619533373669,258.25619857492075,258.6035013851322,0.0,1.6233650094101744
188.03034437126306,5032.7983090765765,80.37141683566209,255.46269028828098,53812.188183048354,0.7338229287997502,320.41195014424954,0.25083776307181693,0.6,1.3569699349930187,1.0356469487735271,0.001471433209359758,258.3305821065866,258.6774114968423,0.0,1.6222470550608845
188.1804084928682,5020.741551346791,80.31667834922817,255.54093541605613,53898.872186163004,0.7347799619866965,320.46101553719285,0.25062854592341693,0.6,1.3569699349930187,1.0355855601739927,0.0014694094631784495,258.40492209979834,258.7512792213894,0.0,1.6211310866741289
188.33047261447336,5008.693000710728,80.26203563387178,255.61912757826732,53985.61043026126,0.7357373009431004,320.51004021330266,0.2504197234522094,0.6,1.3569699349930187,1.035524358125685,0.0014673906956625053,258.47921861350795,258.8251046136341,0.0,1.620017097793678
188.48053673607853,4996.652642819415,80.20748841237014,255.69726686743283,54072.40290116803,0.7366949455236825,320.5590242492535,0.25021129447288337,0.6,1.3569699349930187,1.0354633418611932,0.0014653768882302864,258.55347170654926,258.8988877283368,0.0,1.6189050822416782
188.63060085768367,4984.6204633598245,80.1530364072509,255.77535337583953,54159.249584761594,0.7376528955837292,320.60796772151264,0.2500032578007345,0.6,1.3569699349930187,1.0354025105819382,0.00146336802433133,258.62768143758507,258.9726286200939,0.0,1.617795034938816
188.78066497928884,4972.596448064101,80.09867934311491,255.85338719548287,54246.150466905645,0.738611150978342,320.6568707063026,0.24979561225893468,0.6,1.3569699349930187,1.035341863517189,0.0014613640860376667,258.7018478652121,259.04632734346285,0.0,1.6166869500226673
188.93072910089398,4960.580582709163,80.04441694657726,255.93136841806967,54333.105533451155,0.7395697115624599,320.7057332796031,0.24958835667833718,0.6,1.3569699349930187,1.0352813999227728,0.0014593650544298881,258.77597104795865,259.1199839529598,0.0,1.6155808210587772
189.08079322249915,4948.572853107306,79.99024894397844,256.0092971350788,54420.11477030273,0.740528577191591,320.7545555171898,0.24938148989030223,0.6,1.3569699349930187,1.0352211190230611,0.0014573709126810223,258.8500510441824,259.19359850293665,0.0,1.6144766427469341
189.23085734410432,4936.573245111116,79.93617506262156,256.08717343772946,54507.17816338214,0.74148774772141,320.80333749461397,0.24917501073056517,0.6,1.3569699349930187,1.0351610200424624,0.0014553816441225636,258.924087912126,259.26717104764816,0.0,1.6133744098531617
189.38092146570946,4924.581744620746,79.88219503262839,256.16499741693406,54594.29569857425,0.7424472230071627,320.85207928717386,0.2489689180450379,0.6,1.3569699349930187,1.0351011022528107,0.0014533972298516223,258.99808171000126,259.3407016413514,0.0,1.6122741158827998
189.53098558731463,4912.5983375727,79.82830858419422,256.24276916337067,54681.467361806965,0.7434070029045478,320.90078096996007,0.24876321068120755,0.6,1.3569699349930187,1.0350413649036752,0.0014514176525981936,259.07203249586615,259.4141903381595,0.0,1.6111757552227401
189.68104970891977,4900.623009939904,79.77451544762057,256.3204887674829,54768.69313904998,0.7443670872697024,320.94944261785565,0.2485578874882346,0.6,1.3569699349930187,1.0349818072232304,0.0014494428964970105,259.14594032762665,259.4876371920435,0.0,1.6100793230177899
189.83111383052494,4888.655747742435,79.72081535603441,256.39815631941013,54855.97301623524,0.745327475958327,320.998064305493,0.24835294732545277,0.6,1.3569699349930187,1.034922428487687,0.0014474729432673809,259.2198052631594,259.5610422569782,0.0,1.6089848130501043
189.9811779521301,4876.69653703951,79.66720804342967,256.47577190903934,54943.30697931389,0.7462881688263123,321.0466461072864,0.24814838905623304,0.6,1.3569699349930187,1.0348632279715495,0.0014455077751870055,259.29362736022387,259.6344055868379,0.0,1.6078922193885608
190.13124207373525,4864.745363924713,79.61369324350447,256.55333562603624,55030.69501429023,0.7472491657301136,321.09518809745146,0.24794421154434101,0.6,1.3569699349930187,1.034804204918013,0.0014435473765345708,259.36740667641106,259.70772723533446,0.0,1.606801537192675
190.28130619534042,4852.80221453512,79.56027069197332,256.6308475597862,55118.13710715398,0.7482104665260048,321.143690349969,0.24774041366116162,0.6,1.3569699349930187,1.0347453585980886,0.0014415917302024858,259.44114326924745,259.78100725614166,0.0,1.6057127608299213
190.43137031694556,4840.867075050806,79.50694012648219,256.70830779939706,55205.63324388217,0.7491720710701008,321.1921529385866,0.24753699428542478,0.6,1.3569699349930187,1.0346866883086223,0.0014396408181184836,259.5148371961912,259.85424570289,0.0,1.6046258841080698
190.58143443855073,4828.939931685661,79.45370128435279,256.785716433759,55293.18341050558,0.7501339792190869,321.2405759368566,0.24733395229614547,0.6,1.3569699349930187,1.0346281933147503,0.001437694624279114,259.58848851453234,259.92744262904796,0.0,1.6035409019650688
190.7314985601559,4817.020770692276,79.4005539038243,256.86307355151274,55380.78759307197,0.7510961908298158,321.28895941811624,0.24713128657650107,0.6,1.3569699349930187,1.0345698728817099,0.0014357531328131738,259.6620972814482,260.0005980879878,0.0,1.6024578093922262
190.88156268176104,4805.109578369044,79.34749772587256,256.9403792410035,55468.44577759211,0.7520587057587141,321.33730345545916,0.24692899601950816,0.6,1.3569699349930187,1.0345117263215677,0.001433816325645785,259.7356635540851,260.0737121330828,0.0,1.601376600129997
191.0316268033662,4793.2063410491255,79.29453249149002,257.0176335903525,55556.15795012034,0.7530215238626683,321.3856081217806,0.24672707951951428,0.6,1.3569699349930187,1.0344537529237288,0.001431884186323533,259.8091873894375,260.1467848175632,0.0,1.6002972688013435
191.18169092497138,4781.311045100568,79.24165794173344,257.09483668745634,55643.92409675221,0.7539846449989978,321.4338734897769,0.24652553597234267,0.6,1.3569699349930187,1.034395951956179,0.0014299566997668684,259.88266884435075,260.219816194519,0.0,1.5992198107763271
191.33175504657652,4769.423676936893,79.1888738204166,257.17198861991807,55731.74420354547,0.754948069024589,321.4820996319029,0.24632436428369694,0.6,1.3569699349930187,1.034338322734681,0.0014280338484950923,259.956107975641,260.2928063170432,0.0,1.598144220062336
191.4818191681817,4757.5442230091085,79.13617987215109,257.24908947509925,55819.6182565777,0.7559117957965273,321.53028662040475,0.24612356336303218,0.6,1.3569699349930187,1.0342808645726842,0.001426115615595017,260.02950484000866,260.3657552381282,0.0,1.5970704909618207
191.63188328978683,4745.672669801104,79.08357584121042,257.3261393401496,55907.54624197912,0.7568758251724577,321.5784345273386,0.245923132120003,0.6,1.3569699349930187,1.0342235767522114,0.0014242019861251624,260.1028594939883,260.4386630106062,0.0,1.5959986188601472
191.781947411392,4733.809003838673,79.03106147383194,257.4031383019486,55995.52814586503,0.7578401570098429,321.6265434245342,0.24572306947164524,0.6,1.3569699349930187,1.0341664585830934,0.0014222929437494643,260.1761719940514,260.5115296872711,0.0,1.5949285983418493
191.93201153299717,4721.953211688923,78.97863651810648,257.48008644710944,56083.56395433891,0.7588047911659992,321.67461338359794,0.2455233743420225,0.6,1.3569699349930187,1.0341095094003216,0.0014203884711936575,260.2494423966017,260.5843553208733,0.0,1.5938604234440614
192.0820756546023,4710.105279951301,78.92630072175484,257.55698386203676,56171.653653557434,0.7597697274988083,321.722644475949,0.24532404565527913,0.6,1.3569699349930187,1.0340527285069405,0.0014184885532294376,260.322670757877,260.65713996400245,0.0,1.5927940893301795
192.23213977620748,4698.2651952624465,78.87405383337412,257.63383063289575,56259.797229694,0.7607349658663175,321.7706367728002,0.24512508233952526,0.6,1.3569699349930187,1.033996115206184,0.0014165931747352855,260.39585713400487,260.7298836691535,0.0,1.5917295912042346
192.38220389781262,4686.432944303133,78.82189560422059,257.71062684556665,56347.99466888547,0.7617005061261576,321.8185903451299,0.24492648333239272,0.6,1.3569699349930187,1.0339396688475628,0.001414702318416418,260.46900158108195,260.80258648882113,0.0,1.5906669230292594
192.53226801941778,4674.60851378739,78.76982578551436,257.7873725857156,56436.2459573121,0.7626663481364171,321.86650526372665,0.24472824757261707,0.6,1.3569699349930187,1.033883388757545,0.0014128159685885566,260.54210415505526,260.8752484753584,0.0,1.5896060796518277
192.68233214102295,4662.791890462701,78.71784412850158,257.8640679387933,56524.551081195255,0.7636324917556188,321.91438159918835,0.2445303740002278,0.6,1.3569699349930187,1.0338272742411876,0.0014109341109112452,260.6151649117251,260.94786968097964,0.0,1.5885470566549387
192.8323962626281,4650.983061120412,78.66595038712121,257.9407129899672,56612.910026718244,0.764598936841852,321.96221942188015,0.24433286156485967,0.6,1.3569699349930187,1.033771324651088,0.0014090567286572247,260.6881839068633,261.0204501579018,0.0,1.5874898482590087
192.98246038423326,4639.182012587806,78.61414431604516,258.01730782417343,56701.322780084694,0.765565683253413,322.0100188019674,0.2441357092196314,0.6,1.3569699349930187,1.0337155393369586,0.0014071838056758552,260.7611611961274,261.0929899582416,0.0,1.586434448987842
193.13252450583843,4627.388731723629,78.56242566956848,258.09385252614527,56789.78932755061,0.7665327308491546,322.0577798094333,0.24393891591768133,0.6,1.3569699349930187,1.033659917616987,0.0014053153277597806,260.83409683501156,261.16548913395724,0.0,1.5853808544405952
193.28258862744357,4615.603205427036,78.51079420390154,258.17034718035546,56878.30965535666,0.7675000794877466,322.1055025140434,0.24374248061930753,0.6,1.3569699349930187,1.0336044588371922,0.0014034512792991912,260.90699087894853,261.2379477369694,0.0,1.5843290594069406
193.43265274904874,4603.825420636891,78.45924967703431,258.2467918710207,56966.88374973212,0.7684677290277186,322.1531869853484,0.2435464022915367,0.6,1.3569699349930187,1.0335491623680986,0.0014015916437722412,260.97984338330383,261.31036581915447,0.0,1.5832790581414244
193.58271687065388,4592.055364322995,78.40779184654458,258.32318668215845,57055.51159695954,0.7694356793281678,322.20083329271995,0.24335067990128686,0.6,1.3569699349930187,1.0334940275480795,0.0013997364066809072,261.0526544032795,261.38274343222986,0.0,1.5822308460210712
193.73278099225905,4580.293023490927,78.35642047084887,258.3995316975555,57144.1931833375,0.7704039302483507,322.2484415053314,0.2431553124192612,0.6,1.3569699349930187,1.033439053715806,0.001397885553609205,261.12542399396995,261.45508062781977,0.0,1.581184418450961
193.88284511386422,4568.5383851888,78.30513531094954,258.4758270007242,57232.92849512839,0.7713724816471148,322.2960116921305,0.24296029882538417,0.6,1.3569699349930187,1.0333842402556948,0.001396039067997983,261.1981522104385,261.5273774575473,0.0,1.5801397696050474
194.03290923546936,4556.791436496574,78.25393612776364,258.55207267497195,57321.717518638274,0.7723413333837692,322.3435439218831,0.2427656381004725,0.6,1.3569699349930187,1.0333295865287762,0.0013941969348880594,261.2708391076013,261.599633972895,0.0,1.5790968945419244
194.18297335707453,4545.052164526277,78.20282268219935,258.62826880339935,57410.56024021371,0.7733104853180509,322.39103826317216,0.2425713292264698,0.6,1.3569699349930187,1.033275091874686,0.0013923591406348184,261.34348474023034,261.67185022520874,0.0,1.5780557890460736
194.33303747867967,4533.32055643229,78.15179473779737,258.7044154688339,57499.45664616333,0.7742799373092693,322.4384947843567,0.24237737119466593,0.6,1.3569699349930187,1.0332207556804003,0.0013905256692212304,261.41608916306984,261.74402626583685,0.0,1.5770164475395838
194.48310160028484,4521.596599403451,78.10085205877024,258.78051275388077,57588.406722816086,0.775249689216941,322.4859135536036,0.2421837629995839,0.6,1.3569699349930187,1.0331665773294503,0.001388696505215971,261.4886524307511,261.8161621460273,0.0,1.5759788647562405
194.63316572189,4509.880280658729,78.04999440891818,258.8565607409514,57677.410456553436,0.7762197409011421,322.5332946389058,0.2419905036356,0.6,1.3569699349930187,1.0331125561737757,0.001386871635103373,261.56117459774487,261.8882579168719,0.0,1.5749430364977661
194.78322984349515,4498.171587456068,77.99922155391161,258.9325595122058,57766.46783374105,0.7771900922217628,322.5806381080462,0.24179759210404408,0.6,1.3569699349930187,1.0330586915931919,0.0013850510439578497,261.63365571846197,261.96031362942574,0.0,1.5739089577478707
194.93329396510032,4486.470507091607,77.94853326113066,259.0085091495574,57855.57884073341,0.7781607430385583,322.62794402860146,0.24160502741269183,0.6,1.3569699349930187,1.0330049829913839,0.0013832347159676343,261.70609584724673,262.03232933469894,0.0,1.5728766229673845
195.0833580867055,4474.777026891091,77.89792929750438,259.0844097347293,57944.74346393828,0.7791316932118509,322.67521246797685,0.24141280856903496,0.6,1.3569699349930187,1.0329514297397044,0.0013814226373233085,261.7784950382825,262.1043050835443,0.0,1.5718460277359516
195.23342220831063,4463.0911342147065,77.84740943076615,259.1602613492225,58033.96168977903,0.7801029426021207,322.72244349338666,0.2412209345841837,0.6,1.3569699349930187,1.032898031209935,0.0013796147942734204,261.85085334564724,262.1762409267235,0.0,1.5708171676488265
195.3834863299158,4451.412816463646,77.7969734311657,259.23606407427326,58123.2335046432,0.781074491069444,322.7696371718282,0.2410294044781853,0.6,1.3569699349930187,1.0328447868190982,0.0013778111709531306,261.92317082338855,262.24813691499594,0.0,1.5697900370800228
195.53355045152094,4439.742061069607,77.74662106882157,259.31181799092155,58212.558894961745,0.7820463384743586,322.81679357012445,0.2408382172717818,0.6,1.3569699349930187,1.0327916959604935,0.0013760117530874233,261.9954475254085,262.31999309898185,0.0,1.568764631289351
195.6836145731261,4428.078855495062,77.69635211381167,259.38752318000905,58301.93784720599,0.7830184846778281,322.86391275492275,0.2406473719866886,0.6,1.3569699349930187,1.0327387580060763,0.0013742165276873324,262.067683505468,262.39180952916706,0.0,1.5677409462520961
195.83367869473128,4416.423187243381,77.64616633878957,259.4631797221136,58391.37034780927,0.7839909295403915,322.9109947926548,0.24045686765372346,0.6,1.3569699349930187,1.0326859723749555,0.0013724254794058974,262.13987881730117,262.4635862560393,0.0,1.5667189765814387
195.98374281633642,4404.775043851007,77.59606351702313,259.5387876975997,58480.85638322543,0.7849636729227989,322.95803974956766,0.24026670330670102,0.6,1.3569699349930187,1.032633338482265,0.0013706385934909029,262.21203351453016,262.5353233299868,0.0,1.5656987172105368
196.13380693794159,4393.134412883226,77.5460434213353,259.61434718664634,58570.39593996069,0.7859367146863583,323.00504769174205,0.2400768779791358,0.6,1.3569699349930187,1.0325808557114908,0.0013688558570789208,262.28414765061973,262.60702080124344,0.0,1.5646801641332102
196.28387105954673,4381.501281942957,77.49610582637736,259.68985826918964,58659.98900450476,0.786910054692186,323.052018685056,0.23988739071130355,0.6,1.3569699349930187,1.0325285234740529,0.001367077255889513,262.35622127897614,262.67867872000716,0.0,1.5636633125168569
196.4339351811519,4369.87563866987,77.44625050844407,259.7653210249288,58749.63556333698,0.7878836928012753,323.0989527951894,0.2396982405496585,0.6,1.3569699349930187,1.0324763412046447,0.0013653027747815988,262.42825445294,262.75029713643085,0.0,1.5626481570182067
196.58399930275706,4358.257470731976,77.39647724334297,259.84073553338044,58839.33560298961,0.788857628875183,323.1458500876577,0.23950942654020815,0.6,1.3569699349930187,1.0324243083054494,0.001363532400595598,262.5002472256933,262.82187610051176,0.0,1.5616346934092495
196.7340634243622,4346.646765830456,77.3467858076546,259.91610187384754,58929.089110010245,0.7898318627756213,323.19271062779313,0.23932094773242427,0.6,1.3569699349930187,1.0323724241792347,0.0013617661202064576,262.57219965031527,262.8934156621578,0.0,1.5606229174652666
196.88412754596737,4335.043511706056,77.29717598040979,259.9914201253775,59018.896070910516,0.7908063943639014,323.23953448071836,0.23913280318444669,0.6,1.3569699349930187,1.0323206882735176,0.0013600039184052002,262.6441117798551,262.9649158712739,0.0,1.5596128237501954
197.03419166757254,4323.447696128742,77.24764754046541,260.0666903668298,59108.75647224599,0.7917812235018007,323.2863217113891,0.23894499195492575,0.6,1.3569699349930187,1.0322691000117867,0.0013582457815628827,262.71598366721867,263.0363767776273,0.0,1.5586044077149779
197.18425578917768,4311.859306898039,77.19820026660868,260.1419126768734,59198.67030061188,0.7927563500515168,323.33307238459264,0.23875751310334348,0.6,1.3569699349930187,1.0322176587962444,0.001356491697308791,262.78781536517323,263.1077984308529,0.0,1.5575976655157284
197.33431991078285,4300.278331852974,77.14883394014879,260.2170871339224,59288.6375425654,0.7937317738748243,323.37978656490804,0.2385703656980541,0.6,1.3569699349930187,1.032166364076077,0.0013547416509286543,262.85960692646034,263.1791808805874,0.0,1.55659259194684
197.484384032388,4288.70475886433,77.09954834295492,260.2922138161862,59378.658184684646,0.7947074948337151,323.42646431673745,0.23838354881018617,0.6,1.3569699349930187,1.0321152152959903,0.0013529956283119303,262.931358403711,263.2505241763686,0.0,1.555589182130936
197.63444815399316,4277.138575830529,77.0503432564215,260.36729280169624,59468.73221359969,0.795683512790734,323.473105704323,0.23819706151042705,0.6,1.3569699349930187,1.0320642118689969,0.0013512536172107029,263.00306984940147,263.32182836758216,0.0,1.554587432244151
197.78451227559833,4265.579770686334,77.00121846373223,260.44232416824957,59558.85961592382,0.7966598276082346,323.519710791712,0.23801090287604468,0.6,1.3569699349930187,1.0320133532361275,0.0013495156039533072,263.0747413159513,263.39309350357865,0.0,1.5535873376279046
197.93457639720347,4254.028331401898,76.95217374965142,260.517307993415,59649.0403782602,0.7976364391484512,323.56627964276066,0.237825071990233,0.6,1.3569699349930187,1.0319626388610992,0.0013477815740326512,263.146372855715,263.4643196336632,0.0,1.55258889312512
198.08464051880864,4242.484245974501,76.9032088984227,260.5922443545867,59739.274487265044,0.7986133472741839,323.6128123211681,0.23763956793558733,0.6,1.3569699349930187,1.0319120681749636,0.0013460515149028875,263.2179645208913,263.5355068069876,0.0,1.5515920946905333
198.23470464041378,4230.947502433397,76.85432369503407,260.66713332895273,59829.56192960897,0.7995905518483789,323.65930889045654,0.2374543897980257,0.6,1.3569699349930187,1.0318616406095202,0.0013443254140298538,263.2895163635784,263.60665507261575,0.0,1.550596938269966
198.38476876201895,4219.418088846026,76.80551792686096,260.7419749934547,59919.90269192736,0.8005680527335927,323.7057694139466,0.23726953667187822,0.6,1.3569699349930187,1.0318113556408564,0.0013426032568246032,263.3610284358449,263.6777644796082,0.0,1.549603418607804
198.53483288362412,4207.895993307833,76.75679138106482,260.8167694248539,60010.29676089916,0.801545849792844,323.75219395479866,0.2370850076518134,0.6,1.3569699349930187,1.03176121272073,0.0013408850302687703,263.4325007896183,263.7488350768893,0.0,1.5486115313366915
198.68489700522926,4196.3812039426575,76.70814384471097,260.8915166997287,60100.74412324288,0.8025239428895717,323.79858257601137,0.2369008018332008,0.6,1.3569699349930187,1.0317112112796916,0.0013391707225750495,263.5039334766903,263.819866913253,0.0,1.5476212727842407
198.83496112683443,4184.8737089125325,76.65957510733608,260.9662168944111,60191.24476563879,0.8035023318867913,323.8449353403824,0.23671691832006517,0.6,1.3569699349930187,1.0316613507951244,0.0013374603196270307,263.5753265488277,263.8908600374955,0.0,1.546632637916825
198.9850252484396,4173.373496409975,76.61108495898534,261.04087008503654,60281.798674788304,0.8044810166477405,323.8912523105396,0.2365333562189953,0.6,1.3569699349930187,1.0316116307394383,0.0013357538079209375,263.64668005768846,263.96181449831425,0.0,1.5456456220372603
199.13508937004474,4161.880554654014,76.56267318920189,261.11547634756977,60372.40583744438,0.8054599970362043,323.9375335489573,0.23635011463600847,0.6,1.3569699349930187,1.0315620505533203,0.0013340511757901393,263.7179940547781,264.0327303442571,0.0,1.5446602214948455
199.2851534916499,4150.394871898778,76.51433958928169,261.1900357577492,60463.06624034323,0.80643927291578,323.98377911792176,0.23616719268353384,0.6,1.3569699349930187,1.0315126097055753,0.0013323524101378384,263.7892685915477,264.1036076238378,0.0,1.5436764317959772
199.43521761325505,4138.916436432489,76.4660839520415,261.26454839109323,60553.77987021097,0.8074188441499475,324.02998907953577,0.23598458947968637,0.6,1.3569699349930187,1.031463307687125,0.0013306574970567062,263.86050371938353,264.1744463855242,0.0,1.5426942479606909
199.58528173486022,4127.445236569358,76.41790606974651,261.33901432295306,60644.54671382652,0.8083987106027497,324.07616349575096,0.2358023041418424,0.6,1.3569699349930187,1.0314141439560809,0.0013289664245809585,263.93169948951913,264.24524667763325,0.0,1.54171366611748
199.7353458564654,4115.981260654418,76.36980573537986,261.4134336284812,60735.36675798299,0.8093788721383749,324.12230242834886,0.23562033579056882,0.6,1.3569699349930187,1.031365117971484,0.00132727918073422,264.00285595308964,264.31600854839536,0.0,1.5407346823738306
199.88540997807053,4104.5244970695885,76.3217827442525,261.48780638259205,60826.23998943845,0.8103593286206262,324.16840593891675,0.23543868355460237,0.6,1.3569699349930187,1.031316229236217,0.0013255957515141492,264.07397316120125,264.3867320460376,0.0,1.5397572916457059
200.0354740996757,4093.0749342236254,76.2738368914238,261.5621326600273,60917.16639499443,0.8113400799137684,324.2144740888879,0.2352573465628566,0.6,1.3569699349930187,1.031267477228546,0.0013239161244798425,264.14505116482127,264.4574172186521,0.0,1.5387814897386205
200.18553822128084,4081.632560552584,76.2259679718329,261.63641253535275,61008.14596149168,0.812321125882483,324.26050693954045,0.23507632394482597,0.6,1.3569699349930187,1.0312188614056206,0.0013222402883949073,264.2160900147838,264.52806411420295,0.0,1.5378072731429504
200.335602342886,4070.1973645294556,76.1781757828423,261.7106460828958,61099.17867573255,0.8133024663910292,324.3065045519582,0.2348956148384546,0.6,1.3569699349930187,1.0311703812712867,0.001320568229708297,264.2870897618991,264.5986727806564,0.0,1.5368346369884005
200.48566646449117,4058.7693346565216,76.13046012227444,261.7848333767951,61190.26452454091,0.8142841013038928,324.35246698706203,0.2347152183840525,0.6,1.3569699349930187,1.0311220363239426,0.0013188999354904248,264.35805045687,264.66924326588094,0.0,1.5358635767492956
200.63573058609632,4047.3484594614833,76.08282078742447,261.8589744910258,61281.403494791906,0.8152660304861058,324.39839430562546,0.2345351337212371,0.6,1.3569699349930187,1.0310738260302457,0.001317235394624001,264.4289721502498,264.7397756175974,0.0,1.5348940889395237
200.78579470770148,4035.934727505981,76.03525757730655,261.9330694993438,61372.59557334323,0.8162482538025047,324.44428656824044,0.23435535999588034,0.6,1.3569699349930187,1.031025749885078,0.0013155745945554645,264.4998548925388,264.81026988349373,0.0,1.5339261692219885
200.93585882930662,4024.528127384502,75.9877702923986,262.00711847529345,61463.84074704316,0.8172307711178193,324.4901438353224,0.23417589635931169,0.6,1.3569699349930187,1.0309778074048912,0.0013139175219452931,264.5706987341737,264.88072611121197,0.0,1.5329598127853257
201.0859229509118,4013.128647716443,75.94035873259821,262.08112149225866,61555.13900279261,0.8182135822973401,324.5359661671417,0.23399674196199136,0.6,1.3569699349930187,1.0309299980731956,0.0013122641653763323,264.6415037254407,264.9511443482452,0.0,1.5319950159233633
201.23598707251696,4001.73627715093,75.89302269849699,262.15507862343156,61646.490327505955,0.8191966872064962,324.58175362380484,0.23381789595744853,0.6,1.3569699349930187,1.0308823213746194,0.0013106145133991009,264.7122699165301,265.0215246420018,0.0,1.531031774896933
201.3860511941221,3990.351004372729,75.8457619929573,262.22898994177456,61737.894708062995,0.8201800857103393,324.62750626523086,0.2336393575071514,0.6,1.3569699349930187,1.030834776837204,0.0013089685525666467,264.7829973576041,265.0918670398866,0.0,1.5300700847852617
201.53611531572727,3978.972818092343,75.79857641855476,262.302855520084,61829.35213138676,0.8211637776743803,324.67322415119116,0.23346112577259373,0.6,1.3569699349930187,1.0307873639640983,0.0013073262709846008,264.85368609868766,265.16217158917084,0.0,1.529109941558455
201.68617943733244,3967.601707046521,75.75146577772274,262.3766754309875,61920.8625844395,0.822147762964547,324.7189073413078,0.23328319991573934,0.6,1.3569699349930187,1.0307400822374415,0.001305687657937139,264.9243361896758,265.23243833700025,0.0,1.528151341861458
201.83624355893758,3956.237660007767,75.70442987527264,262.45044974688176,62012.42605414447,0.8231320414463416,324.7645558950152,0.2331055791068074,0.6,1.3569699349930187,1.030692931185942,0.0013040527004082325,264.9949476804403,265.30266733052264,0.0,1.527194280979205
201.98630768054275,3944.880665776714,75.65746851642953,262.52417853998213,62104.04252744685,0.8241166129854979,324.8101698715913,0.23292826251819498,0.6,1.3569699349930187,1.0306459103323977,0.0013024213860120433,265.0655206207471,265.37285861678896,0.0,1.5262387545493814
202.1363718021479,3933.5307131783984,75.61058150586824,262.59786188234705,62195.71199134297,0.8251014774482939,324.85574933017244,0.23275124932149557,0.6,1.3569699349930187,1.0305990191678636,0.0013007937041507873,265.1360550602154,265.44301224270475,0.0,1.5252847592424212
202.28643592375306,3922.187791070679,75.56376864995093,262.6714998458231,62287.43443281136,0.8260866347008115,324.9012943297199,0.23257453869440875,0.6,1.3569699349930187,1.0305522572117416,0.0012991696427845948,265.20655104841336,265.51312825514384,0.0,1.5243322908697938
202.43650004535823,3910.8518883430756,75.51702975644909,262.74509250205267,62379.209838820985,0.8270720846090251,324.9468049290246,0.2323981298198751,0.6,1.3569699349930187,1.03050562400446,0.0012975491891118805,265.2770086348458,265.583206700934,0.0,1.523381344780749
202.58656416696337,3899.5229939089963,75.47036463252738,262.8186399225244,62471.03819639377,0.8280578270394731,324.99228118673847,0.23222202187984456,0.6,1.3569699349930187,1.0304591190533903,0.0012959323322347487,265.3474278688702,265.65324762675607,0.0,1.5224319174265466
202.73662828856854,3888.2010967105307,75.4237730860224,262.89214217854214,62562.91949256462,0.8290438618588294,325.03772316135553,0.23204621405922307,0.6,1.3569699349930187,1.030412741867228,0.001294319061201746,265.41780879975033,265.7232510792085,0.0,1.521484005213555
202.88669241017368,3876.8861857242237,75.37725492698708,262.9655993411871,62654.85371433356,0.8300301889333882,325.0831309111886,0.23187070555063602,0.6,1.3569699349930187,1.0303664919976512,0.0012927093630921305,265.48815147672207,265.7932171048854,0.0,1.5205376033764657
203.03675653177885,3865.5782499513093,75.33080996515463,263.03901148138175,62746.84084874445,0.8310168081299105,325.1285044944091,0.23169549554659244,0.6,1.3569699349930187,1.0303203689711977,0.0012911032265291531,265.55845594888694,265.8631457502492,0.0,1.5195927080422045
203.18682065338402,3854.277278418271,75.28443801009607,263.11237866988597,62838.88088287959,0.8320037193155658,325.1738439690446,0.23152058323996957,0.6,1.3569699349930187,1.0302743722935022,0.0012895006412892006,265.6287222652187,265.93303706163897,0.0,1.5186493160025931
203.33688477498916,3842.983260186209,75.23813887371723,263.1857009772361,62930.97380378233,0.8329909223571013,325.21914939294146,0.23134596783171527,0.6,1.3569699349930187,1.030228501516658,0.0012879015948628924,265.69895047466906,266.0028910853962,0.0,1.517707422690189
203.48694889659433,3831.6961843432623,75.19191236829394,263.2589784737942,63023.119598518184,0.8339784171214984,325.26442082379555,0.23117164852477798,0.6,1.3569699349930187,1.0301827561864,0.0012863060753796692,265.76914062608535,266.0727078677662,0.0,1.5167670238983915
203.6370130181995,3820.4160400009914,75.14575830553048,263.3322112297717,63115.318254203405,0.8349662034762785,325.30965831916683,0.23099762452119912,0.6,1.3569699349930187,1.03013713581672,0.0012847140727333573,265.839292768171,266.1424874548514,0.0,1.5158281164466265
203.78707713980464,3809.14281630273,75.0996764987891,263.4053993151749,63207.569757935984,0.8359542812887641,325.3548619364459,0.23082389502898806,0.6,1.3569699349930187,1.030091639950092,0.0012831255753701556,265.9094069495797,266.21222989272314,0.0,1.5148906962874717
203.9371412614098,3797.876502422328,75.05366676278926,263.4785427998135,63299.8740968051,0.8369426504261795,325.4000317328596,0.23065045926118816,0.6,1.3569699349930187,1.0300462681494957,0.0012815405709984701,265.97948321890345,266.2819352274075,0.0,1.5139547589232911
204.08720538301495,3786.6170875565563,75.00772891161901,263.55164175334943,63392.23125795222,0.8379313107563061,325.445167765501,0.23047731642973943,0.6,1.3569699349930187,1.0300010199447374,0.0012799590492121877,266.04952162458864,266.35160350478515,0.0,1.513020300955351
204.23726950462012,3775.3645609298746,74.96186276001825,263.6246962452662,63484.641228531385,0.8389202621470563,325.49027009131106,0.23030446574943364,0.6,1.3569699349930187,1.0299558948671617,0.0012783809995308977,266.11952221499075,266.4212347706564,0.0,1.5120873189282265
204.38733362622528,3764.118911800061,74.91606812489114,263.69770634483234,63577.10399566232,0.8399095044659723,325.5353387670559,0.23013190644257214,0.6,1.3569699349930187,1.0299108924906928,0.001276806409532759,266.1894850384381,266.49082907081726,0.0,1.5111558082247456
204.53739774783043,3752.8801294485934,74.87034482279117,263.7706721211638,63669.619546508235,0.8408990375810592,325.5803738493656,0.22995963773120734,0.6,1.3569699349930187,1.0298660123638628,0.0012752352683315905,266.2594101431265,266.5603864509335,0.0,1.510225765121354
204.6874618694356,3741.6482031812398,74.82469267009141,263.84359364322,63762.18786827047,0.8418888613607266,325.6253753947319,0.22978765883766547,0.6,1.3569699349930187,1.0298212540144198,0.0012736675661694568,266.3292975771268,266.62990695654975,0.0,1.5092971865495175
204.83752599104074,3730.4231223373044,74.77911148545881,263.916470979744,63854.80894811139,0.8428789756729648,325.6703434594715,0.22961596899216832,0.6,1.3569699349930187,1.0297766170164742,0.0012721032910170812,266.39914738848887,266.69939063321345,0.0,1.5083700680822765
204.9875901126459,3719.2048762820914,74.73360108788873,263.9893041993112,63947.48277321547,0.8438693803859979,325.7152780997561,0.2294445674267703,0.6,1.3569699349930187,1.0297321009373368,0.001270542431492533,266.46895962515964,266.7688375263768,0.0,1.5074444056615524
205.13765423425107,3707.9934544033927,74.68816129578555,264.0620933703524,64040.209330817874,0.8448600753685898,325.7601793716271,0.22927345337252322,0.6,1.3569699349930187,1.0296877053125886,0.0012689849779551404,266.53873433494476,266.83824768135105,0.0,1.5065201962486625
205.2877183558562,3696.7888461197667,74.64279192918409,264.1348385610998,64132.98860813524,0.8458510604893038,325.80504733096217,0.22910262606631684,0.6,1.3569699349930187,1.0296434297064392,0.001267430919311322,266.6084715656022,266.90762114341817,0.0,1.5055974359302853
205.43778247746138,3685.5910408792065,74.59749280942661,264.2075398395957,64225.82059237515,0.8468423356166042,325.84988203348087,0.22893208474987806,0.6,1.3569699349930187,1.0295992737030848,0.0012658802437533103,266.6781713648286,266.97695795781425,0.0,1.5046761203548495
205.58784659906655,3674.400028151692,74.55226375720108,264.28019727374107,64318.70527079787,0.8478339006195162,325.8946835347747,0.22876182866372521,0.6,1.3569699349930187,1.0295552368534504,0.0012643329413410496,266.7478337801779,267.0462581696327,0.0,1.5037562462666458
205.7379107206717,3663.215797433963,74.50710459382904,264.35281093126423,64411.64263067564,0.8488257553671908,325.9394518902882,0.2285918570511319,0.6,1.3569699349930187,1.0295113187102243,0.001262789002039913,266.81745885911545,267.1155218238882,0.0,1.5028378103415645
205.88797484227686,3652.0383382549753,74.46201514274644,264.4253808796856,64504.632659246294,0.8498178997284098,325.98418715529687,0.22842216916268146,0.6,1.3569699349930187,1.029467518868272,0.001261248413901386,266.8870466490799,267.18474896559087,0.0,1.5019208081036783
206.038038963882,3640.8676401664466,74.41699522700944,264.4979071863791,64597.675343791474,0.8508103335724209,326.02888938494584,0.22825276424858315,0.6,1.3569699349930187,1.0294238368968316,0.0012597111665045152,266.9565971973798,267.25393963962256,0.0,1.501005235972087
206.18810308548717,3629.7036927434783,74.37204466947728,264.57038991856797,64690.770671630205,0.851803056768869,326.0735586342468,0.22808364155923355,0.6,1.3569699349930187,1.0293802723444838,0.0012581772505322025,267.02611055120093,267.323093890746,0.0,1.5000910910110985
206.33816720709234,3618.5464855936693,74.32716329526413,264.64282914326577,64783.91863004271,0.8527960691869839,326.11819495804235,0.2279148003527583,0.6,1.3569699349930187,1.0293368248060841,0.0012566466544104175,267.09558675770955,267.3922117637271,0.0,1.4991783689275204
206.48823132869748,3607.3960083496336,74.28235092977302,264.71522492732487,64877.11920633147,0.853789370696231,326.1627984110355,0.2277462398889564,0.6,1.3569699349930187,1.0292934938692608,0.001255119367220885,267.16502586397047,267.4612933032376,0.0,1.4982670658050334
206.63829545030265,3596.252250665575,74.23760739779821,264.78757733745863,64970.372387849406,0.8547829611666127,326.2073690478041,0.227577959426536,0.6,1.3569699349930187,1.0292502790899343,0.0012535953797639815,267.2344279169096,267.53033855381057,0.0,1.4973571787401625
206.7883595719078,3585.1152022255096,74.1929325257386,264.859886440188,65063.678161930045,0.8557768404679226,326.2519069227674,0.227409958229921,0.6,1.3569699349930187,1.029207180052795,0.0012520746813821375,267.303792963407,267.59934755995056,0.0,1.496448703947097
206.93842369351296,3573.9848527418544,74.14832614125297,264.9321523018509,65157.03651589892,0.8567710084698691,326.2964120901926,0.22724223556818457,0.6,1.3569699349930187,1.0291641963620337,0.0012505572607268843,267.3731210502824,267.6683203661171,0.0,1.495541637213695
207.08848781511813,3562.8611919481255,74.10378807132452,265.0043749886494,65250.44743713356,0.8577654650427131,326.3408846042237,0.22707479070909348,0.6,1.3569699349930187,1.0291213275884659,0.0012490431083001228,267.4424122242152,267.73725701662846,0.0,1.4946359754207017
207.23855193672327,3551.7442096037043,74.0593181435534,265.0765545666187,65343.910913023035,0.8587602100568379,326.38532451886266,0.22690762292308064,0.6,1.3569699349930187,1.0290785733049035,0.001247532214489347,267.5116665317986,267.80615755572666,0.0,1.4937317153688345
207.38861605832844,3540.6338954991484,74.01491618760632,265.148691101593,65437.42693092233,0.8597552433822625,326.4297318879486,0.22674073148769713,0.6,1.3569699349930187,1.0290359331259478,0.0012460245677953978,267.5808840195997,267.8750220276487,0.0,1.4928288527169302
207.5386801799336,3529.5302394468704,73.9705820327429,265.2207846592657,65530.99547823023,0.8607505648894724,326.47410676519485,0.22657411568000296,0.6,1.3569699349930187,1.0289934066403466,0.001244520158238795,267.6500647340577,267.9438504765053,0.0,1.4919273840202756
207.68874430153875,3518.4332312818174,73.92631550801089,265.29283530518495,65624.61654238231,0.8617461744493433,326.51844920418654,0.2264077747771657,0.6,1.3569699349930187,1.0289509934163237,0.0012430189769200017,267.71920872149155,268.01264294629004,0.0,1.4910273064696185
207.83880842314392,3507.3428608704266,73.88211644467584,265.3648431046959,65718.29011077552,0.8627420719323403,326.5627592583449,0.22624170806392366,0.6,1.3569699349930187,1.028908693068298,0.0012415210126969323,267.78831602820196,268.08139948100023,0.0,1.490128615899214
207.98887254474906,3496.2591181032153,73.83798467425451,265.4368081229883,65812.0161708288,0.8637382572091614,326.60703698095716,0.22607591482653708,0.6,1.3569699349930187,1.0288665052030401,0.0012400262550915486,267.85738670038916,268.1501201245397,0.0,1.4892313085281288
208.13893666635423,3485.1819928914424,73.79392002763863,265.5087304251185,65905.79471001175,0.8647347301510439,326.65128242518995,0.22591039435009413,0.6,1.3569699349930187,1.0288244293956454,0.001238534695322352,267.92642078411757,268.2188049206762,0.0,1.4883353815818061
208.2890007879594,3474.111475175258,73.74992233730045,265.58061007595643,65999.62571577397,0.8657314906290117,326.69549564405673,0.2257451459252836,0.6,1.3569699349930187,1.0287824652501374,0.0012370463231450946,267.9954183254074,268.2874539131501,0.0,1.4874408313957406
208.43906490956454,3463.047554922235,73.70599143692647,265.65244714019514,66093.50917555716,0.8667285385140048,326.739676690424,0.22558016884726453,0.6,1.3569699349930187,1.0287406123895453,0.0012355611276476017,268.06437937021917,268.35606714565677,0.0,1.4865476538909717
208.5891290311697,3451.9902221201896,73.66212715950788,265.72424168239735,66187.44507685503,0.8677258736775164,326.7838256170401,0.22541546240979796,0.6,1.3569699349930187,1.0286988704034374,0.0012340790997511248,268.1333039643758,268.42464466175267,0.0,1.485655846078509
208.73919315277485,3440.939466781956,73.61832933863768,265.79599376696467,66281.43340717247,0.8687234959911586,326.8279424765163,0.2252510259092287,0.6,1.3569699349930187,1.0286572388836208,0.0012326002302430969,268.2021921536162,268.4931865049197,0.0,1.484765404877788
208.88925727438001,3429.8952789505497,73.5745978099296,265.86770345810373,66375.47415398035,0.8697214053261819,326.872027321306,0.225086858648837,0.6,1.3569699349930187,1.0286157174633115,0.0012311245080512245,268.2710439836539,268.5616927186351,0.0,1.4838763260763022
209.03932139598518,3418.8576486899783,73.53093240856445,265.93937081988605,66469.56730479303,0.8707196015543001,326.9160802037421,0.22492295993130154,0.6,1.3569699349930187,1.0285743057496453,0.001229651923615221,268.33985950007644,268.6301633462508,0.0,1.4829886063594375
209.18938551759032,3407.8265660859643,73.48733296949781,266.0109959162434,66563.71284716183,0.8717180845476187,326.9601011760339,0.22475932905933543,0.6,1.3569699349930187,1.0285330033293891,0.0012281824684312727,268.40863874835406,268.69859843100454,0.0,1.4821022430383415
209.3394496391955,3396.802021254772,73.44379932986756,266.0825788109104,66657.91076859881,0.8727168541778274,327.004090290232,0.22459596534307147,0.6,1.3569699349930187,1.0284918098354197,0.0012267161317673868,268.4773817739393,268.76699801613796,0.0,1.4812172320687689
209.48951376080066,3385.7840043358406,73.40033132702696,266.15411956747204,66752.16105663852,0.8737159103168559,327.04804759825794,0.2244328680940211,0.6,1.3569699349930187,1.0284507248925656,0.001225252903563783,268.54608862218606,268.8353621448,0.0,1.4803335697991686
209.6395778824058,3374.7725054885545,73.35692879768939,266.22561824938543,66846.46369886567,0.8747152528371662,327.0919731519174,0.22427003662244832,0.6,1.3569699349930187,1.0284097480940093,0.00122379277543558,268.614759338315,268.90369086000607,0.0,1.479451253577968
209.78964200401097,3363.767514900298,73.31359158012609,266.2970749199266,66940.81868284463,0.8757148816110052,327.13586700286766,0.22410747024410937,0.6,1.3569699349930187,1.0283688790620276,0.0012223357375305665,268.68339396750395,268.97198420474507,0.0,1.4785702798561242
209.9397061256161,3352.7690227849453,73.2703195137789,266.368489642201,67035.22599613229,0.8767147965105422,327.1797292026245,0.2239451682790596,0.6,1.3569699349930187,1.0283281174374272,0.0012208817793512643,268.75199255487234,269.0402422219616,0.0,1.4776906446819666
210.08977024722128,3341.7770193758033,73.22711243737596,266.4398624791888,67129.6856263373,0.877714997408496,327.22355980258976,0.22378313004587153,0.6,1.3569699349930187,1.0282874628274687,0.0012194308922170594,268.8205551454042,269.10846495446305,0.0,1.4768123451909339
210.23983436882645,3330.791494930384,73.18397019023351,266.5111934937143,67224.19756107891,0.8787154841776984,327.26735885403303,0.22362135486562484,0.6,1.3569699349930187,1.028246914841896,0.0012179830672945139,268.88908178400186,269.1766524449844,0.0,1.475935378415421
210.3898984904316,3319.8124397354345,73.14089261364443,266.58248274841304,67318.76178794247,0.8797162566906238,327.3111264080713,0.22345984206615965,0.6,1.3569699349930187,1.0282064731314928,0.0012165382939170874,268.95757251554295,269.24480473625584,0.0,1.4750597402658232
210.53996261203676,3308.8398440978604,73.09787954844448,266.6537303057908,67413.37829455719,0.8807173148202124,327.3548625157056,0.22329859097461077,0.6,1.3569699349930187,1.0281661373207522,0.0012150965629227613,269.02602738478123,269.31292187088417,0.0,1.474185427551882
210.6900267336419,3297.8736983455087,73.05493083523201,266.72493622821855,67508.04706858845,0.8817186584397886,327.3985672278178,0.22313760091808005,0.6,1.3569699349930187,1.028125907013946,0.0012136578661829562,269.0944464363556,269.38100389136395,0.0,1.473312437699451
210.84009085524707,3286.9139928358604,73.01204631675392,266.7961005778758,67602.76809766222,0.8827202874222614,327.4422405951362,0.2229768712309454,0.6,1.3569699349930187,1.0280857818613862,0.0012122221933552545,269.1628297148883,269.449050840194,0.0,1.4724407667801764
210.99015497685224,3275.960717948705,72.96922583593829,266.86722341679837,67697.54136942742,0.8837222016407843,327.4858826682647,0.22281640124882682,0.6,1.3569699349930187,1.0280457615049443,0.0012107895347774902,269.2311772649044,269.5170627597818,0.0,1.4715704112662251
211.14021909845738,3265.013864083012,72.9264692350597,266.9383048068988,67792.36687158264,0.8847244009690377,327.52949349769574,0.22265619030602737,0.6,1.3569699349930187,1.0280058455548782,0.0012093598824412062,269.2994891307983,269.5850396924032,0.0,1.4707013686234147
211.29028322006255,3254.073421664912,72.88377635792948,267.0093448099143,67887.24459180584,0.8857268852804859,327.57307313377834,0.2224962377422405,0.6,1.3569699349930187,1.0279660336507186,0.001207933226866246,269.36776535692326,269.65298168030915,0.0,1.4698336354126527
211.4403473416677,3243.1393811461217,72.8411470494875,267.08034348741694,67982.17451776772,0.8867296544485186,327.6166216267245,0.22233654290129481,0.6,1.3569699349930187,1.0279263254500508,0.0012065095579495387,269.43600598757513,269.72088876570615,0.0,1.468967207804001
211.59041146327286,3232.211732997023,72.79858115394299,267.15130090085876,68077.15663719062,0.8877327083470729,327.66013902663707,0.22217710512545696,0.6,1.3569699349930187,1.0278867205768385,0.001205088867388677,269.5042110669166,269.78876099066593,0.0,1.4681020830518239
211.74047558487803,3221.2904677114266,72.75607851608078,267.2222171115407,68172.1909378067,0.8887360468501916,327.7036253834907,0.22201792375943039,0.6,1.3569699349930187,1.0278472186577796,0.0012036711467098124,269.57238063903065,269.8565983971894,0.0,1.4672382582960415
211.89053970648317,3210.3755758114658,72.71363898262003,267.293092180581,68267.27740731488,0.8897396698315689,327.74708074711276,0.2218589981545109,0.6,1.3569699349930187,1.027807819360255,0.0012022563856323174,269.64051474797674,269.9244010272728,0.0,1.4663757295645214
212.04060382808834,3199.4670478386465,72.67126239979989,267.3639261689732,68362.41603345757,0.8907435771653608,327.79050516721895,0.22170032766119138,0.6,1.3569699349930187,1.0277685223251414,0.0012008445753727878,269.70861343769224,269.99216892279094,0.0,1.465514493785943
212.1906679496935,3188.564874354671,72.62894861361123,267.43471913758066,68457.6068040131,0.8917477687261042,327.83389869341005,0.22154191162987008,0.6,1.3569699349930187,1.0277293271732562,0.0011994357081586272,269.77667675200223,270.05990212550824,0.0,1.4646545484954894
212.34073207129865,3177.6690459500123,72.58669747216122,267.505471147081,68552.8497067201,0.8927522443879197,327.8772613751379,0.2213837494180842,0.6,1.3569699349930187,1.0276902335713918,0.0011980297740177219,269.8447047347159,270.1276006771941,0.0,1.46379588987541
212.49079619290382,3166.779553236617,72.5445088237055,267.5761822580136,68648.14472934058,0.8937570040251777,327.920593261735,0.2212258403844828,0.6,1.3569699349930187,1.0276512411775125,0.0011966267636661153,269.9126974295472,270.19526461952756,0.0,1.4629385145162441
212.64086031450896,3155.896386844886,72.50238251583387,267.64685253079904,68743.49185968567,0.8947620475127684,327.9638944024261,0.22106818388633434,0.6,1.3569699349930187,1.0276123496180114,0.0011952266694528,269.9806548800815,270.26289399405795,0.0,1.462082419995915
212.79092443611412,3145.019537431579,72.46031839765308,267.71748202568773,68838.8910855456,0.8957673747253649,328.0071648462971,0.22091077928620162,0.6,1.3569699349930187,1.0275735585487349,0.0011938294822509033,270.0485771298647,270.3304888423112,0.0,1.4612276029800808
212.9409885577193,3134.148995678173,72.41831631935804,267.7880708027708,68934.3423947036,0.8967729855375695,328.0504046423018,0.2207536259506255,0.6,1.3569699349930187,1.0275348676431195,0.0011924351923326834,270.1164642223864,270.39804920576904,0.0,1.4603740597552914
213.09105267932443,3123.2847522840884,72.37637613039718,267.8586189220237,69029.84577499423,0.8977788798245273,328.093613839289,0.22059672324451124,0.6,1.3569699349930187,1.0274962765409057,0.0011910437917552117,270.1843162010052,270.46557512578045,0.0,1.4595217876896374
213.2411168009296,3112.4267979714177,72.33449768078336,267.929126443276,69125.4012142618,0.8987850574614905,328.13679248598345,0.22044007053513565,0.6,1.3569699349930187,1.0274577848848367,0.001189655272385869,270.2521331090024,270.53306664362566,0.0,1.4586707840254365
213.39118092253474,3101.575123489712,72.29268082242298,267.99959342617984,69221.00870031712,0.8997915183233605,328.1799406309674,0.22028366719620696,0.6,1.3569699349930187,1.0274193923579737,0.0011882696243112878,270.3199149896363,270.6005238005803,0.0,1.457821044902903
213.5412450441399,3090.729719607142,72.25092540672085,268.07001993026756,69316.66822101457,0.9007982622855008,328.22305832271553,0.22012751260053853,0.6,1.3569699349930187,1.0273810986166743,0.0011868868391081957,270.38766188604507,270.66794663779984,0.0,1.4569725673645355
213.69130916574508,3079.8905771113655,72.20923128482389,268.14040601494594,69412.37976424402,0.901805289223652,328.2661456095917,0.21997160612079267,0.6,1.3569699349930187,1.027342903297404,0.0011855069093418857,270.455373841257,270.7353351963319,0.0,1.4561253490497694
213.84137328735022,3069.0576868179783,72.1675983099643,268.2107517394415,69508.14331785563,0.9028125990131397,328.3092025398159,0.2198159471366391,0.6,1.3569699349930187,1.0273048060825425,0.0011841298253924277,270.5230508982859,270.8026895172295,0.0,1.4552793862464657
213.9914374089554,3058.2310395632576,72.12602633549167,268.2810571628475,69603.95886972322,0.9038201915295424,328.35222916149235,0.2196605350287364,0.6,1.3569699349930187,1.0272668066452644,0.0011827555783358265,270.5906931000513,270.87000964145636,0.0,1.4544346756584867
214.14150153056056,3047.4106262012383,72.08451521407842,268.3513223441428,69699.82640776901,0.9048280666489503,328.3952255226221,0.21950536917630292,0.6,1.3569699349930187,1.0272289046272145,0.001181384160860679,270.6583004893467,270.9372956098485,0.0,1.4535912149708683
214.2915656521657,3036.5964376115535,72.04306479989542,268.42154734214125,69795.7459198944,0.9058362242472389,328.43819167107154,0.21935044896376127,0.6,1.3569699349930187,1.0271910996996836,0.0011800155641757517,270.7258731089281,271.00454746322,0.0,1.4527490009491109
214.44162977377087,3025.7884646977136,72.00167494816274,268.4917322155025,69891.7173939935,0.90684466420021,328.4811276545793,0.21919577377936153,0.6,1.3569699349930187,1.0271533915510862,0.0011786497789106837,270.7934110014956,271.07176524234075,0.0,1.451908029991296
214.591693895376,3014.9866983804804,71.96034551333949,268.56187702277543,69987.7408180124,0.9078533863842164,328.5240335207831,0.21904134300964964,0.6,1.3569699349930187,1.0271157798360893,0.0011772867974644045,270.86091420962094,271.1389489878504,0.0,1.451068299574328
214.74175801698118,3004.1911296025773,71.91907635043896,268.63198182236715,70083.81617990565,0.9088623906757022,328.5669093172008,0.2188871560434827,0.6,1.3569699349930187,1.0270782642126117,0.0011759266120282658,270.9283827758006,271.2060987403214,0.0,1.4502298070380786
214.89182213858635,2993.4017493333463,71.87786731632872,268.70204667251295,70179.94346759473,0.9098716769507691,328.6097550912119,0.2187332122759948,0.6,1.3569699349930187,1.0270408443785475,0.0011745692130386062,270.99581674250874,271.2732145403216,0.0,1.4493925486302646
215.0418862601915,2982.6185485600413,71.83671826735456,268.772071631333,70276.1226690449,0.9108812450859818,328.652570890093,0.2185795111013386,0.6,1.3569699349930187,1.0270035200048957,0.0011732145924148965,271.06321615210146,271.34029642830075,0.0,1.448556521502371
215.19195038179666,2971.841518288712,71.79562905959556,268.84205675682625,70372.35377225636,0.9118910949582762,328.69535676101333,0.21842605191346365,0.6,1.3569699349930187,1.026966290742929,0.0011718627430432982,271.1305810468272,271.4073444446026,0.0,1.447721723393283
215.3420145034018,2961.0706495525565,71.75459955118662,268.91200210681643,70468.63676518932,0.9129012264441723,328.7381127510024,0.21827283411320192,0.6,1.3569699349930187,1.0269291562897789,0.0011705136556390214,271.19791146892106,271.47435862957684,0.0,1.4468881506917595
215.49207862500697,2950.305933404698,71.7136296003502,268.981907738999,70564.97163582787,0.9139116394204444,328.7808389069789,0.21811985710225637,0.6,1.3569699349930187,1.0268921163330003,0.0011691673216208491,271.26520746052523,271.54133902348485,0.0,1.4460558002102104
215.64214274661214,2939.5473609153482,71.67271906462135,269.0517737109592,70661.3583722044,0.9149223337643788,328.82353527576146,0.21796712028083517,0.6,1.3569699349930187,1.0268551705286721,0.0011678237340001986,271.33246906365827,271.6082856664627,0.0,1.445224669736067
215.79220686821728,2928.7949231795856,71.63186780301616,269.1216000801221,70757.7969623298,0.9159333093530392,328.86620190403846,0.21781462305426566,0.6,1.3569699349930187,1.026818318562706,0.001166482884304871,271.39969632030284,271.6751985986254,0.0,1.4443947561300305
215.94227098982245,2918.0486113155707,71.59107567556258,269.1913869037637,70854.28739420837,0.9169445660634257,328.90883883837495,0.2176623648315583,0.6,1.3569699349930187,1.0267815601376946,0.00116514476350499,271.4668892723867,271.7420778600445,0.0,1.4435660558970318
216.09233511142762,2907.308416458044,71.55034254151387,269.26113423905343,70950.82965589565,0.9179561037730792,328.95144612523865,0.21751034501995523,0.6,1.3569699349930187,1.0267448949224096,0.0011638093643247594,271.53404796171134,271.8089234906631,0.0,1.4427385666181423
216.24239923303276,2896.574329763042,71.5096682606686,269.33084214302335,71047.42373545558,0.9189679223596334,328.9940238109813,0.21735856302895473,0.6,1.3569699349930187,1.0267083225891573,0.0011624766792632602,271.60117243000525,271.8757355303589,0.0,1.4419122857262079
216.39246335463793,2885.846342412401,71.4690526946416,269.400510672539,71144.06962091914,0.9199800217003812,329.03657194182097,0.2172070182741829,0.6,1.3569699349930187,1.0266718428498673,0.0011611466990900127,271.6682627189751,271.9425140190054,0.0,1.4410872095718723
216.54252747624307,2875.1244456051927,71.42849570450679,269.4701398843549,71240.7673003607,0.9209924016730744,329.0790905638761,0.21705571017020334,0.6,1.3569699349930187,1.0266354553893833,0.001159819416050855,271.7353188702115,272.0092589963592,0.0,1.440263335411033
216.69259159784824,2864.4086305586357,71.38799715106376,269.539729835109,71337.51676188967,0.9220050621558366,329.1215797231621,0.21690463813132882,0.6,1.3569699349930187,1.0265991598730044,0.0011584948233367975,271.8023409252,272.0759705020736,0.0,1.4394406610774824
216.8426557194534,2853.698888516329,71.34755689713953,269.6092805812685,71434.31799357502,0.9230180030263727,329.16403946555846,0.21675380157863466,0.6,1.3569699349930187,1.0265629560118334,0.0011571729119821458,271.8693289254134,272.14264857580775,0.0,1.4386191830564234
216.99271984105854,2842.9952107410827,71.30717480562022,269.6787921791772,71531.17098350986,0.9240312241626453,329.206469836838,0.21660319993395524,0.6,1.3569699349930187,1.0265268435070323,0.0011558536737322797,271.9362829122333,272.20929325713405,0.0,1.4377988982642977
217.1427839626637,2832.2975885121455,71.26685073869525,269.748264685073,71628.07571983543,0.9250447254431249,329.2488708826771,0.2164528326175798,0.6,1.3569699349930187,1.0264908220283449,0.0011545371019056271,272.00320292692004,272.27590458550145,0.0,1.436979804586465
217.29284808426885,2821.6060131329373,71.22658456001875,269.81769815503776,71725.03219067083,0.9260585067460559,329.2912426486259,0.21630269905483615,0.6,1.3569699349930187,1.0264548912755382,0.0011532231883333987,272.0700890106993,272.342482600339,0.0,1.4361618989744445
217.44291220587402,2810.920475929199,71.18637613422067,269.8870926450093,71822.04038412885,0.9270725679496217,329.3335851801151,0.216152798674597,0.6,1.3569699349930187,1.0264190509646192,0.001151911924310281,272.1369412047429,272.40902734103275,0.0,1.4353451780355813
217.5929763274792,2800.2409682426105,71.1462253251437,269.95644821082317,71919.10028837365,0.9280869089325475,329.3758985224821,0.21600313090390705,0.6,1.3569699349930187,1.026383300777718,0.001150603302870131,272.2037595500988,272.4755388468424,0.0,1.4345296394507214
217.74304044908433,2789.5674814355025,71.10613199716771,270.02576490818154,72016.211891577,0.9291015295736431,329.4181827209517,0.2158536951720158,0.6,1.3569699349930187,1.0263476404007712,0.00114929731680447,272.270544087744,272.54201715696394,0.0,1.433715280741351
217.8931045706895,2778.900006895232,71.0660960164523,270.09504279262507,72113.37518187796,0.9301164297513823,329.4604378206193,0.21570449091415805,0.6,1.3569699349930187,1.026312069559002,0.0011479939572004295,272.337294858634,272.60846231058935,0.0,1.4329020983567116
218.04316869229467,2768.238536025735,71.02611724859804,270.1642819195877,72210.5901474591,0.9311316093446985,329.5026638664845,0.21555551756442867,0.6,1.3569699349930187,1.0262765879503626,0.001146693216614787,272.4040119036106,272.6748743467954,0.0,1.4320900896527857
218.1932328138998,2757.5830602484853,70.98619555892452,270.23348234439067,72307.85677653737,0.9321470682328893,329.54486090344716,0.21540677455662904,0.6,1.3569699349930187,1.0262411952534407,0.001145395088528313,272.47069526341255,272.7412533045575,0.0,1.431279252553973
218.34329693550498,2746.9335710105893,70.94633081475149,270.3026441221893,72405.17505728932,0.9331628062948355,329.5870289762755,0.21525826133120785,0.6,1.3569699349930187,1.0262058911925802,0.0011440995642792936,272.53734497876684,272.80759922285773,0.0,1.4304695836377084
218.49336105711012,2736.2900597776784,70.90652288343053,270.37176730801997,72502.54497791578,0.9341788234096777,329.62916812963476,0.21510997732926596,0.6,1.3569699349930187,1.0261706754818245,0.0011428066359244528,272.60396109031086,272.8739121405921,0.0,1.42966107992019
218.6434251787153,2725.652518031215,70.86677163160817,270.4408519568169,72599.96652666529,0.9351951194570594,329.67127840809724,0.21496192199031305,0.6,1.3569699349930187,1.0261355478038605,0.0011415162970743365,272.6705436385628,272.94019209653527,0.0,1.4288537393804799
218.79348930032046,2715.0209372761565,70.82707692738035,270.50989812336286,72697.43969176398,0.9362116943163958,329.71335985611273,0.2148140947588213,0.6,1.3569699349930187,1.0261005078715968,0.0011402285398488424,272.73709266400783,273.00643912944355,0.0,1.4280475590567625
218.9435534219256,2704.395309039056,70.78743863978401,270.57890586230127,72794.96446143213,0.9372285478670469,329.7554125180158,0.2146664950826747,0.6,1.3569699349930187,1.0260655554137448,0.0011389433558522133,272.8036082070783,273.07265327803054,0.0,1.4272425356546057
219.09361754353077,2693.7756248617884,70.74785663705724,270.64787522817693,72892.54082394071,0.9382456799889071,329.79743643805074,0.21451912240787396,0.6,1.3569699349930187,1.0260306901250824,0.0011376607384132361,272.8700903080845,273.13883458088515,0.0,1.4264386669504676
219.2436816651359,2683.161876306264,70.70833078796807,270.7168062754056,72990.16876756826,0.9392630905619549,329.8394316603533,0.21437197618257722,0.6,1.3569699349930187,1.0259959117044781,0.0011363806806014675,272.93653900726804,273.2049830765347,0.0,1.4256359505503728
219.39374578674108,2672.5540549586776,70.66886096302893,270.7856990582461,73087.84828056062,0.9402807794658345,329.88139822893345,0.21422505586079046,0.6,1.3569699349930187,1.0259612198897492,0.00113510317380697,273.00295434484985,273.2710988035025,0.0,1.4248343829980632
219.54380990834625,2661.9521524211777,70.62944703217613,270.8545536308547,73185.579351207,0.9412987465806476,329.92333618770897,0.2140783608953072,0.6,1.3569699349930187,1.0259266143912609,0.0011338282108829167,273.0693363609387,273.33718180019855,0.0,1.4240339617455102
219.6938740299514,2651.3561603128574,70.59008886505927,270.9233700472786,73283.36196783089,0.9423169917868592,329.9652455805015,0.2139318907385882,0.6,1.3569699349930187,1.0258920949002055,0.001132555785585616,273.1356850955427,273.4032321049332,0.0,1.423234684803646
219.84393815155656,2640.766070277738,70.55078633330184,270.9921483614038,73381.19611871493,0.9433355149645142,330.00712645100475,0.21378564484963122,0.6,1.3569699349930187,1.0258576611534806,0.0011312858895430886,273.2020005886593,273.46924975602406,0.0,1.4224365488381518
219.99400227316173,2630.1818739777004,70.5115393085331,271.0608886270016,73479.08179216635,0.9443543159939203,330.04897884281297,0.21363962268798437,0.6,1.3569699349930187,1.0258233128773342,0.001130018515109016,273.2682828801975,273.5352347917038,0.0,1.4216395509609339
220.14406639476687,2619.6035630898828,70.47234766166972,271.1295908977448,73577.01897653974,0.9453733947558834,330.0908027994311,0.21349382371156198,0.6,1.3569699349930187,1.025789049766718,0.0011287536561720212,273.3345320099494,273.60118725008584,0.0,1.42084368924075
220.29413051637204,2609.0311293142604,70.4332112650634,271.19825522715894,73675.00766016697,0.9463927511309803,330.1325983642449,0.21334824738316932,0.6,1.3569699349930187,1.0257548715470124,0.0011274913051268157,273.40074801767577,273.66710716926633,0.0,1.420048960798525
220.44419463797718,2598.464564371713,70.3941299919733,271.2668816686348,73773.04783137422,0.947412384999734,330.174365580529,0.2132028931688953,0.6,1.3569699349930187,1.0257207779589648,0.0011262314538730371,273.4669309430852,273.73299458729923,0.0,1.4192553624340742
220.59425875958235,2587.9038599978535,70.35510371484888,271.33547027546837,73871.13947853839,0.9484322962432016,330.2161044914709,0.2130577605328939,0.6,1.3569699349930187,1.0256867687093423,0.0011249740960205179,273.53308082576643,273.79884954211565,0.0,1.418462892015524
220.74432288118751,2577.3490079477365,70.31613230666328,271.4040211008301,73969.2825900431,0.9494524847425162,330.25781514015284,0.21291284894143364,0.6,1.3569699349930187,1.0256528435092829,0.0011237192249032725,273.5991977052416,273.8646720715869,0.0,1.4176715472295551
220.89438700279266,2566.7999999999997,70.27721564209985,271.47253419773847,74067.4771542398,0.950472950378483,330.29949756953545,0.21276815786649786,0.6,1.3569699349930187,1.025619002108546,0.0011224668322004456,273.6652816210127,273.9304622135806,0.0,1.4168813247105279
