time_s,height_m,speed_mps,temperature_k,pressure_pa,density_kg_m3,sound_mps,mach,cd,area_m2,drag_g,spin_g,recovery_k,stagnation_k,theta_deg,spin_rpm
0.0,70000.0,0.0,219.5848217750576,5.220860147181991,8.282812858987047e-05,297.0613314091154,0.0,0.6,1.3569699349930187,0.0,0.00012746452662224105,219.5848217750576,219.5848217750576,0.0,0.477464829275686
0.1500047930118926,69999.89205850559,1.4391739378157529,219.58511746322105,5.2209459255360136,8.282937791377748e-05,297.0615314172244,0.004844699786437262,0.6,1.3569699349930187,3.748246764539052e-08,0.0001274644840100284,219.58603703595924,219.58614824477473,0.0,0.4774647494658948
0.3000095860237852,69999.56823402338,2.878347862039581,219.58600452776824,5.221203268377577,8.283312598870925e-05,297.06213144078197,0.009689379955901134,0.6,1.3569699349930187,1.4993665357467264e-07,0.00012746436334533316,219.58968281868624,219.59012765394402,0.0,0.47746452346901197
0.45001437903567776,69999.02852655643,4.317521759057818,219.58748296886952,5.221632199046183,8.283937312430994e-05,297.0631314774793,0.014534020891734705,0.6,1.3569699349930187,3.3738290816435534e-07,0.00012746417538224818,219.59575912330467,219.5967600026189,0.0,0.47746417142654474
0.6000191720475704,69998.27293610985,5.756695615216765,219.5895527868089,5.222232756444633,8.284811983669687e-05,297.0645315234688,0.019378602977925596,0.6,1.3569699349930187,5.998551533669241e-07,0.00012746393087083153,219.60426594992444,219.60604529088826,0.0,0.47746371347239186
0.750023965059463,69997.30146269077,7.195869416805771,219.59221398198395,5.223004995044321,8.285936684852352e-05,297.0663315733637,0.024223106599438632,0.6,1.3569699349930187,9.37400889700496e-07,0.000127463640558718,219.61520329869887,219.61798351887583,0.0,0.47746316973590974
0.9000287580713555,69996.11410630844,8.635043150032985,219.59546655490584,5.223948984892816,8.287311508907063e-05,297.06853162023845,0.02906751214252376,0.6,1.3569699349930187,1.3500812060349651e-06,0.0001274633151934451,219.62857116982417,219.6325746867398,0.0,0.47746256034631057
1.0500335510832481,69994.71086697414,10.074216801004031,219.59931050619906,5.225064811623418,8.28893656943602e-05,297.0711316556286,0.0339117999950338,0.6,1.3569699349930187,1.8379707921779177e-06,0.00012746296552449896,219.64436956353848,219.64981879467152,0.0,0.47746190543652517
1.2000383440951408,69993.09174470126,11.513390355708722,219.6037458366018,5.226352576467084,8.29081200072986e-05,297.07413166953114,0.038755950546769107,0.6,1.3569699349930187,2.4011579542664975e-06,0.00012746260230458802,219.66259848012135,219.66971584289513,0.0,0.47746122514561246
1.3500431371070334,69991.25673950532,12.952563799997488,219.60877254696538,5.227812396266293,8.292937957784224e-05,297.07753165040447,0.04359994418978758,0.6,1.3569699349930187,3.0397446329630125e-06,0.00012746223629191004,219.68325791989236,219.69226583166588,0.0,0.47746053962302015
1.500047930118926,69989.20585140392,14.391737119556208,219.61439063825472,5.229444403491254,8.295314616319178e-05,297.08133158516875,0.04844376131870916,0.6,1.3569699349930187,3.753846424459378e-06,0.00012746187825258239,219.70634788321019,219.7174687612691,0.0,0.4774598690331435
1.6500527231308186,69986.93908041688,15.830910299894722,219.6206001115479,5.23124874625809,8.297942172800954e-05,297.0855314592062,0.05328738233106622,0.6,1.3569699349930187,4.54359260430328e-06,0.00012746153896174884,219.73186837047103,219.74532463201854,0.0,0.47745923355739583
1.800057516142711,69984.45642656616,17.27008332632405,219.62740096803623,5.233225588349358,8.300820844466523e-05,297.09013125636096,0.058130787627615886,0.6,1.3569699349930187,5.4091261540410915e-06,0.00012746122920578558,219.7598193821072,219.77583344425477,0.0,0.4774586533983303
1.9500623091546037,69981.757889876,18.709256183931434,219.63479320902405,5.235375109236534,8.303950869350475e-05,297.0951309589398,0.06297395761264481,0.6,1.3569699349930187,6.350603790685528e-06,0.00012746095978471658,219.79020091858527,219.80899519834298,0.0,0.4774581487841446
2.1000671021664963,69978.84347037281,20.148428857564586,219.64277683592883,5.23769750410491,8.307332506314843e-05,297.10053054771214,0.06781687269430473,0.6,1.3569699349930187,7.368195999022678e-06,0.00012746074151374383,219.82301298040434,219.8448098946713,0.0,0.4774577399715192
2.250071895178389,69975.71316808536,21.587601331813488,219.65135185028095,5.24019298388046,8.310966035081226e-05,297.10633000191046,0.07265951328493969,0.6,1.3569699349930187,8.462087066759794e-06,0.00012746058522502467,219.85825556809417,219.88327753364837,0.0,0.47745744724891054
2.4000766881902815,69972.36698304476,23.026773590985584,219.6605182537234,5.242861775258913,8.314851756265557e-05,297.11252929923063,0.07750185980139078,0.6,1.3569699349930187,9.632475122517652e-06,0.0001274605017700776,219.89592868221249,219.9243981157007,0.0,0.4774572909410118
2.550081481202174,69968.80491528443,24.46594561908429,219.67027604801214,5.245704120737168,8.31898999141572e-05,297.1191284158322,0.08234389266531184,0.6,1.3569699349930187,1.0879572176683009e-05,0.00012746050202188067,219.9360323233431,219.96817164127043,0.0,0.4774572914126293
2.7000862742140668,69965.02696484028,25.905117399795337,219.68062523501553,5.248720278646689,8.323381083051458e-05,297.1261273263391,0.08718559230351113,0.6,1.3569699349930187,1.220360416513542e-05,0.00012746059687621791,219.9785664920933,220.01459811081222,0.0,0.4774574690711423
2.8500910672259594,69961.03313175062,27.34428891646268,219.6915658167144,5.251910523189208,8.328025394707092e-05,297.1335260038397,0.09202693914825796,0.6,1.3569699349930187,1.360481099584378e-05,0.00012746079725403018,220.02353118909107,220.0636775247905,0.0,0.4774578443708344
3.000095860237852,69956.82341605637,28.783460152062645,219.70309779520184,5.255275144474605,8.332923310976817e-05,297.14132441988727,0.0968679136375829,0.6,1.3569699349930187,1.5083446598348325e-05,0.00012746111410394265,220.07092641498213,220.115409883676,0.0,0.4774584378175467
3.1501006532497446,69952.397817801,30.222631089192127,219.71522117268304,5.2588144485609565,8.338075237562573e-05,297.1495225445008,0.10170849621562496,0.6,1.3569699349930187,1.663977897615622e-05,0.0001274615584034422,220.12075217042707,220.1697951879424,0.0,0.4774592699707945
3.3001054462616373,69947.75633703057,31.66180171004515,219.72793595147525,5.262528757496929,8.343481601324768e-05,297.1581203461652,0.10654866733293947,0.6,1.3569699349930187,1.8274090262038903e-05,0.0001274621411611814,220.17300845609827,220.2268334380633,0.0,0.47746036144798254
3.45011023927353,69942.89897379393,33.100971996387074,219.74124213400734,5.266418409366148,8.349142850335265e-05,297.1671177918318,0.11138840744679766,0.6,1.3569699349930187,1.9986676776249698e-05,0.00012746287341950505,220.22769527267616,220.28652463450757,0.0,0.47746173292902994
3.600115032285422,69937.82572814262,34.54014192953834,219.75513972282005,5.270483758334131,8.355059453933542e-05,297.176514846919,0.11622769702151797,0.6,1.3569699349930187,2.1777849087691116e-05,0.00012746376625607066,220.28481262084614,220.34886877773627,0.0,0.4774634051592876
3.7501198252973147,69932.53660013106,35.979311490355606,219.76962872056535,5.274725174697089,8.361231902784957e-05,297.18631147531306,0.12106651652878826,0.6,1.3569699349930187,2.364793207803119e-05,0.00012746483078572666,220.34436050129455,220.41386586819803,0.0,0.47746539895292855
3.9001246183092073,69927.03158981657,37.418480659205976,219.7847091300066,5.279143044933268,8.367660708942133e-05,297.1965076393682,0.12590484644796457,0.6,1.3569699349930187,2.559726500877913e-05,0.00012746607816304254,220.40633891470497,220.48151590632494,0.0,0.47746773519755
4.0501294113211,69921.31069725945,38.857649415944685,219.800380954018,5.283737771756355,8.374346405908746e-05,297.2071032999075,0.13074266726638084,0.6,1.3569699349930187,2.7626201591346155e-05,0.00012746751958452794,220.47074786175386,220.55181889252762,0.0,0.47747043485818264
4.200134204332993,69915.37392252307,40.29681773990083,219.81664419558484,5.288509774171331,8.381289548706272e-05,297.2180984162237,0.13557995947968565,0.6,1.3569699349930187,2.9735110060117306e-05,0.00012746916629007747,220.53758734310694,220.6247748271913,0.0,0.4774735189798399
4.350138997344885,69909.22126567393,41.73598560985227,219.83349885780268,5.293459487532318,8.388490713943034e-05,297.2294929460796,0.14041670359214184,0.6,1.3569699349930187,3.19243732485232e-05,0.00012747102956545744,220.6068573594141,220.70038371067008,0.0,0.4774770086920082
4.500143790356778,69902.85272678176,43.17515300399853,219.85094494387778,5.298587363603071,8.395950499886488e-05,297.2412868457088,0.14525288011691917,0.6,1.3569699349930187,3.4194388668142157e-05,0.00012747312074498646,220.67855791130532,220.77864554328238,0.0,0.47748092521348956
4.65014858336867,69896.2683059196,44.61431989994848,219.86898245712632,5.303893870619435,8.403669526537763e-05,297.25348006981665,0.15008846957643626,0.6,1.3569699349930187,3.654556859087449e-05,0.00012747545121281282,220.7526889993856,220.85956032530538,0.0,0.47748528985460614
4.800153376380563,69889.46800316389,46.053486274695686,219.8876114009745,5.3093794933542915,8.411648435709198e-05,297.2660725715806,0.15492345250266046,0.6,1.3569699349930187,3.897834013417012e-05,0.00012747803240536823,220.82925062423038,220.9431280569697,0.0,0.4774901240215961
4.950158169392456,69882.4518185946,47.49265210459132,219.906831778958,5.315044733184761,8.419887891104553e-05,297.2790643026514,0.15975780943739917,0.6,1.3569699349930187,4.1493145349340566e-05,0.00012748087581406363,220.90824278637996,221.0293487384534,0.0,0.47749544922145276
5.100162962404348,69875.21975229528,48.931817365327035,219.92664359472207,5.320890108161791,8.428388578402053e-05,297.2924552131536,0.16459152093262427,0.6,1.3569699349930187,4.409044131299796e-05,0.00012748399298703885,220.98966548633447,221.1182223698763,0.0,0.4775012870649798
5.250167755416241,69867.77180435315,50.37098203191496,219.94704685202086,5.326916153081937,8.437151205340007e-05,297.30624525168633,0.16942456755078628,0.6,1.3569699349930187,4.6770700221620664e-05,0.0001274873955311864,221.07351872454853,221.20974895129393,0.0,0.4775076592703481
5.4001725484281335,69860.10797485926,51.81014607866062,219.96804155471742,5.333123419561694,8.446176501805493e-05,297.32043436532456,0.17425692986510402,0.6,1.3569699349930187,4.953440948926077e-05,0.00012749109511486504,221.1598025014253,221.30392848269102,0.0,0.4775145876679332
5.550177341440026,69852.22826390856,53.249309479139164,219.9896277067833,5.339512476114059,8.455465219925655e-05,297.3350224996193,0.17908858845986547,0.6,1.3569699349930187,5.238207184843122e-05,0.00012749510347029249,221.24851681731053,221.40076096397493,0.0,0.4775220942045392
5.700182134451919,69844.13267160005,54.68847220618022,220.01180531229824,5.346083908227479,8.465018134161822e-05,297.3500095985992,0.18391952393075645,0.6,1.3569699349930187,5.531420545420932e-05,0.00012749943239512583,221.339661672487,221.50024639496914,0.0,0.4775302009460893
5.850186927463811,69835.82119803678,56.127634231841334,220.03457437544995,5.352838318447271,8.474836041406582e-05,297.3653956047709,0.18874971688515066,0.6,1.3569699349930187,5.8331343991542466e-05,0.00012750409375514307,221.433237067168,221.60238477540636,0.0,0.4775389300823657
6.000191720475704,69827.29384332616,57.566795527378986,220.05793490053364,5.359776326459374,8.484919761083586e-05,297.3811804591203,0.19357914794239123,0.6,1.3569699349930187,6.143403678579499e-05,0.0001275090994871413,221.52924300149058,221.70717610492076,0.0,0.4775483039321421
6.150196513487597,69818.55060757989,59.00595606323551,220.08188689195185,5.366898569176538,8.495270135250233e-05,297.3973641011134,0.1984077977341246,0.6,1.3569699349930187,6.462284891660126e-05,0.00012751446160034886,221.62767947550952,221.81462038304133,0.0,0.47755834494552
6.300201306499489,69809.59149091419,60.44511580901279,220.1064303542141,5.374205700827001,8.505888028703319e-05,297.41394646869736,0.20323564690458995,0.6,1.3569699349930187,6.789836133499263e-05,0.00012752019217908907,221.72854648919042,221.9247176091841,0.0,0.4775690757085959
6.450206099511382,69800.41649344993,61.88427473344321,220.13156529193617,5.381698393045457,8.516774329087336e-05,297.43092749830123,0.2080626761108986,0.6,1.3569699349930187,7.126117098384225e-05,0.00012752630338571055,221.83184404240197,222.03746778264374,0.0,0.4775805189486123
6.6002108925232745,69791.02561531271,63.32343280437132,220.15729170984028,5.389377334966751,8.527929947006063e-05,297.4483071248374,0.21288886602334847,0.6,1.3569699349930187,7.471189092169067e-05,0.00012753280746251273,221.9375721349095,222.15287090258607,0.0,0.4775926975372143
6.750215685535167,69781.41885663301,64.7625899887324,220.18360961275462,5.397243233321898,8.539355816136852e-05,297.46608528170253,0.21771419732572794,0.6,1.3569699349930187,7.825115044994737e-05,0.00012753971673396783,222.0457307663677,222.27092696804016,0.0,0.4776056344942454
6.90022047854706,69771.59621754638,66.20174625252328,220.21051900561258,5.405296812536498,8.551052893347703e-05,297.48426190077834,0.22253865071559292,0.6,1.3569699349930187,8.187959524348488e-05,0.00012754704360968543,222.15631993631234,222.39163597788894,0.0,0.4776193529929195
7.050225271558952,69761.55769819352,67.64090156077675,220.2380198934527,5.413538814831918,8.563022158817671e-05,297.5028369124331,0.2273622069045552,0.6,1.3569699349930187,8.559788748468673e-05,0.00012755480058703982,222.26933964415252,222.51499793086077,0.0,0.4776338763643457
7.200230064570844,69751.30329872044,69.0800558775453,220.2661122814182,5.421970000328836,8.575264616160002e-05,297.5218102455225,0.23218484661860153,0.6,1.3569699349930187,8.940670600099004e-05,0.00012756300025293095,222.38478988916322,222.64101282552096,0.0,0.4776492281004149
7.350234857582737,69740.83301927861,70.51920916587233,220.29479617475673,5.430591147153437,8.587781292548404e-05,297.5411818273909,0.23700655059836997,0.6,1.3569699349930187,9.330674640590523e-05,0.00012757165528673006,222.50267067047685,222.76968066026237,0.0,0.4776654318588882
7.500239650594629,69730.14686002518,71.95836138776085,220.32407157881948,5.439403051545997,8.600573238846087e-05,297.5609515838726,0.2418272995994172,0.6,1.3569699349930187,9.729872124356303e-05,0.00012758077846346767,222.6229819870741,222.90100143329522,0.0,0.4776825114689229
7.650244443606522,69719.244821123,73.39751250415928,220.35393849906137,5.448406527972395,8.61364152973832e-05,297.5811194392929,0.24664707439254227,0.6,1.3569699349930187,0.00010138336013688268,0.00012759038265542445,222.7457238377763,223.03497514263867,0.0,0.4777004909335895
7.800249236618415,69708.1269027409,74.83666247493296,220.38439694104008,5.457602409237853,8.626987263867498e-05,297.60168531646906,0.25146585576406194,0.6,1.3569699349930187,0.00010556140993930425,0.00012760048083507432,222.87089622123605,223.17160178611022,0.0,0.4777193944349048
7.950254029630307,69696.79310505383,76.27581125883253,220.415446910416,5.46699154660361,8.640611563971735e-05,297.6226491367123,0.2562836245160744,0.6,1.3569699349930187,0.00010983363489015639,0.00012761108607832564,222.99849913592797,223.3108813613155,0.0,0.47773924633940296
8.1002588226422,69685.24342824297,77.714958813474,220.44708841295147,5.476574809906066,8.654515577026297e-05,297.6440108198283,0.2611003614667621,0.6,1.3569699349930187,0.00011420081677373048,0.0001276222115666777,223.12853258013956,223.45281386563798,0.0,0.4777600712016581
8.250263615654093,69673.47787249598,79.1541050953154,220.4793214545104,5.48635308767866,8.668700474388246e-05,297.66577028411865,0.26591604745068165,0.6,1.3569699349930187,0.00011866375508206115,0.00012763387058970372,223.26099655196168,223.59739929622856,0.0,0.47778189376839886
8.400268408665985,69661.49643800712,80.59325005962495,220.51214604105797,5.496327287276509,8.683167451944335e-05,297.6879274463826,0.270730663319025,0.6,1.3569699349930187,0.00012322326718143507,0.00012764607654834435,223.395891049279,223.74463764999462,0.0,0.47780473898412057
8.550273201677879,69649.29912497746,82.03239366045312,220.54556217865996,5.506498335003625,8.697917730261882e-05,297.7104822219179,0.27554418993989244,0.6,1.3569699349930187,0.00012788018848269685,0.00012765884295784215,223.5332160697592,223.89452892358824,0.0,0.477828631996004
8.70027799468977,69636.88593361505,83.47153585061473,220.57956987348234,5.516867176243003,8.712952554743017e-05,297.73343452452247,0.28035660819859887,0.6,1.3569699349930187,0.0001326353726154187,0.00012767218344973824,223.67297161084383,224.04707311339592,0.0,0.4778535981570591
8.850282787701664,69624.2568641351,84.9106765816576,220.61416913179048,5.527434775589315,8.728273195781948e-05,297.7567842664953,0.28516789899793415,0.6,1.3569699349930187,0.0001374896916058966,0.0001276861117751609,223.81515766973712,224.20227021552606,0.0,0.47787966303166446
9.000287580713556,69611.41191676022,86.34981580382804,220.64935995994904,5.538202116984595,8.74388094892574e-05,297.7805313586384,0.2899780432584116,0.6,1.3569699349930187,0.00014244403605904944,0.00012770064180839052,223.95977424339515,224.36012022579683,0.0,0.4779068524016025
9.15029237372545,69598.35109172056,87.7889534660554,220.68514236442124,5.54917020385656,8.759777135038139e-05,297.8046757102581,0.2947870219185798,0.6,1.3569699349930187,0.00014749931534432915,0.0001277157875486817,224.10682132851548,224.52062313972493,0.0,0.4779351922688091
9.30029716673734,69585.07438925402,89.22808951592063,220.7215163517682,5.56034005925982,8.77596310046677e-05,297.82921722916603,0.29959481593528037,0.6,1.3569699349930187,0.00015265645778557871,0.00012773156312356838,224.25629892152585,224.68377895251245,0.0,0.4779647088608761
9.450301959749234,69571.58180960649,90.66722389962158,220.75848192864865,5.571712726020012,8.792440217213749e-05,297.85415582168133,0.30440140628389295,0.6,1.3569699349930187,0.00015791641085491893,0.00012774798279250446,224.4082070185722,224.84958765903409,0.0,0.47799542863715755
9.600306752761126,69557.87335303205,92.10635656195089,220.79603910181802,5.583289266880652,8.80920988310939e-05,297.87949139263134,0.30920677395862284,0.6,1.3569699349930187,0.0001632801413707585,0.00012776506094931917,224.5625456155073,225.01804925382405,0.0,0.4780273782926317
9.750311545773018,69543.9490197931,93.5454874462704,220.83418787812826,5.595070764653111,8.826273521989628e-05,297.9052238453537,0.31401089997277465,0.6,1.3569699349930187,0.00016874863569993077,0.00012778281212503544,224.7193147078794,225.1891637310635,0.0,0.4780605847624189
9.900316338784911,69529.8088101607,94.98461649447586,220.87292826452693,5.607058322369384,8.843632583876624e-05,297.93135308169764,0.3188137653589937,0.6,1.3569699349930187,0.00017432289996397062,0.00012780125099158576,224.87851429091916,225.36293108456624,0.0,0.4780950752279508
10.050321131796803,69515.45272441475,96.423743646966,220.91226026805668,5.619253063437776,8.86128854516273e-05,297.95787900202555,0.3236153511695205,0.6,1.3569699349930187,0.00018000396024962968,0.00012782039236513903,225.0401443595272,225.53935130776446,0.0,0.4781308771223846
10.200325924808697,69500.88076284416,97.86286884262296,220.95218389585474,5.631656131801792,8.879242908798234e-05,297.9848015052144,0.3284156384764827,0.6,1.3569699349930187,0.00018579286282371447,0.00012784025120840005,225.20420490826234,225.71842439369576,0.0,0.47816801813406873
10.350330717820588,69486.09292574713,99.30199201877713,220.99269915515214,5.64426869210178,8.89749720448221e-05,298.0121204886576,0.33321460837213357,0.6,1.3569699349930187,0.0001916906743521862,0.00012786084263433705,225.3706959313279,225.90015033498796,0.0,0.47820652621264964
10.500335510832482,69471.08921343145,100.7411131111693,221.03380605327303,5.657091929839811,8.916052988857168e-05,298.03983584826636,0.3380122419690807,0.6,1.3569699349930187,0.00019769848212362832,0.00012788218191022438,225.53961742255785,226.08452912384357,0.0,0.4782464295757399
10.650340303844374,69455.86962621458,102.1802320539331,221.0755045976343,5.670127051547595,8.934911845707187e-05,298.06794747847135,0.3428085204005818,0.6,1.3569699349930187,0.00020381739427721812,0.00012790428445976255,225.71096937540463,226.27156075202626,0.0,0.4782877567119579
10.800345096856267,69440.43416442399,103.61934877956041,221.11779479574486,5.6833752849574966,8.954075386159618e-05,298.0964552722247,0.34760342482078216,0.6,1.3569699349930187,0.00021004854003511545,0.00012792716586684317,225.8847517829249,226.46124521084494,0.0,0.47833053638701545
10.950349889868159,69424.78282839747,105.05846321886237,221.16067665520444,5.696837879176522,8.973545248890193e-05,298.125359121001,0.3523969364049369,0.6,1.3569699349930187,0.00021639306993935983,0.0001279508418796961,226.06096463776444,226.65358249113686,0.0,0.4783747976504845
11.100354682880052,69408.91561848327,106.49757530094513,221.20415018370366,5.710516104863836,8.993323100332264e-05,298.1546589147995,0.35718903634968124,0.6,1.3569699349930187,0.00022285215609342817,0.0001279753284137248,226.2396079321449,226.848572583253,0.0,0.47842056984007986
11.250359475891944,69392.8325350404,107.93668495318097,221.24821538902282,5.724411254411108,9.013410634889215e-05,298.1843545421457,0.36197970587328415,0.6,1.3569699349930187,0.0002294269924084084,0.00012800064155475178,226.4206816578492,227.04621547704156,0.0,0.47846788258667394
11.400364268903838,69376.53357843889,109.37579210116913,221.29287227903146,5.738524642126342,9.033809575150945e-05,298.214445890093,0.3667689262158668,0.6,1.3569699349930187,0.0002361187948538414,0.00012802679756326733,226.604185806206,227.24651116183088,0.0,0.47851676582115177
11.55036906191573,69360.01874906012,110.81489666870118,221.33812086168726,5.752857604420756,9.054521672113786e-05,298.2449328442243,0.3715566786396357,0.6,1.3569699349930187,0.00024292880171333336,0.00012805381287825265,226.79012036807399,227.44945962641174,0.0,0.4785672497804337
11.700373854927623,69343.28804729698,112.25399857773907,221.3839611450357,5.7674114999992,9.075548705404562e-05,298.2758152886542,0.3763429444291556,0.6,1.3569699349930187,0.0002498582738450536,0.00012808170411986522,226.97848533382776,227.65506085902172,0.0,0.47861936501133473
11.850378647939515,69326.34147355422,113.69309774837593,221.43039313720925,5.782187710053723,9.09689248350818e-05,298.30709310603044,0.38112770489156556,0.6,1.3569699349930187,0.00025690849494703185,0.00012811048809371927,227.16928069334136,227.86331484732676,0.0,0.47867314237736647
12.000383440951408,69309.17902824875,115.13219409879352,221.47741684642617,5.797187638460485,9.118554843999085e-05,298.33876617753543,0.38591094135678183,0.6,1.3569699349930187,0.0002640807718273813,0.00012814018179552937,227.36250643597083,228.0742215784018,0.0,0.4787286130661774
12.1503882339633,69291.80071180985,116.57128754524265,221.52503228099033,5.812412711980301,9.140537653776899e-05,298.37083438288886,0.39069263517777614,0.6,1.3569699349930187,0.0002713764346796389,0.00012817080241361005,227.55816255053972,228.2877810387145,0.0,0.47878580859294634
12.300393026975193,69274.20652467952,118.01037800200422,221.57323944929,5.827864380462301,9.162842809305545e-05,298.4032976003487,0.39547276773078904,0.6,1.3569699349930187,0.0002787968373630761,0.00012820236733321994,227.75624902532155,228.5039932141059,0.0,0.4788447608071805
12.450397819987085,69256.39646731282,119.44946538134563,221.62203835979716,5.843544117051295,9.185472236856678e-05,298.4361557067136,0.400251320415526,0.6,1.3569699349930187,0.0002863433576881319,0.0001282348941413433,227.9567658480218,228.72285808977,0.0,0.4789055019002872
12.600402612998979,69238.37054017808,120.88854959349337,221.67142902106661,5.8594534183985605,9.208427892756976e-05,298.46940857732443,0.4050282746554067,0.6,1.3569699349930187,0.00029401739770711663,0.00012826840063000675,228.15971300576143,228.9443756502356,0.0,0.4789680644103636
12.75040740601087,69220.12874375722,122.32763054660055,221.72141144173528,5.875593804876197,9.23171176363952e-05,298.5030560860664,0.4098036118977965,0.6,1.3569699349930187,0.0003018203840101658,0.00012830290480006374,228.3650904850593,229.16854587934682,0.0,0.479032481227816
12.900412199022764,69201.67107854615,123.76670814670285,221.77198563052124,5.891966820795013,9.255325866699168e-05,298.53709810537083,0.4145773136141978,0.6,1.3569699349930187,0.00030975376802647116,0.00012833842486610977,228.57289827181341,229.3953687602418,0.0,0.47909878560304237
13.050416992034656,69182.99754505506,125.20578229767958,221.82315159622277,5.9085740346260955,9.279272249952142e-05,298.57153450621706,0.4193493613004573,0.6,1.3569699349930187,0.0003178190263309463,0.00012837497926092886,228.78313635128188,229.62484427533195,0.0,0.47916701115319027
13.200421785046549,69164.10814380863,126.6448529012287,221.87490934771768,5.925417039226035,9.303552992499774e-05,298.60636515813434,0.4241197364770199,0.6,1.3569699349930187,0.0003260176609564429,0.00012841258663866793,228.99580470806586,229.85697240628238,0.0,0.47923719186649055
13.35042657805844,69145.0028753465,128.0839198568228,221.92725889396235,5.942497452065862,9.328170204796447e-05,298.6415899292041,0.4288884206891155,0.6,1.3569699349930187,0.00033435119971142306,0.00012845126587981002,229.21090332608955,230.09175313399007,0.0,0.4793093621098974
13.500431371070334,69125.68174022362,129.52298306166102,221.9802002439904,5.959816915463518,9.353126028921504e-05,298.6772086860613,0.43365539550693416,0.6,1.3569699349930187,0.00034282119650322514,0.00012849103609656655,229.42843218857905,230.32918643856013,0.0,0.47938355663745597
13.650436164082226,69106.14473901041,130.96204241064683,222.03373340691257,5.977377096820624,9.378422638856176e-05,298.71322129389716,0.43842064252588353,0.6,1.3569699349930187,0.0003514292316671916,0.00012853191663586092,229.64839127804532,230.56927229928658,0.0,0.47945981059412096
13.80044095709412,69086.39187229332,132.4010977963441,222.087858391915,5.9951796888624385,9.404062240763924e-05,298.74962761646066,0.4431841433667748,0.6,1.3569699349930187,0.0003601769123014297,0.00012857392708439682,229.87078057626243,230.81201069462847,0.0,0.47953815952340945
13.950445750106011,69066.42314067508,133.84014910892773,222.14257520825853,6.01322640988211,9.430047073275761e-05,298.7864275160604,0.44794587967598876,0.6,1.3569699349930187,0.00036906587260741966,0.00012861708727423044,230.09560006424624,231.0574016021858,0.0,0.4796186393759334
14.100450543117905,69046.23854477507,135.2791962361526,222.19788386527787,6.0315190039887545,9.456379407779885e-05,298.8236208535674,0.45270583312570023,0.6,1.3569699349930187,0.00037809777423665117,0.00012866141728669502,230.32284972223437,231.3054449986774,0.0,0.47970128651480043
14.250455336129797,69025.83808522965,136.71823906331684,222.25378437238058,6.050059241359479,9.483061548715748e-05,298.86120748841626,0.4574639854140855,0.6,1.3569699349930187,0.00038727430664324905,0.00012870693745686162,230.55252952966552,231.55614085991755,0.0,0.47978613772195267
14.400460129141688,69005.22176269263,138.15727747321185,222.31027673904575,6.068848918495274,9.510095833872456e-05,298.89918727860777,0.46222031826548154,0.6,1.3569699349930187,0.00039659718744261357,0.00012875366837928633,230.7846394651561,231.80948916079035,0.0,0.47987323020684086
14.550464922153582,68984.3895778356,139.59631134607812,222.36736097482316,6.087889858481139,9.537484634691991e-05,298.9375600807108,0.46697481343056463,0.6,1.3569699349930187,0.0004060681627762853,0.00012880163091323453,231.01917950647794,232.06548987522456,0.0,0.47996260161405707
14.700469715165474,68963.34153134824,141.03534055957698,222.4250370893323,6.107183911250252,9.565230356576967e-05,298.9763257498643,0.4717274526865811,0.6,1.3569699349930187,0.000415689007683166,0.00012885084618647578,231.25614963053764,232.32414297617063,0.0,0.4800542900282366
14.850474508177367,68942.07762393879,142.47436498874055,222.48330509226145,6.12673295385232,9.593335439203101e-05,299.0154841397799,0.4764782178375032,0.6,1.3569699349930187,0.0004254615264769729,0.00012890133560111938,231.49554981335262,232.585448435574,0.0,0.4801483339826939
15.000479301189259,68920.59785633456,143.91338450591695,222.5421649933659,6.146538890725819,9.621802356835956e-05,299.0550351027431,0.4812270907141697,0.6,1.3569699349930187,0.0004353875531300844,0.00012895312083993868,231.7373800300258,232.84940622434684,0.0,0.48024477246889635
15.150484094201152,68898.90222928203,145.3523989807454,222.6016168024677,6.166603653975039,9.650633618653266e-05,299.09497848961627,0.48597405317452236,0.6,1.3569699349930187,0.0004454689516641304,0.00012900622386996963,231.98164025472474,233.11601631234484,0.0,0.48034364494078696
15.300488887213044,68876.99074354755,146.7914082801059,222.6616605294541,6.186929203650909,9.679831769071318e-05,299.13531414984044,0.49071908710375917,0.6,1.3569699349930187,0.00045570761654702586,0.00012906066694848243,232.22833046065634,233.385278668339,0.0,0.4804449913234524
15.450493680224938,68854.86339991762,148.23041226806336,222.7222961842763,6.207517528036327,9.709399388076445e-05,299.1760419314374,0.4954621744144658,0.6,1.3569699349930187,0.00046610547309669016,0.00012911647262953683,232.4774506200406,233.65719325998626,0.0,0.4805488520227984
15.60049847323683,68832.52019919938,149.66941080583183,222.78352377694858,6.2283706439360245,9.739339091561637e-05,299.217161681012,0.5002032970468141,0.6,1.3569699349930187,0.0004766644778917121,0.00012917366376867255,232.72900070408713,233.93176005380332,0.0,0.4806552679316723
15.750503266248723,68809.96114222094,151.10840375173314,222.84534331754708,6.249490596970707,9.769653531667878e-05,299.2586732437543,0.50494243696874,0.6,1.3569699349930187,0.0004873866191888762,0.00012923226352821912,232.98298068296992,234.20897901513865,0.0,0.4807642804370576
15.900508059260615,68787.18622983192,152.54739096113954,222.9077548162083,6.270879461875662,9.800345397130458e-05,299.30057646344164,0.5096795761760672,0.6,1.3569699349930187,0.000498273917347589,0.00012929229538407704,233.23939052579985,234.48885010814166,0.0,0.48087593142992086
16.050512852272508,68764.1954629039,153.98637228642357,222.9707582831282,6.292539342804076,9.831417413630594e-05,299.34287118244106,0.5144146966926538,0.6,1.3569699349930187,0.0005093284252614614,0.00012935378313191456,233.49823020059793,234.77137329573299,0.0,0.48099026331388134
16.2005176452844,68740.98884233073,155.42534757692562,223.03435372856097,6.314472373634905,9.862872344152108e-05,299.3855572417114,0.5191477805705961,0.6,1.3569699349930187,0.0005205522287972088,0.00012941675089174636,233.7594996742706,235.05654853957665,0.0,0.4811073190107827
16.35052243829629,68717.56636902914,156.864316678897,223.09854116281758,6.3366807182852645,9.894712989343096e-05,299.4286344808056,0.5238788098903499,0.6,1.3569699349930187,0.0005319474472406889,0.00012948122311484466,234.0231989125807,235.34437580004823,0.0,0.4812271419705095
16.500527231308187,68693.92804393925,158.3032794354374,223.16332059626444,6.35916657102765,9.92694218788299e-05,299.47210273787266,0.5286077667608323,0.6,1.3569699349930187,0.0005435162337503133,0.00012954722459121993,234.28932788011804,235.63485503620137,0.0,0.4813497761817644
16.65053202432008,68670.07386802482,159.7422356864661,223.22869203932245,6.381932156812066,9.959562816855152e-05,299.51596184966024,0.5333346333196343,0.6,1.3569699349930187,0.0005552607758182181,0.00012961478045400251,234.55788654027378,235.92798620573978,0.0,0.4814752661769872
16.80053681733197,68646.00384227389,161.18118526866485,223.2946555024655,6.40497973159273,9.992577792124413e-05,299.5602116515169,0.5380593917331365,0.6,1.3569699349930187,0.0005671832957388451,0.0001296839161865403,234.8288748552108,236.22376926498382,0.0,0.48160365704222186
16.950541610343862,68621.7179676993,162.62012801541368,223.36121099621897,6.428311582659768,0.00010025990068720241,299.6048519773942,0.5427820241966032,0.6,1.3569699349930187,0.0005792860510852163,0.0001297546576301758,235.10229278583213,236.52220416883534,0.0,0.48173499442813766
17.100546403355757,68597.21624533914,164.05906375675045,223.42835853115844,6.45193002897587,0.00010059802641225345,299.6498826598489,0.5475025129343501,0.6,1.3569699349930187,0.0005915713351932134,0.00012982703098990216,235.37814029175257,236.82329087074626,0.0,0.4818693245570034
17.25055119636765,68572.49867625715,165.49799231932275,223.49609811790862,6.475837421518103,0.00010094018544170091,299.6953035300456,0.5522208401998897,0.6,1.3569699349930187,0.0006040414776537835,0.00012990106284073837,235.65641733126944,237.12702932268564,0.0,0.48200669423088904
17.40055598937954,68547.56526154341,166.936913526323,223.56442976714158,6.500036143624497,0.0001012864085243205,299.7411144177588,0.556936988276015,0.6,1.3569699349930187,0.0006166988448130662,0.0001299767801357977,235.9371238613293,237.43341947510277,0.0,0.48214715084289406
17.550560782391432,68522.41600231483,168.37582719743068,223.6333534895752,6.524528611345917,0.00010163672681641471,299.78731515137514,0.5616509394749097,0.6,1.3569699349930187,0.0006295458402807763,0.00013005421021369815,236.22025983749592,237.74246127689128,0.0,0.48229074238703634
17.700565575403328,68497.05089971551,169.81473314877516,223.7028692959725,6.549317273803397,0.00010199117188592843,299.833905557896,0.5663626761383229,0.6,1.3569699349930187,0.0006425849054470686,0.00013013338080413494,236.50582521392144,238.0541546753571,0.0,0.48243751746461144
17.85057036841522,68471.46995491747,171.25363119287044,223.77297719713917,6.5744046135501195,0.00010234977571661386,299.8808854629396,0.5710721806376505,0.6,1.3569699349930187,0.0006558185200075765,0.00013021432003613187,236.79381994331132,238.3684996161793,0.0,0.4825875252953971
18.00057516142711,68445.67316912119,172.69252113854355,223.84367720392254,6.599793146939294,0.0001027125707122622,299.92825469074324,0.5757794353739938,0.6,1.3569699349930187,0.0006692492024969968,0.00013029705644695906,237.08424397688927,238.68549604337102,0.0,0.4827408157299615
18.150579954439003,68419.660543556,174.13140279090157,223.9149693272103,6.625485424497303,0.00010307958970099299,299.97601306416607,0.5804844227783446,0.6,1.3569699349930187,0.00068287951083164,0.00013038161898751229,237.3770972643674,239.00514389924604,0.0,0.4828974392552826
18.3005847474509,68393.43207948076,175.57027595126596,223.98685357792868,6.651484031302134,0.00010345086593960069,300.0241604046912,0.5851871253116612,0.6,1.3569699349930187,0.0006967120428605185,0.00013046803703081612,237.6723797539103,239.32744312437887,0.0,0.4830574470060214
18.45058954046279,68366.98777818448,177.00914041709885,224.05932996704067,6.67779158736734,0.0001038264331179623,300.0726965324277,0.5898875254649173,0.6,1.3569699349930187,0.0007107494369253053,0.00013055634038132067,237.9700913920975,239.6523936575628,0.0,0.48322089077712316
18.60059433347468,68340.32764098694,178.4479959815192,224.13239850554447,6.7044107480318305,0.00010420632536350946,300.1216212661133,0.5945856057577806,0.6,1.3569699349930187,0.0007249943724260321,0.00013064655928177646,238.27023212382073,239.979995435695,0.0,0.4833878230317885
18.750599126486573,68313.45166923887,179.8868424346192,224.20605920447298,6.73134420435551,0.0001045905772457652,300.1709344231174,0.5992813487432892,0.6,1.3569699349930187,0.0007394495704105656,0.0001307387244209516,238.5728018924659,240.31024839398037,0.0,0.4835582969108588
18.90060391949847,68286.35986432324,181.32567955690914,224.2803120748901,6.758594683519699,0.00010497922378092989,300.22063581944195,0.6039747369863064,0.6000086891937606,1.3569699349930187,0.0007541287152346895,0.00013083286694329975,238.87780063883454,240.64315246472336,0.0,0.48373236624565813
19.05060871251036,68259.05222765858,182.76450709784964,224.35515712788174,6.786164949231294,0.00010537230043650131,300.27072526971915,0.6086657529923399,0.6000413024012083,1.3569699349930187,0.0007690547853840342,0.00013092901845786775,239.1852282975899,240.97870757334493,0.0,0.48391008556926807
19.200613505522252,68231.52876070191,184.20332478506717,224.430594374548,6.814057802133287,0.00010576984313596564,300.3212025872096,0.6133543792385979,0.6000980866946666,1.3569699349930187,0.0007842327689275659,0.00013102721104511124,239.49508479855797,241.3169136398422,0.0,0.48409151012377494
19.350618298534144,68203.78946495209,185.6421323420802,224.50662382599347,6.84227608022042,0.00010617188826354185,300.3720675837994,0.618040598233352,0.6001790047515394,1.3569699349930187,0.0007996673974583858,0.00013112747726679548,239.80737006950037,241.65777058189767,0.0,0.48427669587305616
19.500623091546036,68175.83434195009,187.08092948469707,224.58324549332704,6.870822659264471,0.00010657847266904332,300.42332007000346,0.6227243925042311,0.6002840189080775,1.3569699349930187,0.0008153634977670925,0.00013122985017670244,240.12208403548956,242.00127831417896,0.0,0.4844656995168798
19.65062788455793,68147.66339327978,188.51971592158452,224.66045938765936,6.8997004532447415,0.00010698963367279273,300.4749598549677,0.6274057446004107,0.6004130911604066,1.3569699349930187,0.0008313259935105584,0.00013133436332727862,240.43922661895232,242.34743674838782,0.0,0.48465857849733085
19.800632677569823,68119.27662056933,189.9584913541059,224.7382655200993,6.9289124147843415,0.00010740540907059904,300.52698674647036,0.632084637092369,0.6005661831655419,1.3569699349930187,0.0008475599069070276,0.00013144105077988777,240.75879773959315,242.6962457931748,0.0,0.4848553910117166
19.950637470581714,68090.67402549242,191.3972554761391,224.81666390175027,6.958461535592775,0.00010782583713880285,300.57940055092257,0.636761052571577,0.6007432562423937,1.3569699349930187,0.0008640703604640288,0.00013154994711599277,241.08079731431323,243.04770535404862,0.0,0.4850561960269958
20.100642263593606,68061.8556097691,192.83600797396088,224.89565454370825,6.9883508469154245,0.00010825095663939845,300.6322010733714,0.6414349736504038,0.6009442713727753,1.3569699349930187,0.0008808625787405118,0.0001316610874455689,241.4052252571407,243.40181533329854,0.0,0.4852610532889051
20.2506470566055,68032.82137516698,194.2747485261106,224.97523745705814,7.018583419988967,0.00010868080682521885,300.68538811750074,0.646106382961957,0.601169189202409,1.3569699349930187,0.0008979418901429076,0.00013177450741650034,241.73208147915508,243.75857562990987,0.0,0.48547002333270756
20.400651849617393,68003.5713235026,195.71347680320244,225.05541265287042,7.049162366503273,0.00010911542744519057,300.738961485633,0.650775263159749,0.601417970041918,1.3569699349930187,0.0009153137287554175,0.00013189024322624184,242.06136588840184,244.1179861394687,0.0,0.4856831674979097
20.550656642629285,67974.10545664262,197.1521924677594,225.1361801421976,7.080090839069969,0.00010955485874966105,300.7929209787304,0.6554415969174366,0.6016905738678155,1.3569699349930187,0.0009329836362058108,0.00013200833163264393,242.3930783898092,244.48004675406918,0.0,0.4859005479412242
20.700661435641177,67944.42377650467,198.59089517410612,225.2175399360718,7.111372031698046,0.00010999914149580329,300.84726639639695,0.6601053669287538,0.6019869603235021,1.3569699349930187,0.0009509572635677486,0.00013212880996238817,242.72721888511532,244.84475736223186,0.0,0.4861222276449185
20.850666228653072,67914.52628505892,200.02958456817964,225.2994920455008,7.143009180275616,0.00011044831695308494,300.90199753687983,0.6647665559071709,0.6023070887202422,1.3569699349930187,0.0009692403732987824,0.00013225171612299088,243.0637872727781,245.21211784880344,0.0,0.48634827043151374
21.000671021664964,67884.41298432958,201.46826028731977,225.38203648146376,7.175005563058532,0.00011090242690881149,300.9571141970703,0.6694251465854897,0.6026509180381292,1.3569699349930187,0.0009878388412152635,0.00013237708861573125,243.40278344788015,245.58212809485053,0.0,0.486578740979949
21.150675814676855,67854.08387639558,202.90692196017335,225.4651732549092,7.207364501166758,0.00011136151367375558,301.0126161725061,0.6740811217158096,0.6030184069270699,1.3569699349930187,0.001006758658506273,0.00013250496654392923,243.74420730205455,245.95478797757676,0.0,0.4868137048329589
21.300680607688747,67823.53896339226,204.34556920650147,225.54890237675045,7.24008935908676,0.00011182562008784784,301.0685032573724,0.6787344640691755,0.6034095137077431,1.3569699349930187,0.0010260059337848964,0.00013263538962539614,244.08805872338985,246.33009737021683,0.0,0.487053228411887
21.450685400700642,67792.77824751288,205.78420163696217,225.6332238578617,7.273183545181331,0.0001122947895259488,301.1247752445028,0.6833851564351441,0.6038241963725424,1.3569699349930187,0.001045586895178335,0.0001327683982059781,244.4343375963296,246.70805614192437,0.0,0.4872973790332509
21.600690193712534,67761.80173100969,207.22281885297292,225.71813770907488,7.3066505122069385,0.00011276906590370243,301.1814319253815,0.6880331816216111,0.6042624125865329,1.3569699349930187,0.0010655078924586229,0.00013290403326992508,244.78304380158602,247.0886641576755,0.0,0.4875462249192198
21.750694986724426,67730.6094161953,208.66142044654796,225.80364394117578,7.3404937578380975,0.00011324849368346441,301.2384730901444,0.6926785224545567,0.6047241196883979,1.3569699349930187,0.0010857753992135058,0.0001330423364514172,245.1341772160469,247.47192127816504,0.0,0.4877998352099585
21.900699779736318,67699.20130544432,210.1000060000745,225.88974256489985,7.374716825199056,0.00011373311788030837,301.2958985275802,0.697321161777588,0.6052092746913567,1.3569699349930187,0.0011063960150577519,0.00013318335004872434,245.4877377126696,247.85782735968812,0.0,0.48805827998053136
22.050704572748213,67667.577401195,211.53857508611486,225.97643359092763,7.409323303402808,0.00011422298406811,301.3537080251316,0.7019610824515671,0.6057178342840823,1.3569699349930187,0.0011273764678865184,0.0001333271170374232,245.84372516037806,248.24638225402526,0.0,0.4883216302557895
22.200709365760105,67635.73770595003,212.9771272672781,226.06371702988224,7.444316828098579,0.0001147181383857249,301.4119013688972,0.7065982673544665,0.6062497548316359,1.3569699349930187,0.0011487236161721627,0.0001334736810808792,246.20213942397308,248.63758580834224,0.0,0.48858995801996513
22.350714158771996,67603.68222227858,214.4156620959947,226.1515928923242,7.4797010820259064,0.00011521862754323307,301.47047834363246,0.711232699380906,0.6068049923763597,1.3569699349930187,0.0011704444513030987,0.00013362308654486928,246.56298036402097,249.03143786506575,0.0,0.4888633362335583
22.500718951783888,67571.41095281809,215.85417911426626,226.24006118874632,7.515479795576579,0.00011572449882826746,301.5294387327502,0.7158643614416066,0.6073835026387492,1.3569699349930187,0.0011925460999663337,0.00013377537851329825,246.9262478367354,249.4279382617517,0.0,0.489141838851913
22.650723744795783,67538.92390027507,217.29267785355117,226.3291219295715,7.551656747365747,0.00011623580011244506,301.58878231832296,0.72049323646329,0.607985241018369,1.3569699349930187,0.0012150358265765307,0.00013393060279856707,247.2919416938866,249.82708683098355,0.0,0.48942554083369516
22.800728537807675,67506.22106742715,218.73115783453426,226.41877512514702,7.588235764809494,0.00011675257985786105,301.6485088810838,0.7251193073881983,0.6086101625947163,1.3569699349930187,0.0012379210357490484,0.00013408880595678637,247.6600617826837,250.2288834002413,0.0,0.4897145181579187
22.950733330819567,67473.30245712498,220.1696185668677,226.50902078573958,7.625220724710911,0.0001172748871236752,301.70861820042643,0.7297425571735178,0.6092582221280579,1.3569699349930187,0.0012612092748189576,0.00013425003530428056,248.03060794565036,250.63332779176255,0.0,0.4900088478429899
23.10073812383146,67440.16807229347,221.60805954900658,226.59985892153176,7.662615553855003,0.00011780277157279407,301.7691100544075,0.7343629687911123,0.6099293740602988,1.3569699349930187,0.0012849082364083794,0.00013441433893044615,248.4035800205185,251.04041982242387,0.0,0.49030860795874875
23.250742916843354,67406.81791593337,223.04648026801448,226.69128954261743,7.70042422961143,0.00011833628347863496,301.82998421974753,0.7389805252271601,0.6106235725158294,1.3569699349930187,0.0013090257610413332,0.00013458176571197724,248.7789778401138,251.4501593036129,0.0,0.490613877640664
23.400747709855246,67373.2519911235,224.48488019929619,226.78331265899618,7.738650780545417,0.00011887547373197544,301.8912404718313,0.7435952094815494,0.6113407713023276,1.3569699349930187,0.0013335698398063436,0.00013475236533016326,249.15680123222418,251.86254604108177,0.0,0.4909247371092708
23.550752502867137,67339.4703010224,225.9232588063614,226.87592828056816,7.777299287037243,0.00011942039384789412,301.95287858470857,0.748207004567376,0.6120809239115588,1.3569699349930187,0.0013585486170689576,0.00013492618828712258,249.53705001947284,252.2775798348053,0.0,0.4912412676872877
23.70075729587903,67305.47284886961,227.36161554067132,226.9691364171312,7.816373881911469,0.0001199710959728181,302.0148983310966,0.752815893510712,0.6128439835202125,1.3569699349930187,0.0013839703932359449,0.00013510328591890503,249.91972401920864,252.69526047885844,0.0,0.49156355181065187
23.850762088890924,67271.25963798797,228.79994984136928,227.06293707837398,7.855878751073286,0.00012052763289164028,302.0772994823797,0.7574218593499948,0.6136299029906652,1.3569699349930187,0.0014098436275690133,0.00013528371041341179,250.30482304336755,253.1155877612619,0.0,0.4918916730479413
24.000766881902816,67236.83067178576,230.23826113498149,227.15733027387017,7.8958181341541245,0.00012109005803493545,302.14008180860947,0.7620248851353189,0.6144386348717122,1.3569699349930187,0.0014361769410502678,0.00013546751482961276,250.6923468983273,253.5385614638198,0.0,0.4922257161217408
24.150771674914708,67202.18595375783,231.67654883528044,227.25231601307604,7.93619632516781,0.00012165842548629358,302.20324507850773,0.766624953928256,0.6152701313993764,1.3569699349930187,0.0014629791193031686,0.0001356547531106059,251.0822953847961,253.96418136199546,0.0,0.4925657669183935
24.3007764679266,67167.32548748789,233.11481234300982,227.34789430532302,7.9770176731737035,0.00012223278998971886,302.2667890594656,0.7712220488012285,0.6161243444976297,1.3569699349930187,0.0014902591155652382,0.00013584548010231622,251.47466829766734,254.39244722474896,0.0,0.4929119125075876
24.45078126093849,67132.24927665097,234.55305104557416,227.444065159812,8.018286582949825,0.00012281320695713667,302.3307135175443,0.775816152836761,0.6170012257790756,1.3569699349930187,0.0015180260537152066,0.00013603975157372347,251.8694654258658,254.82335881436606,0.0,0.49326424116426665
24.600786053950387,67096.95732501475,235.9912643168427,227.54082858560895,8.06000751567597,0.00012339973247600794,302.3950182174765,0.7804072491271085,0.6179007265456858,1.3569699349930187,0.0015462892313576604,0.00013623762423290003,252.26668655221738,255.25691588631219,0.0,0.49362284238247917
24.75079084696228,67061.44963644168,237.42945151691654,227.63818459163952,8.10218498962589,0.00012399242331703723,302.4597029226668,0.7849953207737652,0.6188227977895036,1.3569699349930187,0.0015750581229639169,0.00013643915574466966,252.6663314533082,255.69311818907542,0.0,0.4939878068917141
24.90079563997417,67025.72621489147,238.8676119918095,227.736133186682,8.1448235808684,0.0001245913369419721,302.52476739519204,0.7895803508866883,0.6197673901932759,1.3569699349930187,0.0016043423830692143,0.00013664440475185841,253.0683998993222,256.1319654639852,0.0,0.4943592266792657
25.050800432986062,66989.78706442323,240.30574507316476,227.83467437936156,8.18792792397878,0.00012519653151151256,302.59021139580125,0.794162322583642,0.6207344541310909,1.3569699349930187,0.0016341518495291872,0.00013685343089534942,253.47289165388497,256.57345744503806,0.0,0.4947371950099252
25.200805225997957,66953.63218919691,241.7438500780722,227.9338081781462,8.23150271276088,0.0001258080658933352,302.6560346839178,0.7987412189898677,0.6217239396690681,1.3569699349930187,0.0016644965468377458,0.00013706629483054955,253.87980647392902,257.0175938587469,0.0,0.49512180643868214
25.35081001900985,66917.26159347616,243.18192630874537,228.03353459133888,8.275552700977562,0.00012642599967019926,302.7222370176386,0.8033170232372986,0.6227357965659419,1.3569699349930187,0.001695386689503292,0.0001372830582494742,254.28914410952342,257.4643744239513,0.0,0.4955131568330728
25.50081481202174,66880.67528163089,244.61997305216423,228.1338536270705,8.320082703091641,0.00012705039314816325,302.7888181537335,0.8078897184636605,0.623769974273595,1.3569699349930187,0.001726832685486113,0.00013750378390437834,254.7009043036942,257.9137988516167,0.0,0.4959113433977669
25.650819605033632,66843.87325813857,246.0579895799114,228.2347652932964,8.365097595018737,0.0001276813073649321,302.8557778476481,0.8124592878122046,0.624826421937718,1.3569699349930187,0.0017588451397019733,0.00013772853562428767,255.1150867922882,258.36586684468244,0.0,0.4963164646857872
25.800824398045528,66806.85552758715,247.49597514784296,228.33626959778832,8.410602314888509,0.00012831880409828453,302.9231158535024,0.8170257144309029,0.625905088398334,1.3569699349930187,0.0017914348575866243,0.00013795737833811135,255.53169130379447,258.82057809786244,0.0,0.49672862062105244
25.95082919105742,66769.62209467782,248.9339289957174,228.43836654812674,8.456601863816687,0.00012896294587461357,302.9908319240905,0.8215889814715047,0.6270059221902684,1.3569699349930187,0.0018246128487245466,0.00013819037809957032,255.9507175591544,259.2779322974332,0.0,0.4971479125235917
26.10083398406931,66732.1729642268,250.3718503469608,228.541056151696,8.503101306688986,0.00012961379597759546,303.058925810882,0.8261490720890381,0.6281288715437031,1.3569699349930187,0.0018583903305462114,0.0001384276021073086,256.37216527160206,259.73792912105574,0.0,0.4975744431254785
26.250838777081203,66694.5081411678,251.80973840838857,228.64433841567757,8.550105772955112,0.00013027141845696065,303.1273972640218,0.8307059694411723,0.6292738843846851,1.3569699349930187,0.0018927787320917413,0.00013866911872693284,256.79603414649125,260.20056823758216,0.0,0.49800831658963385
26.400843570093098,66656.62763055504,253.24759236982294,228.7482133470416,8.597620457433038,0.00013093587813736897,303.19624603232944,0.8352596566872383,0.6304409083355285,1.3569699349930187,0.0019277896978409286,0.0001389149975172636,257.2223238810951,260.66584930683234,0.0,0.4984496385355642
26.55084836310499,66618.5314375658,254.68541140375456,228.8526809525402,8.645650621125062,0.00013160724062740933,303.265471863299,0.8398101169873946,0.6316298907152293,1.3569699349930187,0.001963435091613535,0.00013916530925524518,257.6510341644148,261.1337719793802,0.0,0.498898516062019
26.70085315611688,66580.2195675023,256.1231946651236,228.9577412387019,8.694201592045877,0.00013228557232872705,303.3350745031003,0.8443573335021823,0.6328407785399632,1.3569699349930187,0.0019997270005425623,0.00013942012595674467,258.0821646770138,261.6043358963684,0.0,0.4993550577616106
26.850857949128773,66541.69202579494,257.5609412909335,229.06339421182312,8.743278766060646,0.00013297094044524923,303.40505369657785,0.8489012893915371,0.6340735185234233,1.3569699349930187,0.0020366777391161205,0.0001396795209039175,258.5157150908089,262.0775406892755,0.0,0.4998193737465317
27.00086274214067,66502.94881800552,258.9986503998231,229.169639877959,8.792887607734395,0.00013366341299252642,303.47540918724934,0.8534419678136643,0.6353280570770944,1.3569699349930187,0.0020742998532913945,0.00013994356867442045,258.951685068849,262.5533859796688,0.0,0.5002915756768488
27.15086753515256,66463.9899498288,260.4363210918711,229.27647824291938,8.84303365119553,0.000134363058807229,303.5461407173077,0.8579793519246725,0.6366043403107107,1.3569699349930187,0.002112606124687711,0.00014021234516243728,259.3900742651483,263.0318713790181,0.0,0.5007717767734118
27.300872328164452,66424.81542709596,261.87395244820186,229.3839093122589,8.89372250100861,0.00013506994755672954,303.6172480276196,0.8625134248775602,0.6379023140325205,1.3569699349930187,0.0021516095748509447,0.00014048592760739767,259.8308823244673,263.51299648845105,0.0,0.5012600918437955
27.450877121176344,66385.425255778,263.31154353054166,229.49193309126815,8.94495983305962,0.0001357841497488157,303.68873085772395,0.8670441698210437,0.6392219237494757,1.3569699349930187,0.0021913234695937387,0.00014076439462486204,260.27410888207885,263.9967608984922,0.0,0.5017566373113161
27.60088191418824,66345.81944198781,264.74909338093755,229.60054958496764,8.996751395454845,0.0001365057367415482,303.76058894583275,0.871571569898912,0.6405631146675478,1.3569699349930187,0.0022317613234172215,0.00014104782623186745,260.71975356357285,264.483164188845,0.0,0.5022615312333589
27.75088670720013,66305.99799198321,266.1866010214245,229.70975879809944,9.049103009431054,0.00013723478075323156,303.83282202883066,0.8760956082492171,0.6419258316919778,1.3569699349930187,0.0022729369040109825,0.00014133630387457548,261.1678159846439,264.97220592815455,0.0,0.5027748933230186
27.900891500212023,66265.96091217059,267.62406545356765,229.81956073511742,9.10202057027755,0.000137971354872504,303.9054298422729,0.8806162680030584,0.6433100194273803,1.3569699349930187,0.0023148642368310437,0.0001416299104608701,261.61829575084556,265.4638856737331,0.0,0.5032968449787129
28.050896293223914,66225.70820910792,269.0614856580577,229.92995540017856,9.155510048271546,0.00013871553306856675,303.97841212038486,0.8851335322835393,0.6447156221778685,1.3569699349930187,0.002357557609761004,0.00014192873039145813,262.0711924573545,265.9582029712973,0.0,0.5038275093102447
28.20090108623581,66185.239889507,270.49886059444844,230.0409427971372,9.209577489627804,0.00013946739020156466,304.05176859606274,0.8896473842051883,0.6461425839472994,1.3569699349930187,0.002401031577859938,0.00014223284958626292,262.52650568876913,266.4551573547426,0.0,0.5043670111556258
28.3509058792477,66144.55596023749,271.936189200695,230.15252292953357,9.264229017458554,0.00014022700203306172,304.125499000871,0.8941578068727352,0.6475908484392976,1.3569699349930187,0.0024453009681903604,0.00014254235551850765,262.98423501885173,266.95474834585605,0.0,0.504915477110662
28.500910672259593,66103.65642833068,273.3734703926423,230.2646958005839,9.319470832747601,0.00014099444523666579,304.1996030650408,0.898664783379722,0.649060359057191,1.3569699349930187,0.002490380884731369,0.00014285733725101537,263.44438001025753,267.45697545401345,0.0,0.5054730355614984
28.650915465271485,66062.5413009814,274.8107030637903,230.3774614131745,9.375309215339637,0.00014176979740881506,304.27408051747096,0.903168296808019,0.6505510589042113,1.3569699349930187,0.0025362867133859155,0.00014317788546306415,263.90694021433046,267.9618381759513,0.0,0.5060398166994665
28.800920258283377,66021.21058555211,276.24788608482316,230.49081976985104,9.431750524940904,0.00014255313707967234,304.3489310857258,0.9076683302265733,0.6520628907834243,1.3569699349930187,0.002583034127071581,0.00014350409248625355,264.371915170835,268.46933599546753,0.0,0.5066159525509267
28.950925051295272,65979.66428957714,277.685018303078,230.60477087280674,9.488801202133109,0.0001433445437241526,304.4241544960324,0.9121648666899627,0.6535957971975592,1.3569699349930187,0.0026306390909002467,0.00014383605234296218,264.83930440766824,268.97946838309997,0.0,0.5072015770106381
29.100929844307164,65937.90242076511,279.1220985422086,230.7193147238756,9.546467769403783,0.0001441440977731274,304.4997504732811,0.9166578892375832,0.6551497203490209,1.3569699349930187,0.0026791178674548523,0.0001441738607784406,265.3091074406213,269.49223479586016,0.0,0.5077968258628315
29.250934637319055,65895.92498700252,280.5591256017875,230.83445132452266,9.60475683218939,0.0001449518806247539,304.57571874102393,0.9211473808926398,0.6567246021398112,1.3569699349930187,0.0027284870221581147,0.0001445176152956598,265.78132377311977,270.0076346769431,0.0,0.5084018368060997
29.400939430330947,65853.73199635821,281.9960982567582,230.9501806758317,9.663675079931487,0.0001457679746559319,304.6520590214719,0.925633324660652,0.6583203841712523,1.3569699349930187,0.0027787634287324515,0.00014486741519599317,266.2559528959215,270.52566745539013,0.0,0.5090167494874489
29.550944223342842,65811.32345708698,283.4330152569515,231.06650277849502,9.723229287148476,0.00014659246323392309,304.728771035493,0.9301157035281675,0.6599370077437433,1.3569699349930187,0.002829964274758195,0.00014522336161823505,266.7329942868278,271.04633254576663,0.0,0.509641705532257
29.700949016354734,65768.69937763228,284.86987532677136,231.18341763280654,9.783426314523805,0.00014742543072814393,304.8058545026129,0.934594500462029,0.661574413856689,1.3569699349930187,0.002882107067334784,0.0001455855575722372,267.2124474104375,271.569629347887,0.0,0.5102768485636199
29.850953809366626,65725.85976663104,286.306677164643,231.300925238648,9.844273110005604,0.0001482669625220611,304.88330914101067,0.9390696984078724,0.663232543208123,1.3569699349930187,0.002935209638835105,0.0001459541079815671,267.6943117178314,272.09555724646253,0.0,0.5109223242363601
30.000958602378518,65682.80463291823,287.7434194424007,231.4190255954767,9.905776709922229,0.00014911714502525156,304.9611346675164,0.9435412802884299,0.6649113361942174,1.3569699349930187,0.002989290152759739,0.00014632911972883492,268.1785866462384,272.62411561072884,0.0,0.5115782802744339
30.150963395390413,65639.53398552911,289.1801008050077,231.53771870231932,9.9679442401163,0.00014997606568566065,305.03933079761174,0.9480092290029106,0.6666107329091602,1.3569699349930187,0.0030443671097037414,0.00014671070169012726,268.66527161878844,273.15530379416987,0.0,0.5122448664879938
30.300968188402305,65596.04783370429,290.61671986999266,231.65700455775772,10.030782917090212,0.00015084381300196185,305.1178972454261,0.9524735274254686,0.6683306731446639,1.3569699349930187,0.0031004593534199754,0.00014709896478001387,269.15436604418255,273.689121134149,0.0,0.5129222348076848
30.450972981414196,65552.34618689459,292.0532752268146,231.7768831599159,10.09430004916789,0.0001517204765360817,305.196833723733,0.9569341584034385,0.670071096389344,1.3569699349930187,0.0031575860769869238,0.00014749402199966605,269.6458693163404,274.22556695151627,0.0,0.5136105393229908
30.600977774426088,65508.429054764165,293.48976543646165,231.8973545064511,10.158503037674715,0.00015260614692591673,305.2761399439496,0.9613911047563298,0.6718319418283503,1.3569699349930187,0.003215766829091555,0.00014789598847766652,270.1397808141088,274.76464055028254,0.0,0.5143099363064387
30.750982567437983,65464.296447194705,294.9261890309742,232.01841859454248,10.223399378132475,0.0001535009158981971,305.35581561613446,0.9658443492745805,0.6736131483428777,1.3569699349930187,0.0032750215204200065,0.0001483049815141304,270.6360999009449,275.30634121726547,0.0,0.5150205842421968
30.900987360449875,65419.94837429086,296.3625445127907,232.14007542087595,10.288996661468577,0.00015440487628148584,305.43586044898274,0.9702938747177411,0.675414654509413,1.3569699349930187,0.0033353704301543746,0.0001487211206317144,271.1348259245447,275.85066822167545,0.0,0.5157426438651911
31.050992153461767,65375.38484638455,297.7988303541697,232.26232498163253,10.35530257524374,0.00015531812201937103,305.516274149824,0.9747396638129014,0.6772363985990335,1.3569699349930187,0.0033968342125854376,0.00014914452762479607,271.63595821649125,276.39762081472196,0.0,0.5164762781955052
31.20099694647366,65330.60587403819,299.2350449968145,232.38516727247924,10.42232490489795,0.00015624074818384632,305.59705642462154,0.979181699253781,0.6790783185769416,1.3569699349930187,0.00345943390384715,0.00014957532660250518,272.1394960919537,276.94719822927806,0.0,0.5172216525606002
31.351001739485554,65285.61146805054,300.671186851213,232.50860228855316,10.490071535009854,0.00015717285098881305,305.678206977967,0.9836199636989008,0.6809403521015903,1.3569699349930187,0.0035231909287590686,0.00015001364404236133,272.6454388493015,277.4993996794494,0.0,0.5179789346343652
31.501006532497446,65240.401639462114,302.1072542959065,232.63263002444648,10.558550450573815,0.0001581145278037604,305.75972551307626,0.9880544397695257,0.6828224365236623,1.3569699349930187,0.0035881271077853956,0.00015045960884713496,273.1537857696956,278.05422436011787,0.0,0.5187482944800602
31.651011325509337,65194.97639955797,303.5432456771554,232.75725047419877,10.627769738298586,0.0001590658771676773,305.8416117317895,0.9924851100488914,0.6847245088855497,1.3569699349930187,0.003654264664128227,0.00015091335238915068,273.66453611678736,278.61167144660504,0.0,0.5195299045698987
31.80101611852123,65149.3357598737,304.97915930826554,232.88246363128056,10.697737587918965,0.00016002699880307618,305.92386533456585,0.9969119570803436,0.6866465059203417,1.3569699349930187,0.0037216262309320777,0.0001513750085670178,274.1776891363154,279.17174009422246,0.0,0.520323939824415
31.951020911533124,65103.47973220137,306.41499346882955,233.00826948857687,10.768462293525374,0.00016099799363019556,306.0064860204783,1.0013349633652011,0.688588364050641,1.3569699349930187,0.003790234858610089,0.0001518447138661078,274.69324405567363,279.73442943778906,0.0,0.5211305776564668
32.101025704545016,65057.40832859314,307.85074640424773,233.13466803837727,10.83995225491522,0.00016197896378143285,306.0894734872123,1.0057541113615234,0.6905500193877288,1.3569699349930187,0.0038601140223068252,0.00015232260741065352,275.2112000835567,280.29973859123515,0.0,0.521949997998999
32.25103049755691,65011.121561366446,309.28641632515854,233.26165927236175,10.912215978960647,0.000162970012615933,306.17282743106216,1.0101693834825936,0.69253140773057,1.3569699349930187,0.003931287629486541,0.00015280883101983828,275.7315564095727,280.8676666471701,0.0,0.5227823833378576
32.4010352905688,64964.619443110416,310.72200140665734,233.38924318158286,10.98526208099262,0.0001639712447343302,306.25654754692476,1.0145807620947218,0.6945324645644722,1.3569699349930187,0.004003780027644297,0.00015330352927203715,276.2543122037893,281.4382126763755,0.0,0.5236279187566562
32.551040083580695,64917.90198669107,312.15749978760624,233.51741975645135,11.059099286206166,0.00016498276599370844,306.3406335282959,1.0189882295153414,0.6965531250598203,1.3569699349930187,0.004077616012153178,0.0001538068495670663,276.77946661630335,282.0113757273245,0.0,0.5244867919762156
32.70104487659258,64870.96920525523,313.5929095701857,233.64618898672563,11.133736431086982,0.00016600468352278216,306.4250850672686,1.0233917680118898,0.6985933240711286,1.3569699349930187,0.0041528208342554475,0.00015431894218142543,277.3070187768754,282.58715482577355,0.0,0.5253591933800472
32.85104966960448,64823.82111223746,315.02822881910697,233.77555086149235,11.209182464852342,0.00016703710573719882,306.5099018545262,1.027791359799605,0.7006529961355572,1.3569699349930187,0.004229420209177388,0.00015483996033602952,277.83696779445796,283.165548974236,0.0,0.5262453160591198
33.00105446261637,64776.45772136671,316.46345556073885,233.90550536914833,11.28544645091264,0.00016808014235504976,306.5950835793363,1.0321869870390434,0.7027320754712375,1.3569699349930187,0.0043074403243798295,0.0001553700602678485,278.369312756695,283.7465571514229,0.0,0.527145355861075
33.15105925562826,64728.87904666945,317.89858778270883,234.03605249739184,11.362537568358261,0.0001691339044126513,306.6806299295503,1.036578631835129,0.7048304959762682,1.3569699349930187,0.00438690784796854,0.00015590940128708264,278.9040527295575,284.3301783118358,0.0,0.5280595114126653
33.30106404864016,64681.08510247705,319.3336234330991,234.16719223320217,11.44046511346,0.00017019850428043443,306.766540591596,1.0409662762349101,0.7069481912270656,1.3569699349930187,0.004467849937231403,0.00015645814584896675,279.4411867568501,284.9164113852163,0.0,0.5289879841648625
33.45106884165205,64633.0759034328,320.7685604195415,234.29892456282047,11.519238501190639,0.00017127405567904575,306.85281525047077,1.0453499022249866,0.7090850944764928,1.3569699349930187,0.0045502942473168865,0.00015701645963010275,279.98071385968376,285.50525527595704,0.0,0.5299309784432613
33.60107363466394,64584.851464496314,322.2033966086455,234.43124947173743,11.598867266771393,0.00017236067369570877,306.93945358973895,1.049729491730016,0.7112411386524562,1.3569699349930187,0.00463426894007393,0.00015758451159520397,280.5226330360443,286.09670886261955,0.0,0.5308887014798673
33.751078427675836,64536.41180094967,323.63812982531954,234.56416694467634,11.679361067236822,0.00017345847480075723,307.0264552915267,1.054105026610882,0.7134162563562985,1.3569699349930187,0.004719802693037164,0.00015816247406866371,281.0669432603203,286.6907709974073,0.0,0.5318613634506754
33.901083220687724,64487.75692840517,325.0727578518382,234.6976769655719,11.760729683018395,0.00017456757686434144,307.1138200365142,1.0584764886620497,0.7156103798607354,1.3569699349930187,0.004806924708553206,0.00015875052281579224,281.61364348274947,287.2874405055477,0.0,0.532849177527033
34.05108801369962,64438.886862811596,326.5072784270199,234.83177951755283,11.84298301955198,0.00017568809917337835,307.20154750392953,1.0628438596092795,0.717823441107908,1.3569699349930187,0.004895664723065989,0.0001593488371219161,282.16273262889337,287.8867161847048,0.0,0.533852359920769
34.201092806711515,64389.80162045883,327.94168924569186,234.96647458292915,11.926131108910305,0.00017682016244875842,307.2896373715466,1.067207121108268,0.7200553717078517,1.3569699349930187,0.004986053016571728,0.0001599575998635131,282.71420959919385,288.4885968044846,0.0,0.5348711299133561
34.3510975997234,64340.50121798623,329.37598795775097,235.1017621431689,12.010184111450906,0.0001779638888626779,307.3780893156758,1.0715662547420008,0.7223061029362687,1.3569699349930187,0.0050781204222142265,0.00016057699759407953,283.26807326839753,289.0930811057919,0.0,0.5359057099071269
34.5011023927353,64290.98567239052,330.81017216712337,235.23764217887694,12.095152317488056,0.00017911940205621223,307.4669030111559,1.0759212420177806,0.7245755657320608,1.3569699349930187,0.005171898336037036,0.00016120722063474812,283.82432248494473,289.7001678001485,0.0,0.5369563254815556
34.651107185747186,64241.2550010297,332.2442394312887,235.3741146697835,12.181046148993376,0.00018028682715719171,307.55607813135254,1.0802720643660706,0.7268636906957459,1.3569699349930187,0.005267418726925459,0.00016184846314826987,284.38295607052794,290.3098555691991,0.0,0.5380232054189107
34.80111197875908,64191.30922163171,333.67818726032164,235.5111795947206,12.267876161312255,0.00018146629079820385,307.6456143481489,1.084618703137802,0.7291704080870308,1.3569699349930187,0.005364714146691803,0.0001625009232302397,284.94397281949057,290.9221430640406,0.0,0.5391065817558264
34.95111677177098,64141.14835230299,335.11201311581397,235.6488369315986,12.355653044903317,0.00018265792113481873,307.7355113319363,1.0889611396012995,0.7314956478221109,1.3569699349930187,0.005463817740322957,0.00016316480300581108,285.50737149818343,291.53702890450364,0.0,0.5402066898409035
35.101121564782865,64090.77241143802,336.54571572031125,235.78708665765404,12.444387627276662,0.00018386184786642063,307.8257687517821,1.0932993591959084,0.7338393417807016,1.3569699349930187,0.005564763317323737,0.0001638403087182438,286.07315123621464,292.1545121176879,0.0,0.5413237683756067
35.25112635779476,64040.181417908585,337.9792903964978,235.92592874893043,12.534090874465301,0.0001850782022506105,307.9163862750964,1.0976333363906876,0.73620141561803,1.3569699349930187,0.005667585147288069,0.00016452765081526516,286.6413101352037,292.77459057852906,0.0,0.5424580594484776
35.401131150806656,63989.375391812435,339.4127258878115,236.06536317822315,12.624773891506361,0.00018630711710411571,308.0073635662982,1.1019630243831926,0.7393718321973783,1.3569699349930187,0.005778492362335263,0.0001652270440305855,287.21184428688105,293.39725990939957,0.0,0.5436098085583077
35.551135943818544,63938.354352137685,340.84604729182405,236.2053899214896,12.716447928454159,0.00018754872687856927,308.0987002910037,1.1062884944658644,0.7379876817709234,1.3569699349930187,0.0058552536093586715,0.00016593870755294017,287.7847607316351,294.0225280050272,0.0,0.5447792647779924
35.70114073683044,63887.11831425898,342.27928102399386,236.346008964721,12.809124386891414,0.00018880316774273225,308.1903961205093,1.1106098221508338,0.7366048569117332,1.3569699349930187,0.005932954670367212,0.00016666286519332663,288.3600670482397,294.6504033624211,0.0,0.5459666809105354
35.85114552984233,63835.667291330145,343.71242281690274,236.4872203001211,12.902814819533925,0.0001900705775709916,308.28245072929604,1.1149269833679825,0.7352233653222456,1.3569699349930187,0.0060116073463356585,0.00016739974546005243,288.937761591757,295.2808841386553,0.0,0.5471723134894374
36.00115032285422,63784.001297241055,345.14547135893065,236.62902391799105,12.997530926888622,0.0001913510958920426,308.37486378974074,1.1192399637159183,0.7338432116109062,1.3569699349930187,0.006091223670442413,0.00016814958158957924,289.5178435995175,295.9139694799997,0.0,0.5483964227039829
36.15115511586612,63732.12034607906,346.5784253206853,236.7714198082074,13.093284560195267,0.00019264486392260086,308.4676349730861,1.1235487488044715,0.7324644003825691,1.3569699349930187,0.006171815833412878,0.00016891261165868828,290.10031229630476,296.5496585187109,0.0,0.5496392724547797
36.301159908878006,63680.02445213229,348.0112833547384,236.91440796021314,13.190087723425243,0.00019395202458823577,308.56076394944,1.127853324254028,0.731086936238711,1.3569699349930187,0.006253396185571741,0.0001696890787018576,290.68516689415276,297.1879503728067,0.0,0.5509011304139103
36.4511647018899,63627.71362989286,349.444044095332,237.05798836300858,13.287952575308099,0.00019527272254447347,308.6542503877753,1.1321536756947645,0.7297108237776754,1.3569699349930187,0.006335977238921538,0.00017047923083545046,291.2724065921323,297.8288441458277,0.0,0.5521822680921071
36.6011694949018,63575.18789405888,350.87670615819303,237.20216100514594,13.38689143138838,0.0001966071041982015,308.74809395593184,1.1364497887662242,0.7283360675948083,1.3569699349930187,0.006419571669252596,0.00017128332136913193,291.8620305761724,298.4723389266372,0.0,0.5534829608810904
36.751174287913685,63522.44725953719,352.3092681403138,237.34692587472176,13.486916766109921,0.00019795531772933613,308.842294320617,1.1407416491167905,0.726962672282627,1.3569699349930187,0.006504192318279469,0.0001721016089245715,292.45403801886704,299.1184337892063,0.0,0.554803488103696
36.90117908092558,63469.49174144688,353.74172861965314,237.49228295936726,13.588041214927356,0.0001993175131127458,308.936851147405,1.1450292424029083,0.7255906424310694,1.3569699349930187,0.006589852195802618,0.00017293435756814035,293.0484280792542,299.7671277923668,0.0,0.5561441330823513
37.05118387393747,63416.32135512201,355.1740861548731,237.63823224624068,13.690277576448445,0.00020069384214047934,309.0317641007376,1.1493125542884135,0.7242199826277077,1.3569699349930187,0.006676564481900272,0.00017378183694121522,293.6451999026054,300.41841997957613,0.0,0.5575051831991915
37.20118866694936,63362.93611611373,356.6063392851697,237.78477372202144,13.793638814607327,0.0002020844584442965,309.1270328439258,1.1535915704441662,0.7228506974578669,1.3569699349930187,0.0067643425291523795,0.00017464432238004424,294.24435262024423,301.0723093787155,0.0,0.5588869299349664
37.35119345996126,63309.336040193906,358.0384865299741,237.93190737290013,13.898138060865048,0.00020348951751845114,309.22265703914906,1.1578662765472736,0.7214827915048725,1.3569699349930187,0.0068531998648889625,0.00017552209505671663,294.8458853493196,301.7287950018358,0.0,0.560289668937332
37.50119825297315,63255.52114335866,359.47052638862533,238.07963318456873,14.003788616440694,0.00020490917674276962,309.31863634745446,1.16213665828022,0.7201162693503297,1.3569699349930187,0.006943150193467289,0.00017641544212739342,295.4497971925669,302.3878758448919,0.0,0.5617137000958659
37.65120304598504,63201.491441829974,360.9024573402219,238.22795114221617,14.110603954577414,0.00020634359540607985,309.4149704287595,1.1664027013305647,0.7187511355742193,1.3569699349930187,0.007034207398585918,0.00017732465685801825,296.0560872381296,303.04955088754264,0.0,0.56315932757626
37.80120783899694,63147.24695205957,362.3342778433207,238.37686123051753,14.218597722835273,0.00020779293472988097,309.51165894185067,1.170664391390161,0.7173873947551485,1.3569699349930187,0.007126385545622808,0.00017825003877474716,296.6647545593245,303.7138190928896,0.0,0.5646268598891181
37.951212632008826,63092.787690732504,363.76598633560263,238.52636343362425,14.327783745416623,0.00020925735789232775,309.60870154438305,1.1749217141542645,0.7160250514706353,1.3569699349930187,0.0072196988840034365,0.00017919189382273055,297.27579821439474,304.3806794072008,0.0,0.5661166099667534
38.10121742502072,63038.11367476946,365.19758123366205,238.67645773515753,14.438176025526072,0.00021073703005255605,309.70609789288125,1.1791746553210385,0.7146641102972677,1.3569699349930187,0.007314161849604808,0.0001801505345103107,297.8892172463038,305.05013075968094,0.0,0.5676288952115682
38.25122221803261,62983.224921329886,366.62906093275643,238.8271441181999,14.549788747761852,0.00021223211837530405,309.80384764274,1.1834232005909309,0.7133045758109021,1.3569699349930187,0.007409789067189299,0.00018112628006215068,298.50501068251316,305.7221720622233,0.0,0.5691640375533473
38.401227011044504,62928.12144781598,368.0604238064662,238.97842256528412,14.662636280538534,0.00021374279205582642,309.9019504482226,1.1876673356657708,0.7119464525869533,1.3569699349930187,0.007506595352866953,0.00018211945658915706,299.123177534726,306.3968022091234,0.0,0.5707223635274902
38.5512318040564,62872.80327187581,369.4916682063952,239.1302930583844,14.776733178544855,0.00021526922234515008,310.0004059624607,1.1919070462479928,0.7105897452006423,1.3569699349930187,0.007604595716591997,0.00018313039725600732,299.743716798644,307.07402007680776,0.0,0.5723042043436535
38.70123659706829,62817.270411405705,370.9227924619779,239.28275557891,14.892094185237587,0.00021681158257568146,310.0992138374564,1.1961423180401973,0.7092344582271368,1.3569699349930187,0.007703805364696278,0.0001841594424368797,300.36662745375963,307.7538245236018,0.0,0.5739098959301832
38.85124139008018,62761.522884554404,372.353794880139,239.4358101076935,15.008734235365965,0.00021837004818708994,310.19837372407966,1.2003731367442512,0.7078805962418396,1.3569699349930187,0.007804239702449623,0.00018520693989633745,300.9919084630926,308.43621438943563,0.0,0.5755397790120782
39.00124618309207,62705.56070972707,373.7846737449214,239.58945662497996,15.126668457531876,0.00021994479675253498,310.2978852720679,1.204599488060283,0.7065281638207095,1.3569699349930187,0.007905914336653058,0.0001862732449791706,301.6195587729147,309.1211884955371,0.0,0.5771941991965835
39.15125097610397,62649.38390558714,375.2154273173166,239.74369511042153,15.245912176789659,0.00022153600800528606,310.3977481300276,1.2088213576863207,0.7051771655403773,1.3569699349930187,0.008008845078274266,0.00018735872077430837,302.24957731254375,309.80874564420174,0.0,0.5788735070121963
39.30125576911586,62592.992491060715,376.64605383492227,239.89852554306563,15.366480917276942,0.00022314386386561785,310.49796194543273,1.2130387313173878,0.703827605978436,1.3569699349930187,0.00811304794510983,0.00018846373830816844,302.88196299407343,310.4988846184907,0.0,0.5805780579871438
39.45126056212775,62536.38648534068,378.07655151156155,240.05394790134307,15.488390404882235,0.00022476854846805626,310.598526364623,1.2172515946444755,0.7024794897137678,1.3569699349930187,0.008218539164481243,0.00018958867674827824,303.51671471208664,311.1916041819113,0.0,0.5823082127369428
39.601265355139645,62479.565907889286,379.50691853704336,240.20996216306133,15.611656569953263,0.00022641024818902483,310.69944103280494,1.2214599333539626,0.7011328213267319,1.3569699349930187,0.008325335175972426,0.00019073392359029824,304.1538313434189,311.88690307815284,0.0,0.5840643370195293
39.75127014815154,62422.53077844176,380.9371530768776,240.3665683053944,15.736295550040317,0.0002280691516748132,310.8007055940515,1.2256637331268931,0.6997876053993942,1.3569699349930187,0.008433452634200476,0.00019189987485602726,304.7933117469016,312.5847800307996,0.0,0.585846801800559
39.90127494116343,62365.281117010825,382.36725327188714,240.5237663048702,15.862323692675824,0.00022974544986988148,310.90231969129985,1.2298629796379326,0.6984438465158616,1.3569699349930187,0.008542908411618429,0.0001930869353116111,305.4351547630657,313.2852337430003,0.0,0.5876559833425283
40.051279734175324,62307.81694389024,383.7972172378679,240.68155613736087,15.989757558194473,0.00023143933604555545,311.00428296635044,1.2340576585544754,0.697101549262568,1.3569699349930187,0.00865371960135716,0.00019429551868347834,306.07935921386127,313.988262897155,0.0,0.5894922632829225
40.20128452718721,62250.13827965753,385.2270430653684,240.83993777807515,16.1186139225946,0.00023315100582912027,311.1065950598686,1.2382477555361249,0.6957607182284401,1.3569699349930187,0.008765903520109366,0.00019552604786100776,306.7259239024179,314.6938661546477,0.0,0.5913560286848049
40.35128932019911,62192.24514517874,386.6567288193028,240.9989112015452,16.248909780434396,0.0002348806572332231,311.2092556113815,1.2424332562336622,0.6944213580052281,1.3569699349930187,0.008879477711043452,0.00019677895512923942,307.37484761274084,315.40204215550693,0.0,0.5932476721255525
40.501294113211,62134.13756161296,388.0862725385275,241.1584763816143,16.380662347769103,0.00023662849068566553,311.3122642592762,1.2466141462878897,0.6930834731878753,1.3569699349930187,0.008994459946754532,0.00019805468241266893,308.0261291093924,316.11278951805014,0.0,0.595167591794215
40.65129890622289,62075.81555043153,389.5156705521624,241.31863329138358,16.51388906509481,0.00023839470905912718,311.41562064077146,1.2507904059234138,0.692,1.3569699349930187,0.009114199467485746,0.0001993536814883272,308.67976655493965,316.8261061858869,0.0,0.59711619153449
40.801303699234786,62017.27913467529,390.9449071290693,241.4793818997597,16.64860759747256,0.00024017951766338807,311.5193243896964,1.2549619767408557,0.692,1.3569699349930187,0.009249944691556124,0.00020067641417622072,309.335753902572,317.54198538469393,0.0,0.5990938808463953
40.95130849224668,61958.52833953621,392.3739685399622,241.640722169857,16.784835836135606,0.0002419831242571731,311.6233751354704,1.2591288069111874,0.692,1.3569699349930187,0.009387663231470663,0.00020202335256872304,309.99408571735813,318.26042102672574,0.0,0.6011010749390567
41.10131328525857,61899.56319167696,393.8028515627637,241.80265406086568,16.922591903034615,0.00024380573909877048,311.7277725043184,1.2632908784452572,0.692,1.3569699349930187,0.009527384345507178,0.00020339497930140697,310.65476016497416,318.9814110607591,0.0,0.6031381948369591
41.251318078270465,61840.38371803125,395.231554382701,241.9651775313458,17.0618941567201,0.00024564757501408256,311.8325161214033,1.2674481779469997,0.692,1.3569699349930187,0.009669137803210116,0.00020479178786521722,311.3177758880862,319.7049539703222,0.0,0.6052056675380398
41.40132287128235,61780.98994583218,396.6600738177609,242.12829253914956,17.20276119547159,0.0002475088474279979,311.9376056107815,1.2716006877115402,0.692,1.3569699349930187,0.009812953758686434,0.00020621428288523076,311.98313103796653,320.43104768820797,0.0,0.6073039261120486
41.55132766429425,61721.38190281047,398.0884069084497,242.2919990408766,17.345211860060616,0.0002493897743907622,312.0430405950583,1.2757483908287301,0.692,1.3569699349930187,0.009958862833039298,0.00020766298038952036,312.6508238272355,321.1596902161281,0.0,0.6094334097748251
41.701332457306144,61661.559617142775,399.5165506500147,242.45629699201598,17.489265237141257,0.00025129057661248,312.14882069548617,1.279891270323777,0.692,1.3569699349930187,0.010106896108450386,0.00020913840807509925,313.32085243642484,321.89087951995924,0.0,0.6115945639490392
41.85133725031803,61601.52311746027,400.94450199164714,242.6211863469222,17.63494066254461,0.00025321147749616765,312.2549455319553,1.284029309155059,0.692,1.3569699349930187,0.010257085135063381,0.00021064110560676294,313.9932150133875,322.6246135290845,0.0,0.613787840363682
42.00134204332993,61541.2724328567,402.37225783560496,242.78666705879309,17.782257724620113,0.0002551527031712495,312.36141472298624,1.288162490211679,0.692,1.3569699349930187,0.010409461937963873,0.00021217162492954817,314.6679096726757,323.36089013569904,0.0,0.616013697163113
42.15134683634182,61480.80759289235,403.799815036812,242.95273907965884,17.931236267632485,0.0002571144825276059,312.4682278857294,1.2922907963125225,0.692,1.3569699349930187,0.010564059024290093,0.00021373053054748577,315.34493449509387,324.09970719430993,0.0,0.6182725989567054
42.30135162935371,61420.12862760296,405.22717040205066,243.1194023603572,18.081896395193013,0.000259097047249892,312.57538463595534,1.2964142102040548,0.692,1.3569699349930187,0.010720909390419472,0.00021531839984383514,316.02428752708886,324.8410625210559,0.0,0.6205650169186827
42.451356422365606,61359.23556750824,406.6543206890593,243.28665685050987,18.234258473738745,0.0002611006318523026,312.68288458804653,1.3005327145578125,0.692,1.3569699349930187,0.010880046529254181,0.00021693582341682398,316.7059667801009,325.58495389298264,0.0,0.6228914288993209
42.601361215377494,61298.128443617265,408.08126260596373,243.45450249850776,18.388343136067615,0.00026312547371388595,312.79072735499426,1.304646291968949,0.692,1.3569699349930187,0.011041504437633952,0.00021858340539449855,317.38997023003793,326.33137904745524,0.0,0.625252319494875
42.75136600838939,61236.807287435826,409.50799281060085,243.62293925149046,18.544171284916533,0.00026517181311423173,312.89891254839216,1.3087549249544528,0.692,1.3569699349930187,0.011205317623847437,0.00022026176376612093,318.07629581670085,327.0803356815165,0.0,0.6276481801303653
42.901370801401285,61175.27213097585,410.93450790959497,243.79196705532013,18.701764096583574,0.00026723989326954693,313.00743977842626,1.3128585959505945,0.692,1.3569699349930187,0.011371521115235522,0.00022197153074264824,318.764941443108,327.8318214511328,0.0,0.6300795091724072
43.05137559441317,61113.52300676281,412.36080445754715,243.96158585456118,18.86114302460472,0.00026932996036925136,313.1163086538682,1.3169572873107287,0.692,1.3569699349930187,0.011540150465912467,0.00022371335311587877,319.4559049748601,328.5858339704846,0.0,0.6325468120279799
43.20138038742507,61051.55994784127,413.7868789565079,244.1317955924647,19.0223298034858,0.0002714422636131012,313.2255187820725,1.3210509813039888,0.692,1.3569699349930187,0.011711241764616648,0.0002254878926014352,320.1491842396079,329.34237081137206,0.0,0.6350506012083174
43.35138518043696,60989.38298778497,415.21272785505244,244.3025962109407,19.185346452473617,0.00027357705524862333,313.33506976896524,1.3251396601127532,0.692,1.3569699349930187,0.011884831642645075,0.0002272958262242528,320.8447770263578,330.10142950243943,0.0,0.6375913964408659
43.50138997344885,60926.99216070607,416.63834754726366,244.47398765053222,19.350215279380723,0.0002757345906090517,313.44496121903404,1.3292233058298184,0.692,1.3569699349930187,0.012060957281896914,0.00022913784672094867,321.54268108473804,330.8630075283559,0.0,0.6401697247918836
43.65139476646075,60864.38750125981,418.06373437226773,244.64596985040288,19.51695888447501,0.00027791512815190375,313.5551927353273,1.3333019004573028,0.692,1.3569699349930187,0.012239656423070646,0.0002310146629038584,322.2428941244761,331.6271023292316,0.0,0.6427861207222231
43.801399559472635,60801.56904465484,419.48888461329807,244.81854274830775,19.685600164406726,0.0002801189294978386,313.6657639194421,1.3373754259040977,0.692,1.3569699349930187,0.012420967373942488,0.00023292700007452867,322.9454138146808,332.3937112998158,0.0,0.6454411261994917
43.95140435248453,60738.53682666315,420.91379449664936,244.99170628056623,19.85616231619072,0.0002823462594700245,313.77667437151376,1.3414438639829693,0.692,1.3569699349930187,0.012604929017756478,0.00023487560045636034,323.6502377830782,333.162831788644,0.0,0.6481352908228548
44.101409145496426,60675.29088362624,422.33846019101844,245.16546038204484,20.028668841252856,0.0002845973861341307,313.8879236902117,1.3455071964088712,0.692,1.3569699349930187,0.012791580821762297,0.00023686122360397883,324.3573636153948,333.93446109734884,0.0,0.6508691719014618
44.251413938508314,60611.83125246378,423.7628778067207,245.33980498613312,20.203143549525134,0.0002868725808387358,313.999511472731,1.3495654047968861,0.692,1.3569699349930187,0.012980962845863487,0.00023888464683302713,325.0667888546825,334.708596479906,0.0,0.6536433345472707
44.40141873152021,60548.15797068442,425.18704339462,245.51474002471375,20.37961056359046,0.0002891721182561641,314.11143731478023,1.3536184706592764,0.692,1.3569699349930187,0.013173115751366963,0.0002409466656850293,325.77851100052413,335.48523514174735,0.0,0.6564583518014657
44.5514235245321,60484.27107639446,426.6109529451887,245.69026542813856,20.55809432288996,0.0002914962764239125,314.22370081057306,1.3576663754029403,0.692,1.3569699349930187,0.01336808080986722,0.00024304809439187203,326.49252750828606,336.2643742389261,0.0,0.6593148047450077
44.70142831754399,60420.17060830434,428.03460238789785,245.86638112521058,20.73861958799393,0.0002938453367866803,314.3363015528237,1.361709100327909,0.692,1.3569699349930187,0.013565899912280426,0.00024518976632266693,327.20883578849555,337.04601087742105,0.0,0.6622132825701217
44.85143311055589,60355.85660574019,429.45798759014485,246.04308704315184,20.921211444916306,0.00029621958423873407,314.44923913273374,1.3657466266244143,0.692,1.3569699349930187,0.013766615577968384,0.00024737253448139636,327.92743320602335,337.8301421122243,0.0,0.6651543827055034
45.001437903567776,60291.329108654725,430.8811043560761,246.22038310757338,21.105895309489977,0.00029861930716683165,314.5625131399796,1.3697789353696286,0.692,1.3569699349930187,0.013970270963984507,0.0002495972720254903,328.6483170792209,338.61676494637726,0.0,0.6681387109532644
45.15144269657967,60226.58815763255,432.3039484260497,246.39826924246046,21.29269693181746,0.00030104479749388895,314.67612316271055,1.373806007526402,0.692,1.3569699349930187,0.014176909874500139,0.00025186487274107936,329.3714846793089,339.405876330288,0.0,0.6711668815512069
45.30144748959157,60161.63379390218,433.72651547555046,246.57674537013926,21.481642400763064,0.00030349635072294553,314.79006878753455,1.377827823940314,0.692,1.3569699349930187,0.014386576770316508,0.00025417625157718264,330.0969332295337,340.1974731607888,0.0,0.6742395172979901
45.451452282603455,60096.4660593476,435.148801113979,246.75581141124482,21.672758148506926,0.0003059742659816909,314.9043495995049,1.3818443653363344,0.692,1.3569699349930187,0.014599316778500983,0.0002565323452035563,330.8246599042683,340.99155228013234,0.0,0.6773572496922404
45.60145707561535,60031.08499651536,436.5708008838897,246.93546728470133,21.86607095517417,0.0003084788460677185,315.0189651821148,1.3858556123168804,0.692,1.3569699349930187,0.014815175702195317,0.0002589341125428908,331.55466182829014,341.7881104751854,0.0,0.6805207190199039
45.75146186862724,59965.490648624655,437.9925102600826,247.11571290769436,22.061607953518507,0.00031101039749423514,315.13391511728724,1.3898615453594374,0.692,1.3569699349930187,0.01503420003054606,0.00026138253532821773,332.2869360759899,342.58714447654415,0.0,0.6837305744575868
45.901466661639134,59899.68305957991,439.4139246483647,247.2965481956357,22.25939663366133,0.0003135692305362368,315.24919898535944,1.393862144813163,0.692,1.3569699349930187,0.015256436948745048,0.00026387861870259664,333.0214796704364,343.3886509574911,0.0,0.6869874742131707
46.05147145465103,59833.66227398079,440.83503938446324,247.4779730621359,22.459464847902975,0.00031615565927736153,315.3648163650731,1.3978573908959555,0.692,1.3569699349930187,0.015481934348223637,0.0002664233918198859,333.7582895825006,344.19262653301604,0.0,0.6902920856486376
46.20147624766292,59767.42833712973,442.2558497333186,247.65998741898315,22.66184081560684,0.0003187700016574244,315.48076683356817,1.4018472636927202,0.692,1.3569699349930187,0.0157107408370193,0.00026901790842661277,334.4973627301264,344.9990677590014,0.0,0.6936450853594486
46.35148104067481,59700.98129504537,443.6763508878451,247.84259117610605,22.866553128131414,0.0003214125795203079,315.5970499663662,1.4058317431519989,0.692,1.3569699349930187,0.01594290575023675,0.0002716632475044678,335.23869597737166,345.8079711311517,0.0,0.6970471593134941
46.50148583368671,59634.321194475175,445.0965379675678,248.02578424153893,23.073630753832003,0.00032408371866248604,315.7136653373565,1.4098108090822075,0.692,1.3569699349930187,0.016178479160644858,0.0002743605139387333,335.9822861333934,346.6193330838602,0.0,0.7004990030028538
46.651490626698596,59567.44808290161,446.51640601800136,248.20956652140424,23.28310304314908,0.0003267837488823941,315.83061251879144,1.4137844411501888,0.692,1.3569699349930187,0.016417511889484405,0.00027711083913814564,336.72812995173445,347.4331499894117,0.0,0.7040013215127567
46.80149541971049,59500.362008556054,447.9359500093955,248.3939379198743,23.49499973374261,0.0003295130040301182,315.9478910812706,1.4177526188778198,0.692,1.3569699349930187,0.016660055517364016,0.00027991538172489013,337.4762241293337,348.24941815687714,0.0,0.7075548296601221
46.95150021272238,59433.06302043223,449.3551648353344,248.578898339134,23.709350955695992,0.0003322718220577024,316.0655005937239,1.4217153216381668,0.692,1.3569699349930187,0.016906162395293068,0.0002827753282537963,338.22656530546965,349.0681338309346,0.0,0.7111602521473052
47.101505005734275,59365.55116829444,450.7740453118556,248.76444767935794,23.92618723680755,0.0003350605450703024,316.1834406234051,1.425672528653253,0.692,1.3569699349930187,0.017155885655914492,0.00028569189390366737,338.9791500609167,349.8892931909256,0.0,0.7148183236585599
47.25150979874617,59297.82650268926,452.19258617640054,248.95058583867782,24.145539507941773,0.00033787951937782126,316.3017107358785,1.4296242189913257,0.692,1.3569699349930187,0.017409279224870497,0.0002886663231996953,339.73397491701763,350.71289234982004,0.0,0.718529788974077
47.40151459175806,59229.88907496014,453.6107820863818,249.13731271314222,24.367439108443772,0.00034072909554706875,316.42031049500116,1.4335703715629466,0.692,1.3569699349930187,0.017666397832286983,0.0002916998907867798,340.4910363345871,351.5389273529913,0.0,0.7222954031249882
47.55151938476995,59161.73893725896,455.02862761792875,249.32462819668447,24.591917791636188,0.0003436096284546864,316.5392394629103,1.4375109651176299,0.692,1.3569699349930187,0.01792729702443194,0.00029479390220608193,341.2503307128846,352.36739417706974,0.0,0.7261159315285797
47.70152417778185,59093.37614255486,456.44611726506935,249.51253218109798,24.819007730399157,0.0003465214773408419,316.65849720001535,1.4414459782418472,0.692,1.3569699349930187,0.01819203317557145,0.00029794969465175776,342.0118543887636,353.19828872899075,0.0,0.7299921500755976
47.85152897079374,59024.80074464975,457.863245438298,249.70102455599329,25.048741522803166,0.0003494650058632995,316.77808326497853,1.4453753893551549,0.692,1.3569699349930187,0.018460663499922238,0.00030116863779990684,342.7756036355464,354.0316068447398,0.0,0.7339248452829855
48.00153376380563,58956.01279819297,459.2800064630022,249.8901052087576,25.281152197820617,0.00035244058215219487,316.89799721469706,1.4492991767058785,0.692,1.3569699349930187,0.01873324606375352,0.0003044521346695871,343.5415746618343,354.86734428802316,0.0,0.7379148144604031
48.15153855681752,58887.01235868845,460.69639457874433,250.07977402453471,25.516273221138988,0.0003554485788658016,317.0182386042983,1.4532173183694486,0.692,1.3569699349930187,0.019009839797736246,0.0003078016224299953,344.30976361067655,355.7054967493385,0.0,0.7419628657858232
48.301543349829416,58817.79948251084,462.11240393781276,250.27003088618014,25.75413850102162,0.0003584893732465934,317.13880698711927,1.4571297922445097,0.692,1.3569699349930187,0.01929050450937761,0.00031121857329086166,345.08016655841004,356.54605984468037,0.0,0.7460698184573111
48.45154814284131,58748.374226921085,463.52802860360487,250.4608756742183,25.994782394249356,0.0003615633471780224,317.2597019146878,1.4610365760485051,0.692,1.3569699349930187,0.019575300895606683,0.0003147044954287967,345.85277951342164,357.38902911415744,0.0,0.7502365028611526
48.6015529358532,58678.736650075996,464.9432625496102,250.65230826681557,26.238239712161548,0.0003646708872422465,317.38092293671303,1.4649376473151212,0.692,1.3569699349930187,0.019864290555589807,0.0003182609338839649,346.6275984151629,358.2344000208915,0.0,0.7544637606772384
48.751557728865095,58608.88681104174,466.3580996581991,250.84432853974295,26.484545726765216,0.00036781238477839916,317.5024696010703,1.4688329833911535,0.692,1.3569699349930187,0.020157536003690617,0.0003218894714949993,347.4046191330664,359.0821679498074,0.0,0.7587524450035201
48.90156252187698,58538.82476981083,467.7725337189688,251.036936366329,26.733736176913144,0.000370988235941409,317.62434145377927,1.4727225614320216,0.692,1.3569699349930187,0.020455100682553337,0.00032559172989501755,348.18383746526104,359.93232820619846,0.0,0.7631034205249574
49.05156731488888,58468.55058731555,469.18655842729675,251.23013161742261,26.985847274576983,0.00037419884176169616,317.74653803898866,1.4766063583979185,0.692,1.3569699349930187,0.02075704897638245,0.0003293693705139357,348.9652491373711,360.7848760143849,0.0,0.7675175636606517
49.20157210790077,58398.064325438056,470.60016738339664,251.4239141613648,27.24091571121602,0.00037744460820574797,317.8690588989667,1.4804843510515278,0.692,1.3569699349930187,0.021063446224448723,0.0003332240955606765,349.7488498015245,361.63980651660574,0.0,0.7719957626587318
49.35157690091266,58327.36604702852,472.0133540906664,251.61828386393833,27.498978664202006,0.0003807259462370637,317.9919035740776,1.4843565159535856,0.692,1.3569699349930187,0.021374358734688438,0.00033715764909105715,350.5346350350366,362.49711477154915,0.0,0.7765389177622307
49.50158169392456,58256.45581592199,473.4261119538739,251.81324058832126,27.760073803334187,0.0003840432718778993,318.11507160276034,1.488222829457936,0.692,1.3569699349930187,0.021689853797465575,0.00034117181811517817,351.32260033901713,363.35679575279664,0.0,0.7811479413895266
49.65158648693645,58185.33369694674,474.8384342783294,252.00878419506333,28.024239297471663,0.000387397006272151,318.2385625215225,1.492083267709632,0.692,1.3569699349930187,0.022009999699622782,0.000345268433646068,352.11274113740376,364.21884434774296,0.0,0.7858237582161648
49.80159127994834,58113.999755943,476.2503142682149,252.20491454203415,28.291513821216324,0.0003907875757485221,318.36237586491575,1.4959378066404823,0.692,1.3569699349930187,0.02233486573861021,0.0003494493718465826,352.90505277560595,365.0832553560817,0.0,0.7905673053389879
49.951596072960236,58042.4540597809,477.66174502472074,252.4016314843734,28.56193656168684,0.00039421541188448486,318.48651116551304,1.499786421963995,0.692,1.3569699349930187,0.022664522236777184,0.0003537165552203846,353.6995305190569,365.95002348818855,0.0,0.795379532457533
50.101600865972124,57970.69667637166,479.07271954487464,252.59893487445996,28.83554722540821,0.0003976809515713407,318.61096795389756,1.5036290891724595,0.692,1.3569699349930187,0.02299904055592895,0.0003580719537722255,354.4961695520664,366.81914336383886,0.0,0.8002614019875974
50.25160565898402,57898.72767468316,480.483230720145,252.79682456186802,29.112386045275333,0.00040118463707984554,318.73574575864404,1.5074657835333627,0.692,1.3569699349930187,0.023338493112035754,0.00036251758621506913,355.29496497655657,367.690609510796,0.0,0.8052138891951577
50.401610451995914,57826.54712475969,481.8932713345372,252.995300393313,29.39249378759377,0.0004047269161264372,318.860844106293,1.511296480084262,0.692,1.3569699349930187,0.0236829533900675,0.00036705552125019343,356.0959118105608,368.5644163631351,0.0,0.8102379823778744
50.5516152450078,57754.15509773734,483.302834062927,253.19436221260844,29.675911759229486,0.00040830824194046,318.9862625213323,1.5151211536283822,0.692,1.3569699349930187,0.0240324959590483,0.0003716878788578395,356.8990049868222,369.4405582596777,0.0,0.8153346830228391
50.7016200380197,57681.55166585593,484.71191146997467,253.39400986063285,29.962681814866464,0.0004119290733323669,319.1120005261854,1.518939778732015,0.692,1.3569699349930187,0.02438719648736744,0.0003764168315684905,357.7042393516414,370.31902944270325,0.0,0.8205050059081263
50.85162483103159,57608.73690247982,486.1204960082225,253.594243175272,30.252846364326075,0.0004155898747623094,319.23805764118356,1.5227523297194443,0.692,1.3569699349930187,0.024747131758175948,0.0003812446058351701,358.5116096633389,371.19982405623364,0.0,0.8257499792801692
51.00162962404348,57535.71088211755,487.528580016008,253.79506199136443,30.546448379986035,0.00041929111640958945,319.36443338454063,1.5265587806673016,0.692,1.3569699349930187,0.025112379684955714,0.0003861734834541083,359.3211105906292,372.08293614421655,0.0,0.8310706450461521
51.15163441705538,57462.47368043147,488.9361557165118,253.99646614067444,30.84353140433794,0.0004230332742434577,319.49112727234507,1.5303591054024046,0.692,1.3569699349930187,0.025483019327427203,0.00039120580292274776,360.1327367114995,372.968359649272,0.0,0.8364680588611266
51.301639210067265,57389.02537425939,490.34321521583536,254.19845545183233,31.144139557595786,0.00042681683009414614,319.6181388185312,1.5341532774966704,0.692,1.3569699349930187,0.025859130907518544,0.0003963439609128829,360.9464825116284,373.856088410927,0.0,0.8419432903025295
51.45164400307916,57315.366041635476,491.74975050085914,254.4010297502761,31.44831754540626,0.00043064227172477225,319.74546753485185,1.5379412702613495,0.692,1.3569699349930187,0.026240795825506164,0.00040159041379749335,361.76234238269626,374.7461161637288,0.0,0.8474974230624981
51.601648796091055,57241.495761803024,493.1557534378962,254.60418885821605,31.756110666694372,0.0004345100929045289,319.8731129308653,1.5417230567436992,0.692,1.3569699349930187,0.026628096676460985,0.00040694767914720956,362.58031062105255,375.63843653575515,0.0,0.853131555068097
51.75165358910294,57167.41461523264,494.56121577108684,254.80793259458406,32.06756482158874,0.00043842079348245164,320.0010745139126,1.5454986097229024,0.692,1.3569699349930187,0.02702111726685058,0.00041241833728377064,363.40038142624553,376.5330430469724,0.0,0.858846798622784
51.90165838211484,57093.12268364499,495.9661291202113,255.01226077497088,32.38272651943234,0.0004423748794618343,320.1293517890875,1.5492679017042188,0.692,1.3569699349930187,0.027419942631263607,0.0004180050329199743,364.2225488992727,377.42992910728196,0.0,0.8646442805977557
52.051663175126734,57018.6200500287,497.37048497877544,255.21717321157598,32.7016428869164,0.0004463728630757556,320.2579442592143,1.5530309049139703,0.692,1.3569699349930187,0.02782465904937661,0.0004237104768159478,365.04680704095006,378.3290880146983,0.0,0.8705251425978155
52.20166796813862,56943.906798654054,498.77427471276366,255.4226697131694,33.02436167633964,0.00045041526286373996,320.3868514248334,1.5567875912965863,0.692,1.3569699349930187,0.028235354063212623,0.000429537447418357,365.8731497505755,379.2305129538555,0.0,0.8764905410678778
52.35167276115052,56868.98301509717,500.1774895584547,255.628750085025,33.350931273930065,0.0004545026037487582,320.5160727841692,1.5605379325088227,0.692,1.3569699349930187,0.028652116494465876,0.0004354887926176042,366.70157082414016,380.13419699401027,0.0,0.8825416474788066
52.501677554162406,56793.84878626266,501.580120620026,255.8354141288572,33.68140070828008,0.0004586354171151971,320.64560783309946,1.5642818999133319,0.692,1.3569699349930187,0.029075036462007008,0.0004415674315637304,367.53206395243427,381.0401330869262,0.0,0.8886796485282069
52.6516823471743,56718.50420039477,502.9821588684621,256.04266164279,34.015819658942306,0.0004628142408883851,320.7754560651461,1.5680194645762167,0.692,1.3569699349930187,0.02950420539978288,0.00044777635641772464,368.36462271975097,381.948314065425,0.0,0.8949057462311663
52.801687140186196,56642.94934710247,504.3835951393488,256.2504924212874,34.35423846507567,0.00046703961961428527,320.9056169714412,1.5717505972612382,0.692,1.3569699349930187,0.029939716074749864,0.00045411863423623785,369.1992406020473,382.85873264133295,0.0,0.9012211581017049
52.951691933198084,56567.18431738355,505.7844201304167,256.4589062550864,34.696708134206446,0.0004713121045401565,321.0360900406945,1.5754752684232591,0.692,1.3569699349930187,0.03038166260498393,0.00046059740892107277,370.03591096497894,383.7713814032866,0.0,0.9076271173519375
53.10169672620998,56491.20920363944,507.18462439999877,256.66790293115565,35.0432803511445,0.0004756322536966817,321.1668747591779,1.5791934482044683,0.692,1.3569699349930187,0.030830140478139666,0.0004672159031408254,370.87462706235726,384.68625281500795,0.0,0.9141248730163585
53.25170151922187,56415.0240996962,508.5841983651894,256.87748223263736,35.39400748698733,0.0004800006319807099,321.297970610699,1.5829051064297446,0.692,1.3569699349930187,0.03128524657006442,0.0004739774203212048,371.71538203444425,385.6033392134001,0.0,0.9207156900976052
53.40170631223376,56338.62910083083,509.98313229933797,257.08764393877385,35.74894260821446,0.00048441781123864175,321.42937707656466,1.5866102126000128,0.692,1.3569699349930187,0.03174707916352066,0.00048088534673667747,372.55816890591905,386.5226328062771,0.0,0.9274008497630919
53.55171110524566,56262.02430379197,511.38141632985736,257.29838782485035,36.10813948592483,0.0004888843703511046,321.5610936355561,1.5903087358865486,0.692,1.3569699349930187,0.03221573796717545,0.0004879431536261404,373.4029805839879,387.4441256702519,0.0,0.9341816495148706
53.70171589825755,56185.209806815685,512.7790404367952,257.50971366215083,36.471652605215915,0.0004934008953188947,321.69311976391106,1.5940006451276332,0.692,1.3569699349930187,0.03269132413491711,0.0004951543992961912,374.2498098568391,388.3678097490098,0.0,0.9410594032982854
53.85172069126944,56108.185709653466,514.1759944503334,257.72162121788017,36.83953717462512,0.0004979679793491914,321.8254549352856,1.5976859088219937,0.692,1.3569699349930187,0.033173940285205226,0.0005025227313602895,375.09864939156694,389.2936768509911,0.0,0.9480354416913106
54.00172548428134,56030.95211359835,515.5722680480475,257.934110255092,37.211849135701,0.0005025862229428739,321.9580986207193,1.6013644951215038,0.692,1.3569699349930187,0.03366369052060543,0.0005100518890483035,375.94949173197534,390.22171864693763,0.0,0.9551111121080293
54.151730277293225,55953.50912149785,516.9678507536577,258.14718053265193,37.588645172758504,0.0005072562339836102,322.0910502886229,1.6050363718284237,0.692,1.3569699349930187,0.0341606804477807,0.0005177457054530396,376.8023292970829,391.1519266682212,0.0,0.962287778890335
54.30173507030512,55875.85683778287,518.3627319345062,258.36083180515783,37.969982722683305,0.000511978627827031,322.22430940473896,1.6087015063888368,0.692,1.3569699349930187,0.03466501719747351,0.0005256081099288088,377.65715437899223,392.0842923044652,0.0,0.9695668234908131
54.45173986331701,55797.99536849557,519.7569007987488,258.5750638228621,38.35591998486367,0.0005167540273909566,322.3578754321042,1.61235986588521,0.692,1.3569699349930187,0.03517680944466241,0.0005336431305670778,378.5139591406126,393.01880680100123,0.0,0.9769496446723518
54.601744656328904,55719.92482130646,521.1503463935935,258.789876331624,38.74651593130179,0.0005215830632473147,322.4917478310303,1.6160114170321358,0.692,1.3569699349930187,0.035696167429115695,0.0005418548966501973,379.3727356138795,393.95546125687906,0.0,0.9844376586324052
54.7517494493408,55641.64530553865,522.5430576031965,259.00526907284245,39.141830316818755,0.0005264663737146734,322.6259260590728,1.6196561261710842,0.692,1.3569699349930187,0.03622320297608956,0.0005502476411867711,380.2334756977846,394.8942466226663,0.0,0.9920322991480124
54.90175424235269,55563.15693219824,523.9350231457996,259.2212417833714,39.54192368935603,0.000531404604951422,322.76040957098957,1.6232939592628777,0.692,1.3569699349930187,0.03675802951710905,0.0005588257035637393,381.09617115602236,395.83515369782094,0.0,0.999735017770683
55.05175903536458,55484.45981399814,525.3262315712303,259.43779419545353,39.94685740043997,0.000536398411050412,322.8951978187102,1.6269248818812574,0.692,1.3569699349930187,0.037300762111037826,0.0005675935322325689,381.9608136148063,396.7781731282513,0.0,1.0075472839939275
55.20176382837648,55405.55406537636,526.7166712592708,259.65492603666934,40.3566936158071,0.0005414484541350226,323.0302902513155,1.6305488592091122,0.692,1.3569699349930187,0.03785151746551188,0.0005765556873911647,382.82739456109033,397.7232954043286,0.0,1.015470585359791
55.351768621388366,55326.439802528286,528.1063304168041,259.87263702984745,40.77149532609049,0.0005465554044554109,323.16568631499285,1.6341658560310564,0.692,1.3569699349930187,0.03841041395835666,0.0005857168438190784,383.6959053401698,398.67051085820856,0.0,1.0235064276441461
55.50177341440026,55247.11714343681,529.4951970746919,260.090926892981,41.19132635764992,0.0005517199404859644,323.3013854529957,1.6377758367251858,0.692,1.3569699349930187,0.03897757165918275,0.0005950817937956808,384.5663371531433,399.61980966099645,0.0,1.0316563350542651
55.65177820741215,55167.586207887216,530.8832590863501,260.3097953391855,41.61625138361765,0.0005569427490248245,323.43738710562843,1.6413787652599785,0.692,1.3569699349930187,0.03955311235151105,0.0006046554499627224,385.43868105519687,400.57118182082894,0.0,1.03992185031748
55.801783000424045,55087.84711750058,532.2705041248743,260.52924207660686,42.046335934985855,0.000562224525293337,323.57369071020076,1.6449746051868805,0.692,1.3569699349930187,0.040137159554822416,0.0006144428483559312,386.31292795314505,401.52461718012887,0.0,1.0483045348572702
55.95178779343594,55007.899995765896,533.6569196798414,260.74926680833147,42.48164641183483,0.0005675659730366378,323.7102957009835,1.6485633196319125,0.692,1.3569699349930187,0.04072983854676907,0.000624449151526623,387.18906860280333,402.4801054126707,0.0,1.0568059689838345
56.10179258644783,54927.74496805972,535.0424930553062,260.96986923233135,42.92225009477,0.0005729678046262056,323.8472015091864,1.6521448712908793,0.692,1.3569699349930187,0.04133127638583654,0.0006346796516524606,388.06709360694254,403.4376360212942,0.0,1.0654277520123014
56.251797379459724,54847.38216167417,536.427211367406,261.1910490413867,43.368215156455776,0.0005784307411629909,323.9844075629213,1.6557192224234618,0.692,1.3569699349930187,0.041941601934124675,0.0006451397737434218,388.94699341302237,404.39719833537345,0.0,1.0741715023995781
56.40180217247162,54766.81170585193,537.8110615411051,261.41280592298807,43.81961067325092,0.0005839555125811776,324.12191328715403,1.659286334844736,0.692,1.3569699349930187,0.04256094588016949,0.0006558350789789075,389.82875831048034,405.35878150778956,0.0,1.0830388579271808
56.55180696548351,54686.03373181372,539.1940303073528,261.6351395592605,44.276506637030096,0.0005895428577536033,324.25971810366883,1.6628461699179282,0.692,1.3569699349930187,0.04318944076207169,0.0006667712680918916,390.71237842822,406.322374512124,0.0,1.0920314758572087
56.7018117584954,54605.04837277929,540.576104201231,261.85804962690435,44.738973967186446,0.0005951935245987669,324.3978214310439,1.6663986885501925,0.692,1.3569699349930187,0.043827220991025144,0.0006779541847619103,391.5978437325733,407.28796614038254,0.0,1.101151033030563
56.85181655150729,54523.855764004715,541.9572695587115,262.0815357970919,45.207084522689435,0.0006009082701878735,324.5362226845998,1.6699438511842546,0.692,1.3569699349930187,0.044474422874753235,0.0006893898191756905,392.48514402454066,408.2555449999131,0.0,1.1103992260372675
57.001821344519186,54442.45604281698,543.3375125131118,262.30559773537107,45.68091111430384,0.0006066878608532092,324.6749212763518,1.673481617789143,0.692,1.3569699349930187,0.04513118464110693,0.0007010843116832137,393.37426893687234,409.2250995101466,0.0,1.1197777713957509
57.15182613753108,54360.84934863115,544.7168189934805,262.5302351016177,46.160527517059485,0.0006125330722989242,324.81391661499316,1.6770119478567218,0.692,1.3569699349930187,0.045797646462274126,0.0007130439564148872,394.2652079321094,410.1966179004062,0.0,1.1292884056327372
57.30183093054297,54279.03582298885,546.0951747213336,262.75544754992796,46.64600848274733,0.0006184446897114791,324.9532081058407,1.680534800393368,0.692,1.3569699349930187,0.04647395047881405,0.0007252752050796449,395.15795029975857,411.1700882067538,0.0,1.138932885440751
57.451835723554865,54197.015609595175,547.4725652070323,262.98123472851637,47.13742975257636,0.0006244235078713882,325.09279515078464,1.6840501339105451,0.692,1.3569699349930187,0.04716024082383274,0.0007377846708653496,396.0524851532778,412.1454982686232,0.0,1.1487129878461486
57.60184051656675,54114.788854341336,548.8489757475114,263.207596279652,47.63486807006622,0.00063047033126716,325.232677148262,1.6875579064194424,0.692,1.3569699349930187,0.04785666364765893,0.0007505791323470684,396.9488014277365,413.12283572620527,0.0,1.1586305103127115
57.75184530957865,54032.35570533685,550.2243914235671,263.4345318395692,48.13840119404067,0.0006365859742097839,325.37285349321417,1.6910580754243603,0.692,1.3569699349930187,0.048563367142598145,0.0007636655375033615,397.846887877223,414.1020880175527,0.0,1.16868727085981
57.901850102590544,53949.7163129498,551.5987970961705,263.66204103835554,48.6481079117258,0.0006427712609478025,325.5133235770309,1.6945505979131996,0.692,1.3569699349930187,0.04928050156766221,0.0007770510078745003,398.7467330717369,415.0832423751099,0.0,1.1788851082186407
58.05185489560243,53866.87082983841,552.9721774032556,263.8901234998638,49.16406805205731,0.0006490270257842323,325.6540867875091,1.6980354303493594,0.692,1.3569699349930187,0.05000821927361453,0.0007907428427839784,399.64832539431643,416.0662858225037,0.0,1.1892258819636972
58.20185968861433,53783.81941097519,554.3445167576232,264.11877884164454,49.68636249919354,0.0006553541131952746,325.7951425088242,1.701512528667025,0.692,1.3569699349930187,0.050746674728449806,0.0008047485235891012,400.551653038717,417.0512051719493,0.0,1.1997114725939828
58.35186448162622,53700.56221368978,555.7157993432755,264.348006674827,50.21507320607292,0.0006617533779488549,325.9364901214707,1.70498184826182,0.692,1.3569699349930187,0.05149602454267398,0.0008190757181061237,401.45670400625374,418.03798702072515,0.0,1.2103437816730938
58.50186927463811,53617.09939770873,557.0860091114151,264.5778066040085,50.75028320814859,0.0006682256852245949,326.0781290022068,1.7084433439804387,0.692,1.3569699349930187,0.05225642749470981,0.0008337322851413781,402.3634661024648,419.02661774744683,0.0,1.2211247319729905
58.651874067650006,53533.43112517512,558.4551297786227,264.8081782271993,51.292076637414276,0.0006747719107365823,326.2200585240348,1.711896970116807,0.692,1.3569699349930187,0.05302804455700451,0.0008487262790146192,403.27192693488746,420.0170835095797,0.0,1.232056267537164
58.801878860661894,53449.557560692905,559.8231448231732,265.0391211356993,51.84053873643822,0.0006813929408555026,326.3622780561384,1.715342680402778,0.692,1.3569699349930187,0.053811038921826954,0.0008640659542643822,404.1820739098321,421.0093702398389,0.0,1.2431403538032442
58.95188365367379,53365.47887136915,561.1900374809537,265.2706349139806,52.39575587257128,0.000688089672732139,326.50478696382453,1.7187804279976189,0.692,1.3569699349930187,0.054605576027159666,0.0008797597704650205,405.0938942289435,422.003463642348,0.0,1.2543789777298695
59.101888446685685,53281.1952268401,562.5557907429044,265.50271913961467,52.957815552428734,0.0006948630144234261,326.64758460849276,1.7222101654820503,0.692,1.3569699349930187,0.055411823583147925,0.0008958163970815647,406.0073748865429,422.999349189669,0.0,1.2657741478738929
59.25189323969757,53196.70679930809,563.9203873519631,265.73537338316925,53.52680643646863,0.0007017138850189111,326.7906703475858,1.7256318448508887,0.692,1.3569699349930187,0.05622995159855626,0.000912244718442191,406.92250266667975,423.99701211950975,0.0,1.277327894475435
59.40189803270947,53112.01376358778,565.283809798917,265.9685972080801,54.10281835367664,0.0007086432147677342,326.9340435345251,1.7290454175024497,0.692,1.3569699349930187,0.05706013240710563,0.0009290538388553197,407.83926413959307,424.996437430773,0.0,1.2890422695676513
59.55190282572136,53027.116297142275,566.6460403187916,266.20239017055,54.68594231648573,0.0007156519452076672,327.0777035186633,1.7324508342295437,0.692,1.3569699349930187,0.057902540694123865,0.0009462530878099684,408.75764565844725,425.99760987990953,0.0,1.3009193470660465
59.70190761873325,52942.0145801109,568.0070608884943,266.43675181947134,55.27627053592777,0.0007227410292961602,327.22164964525155,1.7358480452142566,0.692,1.3569699349930187,0.05875735352365966,0.000963852025235446,409.6776333567043,427.0005139779822,0.0,1.3129612228208791
59.85191241174515,52856.708795358274,569.3668532226964,266.67168169628945,55.873896436810114,0.0007299114315408978,327.3658812553698,1.7392370000175668,0.692,1.3569699349930187,0.05962475036524369,0.0009818604469280733,410.59921314453686,428.00513398666146,0.0,1.3251700147062853
60.001917204757035,52771.1991285199,570.725398769344,266.9071793348757,56.47891467308718,0.0007371641281319088,327.5103976858644,1.7426176475678254,0.692,1.3569699349930187,0.06050491312071775,0.0010002883900894135,411.5223707050394,429.01145391399353,0.0,1.3375478627052735
60.15192199776893,52685.48576802462,572.0826787076148,267.1432442614645,57.09142114357047,0.0007445001070769264,327.6551982693242,1.745989936156537,0.692,1.3569699349930187,0.061398026151864654,0.0010191461389096052,412.44709149172076,430.01945751159803,0.0,1.3500969289454456
60.301926790780826,52599.56890514547,573.4386739437872,267.37987599451185,57.71151300761652,0.0007519203683356729,327.8002823340093,1.7493538134280395,0.692,1.3569699349930187,0.062304276307539645,0.0010384442303139577,413.37336072484857,431.0291282705866,0.0,1.3628193977647507
60.451931583792714,52513.44873404799,574.7933651066685,267.61707404456087,58.33928870100405,0.0007594259239555946,327.9456492037837,1.7527092263678574,0.692,1.3569699349930187,0.06322385295082435,0.001058193459823943,414.3011633875528,432.040449417212,0.0,1.3757174757722288
60.60193637680461,52427.125451820015,576.1467325447337,267.85483791415834,58.97484795212574,0.0007670177982105311,328.09129819808015,1.7560561212961334,0.692,1.3569699349930187,0.06415694798679265,0.001078404887502181,415.2304842228308,433.053403909521,0.0,1.3887933918831015
60.751941169816504,52340.59925851401,577.4987563227053,268.09316709773685,59.61829179826914,0.0007746970277396136,328.2372286318432,1.7593944438594997,0.692,1.3569699349930187,0.06510375589017868,0.0010990898440173826,416.161307730219,434.06797443363746,0.0,1.4020493973514583
60.90194596282839,52253.870357199936,578.849416216918,268.3320610814674,60.269722601997934,0.0007824646616865202,328.38343981545523,1.7627241390193717,0.692,1.3569699349930187,0.0660644737327882,0.001120259936841462,417.0936181617939,435.084143399298,0.0,1.4154877658070921
61.05195075584029,52166.93895400647,580.1986917112886,268.57151934314464,60.92924406780095,0.0007903217618410755,328.5299310546822,1.7660451510420137,0.692,1.3569699349930187,0.06703930121120845,0.001141927056553845,418.02739951849344,436.10189293574194,0.0,1.4291107932792595
61.201955548852176,52079.805258152854,581.5465619946857,268.81154135209783,61.59696125899402,0.0007982694027830033,328.67670165063527,1.7693574234928182,0.692,1.3569699349930187,0.06802844067499296,0.001164103383249345,418.9626355471661,437.1212048884147,0.0,1.442920798204664
61.35196034186407,51992.46948200497,582.8930059563371,269.05212656903444,62.27298061462395,0.0008063086720248362,328.82375089969156,1.7726608992248554,0.692,1.3569699349930187,0.06903209715429084,0.0011868013930802302,419.89930973652804,438.1420608144548,0.0,1.456920121438217
61.50196513487597,51904.93184112735,584.2380021808318,269.2932744458956,62.957409966582645,0.0008144406701564534,328.97107809342265,1.7759555203661925,0.692,1.3569699349930187,0.07005047838745282,0.0012100338649054104,420.837405312898,439.16444197793027,0.0,1.47111112624868
61.651969927887855,51817.1925543089,585.5815289458453,269.53498442578353,63.65035855711189,0.0008226665109933794,329.11868251856663,1.7792412283152927,0.692,1.3569699349930187,0.07108379484954122,0.0012338138870698358,421.7769052373943,440.1883293467054,0.0,1.4854961983128456
61.80197472089975,51729.251843620885,586.9235642175452,269.77725594280054,64.35193705624545,0.0008309873217234424,329.26656345694687,1.7825179637296762,0.692,1.3569699349930187,0.07213225978008943,0.0012581548642948493,422.7177922018276,441.2137035878567,0.0,1.5000777456956522
61.951979513911645,51641.10993447217,588.2640856455108,270.0200884218948,65.0622575794537,0.0008394042430549415,329.4147201853951,1.7857856665131264,0.692,1.3569699349930187,0.07319608921077639,0.0012830705246731527,423.660048624325,442.24054506278605,0.0,1.514858198812233
62.10198430692353,51552.767055642405,589.603070559636,270.2634812787676,65.78143370565368,0.0008479184293682386,329.5631519757118,1.789044275808749,0.692,1.3569699349930187,0.07427550199378555,0.0013085749268189777,424.6036566460272,443.26883382353003,0.0,1.5298400104015288
62.25198909993543,51464.223439333706,590.9404959660437,270.507433919729,66.50958049526008,0.000856531048866917,329.711858094596,1.7922937299892319,0.692,1.3569699349930187,0.07537071982978939,0.0013346824671164952,425.5485981272057,444.2985496084241,0.0,1.545025655476571
62.40199389294732,51375.47932152777,592.2763279694374,270.65,67.24687269686287,0.0008655699439113429,329.79873100377444,1.795872064658305,0.692,1.3569699349930187,0.07651083923296911,0.0013614104280653596,426.3929033410325,445.227719862925,0.0,1.5604190874714619
62.55199868595921,51286.53494805008,593.6104705069939,270.65,67.99393507956736,0.0008751857776113088,329.79873100377444,1.7999173880999568,0.692,1.3569699349930187,0.07770973083786248,0.0013887915219444945,427.0953364633686,446.01510195368473,0.0,1.5760327792703344
62.70200347897111,51197.39057691704,594.9428742400409,270.65,68.75102582734417,0.0008849306916840123,329.79873100377444,1.803957439221414,0.692,1.3569699349930187,0.07892813485219666,0.0014168479288265512,427.7984315055132,446.803226013731,0.0,1.5918727097098107
62.852008271982996,51108.046470967056,596.2735114580622,270.65,69.51829277215435,0.000894806588952546,329.79873100377444,1.8079921340001701,0.692,1.3569699349930187,0.08016637667710662,0.0014455970052181545,428.50216762419853,447.59206867910916,0.0,1.6079418455688015
63.00201306499489,51018.5028973851,597.602352788081,270.65,70.29588605689462,0.0009048154019852725,329.79873100377444,1.812021383372884,0.692,1.3569699349930187,0.08142478673480809,0.001475056855960794,429.20652297124695,448.3816054594253,0.0,1.6242433520305557
63.15201785800678,50928.76012778805,598.9293684076993,270.65,71.08395817200012,0.0009149590935669599,329.79873100377444,1.8160450969135011,0.692,1.3569699349930187,0.08270370086311464,0.0015052460519277625,429.9114753293337,449.1718114504956,0.0,1.6407804246522273
63.302022651018675,50838.81843831121,600.25452799585,270.65,71.88266399259761,0.0009252396571769979,329.79873100377444,1.820063182683927,0.692,1.3569699349930187,0.08400346038372965,0.0015361836515016705,430.61700208356604,449.9626613024884,0.0,1.6575562949476055
63.45202744403057,50748.678109680804,601.5778007242027,270.65,72.69216081634892,0.000935659117476503,329.79873100377444,1.8240755472079662,0.692,1.3569699349930187,0.08532441218207454,0.0015678892126165318,431.32308021445016,450.75412921203997,0.0,1.6745742304650497
63.60203223704246,50658.33942727115,602.8991552514099,270.65,73.51260840201627,0.0009462195308047114,329.79873100377444,1.8280820954538781,0.692,1.3569699349930187,0.086666908788849,0.0016003828049870967,432.02968629233885,451.5461889160316,0.0,1.6918375348210848
63.75203703005435,50567.802681201894,604.2185597132946,270.65,74.34416900825629,0.0009569229856783182,329.79873100377444,1.8320827308046237,0.692,1.3569699349930187,0.0880313084607919,0.0016336850226424161,432.73679646968264,452.3388136829029,0.0,1.709349547751387
63.90204182306625,50477.06816642762,605.5359817122788,270.65,75.18700743306557,0.0009677716032992017,329.79873100377444,1.8360773550258103,0.692,1.3569699349930187,0.08941797526197809,0.0016678169966857792,433.4443864728257,453.131976303456,0.0,1.7271136451350857
64.05204661607814,50386.136182783084,606.8513883125402,270.65,76.04129105424116,0.0009787675380752113,329.79873100377444,1.840065868251006,0.692,1.3569699349930187,0.0908272791479852,0.0017028004082905517,434.1524315968367,453.92564908506097,0.0,1.7451332389966157
64.20205140909003,50295.00703508669,608.1647460299439,270.65,76.9071898699127,0.000989912978141879,329.79873100377444,1.844048168951213,0.692,1.3569699349930187,0.09225959604862831,0.0017386575019519809,434.86090669750934,454.71980384268886,0.0,1.763411777494428
64.35205620210192,50203.68103323729,609.4760208210051,270.65,77.78487653974055,0.001001210145892701,329.79873100377444,1.8480241539013984,0.692,1.3569699349930187,0.09371530795109749,0.0017754110989543165,435.5697861827897,455.5144118893031,0.0,1.7819527448746943
64.50206099511382,50112.1584922715,610.7851780763418,270.65,78.67452642711224,0.0010126612985222711,329.79873100377444,1.8519937181606427,0.692,1.3569699349930187,0.09519480298554951,0.0018130846111470813,436.27904400658963,456.30944402892374,0.0,1.8007596614367696
64.65206578812571,50020.439732453146,612.0921826120525,270.65,79.5763176416659,0.0010242687285736223,329.79873100377444,1.8559567550459959,0.692,1.3569699349930187,0.0966984755103806,0.001851702054938198,436.98865366145094,457.1048705484046,0.0,1.8198360834619207
64.8020705811376,49928.52507937981,613.3969986584066,270.65,80.49043108227808,0.0010360347644915453,329.79873100377444,1.8599131560981854,0.692,1.3569699349930187,0.09822672619705333,0.001891288065485732,437.69858816971305,457.9006612075335,0.0,1.8391856030968488
64.95207537414949,49836.414864063336,614.699589850438,270.65,81.41705048094133,0.0010479617711873605,329.79873100377444,1.8638628110530933,0.692,1.3569699349930187,0.09977996211637218,0.0019318679111798474,438.4088200756693,458.69678523023924,0.0,1.8588118482372236
65.10208016716139,49744.1094229982,615.9999192212156,270.65,82.35636244742201,0.0010600521506137315,329.79873100377444,1.8678056078213523,0.692,1.3569699349930187,0.10135859682636075,0.001973467508441618,439.11932143915,459.49321129739917,0.0,1.878718482421862
65.25208496017328,49651.609098275854,617.297949190566,270.65,83.30855651411119,0.001072308342341965,329.79873100377444,1.871741432454151,0.692,1.3569699349930187,0.10296305045866201,0.002016113436649526,439.83006382659664,460.2899075368333,0.0,1.8989092046456448
65.40208975318517,49558.91423768953,618.5936415529516,270.65,84.27382518162416,0.0010847328241489465,329.79873100377444,1.8756701691064783,0.692,1.3569699349930187,0.10459374980520929,0.0020598329532388105,440.5410183016238,461.08684151272575,0.0,1.9193877491162288
65.55209454619707,49466.02519478732,619.8869574719178,270.65,85.25236396560554,0.0010973281126195932,329.79873100377444,1.879591700020287,0.692,1.3569699349930187,0.10625112840821628,0.0021046540093497676,441.2521554191461,461.8839802190402,0.0,1.940157885130325
65.70209933920896,49372.94232899357,621.1778574685562,270.65,86.24437144350927,0.0011100967637489834,329.79873100377444,1.8835059054895122,0.692,1.3569699349930187,0.10793562664777744,0.00215060526544998,441.9634452161978,462.6812900692305,0.0,1.961223416796773
65.85210413222084,49279.66600572224,622.4663014088836,270.65,87.2500493021295,0.0011230413735541529,329.79873100377444,1.8874126638218014,0.692,1.3569699349930187,0.10964769182952064,0.0021977161070874736,442.67485720210806,463.4787368852271,0.0,1.9825881826868306
66.00210892523275,49186.196596443806,623.7522484963629,270.65,88.26960238631577,0.0011361645787011324,329.79873100377444,1.8913118513158387,0.692,1.3569699349930187,0.11138777827500392,0.0022460166612267326,443.3863603514726,464.2762858895587,0.0,2.004256055617371
66.15211371824464,49092.53447879025,625.0356572620556,270.65,89.3032387479871,0.0011494690571358344,329.79873100377444,1.8952033422314842,0.692,1.3569699349930187,0.11315634741116197,0.0022955378126597063,444.0979230957956,465.0739016959836,0.0,2.0262309423315723
66.30211851125652,48998.68003667964,626.3164855517263,270.65,90.35116969562131,0.001162957528721057,329.79873100377444,1.8990870087506744,0.692,1.3569699349930187,0.114953867858638,0.002346311220413308,444.80951331340566,465.8715482981861,0.0,2.048516783049038
66.45212330426843,48904.63366041012,627.5946905151358,270.65,91.41360984478344,0.0011766327558868598,329.79873100377444,1.9029627209449547,0.692,1.3569699349930187,0.11678081552150561,0.0023983693345499416,445.5210983205431,466.6691890597859,0.0,2.0711175510652944
66.60212809728031,48810.395746740076,628.8702285983856,270.65,92.49077716953343,0.0011904975442922614,329.79873100377444,1.9068303467522691,0.692,1.3569699349930187,0.11863767367853786,0.0024517454134540925,446.23264486411676,467.4667867062187,0.0,2.094037252435829
66.7521328902922,48715.966699021665,630.1430555310974,270.65,93.58289305395131,0.001204554743488446,329.79873100377444,1.910689751938086,0.692,1.3569699349930187,0.12052493307196312,0.0025064735408868006,446.9441191115608,468.264303313367,0.0,2.1172799254339103
66.9021376833041,48621.34692732319,631.4131263126685,270.65,94.69018234449906,0.0012188072475927412,329.79873100377444,1.9145408000537218,0.692,1.3569699349930187,0.12244309199601869,0.0025625886430773502,447.6554866401277,469.06170029555767,0.0,2.140849639910984
67.05214247631599,48526.53684849105,632.68039520598,270.65,95.81287340381915,0.0012332579959810866,329.79873100377444,1.918383352417263,0.692,1.3569699349930187,0.12439265638928214,0.002620126506871327,448.3667124303205,469.85893839819965,0.0,2.164750496987786
67.20214726932788,48431.53688629158,633.9448157243305,270.65,96.95119816434824,0.0012479099739781247,329.79873100377444,1.922217268073949,0.692,1.3569699349930187,0.12637413992324104,0.002679123797310758,449.0777608555122,470.655977686149,0.0,2.188986628386935
67.35215206233977,48336.34747154312,635.206340617181,270.65,98.10539218276459,0.0012627662135580218,329.79873100377444,1.9260424037529462,0.692,1.3569699349930187,0.12838806409033834,0.0027396180751571167,449.7885956708552,471.452777531276,0.0,2.213562195640172
67.50215685535167,48240.96904219401,636.4649218617177,270.65,99.275694695835,0.0012778297940633041,329.79873100377444,1.9298586138417664,0.692,1.3569699349930187,0.13043495829499804,0.002801647815423695,450.4991800054296,472.2492966036647,0.0,2.2384813896062017
67.65216164836356,48145.40204344498,637.7205106517472,270.65,100.4623486764888,0.0012931038429266142,329.79873100377444,1.9336657503525951,0.692,1.3569699349930187,0.1325153599427382,0.0028652524256936062,451.20947635287496,473.04549286111103,0.0,2.263748429792039
67.80216644137545,48049.64692789437,638.9730573831858,270.65,101.66560089035679,0.001308591536398455,329.79873100377444,1.9374636628782935,0.692,1.3569699349930187,0.13462981452718256,0.002930472264042504,451.91944656006626,473.84132353643025,0.0,2.289367563422234
67.95217123438735,47953.70415564726,640.2225116420391,270.65,102.88570195350796,0.001324296100290349,329.79873100377444,1.9412521985559488,0.692,1.3569699349930187,0.13677887571823863,0.002997348657483499,452.6290518171618,474.6367451263001,0.0,2.31534306463046
68.10217602739924,47857.57419440884,641.4688221958116,270.65,104.12290639116465,0.001340220810730591,329.79873100377444,1.9450312020408298,0.692,1.3569699349930187,0.13896310545159363,0.0030659239211394177,453.33825264957943,475.43171338226784,0.0,2.341679233843357
68.25218082041113,47761.25751963995,642.711936979139,270.65,105.37747269639871,0.0013563689949197596,329.79873100377444,1.9488005154628183,0.692,1.3569699349930187,0.14118307401421804,0.0031362413765260804,454.0470089066752,476.2261832980587,0.0,2.3683803967320407
68.40218561342303,47664.7546146989,643.951803078433,270.65,106.64966338975486,0.0013727440318981583,329.79873100377444,1.952559978379854,0.692,1.3569699349930187,0.14343936012892747,0.0032083453696032938,454.7552797498206,477.0201090962118,0.0,2.3954509030109206
68.55219040643492,47568.06597091068,645.1883667252567,270.65,107.93974508060634,0.001389349353335559,329.79873100377444,1.956309427757843,0.692,1.3569699349930187,0.14573255104334962,0.0032822812907738466,455.46302364543953,477.81344422027513,0.0,2.4228951259024196
68.7021951994468,47471.19208774879,646.4215732797546,270.65,109.24798852781898,0.0014061884443120386,329.79873100377444,1.960048697920419,0.692,1.3569699349930187,0.14806324261178014,0.003358095592780578,456.1701983523559,478.606141320623,0.0,2.450717460739178
68.85219999245871,47374.13347253845,647.6513745112966,270.65,110.57466870772589,0.0014232648441929196,329.79873100377444,1.9637776426249633,0.692,1.3569699349930187,0.15043204277474256,0.0034358332192198425,456.8767651056028,479.398156944235,0.0,2.4789213894231605
69.0022047854706,47276.89064449048,648.8776284194647,270.4480529590484,111.92044514768777,0.0014416627469826095,329.6756674413955,1.9682302714525084,0.692,1.3569699349930187,0.15295417162304686,0.0035155734409646547,457.38068389163976,479.98743983390176,0.0,2.5075223062312784
69.15220957848248,47179.46415119793,650.1001421006824,270.179267546324,113.28655319096974,0.0014607115052498226,329.5118022607661,1.9729191417132064,0.692,1.3569699349930187,0.15555967234770002,0.0035974159010618,457.8169404369855,480.508960848033,0.0,2.53654191168354
69.30221437149437,47081.85456098818,651.3188327975543,269.9099687945125,114.6733817342034,0.0014800684523639802,329.34754235868434,1.9776034402230909,0.692,1.3569699349930187,0.15821261959413319,0.0036814225448980964,458.25179973199454,481.0289777157453,0.0,2.5659875887947847
69.45221916450627,46984.06245248913,652.5336296736799,269.6401582535118,116.08128561363405,0.0014997391980448359,329.18288809033595,1.9822829596616471,0.692,1.3569699349930187,0.16091391012748937,0.0037676521043629864,458.6852098716366,481.5474320674199,0.0,2.5958650711627795
69.60222395751816,46886.088415166,653.7444610265036,269.3698375032261,117.51062622446396,0.0015197294622501696,329.0178398285244,1.986957489500321,0.692,1.3569699349930187,0.16366445751356412,0.0038561646423646155,459.1171182123536,482.06426470196755,0.0,2.626180073576719
69.75222875053005,46787.933049310675,654.9512538007227,269.09900815354206,118.96177164839175,0.0015400450774587116,328.85239796370456,1.991626814510897,0.692,1.3569699349930187,0.1664651921646227,0.0039470217557476695,459.5474710868824,482.5794152671657,0.0,2.656938352022906
69.90223354354195,46689.596966292025,656.1539335592541,268.82767184502484,120.4350967797576,0.0015606919909465775,328.68656290445705,1.9962907146587117,0.692,1.3569699349930187,0.16931706159676563,0.004040286605701914,459.97621378335884,483.0928222361516,0.0,2.688145702047282
70.05223833655384,46591.08078878172,657.3524244530399,268.5558302495469,121.93098345432871,0.0015816762671137837,328.52033507792385,2.0009489649921313,0.692,1.3569699349930187,0.17222103068830366,0.004136023947984367,460.4032905236134,483.60442288301715,0.0,2.719807956947636
70.20224312956573,46492.38515088473,658.5466492058023,268.28348507065397,123.44982058189619,0.001603004089877641,328.35371493008375,2.0056013355780866,0.692,1.3569699349930187,0.17517808194925036,0.004234300165998272,460.82864444987945,484.11415326786494,0.0,2.7519309868010478
70.35224792257763,46393.51069841697,659.736529083441,268.01063804433704,124.99200427904587,0.001624681765082341,328.1867029262785,2.010247591388977,0.692,1.3569699349930187,0.1781892157806519,0.004335183301170945,461.2522176029444,484.62194821222454,0.0,2.7845206964766374
70.50225271558952,46294.45808916156,660.9219838604794,267.7372909397455,126.55793800461376,0.0016467157229601717,328.01929955170397,2.0148874921803244,0.692,1.3569699349930187,0.18125545073325086,0.00443874308241788,461.67395089845263,485.12774127240255,0.0,2.8175830232849295
70.65225750860141,46195.22799300348,662.102931803162,267.4634455595648,128.1480326994978,0.001669112520668292,327.8515053116983,2.019520792419973,0.692,1.3569699349930187,0.18437782377859596,0.004545050959366979,462.0937841125915,485.6314647233927,0.0,2.8511239357640714
70.80226230161331,46095.82109219589,663.2792896407686,267.1891037407578,129.76270692691148,0.0016918788448463575,327.68332073225383,2.0241472411796213,0.692,1.3569699349930187,0.18755739057121545,0.004654180132899641,462.51165586124114,486.13304953541353,0.0,2.8851494315177137
70.9522670946252,45996.238081639676,664.450972531332,266.9142673553426,131.40238701487436,0.0017150215142204953,327.5147463605536,2.028766582008655,0.692,1.3569699349930187,0.1907952257071774,0.004766205583998491,462.9275035758311,486.63242534675214,0.0,2.9196655344881726
71.10227188763709,45896.47966907338,665.6178940368743,266.6389383109231,133.06750720268118,0.0017385474822785496,327.34578276535774,2.033378552837477,0.692,1.3569699349930187,0.1940924229899489,0.0048812041048940545,463.341263484519,487.12952044260174,0.0,2.954678292925417
71.25227668064899,45796.54657528635,666.7799661004432,266.36311855128406,134.7585097895983,0.0017624638399923328,327.17643053743166,2.0379828858856572,0.692,1.3569699349930187,0.19745009569657215,0.004999254330478249,463.75287059450875,487.62426173517014,0.0,2.9901937773938845
71.40228147366088,45696.439534424775,667.9370990116073,266.0868100572425,136.47584528459,0.0017867778185702281,327.0066902901328,2.0425793075333964,0.692,1.3569699349930187,0.20086937683402412,0.0051204367662155935,464.1622586678081,488.116574736402,0.0,3.026218077705508
71.55228626667277,45596.15929425296,669.089201372525,265.8100148473756,138.21997255935926,0.0018114967922727454,326.8365626599241,2.047167538194671,0.692,1.3569699349930187,0.20435141939567208,0.005244833815516491,464.5693601971656,488.60638353091827,0.0,3.0627572997395136
71.70229105968465,45495.70661631166,670.2361800802314,265.532734978465,139.99135900584594,0.0018366282813076925,326.6660483067147,2.0517472922405773,0.692,1.3569699349930187,0.20789739662907844,0.005372529811905853,464.9741063913507,489.09361075946174,0.0,3.0998175637063285
71.85229585269656,45395.08227625022,671.3779402914832,265.2549725464205,141.79048069340163,0.0018621799547375907,326.49514791449764,2.056318277867037,0.692,1.3569699349930187,0.2115085022870463,0.005503611045139088,465.3764271505959,489.5781775912584,0.0,3.1374050006524024
72.00230064570844,45294.28706413166,672.5143853843847,264.97672968712976,143.61782252905218,0.001888159633447908,326.32386219194376,2.0608801969523505,0.692,1.3569699349930187,0.21518595087484238,0.005638165784946286,465.77625104002425,490.060003694128,0.0,3.175525748395341
72.15230543872033,45193.32178459305,673.6454169390875,264.69800857690836,145.4738784230869,0.0019145752932084364,326.15219187275227,2.0654327449741903,0.692,1.3569699349930187,0.21893097791111427,0.005776284311354706,466.17350527405847,490.5390072169532,0.0,3.2141859494388174
72.30231023173224,45092.18725716366,674.7709347050728,264.41881143338566,147.35915145459853,0.0019414350677518179,325.98013771627103,2.069975610883338,0.692,1.3569699349930187,0.2227448401733028,0.005918058939182313,466.5681156933204,491.0151047636788,0.0,3.2533917473034584
72.45231502474412,44990.88431659746,675.8908365622158,264.1391405164303,149.27415403944008,0.0019687472519045205,325.80770050814397,2.074508476957625,0.692,1.3569699349930187,0.22662881593491715,0.006063584038679703,466.9600067378602,491.488211363191,0.0,3.2931492819514414
72.60231981775601,44889.41381309834,677.0050184927272,263.85899812878023,151.21940810294703,0.0019965203048041727,325.6348810607785,2.0790310186898155,0.692,1.3569699349930187,0.23058420520924977,0.006212956059800266,467.3491014266243,491.958240446226,0.0,3.333464686400686
72.75232461076791,44787.776612574206,678.1133745551932,263.5783866167519,153.19544525499163,0.002024762853169058,325.46168021386404,2.0835429046811234,0.692,1.3569699349930187,0.23461232998982956,0.0063662735563372805,467.7353213383333,492.42510382385024,0.0,3.37434408344697
72.9023294037798,44685.97359700062,679.2157968456544,263.2973083712528,155.20280696573226,0.002053483694596702,325.28809883507944,2.0880437964931997,0.692,1.3569699349930187,0.2387145344739537,0.006523637202854818,468.1185865849367,492.8887116575818,0.0,3.415793580645128
73.05233419679169,44584.00566472996,680.3121754595176,263.0157658286429,157.2420447451843,0.002082691800936526,325.1141378207103,2.0925333485026334,0.692,1.3569699349930187,0.24289218528274692,0.006685149810009027,468.49881578544347,493.34897242995214,0.0,3.457819265156725
73.2023389898036,44481.87373067912,681.4023984717205,262.73376147126186,159.3137203280882,0.0021123963217582705,324.9397980960621,2.0970112078123386,0.692,1.3569699349930187,0.24714667169240173,0.006850916347936318,468.87592605050077,493.80579292715623,0.0,3.5004272009658286
73.35234378281548,44379.578726724016,682.4863518974083,262.45129782852695,161.41840585756444,0.0021426065878233456,324.7650806162276,2.1014770141002237,0.692,1.3569699349930187,0.251479405838804,0.007021043957956712,469.2498329558896,494.2590782092098,0.0,3.543623423295173
73.50234857582737,44277.121602059255,683.5639196492889,262.16837747793477,163.55668407221708,0.0021733321146261346,324.58998636679837,2.105930399457354,0.692,1.3569699349930187,0.25589182291318585,0.007195641959451063,469.62045051396086,494.7087315778106,0.0,3.5874139321825704
73.65235336883926,44174.50332338751,684.6349835162272,261.8850030455934,165.72914849966224,0.0022045826060485556,324.414516364288,2.1103709882927815,0.692,1.3569699349930187,0.26038538137163797,0.007374821867714381,469.9876911575608,495.15465455825455,0.0,3.6318046892011124
73.80235816185116,44071.72487529624,685.6994231270403,261.60117720727203,167.93640364912523,0.002236367958022706,324.2386716568775,2.1147983971901883,0.692,1.3569699349930187,0.26496156311935914,0.007558697400825126,470.35146571564155,495.59674687197014,0.0,3.6768016117366686
73.95236295486305,43968.78726064923,686.757115907663,261.31690268949114,170.1790652065094,0.002268698262250688,324.0624533251898,2.119212234743273,0.692,1.3569699349930187,0.2696218736797811,0.007747384479119668,470.71168338497546,496.0349064046809,0.0,3.7224105659077384
74.10236774787494,43865.69150085105,687.8079370503916,261.03218227026275,172.45776023506343,0.002301583810027149,323.8858624828488,2.123612101429139,0.692,1.3569699349930187,0.2743678423675426,0.007941001230270096,471.0682517089797,496.46902918257814,0.0,3.768637361350385
74.25237254088684,43762.43863614679,688.8517594855304,260.7470187799276,174.77312737827802,0.002335035096116551,323.7089002771023,2.1279975894881398,0.692,1.3569699349930187,0.2792010224520734,0.008139667993506551,471.42107655826754,496.89900935042067,0.0,3.815487746220828
74.40237733389873,43659.029726049936,689.8884538390137,260.46141510234713,177.1258170628043,0.0023690628226536144,323.53156788966686,2.1323682827583754,0.692,1.3569699349930187,0.2841229912938478,0.008343507310694573,471.7700621031549,497.32473914057084,0.0,3.8629673995725464
74.55238212691062,43555.46584970366,690.9178883912357,260.175374175911,179.51649170564832,0.002403677903128648,323.353866537462,2.1367237565139483,0.692,1.3569699349930187,0.2891353504712367,0.008552643914040401,472.1151107868451,497.74610884281543,0.0,3.9110819235884873
74.70238691992252,43451.74810610115,691.9399290556933,259.88889899415614,181.94582592752545,0.0024388914664857076,323.1757974731055,2.141063577365431,0.692,1.3569699349930187,0.2942397259163761,0.008767204726843397,472.4561233105462,498.16300678760786,0.0,3.959836839417823
74.8523917129344,43347.87761454879,692.9544393367134,259.6019926070566,184.41450676353872,0.002474714861206085,322.9973619858282,2.145387303092331,0.692,1.3569699349930187,0.2994377680104865,0.008987318843751408,472.7929986066572,498.5753193158556,0.0,4.009237578854012
75.0023965059463,43243.855515084986,693.9612802840638,259.31465812219074,186.92323387757017,0.002511159659469803,322.8185614023164,2.1496944824656676,0.692,1.3569699349930187,0.30473115166236536,0.00921311750237168,473.12563381007953,498.9829307466215,0.0,4.059289474841901
75.1524012989582,43139.68296870075,694.9603104702364,259.0268987053617,189.47271978425417,0.0025482376614519684,322.6393970872167,2.153984655142326,0.692,1.3569699349930187,0.31012157639866467,0.009444734072450792,473.4539242431424,499.38572336015056,0.0,4.109997756650237
75.30240609197008,43035.36115778055,695.9513859521725,258.7387175818261,192.0636900685672,0.002585960899609761,322.4598704440224,2.1582573515081362,0.692,1.3569699349930187,0.31561076641504515,0.009682304026185905,473.77776339182606,499.78357737106967,0.0,4.161367541511861
75.45241088498197,42930.89128655698,696.9343602263881,258.45011803756125,194.6968836076984,0.0026243416430279396,322.2799829159872,2.162512092499604,0.692,1.3569699349930187,0.32120047060196155,0.009925964895746634,474.0970428781783,500.1763708973143,0.0,4.213403824347554
75.60241567799387,42826.274581416845,697.9090841969239,258.16110342012206,197.3730527993143,0.0026633924018833076,322.09973598678715,2.1667483894664006,0.692,1.3569699349930187,0.32689246256884175,0.010175856239260381,474.4116524404882,500.5639799378018,0.0,4.266111470226276
75.75242047100576,42721.51229125,698.8754061459856,257.87167713961674,200.09296379159147,0.0027031259319613287,321.9191311812588,2.1709657440410988,0.692,1.3569699349930187,0.33268854064906883,0.010432119604858668,474.7214799155538,500.9462783524358,0.0,4.319495207209784
75.90242526401765,42616.60568794562,699.8331716902785,257.5818426700893,202.85739671209197,0.002743555239182456,321.7381700663952,2.1751636479621244,0.692,1.3569699349930187,0.33859052786315386,0.010694898472716288,475.02641121280277,501.3231378329305,0.0,4.373559615474451
76.05243005702954,42511.55606680761,700.7822237390614,257.29160355067967,205.66714590119992,0.0027846935842218844,321.5568542522064,2.179341582902218,0.692,1.3569699349930187,0.3446002718632828,0.010964338191109693,475.3263302895409,501.6944278749254,0.0,4.428309116296979
76.20243485004144,42406.36474680914,701.722402472539,257.00096338633875,208.52302015248014,0.0028265544872580206,321.37518539230564,2.1834990203613263,0.692,1.3569699349930187,0.35071964488114865,0.011240585932786424,475.62111913873775,502.06001576420704,0.0,4.483747966199567
76.35243964305333,42301.033071128455,702.6535452992033,256.70992584932196,211.425842948103,0.0028691517326764906,321.193165184985,2.1876354214901292,0.692,1.3569699349930187,0.35695054361657685,0.011523790618026492,475.9106577648858,502.4197665494687,0.0,4.539880245286593
76.50244443606522,42195.56240762771,703.57548681077,256.41849468052453,214.37645269801308,0.002912499373856801,321.0107953741961,2.1917502369059756,0.692,1.3569699349930187,0.3632948890980401,0.011814102823626035,476.1948241585437,502.77354301361277,0.0,4.596709844040375
76.65244922907712,42089.954149105426,704.4880587597338,256.1266736901922,217.37570298778502,0.002956611738114928,320.82807775014396,2.1958429065811953,0.692,1.3569699349930187,0.3697546265487787,0.012111674718828866,476.4734942847567,503.1212056606855,0.0,4.654240456633955
76.80245402208901,41984.209713803815,705.3910900218261,255.83446675933627,220.42446282180703,0.0030015034316061445,320.64501415032464,2.199912859680784,0.692,1.3569699349930187,0.3763317251951572,0.012416659971302908,476.74654206320986,503.4626126934583,0.0,4.712475569445547
76.9524588151009,41878.330545926845,706.2844065526644,255.54187784117852,223.52361686815135,0.0030471893442814515,320.46160646058615,2.2039595143811117,0.692,1.3569699349930187,0.3830281780355289,0.01272921363281852,477.013839345199,503.7976199874396,0.0,4.771418447025494
77.1024636081128,41772.31811598728,707.1678313570703,255.2489109621239,226.67406571046286,0.0030936846549766335,320.27785661589684,2.2079822777294384,0.692,1.3569699349930187,0.3898460015976064,0.013049492037376757,477.27525589851155,504.1260810738089,0.0,4.8310721218382255
77.25246840112469,41666.173921205074,708.0411844613061,254.95557022287522,229.87672610055168,0.003141004836541526,320.09376660120705,2.211980545511304,0.692,1.3569699349930187,0.39678723566183266,0.013377652696111795,477.5306593947921,504.44784712512035,0.0,4.891439384635118
77.40247319413658,41559.899486071736,708.904282872136,254.66185980000728,233.13253120789895,0.0031891656609535834,319.90933845260224,2.2159537020741498,0.692,1.3569699349930187,0.40385394292402704,0.01371385415810803,477.7799153896184,504.7627669327781,0.0,4.952522769867502
77.55247798714848,41453.49636281702,709.7569405382919,254.36778394727042,236.44243087372212,0.003238183204528778,319.72457425829106,2.2199011201588505,0.692,1.3569699349930187,0.4110482086261193,0.01405825586183993,478.0228873043275,505.0706868865077,0.0,5.014324541007717
77.70248278016037,41346.966131696885,710.5989683308984,254.07334699640157,239.80739187234693,0.0032880738532712257,319.5394761592879,2.2238221607920217,0.692,1.3569699349930187,0.41837214017832774,0.01441101801691295,478.25943641985543,505.3714509673515,0.0,5.076846682822946
77.85248757317225,41240.310401600036,711.4301740050192,253.77855335881497,243.22839816434623,0.0033388543081317103,319.35404635065197,2.2277161731148576,0.692,1.3569699349930187,0.4258278666990906,0.014772301435623424,478.4894218601799,505.6649007289064,0.0,5.1400908860482675
78.00249236618414,41133.530810581935,712.2503621602981,253.48340752709342,246.70645115304427,0.0033905415903466786,319.1682870826055,2.2315824942092606,0.692,1.3569699349930187,0.4334175385118452,0.015142267343579159,478.7127005755833,505.95087527838047,0.0,5.204058530163918
78.15249715919605,41026.6290261465,713.0593342215371,253.1879140757822,250.24256995049078,0.0034431530469490675,318.9822006612177,2.2354204489888074,0.692,1.3569699349930187,0.4411433266341236,0.015521077229643266,478.92912733845395,506.22921127179137,0.0,5.268750674715472
78.30250195220793,40919.60674581636,713.8568884067429,252.892077662981,253.83779163534803,0.0034967063561905324,318.79578944959457,2.2392293500463945,0.692,1.3569699349930187,0.449007422185779,0.015908892652107237,479.13855473266653,506.49974290187026,0.0,5.334168044564903
78.45250674521982,40812.46569770758,714.642819691371,252.595903031948,257.493171511283,0.0035512195330023788,318.6090558690812,2.243008497489233,0.692,1.3569699349930187,0.45701203573984744,0.01630587501535458,479.34083314125974,506.7623018840546,0.0,5.400311011981127
78.60251153823172,40705.20764091183,715.4169197835035,252.2993950121728,261.20978337252575,0.0036067109345948607,318.42200240013415,2.2467571788098337,0.692,1.3569699349930187,0.46515939664539824,0.01671218536418776,479.53581074123434,507.0167174505275,0.0,5.467179583599215
78.75251633124361,40597.83436593963,716.1789771020484,252.00255852061775,264.9887197681561,0.0036631992660695685,318.2346315833033,2.250474668765195,0.692,1.3569699349930187,0.47345175229541936,0.017127984174051782,479.7233335012226,507.26281634745555,0.0,5.534773388365325
78.9025211242555,40490.3476953442,716.9287767452142,251.70539856345926,268.83109226040096,0.003720703585974202,318.0469460205345,2.2541602292226575,0.692,1.3569699349930187,0.4818913673117289,0.017553431092791363,479.903245174286,507.50042282670444,0.0,5.603091659338276
79.0525259172674,40382.749484228974,717.6661004622517,251.40792023750748,272.7380316868974,0.003779243311948284,317.8589483762737,2.257813109016821,0.692,1.3569699349930187,0.49048052268007797,0.01798868466939534,480.07538729328024,507.7293586404722,0.0,5.672133215492237
79.20253071027929,40275.04162056339,718.3907266396376,251.11012873109684,276.7106884299488,0.003838838226505809,317.6706413782412,2.261432543853716,0.692,1.3569699349930187,0.4992215148553086,0.01843390212561391,480.23959917575417,507.94944304667246,0.0,5.741896452270566
79.35253550329118,40167.22602584946,719.1024302743023,250.81202932594573,280.7502326728626,0.0038995084826565257,317.4820278188226,2.265017756169405,0.692,1.3569699349930187,0.5081166547592159,0.018889239058421443,480.39571792247756,508.1604928070597,0.0,5.812379322956606
79.50254029630308,40059.30465569554,719.8009829485701,250.51362739876092,284.85785465869407,0.003961274609594849,317.293110556304,2.2685679549945372,0.692,1.3569699349930187,0.517168266717349,0.019354849114415255,480.5435784177214,508.3623221873489,0.0,5.883579317905018
79.65254508931497,39951.279500119934,720.4861528181459,250.21492842209454,289.0347649584299,0.004024157518562709,317.1038925156384,2.2720823358628883,0.692,1.3569699349930187,0.5263786873631924,0.019830883717984457,480.68301333808404,508.5547429670063,0.0,5.95549345414435
79.80254988232686,39843.15258417057,721.1577045934587,249.91593796607577,293.2821947262758,0.004088178508550677,316.9143766897703,2.2755600806946195,0.692,1.3569699349930187,0.5357502644365627,0.020317491741845984,480.81385315896546,508.7375644462958,0.0,6.028118257994828
79.95255467533876,39734.925968538126,721.8153995210095,249.6166617001245,297.6013959533971,0.00415335927200716,316.7245661409543,2.279000357679153,0.692,1.3569699349930187,0.5452853555047191,0.02081481913901142,480.9359261620541,508.9105934544657,0.0,6.101449744100441
80.10255946835065,39626.6017499597,722.4589953713842,249.31710539408618,301.99364172810175,0.004219721900676256,316.5344640017116,2.2824023211812965,0.692,1.3569699349930187,0.5549863266298114,0.02132300859847528,481.0490584475724,509.0736343633362,0.0,6.17548340022868
80.25256426136254,39518.18206169316,723.0882464301758,249.0172749195624,306.4602264914559,0.004287288891398447,316.3440734759151,2.2857651116553264,0.692,1.3569699349930187,0.5648555509538546,0.021842199197761814,481.1530739496967,509.22648910442496,0.0,6.250214173549957
80.40256905437442,39409.66907417929,723.7029034861599,248.71717625176112,311.00246628274374,0.004356083151788881,316.1533978402089,2.2890878555476912,0.692,1.3569699349930187,0.5748954071789708,0.02237252599376548,481.24779445188557,509.36895718590347,0.0,6.325636450016014
80.55257384738633,39301.06499556733,724.3027138237163,248.4168154709694,315.62169898745805,0.004426128005984428,315.96244044519443,2.2923696652145304,0.692,1.3569699349930187,0.5851082779762704,0.022914119598080956,481.33303960573124,509.5008357135521,0.0,6.4017440338810685
80.70257864039822,39192.372072046135,724.8874212204015,248.1161987634889,320.3192845905675,0.004497447200501515,315.7712047162786,2.2956096388577136,0.692,1.3569699349930187,0.5954965483288005,0.02346710580873396,481.4086269538064,509.62191941625514,0.0,6.478530137309099
80.8525834334101,39083.59258854489,725.4567659431344,247.8153324235937,325.0966054106941,0.004570064909834803,315.5796941551773,2.2988068604515846,0.692,1.3569699349930187,0.6060626037472181,0.024031605157673996,481.47437195389944,509.7320006729313,0.0,6.5559873600750045
81.002588226422,38974.728869316714,726.010484750177,247.51422285516458,329.9550663348402,0.0046440057420933135,315.38791234121896,2.301960399689334,0.692,1.3569699349930187,0.6168088284066318,0.024607732425614964,481.53008800794817,509.8308695447682,0.0,6.634107667130848
81.1525930194339,38865.783278248426,726.5483108930027,247.2128765725662,334.8960950609862,0.0047192947447855715,315.1958629321699,2.3050693119324213,0.692,1.3569699349930187,0.6277376032079601,0.02519559622378241,481.5755864914741,509.91831380811067,0.0,6.7128823774941155
81.30259781244578,38756.758219501266,727.0699741223034,246.91130020243975,339.9211423213902,0.004795957410340094,315.00354966564845,2.3081326381687797,0.692,1.3569699349930187,0.6388513037138799,0.025795298510806842,481.6106767879644,509.99411899278357,0.0,6.792302146203434
81.45260260545768,38647.65613812711,727.575200700259,246.60950048542858,345.0316821012129,0.004874019681582079,314.81097636050134,2.3111494049911605,0.692,1.3569699349930187,0.6501522979906443,0.0264069340663615,481.6351663286307,510.0580684264504,0.0,6.872356942711058
81.60260739846957,38538.47952046781,728.0637134114435,246.30748427730376,350.22921186131134,0.004953507957300966,314.6181469178024,2.3141186245739935,0.692,1.3569699349930187,0.6616429443587484,0.027030589993865994,481.6488606321291,510.1099432790004,0.0,6.953036035306826
81.75261219148146,38429.23089463431,728.5352315761852,246.00525855031086,355.5152527513606,0.0050344490976972555,314.4250653219973,2.3170392946570746,0.692,1.3569699349930187,0.6733255890286607,0.02766634522538214,481.651563347554,510.1495226105794,0.0,7.0343279776757095
81.90261698449336,38319.91283116621,728.9894710731335,245.7028303950161,360.8913498073778,0.0051168704296163225,314.23173564237214,2.3199103985563,0.692,1.3569699349930187,0.6852025636199771,0.02831426996030438,481.6430763053887,510.1765834284788,0.0,7.116220588813422
82.05262177750525,38210.527943535475,729.4261443669849,245.40020702172157,366.3590721489919,0.005200799751802718,314.0381620342519,2.3227309051930667,0.692,1.3569699349930187,0.6972761825870656,0.02897442508951784,481.6231995729113,510.19090074907047,0.0,7.198700933235931
82.20262657051714,38101.07888846987,729.8449605253312,245.0973957613823,371.920013178001,0.005286265340198487,313.8443487398855,2.325499769091676,0.692,1.3569699349930187,0.7095487405221897,0.029646861685890525,481.59173150363205,510.1922476531123,0.0,7.281755311381976
82.35263136352903,37991.56836664064,730.2456252535826,244.79440406753082,377.5757907503029,0.005373295952855768,313.6503000899794,2.328215930429817,0.692,1.3569699349930187,0.7220225093310542,0.030331620411617497,481.5484688010372,510.18039535696806,0.0,7.365369241235854
82.50263615654093,37881.99912320432,730.6278409414593,244.49123951779868,383.3280473454293,0.0054619208348334995,313.4560205049795,2.330878315128271,0.692,1.3569699349930187,0.7346997353190962,0.031028730895645742,481.4932065910733,510.1551132936735,0.0,7.449527438220649
82.65264094955282,37772.37394809237,730.9913066875837,244.18790981474083,389.17845023956136,0.005552169723168451,313.2615144959105,2.3334858348746397,0.692,1.3569699349930187,0.7475826361330739,0.03173821118213013,481.42573848140114,510.1161691792569,0.0,7.5342138054558525
82.8026457425647,37662.69567662248,731.3357183456593,243.88442278754954,395.12869165152836,0.005644072851449573,313.06678666579006,2.336037387212161,0.692,1.3569699349930187,0.7606733975779338,0.03246006712575671,481.34585663721293,510.0633290975172,0.0,7.619411418969004
82.95265053557661,37552.967190058815,731.6607685861894,243.58078639362796,401.18048887978176,0.005737660954270211,312.8718417109584,2.338531855679497,0.692,1.3569699349930187,0.7739741703362674,0.033194291750541484,481.25335186871916,509.9963575979019,0.0,7.705102510136189
83.1026553285885,37443.191415965244,731.9661469436325,243.27700871959075,407.33558443873085,0.005832965271686695,312.6766844220448,2.3409681099075463,0.692,1.3569699349930187,0.787487066545181,0.033940864638465004,481.14801371035196,509.9150177841664,0.0,7.791268453139798
83.25266012160039,37333.37132864433,732.2515398650702,242.97309798250228,413.59574617815514,0.005930017553430375,312.48131968509074,2.343345005720698,0.692,1.3569699349930187,0.8012141562265624,0.0346997513333132,481.0296305029287,509.81907140632603,0.0,7.877889755352787
83.40266491461229,37223.50994972724,732.5166307864586,242.66906253153286,419.96276738054723,0.006028850062790639,312.28575248294686,2.345661385325158,0.692,1.3569699349930187,0.8151574636164355,0.035470902695178545,480.8979894959308,509.70827897510236,0.0,7.964946043123992
83.55266970762418,37113.61034859252,732.7611002144876,242.36491084914127,426.43846685367083,0.006129495580434434,312.08998789636973,2.3479160775186507,0.692,1.3569699349930187,0.8293189633854239,0.03625425424761136,480.75287695476027,509.5823998820084,0.0,8.052416047915132
83.70267450063606,37003.675642645256,732.9846257728199,242.06065155187156,433.0246890166978,0.006231987408135913,311.8940311048747,2.3501078977890186,0.692,1.3569699349930187,0.8437005766525522,0.03704972558814322,480.59407824623656,509.4411924950886,0.0,8.140277600470668
83.85267929364797,36893.708997914386,733.1868822959678,241.75629339203005,439.72330395190914,0.006336359371978249,311.6978873881598,2.352235648562239,0.692,1.3569699349930187,0.858304166917597,0.03785721975225722,480.42137795775733,509.2844142922875,0.0,8.228507620404494
84.00268408665985,36783.713629474514,733.3675419420788,241.45184525887726,446.53620744963916,0.00644264582545467,311.5015621272215,2.3542981195149237,0.692,1.3569699349930187,0.8731315359135571,0.03867662256341909,480.23456003011233,509.1118220101817,0.0,8.317082104973416
84.15268887967174,36673.692801674384,733.5262742512261,241.14731617928442,453.4653210478623,0.006550881652489332,311.3050608051296,2.3562940877160945,0.692,1.3569699349930187,0.88818441920953,0.039507802035535486,480.03340785610095,508.9231717544438,0.0,8.405976124079713
84.30269367268365,36563.649828639594,733.6627462509827,240.84271531914965,460.51259203666007,0.006661102269911177,311.1083890082953,2.3582223179183397,0.692,1.3569699349930187,0.9034644817359285,0.040350607770155124,479.8177044124858,508.7182191475826,0.0,8.49516381489084
84.45269846569553,36453.588074687876,733.7766225900042,240.53805198457195,467.6799934483216,0.0067733436297007545,310.911552427588,2.360081562941932,0.692,1.3569699349930187,0.9189733132406097,0.0412048703439088,479.58723241176057,508.4967194989238,0.0,8.584618375544569
84.60270325870742,36343.51095457432,733.8675656373837,240.2333356225547,474.96952403814225,0.006887642221087088,310.714556859151,2.3618705639531745,0.692,1.3569699349930187,0.9347124235367681,0.04207040071459417,479.34177443294413,508.2584279511359,0.0,8.674312060840524
84.75270805171931,36233.421933822094,733.9352355819394,239.92857582194608,482.38320823881725,0.007004035072224263,310.5174082053744,2.363588050743097,0.692,1.3569699349930187,0.9506832375852706,0.042946989665245044,479.08111305432567,508.00309962891527,0.0,8.764216181652253
84.90271284473121,36123.324529142265,733.9792905848276,239.6237823146258,489.92309608646667,0.007122559751412667,310.32011247603015,2.36523274217852,0.692,1.3569699349930187,0.9668870905482363,0.04383440725260675,478.80503102294824,507.73048982882324,0.0,8.854301104302325
85.0527176377431,36013.2223086777,733.9993869370259,239.31896497620548,497.59126313497114,0.007243254368123301,310.1226757890963,2.366803346673667,0.692,1.3569699349930187,0.9833252227370104,0.04473240226298703,478.51331142850586,507.4403542141282,0.0,8.94453625009432
85.20272243075499,35903.118892183884,733.9951791464432,239.01413382655412,505.3898103508797,0.007366157573700947,309.9251043714707,2.368298562438136,0.692,1.3569699349930187,0.9999987742364983,0.045640701700348466,478.20573783287585,507.13244895993955,0.0,9.034890097343705
85.35272722376689,35793.01795142283,733.9663201136623,238.70929903091357,513.3208639681437,0.007491308561415465,309.72740456006915,2.3697170780098515,0.692,1.3569699349930187,1.0169087795815004,0.046559010321792015,477.88209445964503,506.80653096551987,0.0,9.125330187108204
85.50273201677878,35682.923210355024,733.9124613346753,238.40447090045495,521.3865753303412,0.007618747066292478,309.52958280256496,2.3710575728808614,0.692,1.3569699349930187,1.0340561624009221,0.04748701019257117,477.5421664022591,506.46235808753914,0.0,9.21582312954649
85.65273680979067,35572.838445249996,733.8332530047104,238.0996598926098,529.5891207117651,0.007748513364584586,309.3316456579839,2.3723187178077523,0.692,1.3569699349930187,1.051441729662869,0.04842436023293513,477.18573976901394,506.0996893025605,0.0,9.306334608085209
85.80274160280257,35462.767484966425,733.7283442038829,237.7948766118705,537.9307010976844,0.007880648272567523,309.13359979760634,2.3734991753865127,0.692,1.3569699349930187,1.069066165975351,0.0493706958590402,476.81260188331873,505.7182849314258,0.0,9.396829391155427
85.95274639581446,35352.714211100196,733.5973831258198,237.4901318102252,546.4135419444011,0.008015193144982252,308.93545200563307,2.37459760077145,0.692,1.3569699349930187,1.0869300279024834,0.050325628666853424,476.4225415129865,505.3179068962228,0.0,9.487271346061625
86.10275118882635,35242.68255803846,733.4400172453253,237.18543638733217,555.039892915933,0.008152189873069196,308.737209179685,2.3756126422016832,0.692,1.3569699349930187,1.1050337379956807,0.051288746100777036,476.0153490608511,504.8983189339331,0.0,9.577623449284614
86.25275598183825,35132.67651308745,733.2558934836676,236.88080139089868,563.8120275833624,0.008291680881968614,308.5388783314356,2.376542941521932,0.692,1.3569699349930187,1.1233775786730957,0.05225961118871517,475.59081675528455,504.4592868099444,0.0,9.667847800894535
86.40276077485014,35022.700116585365,733.0446584598351,236.57623801701803,572.7322430920595,0.008433709127564212,308.34046658721815,2.377387134985358,0.692,1.3569699349930187,1.1419616862377258,0.05323776238251372,475.1487388978038,504.00057859556034,0.0,9.757905646260205
86.55276556786202,34912.75746185435,732.8059587436193,236.2717576100612,581.802859807627,0.008578318092937845,308.1419811883434,2.3781438540687243,0.692,1.3569699349930187,1.1607860448278249,0.054222713425769425,474.68891211240646,503.5219649475034,0.0,9.8477573973917
86.70277036087391,34802.85269521132,732.5394409941557,235.96737166273104,591.0262209221471,0.008725551784137467,307.9434294915237,2.378811725919027,0.692,1.3569699349930187,1.1798504798929481,0.05521395317480989,474.2111355214246,503.02321930502876,0.0,9.937362647153853
86.85277515388582,34692.99001600633,732.2447522385377,235.66309181619286,600.4046920213883,0.008875454725262572,307.7448189693473,2.3793893742577428,0.692,1.3569699349930187,1.1991546519953007,0.05621094562816407,473.715211013439,502.50411819022304,0.0,10.026680199461335
87.0027799468977,34583.17367644652,731.9215401843338,235.35892985961053,609.9406606324573,0.009028071953172869,307.5461572103639,2.3798754204029735,0.692,1.3569699349930187,1.218698050684938,0.05721313002539015,473.2009435332294,501.96444153307596,0.0,10.115668102064546
87.15278473990959,34473.407981516284,731.5694533787307,235.05489772994937,619.6365357248924,0.009183449011383888,307.34745191934456,2.380268483796353,0.692,1.3569699349930187,1.2384799877788126,0.05821992081639472,472.66814127274023,501.4039728855644,0.0,10.204283664248358
87.3027895329215,34363.69728888649,731.1881414912443,234.7510075117481,629.4947471725162,0.009341631943259517,307.1487109175202,2.3805671829356725,0.692,1.3569699349930187,1.2584995909623706,0.05923070787213205,472.1166159427612,500.82249972621605,0.0,10.292483492488444
87.45279432593338,34254.04600864335,730.7772556546608,234.44727143639108,639.5177451902001,0.009502667284722807,306.94994214249186,2.3807701365046046,0.692,1.3569699349930187,1.2787557975734372,0.06024485681419776,471.54618308204596,500.2198138067005,0.0,10.38022353235813
87.60279911894527,34144.45860305108,730.3364487123237,234.14370188147373,649.7079997259692,0.009666602056165683,306.75115364820067,2.380875964202287,0.692,1.3569699349930187,1.2992473480203195,0.06126170926302967,470.9566623056378,499.59571143026153,0.0,10.467459099138907
87.75280391195717,34034.93958635786,729.8653754600165,233.84031137028774,660.067999805648,0.00983348375350532,306.55235360497335,2.3808832875591905,0.692,1.3569699349930187,1.31997277912104,0.06228058316831321,470.3478775496918,498.9499937262099,0.0,10.554144911588951
87.90280870496906,33925.49352443355,729.3636930102626,233.53711257083958,670.6002528485789,0.01000336033867879,306.35355029926063,2.3807907311594256,0.692,1.3569699349930187,1.3409304178829753,0.06330077338372223,469.7196573948486,498.2824670125236,0.0,10.640235142255795
88.05281349798095,33816.12503429505,728.8310611516886,233.23411829455762,681.3072839492994,0.01017628022948846,306.1547521331674,2.380596923854609,0.692,1.3569699349930187,1.3621183752998693,0.06432155228972032,469.0718353853341,497.5929431536936,0.0,10.725683466995347
88.20281829099285,33706.8387838613,728.2671425444075,232.93134149563477,692.1916350906843,0.010352292288234421,305.9559676243967,2.380300499444601,0.692,1.3569699349930187,1.383534539499949,0.06534217022502471,468.4042502416673,496.8812397992351,0.0,10.81044309391603
88.35282308400474,33597.63949145282,727.6716031121134,232.62879526966293,703.2558643338681,0.010531445809857546,305.7572054057252,2.3799000980092293,0.692,1.3569699349930187,1.4051765696797065,0.06636185632709542,467.71674619905787,496.14718076317496,0.0,10.894466822127846
88.50282787701663,33488.53192509447,727.0441124705751,232.3264928517218,714.5025449804226,0.01071379050951576,305.5584742241159,2.3793943673685023,0.692,1.3569699349930187,1.4270418902845086,0.06737981950325257,467.0091733672526,495.39059642764704,0.0,10.977707106004962
88.65283267002853,33379.52090216472,726.3843441448431,232.02444761542733,725.9342646503404,0.010899376508671905,305.35978294045583,2.378781963853065,0.692,1.3569699349930187,1.4491276843592884,0.06839524908619381,466.28138795316255,494.6113239925579,0.0,11.060116088617528
88.80283746304042,33270.611288760905,725.6919759535006,231.7226730711922,737.553624337875,0.011088254320689543,305.1611405287711,2.378061553630486,0.692,1.3569699349930187,1.4714308876597442,0.06940731587883854,465.5332525889286,493.8092078435377,0.0,11.141645662536748
88.9528422560523,33161.80799884476,724.9666904625307,231.42118286387733,749.3632374403436,0.011280474835853196,304.9625560750354,2.3772318142695332,0.692,1.3569699349930187,1.4939481832043098,0.07041517340430323,464.76463670196176,492.9840999670152,0.0,11.222247541965636
89.1028470490642,33053.11599360977,724.2081753109098,231.1199907710573,761.3657287121931,0.011476089305030693,304.76403877637483,2.376291435887908,0.692,1.3569699349930187,1.5166759953865978,0.07141795898082828,463.9754168003211,492.1358602703179,0.0,11.301873315619156
89.2528518420761,32944.54028083374,723.4161235273027,230.81911070124377,773.563733166923,0.011675149322334964,304.5655979402395,2.375239122276864,0.692,1.3569699349930187,1.539610484165169,0.07241479484123506,463.16547674975925,491.2643568924368,0.0,11.38047449863771
89.40285663508799,32836.085913861345,722.5902340024412,230.5185566910832,785.9598949665773,0.011877706807426515,304.3672429828913,2.374073592548389,0.692,1.3569699349930187,1.5627475401427762,0.07340478963189662,462.33470814684733,490.36946662261437,0.0,11.458002609801762
89.55286142809987,32727.757990573522,721.7302119448563,230.21834290251704,798.5568662607476,0.012083813986831202,304.1689834278576,2.372793582735681,0.692,1.3569699349930187,1.586082779790813,0.07438703998666897,461.48301067764373,489.45107530273265,0.0,11.534409249350011
89.70286622111178,32619.561652798766,720.835769127264,229.918483621166,811.3573059198424,0.012293523373359818,303.9708289051849,2.3713978467062327,0.692,1.3569699349930187,1.609611539854467,0.07536063169595453,460.61029233956833,488.50907807621445,0.0,11.609646140566555
89.85287101412366,32511.50208508248,719.90662438011,229.61899325293416,824.3638782866667,0.0125068877456496,303.7727891495081,2.3698851579026483,0.692,1.3569699349930187,1.6333288731950883,0.07632464143517455,459.7164698161529,487.54337980850624,0.0,11.683665210719683
90.00287580713555,32403.584513331873,718.9425041154188,229.31988632026741,837.5792518904896,0.012723960126912588,303.5748739978806,2.3682543111932186,0.692,1.3569699349930187,1.657229545094511,0.07727813870543368,458.80146886597026,486.55389552349436,0.0,11.756418683342154
90.15288060014745,32295.814201276342,717.9431639624189,229.02117745235583,851.0060983833562,0.012944793767160142,303.3770933835797,2.366504194351536,0.692,1.3569699349930187,1.6813081293555177,0.07822017974913349,457.8652381588781,485.54056591422386,0.0,11.827858558793245
90.30288539315934,32188.196466412777,716.9082120341533,228.72288142934298,864.6470889609024,0.013169442083820674,303.1794573656791,2.3646332052420567,0.692,1.3569699349930187,1.7055581650616232,0.07914987200121935,456.90763676631667,484.50323122145437,0.0,11.89794141326223
90.45289018617123,32080.736620501804,715.8382471977279,228.56964750621535,878.5015615341905,0.01338942990076991,303.07788212960446,2.361895372132816,0.692,1.3569699349930187,1.7288763430160246,0.0800659712860092,456.07379278138137,483.58707744671744,0.0,11.966598112522398
90.60289497918313,31973.439822424123,714.7343660885662,228.46342377172934,892.5639218288385,0.013610082384058694,303.00744888068607,2.358801305805535,0.692,1.3569699349930187,1.751951708198417,0.08096709891630888,455.266450066718,482.69494468982185,0.0,12.033750613125035
90.75289977219502,31866.311157778775,713.5965149459779,228.35736292952794,906.8359794027125,0.013834129293081737,302.9371073017857,2.3555929522859462,0.692,1.3569699349930187,1.7751265465503219,0.08185233156142478,454.4388269946014,481.78005926469893,0.0,12.09935571740026
90.90290456520691,31759.355732997697,712.4245526116395,228.25147005196646,921.3198742083476,0.014061607228446389,302.86686082202925,2.352269742150082,0.692,1.3569699349930187,1.7983936790838655,0.0827207899982624,453.59094230639505,480.8424415657778,0.0,12.163373822741669
91.05290935821881,31652.57867491264,711.2183486390521,228.14575023224984,936.0177305862427,0.014292552583836347,302.79671288747284,2.348831141054558,0.692,1.3569699349930187,1.821745692656876,0.08357160554277893,452.7228252077693,479.8821237147775,0.0,12.22576631905436
91.2029141512307,31545.985128786273,709.9777837285927,228.04020858248384,950.9316558502488,0.014527001522898436,302.7266669598185,2.3452766512400753,0.692,1.3569699349930187,1.845174942598318,0.08440392240992846,451.8345156248644,478.89914984808433,0.0,12.286495684201615
91.35291894424259,31439.5802573462,708.7027499181752,227.9348502327188,966.0637387044156,0.014764989953418602,302.6567265157854,2.3416058122244046,0.692,1.3569699349930187,1.8686735542660164,0.08521689927246252,450.9260642999522,477.8935762240983,0.0,12.345525519464802
91.50292373725448,31333.369238561547,707.393150992529,227.8296803287478,981.4160478048661,0.015006553503714224,302.5868950456537,2.3378182022251788,0.692,1.3569699349930187,1.892233426527021,0.08600971118886562,449.9975330168563,476.86547147618086,0.0,12.402820611720635
91.65292853026638,31227.35726356211,706.0489028845956,227.7247040300459,996.990630280502,0.015251727498318867,302.5171760518985,2.3339134395577887,0.692,1.3569699349930187,1.915846235684907,0.08678155191868799,449.0489948135296,475.81491685118976,0.0,12.458347023030251
91.80293332327827,31121.549535519545,704.6699338844712,227.6199265086611,1012.7895100880907,0.015500546930997531,302.44757304845473,2.32989118339388,0.692,1.3569699349930187,1.9395034386029768,0.08753163562221909,448.0805340668784,474.74200630469556,0.0,12.512072135424827
91.95293811629016,31015.951267488454,703.2561849813852,227.51535294707514,1028.8146864924734,0.015753046439666647,302.37808955929535,2.3257511349660107,0.692,1.3569699349930187,1.9631962773260525,0.08825919852841807,447.09224665250713,473.64684668030384,0.0,12.563964694131128
92.10294290930206,30910.567680072727,701.8076102442516,227.4109885358908,1045.0681325559904,0.016009260281398364,302.308729116892,2.321493038902253,0.692,1.3569699349930187,1.98691578451571,0.0889635010120843,446.0842401200124,472.52955790642784,0.0,12.613994880797842
92.25294770231395,30805.403999824284,700.324177090199,227.30683847224392,1061.5517934983463,0.016269222305321004,302.23949526115484,2.317116684188057,0.692,1.3569699349930187,2.0106527885945424,0.08964382954999794,445.0566337904752,471.39027310576347,0.0,12.662134378723895
92.40295249532583,30700.46545749176,698.8058665230726,227.2029079580663,1078.2675850568396,0.016532965925460344,302.1703915382715,2.3126219050305767,0.692,1.3569699349930187,2.0343979192824744,0.09029949810110181,444.009558826948,470.2291386745105,0.0,12.708356398624392
92.55295728833774,30595.757285411994,697.2526734855642,227.0992021974995,1095.2173919662428,0.01680052409540575,302.10142149897865,2.308008582104343,0.692,1.3569699349930187,2.0581416145944527,0.09092984973120886,442.94315836627845,469.0463144304514,0.0,12.752635723748993
92.70296208134963,30491.28471531719,695.6646071707522,226.99572639471916,1112.4030663644014,0.017071929281744596,302.0325886971047,2.3032766436618,0.692,1.3569699349930187,2.0818741280676174,0.09153425871643156,441.8575876169825,467.84197372292385,0.0,12.794948790466536
92.85296687436151,30387.052977036758,694.0416911780911,226.89248575264577,1129.8264260369333,0.01734721343489307,301.9638966886994,2.2984260661253573,0.692,1.3569699349930187,2.1055855353415565,0.09211213175794222,440.7530138529735,466.61630342594697,0.0,12.835273708518956
93.00297166737342,30283.06729559981,692.3839638329092,226.78948547007013,1147.4892529129368,0.017626407963828538,301.8953490301063,2.293456875229508,0.692,1.3569699349930187,2.129265742765014,0.0926629090851284,439.62961649823774,465.3695040334853,0.0,12.87359027654511
93.1529764603853,30179.332888733083,690.6914784731296,226.68673073917043,1165.3932914965421,0.017909543709751664,301.826949276294,2.2883691470534226,0.692,1.3569699349930187,2.15290449628973,0.09318606633828175,438.4875871822421,464.10178972185764,0.0,12.909880054861151
93.30298125339719,30075.85496550527,688.9643035967715,226.58422674416408,1183.540247096467,0.018196650916494528,301.7587009799391,2.283163008587361,0.692,1.3569699349930187,2.1764913897055673,0.0936811158316555,437.3271297018605,462.81338830722103,0.0,12.944126397917145
93.45298604640908,29972.638723602668,687.2025231002102,226.48197865860348,1201.9317842846592,0.018487759204490396,301.69060768960514,2.277838638607005,0.692,1.3569699349930187,2.200015874433273,0.0941476071769068,436.1484600290236,461.5045412544739,0.0,12.97631444607972
93.60299083942098,29869.689346550527,685.4062365212043,226.3799916426173,1220.5695253732804,0.018782897544979367,301.6226729478821,2.2723962685644548,0.692,1.3569699349930187,2.2234672699612994,0.09458512855020838,434.95180631198605,460.17550367900924,0.0,13.006431165820075
93.75299563243287,29767.01200187679,683.5755592003663,226.27827084108503,1239.4550487289162,0.019082094231581654,301.55490029014464,2.266836183204637,0.692,1.3569699349930187,2.2468347740218437,0.09499330807966196,433.7374088186296,458.8265442833823,0.0,13.034465401715693
93.90300042544476,29664.61183898886,681.7106224210316,226.17682138152634,1258.5898871389234,0.0193853768526383,301.48729324311876,2.2611587211116775,0.692,1.3569699349930187,2.2701074732635393,0.09537181417912867,432.5055198577172,457.4579452692967,0.0,13.06040785992224
94.05300521845666,29562.49398607769,679.8115736051637,226.07564837102672,1277.9755263690838,0.019692772266530063,301.4198553228033,2.2553642754460377,0.692,1.3569699349930187,2.2932743551813646,0.09572035592041986,431.2564037244916,456.07000227699575,0.0,13.084251098849927
94.20301001146855,29460.663547708675,677.8785764586197,225.97475689384285,1297.6134036131905,0.020004306575234544,301.3525900328415,2.2494532945104084,0.692,1.3569699349930187,2.3163243200407386,0.09603868439397764,429.9903366073538,454.66302428094457,0.0,13.105989591781558
94.35301480448044,29359.125603327473,675.9118110409476,225.8741520099138,1317.5049057779684,0.020320005095218592,301.28550086349463,2.243426282060574,0.692,1.3569699349930187,2.3392461924904175,0.09632659299916888,428.70760644151477,453.2373334259632,0.0,13.125619720411613
94.50301959749234,29257.885203871774,673.9114739053264,225.77383875149528,1337.6513681496297,0.02063989233433482,301.21859128936165,2.2372837978580886,0.692,1.3569699349930187,2.362028734835015,0.09658391692139412,427.408512794901,451.7932648997412,0.0,13.143139717689667
94.65302439050423,29156.94736910537,671.8777781824493,225.67382212050913,1358.0540729529223,0.02096399196697026,301.15186476757253,2.231026458033063,0.692,1.3569699349930187,2.384660660194648,0.09681053408829061,426.09336671277663,450.3311667589896,0.0,13.158549716164323
94.80302918351612,29056.31708615725,669.8109536207542,225.57410708708593,1378.7142476905778,0.02129232680566083,301.0853247367754,2.2246549352956277,0.692,1.3569699349930187,2.407130645401518,0.09700636556369055,424.76249052967086,448.85139971880017,0.0,13.171851762308593
94.95303397652802,28955.999306429258,667.7112466444478,225.47469858649106,1399.633063835137,0.021624918778257722,301.0189746150433,2.2181699592138573,0.692,1.3569699349930187,2.429427345079232,0.09717137449479704,423.41621768286166,447.3543369439439,0.0,13.183049737188822
95.1030387695399,28855.998942650775,665.5789203746202,225.37560151619547,1420.8116355332963,0.021961788905256966,300.95281779787405,2.2115723163676653,0.692,1.3569699349930187,2.45153940587063,0.09730556614249139,422.05489249670154,445.8403638074691,0.0,13.192149355462837
95.2530435625518,28756.320867024082,663.4142546247816,225.2768207340271,1442.2510181188013,0.0223029572740469,300.8868576569092,2.2048628504115313,0.692,1.3569699349930187,2.4734554804996223,0.09740898840850039,420.6788699459895,444.3098776256794,0.0,13.199158202411581
95.4030483555637,28656.969908909938,661.2175458884968,225.17836105586602,1463.9522067529936,0.02264844301514659,300.82109753834686,2.1980424621122485,0.692,1.3569699349930187,2.4951642423426708,0.09748173073589016,419.2885154077005,442.7632873801184,0.0,13.204085665055477
95.55305314857559,28557.95085153697,658.9891073003632,225.08022725237169,1485.9161353225534,0.02299826428250577,300.7555407607044,2.1911121093017094,0.692,1.3569699349930187,2.5166544005610487,0.09752392288649854,417.8842043898453,441.2010134140337,0.0,13.206942859412585
95.70305794158747,28459.268429690695,656.7292685477438,224.98242404668076,1508.1436751771846,0.023352438231229858,300.690190613228,2.184072806659935,0.692,1.3569699349930187,2.5379147148415644,0.09753573543956288,416.46632222676146,439.6234870910971,0.0,13.207742678497574
95.85306273459936,28360.9273281776,654.4383758200332,224.88495611287226,1530.6356337349232,0.023710980993164328,300.62505035481263,2.1769256256178005,0.692,1.3569699349930187,2.558934010433575,0.09751737899680155,415.0352637919467,438.03115047369454,0.0,13.206499756712343
96.00306752761126,28262.932178266492,652.1167916977889,224.78782807242794,1553.3927535938562,0.02407390766052242,300.5601232115794,2.169671694068115,0.692,1.3569699349930187,2.579701193815862,0.09746910184595407,413.59143316878715,436.424455954262,0.0,13.203230333782484
96.15307232062315,28165.28755522016,649.7648949738921,224.69104449177254,1576.4157114643585,0.02444123226663575,300.4954123751732,2.1623121958436107,0.692,1.3569699349930187,2.600205267666125,0.0973911900508582,412.13524327883033,434.8038658389007,0.0,13.197952286642149
96.30307711363504,28067.997976915703,647.383080555849,224.59460988089285,1599.7051168990195,0.02481296776345563,300.43092100177853,2.1548483704579016,0.692,1.3569699349930187,2.6204353462499888,0.09728396700024665,410.6671155545713,433.1698519807595,0.0,13.190685128206148
96.45308190664694,27971.067900695038,644.9717592918537,224.4985286902021,1623.2615114963648,0.025189126006594585,300.3666522099612,2.1472815125995006,0.692,1.3569699349930187,2.6403806711188795,0.09714779071456048,409.187479562863,431.52289535828004,0.0,13.181449857511211
96.60308669965883,27874.5017206313,642.5313577213172,224.40280530781615,1647.0853680836074,0.025569717740025918,300.30260907878204,2.139612971370336,0.692,1.3569699349930187,2.660030626188651,0.09698305284934049,407.6967725829269,429.8634856025045,0.0,13.170268927682196
96.75309149267072,27778.303765930414,640.0623178743884,224.3074440579545,1671.177089690496,0.025954752577436804,300.23879464666186,2.1318441496797584,0.692,1.3569699349930187,2.679374752859705,0.09679017858000298,406.1954392119085,428.1921205551222,0.0,13.15716627658633
96.90309628568262,27682.478298679307,637.5650970794047,224.21244919869335,1695.5370087464498,0.02634423898713721,300.17521190981074,2.123976503666014,0.692,1.3569699349930187,2.698402765563485,0.09656962429652546,404.6839309725419,426.5093058289574,0.0,13.14216721149164
97.05310107869451,27587.02951075253,635.0401676518005,224.11782491888403,1720.1653865703645,0.02673818428164599,300.11186382009697,2.1160115417245797,0.692,1.3569699349930187,2.7171045667272784,0.09632187515853746,403.1627058516134,424.81555429099126,0.0,13.125298286120476
97.2031058717064,27491.96152196577,632.4880165514485,224.02357533630712,1745.0624126289258,0.02713659460357896,300.0487532837413,2.107950823422805,0.692,1.3569699349930187,2.7354702609365167,0.09604744514287014,401.6322278223423,423.111385527204,0.0,13.106587349165387
97.3531106647183,27397.27837869028,629.9091452005723,223.92970449628322,1770.2282037439825,0.027539474910719616,299.9858831603147,2.0997959589449886,0.692,1.3569699349930187,2.7534901702371193,0.09574687550683443,400.0929664582529,421.3973254099177,0.0,13.086063487103818
97.50311545773019,27302.98405053613,627.3040690995101,223.83621636836878,1795.6628038896054,0.02794682897053286,299.9232562604536,2.0915486078704038,0.692,1.3569699349930187,2.771154848473981,0.09542073120289372,398.54539643191873,419.6739055363223,0.0,13.063756828309184
97.65312025074208,27209.08242847611,624.673317382384,223.74311484448015,1821.3661837063075,0.028358659350166956,299.8608753445282,2.08321047774125,0.692,1.3569699349930187,2.788455094350587,0.09506960065951589,396.9899969843408,417.9416626339083,0.0,13.039698577748974
97.80312504375397,27115.57732375321,622.0174325807992,223.6504037377938,1847.3382398803142,0.02877496740430182,299.7987431218307,2.0747833233177597,0.692,1.3569699349930187,2.8053819658197976,0.0946940949248492,395.42725151379915,416.20113809972963,0.0,13.013921009729813
97.95312983676587,27022.47246504632,619.3369702156348,223.55808677992002,1873.5787950852841,0.029195753272023495,299.7368622486049,2.066268945265565,0.692,1.3569699349930187,2.821926793546656,0.09429484402529563,393.8576470697031,414.45287743338395,0.0,12.986457270167325
98.10313462977776,26929.771496350655,616.6324982901596,223.4661676187843,1900.0875978328145,0.02962101587226252,299.6752353265487,2.0576691885074534,0.692,1.3569699349930187,2.8380811929260816,0.09387249563178204,392.28167379719685,412.6974296147084,0.0,12.957341336754368
98.25313942278964,26837.47797590669,613.9045969098129,223.37464981754874,1926.8643221169402,0.03005075289594973,299.6138649020123,2.0489859409897075,0.692,1.3569699349930187,2.8538370764956875,0.09342771484031723,390.6998244577733,410.9353465665482,0.0,12.926608056479635
98.40314421580155,26745.595374289544,611.1538579230679,223.2835368527003,1953.9085673852496,0.03048496080343335,299.55275346463725,2.040221132519871,0.692,1.3569699349930187,2.869186666634529,0.09296118135050731,389.11259396500486,409.1671826345729,0.0,12.89429300393162
98.55314900881343,26654.127071924217,608.3808843654266,223.19283211157006,1981.219858784395,0.030923634826333552,299.4919034456125,2.031376732947,0.692,1.3569699349930187,2.8841225063642795,0.0924735866401758,387.52047881793555,407.39349395244506,0.0,12.860432337764783
98.70315380182532,26563.07635803287,605.5862899052837,223.10253889127182,2008.7976470889296,0.031366768964347626,299.43131721688144,2.0224547503381243,0.692,1.3569699349930187,2.898637469103736,0.09196563416892935,385.92397654477713,405.6148378183681,0.0,12.8250628663301
98.85315859483723,26472.44642958776,602.7706985519593,223.01266039764664,2036.641308714675,0.03181435598344188,299.3709970903523,2.0134572300269915,0.692,1.3569699349930187,2.9127247704926478,0.09143803769875304,384.32358529522094,403.83177223822196,0.0,12.788221982786729
99.00316338784911,26382.240388653787,599.9347440424998,222.92319974261005,2064.7501463262697,0.032266387423631825,299.3109453160363,2.0043862525944083,0.692,1.3569699349930187,2.9263779774774012,0.09089151742930933,382.71980326478075,402.0448552806099,0.0,12.749947445843587
99.153168180861,26292.46124143283,597.079069198124,222.83415994318685,2093.1233890374156,0.0327228536002622,299.2511640813167,1.9952439317358088,0.692,1.3569699349930187,2.939591015795899,0.09032680009543048,381.11312811468315,400.25464442670875,0.0,12.710277435061673
99.3031729738729,26203.11189763196,594.2043255844751,222.74554392086702,2121.7601925987697,0.03318374360512608,299.19165551043415,1.9860324131391176,0.692,1.3569699349930187,2.9523581797497074,0.08974461823446435,379.50405656321385,398.46169611227384,0.0,12.669250548119157
99.45317776688479,26114.19516829635,591.3111729263809,222.657354499439,2150.659640174001,0.03364904531709311,299.13242166294833,1.9767538725462834,0.692,1.3569699349930187,2.9646741397857443,0.08914570652488349,377.8930838532177,396.6665651310018,0.0,12.626905590133621
99.60318255989668,26025.713764627766,588.4002784245968,222.56959440380047,2179.8207429185873,0.03411874540961916,299.07346453285624,1.9674105134792226,0.692,1.3569699349930187,2.9765339480504722,0.0885308008090037,376.28070318004086,394.8698039934351,0.0,12.583281548833702
99.75318735290858,25937.67029763545,585.4723162602302,222.48226625959438,2209.2424403842974,0.03459282935549838,299.0147860482639,1.9580045655860285,0.692,1.3569699349930187,2.9879330448089725,0.0879006382282287,374.66740523043893,393.07196241015214,0.0,12.538417647664469
99.90319214592047,25850.067276804533,582.5279671261762,222.39537259187097,2238.923601343508,0.03507128143842862,298.95638807040444,1.9485382830789033,0.692,1.3569699349930187,2.9988672650170103,0.0872559546178306,373.0536777444885,391.2735868008599,0.0,12.492353202950827
100.05319693893236,25762.9071085494,579.5679175182302,222.30891582353624,2268.8630248018544,0.03555408476767461,298.89827239251196,1.9390139423661306,0.692,1.3569699349930187,3.0093328419210605,0.08659748209889963,371.44000496348804,389.47521967571413,0.0,12.445127491085195
100.20320173194425,25676.192096153834,576.5928590697985,222.22289827527518,2299.0594406120376,0.036041221286362016,298.8404407396865,1.9294338398197455,0.692,1.3569699349930187,3.0193264096909336,0.08592594980783216,369.82686711562417,387.6773990587941,0.0,12.39677983782318
100.35320652495615,25589.92443919891,573.6034882007738,222.13732216496714,2329.511510351583,0.03653267178408312,298.78289476841843,1.9198002905934897,0.692,1.3569699349930187,3.028845008888731,0.0852420825642077,368.2147400747472,385.88065810568236,0.0,12.347349559107135
100.50321131796804,25504.10623188633,570.6005053806019,222.05218960600547,2360.217828696478,0.037028415917569925,298.7256360653756,1.910115626151774,0.692,1.3569699349930187,3.0378860877915517,0.08454659756574966,366.6040948314444,384.0855245107757,0.0,12.296875755765289
100.65321611097993,25418.739463170386,567.5846144055994,221.96750260741132,2391.17692426603,0.0375284322229033,298.66866614739797,1.9003821918349042,0.692,1.3569699349930187,3.046447502232563,0.08384020509138689,364.9953969883546,382.2925199415515,0.0,12.245397394461907
100.80322090399183,25333.82601668073,564.5565220185423,221.88326307374035,2422.38726062547,0.038032698130328675,298.61198646135267,1.8906023455679635,0.692,1.3569699349930187,3.0545275184600547,0.08312360819508433,363.3891064421633,380.50215968211614,0.0,12.192953315194016
100.95322569700372,25249.367669467752,561.516937250427,221.79947280382112,2453.8472378175907,0.0385411899876867,298.55559838320454,1.8807784556419676,0.692,1.3569699349930187,3.0621248129208336,0.08239749971526504,361.78567693591106,378.7149521315242,0.0,12.139582039826571
101.1032304900156,25165.366091916767,558.4665706884548,221.7161334906536,2485.5551935733392,0.03905388307873289,298.49950321786685,1.8709128982397163,0.692,1.3569699349930187,3.069238469915283,0.08166256197359607,360.18555559055017,376.93139827869607,0.0,12.085321773074655
101.25323528302751,25081.822848181237,555.4061339595213,221.63324672182245,2517.5094044122425,0.039570751639743246,298.4437021993999,1.8610080556782413,0.692,1.3569699349930187,3.0758679805850964,0.08091946739167584,358.58918255936055,375.1519913149908,0.0,12.030210470153156
101.4032400760394,24998.739395568955,552.3363392375159,221.55081397887193,2549.7080872256834,0.04009176888399761,298.38819649051106,1.8510663147329975,0.692,1.3569699349930187,3.082013241976842,0.08016887653752341,356.99699070572285,373.37721627308554,0.0,11.974285712813499
101.55324486905128,24916.117084097146,549.2578985126466,221.4688366368485,2582.1494008997015,0.04061690702698295,298.3329871821685,1.8410900641612857,0.692,1.3569699349930187,3.0876745526678064,0.07941143652749715,355.4094051774397,371.6075495498733,0.0,11.917584607043809
101.70324966206319,24833.95715743483,546.1715229420885,221.38731596522007,2614.831447484561,0.04114613730433577,298.27807529414315,1.8310816924894273,0.692,1.3569699349930187,3.0928526078374707,0.07864778225113903,353.82684303832735,369.8434584933893,0.0,11.860143889082641
101.85325445507507,24752.26075285616,543.0779225045553,221.30625312781407,2647.7522738248363,0.04167942999730867,298.2234617748907,1.8210435868204398,0.692,1.3569699349930187,3.097548497526174,0.0778785355748228,352.24971306060996,368.08540117010614,0.0,11.801999879795376
102.00325924808696,24671.0289006924,539.9778052746071,221.2256491822587,2680.909873485067,0.04221675446310544,298.1691475011,1.8109781303668082,0.692,1.3569699349930187,3.1017637001673233,0.07710430298728617,350.6784153447687,366.33382593887677,0.0,11.743188317540028
102.15326404109885,24590.2625255102,536.8718767566704,221.14550508113672,2714.3021880629876,0.042758079155373614,298.115133278396,1.8008877001735786,0.692,1.3569699349930187,3.105500075183261,0.07632567679141629,349.11334098616015,364.58917107709544,0.0,11.683744455865494
102.30326883411075,24509.96244657774,533.7608395345623,221.0658216724335,2747.9271088538976,0.043303371650456494,298.06141984156943,1.7907746659003225,0.692,1.3569699349930187,3.1087598588542438,0.075543235228433,347.5548719061063,362.85186459130693,0.0,11.623703080519686
102.45327362712264,24430.129377605746,530.6453926591174,220.9865996992655,2781.7824788972725,0.04385259867992295,298.0080078543216,1.7806413877257903,0.692,1.3569699349930187,3.1115456568849957,0.0747575404095406,346.00338056928314,361.1223239004498,0.0,11.563098355970117
102.60327842013453,24350.763927709326,527.5262310008777,220.90783980082057,2815.8660945914935,0.04440572615617443,297.9548979098281,1.7704902141280663,0.692,1.3569699349930187,3.113860435258068,0.07396913860828123,344.4592297006945,359.4009555184888,0.0,11.501963849168044
102.75328321314643,24271.866602534265,524.4040448064964,220.82954251346175,2850.175707292658,0.04496271919786454,297.9020905314138,1.7603234803456267,0.692,1.3569699349930187,3.11570751271898,0.07317856119894948,342.92277211296187,357.68815486068434,0.0,11.44033260312064
102.90328800615832,24193.437804372075,521.2795192686051,220.7517082708279,2884.7090254104396,0.045523542163461383,297.8495861725536,1.750143506886095,0.692,1.3569699349930187,3.1170905533208733,0.07238632342908785,341.39435055069475,355.98430606912996,0.0,11.378237041254113
103.05329279917021,24115.47783278106,518.1533339019807,220.6743374044368,2919.4637163586312,0.0460881586825335,297.79738521721225,1.7399525973810739,0.692,1.3569699349930187,3.118013555811122,0.07159292360641707,339.8742974577959,354.28978175184295,0.0,11.315708900063179
103.20329759218211,24037.986886351544,515.0261620228137,220.5974301454242,2954.4374080498924,0.04665653167970572,297.7454879809532,1.7297530367807283,0.692,1.3569699349930187,3.1184808430493636,0.07079884454133488,338.36293480774185,352.6049427923102,0.0,11.252779337450646
103.353302385194,23960.96506314162,511.898670467522,220.5209866249635,2989.627691026395,0.04722862340901613,297.6938947111585,1.719547090356685,0.692,1.3569699349930187,3.118497054410791,0.07000455322019533,336.8605740542963,350.93013829418965,0.0,11.189478902069535
103.50330717820589,23884.412361208706,508.771519000813,220.44500687478128,3025.0321206130056,0.04780439548872142,297.642605587315,1.7093370016597378,0.692,1.3569699349930187,3.1180671338685793,0.06921049937090941,335.36751595068637,349.26570537855696,0.0,11.125837411411531
103.65331197121779,23808.328680603045,505.64535981487296,220.36949082912378,3060.648218445268,0.04838380892601045,297.5916207222813,1.699124990776376,0.692,1.3569699349930187,3.117196317893008,0.0684171168329684,333.8840504249434,347.61196904393205,0.0,11.061884051246656
103.80331676422968,23732.71382426971,502.52083726510136,220.29443832564067,3096.473474529547,0.04896682415043815,297.540940162826,1.688913253383223,0.692,1.3569699349930187,3.115890126297145,0.06762482394626944,332.4104565718387,345.9692421571332,0.0,10.997647397633928
103.95332155724157,23657.567498701006,499.398587401001,220.21984910602146,3132.505349470596,0.049553401050160484,297.49056389000066,1.6787039591133295,0.692,1.3569699349930187,3.1141543502466758,0.06683402230881522,330.9470025617651,344.3378253510621,0.0,10.933155305262837
104.10332635025347,23582.889315718934,496.27923750207987,220.14572281775378,3168.741276201932,0.05014349900015024,297.44049182027146,1.668499249933855,0.692,1.3569699349930187,3.1119950393016986,0.06604509739112635,329.4939455642169,342.71800693871717,0.0,10.868434943602411
104.25333114326536,23508.67879408686,493.16340577196524,220.07205901571265,3205.1786618138776,0.050737076892065254,297.39072380653965,1.6583012390553942,0.692,1.3569699349930187,3.1094184900883657,0.06525841955091823,328.0515317513811,341.1100629170268,0.0,10.803512866529607
104.40333593627724,23434.93536024784,490.05170103354044,219.99885716288333,3241.8148898353993,0.05133409317157584,297.3412596385776,1.6481120098475572,0.692,1.3569699349930187,3.1064312350518053,0.06447434338162925,326.6199963094857,339.5142569794828,0.0,10.738414944849998
104.55334072928913,23361.65834980521,486.9447223005926,219.92611663182112,3278.6473221862434,0.05193450587039315,297.2920990439648,1.6379336143359167,0.692,1.3569699349930187,3.1030400289256677,0.06369320744539958,325.1995634054555,337.9308404785871,0.0,10.673166327734624
104.70334552230103,23288.84700980124,483.8430584519103,219.85383670690388,3315.673300738812,0.05253827263199683,297.24324168956196,1.6277680720399066,0.692,1.3569699349930187,3.099251835749835,0.06291533564952684,323.79044620818064,336.3600524494198,0.0,10.607791540494844
104.85335031531292,23216.500499519596,480.74728805040377,219.7820165851198,3352.8901496311937,0.05314535074966763,297.19468718199647,1.6176173693037894,0.692,1.3569699349930187,3.0950738181748436,0.062141037219452806,322.39284697812013,334.80211970998414,0.0,10.542314466212657
105.00335510832481,23144.617891886297,477.657978961424,219.71065537744929,3390.2951773041855,0.05375569720008878,297.14643506855145,1.60748345794971,0.692,1.3569699349930187,3.090513323640709,0.06137060594122652,321.00695707761884,333.2572568726035,0.0,10.476758263653801
105.15335990133671,23073.198175931837,474.57568807017725,219.6397521113009,3427.8856779908915,0.054369268668073206,297.09848483876937,1.5973682542599366,0.692,1.3569699349930187,3.0855778710346184,0.060604321439346985,319.63295703241596,331.72566641257436,0.0,10.411145456276486
105.3033646943486,23002.240257961483,471.50096113135515,219.5693057316653,3465.658933871577,0.054986021582198716,297.05083592519105,1.5872736384088055,0.692,1.3569699349930187,3.080275139483226,0.0598424496513648,318.2710166537451,330.2075388048926,0.0,10.34549795461142
105.45336948736049,22931.742962910615,468.43433249507336,219.49931510245324,3503.6122171458833,0.05560591214915714,297.00348770422033,1.5772014534778038,0.692,1.3569699349930187,3.0746129552699903,0.05908524216877911,316.92129511329995,328.70305260812347,0.0,10.279836980344335
105.60337428037239,22861.70503661707,465.37632486688034,219.4297790087442,3541.7427916119996,0.056228896380106606,296.9564394976073,1.567153504582042,0.692,1.3569699349930187,3.06859927856736,0.058332936923272974,315.5839410391252,327.2123745716174,0.0,10.21418310476759
105.75337907338428,22792.125147654977,462.3274491614653,219.36069615860026,3580.0479144617325,0.05685493012059616,296.9096905736386,1.5571315583140266,0.692,1.3569699349930187,3.062242191474244,0.057585759099679994,314.2590926546892,325.7356597911819,0.0,10.14855630825896
105.90338386639617,22723.001888516214,459.288204348588,219.2920651842327,3618.5248384273123,0.05748396908629029,296.86324014789284,1.5471373421639456,0.692,1.3569699349930187,3.055549886168865,0.05684392085093834,312.946877917542,324.27305186436706,0.0,10.082975935429857
106.05338865940807,22654.33377764569,456.25907725120356,219.22388464401647,3657.1708134532405,0.05811596889098362,296.8170873845699,1.5371725437762729,0.692,1.3569699349930187,3.048530651921366,0.056107621322322984,311.6474146427716,322.82468302860855,0.0,10.017460675759677
106.20339345241996,22586.11926188284,453.2405424240145,219.1561530249084,3695.9830881102807,0.058750885070439206,296.7712313980969,1.527238810476294,0.692,1.3569699349930187,3.0411928629082583,0.05537704780290273,310.36081066310584,321.3906743403993,0.0,9.952028644435655
106.35339824543185,22518.356717479874,450.23306208091907,219.08886874345316,3734.958911789133,0.05938867311902119,296.72567125377964,1.5173377489669562,0.692,1.3569699349930187,3.0335449673414123,0.05465237584055842,309.0871640095123,319.971135877608,0.0,9.886697372374556
106.50340303844374,22451.04445207461,447.23708594223325,219.0220301477365,3774.095536343913,0.060029288517376274,296.6804059690966,1.5074709247526754,0.692,1.3569699349930187,3.025595475043135,0.053933768894380785,307.82656306226204,318.56616690857606,0.0,9.821483753473744
106.65340783145564,22384.18070725484,444.25305116460254,218.95563551992714,3813.3902173549395,0.06067268675391961,296.6354345153941,1.4976398618404025,0.692,1.3569699349930187,3.017352945846223,0.053221379386766035,306.5790867376609,317.17585610112377,0.0,9.756404117831252
106.80341262446753,22317.763659816177,441.28138230202734,218.8896830775211,3852.840216117173,0.06131882335823381,296.5907558187038,1.4878460425508613,0.692,1.3569699349930187,3.008825979080271,0.05251534914864461,305.3448046866167,315.80028174498113,0.0,9.691474251744044
106.95341741747941,22251.791423555387,438.3224912289826,218.82417097511845,3892.442801296329,0.06196765392906955,296.5463687609238,1.478090907200954,0.692,1.3569699349930187,3.000023202331468,0.051815809105514955,304.12377747925257,314.4395119585116,0.0,9.62670934783914
107.10342221049132,22186.262051688696,435.3767771095212,218.7590973068207,3932.195250173687,0.06261913415564037,296.50227218142027,1.4683758539399254,0.692,1.3569699349930187,2.990953260591186,0.05112287989194234,302.9160568086017,313.09360491675216,0.0,9.562124039890554
107.2534270035032,22121.173538656127,432.4446263933551,218.69446010801929,3972.094850211467,0.06327321984419683,296.4584648782194,1.458702238679529,0.692,1.3569699349930187,2.981624806155662,0.05043667258962473,301.7216857038393,311.7626090902152,0.0,9.497732450607717
107.4034317965151,22056.523821543575,429.5264128028991,218.6302573568044,4012.13890082091,0.06392986694795648,296.4149456089437,1.449071374995941,0.692,1.3569699349930187,2.97204648868571,0.04975728863488145,300.54069873888955,310.44656347855346,0.0,9.433548162580648
107.553436589527,21992.310782353594,426.6224973366715,218.5664869762172,4052.324714572378,0.06458903158791714,296.37171309232104,1.4394845340849947,0.692,1.3569699349930187,2.9622269451998746,0.049084819955010295,299.37312224725906,309.145497851102,0.0,9.369584209831864
107.70344138253888,21928.53225029995,423.7332283166273,218.50314683652581,4092.6496183324343,0.06525067007249137,296.32876600971196,1.4299429448666476,0.692,1.3569699349930187,2.9521747907999303,0.04841934985960157,298.2189745522089,307.85943300461093,0.0,9.305853141559643
107.85344617555077,21865.186002894243,420.8589414088415,218.4402347563023,4133.110955114605,0.06591473892887321,296.28610300582517,1.4204477940045914,0.692,1.3569699349930187,2.9418986097458,0.04776095319440721,297.0782661837379,306.5883810063396,0.0,9.242367017175573
108.00345096856267,21802.269768184753,417.99995967013683,218.37774850464388,4173.706085166163,0.0665811949218976,296.24372269021114,1.4110002260106924,0.692,1.3569699349930187,2.9314069464988783,0.04710969620261469,295.95100010459214,305.33234544712946,0.0,9.179137372650807
108.15345576157456,21739.781227116728,415.1565936428179,218.3156858035155,4214.4323869116515,0.06724999507056104,296.20162363883884,1.4016013435126267,0.692,1.3569699349930187,2.9207082975559246,0.04646563733205386,294.8371719518609,304.0913217119348,0.0,9.11617527830393
108.30346055458645,21677.71801472377,412.3291414030219,218.2540443289313,4255.2872585992845,0.06792109667609976,296.159804394887,1.392252207369909,0.692,1.3569699349930187,2.9098111033648917,0.045828827602154155,293.73677025732485,302.8652972266756,0.0,9.053491355585582
108.45346534759835,21616.077722102564,409.51788864619573,218.19282171291488,4296.26811939696,0.06859445734105217,296.11826347006485,1.3829538369138608,0.692,1.3569699349930187,2.898723740578021,0.04519931046341637,292.6497766795786,301.65425171819476,0.0,8.991095744164241
108.60347014061024,21554.85789869211,406.7231088135104,218.13201554576193,4337.372410223599,0.06927003498398343,296.07699934613936,1.3737072103261094,0.692,1.3569699349930187,2.887454514944025,0.04457712229028934,291.57616624808304,300.45815748755155,0.0,8.928998131164029
108.75347493362213,21494.05605385619,403.94506318932343,218.07162337761122,4378.597594981635,0.06994778786081172,296.0360104759949,1.3645132649228116,0.692,1.3569699349930187,2.876011654325868,0.04396229294338458,290.5159075922931,299.2769796666692,0.0,8.86720778874195
108.90347972663402,21433.669658365467,401.18400099676086,218.01164271991613,4419.941161811139,0.07062767458650596,295.9952952846263,1.3553728974340151,0.692,1.3569699349930187,2.8644033019449986,0.043354845756717796,289.46896316653033,298.1106764702239,0.0,8.80573355497613
109.05348451964592,21373.696146634942,398.44015955310897,217.95207104766686,4461.400623773361,0.07130965414741293,295.95485217064333,1.3462869644839413,0.692,1.3569699349930187,2.8526375103457493,0.04275479768860801,288.43528949323803,296.95919946805003,0.0,8.744583830813093
109.20348931265781,21314.13291865388,395.71376442724386,217.89290580130717,4502.973519673146,0.07199368591586998,295.9146795075682,1.3372562830804857,0.692,1.3569699349930187,2.8407222357638306,0.04216215998529543,287.41483740218814,295.8224938530434,0.0,8.68376662983813
109.3534941056697,21254.977341023434,393.0050295258549,217.83414438776526,4544.6574154461605,0.07267972967411847,295.87477564453405,1.3282816308681,0.692,1.3569699349930187,2.8286653321081983,0.041576938320683945,286.4075522394271,294.7004986752515,0.0,8.623289575981548
109.5034988986816,21196.226749206155,390.31415728320025,217.77578418268865,4586.449904647368,0.07336774562343819,295.835138907801,1.3193637467280188,0.692,1.3569699349930187,2.816474546099318,0.04099913274364057,285.41337410977064,293.5931471134242,0.0,8.563159881185369
109.65350369169349,21137.878449479074,387.64133885561745,217.71782253238462,4628.3486090708275,0.07405769439543883,295.79576760207425,1.3105033313968861,0.692,1.3569699349930187,2.8041575128570555,0.04042873827673613,284.4322381155819,292.5003667424338,0.0,8.503384390805692
109.80350848470538,21079.929719953452,384.9867542240814,217.66025675483405,4670.3511799766975,0.07474953707335215,295.7566600111937,1.3017010477786386,0.692,1.3569699349930187,2.7917217508182914,0.03986574519677682,283.464074558052,291.42207975877517,0.0,8.443969597427856
109.95351327771728,21022.377812525963,382.35057238981517,217.60308414163055,4712.4552985972705,0.07544323520145768,295.71781439945266,1.292957521569329,0.692,1.3569699349930187,2.7791746578066796,0.03931013896487908,282.50880916715266,290.35820323809287,0.0,8.38492161806803
110.10351807072917,20965.219954829223,379.7329515934625,217.54630195991916,4754.658676568817,0.07613875079327992,295.67922901291865,1.284273341962994,0.692,1.3569699349930187,2.7665235076910935,0.03876190059893102,281.566363334362,289.3086493958178,0.0,8.326246218105474
110.25352286374105,20908.453351473836,377.13403946577984,217.48990745363153,4796.959056816967,0.07683604634725544,295.6409020802755,1.2756490621293546,0.692,1.3569699349930187,2.753775446605363,0.03822100708579197,280.63665431626646,288.2733258152417,0.0,8.267948840732604
110.40352765675296,20852.0751854812,374.55397319354256,217.4338978449106,4839.354214248922,0.0775350848592188,295.6028318137967,1.2670851997435466,0.692,1.3569699349930187,2.7409374895312726,0.03768743137255592,279.7195954388887,287.25213567638394,0.0,8.210034592003222
110.55353244976484,20796.082620333957,371.9928797734955,217.3782703361493,4881.841955917369,0.07823582982617298,295.56501641073584,1.2585822378131202,0.692,1.3569699349930187,2.7280165181305724,0.03716114258801193,278.81509632698464,286.24497801277164,0.0,8.152508250688117
110.70353724277673,20740.47278363151,369.45095601509945,217.32302209375382,4924.420135247103,0.07893824548206892,295.527454042293,1.250140895411454,0.692,1.3569699349930187,2.715020458970235,0.03664210795429078,277.92308927112714,285.2517772691983,0.0,8.095374465464282
110.85354203578862,20685.243242112578,366.9203459145614,217.26815072008995,4967.086285650551,0.07964229075256751,295.4901431745434,1.24173463782115,0.694644915897232,1.3569699349930187,2.7121652455909717,0.036130249551741205,277.04088249607946,284.2695164297096,0.0,8.038632938305627
111.00354682880052,20630.392942332626,364.3943757274774,217.21365518812524,5009.836869972445,0.0803479068589827,295.45308320428546,1.233340914149553,0.697330907472143,1.3569699349930187,2.7090858373720668,0.035625365991066735,276.166239299303,283.295688419653,0.0,7.982269472475838
111.15355162181241,20575.921193832153,361.87325476313,217.15953483126816,5052.668036821612,0.0810550297849293,295.41627377254065,1.2249604605119306,0.7000126526361822,1.3569699349930187,2.705607449953748,0.03512723712547842,275.2991950495736,282.33033296575275,0.0,7.92626729568908
111.3035564148243,20521.827225465655,359.3575650762381,217.10578890257955,5095.57596218223,0.08176359591254437,295.3797144648553,1.2165952754314648,0.7026895118619313,1.3569699349930187,2.7017365109074873,0.0346356647627692,274.4399021620595,281.37362100588444,0.0,7.870611601448531
111.4535612078362,20468.11017926247,356.8478790684972,217.05241656866696,5138.5568578075645,0.08247354216248091,295.3434048071159,1.2082473258597017,0.7053608557248955,1.3569699349930187,2.6974797632412044,0.03415047216401938,273.58850477924665,280.4257142152368,0.0,7.815289568840748
111.60356600084809,20414.76911259346,354.34475890223763,216.99941691183113,5181.606973166555,0.08318480602755499,295.30734426697677,1.1999185451408456,0.7080260655549294,1.3569699349930187,2.692844248111531,0.03367150057444789,272.74513872544776,279.4867649550604,0.0,7.760290039603719
111.75357079385998,20361.802999013835,351.8487562678515,216.9467889308975,5224.722598410552,0.08389732562327862,295.2715322543941,1.1916108321770509,0.7106845337033437,1.3569699349930187,2.6878372913115696,0.03319860814769783,271.9099315804101,278.55691635507645,0.0,7.70560345773442
111.90357558687188,20309.210729946542,349.3604118772982,216.89453154288293,5267.90006663794,0.08461103972683376,295.23596812273075,1.1833260496636633,0.7133356641076277,1.3569699349930187,2.6824664858085394,0.032731669175419593,271.0830026737273,277.636302307011,0.0,7.651221841010152
112.05358037988377,20256.991116966383,346.88025501584974,216.84264358526005,5311.135755612382,0.08532588780704167,295.2006511702682,1.175066022519623,0.7159788727937206,1.3569699349930187,2.676739674059033,0.03227057123810086,270.2644631061392,276.7250474881971,0.0,7.5971385055099665
112.20358517289566,20205.14289299282,344.40880330483225,216.79112381713713,5354.426090322053,0.08604181006825816,295.16558064098257,1.166832537035358,0.7186135881486855,1.3569699349930187,2.670664932662235,0.03181521393260284,269.454415841601,275.8232674646355,0.0,7.543347964241893
112.35358996590756,20153.66471394509,341.94656234848867,216.739970920898,5397.767545116547,0.08675874748731709,295.13075572563497,1.1586273396269668,0.7212392513193706,1.3569699349930187,2.664250555081987,0.03136550836415896,268.652955768929,274.9310687598973,0.0,7.489845911873428
112.50359475891945,20102.55516104876,339.4940253641291,216.6891835044892,5441.156645236629,0.08747664184045105,295.0961755633041,1.1504521355319997,0.7238553166297601,1.3569699349930187,2.6575050334748713,0.030921375413004354,267.86016976464424,274.04854892529124,0.0,7.436629060714527
112.65359955193134,20051.81274239134,337.0516943825115,216.64999999999998,5484.589716735603,0.08819085606679032,295.0694935090715,1.1422790284897728,0.7264707108832728,1.3569699349930187,2.6503342601930115,0.03048274747784862,267.08738311332667,273.18704374893025,0.0,7.383695390022831
112.80360434494324,20001.435863463234,334.6204859994559,216.64999999999998,5528.056614902502,0.08888979311730655,295.0694935090715,1.1340395851161365,0.7291073327628363,1.3569699349930187,2.642496167368842,0.030049628309183802,266.36238135204724,272.37436367384765,0.0,7.331051491387388
112.95360913795513,19951.422800261797,332.20104527567827,216.64999999999998,5571.551045784023,0.08958917288711406,295.0694935090715,1.1258400227181236,0.7317311927302005,1.3569699349930187,2.6343594848329217,0.029621988726701978,265.64609922095826,271.5714577401484,0.0,7.278700067136296
113.10361393096701,19901.771754809117,329.7938131697342,216.64999999999998,5615.069825213601,0.09028894417559626,295.0694935090715,1.1176818357184566,0.7343418125700939,1.3569699349930187,2.6259339208306627,0.0291997764624401,264.9385900076994,270.7783856798294,0.0,7.226641005632969
113.2536187239789,19852.48086389196,327.3992042596884,216.64999999999998,5658.609834532895,0.09098905683549272,295.0694935090715,1.109566429135525,0.7369387426766321,1.3569699349930187,2.61722912612494,0.02878294259439757,264.2398959481645,269.9951948365953,0.0,7.1748745732847725
113.4036235169908,19803.54819826986,325.0182468411642,216.64999999999998,5702.168024353364,0.0916894618333844,295.0694935090715,1.1014972878962561,0.739520867873198,1.3569699349930187,2.60826249907917,0.02837144346406515,263.55023328661133,269.2221276062708,0.0,7.123401668970806
113.5536283100027,19754.97033609263,322.6739690050144,216.64999999999998,5745.742702175728,0.0923901319542984,295.0694935090715,1.0935524549409044,0.7339767141780064,1.3569699349930187,2.5709976803619727,0.027965356469225166,262.8761131884443,268.46648258407635,0.0,7.072238488416813
113.70363310301458,19706.740525544756,320.3774271236678,216.64999999999998,5789.335251277809,0.09309108944100251,295.0694935090715,1.085769400671094,0.7297845508455947,1.3569699349930187,2.5391745132706736,0.027565009044254386,262.220451856566,267.73152864482074,0.0,7.021433504879967
113.85363789602648,19658.85173777826,318.1268582462214,216.64999999999998,5832.947454800929,0.09379236296597135,295.0694935090715,1.0781421503895354,0.725740953788521,1.3569699349930187,2.508509412373208,0.027170706814879528,261.5824592565605,267.0163802110299,0.0,6.971033756479818
114.00364268903837,19611.297202457215,315.92060650700375,216.64999999999998,5876.581012923853,0.09449397986766206,295.0694935090715,1.0706650923142322,0.7218390960177407,1.3569699349930187,2.478942216901636,0.026782693735912005,260.96139526291137,266.3202076498775,0.0,6.921079617106455
114.15364748205026,19564.070390655746,313.7570983177306,216.64999999999998,5920.237550771593,0.09519596627768581,295.0694935090715,1.063332893503898,0.7180725536114819,1.3569699349930187,2.45041671898963,0.026401160130360615,260.35656101294177,265.6422275815114,0.0,6.871605573423726
114.30365227506216,19517.165002786445,311.6348399897435,216.64999999999998,5963.91862229852,0.09589834718324737,295.0694935090715,1.056140491799647,0.7144352815425732,1.3569699349930187,2.422880410003393,0.026026250356747056,259.767296834111,264.9817005556866,0.0,6.8226409910687575
114.45365706807405,19470.574959557245,309.5524131595515,216.64999999999998,6007.625711789958,0.09660114645129032,295.0694935090715,1.0490830803220081,0.7109215871673268,1.3569699349930187,2.396284197034173,0.025658065824359585,259.1929796616286,264.3379281570781,0.0,6.774210304354665
114.60366186108594,19424.29438774174,307.5084687155561,216.64999999999998,6051.360240628871,0.09730438693730377,295.0694935090715,1.0421560868884001,0.7075261028448543,1.3569699349930187,2.370582108682467,0.025296672417836525,258.6330201593328,263.710249777972,0.0,6.726333805011605
114.75366665409784,19378.31761112108,305.50172307963896,216.64999999999998,6095.123569682551,0.09800809052369962,295.0694935090715,1.0353551614113126,0.7042437641121085,1.3569699349930187,2.345731066438189,0.024942105422370676,258.08686060123284,263.098040243611,0.0,6.679028134967127
114.90367144710973,19332.639143140386,303.53095459743673,216.64999999999998,6138.917000387821,0.09871227813726248,295.0694935090715,1.028676163664832,0.7010697893119189,1.3569699349930187,2.321690672308142,0.024594371555886316,257.55397287225696,262.5007075711628,0.0,6.6323064145498005
115.05367624012162,19287.253674892614,301.5949986610151,216.64999999999998,6182.741780642284,0.0994169698438794,295.0694935090715,1.022115146755227,0.6979996584161028,1.3569699349930187,2.2984229855700944,0.02425345435832479,257.03385621315596,261.91769044190244,0.0,6.586178836298822
115.2036810331335,19242.156067398268,299.6927447220215,216.64999999999998,6226.599106974968,0.1001221848834434,295.0694935090715,1.0156683469984262,0.6950290960830222,1.3569699349930187,2.275892349646248,0.02391931781213462,256.52603556020495,261.3484563401253,0.0,6.540653046242534
115.35368582614541,19197.34134603285,297.8231336250509,216.64999999999998,6270.490124901462,0.1008279416755639,295.0694935090715,1.0093321748827102,0.6921540561668154,1.3569699349930187,2.2540652351780035,0.02359190757824885,256.03006003727046,260.7924998628525,0.0,6.4957342166136955
115.5036906191573,19152.804691108697,295.9851538419813,216.64999999999998,6314.415933292486,0.10153425788981227,295.0694935090715,1.003103202306753,0.6893707054404774,1.3569699349930187,2.232910071937931,0.023271154419919223,255.54550121985326,260.2493407739344,0.0,6.451425428321898
115.65369541216918,19108.54142975608,294.1778385317696,216.64999999999998,6358.37758781473,0.10224115050104969,295.0694935090715,0.9969781526151755,0.6866754095095666,1.3569699349930187,2.2123971062038326,0.022956977366372363,255.07195168285887,259.71852237619595,0.0,6.407728036249153
115.80370020518109,19064.547032126044,292.4002638396735,216.64999999999998,6402.376100349071,0.10294863578007225,295.0694935090715,0.990953894834554,0.6840647213374691,1.3569699349930187,2.192498289121028,0.022649284517859948,254.60902392675766,259.1996103077311,0.0,6.3646417209841095
115.95370499819298,19020.817104766145,290.65154612231544,216.64999999999998,6446.41244140151,0.10365672933237814,295.0694935090715,0.9850274342690725,0.6815353688269037,1.3569699349930187,2.1731871515586,0.022347974749535267,254.156349068553,258.69219107456325,0.0,6.322164672279131
116.10370979120486,18977.34738202821,288.9308389959502,216.64999999999998,6490.487544770291,0.10436544617321389,295.0694935090715,0.9791959024970076,0.679084242858786,1.3569699349930187,2.1544386830277786,0.022052940403405424,253.71357553710038,258.195870588182,0.0,6.28029392297767
116.25371458421677,18934.133723159273,287.2373321995314,216.64999999999998,6534.602306728261,0.10507480071442682,295.0694935090715,0.9734565535176232,0.6767083885508938,1.3569699349930187,2.1362292500587454,0.021764067992884006,253.28036828001595,257.71027327653906,0.0,6.239025413504967
116.40371937722865,18891.172107491206,285.5702495023763,216.64999999999998,6578.75758726733,0.10578480678447566,295.0694935090715,0.9678067566601793,0.6744049956346843,1.3569699349930187,2.1185365015402233,0.02148123902775136,252.85640775841333,257.2350409572133,0.0,6.198354077944953
116.55372417024054,18848.45862720671,283.9288462811966,216.64999999999998,6622.954214040005,0.10649547769180956,295.0694935090715,0.9622439883724124,0.6721713889115739,1.3569699349930187,2.1013392735234273,0.021204331808998157,252.44138889524794,256.7698316585728,0.0,6.158274075884359
116.70372896325244,18805.989483662102,282.31240826117397,216.64999999999998,6667.192982866342,0.10720682623301961,295.0694935090715,0.9567658279539992,0.6700050207976365,1.3569699349930187,2.084617519647009,0.020933222195089873,252.0350203534334,256.3143188105899,0.0,6.118778884330436
116.85373375626433,18763.760984196753,280.7202501439304,216.64999999999998,6711.474657864108,0.10791886469493189,295.0694935090715,0.9513699529067042,0.6679034640931127,1.3569699349930187,2.06835224294738,0.02066778404342181,251.63702381197726,255.86819043343618,0.0,6.079861346449561
117.00373854927622,18721.769536703745,279.15171373021013,216.64999999999998,6755.7999740656005,0.1086316048966853,295.0694935090715,0.9460541325720885,0.6658644044686213,1.3569699349930187,2.0525254224406235,0.020407890210859484,251.24713314277233,255.43114821471892,0.0,6.0415138058298155
117.15374334228812,18680.011644921557,277.60616643500794,216.64999999999998,6800.169639475467,0.10934505822282073,295.0694935090715,0.9408162230992319,0.663885633860194,1.3569699349930187,2.037119950297974,0.02015341328999254,250.86509371295648,255.0029067274716,0.0,6.003728207269273
117.30374813530001,18638.483906321104,276.08300044283146,216.64999999999998,6844.584334524139,0.11005923561449246,295.0694935090715,0.9356541645818892,0.6619650450106412,1.3569699349930187,2.022119583060586,0.019904225863574525,250.4906618684714,254.5831928512564,0.0,5.966496129734359
117.4537529283119,18597.183008364475,274.5816313181242,216.64999999999998,6889.04471335213,0.11077414759011933,295.0694935090715,0.93056597634917,0.660100625595824,1.3569699349930187,2.0075088858265784,0.019660201038778278,250.1236043027957,254.17174506455515,0.0,5.929808863191734
117.60375772132379,18556.105723348497,273.1014964527469,216.64999999999998,6933.551406773784,0.11148980429304114,295.0694935090715,0.9255497517040026,0.6582904524589958,1.3569699349930187,1.9932731765048812,0.019421213001847897,249.7636974076592,253.76831271696182,0.0,5.893657491752293
117.75376251433569,18515.248906706864,271.6420544792937,216.64999999999998,6978.105021658508,0.11220621548156895,295.0694935090715,0.9206036559348432,0.656532687309333,1.3569699349930187,1.9793984890437069,0.019187137165534284,249.4107268784964,253.37265558692152,0.0,5.858032917954463
117.90376730734758,18474.609494302334,270.2027842105486,216.64999999999998,7022.706141480608,0.11292339053782631,295.0694935090715,0.9157259227214609,0.6548255720530748,1.3569699349930187,1.9658715302222962,0.01895785050566909,249.0644872195865,252.98454332702454,0.0,5.8229259171173835
118.05377210035947,18434.184498018065,268.78318333755766,216.64999999999998,7067.355328853147,0.11364133850849319,295.0694935090715,0.9109148497226613,0.6531674240779358,1.3569699349930187,1.9526796345678568,0.018733231870081583,248.72478120796265,252.60375486308303,0.0,5.788327189472597
118.20377689337137,18393.971003517752,267.38276775331065,216.64999999999998,7112.053125815193,0.1143600681094247,295.0694935090715,0.906168796284223,0.6515566324999715,1.3569699349930187,1.9398107317371824,0.018513162073850477,248.39141952331272,252.230077979274,0.0,5.754227380965529
118.35378168638326,18353.96616842846,266.0010708427218,216.64999999999998,7156.8000537257385,0.11507958772394543,295.0694935090715,0.9014861810326182,0.6499916545444979,1.3569699349930187,1.9272533146640851,0.018297524104628374,248.06422038200435,251.86330890790487,0.0,5.720617121944709
118.50378647939515,18314.16721903501,264.6376424672031,216.64999999999998,7201.59661490172,0.1157999054291884,295.0694935090715,0.8968654784337005,0.6484710117571184,1.3569699349930187,1.9149964041555618,0.018086203301299415,247.74300911115773,251.50325185197673,0.0,5.687487062927016
118.65379127240705,18274.571447328824,263.292048140542,216.64999999999998,7246.443293980206,0.11652102901799867,295.0694935090715,0.8923052159997268,0.6469932866153558,1.3569699349930187,1.9030295182190677,0.017879087372412845,247.4276177809478,251.1497185730188,0.0,5.654827886129037
118.80379606541894,18235.176209765803,261.96386857869305,216.64999999999998,7291.340557439271,0.11724296599122916,295.0694935090715,0.8878039727635868,0.6455571197061769,1.3569699349930187,1.8913426487319331,0.017676066487755066,247.11788493545964,250.80252808939477,0.0,5.622630328846105
118.95380085843082,18195.97892502373,260.65269894951456,216.64999999999998,7336.288854310222,0.11796572356919302,295.0694935090715,0.8833603767361371,0.644161206707225,1.3569699349930187,1.879926234192145,0.017477033438057735,246.813655262578,250.46150630627045,0.0,5.590885218331295
119.10380565144273,18156.97707070812,259.35814799015355,216.64999999999998,7381.288618190233,0.1186893087240264,295.0694935090715,0.8789731019149899,0.6428042953756392,1.3569699349930187,1.8687711315682876,0.01728188356579761,246.51477924360378,250.12648562285625,0.0,5.559583470810802
119.25381044445461,18118.168182302456,258.0798376815914,216.64999999999998,7426.340266769987,0.11941372817209286,295.0694935090715,0.8746408671815378,0.6414851832594248,1.3569699349930187,1.8578685982427898,0.01709051476116403,246.2211129412412,249.79730469475462,0.0,5.528716100745924
119.4038152374665,18079.549851566033,256.81740267406417,216.64999999999998,7471.444202042085,0.12013898837733479,295.0694935090715,0.8703624343536845,0.6402027152503077,1.3569699349930187,1.8472102705994675,0.016902827628166063,245.93251773728025,249.4738081399193,0.0,5.4982742578186246
119.5538200304784,18041.119723686086,255.57048953498813,216.64999999999998,7516.6008120350525,0.12086509557915559,295.0694935090715,0.8661366056370411,0.6389557810730032,1.3569699349930187,1.8367881407544175,0.016718725376364003,245.64886003790775,249.1558462083276,0.0,5.468249220001993
119.7038248234903,18002.87549583368,254.33875635893463,216.64999999999998,7561.810470993787,0.12159205579532131,295.0694935090715,0.8619622223031177,0.6377433132526934,1.3569699349930187,1.826594539945362,0.016538113743154167,245.3700110695432,248.84327455312598,0.0,5.438632391127538
119.85382961650218,17964.814916083345,253.12187237755424,216.64999999999998,7607.07353917761,0.12231987481871341,295.0694935090715,0.8578381633673438,0.6365642851687547,1.3569699349930187,1.8166221224835744,0.016360901112752894,245.09584668072876,248.53595400856136,0.0,5.4094153306041495
120.00383440951407,17926.93578129024,251.9195173726528,216.64999999999998,7652.390363945481,0.12304855823477867,295.0694935090715,0.8537633435999641,0.6354177090052684,1.3569699349930187,1.8068638472790965,0.016186998466008348,244.8262471058195,248.2337503250933,0.0,5.380589755697206
120.15383920252597,17889.235935138135,250.73138118696528,216.64999999999998,7697.761280716228,0.12377811143696948,295.0694935090715,0.8497367118680362,0.6343026338900621,1.3569699349930187,1.797312961632065,0.01601631922682499,244.56109675728268,247.93653393657473,0.0,5.352147526300932
120.30384399553786,17851.71326737804,249.55716347028763,216.64999999999998,7743.186612557271,0.12450853962013064,295.0694935090715,0.8457572502750622,0.6332181443345177,1.3569699349930187,1.7879629892533164,0.015848779304640084,244.30028407613455,247.64417979260148,0.0,5.324080661858436
120.45384878854975,17814.36571242108,248.39657324998296,216.64999999999998,7788.666670585744,0.1252398477869493,295.0694935090715,0.8418239727054209,0.6321633585762677,1.3569699349930187,1.7788077159803604,0.015684297137982164,244.0437013479431,247.35656715226318,0.0,5.296381358717568
120.60385358156165,17777.19124712525,247.24932839647857,216.64999999999998,7834.2017554114145,0.1259720407711567,295.0694935090715,0.8379359230129199,0.6311374269030056,1.3569699349930187,1.7698411744552267,0.01552279349211113,243.79124450099556,247.073579357902,0.0,5.2690419660009455
120.75385837457354,17740.187890116147,246.11515543206858,216.64999999999998,7879.79215677062,0.126705123231642,295.0694935090715,0.8340921743728215,0.6301395303564274,1.3569699349930187,1.7610576346288025,0.015364191425342963,243.54281298515122,246.79510369931467,0.0,5.242054989207438
120.90386316758543,17703.35370080461,244.99378920354738,216.64999999999998,7925.438153557908,0.12743909965296105,295.0694935090715,0.8302918281723874,0.6291688793676392,1.3569699349930187,1.7524515924479336,0.01520841638643042,243.29830962447144,246.52103124856018,0.0,5.21541311612733
121.05386796059733,17666.6867774581,243.88497242129336,216.64999999999998,7971.140015074657,0.1281739743654139,295.0694935090715,0.8265340124488181,0.6282247123378887,1.3569699349930187,1.744017756970703,0.015055396030619488,243.0576404450123,246.2512566669264,0.0,5.189109194798637
121.20387275360922,17630.18525622561,242.78845542095084,216.64999999999998,8016.898001154147,0.12890975154705592,295.0694935090715,0.8228178810815855,0.6273062944713281,1.3569699349930187,1.735751041318858,0.014905060120283543,242.82071455532375,245.98567807097746,0.0,5.163136225163222
121.3538775466211,17593.847310476653,241.70399593938131,216.64999999999998,8062.712361924031,0.12964643521987834,295.0694935090715,0.8191426130331242,0.6264129166658421,1.3569699349930187,1.7276465541017736,0.01475734060371524,242.58744403327313,245.72419690569018,0.0,5.137487381228568
121.50388233963301,17557.67114937777,240.63135875663403,216.64999999999998,8108.583338559473,0.13038402926191858,295.0694935090715,0.815507411135459,0.6255438943398692,1.3569699349930187,1.7196995891363929,0.014612171522999411,242.35774378730767,245.46671778893844,0.0,5.112156003748591
121.6538871326449,17521.655016543195,239.5703153888963,216.64999999999998,8154.511163995758,0.13112253741871885,295.0694935090715,0.8119115010496029,0.6246985663524027,1.3569699349930187,1.7119056163021344,0.014469488853369725,242.1315314322803,245.21314837230167,0.0,5.087135580388444
121.80389192565679,17485.797189553858,238.52064393906167,216.64999999999998,8200.496062575572,0.13186196329765443,295.0694935090715,0.8083541307591281,0.6238762940924155,1.3569699349930187,1.7042602750347728,0.014329230528795107,241.9087272019609,244.96339924299588,0.0,5.06241975796281
121.95389671866867,17450.09597904274,237.4821288392917,216.64999999999998,8246.538250271178,0.13260231037150633,295.0694935090715,0.8048345696976995,0.623076460518783,1.3569699349930187,1.69675936640104,0.014191336451446457,241.68925384108945,244.7173838028722,0.0,5.038002351950471
122.10390151168058,17414.54972714451,236.4545605097929,216.64999999999998,8292.637935766328,0.133343581995858,295.0694935090715,0.8013521075926592,0.6222984691776031,1.3569699349930187,1.6893988442191308,0.01405574830108168,241.47303648266964,244.4750181308707,0.0,5.013877320374049
122.25390630469246,17379.156807039642,235.43773524117125,216.64999999999998,8338.795320167708,0.1340857814044556,295.0694935090715,0.7979060540663213,0.6215417434298559,1.3569699349930187,1.682174809779592,0.013922409503802358,241.26000257519215,244.2362209014427,0.0,4.9900387652659495
122.40391109770435,17343.915622337685,234.43145500082127,216.64999999999998,8385.010596941496,0.13482891170818775,295.0694935090715,0.7944957379798193,0.620805725650773,1.3569699349930187,1.6750835055615536,0.013791265295257257,241.05008179592846,244.00091328735866,0.0,4.96648095098436
122.55391589071625,17308.82460571878,233.4355271360925,216.64999999999998,8431.283952851381,0.13557297591016876,295.0694935090715,0.7911205064271271,0.6200898763873288,1.3569699349930187,1.6681213076644352,0.013662262558217234,240.84320594505374,243.7690188410266,0.0,4.943198282035161
122.70392068372814,17273.882218249575,232.44976422145382,216.64999999999998,8477.615568053166,0.13631797690725964,295.0694935090715,0.7877797242170935,0.6193936736548762,1.3569699349930187,1.6612847205950043,0.013535349740512563,240.63930887218632,243.54046341214794,0.0,4.920185294673615
122.85392547674003,17239.086948972275,231.47398392567382,216.64999999999998,8524.005615848322,0.13706391748610555,295.0694935090715,0.7844727734233139,0.6187166122739691,1.3569699349930187,1.6545703724699614,0.013410476909738612,240.43832640889838,243.315175072066,0.0,4.897436673065082
123.00393026975193,17204.437313915434,230.50800878343898,216.64999999999998,8570.454263226988,0.13781080033186693,295.0694935090715,0.7811990526101349,0.6180582031667458,1.3569699349930187,1.6479750089818925,0.01328759567157434,240.2401962833615,243.09308401808943,0.0,4.874947240705074
123.15393506276382,17169.931855126026,229.5516659933267,216.64999999999998,8616.961671420046,0.13855862803709673,295.0694935090715,0.7779579761479798,0.6174179727010767,1.3569699349930187,1.6414954879440515,0.013166659042314975,240.0448580424924,242.87412248622243,0.0,4.85271194298851
123.30393985577571,17135.569140359417,228.60478732701225,216.64999999999998,8663.527995594211,0.1393074030968377,295.0694935090715,0.7747489739056475,0.6167954621345921,1.3569699349930187,1.6351287755964004,0.013047621466477966,239.85225299860468,242.65822469136506,0.0,4.83072585599262
123.45394464878761,17101.347762468467,227.66720896928234,216.64999999999998,8710.153384966523,0.14005712791046313,295.0694935090715,0.7715714907081136,0.6161902270330923,1.3569699349930187,1.628871942002295,0.012930438817204543,239.66232416338323,242.44532675330248,0.0,4.808984192150351
123.6039494417995,17067.26633827855,226.73877129016537,216.64999999999998,8756.83798364655,0.14080780479521954,295.0694935090715,0.7684249855642722,0.6156018366692789,1.3569699349930187,1.6227221556184184,0.012815068249415681,239.4750161698031,242.23536660918143,0.0,4.787482278421103
123.75395423481139,17033.32350827233,225.81931876975366,216.64999999999998,8803.581930404955,0.14155943598250512,295.0694935090715,0.7653089314121562,0.6150298735425459,1.3569699349930187,1.6166766802222028,0.012701468176704516,239.29027522656145,242.028283962431,0.0,4.7662155569414075
123.90395902782329,16999.517936197775,224.90869988069227,216.64999999999998,8850.385358557658,0.14231202361600712,295.0694935090715,0.7622228147206881,0.6144739328887465,1.3569699349930187,1.6107328712843323,0.01258959831391299,239.10804906514934,241.82402022343393,0.0,4.745179597939815
124.05396382083518,16965.848308078846,224.00676688872568,216.64999999999998,8897.248396696068,0.1430655697634438,295.0694935090715,0.7591661348137262,0.6139336221593477,1.3569699349930187,1.6048881712918046,0.01247941955476219,238.9282868718907,241.62251843334636,0.0,4.724370081642101
124.20396861384707,16932.31333171965,223.11337575055026,216.64999999999998,8944.171168764038,0.14382007641780192,295.0694935090715,0.7561384035238836,0.6134085605802428,1.3569699349930187,1.599140106596512,0.012370893911974433,238.7509392408766,241.42372321134042,0.0,4.70378279144709
124.35397340685896,16898.911736448437,222.22838603352614,216.64999999999998,8991.153793813979,0.14457554549341503,295.0694935090715,0.7531391449204289,0.612898378738828,1.3569699349930187,1.5934862846373363,0.012263984555236897,238.57595813232246,241.22758070792517,0.0,4.683413625487827
124.50397819987086,16865.642272409183,221.3516607643964,216.64999999999998,9038.196386411244,0.14533197883246582,295.0694935090715,0.7501678947965905,0.6124027181452019,1.3569699349930187,1.5879243902343576,0.012158655749744065,238.4032968179461,241.03403854371913,0.0,4.663258589315862
124.65398299288275,16832.503709844867,220.48306629082026,216.64999999999998,9085.299057077389,0.14608937821211385,295.0694935090715,0.7472242002002888,0.6119212308185381,1.3569699349930187,1.58245218217296,0.012054872764236186,238.23290983012959,240.84304575246375,0.0,4.643313782406139
124.80398778589463,16799.494838895596,219.62247222500613,216.64999999999998,9132.461912023515,0.14684774534020748,295.0694935090715,0.7443076192431061,0.6114535789343872,1.3569699349930187,1.5770674910326725,0.011952601883325592,238.0647529282695,240.65455274330452,0.0,4.623575404378585
124.95399257890654,16766.614469182183,218.76975134147347,216.64999999999998,9179.68505319743,0.1476070818560425,295.0694935090715,0.7414177207537983,0.6109994344587596,1.3569699349930187,1.5717682164132551,0.011851810405834587,237.89878305698736,240.4685112539473,0.0,4.604039758564475
125.10399737191842,16733.861428964614,217.9247794187953,216.64999999999998,9226.9685789605,0.14836738934124544,295.0694935090715,0.738554083741956,0.6105584787668651,1.3569699349930187,1.5665523234536538,0.011752466540096547,237.73495829445486,240.28487429273446,0.0,4.584703235467111
125.25400216493031,16701.234564918745,217.0874351900446,216.64999999999998,9274.312583898674,0.1491286693167352,295.0694935090715,0.7357162972300644,0.6101304023336115,1.3569699349930187,1.5614178409740966,0.01165453938795593,237.57323782285147,240.10359610552965,0.0,4.565562313081762
125.40400695794222,16668.732741887146,216.2576002704141,216.64999999999998,9321.717158677515,0.14989092324039177,295.0694935090715,0.7329039600082059,0.6097149044222245,1.3569699349930187,1.5563628593219816,0.011557998973296324,237.4135818951014,239.92463213843206,0.0,4.546613565896437
125.5540117509541,16636.354842137556,215.43515901813984,216.64999999999998,9369.182390628148,0.15065415251647818,295.0694935090715,0.7301166801627245,0.6093116927511127,1.3569699349930187,1.5513855273498813,0.011462816155649414,237.25595178959676,239.7479389870241,0.0,4.527853651336269
125.70401654396599,16604.099764993243,214.61999846373578,216.64999999999998,9416.70836381339,0.1514183584967039,295.0694935090715,0.7273540748363998,0.6089204832075894,1.3569699349930187,1.5464840504286297,0.01136896258864281,237.10030977895252,239.57347436134768,0.0,4.5092793046781
125.8540213369779,16571.96642667595,213.81200826114656,216.64999999999998,9464.295158791212,0.15218354247642132,295.0694935090715,0.7246157700629029,0.6085409995816037,1.3569699349930187,1.541656688799691,0.01127641074565042,236.94661910361367,239.40119705631955,0.0,4.4908873471454145
126.00402612998978,16539.953759785374,213.01108058424842,216.64999999999998,9511.942852924063,0.15294970569959962,295.0694935090715,0.7219014004160335,0.6081729732828646,1.3569699349930187,1.5369017552087147,0.0111851338763501,236.79484393570345,239.23106691120753,0.0,4.472674680315012
126.15403092300167,16508.060712753522,212.2171100284714,216.64999999999998,9559.651520745841,0.1537168493647256,295.0694935090715,0.7192106086763154,0.6078161430715376,1.3569699349930187,1.53221761267221,0.01109510594324476,236.6449493446308,239.06304477107864,0.0,4.454638276290655
126.30403571601356,16476.286249713365,211.42999357541083,216.64999999999998,9607.421233725567,0.15448497462100352,295.0694935090715,0.7165430457110631,0.607470254826986,1.3569699349930187,1.527602673168149,0.011006301629873644,236.49690127527353,238.89709246234386,0.0,4.4367751820191295
126.45404050902546,16444.629350210824,210.64963052613456,216.64999999999998,9655.252060271041,0.15525408256841408,295.0694935090715,0.7138983702483579,0.6071350613098776,1.3569699349930187,1.5230553959151705,0.010918696338679583,236.3506665207745,238.73317276226447,0.0,4.419082521554262
126.60404530203735,16413.089008558338,209.87592238739225,216.64999999999998,9703.144066287863,0.1560241742667031,295.0694935090715,0.711276248491408,0.6068103219130768,1.3569699349930187,1.5185742850447774,0.010832266119228313,236.20621268714524,238.5712493592749,0.0,4.401557484161222
126.75405009504924,16381.664233673408,209.10877283810905,216.64999999999998,9751.097315022495,0.15679525073285816,295.0694935090715,0.7086763540049941,0.6064958024559003,1.3569699349930187,1.5141578884414115,0.010746987657236617,236.06350817353828,238.4112868308694,0.0,4.384197324478223
126.90405488806114,16350.354048922809,208.3480876847145,216.64999999999998,9799.111866900965,0.15756731293851498,295.0694935090715,0.7060983675640774,0.6061912749798691,1.3569699349930187,1.50980479643998,0.010662838292965621,235.92252215087,238.25325061963943,0.0,4.366999368640141
127.05405968107303,16319.157491552434,207.5937747609286,216.64999999999998,9847.187780011678,0.15834036181772085,295.0694935090715,0.7035419768141719,0.6058965175294225,1.3569699349930187,1.5055136397936317,0.010579795962289213,235.78322453065434,238.09710699833852,0.0,4.349961004595581
127.20406447408492,16288.073612404902,206.84574387715742,216.64999999999998,9895.325110164384,0.1591143982678828,295.0694935090715,0.701006876099844,0.6056113139606971,1.3569699349930187,1.5012830883731674,0.010497839168547357,235.64558594360815,237.94282304590018,0.0,4.333079678494775
127.35406926709682,16257.10147582726,206.1039067910795,216.64999999999998,9943.52391066254,0.15988942314610738,295.0694935090715,0.6984927663650297,0.60533545376443,1.3569699349930187,1.497111850177045,0.010416946999004329,235.50957772258073,237.79036662830288,0.0,4.316352900184987
127.5040740601087,16226.240159279856,205.368177134821,216.64999999999998,9991.784232545506,0.16066543727309496,295.0694935090715,0.6959993549062273,0.6050687318783264,1.3569699349930187,1.4929986697677915,0.010337099094969446,235.37517187791792,237.63970637095488,0.0,4.29977823914912
127.6540788531206,16195.488752910664,204.63847034278058,216.64999999999998,10040.106124900161,0.1614424414381505,295.0694935090715,0.6935263551278955,0.6048109485069301,1.3569699349930187,1.488942326753485,0.010258275609152984,235.24234107345606,237.49081163178508,0.0,4.283353317637306
127.8040836461325,16164.84635947104,203.91470362942985,216.64999999999998,10088.48963464878,0.16222043639577266,295.0694935090715,0.6910734864672169,0.6045619089655119,1.3569699349930187,1.4849416349846074,0.010180457210552237,235.11105861206033,237.34365248503235,0.0,4.267075813556883
127.95408843914439,16134.312094114755,203.19679594521747,216.64999999999998,10136.9348065238,0.16299942286524802,295.0694935090715,0.6886404742446561,0.6043214235208746,1.3569699349930187,1.4809954414629505,0.010103625082007957,234.98129841750395,237.1981997009333,0.0,4.250943461845363
128.1040932321563,16103.885083889567,202.48466789216445,216.64999999999998,10185.441683540434,0.16377940153825069,295.0694935090715,0.6862270493779099,0.6040893072244312,1.3569699349930187,1.4771026247239993,0.01002776087233243,234.85303500946782,237.0544247176985,0.0,4.234954046240293
128.25409802516816,16073.56446761853,201.77824170073538,216.64999999999998,10234.010306864235,0.16456037307671262,295.0694935090715,0.6838329483035223,0.6038653797716935,1.3569699349930187,1.4732620940931724,0.009952846688637428,234.7262434900292,236.91229962636714,0.0,4.2191053993428715
128.40410281818006,16043.349395806523,201.07744120267847,216.64999999999998,10282.640715640939,0.16534233811008764,295.0694935090715,0.6814579128848393,0.6036494653643547,1.3569699349930187,1.469472788893141,0.009878865107243768,234.60089952969867,236.7717971551555,0.0,4.203395406599864
128.55410761119197,16013.239030191911,200.38219175665222,216.64999999999998,10331.332947403342,0.1661252972418939,295.0694935090715,0.6791016901599547,0.6034413925623888,1.3569699349930187,1.4657336770265956,0.009805799134505827,234.47697934533377,236.63289064469936,0.0,4.187821999643673
128.70411240420384,15983.232543525965,199.6924202109944,216.64999999999998,10380.087038125472,0.16690925105058493,295.0694935090715,0.6767640322155335,0.6032409941530931,1.3569699349930187,1.4620437540953688,0.00973363218804526,234.35445968508205,236.49555403117617,0.0,4.172383153822038
128.85411719721574,15953.329119523827,199.0080548866457,216.64999999999998,10428.903022003817,0.1676942000860319,295.0694935090715,0.6744446961289392,0.6030481070299515,1.3569699349930187,1.4584020428059108,0.009662348106335697,234.23331781718275,236.35976183375266,0.0,4.1570768917390994
129.00412199022765,15923.527952564707,198.32902552462696,216.64999999999998,10477.780931650826,0.16848014487263493,295.0694935090715,0.6721434437902325,0.6028625720650529,1.3569699349930187,1.4548075919044932,0.009591931128434933,234.11353151274335,236.22548913527825,0.0,4.141901280398021
129.15412678323952,15893.828247352463,197.65526323152932,216.64999999999998,10526.720798365375,0.1692670859136723,295.0694935090715,0.669860041717436,0.602684233985819,1.3569699349930187,1.4512594751067447,0.009522365866064524,233.9950790285065,236.09271156296802,0.0,4.126854426590791
129.30413157625142,15864.229218863447,196.98670046582765,216.64999999999998,10575.722651940006,0.17005502368820075,295.0694935090715,0.6675942610101494,0.6025129412668295,1.3569699349930187,1.4477567906015796,0.009453637305829156,233.8779390970957,235.96140527746866,0.0,4.111934478712392
129.45413636926332,15834.73009220585,196.32327100855025,216.64999999999998,10624.786520615977,0.17084395865033275,295.0694935090715,0.6653458772501488,0.6023485460204753,1.3569699349930187,1.444298660349136,0.009385730806361665,233.76209091471924,235.8315469590754,0.0,4.097139627479401
129.6041411622752,15805.330102211266,195.66490989888078,216.64999999999998,10673.91243149116,0.17163389123579548,295.0694935090715,0.6631146702831391,0.6021909038827221,1.3569699349930187,1.4408842289161647,0.009318632067352792,233.64751412301783,235.70311378738452,0.0,4.082468100477862
129.7541459552871,15776.028493346184,195.01155341792582,216.64999999999998,10723.100410406521,0.1724248218601053,295.0694935090715,0.6609004241637418,0.602039873914828,1.3569699349930187,1.4375126629884414,0.009252327123982471,233.53418879960526,235.57608343068972,0.0,4.067918162150834
129.90415074829897,15746.824519660944,194.3631390728949,216.64999999999998,10772.350481771271,0.17321675091575633,295.0694935090715,0.6587029271018812,0.6018953185076809,1.3569699349930187,1.4341831508925518,0.009186802352257445,233.42209544885793,235.45043403565813,0.0,4.053488116167362
130.05415554131088,15717.717444429842,193.7196055404006,216.64999999999998,10821.662668912932,0.1740096787778494,295.0694935090715,0.6565219712706254,0.6017571032799746,1.3569699349930187,1.4308949015738155,0.00912204444374996,233.31121498584517,235.32614420931705,0.0,4.03917630104337
130.20416033432278,15688.706539975441,193.08089263835188,216.64999999999998,10871.036994127846,0.17480360580490423,295.0694935090715,0.6543573527109331,0.6016250969865574,1.3569699349930187,1.4276471439805483,0.009058040393303797,233.20152872546907,235.20319300688044,0.0,4.024981088526419
130.35416512733465,15659.791087648877,192.4469413168848,216.64999999999998,10920.473478470743,0.1755985323354757,295.0694935090715,0.6522088713009171,0.6014991714333836,1.3569699349930187,1.4244391267141638,0.008994777503486606,233.09301837506155,235.08155992345067,0.0,4.010900885658006
130.50416992034656,15630.970377595806,191.81769361963688,216.64999999999998,10969.972141912242,0.17639445869068646,295.0694935090715,0.6500763306246016,0.6013792013888534,1.3569699349930187,1.421270117284137,0.008932243370989459,232.98566602206506,234.9612248802095,0.0,3.9969341328190033
130.65417471335846,15602.243708480473,191.19309264147662,216.64999999999998,11019.533003577862,0.17719138517807015,295.0694935090715,0.6479595378286663,0.6012650644978066,1.3569699349930187,1.4181394013275537,0.008870425869004401,232.879454121343,234.8421682101938,0.0,3.9830793008097714
130.80417950637033,15573.61038745574,190.5730825204347,216.64999999999998,11069.156081570929,0.17798931208872382,295.0694935090715,0.6458583035951014,0.6011566412047412,1.3569699349930187,1.4150462823045193,0.00880931314733951,232.77436548851472,234.7243706508244,0.0,3.969334891845454
130.95418429938223,15545.06973006494,189.95760841824966,216.64999999999998,11118.841392913992,0.17878823969636584,295.0694935090715,0.6437724420752757,0.6010538146768784,1.3569699349930187,1.4119900810433792,0.008748893629084181,232.67038329149005,234.60781333441716,0.0,3.9556994397732477
131.10418909239414,15516.621059907491,189.34661646995266,216.64999999999998,11168.58895390718,0.17958816826309834,295.0694935090715,0.641701770719078,0.6009564707246086,1.3569699349930187,1.4089701348741788,0.008689155991501968,232.5674910369528,234.4924777730315,0.0,3.9421715066974947
131.254193885406,15488.2637085721,188.74005377233013,216.64999999999998,11218.39878002939,0.1803890980378182,295.0694935090715,0.6396461102358166,0.6008644977312567,1.3569699349930187,1.4059857973032648,0.008630089161792904,232.4656725636104,234.37834585090397,0.0,3.928749682901656
131.4041986784179,15459.997015614881,188.1378683755913,216.64999999999998,11268.270885761563,0.1811910292533753,295.0694935090715,0.6376052845659806,0.6007777865850086,1.3569699349930187,1.4030364377340951,0.008571682318273651,232.36491203610004,234.2653998176171,0.0,3.915432587989276
131.55420347142982,15431.820328265158,187.5400092390662,216.64999999999998,11318.205284892969,0.18199396213149777,295.0694935090715,0.6355791207310983,0.6006962306075989,1.3569699349930187,1.400121440706746,0.008513924874874455,232.2651939330119,234.15362227467463,0.0,3.9022188682084042
131.7042082644417,15403.73300128291,186.94642620947687,216.64999999999998,11368.201990569194,0.1827978968835634,295.0694935090715,0.6335674487600985,0.600619725488944,1.3569699349930187,1.3972402054545712,0.008456806473310634,232.16650303887926,234.04299616652267,0.0,3.8891071954699292
131.8542130574536,15375.734396959131,186.3570700171572,216.64999999999998,11418.261015089167,0.183602833707336,295.0694935090715,0.6315701016764985,0.6005481692259255,1.3569699349930187,1.3943921457093047,0.008400316983709957,232.06882443928194,233.93350477506092,0.0,3.8760962682817195
132.0042178504655,15347.8238849302,185.77189224692734,216.64999999999998,11468.382370035379,0.1844087727890591,295.0694935090715,0.6295869153996974,0.6004814620595779,1.3569699349930187,1.3915766891668029,0.008344446495622602,231.9721435118528,233.82513170956173,0.0,3.8631848104605826
132.15422264347737,15320.000841949388,185.19084530450672,216.64999999999998,11518.566066488702,0.18521571430691042,295.0694935090715,0.6276177286311481,0.600419506414109,1.3569699349930187,1.38879327689976,0.008289185307607281,231.87644591671216,233.71786089594758,0.0,3.8503715694730682
132.30422743648927,15292.26465187248,184.61388241222105,216.64999999999998,11568.812114863935,0.1860236584283574,295.0694935090715,0.6256623828398084,0.6003622068411593,1.3569699349930187,1.386041363175395,0.008234523925711073,231.78171759187506,233.61167657164307,0.0,3.8376553168017185
132.45423222950117,15264.614705590117,184.04095759628933,216.64999999999998,11619.120524841557,0.1868326053090598,295.0694935090715,0.6237207222190567,0.6003094699644265,1.3569699349930187,1.3833204151618244,0.008180453059657228,231.6879447473612,233.50656327897224,0.0,3.825034847769569
132.60423702251305,15237.050400749149,183.47202564640762,216.64999999999998,11669.491305687705,0.18764255509801472,295.0694935090715,0.6217925935497193,0.6002612044234927,1.3569699349930187,1.3806299122631522,0.008126963612081817,231.595113854893,233.40250585361107,0.0,3.812508979717698
132.75424181552495,15209.57114170177,182.90704210747563,216.64999999999998,11719.924466166976,0.18845350793615484,295.0694935090715,0.6198778461720321,0.6002173208226415,1.3569699349930187,1.377969345899348,0.008074046675142586,231.50321164299794,233.2994894190974,0.0,3.8000765518691106
132.90424660853685,15182.176339503938,182.3459632762894,216.64999999999998,11770.420014365189,0.18926546395349805,295.0694935090715,0.6179763319744318,0.6001777316811903,1.3569699349930187,1.3753382193558208,0.00802169352860061,231.4122250929979,233.1974993823352,0.0,3.7877364255258072
133.05425140154873,15154.8654116707,181.78874616612782,216.64999999999998,11820.977957961823,0.19007842327352856,295.0694935090715,0.6160879052735385,0.6001423513828497,1.3569699349930187,1.3727360472007502,0.007969895631185199,231.32214142988266,233.09652142336446,0.0,3.7754874826671396
133.20425619456063,15127.637782058613,181.23534848958244,216.64999999999998,11871.59830427599,0.19089238601393588,295.0694935090715,0.6142124227559655,0.6001110961283268,1.3569699349930187,1.3701623549567843,0.00791864461586658,231.23294811627983,232.9965414886017,0.0,3.763328625438078
133.35426098757253,15100.492880879952,180.6857286583194,216.64999999999998,11922.281060070036,0.1917073522834568,295.0694935090715,0.6123497434775123,0.6000838838901782,1.3569699349930187,1.367616679006403,0.007867932287639543,231.14463284924412,232.89754578724109,0.0,3.7512587762153693
133.5042657805844,15073.430144553151,180.139845760768,216.64999999999998,11973.026231658936,0.19252332218363466,295.0694935090715,0.6104997287875503,0.6000606343675366,1.3569699349930187,1.3650985662000454,0.00781775061773918,231.05718355356808,232.7995207837563,0.0,3.7392768768112474
133.6542705735963,15046.449015510521,179.5976595348313,216.64999999999998,12023.833825106149,0.19334029581196838,295.0694935090715,0.6086622422365389,0.6000412689423105,1.3569699349930187,1.3626075734008714,0.007768091738302283,230.97058837441372,232.70245318964072,0.0,3.7273818877585008
133.8042753666082,15019.548942194933,179.05913036616815,216.64999999999998,12074.703846069304,0.1941582732594312,295.0694935090715,0.606837149570202,0.6000257106378349,1.3569699349930187,1.3601432673821527,0.007718947939593695,230.8848356741363,232.60632995984744,0.0,3.7155727881893883
133.95428015962008,14992.729379014178,178.52421928015664,216.64999999999998,12125.636299725338,0.19497725460926701,295.0694935090715,0.605024318702293,0.6000138840781322,1.3569699349930187,1.3577052246409702,0.007670311665767082,230.79991402815767,232.51113828816344,0.0,3.7038485753489434
134.10428495263199,14965.989786105101,177.99288790878077,216.64999999999998,12176.63119106017,0.1957972399416482,295.0694935090715,0.6032236196023721,0.6000057154478374,1.3569699349930187,1.3552930308731497,0.007622175510004893,230.71581221694424,232.41686559821727,0.0,3.6922082639394462
134.25428974564386,14939.329629257032,177.46509872825487,216.64999999999998,12227.688524862751,0.19661822933357986,295.0694935090715,0.6014349251011235,0.6000011324555252,1.3569699349930187,1.3529062845478845,0.007574532213903386,230.63251926078507,232.32349958246328,0.0,3.6806508864749947
134.40429453865576,14912.748380094596,176.9408140642538,216.64999999999998,12278.808305221768,0.19744022285080712,295.0694935090715,0.5996581075190479,0.6,1.3569699349930187,1.3505444369156994,0.007527374653366986,230.55002426032055,232.2310280234244,0.0,3.669175490346161
134.55429933166766,14886.245515369623,176.42000079933374,216.64999999999998,12329.99053673644,0.1982632205672843,295.0694935090715,0.5978930546200635,0.6,1.3569699349930187,1.3482021012834062,0.00748069586177536,230.46831713314572,232.13943961937687,0.0,3.6577811439336974
134.70430412467954,14859.820516398338,175.90263281429392,216.64999999999998,12381.23522547805,0.1990872225806361,295.0694935090715,0.596139677885359,0.6,1.3569699349930187,1.3458766894088146,0.007434489051838693,230.38738898350073,232.04872439874939,0.0,3.646466942506891
134.85430891769144,14833.47286824779,175.38868539562128,216.64999999999998,12432.542380466957,0.19991222903590772,295.0694935090715,0.5943978935600444,0.6,1.3569699349930187,1.343568184133112,0.007388747646666187,230.3072312143197,231.95887272478717,0.0,3.635232016488372
135.00431371070334,14807.202059711368,174.87813356615698,216.64999999999998,12483.912013641895,0.20073824012507105,295.0694935090715,0.5926676169957251,0.6,1.3569699349930187,1.3412765604260417,0.007343465262083506,230.22783526402844,231.86987500051947,0.0,3.6240755278308847
135.15431850371522,14781.007583270757,174.3709524735514,216.64999999999998,12535.344139856254,0.20156525608696496,295.0694935090715,0.5909487639669894,0.6,1.3569699349930187,1.339001791357321,0.007298635693451095,230.1491926665361,231.78172173600606,0.0,3.612996667427849
135.30432329672712,14754.888935135525,173.867117307051,216.64999999999998,12586.838776722027,0.20239327720478595,295.0694935090715,0.5892412503893958,0.6,1.3569699349930187,1.336743846841928,0.007254252904397456,230.0712950373586,231.69440353278264,0.0,3.6019946529396965
135.45432808973902,14728.845615305425,173.36660331222816,216.64999999999998,12638.395944405882,0.20322230380280915,295.0694935090715,0.5875449923693933,0.6,1.3569699349930187,1.3345026938790343,0.007210311008446996,229.9941340750526,231.6079110854683,0.0,3.5910687247999733
135.6043328827509,14702.877127436655,172.86938577974996,216.64999999999998,12690.015665811874,0.2040523362493261,295.0694935090715,0.5858599061662582,0.6,1.3569699349930187,1.3322782964332625,0.007166804265148695,229.91770155863293,231.5222351788704,0.0,3.580218145760529
135.7543376757628,14676.982978849655,172.3754400494339,216.64999999999998,12741.697966486734,0.20488337495512193,295.0694935090715,0.5841859082058392,0.6,1.3569699349930187,1.3300706155204967,0.007123727073372894,229.841989347367,231.43736668775435,0.0,3.5694421997101355
135.9043424687747,14651.162680640817,171.8847415313621,216.64999999999998,12793.442874315286,0.2057154203685778,295.0694935090715,0.582522915152114,0.6,1.3569699349930187,1.3278796095357852,0.007081073951208297,229.7669893831698,231.35329657952812,0.0,3.5587401870960598
136.05434726178657,14625.415747569796,171.39726569734998,216.64999999999998,12845.250419662034,0.20654847297794748,295.0694935090715,0.5808708438782765,0.6,1.3569699349930187,1.3257052341716389,0.007038839535586538,229.69269368843976,231.2700159118164,0.0,3.548111425227355
136.20435205479848,14599.741698011554,170.91298807810958,216.64999999999998,12897.120635386407,0.20738253331160256,295.0694935090715,0.579229611457123,0.6,1.3569699349930187,1.3235474424096114,0.0069970185809910875,229.61909436478905,231.18751583103736,0.0,3.537555248345586
136.35435684781038,14574.140054057363,170.4318842818781,216.64999999999998,12949.053556556724,0.20821760193343292,295.0694935090715,0.5775991352241855,0.6,1.3569699349930187,1.3214061848131375,0.006955605941731923,229.5461835950378,231.1057875746381,0.0,3.5270710035234965
136.50436164082225,14548.610341479594,169.95392999596086,216.64999999999998,13001.049220436409,0.2090536794426253,295.0694935090715,0.5759793327829598,0.6,1.3569699349930187,1.3192814095853187,0.006914596567477646,229.4739536425902,231.02482247039515,0.0,3.5166580498556184
136.65436643383416,14523.152089628122,169.47910097762693,216.64999999999998,13053.107666611268,0.20989076647570976,295.0694935090715,0.5743701219740512,0.6,1.3569699349930187,1.3171730624751679,0.0068739855083910836,229.40239684921295,230.94461193392434,0.0,3.5063157600787047
136.80437122684606,14497.764831487382,169.0073730654999,216.64999999999998,13105.228936790509,0.2107288637033601,295.0694935090715,0.5727714209137788,0.6,1.3569699349930187,1.3150810869681353,0.006833767903490555,229.33150563592073,230.86514746967345,0.0,3.496043517925164
136.95437601985793,14472.44810372874,168.53872219252094,216.64999999999998,13157.413074613938,0.21156797182729373,295.0694935090715,0.571183148038106,0.6,1.3569699349930187,1.313005424503207,0.006793938967841691,229.26127250407689,230.78642067215586,0.0,3.485840715124757
137.10438081286983,14447.201446574907,168.07312437355264,216.64999999999998,13209.660125845452,0.2124080915833828,295.0694935090715,0.5696052220606312,0.6,1.3569699349930187,1.3109460143343528,0.006754494002728073,229.1916900326857,230.70842322291543,0.0,3.475706754261618
137.25438560588174,14422.024403804318,167.61055570871284,216.64999999999998,13261.970138281093,0.21324922374017602,295.0694935090715,0.5680375619838853,0.6,1.3569699349930187,1.3089027936069622,0.006715428391396002,229.12275087806523,230.63114689015973,0.0,3.4656410479552355
137.4043903988936,14396.91652285157,167.15099240266494,216.64999999999998,13314.34316145535,0.21409136909417575,295.0694935090715,0.5664800871647075,0.6,1.3569699349930187,1.3068756976641984,0.0066767375803522145,229.05444777588892,230.55458353104862,0.0,3.4556430142842953
137.5543951919055,14371.877354692497,166.69441075491653,216.64999999999998,13366.77924679366,0.2149345284722904,295.0694935090715,0.5649327172813673,0.6,1.3569699349930187,1.3048646599456564,0.006638417088994817,228.9867735388973,230.4787250891292,0.0,3.4457120794807063
137.70439998491742,14346.906453794705,166.24078715632868,216.64999999999998,13419.27844763184,0.2157787027321468,295.0694935090715,0.5633953723217335,0.6,1.3569699349930187,1.3028696119683933,0.006600462512347065,228.91972105555925,230.40356359283507,0.0,3.4358476788722867
137.8544047779293,14322.003378209183,165.79009810624063,216.64999999999998,13471.840818938987,0.2166238927576346,295.0694935090715,0.5618679726413115,0.6,1.3569699349930187,1.3008904836019315,0.0065628695038516755,228.8532832917852,230.32909115740688,0.0,3.426049252633748
138.0044095709412,14297.167689530212,165.3423202126845,216.64999999999998,13524.466417314641,0.21747009945886045,295.0694935090715,0.56035043896397,0.6,1.3569699349930187,1.2989272031062447,0.006525633776328497,228.7874532901253,230.2552999839934,0.0,3.4163162462159153
138.1544143639531,14272.398952791727,164.89743018257394,216.64999999999998,13577.155301122633,0.21831732377430044,295.0694935090715,0.5588426923486904,0.6,1.3569699349930187,1.2969796970246534,0.006488751111920443,228.7222241675084,230.18218235711709,0.0,3.4066481131394104
138.30441915696497,14247.6967365184,164.4554048320736,216.64999999999998,13629.907530298327,0.21916556666770048,295.0694935090715,0.5573446542247095,0.6,1.3569699349930187,1.295047890361548,0.006452217351138632,228.65758911595964,230.10973064547863,0.0,3.397044312331231
138.45442394997687,14223.060612769985,164.01622109803608,216.64999999999998,13682.723166167068,0.2200148291251571,295.0694935090715,0.5558562464302791,0.6,1.3569699349930187,1.293131706779315,0.006416028382451331,228.59354140345863,230.03793730291855,0.0,3.387504305556711
138.60442874298874,14198.490157006458,163.57985602482316,216.64999999999998,13735.602271646083,0.22086511215836382,295.0694935090715,0.5543773911680033,0.6,1.3569699349930187,1.2912310684440884,0.006380180156810842,228.53007437120368,229.96679486535098,0.0,3.378027561407614
138.75443353600065,14173.984948089754,163.14628676703853,216.64999999999998,13788.544911156721,0.22171641680320017,295.0694935090715,0.5529080110140997,0.6,1.3569699349930187,1.2893458960933695,0.006344668684364386,228.46718143322147,229.89629595032577,0.0,3.3686135546258695
138.90443832901255,14149.544568374582,162.71549060718843,216.64999999999998,13841.551150342393,0.22256874411519603,295.0694935090715,0.5514480289782514,0.6,1.3569699349930187,1.2874761093219416,0.006309490016942661,228.40485607813537,229.82643325901103,0.0,3.3592617616271636
139.05444312202442,14125.16860359359,162.28744494516732,216.64999999999998,13894.621056229764,0.22342209517212377,295.0694935090715,0.5499973684679742,0.6,1.3569699349930187,1.2856216264647995,0.006274640260688975,228.34309186684266,229.75719957358908,0.0,3.3499716639933936
139.20444791503633,14100.856642807506,161.8621272942936,216.64999999999998,13947.75469725276,0.22427647107438406,295.0694935090715,0.5485559532751811,0.6,1.3569699349930187,1.2837823645692543,0.006240115580015651,228.28188243116583,229.68858775574492,0.0,3.3407427497001803
139.35445270804823,14076.608278488638,161.43951529708363,216.64999999999998,14000.95214298527,0.225131872940708,295.0694935090715,0.5471237076296415,0.6,1.3569699349930187,1.2819582396529015,0.006205912181225519,228.22122147535134,229.62059074834605,0.0,3.3315745089041404
139.5044575010601,14052.423106477863,161.01958672442743,216.64999999999998,14054.213464148095,0.22598830190826869,295.0694935090715,0.5457005561961867,0.6,1.3569699349930187,1.2801491667247906,0.006172026315255385,228.16110277516836,229.5532015744324,0.0,3.3224664348050874
139.654462294072,14028.300725882485,160.60231946533293,216.64999999999998,14107.538732748319,0.22684575913492233,295.0694935090715,0.544286424039954,0.6,1.3569699349930187,1.2783550596679203,0.006138454288817102,228.10152017567364,229.48641333471068,0.0,3.3134180267874234
139.8044670870839,14004.240739122326,160.18769153639488,216.64999999999998,14160.92802189361,0.2277042457962223,295.0694935090715,0.542881236658476,0.6,1.3569699349930187,1.2765758314048383,0.006105192454080495,228.04246759181328,229.42021920822916,0.0,3.3044287878040945
139.95447188009578,13980.242751967608,159.77568109192435,216.64999999999998,14214.38140562186,0.22856376308267978,295.0694935090715,0.5414849200160107,0.6,1.3569699349930187,1.2748113940763626,0.0060722371994707935,227.9839390091062,229.3546124531436,0.0,3.2954982220180122
140.10447667310768,13956.306373406636,159.36626641030477,216.64999999999998,14267.898959109474,0.22942431220311282,295.0694935090715,0.5400974004973011,0.6,1.3569699349930187,1.273061658875494,0.006039584965053063,227.92592848095,229.28958640369737,0.0,3.2866258390934497
140.25448146611959,13932.431215645773,158.95942589623388,216.64999999999998,14321.480758588266,0.2302858943833103,295.0694935090715,0.5387186049151736,0.6,1.3569699349930187,1.271326536107046,0.006007232239677919,227.8684301282077,229.22513446975825,0.0,3.2778111535796812
140.40448625913146,13908.61689419184,158.55513809693434,216.64999999999998,14375.126881075617,0.2311485108616928,295.0694935090715,0.5373484605654762,0.6,1.3569699349930187,1.2696059354545841,0.005975175544541114,227.81143814076464,229.1612501385635,0.0,3.2690536805659907
140.55449105214336,13884.863027739191,158.15338169112476,216.64999999999998,14428.83740454238,0.2320121628920125,295.0694935090715,0.5359868951897007,0.6,1.3569699349930187,1.26789976585128,0.005943411446299295,227.75494677523395,229.09792697214806,0.0,3.2603529393718595
140.70449584515526,13861.169238120443,157.75413548473657,216.64999999999998,14482.612407941033,0.23287685174380587,295.0694935090715,0.5346338369604672,0.6,1.3569699349930187,1.26620793544475,0.005911936561258558,227.69895035363928,229.03515860586765,0.0,3.251708454840047
140.85450063816714,13837.53515038284,157.35737842547778,216.64999999999998,14536.451970949041,0.23374257869826695,295.0694935090715,0.5332892145308815,0.6,1.3569699349930187,1.264530351839092,0.005880747539894223,227.64344326474838,228.97293874989398,0.0,3.2431197532249367
141.00450543117904,13813.960392743846,156.96308960121777,216.64999999999998,14590.35617398435,0.2346093450484966,295.0694935090715,0.5319529570290605,0.6,1.3569699349930187,1.262866922102126,0.0058498410700723045,227.58841996312944,228.91126118815666,0.0,3.2345863631840825
141.15451022419094,13790.444596491805,156.57124822950462,216.64999999999998,14644.32509834873,0.2354771521018073,295.0694935090715,0.5306249940226067,0.6,1.3569699349930187,1.2612175526401983,0.00581921388812852,227.53387496698642,228.850119775917,0.0,3.2261078189623924
141.30451501720282,13766.987396027724,156.18183366624106,216.64999999999998,14698.358826050062,0.23634600117686566,295.0694935090715,0.5293052555480103,0.6,1.3569699349930187,1.2595821493525658,0.005788862769149413,227.4798028586818,228.78950844035373,0.0,3.217683657844876
141.45451981021472,13743.588428897967,155.79482541470105,216.64999999999998,14752.457439642732,0.23721589360112594,295.0694935090715,0.5279936721412082,0.6,1.3569699349930187,1.2579606177939393,0.005758784518521385,227.4261982852964,228.72942118119073,0.0,3.2093134179207263
141.60452460322662,13720.247335666008,155.4102031116816,216.64999999999998,14806.621022440035,0.23808683071424544,295.0694935090715,0.5266901747906506,0.6,1.3569699349930187,1.2563528630000136,0.005728975986979128,227.37305595602368,228.66985206777616,0.0,3.200996642376111
141.7545293962385,13696.963759911087,155.02794652934537,216.64999999999998,14860.849658436386,0.23895881386683374,295.0694935090715,0.5253946949435464,0.6,1.3569699349930187,1.2547587895400172,0.005699434067995804,227.32037064176083,228.610795238624,0.0,3.192732878906823
141.9045341892504,13673.737348303417,154.64803559014817,216.64999999999998,14915.143432049692,0.23983184441631009,295.0694935090715,0.524107164556453,0.6,1.3569699349930187,1.2531783017662987,0.005670155682317699,227.26813717650063,228.5522449029744,0.0,3.184521675509893
142.0545389822623,13650.567750494522,154.27045035553903,216.64999999999998,14969.502428293892,0.24070592372967772,295.0694935090715,0.52282751605698,0.6,1.3569699349930187,1.2516113036763534,0.005641137790723643,227.2163504551085,228.49419533830167,0.0,3.176362584154858
142.20454377527417,13627.45461906916,153.8951710214826,216.64999999999998,15023.926732811096,0.24158105318404077,295.0694935090715,0.5215556823286149,0.6,1.3569699349930187,1.2500576988719465,0.005612377398117887,227.16500543206269,228.43664088890233,0.0,3.1682551620644896
142.35454856828608,13604.397609615498,153.52217793194401,216.64999999999998,15078.416431625861,0.24245723416265294,295.0694935090715,0.5202915967564238,0.6,1.3569699349930187,1.2485173907864728,0.0055838715389234465,227.11409712265973,228.37957596724624,0.0,3.160198967721989
142.50455336129798,13581.396380680524,153.15145157669025,216.64999999999998,15132.971611167755,0.2433344680552805,295.0694935090715,0.5190351932195993,0.6,1.3569699349930187,1.246990282680896,0.005555617280333844,227.06362060206814,228.32299505291593,0.0,3.152193561881761
142.65455815430985,13558.450593674326,152.7829725807524,216.64999999999998,15187.59235841773,0.2442127562605558,295.0694935090715,0.5177864060557494,0.6,1.3569699349930187,1.2454762775132553,0.00552761173293634,227.013571003263,228.26689269029126,0.0,3.144238510691144
142.80456294732176,13535.559912908217,152.4167217124076,216.64999999999998,15242.27876073845,0.24509210018324903,295.0694935090715,0.5165451700879466,0.6,1.3569699349930187,1.243975278082815,0.00549985204154766,226.96394351749515,228.21126348907555,0.0,3.1363333832161953
142.95456774033363,13512.724005623366,152.05267989125198,216.64999999999998,15297.03090572492,0.24597250123186634,295.0694935090715,0.515311420652089,0.6,1.3569699349930187,1.2424871871783996,0.0054723353773249135,226.91473339476488,228.15610212482633,0.0,3.1284777492928177
143.10457253334553,13489.942541867511,151.69082817435353,216.64999999999998,15351.848881419295,0.246853960822104,295.0694935090715,0.5140850935499708,0.6,1.3569699349930187,1.2410119073984969,0.005445058952125345,226.86593594133467,228.1014033361675,0.0,3.1206711837199537
143.25457732635743,13467.215194492826,151.33114775777554,216.64999999999998,15406.732776238394,0.24773648037568274,295.0694935090715,0.5128661250544462,0.6,1.3569699349930187,1.2395493411976604,0.005418020016070614,226.81754651934176,228.04716192435492,0.0,3.112913265689812
143.4045821193693,13444.541639224944,150.97361999036954,216.64999999999998,15461.682678728035,0.24862006131639755,295.0694935090715,0.5116544519561731,0.6,1.3569699349930187,1.238099391120347,0.005391215842967466,226.76956054805984,227.99337275469074,0.0,3.1052035747106412
143.5545869123812,13421.921554557388,150.61822636239805,216.64999999999998,15516.698677738632,0.2495047050729413,295.0694935090715,0.5104500115250562,0.6,1.3569699349930187,1.2366619596569186,0.005364643742473163,226.7219735017753,227.94003075414273,0.0,3.0975416941885956
143.7045917053931,13399.354621705274,150.264948500964,216.64999999999998,15571.780862460826,0.2503904130794776,295.0694935090715,0.5092527414947569,0.6,1.3569699349930187,1.2352369491984492,0.005338301064001584,226.6747809086007,227.88713091001435,0.0,3.089927212671576
143.854596498405,13376.840524670068,149.91376818253468,216.64999999999998,15626.929322190425,0.2512771867718611,295.0694935090715,0.5080625801051365,0.6,1.3569699349930187,1.2338242622506608,0.005312185182929116,226.62797835157926,227.83466827118278,0.0,3.0823597199747184
144.0046012914169,13354.378950195647,149.56466733032855,216.64999999999998,15682.144146357234,0.25216502758810116,295.0694935090715,0.5068794660934015,0.6,1.3569699349930187,1.2324238014208921,0.005286293503739012,226.5815614677626,227.78263794706518,0.0,3.074838808173514
144.1546060844288,13331.969587676842,149.2176280038594,216.64999999999998,15737.425424672901,0.25305393697073897,295.0694935090715,0.5057033386586672,0.6,1.3569699349930187,1.2310354692843424,0.005260623470102768,226.53552594626152,227.73103510543353,0.0,3.0673640746330397
144.30461087744067,13309.61212919446,148.87263240630958,216.64999999999998,15792.773246969511,0.25394391636425245,295.0694935090715,0.5045341374869466,0.6,1.3569699349930187,1.2296591685189657,0.005235172556223677,226.48986752867924,227.67985497290056,0.0,3.059935119604166
144.45461567045257,13287.306269540628,148.52966289180497,216.64999999999998,15848.187703059855,0.25483496721280924,295.0694935090715,0.5033718027758048,0.6,1.3569699349930187,1.2282948020414068,0.005209938259416551,226.44458200952542,227.62909283538363,0.0,3.0525515441452997
144.60462046346447,13265.051706101227,148.18870195172963,216.64999999999998,15903.668882952768,0.25572709096372925,295.0694935090715,0.5022162751879796,0.6,1.3569699349930187,1.2269422728241692,0.005184918113723198,226.39966523386525,227.57874403546958,0.0,3.0452129541902715
144.75462525647634,13242.848138853262,147.849732215995,216.64999999999998,15959.216876786068,0.2566202890664065,295.0694935090715,0.5010674958556824,0.6,1.3569699349930187,1.2256014839367146,0.005160109687620931,226.35511309696332,227.52880397201562,0.0,3.037918959991664
144.90463004948825,13220.695270428509,147.51273646583084,216.64999999999998,16014.831774592474,0.257514562968545,295.0694935090715,0.4999254064239473,0.6,1.3569699349930187,1.2242723387651093,0.005135510570244631,226.31092154544103,227.47926810144645,0.0,3.0306691721652457
145.05463484250015,13198.592806012768,147.17769762248264,216.64999999999998,16070.513666476541,0.258409914119004,295.0694935090715,0.49878994901232604,0.6,1.3569699349930187,1.2229547408643415,0.005111118382932285,226.2670865752685,227.43013193550368,0.0,3.0234632051663977
145.20463963551202,13176.5404533016,146.8445987426266,216.64999999999998,16126.262642653382,0.2593063439684201,295.0694935090715,0.49766106619934963,0.6,1.3569699349930187,1.2216485939100012,0.005086930782933666,226.22360423065925,227.38139104000646,0.0,3.0163006784920503
145.35464442852393,13154.537922560328,146.5134230300376,216.64999999999998,16182.078793224242,0.2602038539655994,295.0694935090715,0.49653870106207115,0.6,1.3569699349930187,1.2203538019000344,0.005062945450356846,226.1804706050935,227.33304103599886,0.0,3.009181212917022
145.50464922153583,13132.584926581476,146.18415383270033,216.64999999999998,16237.96220820998,0.2611024455580552,295.0694935090715,0.49542279716627535,0.6,1.3569699349930187,1.2190702691347177,0.005039160091175731,226.1376818404375,227.28507759876257,0.0,3.0021044314597805
145.6546540145477,13110.681180597861,145.85677463253705,216.64999999999998,16293.912977699798,0.26200212019439967,295.0694935090715,0.4943132985316657,0.6,1.3569699349930187,1.2177979000813355,0.00501557244678666,226.09523412511817,227.2374964557707,0.0,2.9950699623164487
145.8046588075596,13088.826402314986,145.53126905224798,216.64999999999998,16349.93119169775,0.2629028793218759,295.0694935090715,0.49321014965504667,0.6,1.3569699349930187,1.2165365995007429,0.004992180285812766,226.0531236945326,227.19029338714688,0.0,2.988077436522249
145.9546636005715,13067.020311933828,145.207620861913,216.64999999999998,16406.016939991856,0.2638047243842533,295.0694935090715,0.4921132955326973,0.6,1.3569699349930187,1.2152862725725397,0.004968981397095036,226.01134683142098,227.1434642260834,0.0,2.981126485934641
146.10466839358338,13045.262632039328,144.88581396558757,216.64999999999998,16462.170312368642,0.2647076568252771,295.0694935090715,0.49102268161494395,0.6,1.3569699349930187,1.21404682471131,0.004945973602605362,225.9698998636605,227.0970048563681,0.0,2.974216747177256
146.25467318659528,13023.553087597546,144.56583240237256,216.64999999999998,16518.391398551397,0.2656116780876757,295.0694935090715,0.48993825380978634,0.6,1.3569699349930187,1.2128181616032094,0.004923154755282836,225.92877916394556,227.05091121202605,0.0,2.967347861094334
146.4046779796072,13001.891406014693,144.24766035832027,216.64999999999998,16574.680287976895,0.2665167896095706,295.0694935090715,0.48885995852324726,0.6,1.3569699349930187,1.2116001894128474,0.0049005227259777346,225.88798115086027,227.0051792785217,0.0,2.960519468906051
146.55468277261906,12980.277317041508,143.93128215532064,216.64999999999998,16631.037069972605,0.26742299282732546,295.0694935090715,0.4877877426217078,0.6,1.3569699349930187,1.2103928146338387,0.004878075414419124,225.8475022869938,226.95980509064634,0.0,2.9537312155827893
146.70468756563096,12958.710552731261,143.61668224656265,216.64999999999998,16687.46183379788,0.2683302891762088,295.0694935090715,0.48672155341652545,0.6,1.3569699349930187,1.2091959440383548,0.004855810752740545,225.80733907791907,226.91478473137326,0.0,2.9469827510070306
146.85469235864286,12937.19084749564,143.303845227441,216.64999999999998,16743.9546684296,0.26923868008694707,295.0694935090715,0.48566133870099765,0.6,1.3569699349930187,1.2080094848678447,0.004833726693094942,225.7674880731495,226.87011433293023,0.0,2.9402737263108323
147.00469715165474,12915.717938063928,142.99275583249934,216.64999999999998,16800.51566259964,0.27014816698632693,295.0694935090715,0.48460704674000205,0.6,1.3569699349930187,1.2068333448077033,0.0048118212105308,225.72794586531015,226.82579007587034,0.0,2.933603794814052
147.15470194466664,12894.291563400879,142.68339892541846,216.64999999999998,16857.144904943238,0.2710587512995813,295.0694935090715,0.48355862623606616,0.6,1.3569699349930187,1.2056674318517286,0.004790092312071325,225.68870908843797,226.78180818716677,0.0,2.9269726148698374
147.30470673767852,12872.911464736873,142.3757595053898,216.64999999999998,16913.842483853234,0.2719704344480453,295.0694935090715,0.4825160263509676,0.6,1.3569699349930187,1.2045116544212209,0.004768538028934382,225.64977441837533,226.7381649406539,0.0,2.920379847585281
147.45471153069042,12851.577385588662,142.06982271314803,216.64999999999998,16970.60848735731,0.2728832178471825,295.0694935090715,0.48147919672617834,0.6,1.3569699349930187,1.2033659214808252,0.004747156409891178,225.61113857311528,226.6948566574141,0.0,2.913825154859397
147.60471632370232,12830.289071654108,141.7655738179365,216.64999999999998,17027.443003330587,0.2737971029100033,295.0694935090715,0.48044808743869055,0.6,1.3569699349930187,1.2022301423554682,0.004725945533545367,225.57279831074152,226.65187970346904,0.0,2.907308203213508
147.7547211167142,12809.046270809358,141.46299821842226,216.64999999999998,17084.346119438687,0.2747120910461493,295.0694935090715,0.47942264900411735,0.6,1.3569699349930187,1.2011042267630891,0.004704903506284805,225.53475042914727,226.60923048946412,0.0,2.90082866325562
147.9047259097261,12787.84873316379,141.16208145381847,216.64999999999998,17141.317922924973,0.2756281836584723,295.0694935090715,0.4784028324143873,0.6,1.3569699349930187,1.1999880850100855,0.004684028449873868,225.4969917670366,226.56690547179113,0.0,2.894386205935679
148.054730702738,12766.69621096975,140.86280919304514,216.64999999999998,17198.35850078663,0.2765453821458659,295.0694935090715,0.47738858910100956,0.6,1.3569699349930187,1.1988816278416192,0.004663318511902352,225.4595192021659,226.5249011506169,0.0,2.887980505827332
148.20473549574987,12745.588458582964,140.5651672302823,216.64999999999998,17255.46793981789,0.27746368790395975,295.0694935090715,0.47637987092000356,0.6,1.3569699349930187,1.197784766389867,0.004642771869148142,225.42232965040537,226.48321406883147,0.0,2.8816112422536775
148.35474028876177,12724.525232514703,140.26914149519712,216.64999999999998,17312.646326405476,0.2783831023218314,295.0694935090715,0.4753766301865589,0.6,1.3569699349930187,1.196697412354767,0.004622386715792251,225.3854200666399,226.44184081305778,0.0,2.875278095715675
148.50474508177368,12703.506291393087,139.97471804980634,216.64999999999998,17369.893746568727,0.2793036267826505,295.0694935090715,0.47437881966440226,0.6,1.3569699349930187,1.1956194779747658,0.0046021612661786195,225.34878744399714,226.40077801278645,0.0,2.8689807488058423
148.65474987478555,12682.531395885784,139.6818830787779,216.64999999999998,17427.210286107078,0.2802252626660511,295.0694935090715,0.47338639253292913,0.6,1.3569699349930187,1.1945508758921313,0.004582093763467898,225.31242881227166,226.36002233860927,0.0,2.8627188889745403
148.80475466779745,12661.600308728175,139.3906228953938,216.64999999999998,17484.59603046172,0.2811480113459064,295.0694935090715,0.4723993024074121,0.6,1.3569699349930187,1.1934915192653595,0.004562182472230533,225.27634123830668,226.31957050264734,0.0,2.8564922063037037
148.95475946080936,12640.712794742582,139.10092394710364,216.64999999999998,17542.051064599935,0.2820718741884695,295.0694935090715,0.4714175033578223,0.6,1.3569699349930187,1.1924413218769574,0.004542425672136252,225.2405218263209,226.27941925891704,0.0,2.8503003915942866
149.10476425382123,12619.868620739224,138.81277280291886,216.64999999999998,17599.57547322497,0.28299685255574786,295.0694935090715,0.47044094986610757,0.6,1.3569699349930187,1.1914001979523037,0.004522821669669376,225.2049677159922,226.23956540118238,0.0,2.844143140095755
149.25476904683313,12599.067555513526,138.52615615420868,216.64999999999998,17657.169340723674,0.28392294780466126,295.0694935090715,0.4694695968288904,0.6,1.3569699349930187,1.1903680621891253,0.004503368796185119,225.16967608221407,226.20000576268166,0.0,2.8380201509794345
149.40477383984503,12578.30936989757,138.24106082513043,216.64999999999998,17714.832750963233,0.28485016128377344,295.0694935090715,0.4685033995928163,0.6,1.3569699349930187,1.1893448299426852,0.0044840653960833724,225.13464413603708,226.160737217183,0.0,2.831931123683256
149.5547786328569,12557.593836675167,137.95747376212273,216.64999999999998,17772.5657874655,0.28577849433609526,295.0694935090715,0.4675423139189461,0.6,1.3569699349930187,1.1883304170770423,0.004464909836797659,225.09986912303418,226.12175667715186,0.0,2.8258757611119663
149.7047834258688,12536.920730544687,137.67538202958326,216.64999999999998,17830.368533451758,0.2867079482998046,295.0694935090715,0.4665862959681077,0.6,1.3569699349930187,1.1873247399126508,0.0044459005120141585,225.06534832244185,226.08306109278837,0.0,2.819853770731034
149.8547882188807,12516.28982816802,137.39477281949107,216.64999999999998,17888.24107164721,0.28763852450510236,295.0694935090715,0.46563530233350625,0.6,1.3569699349930187,1.1863277153981082,0.0044270358304244195,225.03107904801314,226.04464745298338,0.0,2.8138648610761323
150.0047930118926,12495.700908134113,137.1156334482528,216.64999999999998,17946.18348432313,0.28857022427489043,295.0694935090715,0.4646892900300362,0.6,1.3569699349930187,1.1853392610781233,0.004408314218384588,224.9970586473044,226.00651278451923,0.0,2.8079087426460125
150.1547978049045,12475.15375088642,136.83795134735308,216.64999999999998,18004.195853442816,0.28950304892711853,295.0694935090715,0.46374821646259473,0.6,1.3569699349930187,1.184359294960483,0.004389734128192336,224.9632845002181,225.96865415043604,0.0,2.801985130599113
150.3048025979164,12454.648138749424,136.5617140689573,216.64999999999998,18062.278260530016,0.2904369997726685,295.0694935090715,0.4628120394450702,0.6,1.3569699349930187,1.1833877356224842,0.004371294031014381,224.92975401937613,225.93106865045036,0.0,2.796093742574495
150.45480739092827,12434.183855946601,136.28690929105926,216.64999999999998,18120.43078655987,0.2913720781136008,295.0694935090715,0.46188071721778756,0.6,1.3569699349930187,1.1824245023117466,0.004352992410873934,224.8964646504338,225.89375342130697,0.0,2.7902342968239324
150.60481218394017,12413.760688507526,136.0135248053433,216.64999999999998,18178.653512165198,0.2923082852464712,295.0694935090715,0.46095420840637247,0.6,1.3569699349930187,1.1814695147679315,0.004334827775866607,224.86341387030194,225.85670563478612,0.0,2.784406515853035
150.75481697695207,12393.378424265438,135.7415485178904,216.64999999999998,18236.946517588214,0.29324562246155494,295.0694935090715,0.4600324720241445,0.6,1.3569699349930187,1.180522693249457,0.00431679865631116,224.83059918693874,225.8199224974702,0.0,2.778610125902704
150.90482176996395,12373.036852905572,135.47096845899435,216.64999999999998,18295.30988248636,0.29418409103972404,295.0694935090715,0.4591154675053844,0.6,1.3569699349930187,1.1795839587095174,0.004298903593444297,224.7980181402399,225.78340125174142,0.0,2.772844853373521
151.05482656297585,12352.735765885522,135.20177277302705,216.64999999999998,18353.743686103884,0.2951236922552067,295.0694935090715,0.45820315467098754,0.6,1.3569699349930187,1.1786532326491843,0.0042811411490030656,224.7656683005228,225.74713917408275,0.0,2.7671104279551066
151.20483135598775,12332.474956400481,134.93394971426397,216.64999999999998,18412.2480073178,0.29606442737632577,295.0694935090715,0.4572954937143159,0.6,1.3569699349930187,1.1777304370648805,0.004263509908317249,224.733547267743,225.7111335741996,0.0,2.761406583692233
151.35483614899962,12312.254219429333,134.66748765596546,216.64999999999998,18470.822924450793,0.29700629766249087,295.0694935090715,0.4563924452319748,0.6,1.3569699349930187,1.1768154946120082,0.0042460084695433425,224.701652672305,225.67538179592867,0.0,2.7557330555661115
151.50484094201153,12292.073351700494,134.402375087257,216.64999999999998,18529.468515314857,0.29794930436489975,295.0694935090715,0.4554939702132406,0.6,1.3569699349930187,1.1759083285710612,0.00422863544623749,224.66998217440727,225.63988121650385,0.0,2.7500895803701004
151.6548457350234,12271.932151624052,134.13860060414953,216.64999999999998,18588.184857354856,0.2988934487288468,295.0694935090715,0.4546000300096276,0.6,1.3569699349930187,1.1750088627168411,0.004211389475298421,224.63853346269718,225.6046292450484,0.0,2.744475899345512
151.8048505280353,12251.830419316757,133.87615291482356,216.64999999999998,18646.972027523643,0.29983873199171507,295.0694935090715,0.4537105863527967,0.6,1.3569699349930187,1.1741170214195458,0.0041942692101942835,224.60730425463726,225.56962332298536,0.0,2.738891756044239
151.9548553210472,12231.767956619075,133.61502084443512,216.64999999999998,18705.830102178654,0.3007851553813133,295.0694935090715,0.4528256013708422,0.6,1.3569699349930187,1.1732327297395684,0.0041772733152188,224.57629229681035,225.53486092437993,0.0,2.733336894501122
152.10486011405908,12211.744567008229,133.35519332346573,216.64999999999998,18764.759157283977,0.3017327201191254,295.0694935090715,0.4519450375488102,0.6,1.3569699349930187,1.1723559132527348,0.004160400476264418,224.54549536327278,225.50033955409322,0.0,2.727811062798251
152.25486490707098,12191.760055596027,133.09665938836136,216.64999999999998,18823.759268366124,0.30268142741959914,295.0694935090715,0.45106885773086364,0.6,1.3569699349930187,1.1714864980746895,0.004143649399057851,224.51491125537888,225.46605674758572,0.0,2.7223140125536283
152.40486970008288,12171.814229174515,132.8394081908044,216.64999999999998,18882.83051032784,0.30363127848715227,295.0694935090715,0.4501970251517053,0.6,1.3569699349930187,1.17062441102871,0.004127018798322151,224.48453780262608,225.4320100718644,0.0,2.716845495416217
152.55487449309476,12151.906896141447,132.58342898797432,216.64999999999998,18941.972957616556,0.3045822745188812,295.0694935090715,0.44932950340357103,0.6,1.3569699349930187,1.1697695795013197,0.004110507406999173,224.45437286125187,225.3981971239102,0.0,2.7114052661341974
152.70487928610666,12132.037866467845,132.32871113853338,216.64999999999998,19001.18668427121,0.3055344167053139,295.0694935090715,0.4484662564226251,0.6,1.3569699349930187,1.168921931390015,0.004094113979229729,224.42441431351978,225.3646155298775,0.0,2.7059930835968973
152.85488407911856,12112.206951741538,132.0752441112261,216.64999999999998,19060.471763742946,0.3064877062275267,295.0694935090715,0.44760724851810424,0.6,1.3569699349930187,1.168081395259602,0.004077837280018644,224.3946600684929,225.3312629459613,0.0,2.700608707479414
153.00488887213044,12092.413965135387,131.82301748183002,216.64999999999998,19119.82826893939,0.30744214425785626,295.0694935090715,0.4467524443619832,0.6,1.3569699349930187,1.1672479003071685,0.00406167608773344,224.36510806143497,225.2981370577258,0.0,2.6952518991044507
153.15489366514234,12072.6587213438,131.5720209245531,216.64999999999998,19179.25627236587,0.30839773196217063,295.0694935090715,0.44590180895982084,0.6,1.3569699349930187,1.1664213762339735,0.004045629201750352,224.33575625256958,225.26523557871363,0.0,2.6899224240252684
153.30489845815424,12052.941036606497,131.32224421703873,216.64999999999998,19238.755846006286,0.3093544704979531,295.0694935090715,0.44505530766772206,0.6,1.3569699349930187,1.165601753341757,0.004029695435949181,224.3066026274404,225.23255625084948,0.0,2.6846200499249826
153.45490325116612,12033.260728724788,131.07367724488097,216.64999999999998,19298.327061224976,0.3103123610127248,295.0694935090715,0.44421290620763987,0.6,1.3569699349930187,1.1647889626223602,0.004013873613211839,224.2776451972101,225.20009684477546,0.0,2.6793445448251685
153.60490804417802,12013.617616980282,130.82630999046953,216.64999999999998,19357.969988964145,0.3112714046472189,295.0694935090715,0.44337457062957086,0.6,1.3569699349930187,1.1639829355869171,0.003998162575801803,224.24888199713578,225.1678551581418,0.0,2.6740956805836835
153.75491283718992,11994.01152213308,130.58013253358058,216.64999999999998,19417.684699703135,0.3122316025347259,295.0694935090715,0.4425402673135577,0.6,1.3569699349930187,1.163183604288286,0.003982561183675692,224.22031108642346,225.13582901544405,0.0,2.668873232389714
153.9049176302018,11974.442266464994,130.33513506016453,216.64999999999998,19477.47126327969,0.31319295579821965,295.0694935090715,0.4417099629994707,0.6,1.3569699349930187,1.1623909014815244,0.003967068304064744,224.1919305490329,225.104016268925,0.0,2.663676975321244
154.0549224232137,11954.909673709915,130.09130785301193,216.64999999999998,19537.32974905488,0.31415546555300905,295.0694935090715,0.4408836247553746,0.6,1.3569699349930187,1.161604760482476,0.003951682820377671,224.16373849238002,225.07241479712036,0.0,2.6585066873609278
154.2049272162256,11935.413569023633,129.84864128790838,216.64999999999998,19597.260225960297,0.31511913290749727,295.0694935090715,0.4400612199644975,0.6,1.3569699349930187,1.1608251151160534,0.003936403635080755,224.13573304668697,225.04102250413007,0.0,2.653362150417032
154.35493200923747,11915.953779025074,129.60712584180195,216.64999999999998,19657.26276232605,0.3160839589604156,295.0694935090715,0.4392427163529101,0.6,1.3569699349930187,1.1600518998660043,0.0039212296597494365,224.10791236572157,225.00983732044733,0.0,2.6482431470236723
154.50493680224938,11896.530131766822,129.36675208985028,216.64999999999998,19717.33742592524,0.3170499448015389,295.0694935090715,0.43842808197951877,0.6,1.3569699349930187,1.1592850498393326,0.0039061598175027714,224.08027462625165,224.9788572023468,0.0,2.6431494611916544
154.65494159526128,11877.142456675874,129.12751069719604,216.64999999999998,19777.484284112325,0.3180170915139103,295.0694935090715,0.4376172852081918,0.6,1.3569699349930187,1.1585245006411202,0.0038911930503844634,224.0528180269005,224.94808013060174,0.0,2.6380808809456475
154.80494638827315,11857.790584576245,128.88939242372408,216.64999999999998,19837.703403709496,0.31898540017201427,295.0694935090715,0.4368102947238819,0.6,1.3569699349930187,1.157770188466585,0.003876328313097798,224.0255407885013,224.91750411088117,0.0,2.6330371962555006
154.95495118128505,11838.474347704663,128.6523881283302,216.64999999999998,19897.994850913103,0.31995487184027177,295.0694935090715,0.43600707954709306,0.6,1.3569699349930187,1.1570220501862196,0.003861564567723197,223.99844115439137,224.88712717407995,0.0,2.628018197277478
155.10495597429696,11819.19357963466,128.4164887582581,216.64999999999998,19958.35869148613,0.3209255075761355,295.0694935090715,0.4352076089977432,0.6,1.3569699349930187,1.1562800231792278,0.003846900793746251,223.97151738900095,224.85694737473662,0.0,2.6230236777947096
155.25496076730883,11799.94811527511,128.18168534965528,216.64999999999998,20018.794990720668,0.32189730842948633,295.0694935090715,0.43441185269704785,0.6,1.3569699349930187,1.1555440453542878,0.0038323359864371825,223.94476777773437,224.8269627909003,0.0,2.618053434717785
155.40496556032073,11780.737790911286,127.94796903593051,216.64999999999998,20079.30381326602,0.32287027543986907,295.0694935090715,0.4336197805958444,0.6,1.3569699349930187,1.1548140553034942,0.0038178691468095873,223.91819062773868,224.7971715249924,0.0,2.6131072646972666
155.55497035333264,11761.562444139909,127.71533103882568,216.64999999999998,20139.885223289635,0.32384440963908057,295.0694935090715,0.43283136294433383,0.6,1.3569699349930187,1.154089992164209,0.0038034992902383166,223.89178426670395,224.76757170246162,0.0,2.6081849670948394
155.7049751463445,11742.421913841046,127.48376266474145,216.64999999999998,20200.539284524617,0.3248197120519335,295.0694935090715,0.4320465702796285,0.6,1.3569699349930187,1.1533717955681082,0.003789225449249666,223.8655470422713,224.73816147112058,0.0,2.60328634498601
155.8549799393564,11723.31604021731,127.25325531251855,216.64999999999998,20261.26606010428,0.32579618369359603,295.0694935090715,0.4312653734521232,0.6,1.3569699349930187,1.1526594057850605,0.0037750466639202935,223.83947732274163,224.70893900194014,0.0,2.598411201909027
156.00498473236829,11704.24466476664,127.02380047059862,216.64999999999998,20322.065612606355,0.32677382557030277,295.0694935090715,0.43048774361587283,0.6,1.3569699349930187,1.1519527636874258,0.0037609619842557643,223.8135734965792,224.67990248849298,0.0,2.593559342707232
156.1549895253802,11685.207630226945,126.79538970916977,216.64999999999998,20382.938004188556,0.3277526386815344,295.0694935090715,0.429713652201974,0.6,1.3569699349930187,1.1512518106279797,0.0037469704773338305,223.78783397135564,224.65105014576991,0.0,2.5887305760265775
156.3049943183921,11666.204780597755,126.56801468470509,216.64999999999998,20443.88329647975,0.3287326240182681,295.0694935090715,0.42894307093394574,0.6,1.3569699349930187,1.1505564885281645,0.0037330712212549264,223.7622571740982,224.6223802105702,0.0,2.5839247122748503
156.45499911140396,11647.235961155453,126.34166714402171,216.64999999999998,20504.901550490373,0.3297137825615366,295.0694935090715,0.4281759718414859,0.6,1.3569699349930187,1.1498667399593785,0.0037192633000578904,223.73684155158068,224.5938909418278,0.0,2.5791415618922144
156.60500390441587,11628.301018382364,126.11633891409677,216.64999999999998,20565.992826800084,0.33069611528544596,295.0694935090715,0.4274123272259574,0.6,1.3569699349930187,1.1491825079807765,0.0037055458134328625,223.71158556901614,224.5655806191458,0.0,2.5743809387422623
156.75500869742777,11609.399799965666,125.89202190260058,216.64999999999998,20627.157185522843,0.3316796231566139,295.0694935090715,0.4266521096621946,0.6,1.3569699349930187,1.1485037361586359,0.003691917875161333,223.68648770996163,224.53744754268976,0.0,2.5696426596173856
156.90501349043964,11590.532154836554,125.66870810587088,216.64999999999998,20688.394686141208,0.3326643071315054,295.0694935090715,0.4258952920255288,0.6,1.3569699349930187,1.1478303687144695,0.003678378603415061,223.66154647705434,224.50949003401286,0.0,2.56492654089971
157.05501828345155,11571.697933109599,125.44638960038209,216.64999999999998,20749.70538766333,0.333650168158957,295.0694935090715,0.42514184746287714,0.6,1.3569699349930187,1.1471623503903081,0.0036649271291186295,223.63676039090154,224.4817064348115,0.0,2.560232401494201
157.20502307646345,11552.896986056663,125.22505853924126,216.64999999999998,20811.089348670354,0.33463720718093914,295.0694935090715,0.4243917493808671,0.6,1.3569699349930187,1.1464996263986567,0.003651562598658364,223.61212798954114,224.45409510632078,0.0,2.5555600638155034
157.35502786947532,11534.129166144261,125.0047071596237,216.64999999999998,20872.546627156968,0.33562542512999216,295.0694935090715,0.42364497147103625,0.6,1.3569699349930187,1.1458421425610992,0.0036382841645940856,223.58764782912223,224.42665443007726,0.0,2.5509093505793428
157.50503266248722,11515.394327008424,124.78532778005679,216.64999999999998,20934.077280575213,0.3366148229299307,295.0694935090715,0.42290148770062685,0.6,1.3569699349930187,1.145189845272813,0.003625090987988539,223.5633184834539,224.39938280741313,0.0,2.5462800856385073
157.65503745549913,11496.692323403066,124.56691279292475,216.64999999999998,20995.68136596682,0.3376054014979719,295.0694935090715,0.42216127228718453,0.6,1.3569699349930187,1.1445426813836435,0.0036119822453364323,223.5391385430299,224.37227865836306,0.0,2.541672096446081
157.805042248511,11478.023011220717,124.34945466881254,216.64999999999998,21057.358939858987,0.3385971617430592,295.0694935090715,0.42142429971327955,0.6,1.3569699349930187,1.1439005982829806,0.003598957122708732,223.51510661537097,224.34534042204788,0.0,2.537085212038829
157.9550470415229,11459.386247507387,124.13294596038565,216.64999999999998,21119.11005817826,0.3395901045644777,295.0694935090715,0.42069054473965595,0.6,1.3569699349930187,1.1432635439777221,0.0035860148108481597,223.49122132531238,224.31856655699696,0.0,2.5325192613340795
158.1050518345348,11440.781890396347,123.9173792926683,216.64999999999998,21180.93477643304,0.3405842308547889,295.0694935090715,0.41995998237228355,0.6,1.3569699349930187,1.1426314669344575,0.003573154514598194,223.46748131379204,224.29195553978957,0.0,2.5279740764783343
158.25505662754668,11422.209799107372,123.70274736356137,216.64999999999998,21242.833149681363,0.3415795414993124,295.0694935090715,0.4192325878641138,0.6,1.3569699349930187,1.1420043160976652,0.003560375451397086,223.44388523777587,224.26550586497137,0.0,2.523449492356656
158.40506142055858,11403.66983398419,123.48904295147501,216.64999999999998,21304.80523237055,0.3425760373735479,295.0694935090715,0.4185083367409465,0.6,1.3569699349930187,1.141382041032632,0.0035476768418843665,223.42043177096411,224.2392160458461,0.0,2.518945343296126
158.55506621357048,11385.161856437922,123.2762589071828,216.64999999999998,21366.85107849015,0.34357371934563397,295.0694935090715,0.41778720477382336,0.6,1.3569699349930187,1.140764591794227,0.0035350579180336485,223.39711960276315,224.21308461332313,0.0,2.5144614659667415
158.70507100658236,11366.685728922801,123.06438815048315,216.64999999999998,21428.97074161923,0.3445725882771089,295.0694935090715,0.4170691679677137,0.6,1.3569699349930187,1.140151918877867,0.003522517925787418,223.37394743779353,224.18711011536593,0.0,2.5099977003543996
158.85507579959426,11348.2413149719,122.8534236773248,216.64999999999998,21491.164274772324,0.34557264502043344,295.0694935090715,0.4163542025856626,0.6,1.3569699349930187,1.1395439733533985,0.003510056116051432,223.35091399654434,224.16129111772545,0.0,2.5055538865892744
159.00508059260616,11329.828479173986,122.64335855721963,216.64999999999998,21553.431730442335,0.3465738904196805,295.0694935090715,0.4156422851400229,0.6,1.3569699349930187,1.138940706830075,0.0034976717469807086,223.32801801496325,224.13562620348085,0.0,2.5011298657772394
159.15508538561804,11311.447087125287,122.43418592608985,216.64999999999998,21615.773160730012,0.34757632531261734,295.0694935090715,0.4149333923682144,0.6,1.3569699349930187,1.1383420713407721,0.0034853640907143817,223.30525824355433,224.11011397202807,0.0,2.4967254824334444
159.30509017862994,11293.09700544942,122.2258989904393,216.64999999999998,21678.188617243686,0.3485799505290933,295.0694935090715,0.41422750124686014,0.6,1.3569699349930187,1.137748019423863,0.0034731324276947805,223.28263344771446,224.08475303945676,0.0,2.4923405824865412
159.45509497164184,11274.778101811973,122.01849103107982,216.64999999999998,21740.678151016044,0.34958476688970136,295.0694935090715,0.41352458900441547,0.6,1.3569699349930187,1.1371585041983165,0.003460976041926445,223.26014240801763,224.05954203886932,0.0,2.487975011599243
159.60509976465372,11256.490244858596,121.811955393849,216.64999999999998,21803.241812681816,0.35059077520863563,295.0694935090715,0.41282463308971,0.6,1.3569699349930187,1.1365734792102007,0.0034488942301480444,223.23778391908974,224.03447961911934,0.0,2.483628618480494
159.75510455766562,11238.233304214564,121.60628549011987,216.64999999999998,21865.87965244783,0.3515979762932096,295.0694935090715,0.41212761117367513,0.6,1.3569699349930187,1.135992898449892,0.0034368863003745092,223.2155567895519,224.0095644447482,0.0,2.4793012543981976
159.90510935067752,11220.007150520727,121.4014748041282,216.64999999999998,21928.591719937365,0.3526063709413534,295.0694935090715,0.4114335011741764,0.6,1.3569699349930187,1.1354167164903852,0.0034249515627825917,223.19345984269955,223.98479519674612,0.0,2.4749927699199583
160.0551141436894,11201.811655380656,121.19751688519422,216.64999999999998,21991.378064339235,0.35361595994401096,295.0694935090715,0.4107422812296527,0.6,1.3569699349930187,1.1348448883595397,0.0034130893376357646,223.17149191554873,223.96017057148336,0.0,2.4707030177867897
160.2051189367013,11183.646691338065,120.99440534454317,216.64999999999998,22054.23873445476,0.3546267440858957,295.0694935090715,0.4100539296883409,0.6,1.3569699349930187,1.134277369492096,0.00340129895785107,223.1496518583864,223.935689280206,0.0,2.466431853873996
160.35512372971317,11165.512131911086,120.79213386215288,216.64999999999998,22117.173778548375,0.3556387241430877,295.0694935090715,0.4093684251314828,0.6,1.3569699349930187,1.1337141158593482,0.0033895797602496685,223.12793853540063,223.9113500497423,0.0,2.462179134051612
160.50512852272507,11147.407851570923,120.59069618429561,216.64999999999998,22180.183244389922,0.35665190088371446,295.0694935090715,0.4086857463649939,0.6,1.3569699349930187,1.1331550839347604,0.0033779310878040442,223.10635082430804,223.88715162208524,0.0,2.4579447150128044
160.65513331573698,11129.333725696775,120.39008611671024,216.64999999999998,22243.267179380815,0.35766627506997906,295.0694935090715,0.4080058723963242,0.6,1.3569699349930187,1.1326002305812468,0.0033663522961960104,223.0848876155179,223.8630927534553,0.0,2.4537284566817936
160.80513810874885,11111.289630595069,120.19029752861975,216.64999999999998,22306.42563045753,0.35868184745660836,295.0694935090715,0.4073287824480733,0.6,1.3569699349930187,1.132049513130389,0.003354842748293877,223.06354781246205,223.83917221467055,0.0,2.449530220235965
160.95514290176075,11093.27544351375,119.99132435632474,216.64999999999998,22369.65864401093,0.3596986187895563,295.0694935090715,0.40665445597016886,0.6,1.3569699349930187,1.1315028894550678,0.003343401809560569,223.04233033187617,223.81538879146186,0.0,2.4453498664477014
161.10514769477265,11075.291042584367,119.79316059433688,216.64999999999998,22432.96626605922,0.36071658980878396,295.0694935090715,0.40598287260981797,0.6,1.3569699349930187,1.1309603178201502,0.003332028856991661,223.0212341027534,223.79174128329964,0.0,2.441187258965338
161.25515248778453,11057.336306826408,119.59580029662573,216.64999999999998,22496.34854220408,0.3617357612475555,295.0694935090715,0.4053140122157322,0.6,1.3569699349930187,1.1304217569120865,0.003320723276920965,223.00025806638166,223.7682285034363,0.0,2.4370422635425606
161.40515728079643,11039.411116166848,119.39923758122512,216.64999999999998,22559.80551753249,0.36275613383085836,295.0694935090715,0.4046478548537393,0.6,1.3569699349930187,1.1298871659295644,0.0033094844588219055,222.97940117673735,223.74484927934694,0.0,2.4329147457877682
161.55516207380833,11021.51535334003,119.20344019622738,216.64999999999998,22623.33722983236,0.36377770816631283,295.0694935090715,0.403984291221087,0.6,1.3569699349930187,1.1293560033721637,0.0032983115488075276,222.95865960242844,223.72159931628897,0.0,2.4288044804139415
161.7051668668202,11003.648881680427,119.00881468010098,216.749876858709,22686.931121742244,0.3646321848630937,295.137500013493,0.40323176375303094,0.6,1.3569699349930187,1.1283152625237682,0.0032872074462668246,223.03795276350758,223.79840318148442,0.0,2.4247126244826016
161.8551716598321,10985.811486644587,118.81579728648187,216.86541989186736,22750.566514241902,0.3654601387146313,295.216154126433,0.4024705139800592,0.6,1.3569699349930187,1.1272119691918951,0.0032761781621512024,223.1331153940197,223.89110110165504,0.0,2.420641491982802
162.005176452844,10968.002923238198,118.62439454526343,216.98077681178685,22814.243511261466,0.366288192940263,295.29466064613155,0.40171533845448637,0.6,1.3569699349930187,1.1261289961641434,0.003265227534894007,223.22829506723912,223.98384063326054,0.0,2.4165926080616322
162.15518124585589,10950.2229518165,118.43457840973484,217.0959491676773,22877.96252286191,0.36711635346999144,295.37302074417397,0.4009661346569375,0.6,1.3569699349930187,1.125065925387249,0.0032543584412556567,223.32348955960288,224.07661909647655,0.0,2.412567151055636
162.3051860388678,10932.471336527004,118.24631990681527,217.21093848422296,22941.723952244894,0.36794462612968215,295.4512355740038,0.4002227970957233,0.6,1.3569699349930187,1.1240223192088472,0.003243573245821582,223.4186965514506,224.1694337067257,0.0,2.4085661163557988
162.4551908318797,10914.747845849042,118.05959070559939,217.3257462580865,23005.52819366192,0.3687730166142657,295.5293062685758,0.3994852226205523,0.6,1.3569699349930187,1.122997750067445,0.003232873769596663,223.51391378833753,224.26228175592186,0.0,2.404590303097946
162.60519562489156,10897.0522525071,117.87436310466902,217.4403739584698,23069.37563255934,0.369601530490027,295.6072339407695,0.3987533103749666,0.6,1.3569699349930187,1.1219918002892564,0.003222261359546828,223.60913907934207,224.3551606105053,0.0,2.4006403383498385
162.75520041790347,10879.384333266777,117.69060999827146,217.55482302843453,23133.266646152326,0.3704301732024482,295.68501968431866,0.39802696167672325,0.6,1.3569699349930187,1.1210040614992214,0.003211737030290073,223.70437029395723,224.44806770779832,0.0,2.396716728484945
162.90520521091537,10861.74386891554,117.50830487429889,217.66909488502614,23197.201603338184,0.37125895007546206,295.76266457392603,0.3973060800070241,0.6,1.3569699349930187,1.120034134610286,0.0032013014603277665,223.79960536115564,224.5410005549424,0.0,2.392819856722683
163.05521000392724,10844.13064424772,117.32742181418222,217.78319091937016,23261.18086459532,0.3720878663105203,295.840169665359,0.39659057100628925,0.6,1.3569699349930187,1.1190816298494939,0.003190954992954454,223.89484226864644,224.63395672805353,0.0,2.388949982415167
163.20521479693915,10826.54444784857,117.14793545711206,217.8971124980702,23325.204782614906,0.37291692699514756,295.91753599642834,0.3958803423482345,0.6,1.3569699349930187,1.118146166132523,0.0031806977537959724,223.99007905974082,224.72693386853942,0.0,2.385107284075269
163.35521958995105,10808.98507203641,116.96982099094612,218.01086096358182,23389.27370236584,0.3737461371041347,295.994764587271,0.39517530370527476,0.6,1.3569699349930187,1.1172273709235845,0.0031705296704300653,224.08531383201608,224.819929681557,0.0,2.3812918660677136
163.50522438296292,10791.45231287596,116.79305415693351,218.12443763412563,23453.387960901717,0.37457550149738905,296.07185644031836,0.39447536676109723,0.6,1.3569699349930187,1.116324880349527,0.0031604504515949142,224.18054473697626,224.91294193564252,0.0,2.3775037501775516
163.65522917597482,10773.945970019331,116.6176112238597,218.23784380471642,23517.547887799425,0.3754050249259546,296.14881254102266,0.3937804451189747,0.6,1.3569699349930187,1.1154383387545526,0.0031504596547404927,224.2757699776737,225.0059684599208,0.0,2.373742900392585
163.80523396898673,10756.46584658857,116.44346896869126,218.35108074792328,23581.753805452594,0.3762347120361356,296.2256338583992,0.39309045423244227,0.6,1.3569699349930187,1.1145673983721003,0.0031405567240834612,224.37098780677204,225.09900714184235,0.0,2.370009236804598
163.9552387619986,10739.011749186107,116.27060468020707,218.46414971380125,23646.00602889945,0.3770645673675943,296.3023213450054,0.3924053114144358,0.6,1.3569699349930187,1.1137117194182136,0.0031307409748417467,224.46619652618645,225.19205592678813,0.0,2.3663026293117397
164.1052435550105,10721.583487818538,116.09899614776232,218.57705193038424,23710.304865969927,0.3778945953555724,296.3788759373012,0.3917249357957718,0.6,1.3569699349930187,1.1128709699131403,0.003121011615076544,224.56139448576246,225.28511281652897,0.0,2.3626229055040975
164.2552483480224,10704.18087573007,115.92862163356234,218.68978860476358,23774.650617771265,0.37872480033747113,296.45529855640456,0.39104924822757176,0.6,1.3569699349930187,1.112044825198995,0.0031113677902964024,224.65658008086623,225.37817586639423,0.0,2.358969867259915
164.40525314103428,10686.803729389801,115.75945987162599,218.80236092316937,23839.043578610377,0.3795551865521466,296.53159010817086,0.3903781712747652,0.6,1.3569699349930187,1.1112329679464974,0.0031018085790721376,224.7517517517588,225.47124318456034,0.0,2.355343288902369
164.55525793404618,10669.451868483975,115.59149006864071,218.91477005102024,23903.484035898775,0.38038575813898223,296.6077514832503,0.38971162921602964,0.6,1.3569699349930187,1.1104350881979594,0.0030923329880788095,224.84690798314568,225.56431293153992,0.0,2.351742915125737
164.70526272705806,10652.125115739189,115.42469187456112,219.027017134068,23967.97227068745,0.3812165191450752,296.68378355788633,0.3890495479407976,0.6,1.3569699349930187,1.1096508828528542,0.003082939990256874,224.942047301731,225.65738331730174,0.0,2.348168475328227
164.85526752006996,10634.8232968759,115.25904537532685,219.139103298698,24032.508557723628,0.38204747352624463,296.7596871941417,0.38839185492173606,0.6,1.3569699349930187,1.1088800555587601,0.003073628530118741,225.0371682752286,225.7504526001259,0.0,2.344619685548579
165.00527231308186,10617.546240624153,115.09453109772295,219.25102965182685,24097.093165277107,0.38287862514507065,296.83546323985075,0.3877384792285536,0.6,1.3569699349930187,1.1081223168273828,0.003064397511502168,225.13226951222794,225.8435190864659,0.0,2.341096243717362
165.15527710609373,10600.29377859414,114.93112998828444,219.3627972817403,24161.72635551009,0.3837099777759276,296.9111125292087,0.3870893514535535,0.6,1.3569699349930187,1.1073773836716092,0.0030552458194544134,225.22734966035748,225.9365811287886,0.0,2.3375978379243434
165.30528189910564,10583.06574518006,114.76882339739791,219.4744072587155,24226.408384728005,0.38454153510847,296.98663588321335,0.3864444036550165,0.6,1.3569699349930187,1.1066449793367568,0.0030461723331750164,225.3224074047903,226.02963712382368,0.0,2.3341241513365643
165.45528669211754,10565.861977572325,114.60759308301648,219.58586063494124,24291.139503226972,0.38537330074592596,297.0620341096315,0.38580356936733373,0.6,1.3569699349930187,1.1059248333943508,0.003037175916584898,225.4174414680665,226.1226855123745,0.0,2.330674858576655
165.6052914851294,10548.682315697637,114.44742120192805,219.69715844490568,24355.919955412737,0.3862052782068792,297.13730800328136,0.38516678356884143,0.6,1.3569699349930187,1.1052166816063362,0.0030282554233101357,225.51245060912393,226.21572477818455,0.0,2.327249627608441
165.75529627814132,10531.526602081982,114.28829028683052,219.8083017062835,24420.749980214205,0.3870374709308256,297.21245834665206,0.38453398260153354,0.6,1.3569699349930187,1.1045202655253068,0.0030194097134627774,225.60743362140448,226.30875344570737,0.0,2.323848126179699
165.90530107115322,10514.394681842226,114.13018324587841,219.91929141998955,24485.62981101582,0.3878698822775396,297.28748590995906,0.38390510416723556,0.6,1.3569699349930187,1.1038353325099042,0.0030106376498858375,225.7023893324314,226.4017700796265,0.0,2.320470020407683
166.0553058641651,10497.286402683863,113.97308336420252,220.03012857019314,24550.55967556719,0.38870251552615065,297.3623914511721,0.3832800873304696,0.6,1.3569699349930187,1.1031616357779552,0.003001938092023365,225.79731660355554,226.494773284569,0.0,2.3171149724353364
166.205310657177,10480.201614755453,113.81697427957015,220.14081412526053,24615.539796438134,0.3895353738812087,297.43717571667065,0.3826588724335812,0.6,1.3569699349930187,1.102498933978964,0.0029933099114180573,225.89221432802253,226.58776170282516,0.0,2.3137826464259086
166.3553154501889,10463.14017061124,113.66183997652152,220.25134903799645,24680.570391068028,0.39036846047353585,297.5118394414247,0.3820414010747284,0.6,1.3569699349930187,1.1018469911079902,0.0029847519931111674,225.98708143023134,226.68073401348815,0.0,2.310472709152719
166.50532024320077,10446.101925228399,113.5076647912437,220.36173424553203,24745.651671608204,0.39120177835842423,297.5863833489364,0.38142761612230663,0.6,1.3569699349930187,1.1012055766201676,0.0029762632263356744,226.08191686573352,226.77368893246646,0.0,2.307184826443283
166.65532503621267,10429.086735901225,113.35443339424202,220.47197067000988,24810.783845234702,0.39203533051985656,297.66080815171995,0.38081746165408653,0.6,1.3569699349930187,1.1005744651318294,0.0029678425134397717,226.17671961979713,226.86662521079168,0.0,2.3039186666683733
166.80532982922458,10412.094462162078,113.20213077718694,220.58205921909556,24875.967114363546,0.39286911987346673,297.73511455166295,0.3802108829106354,0.6,1.3569699349930187,1.099953436197794,0.0029594887757376847,226.2714887062379,226.9595416332462,0.0,2.300673903065927
166.95533462223645,10395.124965794706,113.05074225663043,220.69200078589108,24941.20167651431,0.39370314926499467,297.8093032399848,0.37960782630598455,0.6,1.3569699349930187,1.0993422744031143,0.002951200946251787,226.3662231673624,227.05243701831012,0.0,2.297450210981253
167.10533941524835,10378.178110787221,112.90025346722199,220.801796249239,25006.487724405593,0.39453742147170784,297.88337489745714,0.3790082394027078,0.6,1.3569699349930187,1.0987407692593882,0.0029429779701057378,226.46092207325222,227.14531021732188,0.0,2.294247268065218
167.25534420826025,10361.253763218825,112.75065034261294,220.91144647445577,25071.825446308714,0.3953719392071147,297.9573301949148,0.37841207084536177,0.6,1.3569699349930187,1.0981487148699687,0.002934818813368362,226.55558452025605,227.23816011269957,0.0,2.2910647577718795
167.40534900127213,10344.351791254683,112.6019191154341,221.02095231336466,25137.215025988196,0.39620670512038964,298.03116979329235,0.37781927035864143,0.6,1.3569699349930187,1.0975659099506334,0.0029267224596929544,226.650209630709,227.3309856176221,0.0,2.2879023681140187
167.55535379428403,10327.472065147842,112.45404631927916,221.1303146042829,25202.656642615035,0.39704172179545166,298.10489434363075,0.3772297887523155,0.6,1.3569699349930187,1.0969921578886868,0.0029186879041813336,226.74479655281186,227.4237856758955,0.0,2.2847597893209644
167.70535858729593,10310.61445711875,112.3070187684071,221.23953417280174,25268.150471155644,0.39787699175610947,298.17850448761754,0.37664357785076646,0.6,1.3569699349930187,1.0964272663841779,0.002910714162397317,226.8393444590848,227.51655926012518,0.0,2.2816367174137806
167.8553633803078,10293.778841325073,112.16082355299747,221.34861183198183,25333.69668241496,0.39871251746678354,298.2520008577325,0.3760605904752963,0.6,1.3569699349930187,1.09587104738099,0.0029028002707541787,226.933852545806,227.60930537106333,0.0,2.278532854423503
168.0053681733197,10276.965093879959,112.0154480439712,221.45754838223428,25399.295442891605,0.39954830133083147,298.3253840771815,0.3754807804587994,0.6,1.3569699349930187,1.0953233171781542,0.0028949452783825504,227.02832003309618,227.7020230377178,0.0,2.275447905261793
168.1553729663316,10260.173092765146,111.87087987866231,221.56634461188327,25464.946915043554,0.4003843456941034,298.39865476028905,0.3749041025956733,0.6,1.3569699349930187,1.0947838961813858,0.002887148252393881,227.12274616378295,227.79471131601096,0.0,2.2723815798367135
168.3053777593435,10243.402717765553,111.72710694985595,221.67500129758963,25530.651257473943,0.40122065284747005,298.4718135127965,0.3743305126032138,0.6,1.3569699349930187,1.0942526087164515,0.002879408281735972,227.21713020247554,227.8873692876917,0.0,2.2693335946300106
168.4553825523554,10226.653850483357,111.5841174094622,221.78351920425916,25596.408624807456,0.40205722502540725,298.5448609318134,0.3737599671325363,0.6,1.3569699349930187,1.0937292831177554,0.0028717244708069177,227.31147143558707,227.97999606037115,0.0,2.2663036702448336
168.6053873453673,10209.926374301232,111.44189966325959,221.8918990852804,25662.21916776612,0.4028940644071189,298.61779760599023,0.3731924237493073,0.6,1.3569699349930187,1.0932137516491771,0.002864095938688722,227.4057691708036,228.07259076689888,0.0,2.263291531153155
168.75539213837916,10193.220174288057,111.30044235486707,222.00014168313527,25728.083033474104,0.40373117312056556,298.69062411594183,0.37262784087813855,0.6,1.3569699349930187,1.092705850220885,0.0028565218257007806,227.50002273586972,228.16515256392782,0.0,2.2602969083363518
168.90539693139107,10176.535137196373,111.15973436604408,222.1082477294153,25794.00036540399,0.4045685532419279,298.76334103426996,0.372066177802227,0.6,1.3569699349930187,1.0922054184131527,0.002849001290298991,227.59423147840673,228.25768063170833,0.0,2.25731953812123
169.05540172440294,10159.871151467483,111.01976481900044,222.21621794478813,25859.971303293005,0.40540620679468853,298.835948925553,0.37150739466976934,0.6,1.3569699349930187,1.0917122995388644,0.0028415335031790638,227.68839476588283,228.35017417405905,0.0,2.254359159896767
169.20540651741484,10143.228107131066,110.88052305934049,222.3240530396476,25925.995983477573,0.40624413575402457,298.90844834679444,0.3709514524350164,0.6,1.3569699349930187,1.091226340339504,0.0028341176544003912,227.78251198436195,228.44263241688563,0.0,2.251415518983769
169.35541131042675,10126.60589578077,110.74199865220666,222.43175371427162,25992.074538930683,0.40708234204741756,298.98083984754066,0.3703983128439847,0.6,1.3569699349930187,1.0907473909293426,0.002826752953547944,227.87658253807405,228.53505460768014,0.0,2.2484883667574165
169.50541610343862,10110.00441059313,110.60418138701381,222.53932065869932,26058.207099127445,0.4079208275530831,299.0531239698089,0.36984793844915637,0.6,1.3569699349930187,1.0902753049028882,0.0028194386221898,227.97060584955472,228.62744001569217,0.0,2.2455774577016956
169.65542089645052,10093.423546255775,110.46706126552075,222.64675455319588,26124.393790272126,0.40875959410298457,299.12530124841095,0.3693002925679714,0.6,1.3569699349930187,1.089809939126416,0.0028121738981069988,228.0645813587373,228.7197879308552,0.0,2.242682551134238
169.80542568946242,10076.863198913032,110.33062849262602,222.75405606860468,26190.63473545901,0.4095986434849989,299.19737221120016,0.3687553392505895,0.6,1.3569699349930187,1.089351153579882,0.0028049580385824755,228.15850852221124,228.8120976629124,0.0,2.2398034125681927
169.9554304824743,10060.323266180465,110.19487347997641,222.86122586625274,26256.930054559274,0.4104379774416087,299.26933737901805,0.3682130432908902,0.6,1.3569699349930187,1.0888988114419678,0.002797790314457181,228.2523868132964,228.90436854151173,0.0,2.2369398113927885
170.1054352754862,10043.80364711623,110.05978684191555,222.96826459813616,26323.279864280725,0.4112775976707833,299.3411972658293,0.3676733702116425,0.6,1.3569699349930187,1.088452779029905,0.0027906700091417658,228.34621572164954,228.99659991574202,0.0,2.234091520518872
170.2554400684981,10027.304242142081,109.92535938192313,223.07517290743158,26389.684278431676,0.4121175058294392,299.412952379075,0.3671362862176748,0.6,1.3569699349930187,1.0880129255575357,0.00278359642447394,228.4399947522737,229.08879115296094,0.0,2.231258318764752
170.40544486150998,10010.82495304284,109.79158209315788,223.18195142849947,26456.14340787199,0.41295770353293504,299.48460321968463,0.3666017581966346,0.6,1.3569699349930187,1.087579123160983,0.0027765688778029437,228.53372342540675,229.1809416386696,0.0,2.228439989739066
170.55544965452188,9994.365682973843,109.65844616099797,223.28860078683545,26522.657360431636,0.4137981923541583,299.55615028205233,0.3660697537264621,0.6,1.3569699349930187,1.0871512469630047,0.002769586696351457,228.62740127655454,229.2730507765556,0.0,2.2256363196204516
170.70545444753378,9977.926336376804,109.52594294859409,223.39512159961527,26589.226241200256,0.41463897382729825,299.6275940544128,0.3655402410256781,0.6,1.3569699349930187,1.086729174812894,0.0027626492237476847,228.72102785546628,229.36511798727858,0.0,2.2228470998159255
170.85545924054566,9961.506818959955,109.39406399372122,223.50151447582329,26655.85015255958,0.41548004944836164,299.69893501893574,0.36501318894179396,0.6,1.3569699349930187,1.0863127872407765,0.0027557558201648765,228.814602725803,229.45714270808307,0.0,2.2200721270637764
171.00546403355756,9945.107037717342,109.26280101341162,223.60778001612712,26722.529194057457,0.4163214206736898,299.7701736516512,0.3644885669659076,0.6,1.3569699349930187,1.0859019675611037,0.0027489058551528737,228.90812546531197,229.54912439300912,0.0,2.2173112005891573
171.15546882656946,9928.726900869207,109.13214589395369,223.71391881326375,26789.263462602717,0.41716308892252335,299.8413104227169,0.3639663451980615,0.6,1.3569699349930187,1.0854966016961323,0.0027420987115674687,229.00159566509288,229.64106251202318,0.0,2.2145641237192004
171.30547361958133,9912.366317816379,109.00209068310097,223.81993145233477,26856.053052605632,0.41800505557887474,299.91234579662495,0.3634464943201002,0.6,1.3569699349930187,1.085096578040594,0.002735333788686706,229.09501292899654,229.73295655030813,0.0,2.211830705180967
171.45547841259324,9896.025199155085,108.8726275936061,223.9258185107102,26922.89805587317,0.41884732199030583,299.9832802321454,0.36292898560664383,0.6,1.3569699349930187,1.0847017875432343,0.0027286104965504434,229.18837687373372,229.82480600839713,0.0,2.209110756855558
171.60548320560514,9879.703456654795,108.74374900012474,224.0315805581718,26989.79856165516,0.41968988946860797,300.05411418243074,0.36241379091375936,0.6,1.3569699349930187,1.084312123661495,0.002721928254991675,229.28168712858326,229.916610401829,0.0,2.206404093416611
171.755487998617,9863.4010031915,108.61544742764372,224.1372181573453,27056.754656874728,0.4205327592928004,300.1248480953133,0.36190088263918,0.6,1.3569699349930187,1.083927482152721,0.0027152864992443684,229.37494333457522,230.00836926018033,0.0,2.2037105346344292
171.90549279162892,9847.11775274872,108.48771555220812,224.24273186369342,27123.76642608279,0.4213759327086466,300.19548241330864,0.361390233723912,0.6,1.3569699349930187,1.083547761100894,0.0027086846771693348,229.46814514442943,230.10008212699748,0.0,2.201029904291021
172.05549758464082,9830.8536204268,108.36054620362428,224.34812222545565,27190.833951378558,0.42221941092774623,300.26601757358253,0.3608818176604673,0.6,1.3569699349930187,1.0831728609819056,0.0027021222438468944,229.56129222263195,230.19174855988953,0.0,2.1983620280154925
172.2055023776527,9814.60852237176,108.23393235311731,224.45338978410894,27257.957312661845,0.4230631951307977,300.3364540082672,0.3603756084505746,0.6,1.3569699349930187,1.0828026844388146,0.0026955986678811523,229.6543842445864,230.28336812952125,0.0,2.1957067358731037
172.3555071706646,9798.382375759109,108.1078671107492,224.55853507447247,27325.13658766153,0.42390728646804066,300.4067921445389,0.35987158059573354,0.6,1.3569699349930187,1.0824371362440595,0.002689113431562047,229.74742089635612,230.37494041931137,0.0,2.1930638624681493
172.5055119636765,9782.175098813348,107.98234372994698,224.66355862458096,27392.37185181599,0.4247516860578367,300.47703240453984,0.35936970911163557,0.6,1.3569699349930187,1.0820761233991867,0.0026826660239762062,229.84040187485977,230.46646502566728,0.0,2.1904332441683683
172.65551675668837,9765.986610758064,107.85735559905224,224.768460956008,27459.663178441882,0.4255963949888741,300.5471752056024,0.3588699694990236,0.6,1.3569699349930187,1.0817195549839969,0.00267625594483547,229.93332688727247,230.55794155727463,0.0,2.1878147206897185
172.80552154970027,9749.816831777423,107.7328962346696,224.87324258411522,27527.010638857446,0.42644141432179455,300.61722096042183,0.3583723377206435,0.6,1.3569699349930187,1.081367342039457,0.00266988270752526,230.0261956505319,230.64936963451342,0.0,2.1852081363729514
172.95552634271218,9733.66568303113,107.60895928512396,224.97790401795527,27594.414302284375,0.42728674508803877,300.6871700769988,0.357876790212126,0.6,1.3569699349930187,1.0810193976459799,0.002663545833657178,230.11900789146978,230.74074888961724,0.0,2.1826133379880224
173.10553113572405,9717.533086637368,107.48553852812324,225.08244576038226,27661.874235883148,0.4281323882903682,300.75702295871974,0.3573833038734265,0.6,1.3569699349930187,1.080675636889839,0.0026572448521713725,230.21176334659683,230.8320789664188,0.0,2.180030174388736
173.25553592873595,9701.418965616,107.36262786079332,225.1868683084194,27729.39050495542,0.4289783449054767,300.8267800046089,0.3568918560347202,0.6,1.3569699349930187,1.0803359766811067,0.002650979304818328,230.30446176142047,230.92335951954078,0.0,2.177458498784606
173.40554072174783,9685.323243890787,107.24022130054506,225.29117215324467,27796.963172901542,0.42982461588352944,300.89644160932534,0.356402424458653,0.6,1.3569699349930187,1.0800003357809878,0.0026447487434978234,230.3971028904199,231.01459021436943,0.0,2.1748981676803787
173.55554551475973,9669.245846299991,107.11831298789015,225.39535778012183,27864.592301142435,0.4306712021472567,300.96600816312315,0.35591498734911015,0.6,1.3569699349930187,1.079668634867449,0.002638552725050582,230.4896864971522,231.10577072718206,0.0,2.1723490387590325
173.70555030777163,9653.186698535748,106.99689717579936,225.49942566879315,27932.277949341387,0.43151810459480083,301.0354800521198,0.35542952331490774,0.6,1.3569699349930187,1.0793407963390576,0.0026323908174357064,230.58221235354128,231.1969007443023,0.0,2.1698109734420767
173.8555551007835,9637.145727130825,106.87596822757457,225.60337629356508,28000.020175428584,0.4323653241000899,301.1048576583595,0.35494601136205683,0.6,1.3569699349930187,1.079016744283417,0.002626262599919227,230.67468023967518,231.2879799618627,0.0,2.1672838369964507
174.0055598937954,9621.1228594781,106.75552062127366,225.70721012318177,28067.81903548768,0.4332128615114846,301.17414135973445,0.35446443090796625,0.6,1.3569699349930187,1.0786964045735172,0.0026201676564130733,230.76708994401525,231.3790080860544,0.0,2.164767495812264
174.1555646868073,9605.118023788546,106.63554894251011,225.8109276210973,28135.674583902135,0.4340607176536745,301.2433315301727,0.35398476175672433,0.6,1.3569699349930187,1.0783797047375363,0.002614105579253803,230.85944126290119,231.46998483253935,0.0,2.162261818978861
174.30556947981918,9589.131149058407,106.5160478787215,225.91452924568816,28203.5868734648,0.43490889332910926,301.3124285397853,0.35350698407934117,0.6,1.3569699349930187,1.0780665738564543,0.0026080759722081014,230.9517340001408,231.56090992596498,0.0,2.15976667955149
174.4555742728311,9573.162165084152,106.39701222255138,226.01801545015616,28271.55595528526,0.4357573893169025,301.3814327548071,0.353031078424503,0.6,1.3569699349930187,1.0777569426394311,0.0026020784451998556,231.043967967156,231.6517831001393,0.0,2.1572819523947824
174.605579065843,9557.211002449525,106.27843687011566,226.1213866826123,28339.581878815738,0.43660620637321607,301.4503445376586,0.35255702571220265,0.6,1.3569699349930187,1.077450743399508,0.0025961126134857637,231.1361429828256,231.74260409784472,0.0,2.1548075138571856
174.75558385885486,9541.277592476712,106.16031681233765,226.22464338639296,28407.664692030816,0.43745534523356244,301.51916424716165,0.35208480720421403,0.6,1.3569699349930187,1.0771479098932002,0.002590178103044222,231.22825887290884,231.83337267015366,0.0,2.1523432440244603
174.90558865186676,9525.361867229458,106.0426471359205,226.32778600003965,28475.80444138721,0.43830480661235866,301.5878922385315,0.35161440450682746,0.6,1.3569699349930187,1.0768483773481308,0.0025842745480077318,231.32031547004672,231.9240885764323,0.0,2.1498890256788874
175.05559344487867,9509.463759524693,105.92542302624004,226.43081495722348,28544.001171746568,0.43915459120202016,301.6565288633314,0.351145799579994,0.6,1.3569699349930187,1.07655208252869,0.002578401585626844,231.41231261388836,232.01475158449153,0.0,2.1474447422230964
175.20559823789054,9493.583202880334,105.80863975807864,226.5337306870833,28612.254926572336,0.44000469967547046,301.72507446970343,0.3506789747058394,0.6,1.3569699349930187,1.0762589635630326,0.002572558862348053,231.50425015048793,232.10536146987,0.0,2.1450102802229334
175.35560303090244,9477.720131504391,105.69229269386146,226.63653361429618,28680.565747951146,0.4408551326864592,301.7935294024199,0.3502139124822932,0.6,1.3569699349930187,1.0759689599164595,0.002566746034023661,231.59612793214444,232.195918015646,0.0,2.1425855295183283
175.50560782391435,9461.874480314387,105.57637728798296,226.73922415895134,28748.933676483746,0.4417058908682564,301.8618940028046,0.34975059583705537,0.6,1.3569699349930187,1.07568201248477,0.0025609627594461327,231.68794581761784,232.28642101269497,0.0,2.140170380545305
175.65561261692622,9446.046184901606,105.46088908061466,226.84180273678183,28817.358751413696,0.44255697483530626,301.9301686088919,0.3492890080064322,0.6,1.3569699349930187,1.0753980634807705,0.0025552087040874704,231.77970367171574,232.3768702591981,0.0,2.13776472590855
175.80561740993812,9430.235181502881,105.34582369271753,226.94426975934715,28885.841010725024,0.4434083851844908,301.9983535555529,0.34882913251823094,0.6,1.3569699349930187,1.0751170563437495,0.0025494835430657815,231.87140136494835,232.46726556023376,0.0,2.135368461640831
175.95562220295002,9414.441407015496,105.23117682935182,227.04662563393657,28954.38049105418,0.44426012249408314,302.0664491744356,0.34837095320236483,0.6,1.3569699349930187,1.0748389358123227,0.0025437869560219067,231.96303877368308,232.55760672796208,0.0,2.1329814850789424
176.1056269959619,9398.664798987431,105.11694427842349,227.1488707636322,29022.97722770827,0.44511218732402236,302.13445579401167,0.3479144541862177,0.6,1.3569699349930187,1.074563647907541,0.0025381186263595213,232.0546157800317,232.6478935814911,0.0,2.1306036945565916
176.2556317889738,9382.905295574983,105.00312190307208,227.25100554758365,29091.631254826214,0.44596458021796215,302.2023737397635,0.34745961986881596,0.6,1.3569699349930187,1.074291139790037,0.0025324782465494305,232.14613227135737,232.73812594629098,0.0,2.128234991643206
176.4056365819857,9367.162835546604,104.88970564272252,227.35303038098277,29160.342605339825,0.44681730170283135,302.27020333417187,0.3470064349239304,0.6,1.3569699349930187,1.0740213597877737,0.0025268655156411523,232.23758814029418,232.82830365421884,0.0,2.125875280119497
176.55564137499758,9351.437358295192,104.77669151602733,227.45494565498416,29229.111310897923,0.44767035228793645,302.3379448966671,0.3465548843094698,0.6,1.3569699349930187,1.0737542574615735,0.0025212801343780073,232.32898328488807,232.91842654368634,0.0,2.123524463936752
176.70564616800948,9335.728803792728,104.66407561271451,227.55675175699886,29297.93740204254,0.4485237324671924,302.405598743829,0.3461049532398921,0.6,1.3569699349930187,1.0734897834508812,0.0025157218111824813,232.42031760807865,233.00849445904336,0.0,2.1211824497451737
176.85565096102138,9320.037112581284,104.55185409211653,227.65844907075254,29366.82090822729,0.4493774427193903,302.47316518942915,0.34565662718092394,0.6,1.3569699349930187,1.0732278894511034,0.0025101902623813122,232.5115910175714,233.09850725042776,0.0,2.1188491470077517
177.00565575403326,9304.362225792249,104.44002318740337,227.7600379761609,29435.761857712536,0.45023148350693937,302.5406445443527,0.34520989186328116,0.6,1.3569699349930187,1.0729685283043597,0.0025046852059118193,232.6028034260571,233.1884647740264,0.0,2.11652446536041
177.15566054704516,9288.704085115645,104.32857920020452,227.8615188495282,29504.760277678975,0.4510858552773158,302.60803711673395,0.34476473326436724,0.6,1.3569699349930187,1.0727116538994974,0.0024992063650220242,232.69395475086256,233.27836689165935,0.0,2.1142083161817293
177.30566534005706,9273.062632775638,104.21751849622336,227.9628920637062,29573.816194315958,0.45194055846419434,302.67534321206597,0.34432113759330757,0.6,1.3569699349930187,1.072457221091184,0.002493753471197164,232.78504491365655,233.36821347043156,0.0,2.111900613845334
177.45567013306894,9257.437811545296,104.10683750847868,228.06415798799802,29642.929632736847,0.4527955934864383,302.7425631331405,0.3438790913013921,0.6,1.3569699349930187,1.072205185770553,0.002488326259167963,232.8760738406096,233.4580043829231,0.0,2.109601273623788
177.60567492608084,9241.82956473938,103.9965327364323,228.16531698820503,29712.100616991214,0.45365096074828914,302.80969718008305,0.3434385810788115,0.6,1.3569699349930187,1.0719555048542397,0.002482924466205582,232.96704146231468,233.54773950709495,0.0,2.1073102113977025
177.7556797190927,9226.237836177199,103.88660073923086,228.2663694268674,29781.329170210298,0.4545066606412011,302.87674565051634,0.342999593831821,0.6,1.3569699349930187,1.0717081361557543,0.0024775478373430713,233.0579477133602,233.63741872578098,0.0,2.1050273458805595
177.9056845121046,9210.662570186922,103.77703813681606,228.36731566323607,29850.61531456992,0.4553626935434183,302.943708839545,0.34256211668611297,0.6,1.3569699349930187,1.0714630384132835,0.0024721961229553736,233.14879253236344,233.72704192672902,0.0,2.102752597608156
178.05568930511652,9195.103711618392,103.66784161289551,228.46815605318946,29919.9590712149,0.4562190598190748,303.0105870397044,0.34212613699636707,0.6,1.3569699349930187,1.0712201713549419,0.002466869074008979,233.23957586212006,233.81660900277845,0.0,2.100485886929183
178.2056940981284,9179.561205803278,103.55900790769391,228.56889094949196,29989.360460418568,0.45707575982020077,303.0773805411353,0.341691642321814,0.6,1.3569699349930187,1.070979495559787,0.002461566447956418,233.33029764915406,233.9061198513245,0.0,2.0982271365194958
178.3556988911403,9164.034998547544,103.45053381671649,228.66952070184234,30058.819501599093,0.45793279388695496,303.1440896316198,0.3412586204218245,0.6,1.3569699349930187,1.0707409724383419,0.002456288008971324,233.42095784361476,233.99557437419674,0.0,2.0959762714979413
178.5057036841522,9148.525036150488,103.34241619489488,228.77004565675037,30128.336213217288,0.4587901623463964,303.21071459650256,0.3408270592693854,0.6,1.3569699349930187,1.0705045643210822,0.0024510335218090613,233.51155639949673,234.0849724779209,0.0,2.0937332168201657
178.65570847716407,9133.031265378126,103.23465195186644,228.87046615770916,30197.910612878466,0.4596478655137733,303.27725571880853,0.34039694703510226,0.6,1.3569699349930187,1.0702702343693993,0.002445802755465494,233.60209327434092,234.17431407336267,0.0,2.09149789884493
178.80571327017597,9117.553633441674,103.12723804807624,228.9707825453348,30267.542717412776,0.46050590369354344,303.3437132793392,0.33996827207396174,0.6,1.3569699349930187,1.0700379465024872,0.002440595486061578,233.69256842898128,234.26359907542687,0.0,2.0892702465790567
178.95571806318787,9102.092088012161,103.02017149795425,229.07099515727114,30337.23254279347,0.461364277178397,303.4100875566122,0.3395410229356072,0.6,1.3569699349930187,1.0698076654661106,0.0024354114919696896,233.78298182770632,234.35282740325022,0.0,2.087050189605963
179.10572285619975,9086.646577215219,102.91344936934529,229.17110432822386,30406.98010414402,0.4622229862493737,303.47637882688747,0.3391151883621571,0.6,1.3569699349930187,1.0695793568263625,0.0024302505531550787,233.87333343820623,234.44199898013778,0.0,2.084837657808841
179.25572764921165,9071.217049598139,102.80706877744336,229.27111039017362,30476.785415871123,0.4630820311775299,303.5425873643114,0.33869075726779146,0.6,1.3569699349930187,1.0693529868526186,0.002425112456314743,233.96362323119783,234.53111373311677,0.0,2.0826325835813795
179.40573244222355,9055.803454134597,102.70102688594491,229.37101367234558,30546.648491628464,0.46394141222351915,303.60871344089986,0.3382677187423232,0.6,1.3569699349930187,1.0691285225453004,0.0024199969925176065,234.05385118046797,234.62017159298904,0.0,2.0804349008291965
179.55573723523543,9040.405740237748,102.59532091003184,229.47081450112424,30616.569344241958,0.4648011296367008,303.67475732648484,0.3378460620608325,0.6,1.3569699349930187,1.0689059317008118,0.002414903952575567,234.14401726302884,234.7091724945153,0.0,2.0782445429884024
179.70574202824733,9025.023857724844,102.48994810985558,229.5705132002828,30686.54798585527,0.46566118365695636,303.74071928886923,0.33742577666178386,0.6,1.3569699349930187,1.068685182784925,0.0024098331328476106,234.23412145872152,234.79811637594312,0.0,2.0760614455255864
179.85574682125923,9009.657756810933,102.3849057894892,229.6701100910239,30756.584427944475,0.46652157451489534,303.80659959385696,0.3370068521433115,0.6,1.3569699349930187,1.0684662449158768,0.0024047843354807513,234.32416375013244,234.88700317890826,0.0,2.0738855460547008
180.0057516142711,8994.307388127601,102.2801913009911,229.76960549185813,30826.678681218265,0.4673823024306537,303.872398505175,0.33658927827645146,0.6,1.3569699349930187,1.068249087950906,0.0023997573624110363,234.4141441228123,234.97583284869478,0.0,2.0717167817610793
180.155756407283,8978.972702699632,102.17580204021529,229.86899971875508,30896.83075571007,0.46824336761505186,303.9381162845769,0.3361730449910014,0.6,1.3569699349930187,1.0680336824060785,0.002394752018978893,234.5040625650169,235.06460533392638,0.0,2.0695550909635574
180.3057612002949,8963.653651925944,102.07173544330915,229.96829308526694,30967.040660851773,0.46910477027052305,304.0037531919266,0.335758142363684,0.6,1.3569699349930187,1.067819999389505,0.002389768116770287,234.5939190674855,235.15332058630278,0.0,2.067400414351488
180.45576599330678,8948.35018759398,101.96798898983,230.06748590243515,31037.30840539448,0.469966510590164,304.0693094851402,0.33534456062825097,0.6,1.3569699349930187,1.067608010668503,0.0023848054688503932,234.68371362360355,235.24197856079363,0.0,2.065252692935339
180.6057707863187,8933.062261876057,101.86456020241344,230.1665784788139,31107.633997411573,0.47082858875779626,304.13478542020357,0.3349322901741532,0.6,1.3569699349930187,1.0673976886671273,0.0023798638891447416,234.77344622936883,235.3305792155976,0.0,2.063111867782123
180.7557755793306,8917.789827299888,101.76144664127123,230.26557112066126,31178.017444421217,0.4716910049494915,304.20018125130184,0.33452132152809405,0.6,1.3569699349930187,1.067189006358526,0.002374943197495774,234.86311688305878,235.41912251174637,0.0,2.060977882211718
180.90578037234246,8902.53283675354,101.65864590537433,230.36446413190686,31248.458753351082,0.4725537593331597,304.2654972308005,0.33411164535774224,0.6,1.3569699349930187,1.0669819372926426,0.0023700432173566683,234.9527255852806,235.5076084131648,0.0,2.0588506808087814
181.05578516535437,8887.291243498717,101.55615563543586,230.46325781406574,31318.957930464323,0.4734168520676644,304.3307336091912,0.3337032524813942,0.6,1.3569699349930187,1.0667764556607957,0.0023651637712732002,235.04227233912997,235.59603688685908,0.0,2.0567302074666793
181.20578995836627,8872.065001139023,101.45397350799088,230.5619524664441,31389.514981493594,0.47428028330448607,304.39589063523,0.3332961338481646,0.6,1.3569699349930187,1.0665725361791192,0.0023603046865979783,235.1317571498375,235.68440790249576,0.0,2.0546164078728397
181.35579475137814,8856.85406361458,101.35209723449982,230.6605483861739,31460.129911654127,0.47514405318790065,304.460968555963,0.3328902805348275,0.6,1.3569699349930187,1.0663701540737234,0.0023554657957340877,235.22118002470037,235.77272143232068,0.0,2.0525092296259433
181.50579954439004,8841.658385220495,101.25052456533469,230.75904586809338,31530.80272554631,0.4760081618538084,304.52596761665,0.3324856837588086,0.6,1.3569699349930187,1.0661692851655657,0.0023506469302652677,235.3105409732988,235.86097745141632,0.0,2.0504086196874294
181.65580433740195,8826.477920586178,101.149253286019,230.85744520488075,31601.53342723955,0.47687260943078014,304.5908880608549,0.33208233486554645,0.6,1.3569699349930187,1.0659699057974439,0.002345847924526288,235.39984000726852,235.94917593743048,0.0,2.04831452593869
181.80580913041382,8811.312624658229,101.0482812140468,230.9557466871653,31672.322020340755,0.47773739604091264,304.65573013052176,0.3316802253177884,0.6,1.3569699349930187,1.0657719927723592,0.00234106861839966,235.48907714010465,236.03731687034298,0.0,2.0462268984097016
181.95581392342572,8796.162452714587,100.94760620194187,231.05395060343542,31743.168507917115,0.4786025217989028,304.7204940659163,0.331279346705526,0.6,1.3569699349930187,1.0655755234193038,0.002336308852648029,235.5782523873238,236.12540023265845,0.0,2.0441456872496633
182.10581871643762,8781.027360362155,100.84722613711403,231.15205724005415,31814.072892495762,0.47946798681206326,304.7851801056386,0.3308796907453321,0.6,1.3569699349930187,1.0653804755937955,0.0023315684683295496,235.6673657664451,236.21342600938334,0.0,2.042070842473159
182.2558235094495,8765.907303510077,100.74713893681557,231.25006688143213,31885.035176178,0.4803337911817347,304.84978848673956,0.3304812492635136,0.6,1.3569699349930187,1.065186827577884,0.002326847311772632,235.7564172966912,236.3013941876697,0.0,2.0400023161417815
182.4058283024614,8750.802238374885,100.64734254934434,231.34797980999426,31956.05536060448,0.48119993500287694,304.91431944470116,0.33008401419992217,0.6,1.3569699349930187,1.0649945581077627,0.002322145232318236,235.84540699904338,236.389304756881,0.0,2.037940061385344
182.55583309547328,8735.712121493872,100.54783495701706,231.445796306093,32027.133446881933,0.48206641836319325,304.97877321338143,0.32968797761760216,0.6,1.3569699349930187,1.064803646437971,0.002317462077903889,235.93433489640137,236.4771577087819,0.0,2.035884030469047
182.70583788848518,8720.636909696283,100.44861417073389,231.54351664819504,32098.269435707894,0.48293324134466786,305.04315002513994,0.3292931316846665,0.6,1.3569699349930187,1.0646140722330037,0.0023127977006887892,236.0232010132649,236.56495303715857,0.0,2.033834177263871
182.85584268149708,8705.57656009872,100.34967822920355,231.64114111291087,32169.463327382444,0.48380040402372476,305.10745011085925,0.32889946867158437,0.6,1.3569699349930187,1.0644258155541482,0.002308151957297798,236.1120053756766,236.6526907377511,0.0,2.031790457363493
183.00584747450895,8690.531030123278,100.25102520285651,231.7386699748774,32240.715121712597,0.4846679064700782,305.17167369987004,0.32850698096393866,0.6,1.3569699349930187,1.064238856942901,0.002303524703071533,236.2007480114356,236.7403708085072,0.0,2.02975282556107
183.15585226752086,8675.500277479006,100.15265319043229,231.83610350687798,32312.024818089758,0.4855357487476927,305.2358210200319,0.3281156610509994,0.6,1.3569699349930187,1.0640531773537691,0.002298915795590775,236.28942894989527,236.827993249341,0.0,2.0277212374008884
183.30585706053276,8660.4842601464,100.05456031606018,231.93344197994273,32383.392415553608,0.4864039309155751,305.29989229780193,0.3277255015159419,0.6,1.3569699349930187,1.0638687580968134,0.002294325097428264,236.3780482217872,236.9155580619235,0.0,2.0256956503982724
183.45586185354463,8645.482936391314,99.95674473226458,232.0306856632585,32454.817912716742,0.487272453026872,305.36388775817727,0.32733649504561585,0.6,1.3569699349930187,1.0636855809022678,0.0022897524715726793,236.46660585938196,237.00306524987369,0.0,2.023676022028609
183.60586664655654,8630.49626476353,99.85920461996768,232.12783482417805,32526.301307761685,0.4881413151288483,305.4278076247033,0.3269486344304001,0.6,1.3569699349930187,1.0635036279234422,0.00228519778087385,236.55510189648163,237.09051481874917,0.0,2.0216623094830015
183.75587143956844,8615.524204072324,99.76193818382087,232.2248897283783,32597.84259854799,0.48901051726420364,305.49165211957967,0.3265619125486634,0.6,1.3569699349930187,1.0633228816429598,0.0022806608929365857,236.64353636814778,237.17790677572197,0.0,2.019654471834986
183.9058762325803,8600.566713391758,99.66494365341994,232.321850639826,32669.44178257828,0.48988005947067254,305.55542146364013,0.3261763223706364,0.6,1.3569699349930187,1.063143324900274,0.0022761416779072184,236.73190931075996,237.2652411296483,0.0,2.017652469070078
184.0558810255922,8585.623752073994,99.568219286261,232.41871782069146,32741.098856925273,0.4907499417801521,305.61911587629703,0.3257918569680125,0.6,1.3569699349930187,1.062964940955463,0.0022716400041525486,236.8202207621757,237.35251789125832,0.0,2.0156562601744166
184.20588581860412,8570.69527972294,99.47176336270132,232.5154915315192,32812.813818349015,0.4916201642201386,305.68273557565624,0.325408509497201,0.6,1.3569699349930187,1.062787713387492,0.0022671557437969683,236.90847076143984,237.4397370728098,0.0,2.013665805589985
184.355890611616,8555.781256190256,99.3755741852818,232.6121720312539,32884.586663307695,0.49249072681387124,305.7462807785357,0.32502627319696986,0.6,1.3569699349930187,1.0626116260824052,0.002262688772964976,236.9966593487369,237.52689868803142,0.0,2.011681067330779
184.5058954046279,8540.881641593145,99.27965008257098,232.7087595771249,32956.41738786345,0.4933616295792016,305.8097517003916,0.324645141400976,0.6,1.3569699349930187,1.0624366633154725,0.0022582389661434236,237.08478656560075,237.6140027523718,0.0,2.0097020064830367
184.6559001976398,8525.996396297578,99.18398940603419,232.80525442475516,33028.30598775453,0.49423287252948234,305.87314855539154,0.32426510752732074,0.6,1.3569699349930187,1.06226280968869,0.0022538061996595056,237.17285245473283,237.7010492827827,0.0,2.0077285847508843
184.80590499065167,8511.12548090408,99.08859052732782,232.90165682825292,33100.252458455565,0.4951044556743081,305.9364715564771,0.32388616506952056,0.6,1.3569699349930187,1.062090050076735,0.0022493903543875315,237.26085705984218,237.78803829752843,0.0,2.0057607656672656
184.95590978366357,8496.268856261386,98.99345184125323,232.99796704012357,33172.25679510377,0.49597637901863384,305.9997209153074,0.3235083076061105,0.6,1.3569699349930187,1.0619183696905616,0.002244991311258518,237.3488004258045,237.87496981637497,0.0,2.003798512599984
185.10591457667547,8481.426483465775,98.89857176587377,233.09418531127358,33244.318992493565,0.4968486425627208,306.06289684226357,0.32313152880090323,0.6,1.3569699349930187,1.0617477540821856,0.00224060895073173,237.43668259866294,237.96184386059022,0.0,2.001841788515838
185.25591936968735,8466.598323838503,98.803948738153,233.190311891157,33316.43904517831,0.4977212463033804,306.1259995465469,0.3227558223885185,0.6,1.3569699349930187,1.0615781890559937,0.002236243157608755,237.52450362537837,238.04866045264652,0.0,1.9998905581323163
185.40592416269925,8451.78433893114,98.70958121517602,233.28634702774065,33388.61694743672,0.49859419023357665,306.18902923615747,0.32238118217829187,0.6,1.3569699349930187,1.0614096606961532,0.002231893818860837,237.6122635538901,238.13541961629272,0.0,1.99794478695468
185.55592895571115,8436.984490538864,98.6154676770826,233.38229096741787,33460.85269320013,0.4994674743415586,306.25198611783946,0.32200760206380313,0.6,1.3569699349930187,1.0612421554299911,0.002227560819396662,237.6999624332745,238.22212137674268,0.0,1.9960044393846248
185.70593374872303,8422.19874067604,98.52160662235225,233.47814395516704,33533.1462761642,0.5003410986122213,306.3148703971869,0.3216350760072569,0.6,1.3569699349930187,1.0610756599316828,0.002223244047512902,237.78760031347798,238.30876576035652,0.0,1.9940694811602138
185.85593854173493,8407.427051572746,98.42799656720511,233.5739062345737,33605.49768979816,0.501215063027227,306.37768227865973,0.3212635980374115,0.6,1.3569699349930187,1.0609101611115206,0.0022189433951339335,237.8751772452757,238.39535279459182,0.0,1.992139879470925
186.00594333474683,8392.669385692227,98.3346360493804,233.66957804771772,33677.90692725248,0.5020893675638995,306.44042196551175,0.3208931622618881,0.6,1.3569699349930187,1.0607456461969638,0.0022146587522796097,237.9626932804779,238.48188250824848,0.0,1.990215600479809
186.1559481277587,8377.925705715532,98.24152362523421,233.76515963527248,33750.37398142624,0.502964012196049,306.50308965985704,0.32052376285752326,0.6,1.3569699349930187,1.0605821026739253,0.0022103900104967532,238.05014847176383,238.56835493127068,0.0,1.98829661086277
186.3059529207706,8363.195974528357,98.14865786720895,233.86065123659046,33822.898845025076,0.5038389968946797,306.56568556272777,0.3201553940619565,0.6,1.3569699349930187,1.0604195182355256,0.0022061370655211787,238.13754287253576,238.65477009457268,0.0,1.9863828790103677
186.4559577137825,8348.480155234489,98.05603736673851,233.95605308961575,33895.481510487814,0.5047143216271135,306.6282098740186,0.31978805018307305,0.6,1.3569699349930187,1.060257880844784,0.0022018998128677954,238.22487653707475,238.74112803022425,0.0,1.9844743730497274
186.60596250679438,8333.77821115568,97.96366073445317,234.05136543088514,33968.1219699802,0.5055899863569244,306.69066279248887,0.31942172559957177,0.6,1.3569699349930187,1.0600971787408886,0.002197678147325602,238.31214952054862,238.8274287714592,0.0,1.9825710606163234
186.7559672998063,8319.09010581063,97.87152659607061,234.14658849566405,34040.82021549144,0.5064659910451116,306.75304451585333,0.3190564147473767,0.6,1.3569699349930187,1.0599374003546387,0.002193471967693473,238.39936187877984,238.91367235239915,0.0,1.9806729109906323
186.90597209281816,8304.415802920394,97.77963359361864,234.24172251791154,34113.57623880114,0.5073423356497084,306.8153552407607,0.31869211212356074,0.6,1.3569699349930187,1.0597785343357427,0.0021892811746453836,238.48651366830762,238.9998588081269,0.0,1.9787798941420924
187.05597688583006,8289.755266421498,97.68798038834093,234.33676773019525,34186.39003140747,0.5082190201249264,306.8775951627396,0.3183288122957827,0.6,1.3569699349930187,1.0596205696157879,0.002185105666581791,238.5736049465453,239.08598817487345,0.0,1.9768919788565407
187.20598167884197,8275.108460443213,97.5965656562491,234.43172436383873,34259.26158463312,0.5090960444224394,306.9397644762965,0.3179665098875972,0.6,1.3569699349930187,1.0594634953163242,0.002180945344995293,238.66063577153142,239.1720604897211,0.0,1.9750091351608505
187.35598647185384,8260.47534930445,97.50538808758691,234.5265926489414,34332.19088963446,0.5099734084915017,307.0018633749303,0.3176051995766133,0.6,1.3569699349930187,1.0593073007390421,0.002176800114706561,238.74760620189465,239.25807579056163,0.0,1.9731313344365715
187.50599126486574,8245.855897530884,97.41444639054575,234.62137281426772,34405.17793731007,0.5108511122778553,307.06389205106115,0.31724487610658847,0.6,1.3569699349930187,1.0591519754458176,0.002172669878431873,238.83451629705564,239.34403411633602,0.0,1.9712585469627006
187.65599605787764,8231.250069840738,97.32373928854908,234.716065087339,34478.22271836471,0.5117291557245071,307.1258506960924,0.3168855342784317,0.6,1.3569699349930187,1.0589975092030834,0.002168554540168408,238.92136611707423,239.42993550685213,0.0,1.9693907434483757
187.80600085088952,8216.65783113255,97.23326551786617,234.81066969451297,34551.32522336468,0.5126075387724027,307.1877395004637,0.3165271689422989,0.6,1.3569699349930187,1.0588438919328564,0.002164454007812026,239.0081557225142,239.51578000262344,0.0,1.9675278962254725
187.95600564390142,8202.079146498314,97.14302383047053,234.90518686089837,34624.48544266579,0.5134862613595671,307.2495586535968,0.3161697750068788,0.6,1.3569699349930187,1.0586911137746529,0.0021603681888234484,239.09488517459667,239.60156764505115,0.0,1.965669977285391
188.10601043691332,8187.513981223829,97.05301299431211,234.99961681035273,34697.7033664055,0.5143653234210179,307.31130834389546,0.3158133474401968,0.6,1.3569699349930187,1.058539165092895,0.0021562969897443935,239.18155453521226,239.6872984764385,0.0,1.9638169580578086
188.2560152299252,8172.962300768978,96.96323178941773,235.09395976561015,34770.97898459574,0.515244724889888,307.3729887588304,0.3154578812567574,0.6,1.3569699349930187,1.0583880363957523,0.002152240320856722,239.26816386670444,239.772972539732,0.0,1.9619688115323632
188.4060200229371,8158.424070773096,96.87367900911103,235.18821594824644,34844.312287090346,0.5161244656970397,307.43460008491803,0.3151033715214653,0.6,1.3569699349930187,1.0582377183623115,0.0021481980940830925,239.35471323193212,239.85858987859606,0.0,1.9601255113089207
188.556024815949,8143.899257067984,96.78435346288828,235.28238557859478,34917.70326351349,0.5170045457702144,307.4961425076665,0.31474981335896024,0.6,1.3569699349930187,1.058088201905135,0.002144170218917406,239.4412026944248,239.94415053759707,0.0,1.9582870297427362
188.70602960896088,8129.387825656518,96.69525397219098,235.37646887588434,34991.15190336166,0.5178849650352615,307.55761621166783,0.3143972019396951,0.6,1.3569699349930187,1.0579394780819438,0.0021401566077074337,239.5276323181492,240.02965456192516,0.0,1.9564533403538635
188.85603440197278,8114.88974270987,96.60637936992123,235.47046605825824,35064.65819601226,0.5187657234162489,307.61902138061106,0.31404553247827943,0.6,1.3569699349930187,1.0577915380865182,0.002136157175886271,239.61400216747882,240.1151019973575,0.0,1.9546244179391785
189.00603919498468,8100.404974584309,96.51772850409726,235.56437734266456,35138.2221306329,0.5196468208343806,307.6803581972121,0.3136948002453665,0.6,1.3569699349930187,1.0576443733278553,0.002132171836634555,239.70031230739116,240.20049289049308,0.0,1.952800236134623
189.15604398799655,8085.933487807926,96.4293002352904,235.65820294494247,35211.84369624298,0.5205282572087424,307.74162684327166,0.31334500055918807,0.6,1.3569699349930187,1.0574979753770406,0.0021282005042201225,239.78656280332623,240.2858272885833,0.0,1.9509807689411827
189.30604878100846,8071.475249069143,96.34109343435837,235.75194307989662,35285.52288176661,0.521410032456941,307.8028274997248,0.3129961287780714,0.6,1.3569699349930187,1.0573523359201284,0.0021242430965722407,239.87275372105972,240.37110523938102,0.0,1.9491659919082622
189.45605357402036,8057.030225229616,96.25310698525924,235.84559796121349,35359.25967596184,0.5222921464942621,307.86396034658793,0.3126481803095729,0.6,1.3569699349930187,1.0572074468193822,0.0021202995310199905,239.95888512685377,240.45632679131953,0.0,1.947355880184499
189.60605836703223,8042.59838332491,96.1653397853744,235.9391678014569,35433.05406741137,0.5231745992335662,307.925025562957,0.312301150611459,0.6,1.3569699349930187,1.0570633001215461,0.0021163697238276327,240.0449570874726,240.5414919935307,0.0,1.9455504083029262
189.75606316004414,8028.179690545844,96.07779074178323,236.03265281218907,35506.906044612806,0.5240573905863737,307.9860233270877,0.3119550351794587,0.6,1.3569699349930187,1.0569198879794846,0.0021124535947789074,240.1309696699783,240.62660089560157,0.0,1.9437495522878128
189.90606795305604,8013.774114243884,95.99045877247805,236.1260532039355,35580.81559594584,0.5249405204624767,308.0469538163741,0.31160982955117184,0.6,1.3569699349930187,1.056777202679219,0.0021085510651110287,240.21692294179363,240.71165354764858,0.0,1.94195328871078
190.0560727460679,7999.381621943933,95.90334280920717,236.21936918610206,35654.78270960152,0.5258239887691007,308.1078172072955,0.3112655293152891,0.6,1.3569699349930187,1.056635236702071,0.0021046620535201746,240.30281697085456,240.7966500004991,0.0,1.9401615928527491
190.2060775390798,7985.002181324109,95.81644179343148,236.31260096710602,35728.807373680684,0.5267077954120855,308.16861367550325,0.31092213009831265,0.6,1.3569699349930187,1.056493982639296,0.0021007864813631125,240.38865182539016,240.8815903054285,0.0,1.9383744410982893
190.35608233209172,7970.635760213243,95.72975467588121,236.40574875439233,35802.889576202186,0.5275919402959885,308.22934339583264,0.3105796275630502,0.6,1.3569699349930187,1.0563534331835767,0.002096924272883663,240.47442757389524,240.96647451412753,0.0,1.9365918110458524
190.5060871251036,7956.282326607317,95.64328042015396,236.49881275432696,35877.02930501306,0.5284764233230165,308.29000654223455,0.31023801742029933,0.6,1.3569699349930187,1.056213581207373,0.00209307534996511,240.56014428532376,241.05130267893225,0.0,1.9348136790884978
190.6560919181155,7941.941848656997,95.55701800027714,236.5917931722777,35951.22654784771,0.529361244393739,308.35060328782913,0.3098972954208222,0.6,1.3569699349930187,1.0560744197118188,0.002089239635424952,240.64580202895596,241.13607485266505,0.0,1.9330400219330994
190.8060967111274,7927.614294656773,95.47096639854125,236.68469021268453,36025.481292379365,0.530246403407705,308.4111338049533,0.3095574573482143,0.6,1.3569699349930187,1.0559359417811414,0.0020854170555464555,240.7314008742789,241.22079108849252,0.0,1.9312708177745452
190.95610150413927,7913.299633057606,95.38512460827091,236.77750407897759,36099.79352614983,0.5311319002626111,308.47159826510784,0.30921849902788995,0.6,1.3569699349930187,1.055798140643279,0.0020816075358857686,240.81694089113435,241.30545144010077,0.0,1.9295060443598235
191.10610629715117,7898.99783246784,95.29949163418577,236.87023497357129,36174.16323655983,0.5320177348541908,308.5319968389554,0.3088804163281946,0.6,1.3569699349930187,1.0556610096788308,0.002077811000824947,240.90242214973705,241.390055961717,0.0,1.9277456787791336
191.25611109016305,7884.708861635505,95.21406648882167,236.962883097979,36248.59041095618,0.5329039070772583,308.5923296963959,0.3085432051486719,0.6,1.3569699349930187,1.0555245423449826,0.002074027378083329,240.98784472048084,241.47460470787803,0.0,1.925989699558086
191.40611588317495,7870.432689453626,95.12884819373804,237.0554486527785,36323.075036599665,0.5337904168253292,308.65259700654514,0.3082068614239484,0.6,1.3569699349930187,1.0553887322024234,0.0020702565966830106,241.07320867400117,241.5590977335047,0.0,1.9242380857192478
191.55612067618685,7856.169284972856,95.04383578232715,237.14793183753022,36397.617100594594,0.5346772639897871,308.71279893768315,0.3078713811328332,0.6,1.3569699349930187,1.0552535729770727,0.002066498583025844,241.1585140813253,241.64353509408014,0.0,1.9224908149600761
191.70612546919872,7841.918617382217,94.95902829592495,237.2403328509019,36472.216589984346,0.5355644484610251,308.77293565733595,0.30753676028558,0.6,1.3569699349930187,1.0551190584771386,0.0020627532660161658,241.24376101366275,241.72791684539953,0.0,1.9207478660324169
191.85613026221063,7827.6806560068,94.87442478340141,237.33265189068365,36546.87349175951,0.5364519701285465,308.83300733228685,0.3072029949225016,0.6,1.3569699349930187,1.0549851825850904,0.0020590205772819258,241.32894954238105,241.81224304354154,0.0,1.9190092188508314
192.00613505522253,7813.455370323892,94.79002430470354,237.4248891536832,36621.58779276856,0.5373398288799066,308.89301412850904,0.3068700811254603,0.6,1.3569699349930187,1.0548519393352853,0.0020553004460132354,241.41407973919468,241.8965137450925,0.0,1.9172748520909169
192.1561398482344,7799.24272995117,94.70582592852179,237.51704483580255,36696.35947977536,0.5382280246014008,308.95295621121693,0.30653801501020683,0.6,1.3569699349930187,1.054719322864503,0.0020515928022131246,241.49915167603965,241.98072900699646,0.0,1.9155447447017553
192.3061446412463,7785.042704636364,94.62182873020711,237.6091191321048,36771.1885395091,0.5391165571786614,309.0128337449104,0.3062067927195454,0.6,1.3569699349930187,1.0545873273676352,0.0020478975791873486,241.58416542496033,242.06488888642053,0.0,1.9138188770710223
192.4561494342582,7770.855264269659,94.53803179450118,237.70111223673393,36846.074958595025,0.5400054264958392,309.0726468933238,0.30587641043217556,0.6,1.3569699349930187,1.0544559471577557,0.0020442147094171417,241.66912105825423,242.1489934409267,0.0,1.9120972291016767
192.60615422727008,7756.680378884814,94.45443421592502,237.7930243429073,36921.01872354377,0.5408946324354796,309.1323958194223,0.30554686436390177,0.6,1.3569699349930187,1.0543251766755621,0.0020405441241285933,241.75401864849215,242.23304272849523,0.0,1.9103797800086417
192.75615902028198,7742.5180186422185,94.37103509532398,237.8848556430257,36996.01982083686,0.5417841748795436,309.1920806854741,0.3052181507563352,0.6,1.3569699349930187,1.0541950104152114,0.002036885757733051,241.83885826833315,242.31703680730433,0.0,1.9086665103966018
192.9061638132939,7728.368153834195,94.28783354106636,237.97660632863872,37071.07823689442,0.5426740537090251,309.25170165302933,0.3048902658807496,0.6,1.3569699349930187,1.0540654429511056,0.002033239545822494,241.92363999058662,242.40097573580346,0.0,1.906957401326626
193.05616860630576,7714.230754897389,94.20482867181776,238.06827659036458,37146.19395800545,0.5435642688031296,309.3112588828689,0.3045632060470569,0.6,1.3569699349930187,1.0539364689992075,0.002029605421314815,242.00836388835975,242.4848595728885,0.0,1.9052524325093634
193.20617339931766,7700.105792394353,94.12201961278254,238.1598666180093,37221.36697042105,0.5444548200403833,309.37075253508283,0.30423696759152774,0.6,1.3569699349930187,1.0538080833361088,0.002025983319499825,242.09303003485712,242.56868837766285,0.0,1.9035515846699602
193.35617819232957,7685.993237011451,94.03940549532173,238.2513766005805,37296.597260361996,0.5453457072987243,309.4301827690804,0.3039115468755059,0.6,1.3569699349930187,1.0536802807913863,0.0020223731782548467,242.1776385033588,242.65246220941106,0.0,1.9018548396543973
193.50618298534144,7671.893059574633,93.95698546044312,238.342806726185,37371.88481393054,0.5462369304544631,309.48954974352426,0.3035869402967105,0.6,1.3569699349930187,1.0535530563245699,0.0020187749329657043,242.26218936740528,242.73618112781844,0.0,1.9001621780446014
193.65618777835334,7657.805231038192,93.87475865655435,238.43415718210156,37447.22961716612,0.5471284893829446,309.54885361637946,0.30326314428187906,0.6,1.3569699349930187,1.0534264049770103,0.002015188519734486,242.34668270067795,242.8198451928285,0.0,1.8984735806642072
193.80619257136524,7643.729722474911,93.79272423745132,238.52542815484495,37522.63165609427,0.5480203839591308,309.6080945449551,0.30294015528018636,0.6,1.3569699349930187,1.0533003218286334,0.002011613877828644,242.43111857689132,242.90345446451425,0.0,1.896789029734694
193.95619736437712,7629.666505088198,93.71088136500902,238.61661983008707,37598.09091665783,0.5489126140567895,309.6672726858548,0.30261796977194616,0.6,1.3569699349930187,1.0531748020574938,0.0020080509456165507,242.51549706993495,242.9870090032467,0.0,1.8951085069640778
194.10620215738902,7615.615550213342,93.62922920958981,238.70773239264898,37673.60738470616,0.54980517954837,309.7263881949722,0.30229658426988915,0.6,1.3569699349930187,1.053049840949599,0.0020044996601521338,242.5998182538946,243.0705088697199,0.0,1.893431993348841
194.25620695040092,7601.576829301281,93.54776694669458,238.79876602660585,37749.18104607833,0.5506980803059907,309.7854412275599,0.30197599530823965,0.6,1.3569699349930187,1.0529254338263152,0.002000959961546314,242.68408220287492,243.15395412473916,0.0,1.8917594712376105
194.4062117434128,7587.5503139238135,93.46649375815133,238.8897209152534,37824.81188657166,0.5515913162010685,309.84443193820914,0.3016561994465369,0.6,1.3569699349930187,1.0528015760710447,0.0019974317909908315,242.76828899106107,243.23734482929433,0.0,1.890090923402541
194.5562165364247,7573.535975785782,93.38540883485405,238.9805972410288,37900.499891872045,0.5524848871034995,309.9033604807988,0.3013371932784836,0.6,1.3569699349930187,1.0526782631901208,0.0019939150869689205,242.85243869286307,243.3206810447311,0.0,1.888426331247129
194.7062213294366,7559.533786707409,93.30451137311607,239.071395185625,37976.245047645396,0.5533787928827432,309.9622270085711,0.3010189734200613,0.6,1.3569699349930187,1.0525554907335526,0.0019904097902267884,242.93653138272353,243.4039628325217,0.0,1.8867656771568542
194.85622612244848,7545.543718622314,93.22380057431057,239.1621149300039,38052.0473395449,0.554273033407908,310.02103167414054,0.3007015365083264,0.6,1.3569699349930187,1.0524332542876944,0.001986915843983532,243.02056713509754,243.48719025424086,0.0,1.8851089446034655
195.00623091546038,7531.565743592982,93.14327564830982,239.2527566542957,38127.906753123534,0.5551676085467239,310.0797746294299,0.30038487921253,0.6,1.3569699349930187,1.0523115495516056,0.001983433188931216,243.1045460246335,243.5703633717805,0.0,1.883456115776164
195.15623570847228,7517.599833800021,93.06293581131128,239.3433205378688,38203.82327388867,0.5560625181661889,310.13845602571644,0.30006899822701955,0.6,1.3569699349930187,1.0521903722900146,0.0019799617664007134,243.188468126059,243.65348224721336,0.0,1.88180717308078
195.30624050148415,7503.6459615326885,92.98278028388701,239.43380675939102,38279.79688734969,0.5569577621331327,310.19707601367236,0.29975389026487365,0.6,1.3569699349930187,1.0520697182909473,0.0019765015207711513,243.27233351407733,243.73654694266986,0.0,1.8801621002870885
195.45624529449606,7489.7040992007815,92.90280829363688,239.52421549675256,38355.82757895013,0.55785334031342,310.25563474331585,0.29943955206647016,0.6,1.3569699349930187,1.0519495834248367,0.0019730523954656965,243.35614226350665,243.81955752050303,0.0,1.8785208806289488
195.60625008750793,7475.774219336022,92.82301907561033,239.61454692705692,38431.91533405629,0.5587492525718183,310.3141323640061,0.2991259804008109,0.6,1.3569699349930187,1.0518299636545967,0.0019696143325505294,243.4398944493018,243.90251404331428,0.0,1.8768834966112264
195.75625488051983,7461.856294576389,92.74341186904903,239.70480122672262,38508.06013803914,0.5596454987729655,310.3725690245102,0.2988131720549217,0.6,1.3569699349930187,1.0517108549643648,0.0019661872770393046,243.52359014638378,243.98541657375014,0.0,1.8752499320596518
195.90625967353174,7447.950297671291,92.66398591856473,239.7949785714495,38584.261976242895,0.5605420787810025,310.43094487298185,0.2985011238376374,0.6,1.3569699349930187,1.051592253386052,0.0019627711749441554,243.60722942970048,244.06826517457392,0.0,1.8736201711966856
196.0562644665436,7434.0562014935285,92.58474047684298,239.88507913614117,38660.520833915856,0.561438992458761,310.4892600569125,0.2981898325883229,0.6,1.3569699349930187,1.0514741550598454,0.001959365969549111,243.69081237436822,244.15105990883416,0.0,1.871994196863368
196.2062692595555,7420.173979022244,92.50567480109261,239.97510309501558,38736.83669630036,0.5623362396688257,310.5475147232033,0.2978792951653296,0.6,1.3569699349930187,1.0513565561563416,0.001955971606309234,243.77433905548645,244.23380083964335,0.0,1.8703719928560167
196.35627405256741,7406.303603341091,92.42678815270531,240.06505062161682,38813.209548639585,0.5632338202736148,310.60570901817397,0.29756950844486024,0.6,1.3569699349930187,1.0512394528694842,0.001952588033054814,243.85780954811906,244.31648803015565,0.0,1.8687535440284224
196.5062788455793,7392.445047653386,92.34807980064602,240.15492188871687,38889.63937609094,0.5641317341343649,310.66384308749997,0.297260469331913,0.6,1.3569699349930187,1.0511228414923561,0.0019492151950674284,243.94122392747133,244.39912154377717,0.0,1.867138833938446
196.6562836385912,7378.598285271769,92.26954901934077,240.2447170683826,38966.12616377936,0.5650299811117601,310.7219170762566,0.29695217475340246,0.6,1.3569699349930187,1.0510067183710337,0.0019458530382049696,244.02458226878025,244.48170144403466,0.0,1.86552784634074
196.8062884316031,7364.763289609094,92.19119508677935,240.33443633203495,39042.669896844505,0.5659285610664884,310.7799311289583,0.2966446216519836,0.6,1.3569699349930187,1.0508910798629785,0.0019425015112725314,244.10788464721512,244.5642277944572,0.0,1.8639205663254137
196.95629322461497,7350.940034190091,92.11301728713205,240.42407985037306,39119.270560373014,0.5668274738584471,310.8378853895102,0.29633780699448997,0.6,1.3569699349930187,1.0507759223957087,0.0019391605620760455,244.1911311380135,244.64670065873767,0.0,1.8623169784291176
197.10629801762687,7337.128492652799,92.03501491118016,240.51364779336515,39195.92813938718,0.5677267193466141,310.8957800012031,0.2960317277732879,0.6,1.3569699349930187,1.0506612424770616,0.0019358301370347895,244.27432181650389,244.72912010075933,0.0,1.860717066446731
197.25630281063877,7323.328638733461,91.95718725313863,240.6031403303463,39272.64261892539,0.5686262973899929,310.9536151067778,0.29572638099596177,0.6,1.3569699349930187,1.0505470366250589,0.0019325101854208787,244.35745675794067,244.8114861843989,0.0,1.8591208154677308
197.40630760365065,7309.540446271603,91.87953361182275,240.6925576299856,39349.413984010986,0.5695262078472487,311.01139084840423,0.2954217636890587,0.6,1.3569699349930187,1.0504333013943354,0.0019292006574362659,244.4405360375643,244.89379897359794,0.0,1.8575282109562823
197.55631239666255,7295.763889221774,91.80205329331652,240.78189986021005,39426.24221958366,0.5704264505759068,311.0691073676334,0.29511787290668284,0.6,1.3569699349930187,1.0503200334362548,0.0019259015005464698,244.52355973073983,244.97605853252756,0.0,1.8559392369865928
197.70631718967445,7281.998941637085,91.72474560750668,240.87116718831106,39503.12731058776,0.5713270254333904,311.1267648054669,0.29481470571925206,0.6,1.3569699349930187,1.050207229422216,0.0019226126643095448,244.60652791277772,245.05826492537443,0.0,1.8543538785660185
197.85632198268632,7268.245577667467,91.6476098677578,240.96035978095603,39580.06924197921,0.5722279322771022,311.18436330236517,0.2945122592124192,0.6,1.3569699349930187,1.0500948860368147,0.001919334100574545,244.68944065891648,245.14041821632009,0.0,1.8527721217351496
198.00632677569823,7254.503771574515,91.57064539425575,241.04947780409174,39657.06799863929,0.5731291709634168,311.2419029981859,0.2942105304978471,0.6,1.3569699349930187,1.0499830000530987,0.0019160657586306895,244.77229804449576,245.22251846974657,0.0,1.8511939512292075
198.15633156871013,7240.773497721536,91.4938515119488,241.13852142300914,39734.12356542717,0.5740307413482982,311.29938403222667,0.29390951670651905,0.6,1.3569699349930187,1.049871568287173,0.00191280758829272,244.85510014485044,245.30456575010993,0.0,1.8496193519644741
198.306336361722,7227.0547305647315,91.41722754869667,241.22749080240038,39811.235927226364,0.5749326432878459,311.3568065432627,0.2936092149827287,0.6,1.3569699349930187,1.0497605875572236,0.001909559542234306,244.93784703521482,245.38656012182585,0.0,1.8480483101684824
198.4563411547339,7213.347444664635,91.34077283785236,241.31638610628468,39888.40506887753,0.5758348766375082,311.41417066949924,0.2933096224923926,0.6,1.3569699349930187,1.049650054741797,0.001906321572097338,245.0205387908558,245.46850164942794,0.0,1.84648081150158
198.6063459477458,7199.651614687609,91.26448671869763,241.40520749799848,39965.630975166925,0.5767374412519519,311.4714765485667,0.293010736424422,0.6,1.3569699349930187,1.0495399667901837,0.0019030936281172906,245.10317548709554,245.5503903975943,0.0,1.8449168408732037
198.75635074075768,7185.967215391199,91.18836853333639,241.49395514029055,40042.91363090577,0.57764033698599,311.5287243175825,0.2927125539806596,0.6,1.3569699349930187,1.0494303206532363,0.0018998756632996863,245.18575719915202,245.63222643095736,0.0,1.8433563844650804
198.90635553376958,7172.294221629133,91.11241762784972,241.58262919528948,40120.25302089947,0.5785435636942243,311.5859141131304,0.29241507237958353,0.6,1.3569699349930187,1.0493211133096885,0.0018966676315220355,245.26828400219793,245.71400981417372,0.0,1.8417994288153217
199.0563603267815,7158.632608362873,91.03663335492972,241.67122982442874,40197.64912987905,0.5794471212302461,311.6430460712137,0.2921182888647767,0.6,1.3569699349930187,1.049212341825886,0.0018934694839256305,245.35075597149634,245.79574061208552,0.0,1.840245959066796
199.20636511979336,7144.982350645635,90.96101507048769,241.7597571885503,40275.10194258864,0.5803510094476597,311.7001203273221,0.2918222006939485,0.6,1.3569699349930187,1.049104003280093,0.0018902811736764599,245.4331731822274,245.87741888951325,0.0,1.8386959612770026
199.35636991280526,7131.343423620733,90.88556213334272,241.84821144791542,40352.611443792135,0.5812552282001616,311.75713701644,0.2915268051379045,0.6,1.3569699349930187,1.0489960947558405,0.001887102656157985,245.51553570947155,245.95904471123612,0.0,1.8371494225160359
199.50637470581717,7117.715802536161,90.81027390851993,241.93659276210988,40430.17761818753,0.5821597773405424,311.81409627298575,0.29123209949115875,0.6,1.3569699349930187,1.0488886134166882,0.0018839338841907427,245.59784362837928,246.04061814219327,0.0,1.8356063285422235
199.65637949882904,7104.099462734941,90.73514976523768,242.0249012901068,40507.80045045872,0.5830646567212928,311.8709982308528,0.29093808106540836,0.6,1.3569699349930187,1.0487815564614416,0.0018807748110791591,245.6800970140683,246.12213924736142,0.0,1.8340666652824364
199.80638429184094,7090.494379646574,90.66018907509772,242.11313719032188,40585.47992532142,0.5839698661951411,311.9278430234465,0.29064474718367195,0.6,1.3569699349930187,1.0486749210837247,0.001877625392908563,245.76229594153114,246.2036080916442,0.0,1.8325304199539842
199.95638908485282,7076.900528798297,90.58539121463366,242.2013006205404,40663.216027456256,0.5848754056142739,311.9846307836373,0.2903520951884807,0.6,1.3569699349930187,1.0485687045299028,0.0018744855847080898,245.84444048576518,246.28502474002713,0.0,1.8309975791962443
200.10639387786472,7063.317885816567,90.51075556574838,242.28939173790775,40741.008741497455,0.5857812748302063,312.04136164375547,0.29006012244325713,0.6,1.3569699349930187,1.0484629041095244,0.0018713553400882862,245.92653072179587,246.3663892576044,0.0,1.829468128891341
200.25639867087662,7049.746426412871,90.43628151267053,242.3774106990211,40818.85805211079,0.5866874736946914,312.0980357356512,0.2897688263224783,0.6,1.3569699349930187,1.0483575171269641,0.0018682346153564725,246.00856672452142,246.44770170939393,0.0,1.8279420561745365
200.4064034638885,7036.186126388653,90.36196844309804,242.46535765989785,40896.76394396336,0.5875940020593704,312.1546531906744,0.28947820421533793,0.6,1.3569699349930187,1.0482525409076386,0.0018651233676426472,246.0905485687711,246.52896216040648,0.0,1.8264193485221139
200.5564082569004,7022.636961646625,90.28781575079765,242.55323277590188,40974.726401655345,0.5885008597749781,312.2112141396285,0.2891882535340922,0.6,1.3569699349930187,1.0481479728573606,0.0018620215513472328,246.17247632943824,246.61017067580363,0.0,1.8248999920123143
200.7064130499123,7009.0989081752705,90.21382283227959,242.64103620184426,41052.74540980645,0.589408046692352,312.2677187128356,0.2888989717033194,0.6,1.3569699349930187,1.048043810387504,0.001858929122836031,246.2543500813113,246.6913273206963,0.0,1.8233839736223492
200.85641784292417,6995.571942047263,90.13998908649768,242.7287680919934,41130.82095306232,0.5903155626625073,312.3241670401437,0.2886103561589321,0.6,1.3569699349930187,1.0479400509085117,0.0018558460406273751,246.33616989905852,246.77243216012627,0.0,1.8218712813242504
201.00642263593608,6982.056039433748,90.06631391810383,242.8164285999825,41208.953016009786,0.591223407535653,312.38055925086803,0.28832240435863027,0.6,1.3569699349930187,1.0478366919041942,0.0018527722606796518,246.4179358573939,246.8534852592634,0.0,1.8203619017742099
201.15642742894798,6968.551176594996,89.99279673547584,242.9040178788699,41287.14158322752,0.5921315811617821,312.4368954738305,0.28803511377552266,0.6,1.3569699349930187,1.047733730887453,0.0018497077394007183,246.49964803097728,246.93448668328645,0.0,1.8188558217869635
201.30643222195985,6955.057329872113,89.91943694894458,242.9915360811932,41365.386639331875,0.5930400833912057,312.49317583739503,0.28774848189239793,0.6,1.3569699349930187,1.047631165360344,0.0018466524359095808,246.58130649432485,247.01543649727594,0.0,1.8173530294495865
201.45643701497175,6941.574475698054,89.84623397330988,243.07898335889752,41443.6881689103,0.5939489140737809,312.5494004694222,0.28746250620979785,0.6,1.3569699349930187,1.0475289928716531,0.001843606308250989,246.66291132193658,247.09633476636608,0.0,1.8158535122627748
201.60644180798366,6928.102590599161,89.77318722827815,243.16635986332562,41522.046156509714,0.5948580730587766,312.60556949726373,0.2871771842473969,0.6,1.3569699349930187,1.0474272110273628,0.0018405693130447687,246.7444625883191,247.17718155577128,0.0,1.8143572569658057
201.75644660099553,6914.641651181345,89.70029613547561,243.2536657453075,41600.46058671409,0.5957675601957765,312.66168304782036,0.2868925135343697,0.6,1.3569699349930187,1.0473258174230242,0.00183754140954193,246.82596036783488,247.2579769306064,0.0,1.812864251534447
201.90645139400743,6901.191634134927,89.62756011958027,243.34090115512896,41678.93144411391,0.5966773753343242,312.7177412475226,0.28660849161301083,0.6,1.3569699349930187,1.0472248096698509,0.0018345225577736334,246.90740473475955,247.3387209559547,0.0,1.8113744842724406
202.05645618701934,6887.7525162457705,89.55497861088804,243.42806624245938,41757.45871323867,0.5975875183231437,312.7737442222849,0.2863251160469604,0.6,1.3569699349930187,1.0471241854537283,0.0018315127150529379,246.98879576341184,247.41941369702243,0.0,1.8098879420845915
202.2064609800312,6874.324274380174,89.48255104204719,243.51516115644975,41836.04237864232,0.5984979890111294,312.82969209756925,0.2860423844106788,0.6,1.3569699349930187,1.0470239424611127,0.0018285118406058095,247.07013352798973,247.50005521894303,0.0,1.8084046127612812
202.3564657730431,6860.906885483361,89.4102768477684,243.60218604574237,41914.68242490965,0.5994087872474224,312.88558499839206,0.2857602942884949,0.6,1.3569699349930187,1.0469240783726794,0.0018255198957527346,247.15141810255537,247.58064558675932,0.0,1.8069244850722097
202.50647056605501,6847.500326593511,89.3381554680374,243.68914105837982,41993.3788365718,0.6003199128804323,312.9414230492663,0.2854788432849074,0.6,1.3569699349930187,1.0468245909371778,0.0018225368392618172,247.2326495611976,247.66118486561655,0.0,1.8054475464689526
202.6564753590669,6834.1045748326505,89.26618634617859,243.77602634186414,42072.13159815676,0.6012313657584235,312.9972063742403,0.2851980290183357,0.6,1.3569699349930187,1.0467254779275985,0.0018195626303219063,247.31382797793526,247.74167312064677,0.0,1.8039737845536041
202.8064801520788,6820.719607398595,89.19436892711562,243.8628420432089,42150.940694234494,0.6021431457300395,313.0529350969316,0.28491784911551166,0.6,1.3569699349930187,1.0466267371016487,0.0018165972307699766,247.39495342662946,247.82211041686446,0.0,1.8025031881846623
202.9564849450907,6807.345401575774,89.12270265985636,243.9495883088692,42229.806109350866,0.6030552526435374,313.1086093404828,0.28463830121944017,0.6,1.3569699349930187,1.0465283662590161,0.0018136406013556327,247.4760259811092,247.90249681931547,0.0,1.8010357456275976
203.10648973810257,6793.981934736765,89.05118699792861,244.03626528473148,42308.7278280158,0.6039676863466538,313.16422922755555,0.28435938299077274,0.6,1.3569699349930187,1.046430363251825,0.001810692701401676,247.55704571519337,247.98283239310328,0.0,1.7995714443839643
203.25649453111447,6780.629184328822,88.97982139644523,244.122873116201,42387.70583478043,0.6048804466874979,313.21979488038727,0.28408109209836163,0.6,1.3569699349930187,1.0463327259176467,0.0018077534928027778,247.63801270254442,248.063117203214,0.0,1.7981102731771703
203.40649932412637,6767.287127878675,88.90860531322474,244.20941194817067,42466.74011420662,0.6057935335141996,313.2753064207719,0.2838034262228387,0.6,1.3569699349930187,1.0462354521054917,0.0018048229381966657,247.71892701672425,248.14335131458313,0.0,1.7966522210473885
203.55650411713825,6753.9557430034265,88.83753821132468,244.2958819249504,42545.830650799646,0.6067069466741325,313.3307639700152,0.2835263830647225,0.6,1.3569699349930187,1.0461385397344631,0.0018019009975180304,247.79978873132183,248.22353479224702,0.0,1.7951972756363987
203.70650891015015,6740.63500739583,88.76661955583045,244.38228319036244,42624.97742909308,0.607620686014897,313.38616764899626,0.2832499603340893,0.6,1.3569699349930187,1.0460419867203137,0.001798987632567547,247.88059791979316,248.30366770115185,0.0,1.7937454254599736
203.85651370316205,6727.324898822868,88.69584881357432,244.4686158877508,42704.18043365518,0.6085347513843937,313.44151757817446,0.28297415574965423,0.6,1.3569699349930187,1.0459457909692118,0.0017960828071880487,247.9613546554471,248.38375010613683,0.0,1.7922966599995251
204.00651849617392,6714.02539513949,88.62522545630748,244.55488015989187,42783.43964900451,0.6094491426298506,313.4968138775325,0.28269896704892483,0.6,1.3569699349930187,1.0458499504511767,0.0017931864826809883,248.04205901160455,248.46378207212314,0.0,1.7908509674174162
204.15652328918583,6700.736474279743,88.5547489587959,244.6410761490522,42862.755059660456,0.6103638595984074,313.5520566666141,0.28242439198206953,0.6,1.3569699349930187,1.0457544631566245,0.0017902986207443575,248.122711061504,248.5437636640014,0.0,1.7894083360200537
204.3065280821977,6687.458114248954,88.4844187971116,244.7272039970389,42942.12665018746,0.6112789021376273,313.6072460645571,0.2821504283064199,0.6,1.3569699349930187,1.0456593270572079,0.0017874191856667976,248.20331087821626,248.62369494652978,0.0,1.7879687553560646
204.4565328752096,6674.190293134318,88.41423445108741,244.81326384513133,43021.55440512972,0.612194270094743,313.6623821900501,0.2818770737943215,0.6,1.3569699349930187,1.0455645401627875,0.001784548140640298,248.28385853476763,248.70357598448035,0.0,1.7865322143757882
204.6065376682215,6660.932989106458,88.34419540475001,244.89925583407052,43101.03830899917,0.6131099633165221,313.7174651613261,0.28160432623449855,0.6,1.3569699349930187,1.0454701005318647,0.0017816854474315964,248.3643541041616,248.7834068426648,0.0,1.7850987012644406
204.75654246123338,6647.686180406283,88.27430114343262,244.98518010414475,43180.578346352035,0.6140259816501479,313.7724950962182,0.28133218342278005,0.6,1.3569699349930187,1.045376006205146,0.0017788310703251492,248.44479765923606,248.86318758576374,0.0,1.7836682054160766
204.90654725424528,6634.449845349697,88.20455115488421,245.07103679515882,43260.17450175832,0.6149423249428692,313.82747211214047,0.281060643165637,0.6,1.3569699349930187,1.0452822552314367,0.0017759849743157485,248.52518927271822,248.94291827839248,0.0,1.78224071653176
205.05655204725718,6621.223962338315,88.13494493177113,245.1568260463646,43339.82675973526,0.6158589930412358,313.88239632604376,0.2807897032881749,0.6,1.3569699349930187,1.0451888457259704,0.0017731471217128654,248.60552901734985,249.02259898524932,0.0,1.7808162229157967
205.20655684026906,6608.00850984509,88.06548196851597,245.2425479965542,43419.535104831186,0.6167759857920646,313.93726785447615,0.28051936162398605,0.6,1.3569699349930187,1.0450957757975292,0.0017703174766495768,248.6858169657308,249.10222977092909,0.0,1.7793947137363546
205.35656163328096,6594.8034664129345,87.99616176102431,245.32820278406888,43499.299521631794,0.6176933030425121,313.9920868135892,0.2802496160142592,0.6,1.3569699349930187,1.0450030435423114,0.0017674960052534,248.76605319030546,249.181810699907,0.0,1.7779761791150284
205.50656642629286,6581.60881066822,87.92698380981781,245.41379054671148,43579.11999467659,0.6186109446391144,314.0468533190826,0.2799804643177906,0.6,1.3569699349930187,1.044910647116988,0.001764682671124031,248.84623776351887,249.26134183672394,0.0,1.7765606078544698
205.65657121930474,6568.424521312125,87.85794761815933,245.4993114218027,43658.99650850868,0.6195289104283606,314.10156748624024,0.27971190440496,0.6,1.3569699349930187,1.0448185846955593,0.0017618774382371222,248.92637075772438,249.3408232458765,0.0,1.7751479888961303
205.80657601231664,6555.250577112991,87.78905269037229,245.58476554623033,43738.92904771884,0.6204472002572011,314.156229429963,0.27944393415233454,0.6,1.3569699349930187,1.0447268544305293,0.001759080273106091,249.0064522451007,249.42025499171768,0.0,1.7737383124109098
205.95658080532854,6542.086956916755,87.7202985342666,245.67015305638185,43818.91759688024,0.6213658139722971,314.2108392647255,0.27917655145041465,0.6,1.3569699349930187,1.044635454509596,0.0017562911411414313,249.08648229777225,249.4996371386003,0.0,1.7723315679672496
206.10658559834042,6528.933639648473,87.65168466156793,245.75547408813443,43898.962140536954,0.6222847514198899,314.26539710457064,0.2789097542049854,0.6,1.3569699349930187,1.0445443831660446,0.0017535100063325497,249.16646098783107,249.57896975090253,0.0,1.7709277443682463
206.25659039135232,6515.7906042994955,87.58321058507445,245.8407287769381,43979.0626632795,0.6232040124466701,314.3199030631632,0.2786435403280028,0.6,1.3569699349930187,1.0444536386128125,0.0017507368351367156,249.24638838719707,249.65825289286116,0.0,1.7695268316141393
206.40659518436422,6502.657829932123,87.51487581975508,245.92591725778553,44059.21914971469,0.624123596899431,314.3743572537713,0.27837790774109084,0.6,1.3569699349930187,1.0443632190682905,0.00174797159469238,249.326264567672,249.73748662863605,0.0,1.7681288200035852
206.5565999773761,6489.535295690096,87.44667988522004,246.01103966514398,44139.431584399375,0.6250435046243094,314.4287597892228,0.2781128543834218,0.6,1.3569699349930187,1.044273122814328,0.001745214249472316,249.40608960106232,249.81667102245564,0.0,1.7667336984409368
206.706604770388,6476.422980784572,87.37862230260602,246.09609613304633,44219.69995192376,0.6259637354677432,314.48311078196485,0.27784837820173663,0.6,1.3569699349930187,1.0441833481238654,0.001742464765734271,249.4858635590262,249.89580613843486,0.0,1.7653414566854462
206.8566095633999,6463.3208644928,87.31070259431017,246.18108679509947,44300.024236917474,0.626884289276541,314.5374103440692,0.27758447714948087,0.6,1.3569699349930187,1.0440938932548955,0.0017397231116865854,249.5655865130605,249.9748920405593,0.0,1.7639520854387756
207.00661435641177,6450.22892617136,87.2429202870853,246.26601178439864,44380.40442396667,0.6278051658969324,314.5916585871781,0.27732114919667833,0.6,1.3569699349930187,1.04400475652315,0.0017369892530252238,249.64525853465383,250.05392879286705,0.0,1.7625655740845292
207.15661914942368,6437.147145247717,87.17527491019185,246.35087123358198,44460.84049766311,0.6287263651751314,314.64585562253984,0.2770583923240049,0.6,1.3569699349930187,1.0439159362592287,0.0017342631558044362,249.72487969519608,250.13291645934103,0.0,1.7611819121408363
207.30662394243558,6424.075501212774,87.10776599374348,246.43566527487906,44541.33244264831,0.6296478869578434,314.7000015610402,0.27679620451748804,0.6,1.3569699349930187,1.0438274307700803,0.0017315447885672183,249.80445006589778,250.21185510381235,0.0,1.7598010903436652
207.45662873544745,6411.013973631101,87.04039307110517,246.52039404004424,44621.88024354839,0.6305697310915194,314.7540965131603,0.2765345837761508,0.6,1.3569699349930187,1.0437392383954314,0.0017288341187497247,249.8839697179079,250.2907447901007,0.0,1.7584230988232004
207.60663352845935,6397.96254214245,86.97315567931784,246.6050576603471,44702.48388496257,0.6314918974222251,314.80814058897107,0.27627352811334777,0.6,1.3569699349930187,1.0436513575181159,0.0017261311123731803,249.96343872233558,250.36958558203963,0.0,1.757047926944819
207.75663832147126,6384.92118644924,86.90605335629658,246.6896562666534,44783.143351538354,0.6324143857965028,314.86213389818545,0.27601303554780177,0.6,1.3569699349930187,1.043563786498602,0.0017234357378804427,250.0428571501132,250.4483775433135,0.0,1.7556755652604261
207.90664311448313,6371.889886321121,86.83908564191789,246.77418998939555,44863.858627941256,0.6333371960610239,314.9160765501402,0.27575310410706066,0.6,1.3569699349930187,1.0434765237006993,0.001720747964369311,250.12222507204987,250.52712073752087,0.0,1.7543060046126855
208.05664790749503,6358.868621605274,86.77225208046008,246.85865895850586,44944.629698789315,0.6342603280618431,314.9699686537534,0.27549373183526854,0.6,1.3569699349930187,1.0433895675492604,0.0017180677582929352,250.20154255895153,250.6058152283172,0.0,1.752939234453021
208.20665270050694,6345.857372212718,86.70555221753183,246.94306330350514,45025.456548735296,0.6351837816453372,315.0238103175821,0.27523491678334455,0.6,1.3569699349930187,1.0433029164582626,0.0017153950878539413,250.2808096814714,250.6844610792365,0.0,1.7515752450797497
208.3566574935188,6332.856118117012,86.63898559981249,247.02740315351136,45106.33916247332,0.6361075566582824,315.07760164982767,0.27497665700814145,0.6,1.3569699349930187,1.043216568824866,0.0017127299231649463,250.3600265100974,250.76305835367637,0.0,1.7502140277235556
208.5066622865307,6319.864839367255,86.57255177811088,247.11167863715505,45187.27752465577,0.6370316529469054,315.1313427582827,0.2747189505821869,0.6,1.3569699349930187,1.0431305231017358,0.0017100722318430124,250.4391931153023,250.84160711507604,0.0,1.7488555722985357
208.6566670795426,6306.883516079848,86.50625030554214,247.195889882633,45268.271619942614,0.6379560703574473,315.18503375036585,0.27446179558784883,0.6,1.3569699349930187,1.0430447777544276,0.0017074219818481852,250.51830956745508,250.92010742681128,0.0,1.7474998688498138
208.8066718725545,6293.912128431194,86.44008073589764,247.28003701775535,45349.321433044846,0.6388808087366609,315.2386747331521,0.27420519011212285,0.6,1.3569699349930187,1.042959331223131,0.0017047791435835205,250.59737593674217,250.99855935209968,0.0,1.746146908629701
208.9566766655664,6280.950656667767,86.37404262601628,247.36412016988038,45430.4269486598,0.6398058679310715,315.29226581333177,0.2739491322541793,0.6,1.3569699349930187,1.0428741819788556,0.0017021436863431589,250.67639229328316,251.07696295413865,0.0,1.7447966822820586
209.10668145857827,6267.999081107613,86.30813553620428,247.44813946590486,45511.58815145973,0.6407312477868498,315.3458070972049,0.2736936201266818,0.6,1.3569699349930187,1.0427893285337,0.0016995155780140019,250.75535870715186,251.1553182961301,0.0,1.7434491796870641
209.25668625159017,6255.057382128087,86.24235902747199,247.53209503234334,45592.805026166454,0.6416569481506617,315.3992986907321,0.2734386518469649,0.6,1.3569699349930187,1.042704769375785,0.0016968947888614232,250.83427524824262,251.23362544112103,0.0,1.7421043919016979
209.40669104460207,6242.12554017037,86.17671266261064,247.615986995299,45674.07755752137,0.6425829688693281,315.45274069951677,0.2731842255404524,0.6,1.3569699349930187,1.0426205029948843,0.0016942812897819287,250.91314198632276,251.31188445206575,0.0,1.7407623102668002
209.55669583761394,6229.203535749586,86.11119600860353,247.6998154803981,45755.40573021986,0.6435093097890775,315.50613322876336,0.2729303393483228,0.6,1.3569699349930187,1.0425365279398195,0.001691675049049364,250.99195899115034,251.39009539196587,0.0,1.7394229247354853
209.70670063062585,6216.291349441375,86.04580863359497,247.78358061287676,45836.78952899366,0.6444359707564856,315.5594763833336,0.27267699141783563,0.6,1.3569699349930187,1.042452842746966,0.0016890760366541967,251.07072633232778,251.4682583236957,0.0,1.738086226100537
209.85670542363775,6203.388961880666,85.98055010663676,247.86728251758925,45918.228938616776,0.6453629516185435,315.6127702677519,0.2724241799015124,0.6,1.3569699349930187,1.0423694459343817,0.0016864842244590458,251.14944407928965,251.5463733099877,0.0,1.7367522060778724
210.00671021664962,6190.496353774441,85.91542000071176,247.950921318925,45999.723943823315,0.6462902522217212,315.66601498615313,0.2721719029667495,0.6,1.3569699349930187,1.0422863360738053,0.0016838995818487825,251.22811230145004,251.6244404136074,0.0,1.7354208550687267
210.15671500966153,6177.613505893651,85.85041789093357,248.03449714086094,46081.27452935608,0.6472178724125237,315.7192106423163,0.271920158790068,0.6,1.3569699349930187,1.0422035117482418,0.001681322078537897,251.30673106811554,251.7024596972499,0.0,1.7340921636024877
210.30671980267343,6164.740399066111,85.78554335293984,248.11801010700788,46162.88068001015,0.6481458120379858,315.77235733969474,0.2716689455519861,0.6,1.3569699349930187,1.0421209715139734,0.0016787516866409741,251.38530044840854,251.78043122344798,0.0,1.732766123405878
210.4567245956853,6151.877014186379,85.72079596523734,248.20146034054605,46244.542380568135,0.6490740709449365,315.8254551813753,0.2714182614444703,0.6,1.3569699349930187,1.0420387139565037,0.0016761883771630745,251.4638205113804,251.85835505470686,0.0,1.7314427255950213
210.6067293886972,6139.023332217227,85.65617530961664,248.2848479642158,46326.25961578908,0.650002648979874,315.878504270073,0.27116810467223645,0.6,1.3569699349930187,1.0419567377007553,0.001673632119710865,251.54229132603243,251.936231253529,0.0,1.7301219605239295
210.7567341817091,6126.179334177674,85.59168096842554,248.3681731003952,46408.032370482484,0.6509315459898071,315.9315047081809,0.270918473444061,0.6,1.3569699349930187,1.041875041346385,0.0016710828862289767,251.62071296118495,252.01405988225764,0.0,1.7288038197144393
210.90673897472098,6113.3450011474015,85.52731252563541,248.45143587107117,46489.860629478484,0.6518607618219174,315.9844565977521,0.27066936597616126,0.6,1.3569699349930187,1.0417936234933363,0.001668540649271396,251.69908548552863,252.09184100313806,0.0,1.7274882949659671
211.05674376773288,6100.5203142766995,85.46306956922403,248.53463639777527,46571.74437756283,0.652790296322821,316.0373600404594,0.2704207804997579,0.6,1.3569699349930187,1.0417124827989481,0.0016660053787920794,251.7774089677403,252.1695746784551,0.0,1.726175376694044
211.20674856074478,6087.705254773329,85.39895168818295,248.61777480166862,46653.68359955824,0.6537201493394931,316.09021513764975,0.2701727152515422,0.6,1.3569699349930187,1.0416316179068357,0.001663477046431011,251.85568347633924,252.2472609703617,0.0,1.7248650561473
211.35675335375666,6074.899803901326,85.33495847226926,248.7008512035498,46735.67828033085,0.6546503207193414,316.1430219903496,0.269925168472876,0.6,1.3569699349930187,1.0415510274410964,0.0016609556256648654,251.93390907967557,252.32489994086524,0.0,1.7235573254889356
211.50675814676856,6062.103942993527,85.27108951499537,248.7838657237736,46817.72840470808,0.6555808103092751,316.1957806992139,0.26967813841928145,0.6,1.3569699349930187,1.0414707100779892,0.001658441087511056,252.0120858460747,252.40249165199887,0.0,1.7222521755697011
211.65676293978046,6049.317653443689,85.20734441185016,248.86681848230205,46899.83395752711,0.6565116179562547,316.24849136455873,0.26943162335477044,0.6,1.3569699349930187,1.0413906645037125,0.0016559334033048614,252.09021384375228,252.48003616572026,0.0,1.7209495973661255
211.80676773279234,6036.540916699502,85.14372275871418,248.94970959874973,46981.99492367797,0.6574427435077826,316.3011540863908,0.26918562154679654,0.6,1.3569699349930187,1.0413108893766445,0.0016534325467411873,252.16829314073863,252.5575335438214,0.0,1.719649583042897
211.95677252580424,6023.77371427231,85.08022415417952,249.03253919232085,47064.211288039674,0.6583741868111779,316.35376896436753,0.2689401312736139,0.6,1.3569699349930187,1.041231383383075,0.0016509384904059659,252.2463238049905,252.6349838480614,0.0,1.7183521241523636
212.10677731881614,6011.016027738583,85.01684819995928,249.11530738179945,47146.48303546834,0.659305947713443,316.40633609779184,0.2686951508255609,0.6,1.3569699349930187,1.041152145247317,0.0016484512054964564,252.32430590441115,252.71238714019026,0.0,1.717057211486673
212.25678211182802,5998.267838728173,84.95359449819556,249.1980142856258,47228.81015087147,0.6602380260621064,316.45885558566033,0.26845067849649723,0.6,1.3569699349930187,1.0410731736673828,0.0016459706655096882,252.40223950672214,252.78974348179582,0.0,1.715764836997454
212.40678690483992,5985.529128928666,84.89046265251578,249.28066002186793,47311.19261917805,0.6611704217048833,316.5113275266464,0.26820671258714757,0.6,1.3569699349930187,1.0409944673404554,0.0016434968445319831,252.48012467951412,252.8670529343643,0.0,1.7144749929081444
212.55679169785182,5972.799880095174,84.82745227038802,249.3632447081584,47393.630425273645,0.6621031344889424,316.5637520190599,0.26796325141256433,0.6,1.3569699349930187,1.0409160250197251,0.0016410297140726708,252.55796149036,252.94431555941455,0.0,1.7131876700623736
212.7067964908637,5960.080074037439,84.7645629601647,249.44576846177765,47476.12355408165,0.6630361642618254,316.61612916090087,0.26772029329272823,0.6,1.3569699349930187,1.040837845443619,0.0016385692472984626,252.6357500066744,253.0215314183307,0.0,1.7119028601308408
212.8568012838756,5947.36969261867,84.70179433083943,249.52823139966165,47558.671990569535,0.6639695108715186,316.6684590498646,0.26747783655176643,0.6,1.3569699349930187,1.0407599273300734,0.0016361154191793634,252.7134902957024,253.0987005723484,0.0,1.7106205556908292
213.00680607688747,5934.668717767893,84.63914599500413,249.61063363832184,47641.27571966682,0.6649031741655241,316.72074178329143,0.26723587952732325,0.6,1.3569699349930187,1.0406822694479108,0.0016336682022450651,252.79118242466083,253.1758230827231,0.0,1.709340748009633
213.15681086989937,5921.977131472168,84.57661756709024,249.69297529389553,47723.93472631389,0.6658371539914156,316.7729774581988,0.26699442056496414,0.6,1.3569699349930187,1.0406048705747946,0.0016312275693327052,252.86882646065555,253.25289901063098,0.0,1.7080634284783642
213.30681566291128,5909.294915769797,84.51420866180483,249.77525648218995,47806.648995504416,0.6667714501973149,316.82516617131006,0.26675345801320366,0.6,1.3569699349930187,1.0405277294596804,0.0016287934956007418,252.946422470607,253.32992841708028,0.0,1.7067885896676955
213.45682045592315,5896.622052759866,84.45191889642626,249.85747731862034,47889.418512221615,0.6677060626311736,316.8773080190152,0.2665129902307756,0.6,1.3569699349930187,1.0404508448783416,0.0016263659551001316,253.02397052135993,253.40691136304198,0.0,1.7055162235345405
213.60682524893505,5883.958524603686,84.38974789120799,249.93963791820065,47972.243261427124,0.6686409911406482,316.9294030973656,0.26627301558789784,0.6,1.3569699349930187,1.0403742156434077,0.0016239449205035373,253.10147067970334,253.4838479094729,0.0,1.7042463212777816
213.75683004194696,5871.304313513301,84.3276952667197,250.02173839561797,48055.123228134195,0.6695762355739275,316.98145150212156,0.26603353245782996,0.6,1.3569699349930187,1.0402978405403596,0.001621530366747227,253.1789230122446,253.5607381171659,0.0,1.7029788752479835
213.90683483495883,5858.659401755779,84.265760644894,250.10377886520487,48138.05839737818,0.6705117957793979,317.0334533287353,0.26579453922018115,0.6,1.3569699349930187,1.0402217183529345,0.0016191222693381795,253.2563275854595,253.6375820468092,0.0,1.701713878062175
214.05683962797073,5846.0237716628035,84.20394365135473,250.18575944087692,48221.04875415196,0.6714476716049168,317.08540867231125,0.26555603426827645,0.6,1.3569699349930187,1.0401458479196957,0.0016167206012296278,253.3336844658032,253.71437975911832,0.0,1.7004513209618106
214.20684442098263,5833.397405618064,84.1422439124955,250.2676802362147,48304.094283486826,0.6723838628987262,317.1373176276592,0.2653180159998838,0.6,1.3569699349930187,1.040070228063591,0.0016143253370052503,253.4109937195725,253.79113131467176,0.0,1.699191196009856
214.3568492139945,5820.7802860561205,84.08066105524134,250.34954136447095,48387.19497045841,0.6733203695095181,317.1891802892985,0.26508048281645025,0.6,1.3569699349930187,1.0399948575862785,0.001611936453020439,253.4882554128947,253.8678367738977,0.0,1.697933496168358
214.5068540070064,5808.172395474514,84.01919470997393,250.43134293849226,48470.350800105516,0.6742571912855206,317.2409967514095,0.26484343313235614,0.6,1.3569699349930187,1.0399197353392307,0.0016095539232094953,253.56546961186672,253.9444961972394,0.0,1.696678213092005
214.6568588000183,5795.573716426183,83.95784450879215,250.513085070768,48553.561757478026,0.6751943280750394,317.2927671078642,0.264606865369391,0.6,1.3569699349930187,1.0398448601818273,0.0016071777218048863,253.6426363824734,254.0211096450576,0.0,1.6954253385576796
214.8068635930302,5782.98423151277,83.89661008396797,250.59476787347387,48636.827827679816,0.6761317797269403,317.34449145225483,0.2643707779518536,0.6,1.3569699349930187,1.0397702309440264,0.0016048078253240018,253.71975579051485,254.09767717754406,0.0,1.6941748655137254
214.9568683860421,5770.4039233940175,83.83549107021861,250.67639145841093,48720.14899580487,0.6770695460899304,317.3961698778554,0.2641351693137359,0.6,1.3569699349930187,1.0396958464816854,0.0016024442091789424,253.79682790171444,254.17419885484964,0.0,1.6929267862935624
215.106873179054,5757.832774789209,83.7744871051049,250.75795593699613,48803.52524692605,0.6780076270124328,317.4478024776161,0.2639000378999694,0.6,1.3569699349930187,1.0396217056865162,0.0016000868474143827,253.8738527817377,254.25067473710695,0.0,1.6916810924749501
215.25687797206587,5745.270768465874,83.7135978264038,250.83946142033574,48886.95656616844,0.678946022343412,317.4993893442101,0.26366538215809765,0.6,1.3569699349930187,1.0395478074223905,0.0015977357163042471,253.95083049606953,254.3271048842836,0.0,1.690437776779997
215.40688276507777,5732.717887244021,83.65282287314584,250.9209080191978,48970.44293867968,0.6798847319320404,317.55093057001653,0.26343120054154995,0.6,1.3569699349930187,1.0394741505506813,0.0015953907926758613,254.02776111006304,254.40348935624056,0.0,1.6891968321922903
215.55688755808967,5720.1741140055865,83.59216188791738,251.00229584395078,49053.984349565464,0.6808237556269736,317.60242624708206,0.2631974915169131,0.6,1.3569699349930187,1.0394007339865718,0.0015930520508261315,254.10464468904857,254.47982821286138,0.0,1.687958250324187
215.70689235110154,5707.6394316820415,83.53161451397223,251.08362500464398,49137.58078397034,0.6817630932772593,317.65387646717227,0.2629642535547799,0.6,1.3569699349930187,1.0393275566289149,0.0015907194666569737,254.18148129819855,254.55612151389124,0.0,1.6867220236043923
215.85689714411345,5695.11382325329,83.47118039499782,251.16489561101474,49221.23222708371,0.6827027447324049,317.70528132177634,0.26273148512900246,0.6,1.3569699349930187,1.0392546173546273,0.0015883930178120487,254.25827100251664,254.632369318924,0.0,1.6854881453536121
216.00690193712535,5682.5972717596,83.41085917800989,251.2461077724109,49304.938664058456,0.6836427098414636,317.75664090205856,0.2624991847258337,0.6,1.3569699349930187,1.0391819150895114,0.0015860726795333046,254.3350138669743,254.70857168756444,0.0,1.6842566075879426
216.15690673013722,5670.089760294135,83.35065051163102,251.32726159783945,49388.70008005929,0.6845829884535783,317.80795529888934,0.2622673508384713,0.6,1.3569699349930187,1.0391094487664951,0.001583758427352531,254.41170995643068,254.78472867933266,0.0,1.6830274024443295
216.30691152314913,5657.591271996404,83.29055404456564,251.40835719600875,49472.51646030505,0.6855235804184566,317.85922460287236,0.2620359819622267,0.6,1.3569699349930187,1.0390372172884896,0.001581450239051759,254.48835933556137,254.86084035357914,0.0,1.681800523223518
216.45691631616103,5645.101790061521,83.23056942784957,251.48939467526867,49556.387790005094,0.6864644855856571,317.91044890430703,0.2618050766016265,0.6,1.3569699349930187,1.0389652195835293,0.0015791480913105377,254.56496206896432,254.9369067696107,0.0,1.6805759626103665
216.6069211091729,5632.621297741598,83.17069631524265,251.57037414360136,49640.31405434834,0.6874057038044669,317.9616282931832,0.2615746332716392,0.6,1.3569699349930187,1.0388934546146427,0.0015768519594522169,254.6415182211787,255.0129279867126,0.0,1.6793537125365958
216.7569259021848,5620.149778334678,83.11093436063159,251.65129570869323,49724.29523857612,0.6883472349247197,318.0127628592266,0.2613446504894584,0.6,1.3569699349930187,1.0388219213164442,0.0015745618209966586,254.71802785656405,255.08890406400482,0.0,1.6781337660713513
216.9069306951967,5607.687215188916,83.05128321905828,251.73215947790766,49808.33132795253,0.6892890787964635,318.0638526918825,0.261115126777743,0.6,1.3569699349930187,1.0387506186204158,0.0015722776540009384,254.79449103934863,255.16483506049894,0.0,1.6769161165405808
217.05693548820858,5595.233591711855,82.99174254899683,251.81296555822487,49892.42230770039,0.6902312352692416,318.11489788027757,0.2608860606717977,0.6,1.3569699349930187,1.0386795455109683,0.0015699994340150052,254.87090783373625,255.24072103522562,0.0,1.6757007559034096
217.20694028122048,5582.788891358261,82.93231200949677,251.8937140563209,49976.56816308178,0.6911737041929986,318.1658985132705,0.26065745071053775,0.6,1.3569699349930187,1.0386087009555884,0.0015677271381697173,254.94727830377374,255.3165620470763,0.0,1.6744876769304926
217.35694507423236,5570.35309762907,82.87299125995385,251.9744050785743,50060.76887940358,0.69211648541814,318.2168546794564,0.2604292954357581,0.6,1.3569699349930187,1.0385380838992806,0.0015654607453091617,255.0236025133403,255.39235815479054,0.0,1.6732768732777792
217.50694986724426,5557.9261940831,82.81377996297465,252.05503873099022,50145.024441936854,0.6930595787946309,318.2677664671191,0.2602015934011662,0.6,1.3569699349930187,1.038467693335138,0.0015632002318951253,255.0998805262817,255.46810941711553,0.0,1.6720683372994296
217.65695466025616,5545.508164329734,82.7546777826727,252.13561511924783,50229.33483596476,0.6940029841725328,318.3186339642618,0.25997434316699075,0.6,1.3569699349930187,1.0383975282627043,0.001560945574671751,255.17611240633153,255.5438158927121,0.0,1.6708620614693483
217.80695945326804,5533.098992022502,82.69568438316166,252.216134348742,50313.700046824655,0.6949467014024755,318.3694572586333,0.2597475432952172,0.6,1.3569699349930187,1.038327587651016,0.001558696752600289,255.2522982170412,255.6194776400714,0.0,1.669658039417962
217.95696424627994,5520.698660868167,82.63679943078292,252.29659652452435,50398.12005984495,0.6958907303349495,318.42023643769164,0.2595211923566084,0.6,1.3569699349930187,1.0382578704935688,0.0015564537435427937,255.3284380218844,255.6950947176389,0.0,1.6684562641590128
218.10696903929184,5508.307154628129,82.57802259449257,252.37700175129402,50482.59486033399,0.6968350708201838,318.47097158859793,0.259295288931913,0.6,1.3569699349930187,1.0381883758181016,0.001554216524016599,255.4045318842753,255.77066718383588,0.0,1.6672567279557369
218.25697383230371,5495.924457107549,82.51935354329349,252.45735013346837,50567.124433652614,0.6977797227089568,318.52166279826207,0.2590698316037541,0.6,1.3569699349930187,1.0381191026234602,0.001551985072704287,255.48057986744993,255.8461950969181,0.0,1.6660594242022393
218.40697862531562,5483.550552159461,82.46079194725459,252.53764177515615,50651.708765184725,0.6987246858522675,318.57231015332553,0.258844818959837,0.6,1.3569699349930187,1.0380500499048202,0.0015497593688104426,255.5565820345138,255.92167851503237,0.0,1.664864346545011
218.55698341832752,5471.185423693913,82.40233747976355,252.61787678009833,50736.34784027336,0.6996699601006213,318.62291374012483,0.25862024960004143,0.6,1.3569699349930187,1.0379812167095195,0.0015475393890557105,255.6325384485469,255.99711749634133,0.0,1.6636714872681626
218.7069882113394,5458.829055666014,82.34398981470036,252.69805525174556,50821.041644301,0.7006155453049284,318.6734736447403,0.25839612212749813,0.6,1.3569699349930187,1.0379126020674596,0.001545325111718748,255.70844917247337,256.07251209886795,0.0,1.6624808394628237
218.8569930043513,5446.4814320748965,82.2857486262123,252.77817729326486,50905.79016269511,0.7015614413165654,318.723989953001,0.2581724351478724,0.6,1.3569699349930187,1.0378442049856094,0.0015431165167642245,255.78431426905124,256.1478623804835,0.0,1.6612923970990336
219.0069977973632,5434.14253697527,82.22761359154973,252.85824300746475,50990.59338084767,0.7025076479864768,318.7744627504378,0.2579491872782924,0.6,1.3569699349930187,1.0377760245183263,0.0015409135817938992,255.86013380100428,256.2231683990641,0.0,1.660106152847915
219.15700259037507,5421.812354470203,82.16958438937884,252.93825249684198,51075.45128416303,0.7034541651657106,318.8248921223128,0.2577263771420194,0.6,1.3569699349930187,1.0377080597258355,0.0015387162846851098,255.9359078309446,256.2984302123982,0.0,1.6589220994994252
219.30700738338697,5409.490868704839,82.11166069829233,253.01820586362228,51160.363858099845,0.7044009927058859,318.8752781536459,0.2575040033637474,0.6,1.3569699349930187,1.037640309637443,0.0015365246055005861,256.01163642130393,256.37364787810526,0.0,1.6577402309931144
219.45701217639888,5397.1780638753535,82.05384219901576,253.09810320970243,51245.33108810808,0.7053481304584898,318.9256209291781,0.2572820645765458,0.6,1.3569699349930187,1.0375727733063393,0.0015343385232075317,256.08731963443637,256.4488214537572,0.0,1.6565605406511794
219.60701696941075,5384.873924230313,81.99612857478908,253.17794463664114,51330.35295961794,0.7062955782747556,318.9759205333665,0.2570605594230486,0.6,1.3569699349930187,1.0375054498192986,0.0015321580154400874,256.16295753263614,256.5239509968997,0.0,1.6553830210480298
219.75702176242265,5372.578434060007,81.9385195088265,253.25773024572854,51415.42945811232,0.7072433360064703,319.02617705042803,0.25683948654744587,0.6,1.3569699349930187,1.037438338233797,0.0015299830619677087,256.23855017802117,256.59903656491355,0.0,1.6542076658827092
219.90702655543456,5360.2915777005155,81.8810146853274,253.3374601379595,51500.56056909712,0.7081914035056439,319.07639056432333,0.2566188445986599,0.6,1.3569699349930187,1.0373714376031862,0.0015278136430675264,256.31409763258,256.6740782150698,0.0,1.6530344691024659
220.05703134844643,5348.013339542679,81.82361379170503,253.4171344139757,51585.746278037965,0.7091397806238047,319.1265611587204,0.2563986322373503,0.6,1.3569699349930187,1.0373047470322956,0.0015256497365557428,256.3895999582747,256.74907600465303,0.0,1.6518634232966167
220.20703614145833,5335.74370402036,81.76631651578951,253.4967531741416,51670.9865704399,0.7100884672128877,319.1766889170425,0.2561788481270995,0.6,1.3569699349930187,1.037238265608083,0.001523491321784762,256.4650572169132,256.8240299908082,0.0,1.6506945218572557
220.35704093447023,5323.482655609457,81.70912254560677,253.57631651855087,51756.281431853,0.7110374631252965,319.22677392247317,0.25595949093371,0.6,1.3569699349930187,1.0371719923941893,0.0015213383797669788,256.5404694701388,256.8989402305287,0.0,1.649527759049298
220.5070457274821,5311.2301788392415,81.65203157218642,253.65582454695289,51841.63084779227,0.7119867682130131,319.2768162579096,0.2557405593340309,0.6,1.3569699349930187,1.0371059265010316,0.0015191908891711635,256.61583677956037,256.9738067808107,0.0,1.6483631278416326
220.657050520494,5298.986258285282,81.59504328789026,253.7352773587985,51927.0348037852,0.7129363823281266,319.32681600599216,0.2555220520106872,0.6,1.3569699349930187,1.037040067044378,0.001517048828935528,256.69115920667565,257.0486296985622,0.0,1.6472006213212507
220.8070553135059,5286.750878563284,81.53815738494015,253.8146750532802,52012.4932854137,0.7138863053233004,319.3767732491298,0.2553039676474417,0.6,1.3569699349930187,1.036974413108737,0.0015149121801532493,256.7664368128042,257.1234090405226,0.0,1.6460402337181148
220.9570601065178,5274.524024337892,81.48137355760356,253.8940177292748,52098.00627825095,0.7148365370510696,319.4266880694644,0.25508630493606144,0.6,1.3569699349930187,1.0369089638019948,0.0015127809228259648,256.84166965918826,257.19814486338265,0.0,1.6448819586442742
221.1070648995297,5262.305680324035,81.4246915025696,253.97330548533478,52183.57376785102,0.715787077363727,319.4765605488655,0.25486906257748854,0.6,1.3569699349930187,1.036843718265038,0.0015106550356340106,256.91685780701016,257.2728372238054,0.0,1.6437257889667654
221.2570696925416,5250.095831276458,81.36811091643607,254.0525384197562,52269.19573982024,0.7167379261141159,319.52639076897356,0.2546522392739305,0.6,1.3569699349930187,1.0367786756091089,0.0015085344993643417,256.9920013172779,257.34748617828956,0.0,1.6425717186713262
221.40707448555347,5237.89446199372,81.31163149671181,254.13171663055277,52354.87217978843,0.71768908315531,319.5761788111837,0.25443583373200496,0.6,1.3569699349930187,1.0367138349409348,0.0015064192952980375,257.0671002508716,257.4220917832242,0.0,1.6414197419879124
221.55707927856537,5225.701557327012,81.25525294402247,254.2108402153986,52440.60307334526,0.7186405483399084,319.6259247566102,0.25421984466966185,0.6,1.3569699349930187,1.0366491954181116,0.0015043094022780465,257.1421546686443,257.49665409500955,0.0,1.6402698517929937
221.70708407157724,5213.517102168655,81.19897495934171,254.28990927170284,52526.388406119804,0.7195923215209187,319.67562868613345,0.2540042708074726,0.6,1.3569699349930187,1.0365847561799846,0.001502204800662703,257.21716463129655,257.5711731699068,0.0,1.6391220417618162
221.85708886458914,5201.341081451098,81.14279724377384,254.3689238966161,52612.2281637863,0.7205444025518202,319.7252906804048,0.25378911086794076,0.6,1.3569699349930187,1.0365205163422555,0.001500105472445391,257.29213019936645,257.64564906402626,0.0,1.6379763064366186
222.00709365760105,5189.173480158108,81.08671950133481,254.44788418695802,52698.12233198413,0.7214967912856773,319.77491081980065,0.25357436358422986,0.6,1.3569699349930187,1.0364564750668566,0.0014980113972950255,257.36705143335723,257.72008183347924,0.0,1.636832639066515
222.15709845061292,5177.014283317809,81.0307414372959,254.52679023926217,52784.07089636522,0.7224494875756658,319.8244891844517,0.25336002769495,0.6,1.3569699349930187,1.0363926315206176,0.0014959225551443756,257.44192839366207,257.7944715342883,0.0,1.6356910330181336
222.30710324362482,5164.863475996613,80.97486275672784,254.60564214981565,52870.07384263602,0.7234024912755377,319.8740258542675,0.25314610193957876,0.6,1.3569699349930187,1.0363289848388126,0.0014938389280519445,257.51676114049826,257.86881822230856,0.0,1.6345514827947378
222.45710803663673,5152.721043307916,80.91908316666662,254.68444001460253,52956.13115649431,0.7243558022389214,319.9235209089014,0.25293258506525507,0.6,1.3569699349930187,1.0362655341796558,0.0014917604969889317,257.5915497340063,257.9431219533458,0.0,1.633413982281202
222.6071128296486,5140.586970413415,80.86340237648388,254.76318392929534,53042.24282361893,0.7253094203192084,319.9729744277459,0.25271947582793086,0.6,1.3569699349930187,1.0362022787338316,0.0014896872416170679,257.666294234267,258.0173827831765,0.0,1.6322785246202107
222.7571176226605,5128.461242512803,80.8078200954001,254.84187398932193,53128.40882974112,0.726263345370344,320.0223864899743,0.25250677298455704,0.6,1.3569699349930187,1.0361392176620885,0.0014876191436771255,257.74099470118927,258.09160076741415,0.0,1.6311451040674776
222.9071224156724,5116.343844847739,80.75233603347897,254.92051028983965,53214.62916061543,0.7272175772465044,320.07175717452515,0.25229447529619814,0.6,1.3569699349930187,1.0360763501203185,0.0014855561853911686,257.8156511945552,258.16577596156264,0.0,1.6300137151191332
223.05712720868428,5104.234762710519,80.69694990381055,254.9990929256792,53300.903801956585,0.7281721158013991,320.1210865600672,0.25208258153487384,0.6,1.3569699349930187,1.0360136753147322,0.001483498346565677,257.89026377411994,258.23990842113534,0.0,1.6288843509222428
223.20713200169618,5092.133981432745,80.64166141976979,255.077621991418,53387.23273951888,0.7291269608891497,320.17037472504586,0.25187109047494727,0.6,1.3569699349930187,1.035951192432962,0.0014814456085026006,257.964832499488,258.3139982015072,0.0,1.6277570054188641
223.35713679470808,5080.041486384387,80.58647029480295,255.15609758138635,53473.61595910152,0.7300821123643486,320.2196217476871,0.25166000089245005,0.6,1.3569699349930187,1.0358889006387157,0.0014793979541150113,258.0393574301034,258.3880453579033,0.0,1.6266316734124615
223.50714158771996,5067.957262984777,80.53137624518224,255.23451978959605,53560.05344646906,0.73103757008118,320.26882770595313,0.2514493115737137,0.6,1.3569699349930187,1.0358267991414405,0.0014773553640104859,258.11383862537525,258.46204994554813,0.0,1.6255083484162671
223.65714638073186,5055.881296695756,80.47637898836412,255.31288870978494,53646.545187398944,0.731993333893945,320.3179926775705,0.2512390213102109,0.6,1.3569699349930187,1.0357648871550775,0.001475317819055364,258.1882761446041,258.5360120195774,0.0,1.6243870240605685
223.80715117374376,5043.813573015741,80.42147824154941,255.39120443545534,53733.09116772279,0.7329494036575195,320.3671167400547,0.25102912889403456,0.6,1.3569699349930187,1.035703163861761,0.0014732853022135924,258.26267004691687,258.60993163496096,0.0,1.6232676951062128
223.95715596675564,5031.754077488271,80.36667372382958,255.46946705981844,53819.69137326373,0.7339057792266603,320.41619997067545,0.25081963312461963,0.6,1.3569699349930187,1.0356416284661702,0.0014712577953662595,258.33702039136415,258.68380884661815,0.0,1.6221503556952517
224.10716075976754,5019.702795703295,80.31196515655188,255.54767667578625,53906.34578982619,0.7348624604558941,320.4652424464517,0.2506105328098776,0.6,1.3569699349930187,1.035580280204985,0.001469235279096827,258.41132723693784,258.7576437094387,0.0,1.6210349992303983
224.25716555277944,5007.659713287076,80.2573522608577,255.62583337603684,53993.05440326684,0.7358194472003,320.5142442441933,0.25040182675847394,0.6,1.3569699349930187,1.0355191182846883,0.001467217736041284,258.4855906424598,258.83143627815,0.0,1.6199216202219717
224.40717034579131,4995.624815906073,80.20283475866913,255.70393725298925,54079.817199465724,0.7367767393151924,320.5632054404851,0.2501935137829141,0.6,1.3569699349930187,1.0354581419066158,0.0014652051493047162,258.5598106666269,258.9051866073709,0.0,1.6188102134170668
224.55717513880322,4983.5980892754915,80.14841237485027,255.78198839874796,54166.63416426331,0.7377343366554246,320.6121261116526,0.2499855927063056,0.6,1.3569699349930187,1.035397350321921,0.001463197499598892,258.6339873681092,258.978894751728,0.0,1.617700772218098
224.70717993181512,4971.579519148148,80.09408483449208,255.85998690517516,54253.50528353932,0.7386922390762606,320.66100633380745,0.24977806235384387,0.6,1.3569699349930187,1.0353367427628841,0.0014611947691119788,258.7081208054278,259.05256076571015,0.0,1.6165932908188907
224.857184724827,4959.569091313544,80.03985186270248,255.93793286389683,54340.430543218725,0.7396504464334406,320.7098461828518,0.24957092155214963,0.6,1.3569699349930187,1.035276318437628,0.0014591969416202601,258.7822110369458,259.1261847036579,0.0,1.6154877642693095
225.0071895178389,4947.566791608688,79.98571318733525,256.0158263662324,54427.40992919181,0.7406089585822995,320.758645734434,0.24936416913780676,0.6,1.3569699349930187,1.035216076599563,0.0014572039986132993,258.85625812099164,259.1997666199099,0.0,1.6143841863318587
225.1571943108508,4935.572605911374,79.93166853736282,256.0936675032382,54514.44342736164,0.7415677753782913,320.8074050639766,0.24915780395225776,0.6,1.3569699349930187,1.0351560165062357,0.001455215921834774,258.9302621157862,259.27330656871607,0.0,1.613282550885757
225.30719910386267,4923.586520134337,79.8777176414514,256.17145636574594,54601.531023685675,0.7425268966774475,320.8561242467003,0.2489518248373371,0.6,1.3569699349930187,1.0350961373831669,0.0014532326950988674,259.0042230793796,259.346804604162,0.0,1.6121828529349433
225.45720389687457,4911.60852023367,79.82386023008857,256.2491930443074,54688.672704112745,0.7434863223356825,320.9048033575899,0.24874623064192475,0.6,1.3569699349930187,1.035036438478072,0.0014512543011415148,259.0781410697464,259.42026078028266,0.0,1.6110850868642141
225.60720868988648,4899.638592210112,79.77009603594321,256.3268776291865,54775.86845457311,0.7444460522086846,320.95344247138945,0.24854102022306274,0.6,1.3569699349930187,1.0349769190702345,0.00144928072141286,259.15201614480293,259.49367515108236,0.0,1.6099892463218977
225.75721348289835,4887.6767220991005,79.71642479142822,256.4045102104237,54863.11826104919,0.7454060861526962,321.0020416626427,0.2483361924383218,0.6,1.3569699349930187,1.0349175784085216,0.0014473119393900325,259.2258483622981,259.5670477704047,0.0,1.6088953260587318
225.90721827591025,4875.722895974608,79.66284622967937,256.48209087781123,54950.42210954688,0.7463664240241963,321.0506010056781,0.2481317461488585,0.6,1.3569699349930187,1.034858415736388,0.0014453479390076508,259.29963777985773,259.64037869198563,0.0,1.6078033210587301
226.05722306892213,4863.777099957568,79.6093600866956,256.5596197208381,55037.77998603247,0.7473270656792075,321.09912057457467,0.24792768022610165,0.6,1.3569699349930187,1.0347994303466557,0.0014433887018289924,259.3733844550806,259.7136679695672,0.0,1.6067132249655764
226.20722786193403,4851.839320204907,79.5559660986492,256.6370968287615,55125.19187651159,0.7482880109741653,321.14760044320656,0.24772399354333116,0.6,1.3569699349930187,1.034740621513013,0.0014414342108754331,259.44708844541896,259.78691565675524,0.0,1.6056250322109606
226.35723265494593,4839.9095429086565,79.50266400167936,256.7145222906127,55212.657767034936,0.7492492597659807,321.19604068524734,0.24752068497502794,0.6,1.3569699349930187,1.0346819884847813,0.001439484450734323,259.5207498081692,259.8601218070084,0.0,1.604538738077449
226.5072374479578,4827.987754306608,79.4494535345965,256.79189619512755,55300.177643618656,0.7502108119111642,321.24444137412684,0.2473177534053213,0.6,1.3569699349930187,1.034623530556167,0.0014375394037248498,259.5943686005935,259.9332864737825,0.0,1.6034543365630942
226.6572422409697,4816.073940675688,79.3963344372684,256.86921863078965,55387.75149229186,0.7511726672663505,321.292802583058,0.2471151977229353,0.6,1.3569699349930187,1.0345652470251854,0.0014355990524160546,259.66794487984805,260.00640971044515,0.0,1.602371821782422
226.8072470339816,4804.168088326227,79.34330644921042,256.9464896858675,55475.37929913748,0.7521348256887448,321.3411243850608,0.24691301681677658,0.6,1.3569699349930187,1.0345071371576298,0.0014336633814213487,259.74147870292046,260.07949157020096,0.0,1.6012911889690615
226.95725182699348,4792.270183610258,79.29036931169476,257.02370944836076,55563.06105023041,0.7530972870354461,321.38940685292863,0.2467112095825203,0.6,1.3569699349930187,1.0344492002411845,0.0014317323742806406,259.8149701267243,260.1525321062042,0.0,1.6002124327372014
227.1072566200054,4780.380212922761,79.23752276810522,257.10087800599194,55650.796731626724,0.7540600511633273,321.4376500592235,0.24650977492370935,0.6,1.3569699349930187,1.0343914355947015,0.0014298060132598375,259.88841920811535,260.22553137157774,0.0,1.5991355469674382
227.2572614130173,4768.498162691903,79.18476656152352,257.17799544626996,55738.58632943473,0.7550231179298166,321.4858540763158,0.24630871174420718,0.6,1.3569699349930187,1.034333842506421,0.0014278842826272059,259.96182600378467,260.29848941928566,0.0,1.5980605266377939
227.40726620602916,4756.624019382824,79.13210043570088,257.25506185646543,55826.429829785935,0.7559864871925779,321.53401897636945,0.24610801895122814,0.6,1.3569699349930187,1.0342764202589416,0.001425967167097438,260.0351905703019,260.37140630218465,0.0,1.596987366956202
227.55727099904107,4744.757769505909,79.07952413717749,257.33207732355686,55914.32721877247,0.756950158808825,321.5821448313082,0.2459076954619483,0.6,1.3569699349930187,1.0342191681838082,0.0014240546490355487,260.1085129642099,260.44428207313706,0.0,1.5959160617945631
227.70727579205297,4732.899399606029,79.0270374126176,257.4090419343009,56002.27848252592,0.7579141326361871,321.63023171285994,0.24570774019517586,0.6,1.3569699349930187,1.0341620855932094,0.001422146712247071,260.18179324190754,260.5171167848702,0.0,1.5948466058095545
227.85728058506484,4721.04889626165,78.97464000860631,257.4859557752376,56090.28360722251,0.7588784085327648,321.6782796925603,0.2455081520707126,0.6,1.3569699349930187,1.0341051717747738,0.0014202433420821758,260.2550314596399,260.5899104899656,0.0,1.5937789945037477
228.00728537807674,4709.20624609534,78.92233167432971,257.56281893262246,56178.34257900412,0.7598429863562645,321.7262888417101,0.24530893001771342,0.6,1.3569699349930187,1.0340484260606513,0.0014183445216411907,260.3282276736184,260.66266324100116,0.0,1.5927132220980191
228.15729017108865,4697.371435767253,78.87011215997448,257.63963149246877,56266.45538402563,0.7608078659645189,321.77425923140237,0.24511007296968224,0.6,1.3569699349930187,1.0339918477865018,0.0014164502342703961,260.40138193995,260.73537509046713,0.0,1.5916492829295659
228.30729496410052,4685.5444519694865,78.81798121533228,257.71639354058425,56354.62200849577,0.7617730472159328,321.8221909325456,0.24491157986011178,0.6,1.3569699349930187,1.0339354362556012,0.001414560465335208,260.47449431457585,260.80804609069287,0.0,1.5905871724492795
228.45729975711242,4673.725281434256,78.76593859189134,257.79310516251763,56442.84243861485,0.7627385299688022,321.87008401583006,0.2447134496290047,0.6,1.3569699349930187,1.033879190792826,0.0014126751991323818,260.5475648533641,260.8806762939569,0.0,1.5895268854883489
228.60730455012433,4661.913910935141,78.71398404318617,257.86976644355104,56531.11666056472,0.7637043140812049,321.9179385517238,0.24451568122395542,0.6,1.3569699349930187,1.0338231107538614,0.0014107944186964134,260.620593612126,260.9532657525066,0.0,1.588468416147256
228.7573093431362,4650.110327277464,78.6621173224068,257.9463774687621,56619.44466057918,0.7646703994117708,321.96575461051145,0.2443182735926868,0.6,1.3569699349930187,1.033767195463606,0.001408918109040381,260.6935806465105,261.02581451843173,0.0,1.5874117596191142
228.9073141361481,4638.314517302027,78.61033818336315,258.02293832299983,56707.82642491529,0.7656367858193686,322.0135322622795,0.24412122568605335,0.6,1.3569699349930187,1.0337114442411144,0.0014070462556132226,260.76652601204717,261.09832264371636,0.0,1.5863569113237053
229.05731892916,4626.5264678932745,78.55864638258454,258.0994490908316,56796.26193979076,0.7666034731624197,322.06127157688326,0.24392453646458023,0.6,1.3569699349930187,1.033655856454003,0.0014051788415355476,260.83942976423947,261.1707901803489,0.0,1.585303865349029
229.20732372217188,4614.746165968695,78.50704167667848,258.17590985661207,56884.75119146266,0.767570461299762,322.1089726239902,0.24372820489022104,0.6,1.3569699349930187,1.0336004314503218,0.0014033158513515715,260.9122919584485,261.24321718018416,0.0,1.5842526165647812
229.35732851518378,4602.973598477941,78.45552382213093,258.25232070448845,56973.29416623249,0.7685377500907025,322.1566354730837,0.24353222992573098,0.6,1.3569699349930187,1.0335451685533987,0.001401457271129565,260.9851126498846,261.315603694933,0.0,1.583203160681749
229.50733330819568,4591.208752413204,78.40409257796296,258.32868171833377,57061.89085036774,0.7695053393941617,322.2042601934213,0.2433366105429409,0.6,1.3569699349930187,1.0334900671307523,0.0013996030847060303,261.0578918937248,261.38794977630204,0.0,1.5821554921318033
229.65733810120756,4579.451614802786,78.35274770414307,258.4049929817881,57150.54123014854,0.7704732290691838,322.25184685406066,0.24314134571780113,0.6,1.3569699349930187,1.0334351265531292,0.0013977532761598427,261.1306297450432,261.46025547591086,0.0,1.5811096054630676
229.80734289421946,4567.70217270554,78.30148896020562,258.4812545782949,57239.24529190887,0.7714414189753855,322.2993955238828,0.24294643442607192,0.6,1.3569699349930187,1.0333803461587496,0.0013959078315646197,261.203326258751,261.53252084522,0.0,1.5800654963321403
229.95734768723136,4555.960413218959,78.25031610732513,258.5574665910484,57328.00302197435,0.7724099089722785,322.3469062715592,0.24275187564978096,0.6,1.3569699349930187,1.033325725307179,0.0013940667359302516,261.2759814896874,261.6047459356396,0.0,1.5790231597756914
230.10735248024324,4544.226323480378,78.1992289086611,258.6336291029858,57416.814406652025,0.7733786989191573,322.3943791655472,0.2425576683782888,0.6,1.3569699349930187,1.0332712633884553,0.001392229973016026,261.34859549263575,261.67693079854814,0.0,1.5779825901025613
230.25735727325514,4532.499890657504,78.14822712698933,258.7097421968488,57505.679432300894,0.7743477886758693,322.44181427412883,0.24236381160090614,0.6,1.3569699349930187,1.0332169597616745,0.0013903975285368454,261.4211683222196,261.7490754851688,0.0,1.576943782709615
230.407362066267,4520.781101952129,78.09731052565955,258.78580595515945,57594.598085303,0.775317178102499,322.4892116653955,0.24217030430987202,0.6,1.3569699349930187,1.033162813779907,0.0013885693886333656,261.49370003294536,261.82118004661976,0.0,1.5759067332172554
230.55736685927891,4509.069944608146,78.04647887067517,258.86182046016796,57683.570352001196,0.7762868670586905,322.53657140721623,0.24197714550682115,0.6,1.3569699349930187,1.03310882484443,0.0013867455371389349,261.5661906792934,261.89324453402327,0.0,1.5748714359182938
230.70737165229082,4497.366405901126,77.9957319280754,258.93778579392074,57772.596218777566,0.7772568554045021,322.58389356728003,0.24178433419462755,0.6,1.3569699349930187,1.0330549923367656,0.0013849259592942263,261.6386403156045,261.96526899836925,0.0,1.5738378858843056
230.8573764453027,4485.670473137467,77.94506946373868,259.0137020382654,57861.67567205844,0.7782271430004607,322.6311782130991,0.24159186937678934,0.6,1.3569699349930187,1.0330013156135724,0.0013831106418440943,261.7110489960707,262.0372534905054,0.0,1.572806079023318
231.0073812383146,4473.982133664599,77.89449124601649,259.08956927478505,57950.80869823623,0.7791977297067106,322.6784254119683,0.24139975006561853,0.6,1.3569699349930187,1.0329477940753864,0.001381299569319438,261.7834167748518,262.1091980612749,0.0,1.5717760099671791
231.1573860313265,4462.301374864667,77.84399704415807,259.16538758483887,58039.99528371605,0.7801686153835223,322.72563523099075,0.24120797527733198,0.6,1.3569699349930187,1.0328944271257237,0.0013794927264902457,261.85574370600625,262.1811027614348,0.0,1.5707476734639938
231.30739082433837,4450.628184149069,77.79358662694247,259.24115704959763,58129.235414956354,0.7811397998917341,322.77280773709987,0.24101654402779107,0.6,1.3569699349930187,1.032841214135441,0.0013776901000976567,261.9280298434319,262.2529676415845,0.0,1.569721065365308
231.45739561735027,4438.962548966409,77.74325976473607,259.31687774999233,58218.52907840751,0.7821112830920837,322.8199429970277,0.24082545533889732,0.6,1.3569699349930187,1.0327881544965107,0.00137589167582407,262.00027524095646,262.3247927522741,0.0,1.568696180902534
231.60740041036217,4427.304456803697,77.69301622983238,259.39254976670617,58307.87626050142,0.7830830648450956,322.86704107730037,0.24063470823964106,0.6,1.3569699349930187,1.0327352476310647,0.0013740974381128545,262.0724799523525,262.39657814402165,0.0,1.567673014582129
231.75740520337405,4415.653895177035,77.64285579410526,259.46817318023494,58397.27694772153,0.7840551450118437,322.91410204427564,0.2404443017587985,0.6,1.3569699349930187,1.0326824929301577,0.0013723073733407827,262.14464403123554,262.4683238671919,0.0,1.5666515619941392
231.90740999638595,4404.010851635258,77.59277822995944,259.54374807086356,58486.731126574196,0.7850275234536382,322.9611259641285,0.2402542349278833,0.6,1.3569699349930187,1.0326298897786488,0.0013705214683006994,262.21676753110563,262.54002997204566,0.0,1.5656318189491187
232.05741478939785,4392.37531376786,77.54278331239152,259.6192745186146,58576.23878352696,0.7860002000313568,323.0081129028196,0.24006450678754648,0.6,1.3569699349930187,1.0325774376092842,0.0013687397074988365,262.28885050543795,262.6116965088476,0.0,1.5646137799341653
232.20741958240973,4380.747269194706,77.49287081639442,259.6947526033149,58665.799905086016,0.7869731746062848,323.05506292613666,0.23987511637950212,0.6,1.3569699349930187,1.0325251358348724,0.0013669620768330588,262.3608930075698,262.6833235277315,0.0,1.563597440212345
232.35742437542163,4369.126705565211,77.44304051676394,259.77018240460114,58755.41447780229,0.7879464470401834,323.1019760996982,0.23968606274592288,0.6,1.3569699349930187,1.0324729838432427,0.0013651885636861984,262.43289509069274,262.75491107869084,0.0,1.5625827958786862
232.50742916843353,4357.5136105684105,77.39329219071054,259.84556400185426,58845.08248819218,0.7889200171944265,323.1488524889131,0.23949734493754954,0.6,1.3569699349930187,1.0324209810658087,0.0013634191532446906,262.50485680796646,262.8264592117141,0.0,1.561569841754734
232.6574339614454,4345.907971926721,77.3436256162959,259.9208974742399,58934.80392278485,0.7898938849305166,323.1956921590058,0.23930896200882648,0.6,1.3569699349930187,1.0323691269367306,0.0013616538309310408,262.5767782124512,262.89796797670454,0.0,1.5605585727783617
232.8074387544573,4334.309777390566,77.29404057107809,259.99618290074363,59024.578768163134,0.7908680501105281,323.2424951750384,0.23912091301368882,0.6,1.3569699349930187,1.0323174208574017,0.0013598925841160636,262.6486593570494,262.9694374234102,0.0,1.559548984986018
232.9574435474692,4322.719014746236,77.24453683415305,260.0714203601196,59114.40701090121,0.7918425125964306,323.28926160187916,0.2389331970118987,0.6,1.3569699349930187,1.0322658622501135,0.0013581353991168699,262.7205002945945,263.0408676015299,0.0,1.5585410737938374
233.10744834048108,4311.135671817056,77.19511418648938,260.1466099308829,59204.28863755482,0.7928172722499834,323.3359915041977,0.23874581307007758,0.6,1.3569699349930187,1.0322144505670257,0.0013563822610230096,262.79230107786583,263.1122585607304,0.0,1.5575348338958617
233.257453133493,4299.5597364542145,77.1457724086026,260.2217516913695,59294.22363473136,0.7937923289334963,323.3826849465026,0.23855876025447953,0.6,1.3569699349930187,1.0321631852291007,0.0013546331568359382,262.8640617594885,263.18361035052766,0.0,1.5565302610654463
233.4074579265049,4287.991196540367,77.09651128149916,260.2968457197124,59384.21198906095,0.7947676825095152,323.42934199312674,0.23837203763391868,0.6,1.3569699349930187,1.0321120656509601,0.0013528880739639038,262.93578239197416,263.2549230203347,0.0,1.5555273512935208
233.55746271951676,4276.4300399974445,77.04733058871882,260.3718920937912,59474.253687134704,0.7957433328401535,323.4759627081961,0.2381856442861021,0.6,1.3569699349930187,1.0320610912947996,0.0013511469975489054,263.00746302781005,263.3261966195679,0.0,1.5545260992516376
233.70746751252867,4264.87625477651,76.998230113761,260.4468908912978,59564.34871558264,0.7967192797879368,323.52254715567113,0.23799957928963553,0.6,1.3569699349930187,1.0320102616027276,0.0013494099141094303,263.0791037193481,263.3974311975147,0.0,1.553526500384643
233.85747230554057,4253.329828856978,76.94920963989435,260.5218421897417,59654.4970610789,0.797695523215859,323.5690953993496,0.23781384172343,0.6,1.3569699349930187,1.031959575991754,0.0013476768116303542,263.15070451879683,263.46862680332396,0.0,1.5525285509650053
234.00747709855244,4241.790750256523,76.90026895274697,260.5967460663852,59744.6987102634,0.798672062986534,323.61560750282723,0.23762843067473233,0.6,1.3569699349930187,1.0319090339222128,0.0013459476759174445,263.2222654783337,263.5397834861394,0.0,1.5515322459943561
234.15748189156434,4230.259007024933,76.85140783875453,260.6716025982839,59834.95364978893,0.7996488989627065,323.6620835295225,0.23744334523430394,0.6,1.3569699349930187,1.0318586348569705,0.0013442224930097643,263.2937866500387,263.61090129502054,0.0,1.5505375805907897
234.30748668457625,4218.734587238839,76.80262608381838,260.7464118623205,59925.26186636122,0.800626031007685,323.70852354269823,0.23725858449225498,0.6,1.3569699349930187,1.0318083782260181,0.0013425012508725585,263.3652680858364,263.68198027887377,0.0,1.5495445509662709
234.45749147758812,4207.21747900945,76.75392347533106,260.8211739351545,60015.62334667769,0.8016034589846793,323.7549276054303,0.237074147544322,0.6,1.3569699349930187,1.0317582634800564,0.001340783936422431,263.436709837584,263.7530204865566,0.0,1.5485531527122869
234.60749627060002,4195.707670483702,76.70529980250642,260.89588889321516,60106.03807741731,0.8025811827566911,323.8012957806036,0.23689003349288398,0.6,1.3569699349930187,1.0317082900993824,0.0013390705353597868,263.5081119570855,263.8240219668952,0.0,1.5475633807010787
234.75750106361193,4184.205149835241,76.6567548540743,260.9705568127597,60196.50604531042,0.8035592021872694,323.84762813094835,0.2367062414398107,0.6,1.3569699349930187,1.0316584575329828,0.0013373610352761165,263.5794744959934,263.8949847685663,0.0,1.5465752308800824
234.9075058566238,4172.709905267973,76.60828841921823,261.0451777698504,60287.027237109985,0.8045375171401994,323.89392471902596,0.23652277048936618,0.6,1.3569699349930187,1.0316087652233752,0.0013356554241607894,263.65079750584886,263.9659089401457,0.0,1.5455886994114616
235.0575106496357,4161.22192502375,76.55990028959951,261.1197518403045,60377.60163953006,0.8055161274788376,323.94018560719826,0.23633961975447568,0.6,1.3569699349930187,1.0315592126603614,0.0013339536877569605,263.7220810381692,264.0367945302121,0.0,1.5446037811420184
235.20751544264758,4149.741197372406,76.51159025680506,261.1942790997591,60468.22923932328,0.8064950330669503,323.9864108576679,0.23615678834881057,0.6,1.3569699349930187,1.0315097993135132,0.0013322558131696536,263.7933251443389,264.1076415872167,0.0,1.5436204716893
235.35752023565948,4138.267710610953,76.46335811215982,261.2687596236763,60558.91002328638,0.8074742337687708,324.03260053248187,0.23597427538620436,0.6,1.3569699349930187,1.0314605246272017,0.0013305617889522868,263.8645298756014,264.1784501594742,0.0,1.5426387674942632
235.50752502867138,4126.8014530733935,76.41520364929595,261.3431934872795,60649.643978181964,0.8084537294481581,324.0787546934918,0.23579207998860693,0.6,1.3569699349930187,1.0314113880888844,0.0013288716014961963,263.9356952831701,264.24922029529444,0.0,1.5416586637296348
235.65752982168326,4115.342413124639,76.3671266626122,261.4175807655928,60740.43109078512,0.8094335199690972,324.12487340237914,0.23561020128130544,0.6,1.3569699349930187,1.03136238918834,0.001327185237423463,264.0068214181625,264.3199520429036,0.0,1.5406801556847907
235.80753461469516,4103.890579155319,76.31912694594457,261.4919215334748,60831.27134792407,0.81041360519614,324.17095672067575,0.23542863838880393,0.6,1.3569699349930187,1.0313135273823886,0.0013255026852608948,264.0779083315435,264.3906454503771,0.0,1.539703239738426
235.95753940770706,4092.445939589426,76.27120429457635,261.5662158655689,60922.16473641842,0.8113939849937382,324.2170047097337,0.23524739044104345,0.6,1.3569699349930187,1.0312648021483788,0.0013238239324917399,264.148956074212,264.46130056574225,0.0,1.538727911648608
236.10754420071893,4081.0084828854456,76.22335850556362,261.64046383629596,61013.111243069405,0.8123746592261383,324.2630174307208,0.23506645657440364,0.6,1.3569699349930187,1.0312162129930047,0.0013221489653942934,264.2199646970149,264.5319174369951,0.0,1.5377541664569891
236.25754899373084,4069.5781975274567,76.17558937544982,261.7146655199121,61104.11085472929,0.8133556277581302,324.3089949446563,0.23488583592462264,0.6,1.3569699349930187,1.0311677593915445,0.0013204777721177534,264.29093425065014,264.60249611198446,0.0,1.5367820002764405
236.40755378674274,4058.1550720286577,76.12789670119714,261.78882099048576,61195.16355827298,0.8143368904547416,324.3549373123974,0.23470552762967734,0.6,1.3569699349930187,1.0311194408126922,0.0013188103412006336,264.3618647857063,264.6730366384594,0.0,1.5358114094317994
236.5575585797546,4046.7390949389433,76.08028028219317,261.86293032184864,61286.269340536506,0.8153184471805743,324.4008445946085,0.2345255308359873,0.6,1.3569699349930187,1.0310712567721596,0.001317146658954936,264.43275635274915,264.743539064172,0.0,1.5348423889364955
236.70756337276651,4035.3302548350607,76.03273991771913,261.9369935876594,61377.42818839437,0.816300297800639,324.4467168518013,0.23434584469057482,0.6,1.3569699349930187,1.0310232067652934,0.0013154867130404032,264.50360900221364,264.81400343674875,0.0,1.5338749345722666
236.85756816577842,4023.928540319865,75.98527540676542,262.0110108614086,61468.64008876486,0.8172824421804111,324.49255414433765,0.23416646834049198,0.6,1.3569699349930187,1.0309752902621527,0.0013138304925477383,264.5744227843964,264.8844298036812,0.0,1.5329090429401775
237.0075729587903,4012.533940031958,75.93788655058017,262.084982216356,61559.90502853204,0.8182648801849918,324.53835653239133,0.233987400940699,0.6,1.3569699349930187,1.0309275067756494,0.0013121779844223226,264.6451977495648,264.9548182124561,0.0,1.5319447093756182
237.1575777518022,4001.1464426397097,75.89057315113963,262.15890772556975,61651.22299459265,0.8192476116796129,324.58412407597194,0.23380864164932705,0.6,1.3569699349930187,1.0308798558208356,0.001310529175837933,264.71593394789204,265.02516871047794,0.0,1.5309819293308689
237.3075825448141,3989.7660368361535,75.84333500983095,262.232787461959,61742.59397389621,0.8202306365300683,324.6298568349459,0.2336301896236013,0.6,1.3569699349930187,1.0308323368797212,0.0013088840558522616,264.7866314294015,265.09548134500244,0.0,1.5300206993431222
237.45758733782597,3978.392711346522,75.79617192944723,262.30662149822535,61834.01795338358,0.8212139546020536,324.67555486900613,0.23345204402600625,0.6,1.3569699349930187,1.0307849494546821,0.0013072426124845274,264.85729024405197,265.16575616323786,0.0,1.5290610153287993
237.60759213083787,3967.0264549293497,75.7490837145084,262.38040990685545,61925.49491997716,0.8221975657610596,324.7212182376677,0.2332742040252715,0.6,1.3569699349930187,1.0307376930771992,0.0013056048325601193,264.92791044175146,265.2359932123617,0.0,1.5281028724907242
237.75759692384977,3955.6672563677294,75.70207016899523,262.4541527601779,62017.02486065027,0.8231814698731202,324.7668470003034,0.23309666878936233,0.6,1.3569699349930187,1.03069056724725,0.0013039707047557574,264.99849207226134,265.3061925394062,0.0,1.5271462670990978
237.90760171686165,3944.315104472776,75.65513109727468,262.5278501303409,62108.60776239885,0.8241656668045072,324.81244121613,0.23291943748833743,0.6,1.3569699349930187,1.0306435714581208,0.0013023402181292327,265.0690351852361,265.3763541913055,0.0,1.5261911956334042
238.05760650987355,3932.969988091095,75.60826630608913,262.60150208926325,62200.24361217967,0.8251501564210657,324.8580009441781,0.23274250930049054,0.6,1.3569699349930187,1.03059670524986,0.0013007133595312045,265.13953983030785,265.4464782149965,0.0,1.5252376532656122
238.20761130288545,3921.6318960951007,75.56147560204508,262.67510870869773,62291.93239698798,0.8261349385890501,324.90352624333144,0.2325658834045848,0.6,1.3569699349930187,1.0305499681420318,0.001299090117146405,265.2100060569804,265.5165646572923,0.0,1.5242856359336667
238.35761609589733,3910.3008173822695,75.51475879143122,262.74867006023584,62383.67410386268,0.8271200131751787,324.94901717233006,0.2323895589792891,0.6,1.3569699349930187,1.0305033596288338,0.0012974704805736278,265.28043391462165,265.5866135648732,0.0,1.5233351403908795
238.50762088890923,3898.9767408846483,75.46811568274711,262.8221862152457,62475.468719808494,0.8281053800457981,324.9944737897323,0.23221353521098367,0.6,1.3569699349930187,1.0304568792471052,0.001295854437282832,265.35082345257115,265.6566249844147,0.0,1.5223861621273946
238.65762568192113,3887.6596555629767,75.42154608518425,262.8956572449108,62567.316231842575,0.8290910390673842,325.03989615393846,0.23203781128906312,0.6,1.3569699349930187,1.0304105265356476,0.0012942419749702176,265.4211747200762,265.7265989625113,0.0,1.5214386967505322
238.807630474933,3876.349550401642,75.37504980732062,262.9690832202621,62659.21662703459,0.8300769901069719,325.0852843232113,0.2318623864019021,0.6,1.3569699349930187,1.0303643010001473,0.0012926330831956913,265.4914877662367,265.79653554561054,0.0,1.5204927409482567
238.9576352679449,3865.0464144161165,75.3286266591011,263.0424642121303,62751.16989244574,0.831063233031501,325.1306383556462,0.23168725974296647,0.6,1.3569699349930187,1.0303182021665085,0.0012910277504857742,265.5617626400895,265.86643478011376,0.0,1.519548290787628
239.1076400609568,3853.7502366540616,75.28227645215401,263.1158002911383,62843.17601511848,0.8320497677077066,325.1759583091673,0.23151243051178444,0.6,1.3569699349930187,1.030272229589516,0.0012894259641841514,265.6319993906219,265.9362967123917,0.0,1.5186053416249015
239.25764485396869,3842.4610061866924,75.2359989975438,263.18909152775745,62935.23498214611,0.8330365940028646,325.22124424156186,0.2313378979070057,0.6,1.3569699349930187,1.0302263827923692,0.001287827713466845,265.7021980666771,266.00612138867194,0.0,1.517663889880003
239.4076496469806,3831.1787121122006,75.18979410669058,263.2623379922852,63027.34678064437,0.834023711784488,325.2664962104669,0.23116366112923686,0.6,1.3569699349930187,1.0301806612914772,0.0012862329878830043,265.7723587169935,266.0759088550856,0.0,1.516723932179524
239.55765443999246,3819.903343563139,75.14366159334263,263.33553975479737,63119.511397689945,0.8350111209196672,325.31171427333993,0.2309897193871227,0.6,1.3569699349930187,1.0301350646497802,0.0012846417747937075,265.84248139028796,266.1456591577665,0.0,1.5157854638463797
239.70765923300436,3808.634889696852,75.09760127108453,263.40869688520985,63211.728820397635,0.8359988212758985,325.3568984874969,0.23081607188965272,0.6,1.3569699349930187,1.030089592409617,0.0012830540628808753,265.91256613515117,266.21537234272637,0.0,1.5148484809672254
239.85766402601627,3797.3733396947578,75.05161295315808,263.4818094532838,63303.999035926,0.8369868127211423,325.40204891011604,0.23064271784560633,0.6,1.3569699349930187,1.0300442440878903,0.0012814698422240905,265.9826130000406,266.2850484558464,0.0,1.5139129804402376
240.00766881902814,3786.1186827717415,75.00569645497157,263.5548775285642,63396.32203139895,0.8379750951229853,325.44716559819966,0.23046965647128836,0.6,1.3569699349930187,1.0299990192439452,0.0012798891007903292,266.0526220333861,266.35468754300274,0.0,1.512978957902885
240.15767361204004,3774.8709081703264,74.95985159259101,263.6279011804179,63488.697793953135,0.8389636683491473,325.4922486085982,0.23029688698586992,0.6,1.3569699349930187,1.029953917438927,0.0012783118267708207,266.12259328352724,266.4242896499921,0.0,1.512046409110141
240.30767840505194,3763.630005155732,74.91407818144633,263.7008804780658,63581.12631077744,0.8399525322679042,325.5372979980298,0.23012440860739625,0.6,1.3569699349930187,1.0299089382007984,0.0012767380102008737,266.1925267986587,266.4938548224664,0.0,1.5111153308934857
240.45768319806382,3752.395963023213,74.86837603829754,263.773815490535,63673.60756905202,0.8409416867474357,325.58231382305144,0.2299522205588454,0.6,1.3569699349930187,1.029864081077604,0.0012751676400874882,266.2624226269137,266.56338310603184,0.0,1.5101857194633659
240.60768799107572,3741.168771099125,74.82274498154682,263.8467062866518,63766.14155593832,0.8419311316557185,325.6272961400543,0.22978032206908447,0.6,1.3569699349930187,1.0298193456460567,0.0012736007042656922,266.3322808163768,266.63287454626476,0.0,1.5092575703221967
240.75769278408762,3729.948418732435,74.77718482900964,263.9195529350972,63858.72825864879,0.8429208668612721,325.6722450052986,0.2296087123659956,0.6,1.3569699349930187,1.0297747314512118,0.0012720371923844026,266.40210141499136,266.7023291886006,0.0,1.5083308800324804
240.9076975770995,3718.7348952981033,74.73169539882858,263.99235550438453,63951.36766441749,0.8439108922328444,325.7171604748995,0.2294373906792902,0.6,1.3569699349930187,1.0297302380312428,0.001270477094458011,266.4718844705977,266.7717470783794,0.0,1.5074056453608375
241.0577023701114,3707.5281902043444,74.68627651142927,264.06511406281254,64044.05976043994,0.8449012076387692,325.76204260479886,0.22926635624653052,0.6,1.3569699349930187,1.0296858649706346,0.0012689203983315704,266.54163003101553,266.8411282609445,0.0,1.5064818617739866
241.2077071631233,3696.328292883221,74.64092798704785,264.1378286785264,64136.804533949464,0.8458918129477819,325.80689145080254,0.22909560830550685,0.6,1.3569699349930187,1.029641611833167,0.0012673670931581664,266.6113381439408,266.9104727815187,0.0,1.5055595255002467
241.35771195613518,3685.1351927899227,74.5956496455544,264.2104994195223,64229.601972222896,0.8468827080290807,325.8517070685837,0.22892514609369183,0.6,1.3569699349930187,1.0295974781571182,0.0012658171694726254,266.68100885693855,266.97978068519615,0.0,1.5046386335757236
241.50771674914708,3673.948879412033,74.55044130894322,264.2831263535875,64322.45206250257,0.8478738927514927,325.89648951364586,0.2287549688559062,0.6,1.3569699349930187,1.0295534635230255,0.0012642706157131272,266.7506422175473,267.0490520170665,0.0,1.5037191817782212
241.65772154215898,3662.769342263799,74.50530279983418,264.35570954833724,64415.35479204327,0.8488653669839769,325.9412388413458,0.2285850758396981,0.6,1.3569699349930187,1.029509567513071,0.0012627274205402807,266.8202382732168,267.118286822141,0.0,1.5028011660034224
241.80772633517086,3651.596570881241,74.4602339401902,264.4282490712467,64508.31014815178,0.8498571305960448,325.9859551069136,0.22841546629139123,0.6,1.3569699349930187,1.0294657896761963,0.0012611875744396978,266.8897970712546,267.1874851452881,0.0,1.5018845832194996
241.95773112818276,3640.4305548294037,74.41523455326937,264.50074498960385,64601.31811812623,0.8508491834571142,326.03063836542333,0.22824613946209224,0.6,1.3569699349930187,1.0294221295812973,0.0012596510668737375,266.9593186589083,267.2566470313318,0.0,1.5009694297734684
242.10773592119466,3629.271283703419,74.37030446393288,264.57319737050256,64694.37868924612,0.8518415254364025,326.07528867178956,0.22807709460863243,0.6,1.3569699349930187,1.0293785868257435,0.00125811788614352,267.02880308337814,267.32577252506655,0.0,1.5000557013070623
242.25774071420653,3618.118747120118,74.32544349643396,264.64560628089697,64787.49184884122,0.8528341564036621,326.11990608080043,0.22790833098675942,0.6,1.3569699349930187,1.0293351609751713,0.0012565880223461303,267.09825039172546,267.39486167114796,0.0,1.4991433945186368
242.40774550721844,3606.972934721376,74.28065147532608,264.7179717875798,64880.657584263325,0.8538270762288781,326.16449064710486,0.22773984785392953,0.6,1.3569699349930187,1.0292918515882592,0.0012550614659367382,267.1676606309107,267.4639145141379,0.0,1.498232506308183
242.55775030023034,3595.833836181295,74.23592822740305,264.790293957136,64973.875882825414,0.8548202847816214,326.2090424251838,0.22757164447527264,0.6,1.3569699349930187,1.029248658269793,0.0012535382052195991,267.2370338478746,267.53293109860164,0.0,1.4973230322795026
242.7077550932422,3584.701441196903,74.19127357924488,264.8625728560026,65067.146731878216,0.8558137819318639,326.25356146938765,0.22740372011603693,0.6,1.3569699349930187,1.029205580603751,0.0012520182297945787,267.30637008943637,267.6019114689857,0.0,1.496414968795949
242.85775988625412,3573.575739487452,74.14668735704389,264.93480855047363,65160.47011881557,0.8568075675500353,326.29804783393905,0.22723607404105256,0.6,1.3569699349930187,1.0291626181485507,0.0012505015306278184,267.37566940228646,267.67085566961,0.0,1.4955083130250284
243.00776467926602,3562.456720803584,74.10216938907655,265.00700110664053,65253.846030997025,0.8578016415062,326.34250157289665,0.22706870552232988,0.6,1.3569699349930187,1.0291197705047044,0.001248988096604515,267.4449318330901,267.7397637447902,0.0,1.4946030608783092
243.1577694722779,3551.3443749216544,74.05771950421448,265.07915059042904,65347.27445579424,0.8587960036705494,326.3869227401778,0.22690161383447507,0.6,1.3569699349930187,1.0290770372742164,0.0012474779168306128,267.51415742842534,267.80863573876474,0.0,1.493699208385642
243.3077742652898,3540.238691638915,74.01333753065293,265.15125706763035,65440.75538063104,0.8597906539138309,326.4313113895778,0.22673479825077839,0.6,1.3569699349930187,1.0290344180258029,0.0012459709822185082,267.5833462347308,267.8774716956317,0.0,1.4927967526454722
243.4577790583017,3529.1396607806923,73.96902329784946,265.2233206038546,65534.28879292209,0.8607855921066929,326.47566757474164,0.22656825804917108,0.6,1.3569699349930187,1.028991912348014,0.0012444672826623818,267.65249829838626,267.94627165944524,0.0,1.491895690134966
243.60778385131357,3518.0472722014147,73.92477663682747,265.2953412645241,65627.87468006345,0.8617808181195856,326.51999134915997,0.22640199251315354,0.6,1.3569699349930187,1.028949519857686,0.0012429668069057686,267.72161366572556,268.0150356742308,0.0,1.4909960166287355
243.75778864432547,3506.961515776343,73.88059737798274,265.36731911492717,65721.51302950154,0.8627763318234944,326.56428276620204,0.2262360009250499,0.6,1.3569699349930187,1.0289072401398622,0.0012414695454707433,267.7906923829461,268.0837637838769,0.0,1.4900977289546589
243.90779343733735,3495.882381404895,73.83648535198611,265.4392542201964,65815.2038287044,0.8637721330896349,326.60854187910303,0.22607028256878023,0.6,1.3569699349930187,1.0288650727725566,0.001239975489230331,267.85973449614625,268.1524560321802,0.0,1.4892008241398307
244.05779823034925,3484.8098590177055,73.79244039170797,265.511146645263,65908.94706510133,0.8647682217888097,326.65276874093547,0.2259048367357691,0.6,1.3569699349930187,1.0288230173796908,0.0012384846269247497,267.9287400514059,268.2211124629406,0.0,1.488305297918805
244.20780302336115,3473.743938567471,73.7484623297822,265.5829964549159,66002.74272615902,0.86576459779222,326.6969634046463,0.22573966271745685,0.6,1.3569699349930187,1.0287810735642882,0.0012369969485777836,267.9977090946851,268.2897331198412,0.0,1.4874111467837268
244.35780781637303,3462.6846100282637,73.70455099843493,265.6548037138065,66096.5907993874,0.8667612609715252,326.74112592305966,0.22557475980477193,0.6,1.3569699349930187,1.0287392409037626,0.0012355124455644601,268.066641671818,268.3583180464404,0.0,1.48651836802736
244.50781260938493,3451.6318634045583,73.66070623193824,265.72656848638997,66190.49127226183,0.8677582111980185,326.78525634884096,0.2254101272956634,0.6,1.3569699349930187,1.0286975190174632,0.0012340311071943016,268.1355378286142,268.4268672862929,0.0,1.4856269576888397
244.65781740239683,3440.5856887256514,73.61692786513063,265.7982908369616,66284.44413226988,0.8687554483431229,326.8293547345194,0.22524576449055198,0.6,1.3569699349930187,1.0286559075260917,0.001232552922996037,268.20439761079814,268.4953808828773,0.0,1.4847369119260267
244.8078221954087,3429.5460760409114,73.57321573215631,265.8699708296873,66378.4493669507,0.869752972278809,326.8734211325069,0.22508167068845722,0.6,1.3569699349930187,1.0286144060170108,0.0012310778842867965,268.27322106395695,268.563858879534,0.0,1.4838482279615943
244.9578269884206,3418.5130154268513,73.52956966839055,265.94160852855805,66472.5069638346,0.8707507828769541,326.9174555950702,0.2249178451929055,0.6,1.3569699349930187,1.0285730140973168,0.0012296059813704993,268.3420082336208,268.6323013195604,0.0,1.4829609023968113
245.1078317814325,3407.486496988155,73.48598951073917,266.01320399738296,66566.61691043306,0.8717488800092369,326.96145817432665,0.22475428731284441,0.6,1.3569699349930187,1.0285317314022122,0.0012281372034108813,268.4107591652748,268.70070824622564,0.0,1.4820749311330994
245.25783657444438,3396.466510849524,73.44247509546199,266.0847572998424,66660.77919430772,0.8727472635478679,327.0054289222772,0.22459099635595905,0.6,1.3569699349930187,1.0284905575350454,0.0012266715413332635,268.47947390427015,268.76907970266444,0.0,1.481190311121896
245.40784136745629,3385.4530471589455,73.39902625907031,266.1562684994666,66754.99380304164,0.8737459333652863,327.0493678907933,0.2244279716314246,0.6,1.3569699349930187,1.028449492092074,0.0012252089864070227,268.5481524958612,268.83741573192077,0.0,1.4803070395114926
245.5578461604682,3374.4460960946817,73.3556428402361,266.2277376595904,66849.26072417902,0.8747448893335196,327.09327513158917,0.2242652124557597,0.6,1.3569699349930187,1.0284085347152774,0.0012237495277865292,268.61679498528423,268.9057163770422,0.0,1.479425112161231
245.70785095348006,3363.4456478562233,73.31232467737357,266.299164843412,66943.57994530171,0.8757441313249956,327.1371506962581,0.22410271814540242,0.6,1.3569699349930187,1.0283676850256542,0.0012222931558980316,268.6854014176584,268.97398168096163,0.0,1.4785445256861638
245.85785574649196,3352.4516926636134,73.26907160847043,266.3705501139971,67037.95145403419,0.8767436592125949,327.1809946362753,0.2239404880161915,0.6,1.3569699349930187,1.0283269426185444,0.0012208398625044,268.753971837979,269.0422116864888,0.0,1.47766527749852
246.00786053950387,3341.4642207663796,73.22588347352402,266.4418935342214,67132.37523796645,0.8777434728688336,327.22480700296205,0.22377852139083446,0.6,1.3569699349930187,1.0282863071310746,0.0012193896373181852,268.82250629121796,269.1104064364305,0.0,1.4767873637591638
246.15786533251574,3330.4832224380075,73.18276011307097,266.5131951668058,67226.85128470056,0.8787435721663573,327.26858784750857,0.2236168175943932,0.6,1.3569699349930187,1.0282457782015948,0.001217942470269728,268.8910048222634,269.17856597351835,0.0,1.475910780748159
246.30787012552764,3319.508687971254,73.13970136693689,266.5844550743475,67321.37958189008,0.8797439569783579,327.31233722099216,0.22345537595044884,0.6,1.3569699349930187,1.0282053554350727,0.001216498353060198,268.9594674758691,269.24669034034804,0.0,1.4750355258067054
246.45787491853955,3308.5406076851577,73.09670707614899,266.65567331927394,67415.9601171795,0.8807446271779327,327.3560551743499,0.22329419578696252,0.6,1.3569699349930187,1.0281650384561107,0.0012150572763825291,269.02789429673277,269.3147795794733,0.0,1.4741615956544771
246.60787971155142,3297.5789719260274,73.05377708323131,266.7268499638367,67510.59287819428,0.8817455826379794,327.3997417583743,0.22313327643717581,0.6,1.3569699349930187,1.0281248269172467,0.001213619229799791,269.09628532950865,269.38283373342017,0.0,1.473288986313977
246.75788450456332,3286.6237710593964,73.01091123004493,266.7979850701637,67605.2778526102,0.8827468232319292,327.44339702374623,0.2229726172329875,0.6,1.3569699349930187,1.0280847204391168,0.001212184204620143,269.1646406187195,269.45085284458224,0.0,1.4724176948545826
246.90788929757522,3275.6749954732795,72.9681093586802,266.86907870023794,67700.01502812421,0.883748348833439,327.4870210210213,0.2228122175076868,0.6,1.3569699349930187,1.0280447186352057,0.001210752192489127,269.23296020879286,269.5188369552642,0.0,1.4715477185402113
247.0578940905871,3264.732635585049,72.92537131335102,266.9401309158528,67794.80439239407,0.8847501593157534,327.5306138006031,0.2226520766017529,0.6,1.3569699349930187,1.0280048211645445,0.0012093231829547783,269.3012441441394,269.58678610777423,0.0,1.4706790533493663
247.207898883599,3253.7966818325044,72.88269693799364,267.0111417786703,67889.64593311535,0.8857522545525186,327.5741754127787,0.2224921938554943,0.6,1.3569699349930187,1.0279650276651044,0.0012078971668256597,269.36949246905465,269.6547003443079,0.0,1.4698116960144556
247.3579036766109,3242.8671246732324,72.8400860761004,267.0821113502251,67984.53963802606,0.8867546344178311,327.6177059077216,0.22233256860853823,0.6,1.3569699349930187,1.0279253377491595,0.0012064741362327314,269.4377052277127,269.72257970693965,0.0,1.4689456440617137
247.50790846962278,3231.943954593411,72.79753857313858,267.153039691867,68079.48549482926,0.8877572987854196,327.6612053354563,0.22217320020723594,0.6,1.3569699349930187,1.0278857510706234,0.0012050540812715636,269.5058824642649,269.79042423774104,0.0,1.4680808937682255
247.65791326263468,3221.027162102345,72.75505427508908,267.22392686479697,68174.48349124043,0.8887602475291471,327.70467374588065,0.2220140880001826,0.6,1.3569699349930187,1.0278462672845177,0.001203636992254218,269.57402422278113,269.85823397871,0.0,1.4672174415307764
247.80791805564658,3210.1167377278693,72.71263302720638,267.2947729300968,68269.53361502635,0.8897634805234201,327.74811118878415,0.22185523133441837,0.6,1.3569699349930187,1.027806886012442,0.00120222286124647,269.6421305471988,269.9260089717108,0.0,1.4663552848037185
247.95792284865846,3199.212672023256,72.67027467591849,267.365577948684,68364.63585394403,0.8907669976425443,327.7915177138204,0.22169662956124309,0.6,1.3569699349930187,1.0277676068955333,0.0012008116793107975,269.7102014814008,269.9937492585662,0.0,1.4654944204197498
248.10792764167036,3188.314955568183,72.62797906911824,267.4363419813059,68459.79019573229,0.8917707987606356,327.8348933705036,0.22153828203710307,0.6,1.3569699349930187,1.0277284296027152,0.001199403436389996,269.77823706922817,270.0614548810725,0.0,1.4646348445170534
248.25793243468223,3177.423578960823,72.58574605401965,267.50706508859054,68554.99662817923,0.8927748837523327,327.87823820824,0.22138018811702725,0.6,1.3569699349930187,1.0276893537709506,0.001197998124155888,269.846237354392,270.1291258808952,0.0,1.4637765542776398
248.40793722769413,3166.5385328210286,72.54357547804521,267.57774733102656,68650.25513909447,0.8937792524925039,327.92155227631565,0.2212223471573409,0.6,1.3569699349930187,1.0276503790300056,0.0011965957346112188,269.9142023805109,270.1967622996125,0.0,1.4629195470757987
248.55794202070604,3155.6598077971457,72.50146719070543,267.64838876891844,68745.56571624827,0.8947839048556043,327.96483562386885,0.22106475852141286,0.6,1.3569699349930187,1.0276115050550232,0.0011951962576784297,269.98213219118696,270.26436417880666,0.0,1.462063819003881
248.7079468137179,3144.787394557196,72.45942104121461,267.7189894624441,68840.92834744845,0.8957888407164891,328.008088299926,0.22090742157235688,0.6,1.3569699349930187,1.027572731500016,0.0011937996845294626,270.0500268299096,270.3319315599489,0.0,1.4612093669064115
248.8579516067298,3133.9212837882346,72.41743687832688,267.78954947165886,68936.34302054513,0.8967940599504606,328.0513103534039,0.22075033567252894,0.6,1.3569699349930187,1.027534057993257,0.0011924060076448045,270.11788634004876,270.3994644843913,0.0,1.4603561884184757
249.00795639974172,3123.0614662050602,72.37551455273824,267.860068856439,69031.80972335373,0.8977995624324594,328.09450183307524,0.2205935001908711,0.6,1.3569699349930187,1.027495484204539,0.0011910152174842376,270.18571076495294,270.46696299348355,0.0,1.4595042799281766
249.1579611927536,3112.20793254482,72.333653915634,267.93054767651665,69127.32844370134,0.8988053480375521,328.1376627875903,0.22043691449846448,0.6,1.3569699349930187,1.0274570098046323,0.0011896273047228422,270.25350014789046,270.5344271285029,0.0,1.4586536379438484
249.3079659857655,3101.360673562459,72.29185481745877,268.0009859915095,69222.89916946647,0.8998114166413489,328.1807932654951,0.22028057796476638,0.6,1.3569699349930187,1.0274186344308567,0.0011882422617727367,270.32125453199984,270.6018569305949,0.0,1.4578042600279195
249.4579707787774,3090.519680037561,72.25011710980405,268.07138386087627,69318.52188851814,0.900817768119364,328.2238933152044,0.2201244899633795,0.6,1.3569699349930187,1.0273803577399896,0.0011868600800476396,270.38897396036657,270.66925244086514,0.0,1.4569561431210338
249.60797557178927,3079.6849427753054,72.20844064569567,268.1417413439106,69414.19658870643,0.9018244023469155,328.26696298499803,0.21996864987292564,0.6,1.3569699349930187,1.0273421794164388,0.0011854807498516307,270.45665847603505,270.7366137003927,0.0,1.4561092834719505
249.75798036480117,3068.856452598635,72.16682527746588,268.2120584997917,69509.92325793096,0.9028313191998457,328.3100023230519,0.21981305707053925,0.6,1.3569699349930187,1.0273040991126055,0.0011841042632021685,270.5243081219225,270.8039407501283,0.0,1.4552636783703026
249.90798515781307,3058.03420035144,72.12527085763588,268.2823353875639,69605.70188411257,0.9038385185542238,328.35301137742573,0.21965771093456307,0.6,1.3569699349930187,1.0272661164736518,0.0011827306124413768,270.59192294085534,270.8712336309369,0.0,1.454419325295791
250.05798995082495,3047.218176905262,72.08377724078095,268.35257206609293,69701.53245513278,0.9048460002857087,328.39599019603656,0.21950261085024336,0.6,1.3569699349930187,1.0272282311899603,0.0011813597878479853,270.6595029756444,270.93849238368784,0.0,1.4535762204495946
250.20799474383685,3036.40837315059,72.04234428116267,268.4227685941226,69797.41495891029,0.9058537642703539,328.4389388266931,0.219347756202492,0.6,1.3569699349930187,1.0271904429307062,0.001179991780939504,270.72704826898973,271.00571704914097,0.0,1.4527343607834033
250.35799953684875,3025.604779996246,72.00097183256737,268.4929250302787,69893.34938340612,0.9068618103846615,328.4818573170988,0.21919314637539172,0.6,1.3569699349930187,1.0271527513393,0.0011786265845285,270.7945588634745,271.0729076679391,0.0,1.4518937440362891
250.50800432986063,3014.807388377977,71.9596597506917,268.5630414330131,69989.33571654635,0.9078701385047697,328.5247457148174,0.21903878075947966,0.6,1.3569699349930187,1.0271151561005454,0.0011772641894212694,270.8620348016611,271.1400642807232,0.0,1.451054366702458
250.65800912287253,3004.0161892531187,71.91840789169852,268.63311786063866,70085.373946269,0.9088787485069462,328.5676040672945,0.21888465874733282,0.6,1.3569699349930187,1.0270776569001163,0.0011759045866383165,270.92947612603353,271.20718692806304,0.0,1.4502162253969026
250.80801391588443,2993.2311735961307,71.8772161109968,268.703154371358,70181.46406056288,0.9098876402679958,328.6104324218753,0.21873077972984034,0.6,1.3569699349930187,1.0270402533902014,0.0011745477689209282,270.9968828789483,271.2742756503987,0.0,1.4493793177853336
250.9580187088963,2982.452332405336,71.83608426511717,268.7731510232197,70277.6060474073,0.9108968136646279,328.653230825778,0.21857714310192836,0.6,1.3569699349930187,1.0270029452423728,0.0011731937280168444,271.06425510271026,271.34133048813106,0.0,1.448543640911542
251.1080235019082,2971.6796567038623,71.7950122119953,268.8431078741125,70373.79989476269,0.9119062685733572,328.6959993260901,0.2184237482634204,0.6,1.3569699349930187,1.0269657321556855,0.0011718424545740709,271.13159283958436,271.4083514816356,0.0,1.4477091911300382
251.2580282949201,2960.9131375319307,71.7539998088598,268.9130249818149,70470.0455906387,0.912916004871219,328.7387379697992,0.2182705946125879,0.6,1.3569699349930187,1.0269286137971512,0.0011704939409387456,271.1988961317107,271.4753386711611,0.0,1.4468759658333443
251.40803308793198,2950.15276594999,71.7130469131097,268.9829024039753,70566.34312306617,0.9139260224354754,328.7814468037809,0.21811768154882702,0.6,1.3569699349930187,1.0268915898264963,0.0011691481797756012,271.2661650211403,271.5422920968725,0.0,1.4460439626018833
251.55803788094389,2939.3985330453315,71.67215338416565,269.05274019806865,70662.69248003645,0.9149363211429784,328.8241258747721,0.21796500847830416,0.6,1.3569699349930187,1.0268546599485227,0.0011678051617025997,271.3333995499096,271.60921179893904,0.0,1.4452131777409143
251.7080426739558,2928.6504299235144,71.63131908111829,269.1225384214523,70759.093649578,0.915946900870973,328.8667752294056,0.21781257480677657,0.6,1.3569699349930187,1.0268178238467573,0.0011664648785660605,271.4005997599463,271.6760978174225,0.0,1.4443836083046186
251.85804746696766,2917.9084477077486,71.59054386256892,269.19229713136997,70855.54661976123,0.9169577614971487,328.90939491421267,0.2176603799391058,0.6,1.3569699349930187,1.0267810811789326,0.0011651273234942112,271.46776569306326,271.74295019226946,0.0,1.4435552521314512
252.00805225997956,2907.172577547379,71.54982758899895,269.2620163848968,70952.05137862198,0.9179689028988375,328.95198497558926,0.21750842328648204,0.6,1.3569699349930187,1.026744431644065,0.0011637924876232036,271.53489739105373,271.80976896342526,0.0,1.4427281058170736
252.15805705299147,2896.442810612635,71.50917012133422,269.3316962389731,71048.60791420733,0.9189803249534928,328.994545459817,0.21735670426204154,0.6,1.3569699349930187,1.0267078749419287,0.0011624603623024005,271.60199489563405,271.876554170765,0.0,1.441902166078515
252.30806184600334,2885.7191380902054,71.4685713197344,269.4013367504334,71145.21621461533,0.9199920275391071,329.037076413081,0.21720522227717293,0.6,1.3569699349930187,1.026671410738788,0.0011611309405860938,271.66905824839534,271.9433058540364,0.0,1.4410774306802354
252.45806663901524,2875.0015511898987,71.42803104545675,269.47093797596307,71241.87626793429,0.9210040105335751,329.0795778814435,0.21705397674719853,0.6,1.3569699349930187,1.026635038720218,0.0011598042145398355,271.7360874908786,272.0100240529489,0.0,1.440253896764636
252.60807143202712,2864.290041145593,71.38754916113584,269.5404999720922,71338.5880622337,0.9220162738145994,329.1220499108402,0.21690296709222268,0.6,1.3569699349930187,1.0265987585991447,0.0011584801751392119,271.80308266458593,272.0767088071872,0.0,1.439431560787415
252.75807622503902,2853.584599207594,71.3471255286864,269.6100227952451,71435.35158563194,0.923028817260399,329.16449254711046,0.21675219273073662,0.6,1.3569699349930187,1.0265625700564063,0.0011571588150430727,271.8700438108968,272.14336015631136,0.0,1.438610420239507
252.90808101805092,2842.8852166457546,71.30676001017628,269.6795065017202,71532.16682626847,0.9240416407494185,329.2069058359855,0.21660165308227797,0.6,1.3569699349930187,1.0265264727655217,0.0011558401272229754,271.9369709711037,272.20997813979903,0.0,1.4377904727976216
253.0580858110628,2832.191884756009,71.26645246966393,269.7489511476475,71629.03377224316,0.9250547441596927,329.2492898230622,0.21645134757302698,0.6,1.3569699349930187,1.0264904664449455,0.0011545241026200508,272.003864186485,272.2765627971326,0.0,1.4369717148666126
253.2080906040747,2821.5045948518878,71.22620277086233,269.8183567890437,71725.95241169297,0.9260681273696502,329.2916445538371,0.2163012756286845,0.6,1.3569699349930187,1.0264545507917942,0.0011532107333936392,272.0707234982126,272.34311416768867,0.0,1.4361541435987228
253.3580953970866,2810.8233382639287,71.18601077698209,269.88772348181607,71822.92273279653,0.9270817902581594,329.33397007370854,0.2161514366739935,0.6,1.3569699349930187,1.0264187254773638,0.0011519000129721739,272.13754894734564,272.4096322907307,0.0,1.4353377569274424
253.50810019009847,2800.1481063480614,71.14587635308506,269.9570512817079,71919.94472369763,0.92809573270373,329.3762664279441,0.21600183013990557,0.6,1.3569699349930187,1.0263829902141253,0.0011505919328059697,272.2043405749246,272.4761172055211,0.0,1.434522551545491
253.65810498311038,2789.478890480399,71.1057993646568,270.02634024433235,72017.01837255151,0.9291099545849963,329.41853366170056,0.21585245545922915,0.6,1.3569699349930187,1.0263473447152107,0.001149286484557641,272.2710984219146,272.54256895125354,0.0,1.4337085242675602
253.80810977612228,2778.8156820528916,71.06577967640536,270.09559042520084,72114.14366756415,0.9301244557811286,329.460771820042,0.21570331206296964,0.6,1.3569699349930187,1.026311788660216,0.0011479836615792625,272.33782252915796,272.60898756699635,0.0,1.4328956729525715
253.95811456913415,2768.1584724799127,71.02581715411353,270.16480187968006,72211.32059693153,0.9311392361711968,329.5029809479134,0.215554399385968,0.6,1.3569699349930187,1.0262763217479818,0.0011466834562389298,272.40451293744815,272.67537309178044,0.0,1.4320839948372424
254.10811936214606,2757.5072531991673,70.9859116649148,270.23397466298604,72308.5491488307,0.9321542956340799,329.54516109013707,0.21540571686773685,0.6,1.3569699349930187,1.026240943704569,0.0011453858598244045,272.4711696875406,272.7417255646127,0.0,1.4312734864741412
254.25812415515796,2746.862015664182,70.94606307521109,270.30310883023316,72405.8293114877,0.9331696340491726,329.58731229144286,0.21525726394611905,0.6,1.3569699349930187,1.0262056542239182,0.0011440908652922087,272.5377928200709,272.80804502437735,0.0,1.430464145448378
254.40812894816983,2736.2227513473667,70.90627125154106,270.372204436414,72503.161073149,0.9341852512960889,329.6294345964558,0.21510904005992992,0.6,1.3569699349930187,1.026170452992611,0.0011427984659058558,272.6043823755886,272.87433150987766,0.0,1.4296559695287558
254.55813374118173,2725.5894517464735,70.86653606240418,270.4412615363576,72600.54442202183,0.9352011472540387,329.67152804967077,0.21496104465450502,0.6,1.3569699349930187,1.0261353397420374,0.0011415086529145007,272.6709383946309,272.94058505992217,0.0,1.4288489552154708
254.70813853419364,2714.962108376226,70.82685737594014,270.5102801847838,72697.97934635043,0.9362173218026236,329.713592695486,0.21481327717463497,0.6,1.3569699349930187,1.0261003141821918,0.0011402214187756301,272.7374609176301,273.00680571321533,0.0,1.4280430997546398
254.8581433272055,2704.340712767732,70.78723505977395,270.5792604363068,72795.46583442009,0.9372337748218788,329.75562857820495,0.2146657370640939,0.6,1.3569699349930187,1.0260653759972185,0.0011389367572033219,272.80394998490743,273.0729935083501,0.0,1.42723840117067
255.0081481202174,2693.7252564767655,70.74766898335433,270.6482023453817,72893.00387448164,0.9382505061914862,329.79763574200405,0.21451842377275018,0.6,1.3569699349930187,1.0260305249123454,0.0011376546599472608,272.8704056367672,273.13914848391926,0.0,1.4264348562491787
255.15815291322932,2683.115731078637,70.70815901653403,270.7171059663376,72990.59345479692,0.939267515791248,329.839614230953,0.21437133675224446,0.6,1.3569699349930187,1.0259957606533585,0.0011363751189685984,272.93682791343946,273.2052706784477,0.0,1.4256324618983751
255.3081577062412,2672.512128163887,70.6687050283777,270.7859713534056,73088.23456367836,0.9402848035014996,329.8815640890318,0.21422447545236237,0.6,1.3569699349930187,1.0259610829124852,0.0011350981279028515,273.00321685503354,273.27136013033714,0.0,1.424831216067586
255.4581624992531,2661.9144393447978,70.62930688900312,270.8547985606766,73185.92718942843,0.9413023692024785,329.9234853601055,0.2140778393266321,0.6,1.3569699349930187,1.0259264914011428,0.001133823679406266,273.06957250161145,273.3374168779528,0.0,1.4240311160837809
255.608167292265,2651.322656256304,70.58996446985327,270.92358764209536,73283.67132033056,0.9423202127742295,329.96537808792,0.21393142783314806,0.6,1.3569699349930187,1.0258919858578426,0.0011325517650642503,273.1358948931985,273.40344095963684,0.0,1.4232321585923062
255.75817208527687,2640.73677054856,70.55067764162862,270.9923386515086,73381.46694471678,0.94333833409731,330.0072423161323,0.2137852404282819,0.6,1.3569699349930187,1.0258575659889382,0.001131282378116824,273.2021840697018,273.46943241361043,0.0,1.4224343412684386
255.90817687828877,2630.1567738899707,70.511446275151,271.0610516426455,73479.3140509397,0.9443567330524972,330.049078088298,0.2136392765693079,0.6,1.3569699349930187,1.0258232314934008,0.0011300155121054401,273.2684400709447,273.53539127801525,0.0,1.4216376619691011
256.05818167130064,2619.582657973589,70.47227024317456,271.12972666907615,73577.2126273125,0.9453754095201643,330.0908854478466,0.21349353571990398,0.6,1.3569699349930187,1.0257889821148836,0.0011287511585729934,273.3346629367386,273.60131759099886,0.0,1.4208421172858066
256.2081864643126,2609.0144145088193,70.43314941808005,271.1983637842653,73675.16266218507,0.9463943633810729,330.13266443811403,0.21334801734314085,0.6,1.3569699349930187,1.0257548175755844,0.00112748931026109,273.40085270679225,273.66721139060627,0.0,1.4200477045545785
256.35819125732445,2598.45203522087,70.39408367172224,271.266963041576,73773.16414394836,0.9474135945164172,330.17441510234505,0.21320272090101833,0.6,1.3569699349930187,1.0257207375718327,0.0011262299611557284,273.4670094207053,273.73307271477285,0.0,1.4192544218868448
256.5081960503363,2587.8955118589206,70.3550728777532,271.3355244942165,73871.21706095862,0.9484331028070375,330.2161374836611,0.213057645861521,0.6,1.3569699349930187,1.0256867418409488,0.0011249731032920078,273.53313311806124,273.7989016014342,0.0,1.4184622661571735
256.65820084334825,2577.344836191049,70.31611691021025,271.4040481952733,73969.32140158323,0.949452888133896,330.25783162508066,0.212912791694325,0.6,1.3569699349930187,1.02565283012072,0.001123718728915738,273.5992238383711,273.86469808845965,0.0,1.4176712343633706
256.8082056363601,2566.8,70.27721564233302,271.47253419773847,74067.4771542398,0.950472950378483,330.29949756953545,0.21276815786720382,0.6,1.3569699349930187,1.0256190021153517,0.0011224668319323539,273.66528162102725,273.9304622135969,0.0,1.4168813245413228
