time_s,height_m,speed_mps,temperature_k,pressure_pa,density_kg_m3,sound_mps,mach,cd,area_m2,drag_g,spin_g,recovery_k,stagnation_k,theta_deg,spin_rpm
0.0,80000.0,0.0,198.63857625086882,1.0524650444324297,1.845789594685475e-05,282.5379315556338,0.0,0.6,1.3569699349930187,0.0,0.00012746452662224105,198.63857625086882,198.63857625086882,0.0,0.477464829275686
0.15002263080035988,79999.89236804149,1.4348763034419796,198.6387861971823,1.0524840457981668,1.8458209679581005e-05,282.5380808664641,0.005078523571200106,0.6,1.3569699349930187,8.303012766343954e-09,0.00012746451715232247,198.63970028609864,198.63981083172644,0.0,0.47746481153917036
0.30004526160071976,79999.5694721606,2.8697526784250096,198.63941603617525,1.0525410518379703,1.845915090784439e-05,282.5385287985187,0.010157031292788606,0.6,1.3569699349930187,3.3213746283296245e-08,0.0001274644903313384,198.64307239202296,198.64351457455615,0.0,0.47746476130528154
0.45006789240107964,79999.0313123412,4.304629196484736,198.64046576800555,1.0526360683799636,1.8460719721903904e-05,282.53927535048973,0.015235507315380658,0.6,1.3569699349930187,7.473728661128274e-08,0.00012746444854146928,198.64869256934648,198.6496874801289,0.0,0.477464683035673
0.6000905232014395,79998.2778885565,5.739505929146845,198.64193539293618,1.0527691051387094,1.8462916272205967e-05,282.540320520197,0.02031393579004794,0.6,1.3569699349930187,1.3288211187338037e-07,0.00012746439416386424,198.65656081924362,198.65832954972922,0.0,0.47746458119006413
0.7501131540017993,79997.30920076893,7.174382947922872,198.6438249113352,1.0529401757167687,1.8465740769407e-05,282.5416643045885,0.025392300868549673,0.6,1.3569699349930187,2.0766009428932482e-07,0.00012746432957905124,198.6666771433583,198.66944078515536,0.0,0.47746446022701095
0.9001357848021593,79996.12524893018,8.609260324304163,198.64613432367597,1.053149297606889,1.8469193484405085e-05,282.54330669974007,0.030470586703557127,0.6,1.3569699349930187,2.990865030238259e-07,0.00012746425716752635,198.67904154380398,198.68302118871915,0.0,0.47746432460501115
1.0501584156025192,79994.72603298127,10.044138129756558,198.64886363053705,1.053396492194818,1.8473274748380687e-05,282.54524770085584,0.03554877744888057,0.6,1.3569699349930187,4.0718000785005e-07,0.00012746417931027215,198.6936540231635,198.6990707632458,0.0,0.47746417878347736
1.200181046402879,79993.11155285245,11.47901643571711,198.65201283260203,1.053681784762697,1.8477984952845663e-05,282.54748730226805,0.04062685725970343,0.6,1.3569699349930187,5.319626836294534e-07,0.00012746409838908034,198.71051458448864,198.7175895120735,0.0,0.477464027223342
1.3502036772032389,79991.2818084633,12.913895313588212,198.65558193065976,1.0540052044931514,1.8483324549702514e-05,282.5500254974372,0.04570481029280722,0.6,1.3569699349930187,6.734600156089372e-07,0.0001274640167871234,198.72962323130008,198.7385774390533,0.0,0.4774638743881292
1.5002263080035987,79989.23679972264,14.34877483473132,198.65957092560433,1.054366784473954,1.848929405131179e-05,282.5528622789523,0.050782620706795,0.6,1.3569699349930187,8.317009055368164e-07,0.0001274639368895669,198.7509799675872,198.76203454854888,0.0,0.4774637247451012
1.6502489388039587,79986.97652652863,15.783655070464107,198.66397981843468,1.0547665617033068,1.8495894030568437e-05,282.55599763853047,0.0558602726623269,0.6,1.3569699349930187,1.0067176785997578e-06,0.00012746386108384775,198.77458479780722,198.78796084543572,0.0,0.47746358276578027
1.8002715696043186,79984.5009887687,17.218536092054794,198.66880861025513,1.0552045770958163,1.8503125120988286e-05,282.55943156701784,0.06093775032234547,0.6,1.3569699349930187,1.1985460911821056e-06,0.0001274637917602284,198.8004377268855,198.81635633510126,0.0,0.4774634529269856
1.9502942004046784,79981.81018631965,18.653417970715918,198.674057302275,1.0556808754890246,1.8510988016802464e-05,282.5631640543889,0.06601503785229922,0.6,1.3569699349930187,1.4072253394497757e-06,0.0001274637313124022,198.82853876021468,198.84722102344406,0.0,0.47746333971196653
2.1003168312050384,79978.90411904751,20.08830077760042,198.6797258958087,1.056195505650612,1.851948347306155e-05,282.56719508974726,0.07109211942037397,0.6,1.3569699349930187,1.6327980687616186e-06,0.00012746368213787672,198.8588879036543,198.88055491687336,0.0,0.47746324761111875
2.2503394620053982,79975.78278680774,21.5231845837971,198.68581439227572,1.056748520286221,1.8528612305748706e-05,282.57152466132544,0.07616897919772204,0.6,1.3569699349930187,1.875310383910522e-06,0.00012746364663841683,198.8914851635305,198.91635802230866,0.0,0.4774631811228128
2.400362092805758,79972.44618944507,22.958069460324435,198.6923227932006,1.0573399760479116,1.8538375391901935e-05,282.57615275648527,0.08124560135868555,0.6,1.3569699349930187,2.1348118601968857e-06,0.00012746362722064619,198.92633054663523,198.9546303471789,0.0,0.4774631447545183
2.550384723606118,79968.8943267936,24.39295547812521,198.69925110021293,1.0579699335432597,1.8548773669745615e-05,282.58107936171785,0.08632197008102234,0.6,1.3569699349930187,2.4113555553379256e-06,0.00012746362629657054,198.9634240602259,198.9953718994221,0.0,0.4774631430237811
2.7004073544064777,79965.12719867681,25.827842708063116,198.70659931504724,1.0586384573450736,1.8559808138830967e-05,282.5863044626439,0.09139806954613892,0.6,1.3569699349930187,2.7049980222164103e-06,0.0001274636462839107,199.00276571202446,199.03858268748434,0.0,0.47746318045884456
2.8504299852068375,79961.14480490753,27.26273122091673,198.71436743954328,1.0593456160018029,1.8571479860186572e-05,282.5918280440141,0.09647388393931376,0.6,1.3569699349930187,3.015799322471679e-06,0.00012746368960668748,199.04435551021731,199.08426272031954,0.0,0.47746326159974106
3.0004526160071974,79956.94714528798,28.697621087373047,198.7225554756454,1.0600914820484821,1.858378995647643e-05,282.59765008970885,0.10154939744991923,0.6,1.3569699349930187,3.3438230409366916e-06,0.0001274637586958515,199.0881934634538,199.13241200738787,0.0,0.47746339099946744
3.1504752468075576,79952.53421960984,30.132512378024543,198.73116342540322,1.0608761320184592,1.8596739612169625e-05,282.6037705827391,0.10662459427165541,0.6,1.3569699349930187,3.6891363009266633e-06,0.00012746385598957067,199.13427958084623,199.18303055865582,0.0,0.4774635732245198
3.3004978776079175,79947.9060276541,31.56740516336329,198.74019129097104,1.0616996464556419,1.8610330073717175e-05,282.6101895052461,0.11169945860277378,0.6,1.3569699349930187,4.0518097803815284e-06,0.00012746398393380186,199.18261387196858,199.23611838459468,0.0,0.4774638128559588
3.4505205084082773,79943.06256919127,33.00229951377451,198.7496390746082,1.0625621099274893,1.862456264973987e-05,282.61690683850213,0.11677397464629835,0.6,1.3569699349930187,4.43191772886775e-06,0.00012746414498291785,199.23319634685606,199.29167549617995,0.0,0.4774641144905787
3.600543139208637,79938.00384398128,34.43719549953251,198.7595067786788,1.0634636110385762,1.863943871122416e-05,282.62392256291025,0.1218481266102554,0.6,1.3569699349930187,4.829537985444498e-06,0.0001274643416001051,199.28602701600386,199.34970190489022,0.0,0.47746448274164655
3.750565770008997,79932.72985177352,35.87209319079591,198.7697944056518,1.064404242444882,1.8654959691728682e-05,282.631236658005,0.1269218987079003,0.6,1.3569699349930187,5.24475199739898e-06,0.0001274645762578249,199.34110589036658,199.41019762270633,0.0,0.4774649222397596
3.9005884008093568,79927.24059230689,37.30699265760124,198.78050195810084,1.0653841008686775,1.867112708759922e-05,282.6388491024524,0.1319952751579384,0.6,1.3569699349930187,5.677644839855368e-06,0.00012746485143844024,199.39843298135702,199.47316266210998,0.0,0.4774654376340129
4.050611031609717,79921.53606530976,38.74189396985729,198.79162943870446,1.0664032871141311,1.8687942458194222e-05,282.64675987405064,0.13706824018474842,0.6,1.3569699349930187,6.128305236263929e-06,0.00012746516963476208,199.4580083008454,199.53859703608305,0.0,0.47746603359301465
4.200633662410077,79915.61627050002,40.17679719734152,198.80317685024593,1.0674619060835233,1.8705407426118882e-05,282.6549689497301,0.14214077801861294,0.6,1.3569699349930187,6.5968255797760785e-06,0.00012746553335039914,199.5198318611583,199.6065007581062,0.0,0.47746671480553404
4.350656293210436,79909.48120758514,41.61170240969378,198.81514419561302,1.068560066794153,1.8723523677469312e-05,282.6634763055538,0.14721287289593907,0.6,1.3569699349930187,7.083301955510247e-06,0.00012746594510037115,199.58390367507735,199.6768738421576,0.0,0.4774674859816415
4.5006789240107965,79903.13087626212,43.04660967640945,198.82753147779823,1.0696978823959256,1.874229296208647e-05,282.67228191671757,0.15228450905947713,0.6,1.3569699349930187,7.58783416371533e-06,0.00012746640741177103,199.65022375583834,199.74971630271176,0.0,0.47746835185394
4.650701554811156,79896.56527621756,44.48151906683637,198.84033869989872,1.0708754701896046,1.8761717093819683e-05,282.6813857575507,0.15735567075855197,0.6,1.3569699349930187,8.110525743839587e-06,0.00012746692282406927,199.71879211713002,199.82502815473845,0.0,0.47746931717812524
4.800724185611516,79889.78440712765,45.916430650168586,198.85356586511614,1.072092951645735,1.8781797950799754e-05,282.6907878015162,0.1624263422492833,0.6,1.3569699349930187,8.651483999509517e-06,0.0001274674938897166,199.78960877309288,199.90280941370094,0.0,0.477470386734106
4.950746816411876,79882.78826865825,47.351344495439534,198.86721297675663,1.0733504524242572,1.880253747572206e-05,282.70048802121113,0.16749650779480346,0.6,1.3569699349930187,9.210820024426494e-06,0.00012746812317480894,199.8626737383178,199.98306009555483,0.0,0.47747156532723745
5.100769447212236,79875.57686046482,48.786260671517695,198.8812800382308,1.0746481023948025,1.8823937676139394e-05,282.7104863883669,0.17256615166548406,0.6,1.3569699349930187,9.78864872918956e-06,0.00012746881325950837,199.93798702784477,200.0657802167466,0.0,0.47747285778909965
5.250792078012596,79868.15018219255,50.22117924710159,198.89576705305376,1.075986035657702,1.884600062476512e-05,282.72078287385017,0.1776352581391593,0.6,1.3569699349930187,1.0385088869051068e-05,0.00012746956673853532,200.01554865716173,200.15096979421207,0.0,0.47747426897840717
5.4008147088129554,79860.5082334763,51.656100290712814,198.91067402484492,1.0773643905656523,1.8868728459785683e-05,282.7313774476626,0.18270381150134302,0.6,1.3569699349930187,1.1000263072611817e-05,0.00012747038622183516,200.095358642203,200.23862884537488,0.0,0.47747580378224574
5.550837339613316,79852.6510139407,53.091023870690115,198.92600095732797,1.0787833097461008,1.8892123385183467e-05,282.7422700789417,0.18777179604544833,0.6,1.3569699349930187,1.1634297871465402e-05,0.00012747127433516167,200.1774169993477,200.32875738814465,0.0,0.47747746711715194
5.700859970413675,79844.57852320014,54.525950055185504,198.9417478543309,1.0802429401243474,1.8916187671069958e-05,282.75346073596137,0.19283919607301464,0.6,1.3569699349930187,1.2287323730800587e-05,0.00012747223372045293,200.2617237454187,200.4213554409157,0.0,0.4774792639298037
5.850882601214035,79836.29076085873,55.96087891215749,198.95791471978603,1.0817434329473485,1.8940923654028982e-05,282.76494938613195,0.19790599589392413,0.6,1.3569699349930187,1.2959475080968088e-05,0.00012747326703648764,200.34827889768067,200.51642302256522,0.0,0.4774811991982359
6.000905232014395,79827.78772651049,57.395810509363734,198.9745015577296,1.0832849438082097,1.8966333737469725e-05,282.77673599600104,0.20297217982661564,0.6,1.3569699349930187,1.3650890350021205e-05,0.00012747437695959657,200.4370824738386,200.61396015245109,0.0,0.4774832779331573
6.150927862814755,79819.06941973924,58.83074491435775,198.99150837230223,1.0848676326714441,1.8992420391990828e-05,282.7888205312539,0.20803773219831284,0.6,1.3569699349930187,1.4361711997242514e-05,0.00012747556618399148,200.52813449203637,200.71396685041077,0.0,0.4774855051785515
6.300950493615115,79810.13584011872,60.265682194482125,199.00893516774832,1.0864916638989095,1.9019186155754123e-05,282.80120295671395,0.21310263734523963,0.6,1.3569699349930187,1.5092086547661562e-05,0.00012747683742241495,200.6214349708548,200.8164431367588,0.0,0.47748788601287806
6.450973124415475,79800.98698721253,61.70062241686114,199.02678194841636,1.0881572062765117,1.904663363486937e-05,282.8138832363432,0.21816687961283315,0.6,1.3569699349930187,1.5842164627575452e-05,0.00012747819340685882,200.71698392931,200.92138903228513,0.0,0.47749042555040067
6.600995755215835,79791.62286057424,63.13556564839612,199.04504871875884,1.0898644330416434,1.9074765503789545e-05,282.8268613332428,0.22323044335596604,0.6,1.3569699349930187,1.6612101001083663e-05,0.0001274796368890206,200.81478138685173,201.02880455825326,0.0,0.4774931289420245
6.751018386016194,79782.04345974742,64.57051195575988,199.06373548333198,1.0916135219113225,1.910358450571602e-05,282.8401372096538,0.22829331293916508,0.6,1.3569699349930187,1.740205460764501e-05,0.00012748117064083806,200.91482736336138,201.13868973639788,0.0,0.4774960013762792
6.901041016816555,79772.24878426564,66.00546140538935,199.0828422467959,1.0934046551111367,1.9133093453015384e-05,282.85371082695735,0.23335547273682333,0.6,1.3569699349930187,1.8212188600668148e-05,0.00012748279745521362,201.01712187915024,201.2510445889231,0.0,0.47749904808065596
7.051063647616914,79762.23883365252,67.44041406347887,199.10236901391434,1.09523801940489,1.9163295227646176e-05,282.86758214567544,0.23841690713341404,0.6,1.3569699349930187,1.9042670387146337e-05,0.00012748452014664947,201.1216649549573,201.3658691384999,0.0,0.4775022743227776
7.201086278417274,79752.01360742177,68.87536999597619,199.12231578955473,1.0971138061250587,1.9194192781597285e-05,282.8817511254715,0.24347760052371384,0.6,1.3569699349930187,1.9893671668350188e-05,0.0001274863415516595,201.22845661194765,201.48316340826423,0.0,0.4775056854111484
7.3511089092176345,79741.5731050772,70.31032926857488,199.14268257868824,1.0990322112039894,1.9225789137336893e-05,282.896217725151,0.24853753731301267,0.6,1.3569699349930187,2.076536848158549e-05,0.0001274882645294857,201.33749687171027,201.60292742181488,0.0,0.477509286696475
7.501131540017994,79730.91732611285,71.74529194670643,199.16346938638924,1.1009934352058326,1.9258087388271767e-05,282.9109819026618,0.2535967019173228,0.6,1.3569699349930187,2.165794124302911e-05,0.00012749029196287742,201.4487857562556,201.72516120321038,0.0,0.4775130835731026
7.651154170818354,79720.04627001287,73.18025809553653,199.1846762178358,1.1029976833593527,1.9291090699219306e-05,282.9260436150951,0.25865507876360133,0.6,1.3569699349930187,2.2571574791660297e-05,0.0001274924267584533,201.56232328801394,201.84986477696745,0.0,0.4775170814796694
7.8011768016187135,79708.95993625175,74.61522777995766,199.2063030783093,1.1050451655914315,1.9324802306889246e-05,282.941402818686,0.26371265228996005,0.6,1.3569699349930187,2.350645843429187e-05,0.00012749467184741532,201.67810948983305,201.97703816805824,0.0,0.4775212859004199
7.951199432419074,79697.6583242942,76.05020106458102,199.22834997319424,1.1071360965614072,1.9359225520377315e-05,282.95705946881367,0.2687694069458725,0.6,1.3569699349930187,2.446278599171797e-05,0.00012749703018633942,201.7961443849755,202.1066814019074,0.0,0.47752570236665953
8.101222063219433,79686.14143359529,77.48517801373129,199.2508169079786,1.1092706956962362,1.9394363721670666e-05,282.9730135200028,0.2738253271923897,0.6,1.3569699349930187,2.5440755845993532e-05,0.0001274995047576794,201.91642799711698,202.23879450439023,0.0,0.4775303364576724
8.251244694019793,79674.40926360044,78.92015869144063,199.27370388825327,1.1114491872264125,1.943022036616397e-05,282.9892649259236,0.2788803975023544,0.6,1.3569699349930187,2.6440570988855103e-05,0.00012750209857035832,202.03896035034356,202.37337750182942,0.0,0.4775351938018015
8.401267324820154,79662.4618137455,80.35514316144044,199.29701091971222,1.1136718002227362,1.9466798983187628e-05,283.0058136393926,0.283934602360605,0.6,1.3569699349930187,2.746243907129735e-05,0.0001275048146605696,202.16374146914924,202.51043042099263,0.0,0.4775402800779201
8.551289955620513,79650.29908345678,81.79013148715394,199.3207380081525,1.1159387686339306,1.9504103176548077e-05,283.02265961237373,0.2889879262641841,0.6,1.3569699349930187,2.8506572454321404e-05,0.0001275076560924803,202.2907713784336,202.64995328908958,0.0,0.47754560101671983
8.701312586420872,79637.9210721511,83.22512373169175,199.34488515947388,1.118250331325027,1.954213662507886e-05,283.0398027959784,0.29404035372255516,0.6,1.3569699349930187,2.9573188260868554e-05,0.00012751062595869073,202.42005010349914,202.79194613376927,0.0,0.4775511624015402
8.851335217221234,79625.32777923584,84.66011995784356,199.36945237967888,1.120606732116646,1.9580903083204543e-05,283.05724314046654,0.2990918692578065,0.6,1.3569699349930187,3.066250842895263e-05,0.00012751372738102978,202.55157767004872,202.93640898311696,0.0,0.4775569700698268
9.001357848021593,79612.51920410898,86.09512022806913,199.39443967487287,1.1230082198251272,1.9620406381516635e-05,283.07498059524755,0.30414245740485113,0.6,1.3569699349930187,3.1774759766006454e-05,0.0001275169635114223,202.6853541041828,203.0833418656513,0.0,0.4775630299147218
9.151380478821952,79599.49534615914,87.53012460449435,199.4198470512637,1.1254550483034746,1.9660650427360963e-05,283.0930151088804,0.30919210271164543,0.6,1.3569699349930187,3.291017400446127e-05,0.00012752033753229467,202.82137943239692,203.23274481032126,0.0,0.47756934788579025
9.301403109622312,79586.25620476565,88.96513314890291,199.44567451516176,1.1279474764832147,1.9701639205438088e-05,283.111346629075,0.3142407897393907,0.6,1.3569699349930187,3.4068987858570417e-05,0.00012752385265737173,202.95965368157863,203.38461784650298,0.0,0.47757592999047604
9.451425740422673,79572.80177929862,90.40014592272725,199.47192207297985,1.1304857684171083,1.9743376778415746e-05,283.1299751026925,0.3192885030627319,0.6,1.3569699349930187,3.525144308249387e-05,0.00012752751213256116,203.1001768790048,203.53896100399646,0.0,0.47758278229572176
9.601448371223032,79559.13206911896,91.83516298704275,199.49858973123298,1.133070193322743,1.978586728755371e-05,283.1489004757464,0.32433522726996794,0.6,1.3569699349930187,3.6457786529664105e-05,0.0001275313192365182,203.2429490523385,203.69577431302235,0.0,0.47758991092898784
9.751471002023392,79545.24707357844,93.27018440256097,199.52567749653838,1.1357010256270328,1.9829114953341523e-05,283.16812269340284,0.3293809469632577,0.6,1.3569699349930187,3.7688270213447215e-05,0.00012753527728131045,203.3879702296262,203.85505780421863,0.0,0.47759732207945815
9.901493632823753,79531.14679201975,94.70521022962046,199.55318537561553,1.1383785450116495,1.9873124076149434e-05,283.1876416999821,0.3344256467588163,0.6,1.3569699349930187,3.894315136911609e-05,0.00012753938961331722,203.5352404392948,204.01681150863746,0.0,0.4776050219996827
10.051516263624112,79516.83122377653,96.14024052817848,199.58111337528572,1.1411030364592862,1.99178990368909e-05,283.2074574389587,0.3394693112871158,0.6,1.3569699349930187,4.022269251715245e-05,0.00012754365961401996,203.68475971014797,204.18103545774093,0.0,0.4776130170070154
10.201538894424472,79502.30036817351,97.57527535780591,199.60946150247221,1.143874790300931,1.9963444297699514e-05,283.22756985296263,0.34451192519309487,0.6,1.3569699349930187,4.152716152790276e-05,0.0001275480907005225,203.83652807136366,204.34772968339834,0.0,0.47762131348454506
10.351561525224831,79487.55422452648,99.0103147776779,199.63822976419996,1.1466941022640282,2.0009764402618373e-05,283.2479788837799,0.34955347313635393,0.6,1.3569699349930187,4.2856831687596665e-05,0.0001275526863264475,203.99054555249026,204.516894217882,0.0,0.477629917882727
10.501584156025192,79472.59279214239,100.44535884656395,199.6674181675956,1.1495612735215979,2.0056863978302908e-05,283.26868447235364,0.3545939397913474,0.6,1.3569699349930187,4.4211981765751094e-05,0.00012755744998291498,204.14681218344344,204.68852909386354,0.0,0.47763883672116925
10.651606786825552,79457.41607031938,101.8804076228231,199.69702671988742,1.1524766107423234,2.010474773473746e-05,283.28968655878475,0.35963330984759356,0.6,1.3569699349930187,4.559289608398489e-05,0.0001275623851990034,204.305327994503,204.86263434441048,0.0,0.47764807658944664
10.801629417625911,79442.0240583469,103.31546116439483,199.72705542840495,1.1554404261415654,2.0153420465964693e-05,283.3109850823328,0.3646715680098687,0.6,1.3569699349930187,4.699986458625305e-05,0.00012756749554265195,204.46609301630886,205.0392100029819,0.0,0.47765764414873974
10.951652048426272,79426.41675550572,104.75051952878874,199.75750430057914,1.1584530375333986,2.0202887050829594e-05,283.3325799814169,0.3697086989983964,0.6,1.3569699349930187,4.843318291052691e-05,0.00012757278462166224,204.62910727985792,205.21825610342455,0.0,0.4776675461336581
11.101674679226631,79410.59416106805,106.18558277307794,199.78837334394208,1.161514768383613,2.0253152453736857e-05,283.3544711936166,0.3747446875490493,0.6,1.3569699349930187,4.9893152461942144e-05,0.00012757825608434055,204.7943708165002,205.39977267996892,0.0,0.4776777893533881
11.25169731002699,79394.5562742975,107.62065095389147,199.81966256612694,1.1646259478637186,2.030422172542248e-05,283.37665865567266,0.37977951841354707,0.6,1.3569699349930187,5.1380080487432995e-05,0.00012758391362025436,204.9618836579353,205.58375976722508,0.0,0.47768838069305414
11.40171994082735,79378.30309444926,109.05572412740376,199.85137197486787,1.167786910905973,2.0356100003739623e-05,283.3991423034882,0.384813176359643,0.6,1.3569699349930187,5.289428015187201e-05,0.00012758976096125525,205.13164583620855,205.77021740017844,0.0,0.47769932711557506
11.551742571627711,79361.83462077017,110.49080234932545,199.88350157799965,1.1709979982593939,2.0408792514458263e-05,283.4219220721292,0.38984564617131556,0.6,1.3569699349930187,5.443607061573943e-05,0.00012759580188237852,205.3036573837067,205.959145614185,0.0,0.4777106356632884
11.70176520242807,79345.15085249867,111.92588567489733,199.91605138345787,1.1742595565468679,2.0462304572080337e-05,283.44499789582574,0.3948769126489695,0.6,1.3569699349930187,5.600577711435023e-05,0.0001276020402024396,205.47791833315478,206.1505444449676,0.0,0.4777223134590051
11.85178783322843,79328.25178886499,113.36097415888001,199.9490213992787,1.1775719383232781,2.0516641580669042e-05,283.46836970797307,0.3999069606096215,0.6,1.3569699349930187,5.760373103865087e-05,0.00012760847978505614,205.65442871761158,206.34441392861126,0.0,0.4777343677078585
12.00181046402879,79311.13742909118,114.79606785554233,199.9824116335985,1.1809355021346482,2.0571809034692294e-05,283.49203744113197,0.40493577488708166,0.6,1.3569699349930187,5.923027001761093e-05,0.00012761512453976585,205.8331885704652,206.54075410155784,0.0,0.47774680569933053
12.15183309482915,79293.80777239117,116.23116681865619,200.0162220946541,1.1843506125784617,2.0627812519882838e-05,283.51600102703026,0.40996334033215565,0.6,1.3569699349930187,6.0885738002247486e-05,0.0001276219784225567,206.01419792542964,206.73956500060243,0.0,0.47775963480817535
12.30185572562951,79276.26281797088,117.66627110148596,200.0504527907823,1.1878176403649652,2.068465771411187e-05,283.54026039656344,0.41498964181282844,0.6,1.3569699349930187,6.257048535128575e-05,0.00012762904543689988,206.19745681653995,206.94084666288794,0.0,0.4777728624962823
12.45187835642987,79258.50256502828,119.1013807567767,200.08510373041995,1.1913369623796413,2.074235038827914e-05,283.5648154797958,0.4200146642144422,0.6,1.3569699349930187,6.428486891849213e-05,0.000127636329634898,206.3829652781479,207.14459912590019,0.0,0.4777864963147506
12.60190098723023,79240.52701275345,120.53649583674687,200.12017492210364,1.1949089617467596,2.080089640721806e-05,283.5896662059614,0.4250383924398901,0.6,1.3569699349930187,6.602925214170628e-05,0.00012764383511802265,206.5707233449176,207.35082242746296,0.0,0.477800543905195
12.75192361803059,79222.33616032866,121.9716163930793,200.15566637446977,1.1985340278940786,2.0860301730616834e-05,283.6148125034651,0.4300608114098029,0.6,1.3569699349930187,6.780400513359445e-05,0.00012765156603798615,206.76073105182118,207.55951660573328,0.0,0.47781501300129803
12.90194624883095,79203.9300069285,123.40674247690943,200.19157809625415,1.2022125566186648,2.092057241395517e-05,283.6402542998833,0.4350819060627256,0.6,1.3569699349930187,6.960950477414603e-05,0.00012765952659791617,206.95298843413366,207.77068169919582,0.0,0.4778299114309277
13.051968879631309,79185.30855171992,124.8418741388146,200.2279100962919,1.2059449501538912,2.0981714609457456e-05,283.6659915219651,0.4401016613552976,0.6,1.3569699349930187,7.144613480494721e-05,0.0001276677210533908,207.14749552742836,207.9843177466574,0.0,0.47784524711799015
13.20199151043167,79166.47179386235,126.27701142880737,200.26466238351736,1.20973161723759,2.1043734567061907e-05,283.6920240956336,0.4451200622624446,0.6,1.3569699349930187,7.331428592525997e-05,0.00012767615371312972,207.3442523675723,208.20042478724218,0.0,0.4778610280836363
13.35201414123203,79147.4197325077,127.71215439632331,200.30183496696415,1.2135729731814386,2.1106638635407033e-05,283.7183519459867,0.45013709377755273,0.6,1.3569699349930187,7.521435588992734e-05,0.0001276848289401714,207.54325899072137,208.4190028603861,0.0,0.4778772624483756
13.502036772032389,79128.15236680054,129.14730309020806,200.33942785576443,1.2174694399414427,2.1170433262833087e-05,283.74497499729785,0.455152740912638,0.6,1.3569699349930187,7.714674960912976e-05,0.00012769375115316198,207.74451543331443,208.6400520058303,0.0,0.4778939584343947
13.65205940283275,79108.66969587818,130.58245755871116,200.37744105914922,1.221421446189753,2.1235124998402294e-05,283.77189317301753,0.4601669886985396,0.6,1.3569699349930187,7.911187925004261e-05,0.00012770292482697189,207.94802173206918,208.86357226361667,0.0,0.4779111243666149
13.80208203363311,79088.97171887071,132.01761784947396,200.415874586448,1.2254294273876463,2.130072049293508e-05,283.7991063957742,0.465179822185091,0.6,1.3569699349930187,8.111016434039976e-05,0.0001277123544938898,208.1537779239765,209.08956367408132,0.0,0.4779287686748279
13.952104664433469,79069.05843490112,133.45278400951617,200.4547284470888,1.2294938258597923,2.1367226500064256e-05,283.8266145873753,0.47019122644128597,0.6,1.3569699349930187,8.314203187400366e-05,0.0001277220447449503,208.36178404629504,209.31802627784856,0.0,0.4779468998960769
14.102127295233828,79048.92984308541,134.8879560852272,200.49400265059757,1.2336150908697343,2.1434649877305827e-05,283.8544176688083,0.47520118655546123,0.6,1.3569699349930187,8.52079164182153e-05,0.0001277320002307895,208.57204013654578,209.54896011582497,0.0,0.4779655266761515
14.252149926034189,79028.58594253262,136.32313412235618,200.53369720659845,1.2377936786967183,2.15029975871487e-05,283.8825155602421,0.48020968763547306,0.6,1.3569699349930187,8.730826022345505e-05,0.00012774222566265861,208.78454623250678,209.7823652291935,0.0,0.4779846577713747
14.402172556834548,79008.02673234505,137.75831816599802,200.5738121248133,1.2420300527137675,2.1572276698161494e-05,283.9109081810275,0.4852167148088599,0.6,1.3569699349930187,8.944351333473533e-05,0.00012775272581378507,208.99930237220727,210.01824165940656,0.0,0.47800430205103583
14.552195187634908,78987.25221161825,139.1935082605813,200.6143474150616,1.2463246834671018,2.1642494386117958e-05,283.93959544969897,0.49022225322300983,0.6,1.3569699349930187,9.161413370527002e-05,0.00012776350552057324,209.21630859392153,210.2565894481798,0.0,0.47802446849951996
14.702217818435269,78966.26237944112,140.62870444986044,200.6553030872604,1.2506780487568947,2.1713657935140953e-05,283.96857728397543,0.49522628804534363,0.6,1.3569699349930187,9.382058731219522e-05,0.0001277745696834128,209.43556493616396,210.49740863748593,0.0,0.4780451662176995
14.852240449235628,78945.05723489607,142.06390677690166,200.69667915142387,1.255090633719355,2.1785774738864634e-05,283.99785360076146,0.5002288044634742,0.6,1.3569699349930187,9.606334827442002e-05,0.00012778592326804649,209.6570714376823,210.74069926954766,0.0,0.4780664044253672
15.002263080035988,78923.63677705916,143.49911528406813,200.73847561766323,1.2595629309101914,2.1858852301615724e-05,284.0274243161483,0.505229787685363,0.6,1.3569699349930187,9.834289897265017e-05,0.00012779757130706773,209.8808281374514,210.98646138683046,0.0,0.47808819246390855
15.152285710836347,78902.00100500006,144.93433001301258,200.7806924961866,1.264095440389491,2.1932898239614395e-05,284.0572893454152,0.5102292229395023,0.6,1.3569699349930187,0.00010065973017163298,0.00012780951890064418,210.10683507466769,211.23469503203643,0.0,0.47811053979752194
15.302308341636708,78880.1499177823,146.36955100466372,200.8233297972987,1.268688669807967,2.2007920282193893e-05,284.08744860303057,0.5152270954750737,0.6,1.3569699349930187,0.00010301434114463538,0.0001278217712179088,210.3350922887425,211.48540024809697,0.0,0.47813345601568213
15.452330972437068,78858.08351446329,147.80477829921017,200.8663875314007,1.2733431344946549,2.208392627304018e-05,284.11790200265295,0.5202233905620985,0.6,1.3569699349930187,0.00010540723980020133,0.00012783433349850709,210.5655998192952,211.73857707816492,0.0,0.4781569508358916
15.602353603237427,78835.8017940945,149.24001193609095,200.90986570899005,1.2780593575460593,2.2160924171451526e-05,284.1486494571323,0.5252180934916104,0.6,1.3569699349930187,0.00010783894281123629,0.00012784721105359764,210.79835770614704,211.99422556560788,0.0,0.4781810341054049
15.752376234037788,78813.30475572153,150.6752519539836,200.95376434066003,1.2828378699167275,2.223892205361766e-05,284.17969087851117,0.5302111895758179,0.6,1.3569699349930187,0.00011030997574644179,0.00012786040926703924,211.03336598931455,212.25234575400057,0.0,0.478205715803296
15.902398864838148,78790.59239838422,152.11049839078805,200.99808343709995,1.287679210511398,2.2317928113920777e-05,284.21102617802603,0.5352026641482518,0.6,1.3569699349930187,0.00011282087320414496,0.00012787393359698016,211.2706247090023,212.51293768711713,0.0,0.4782310060432733
16.05242149563851,78767.66472111679,153.54575128361284,201.0428230090945,1.29258392627853,2.2397950666255128e-05,284.2426552661082,0.5401925025639209,0.6,1.3569699349930187,0.00011537217894855452,0.00012788778957726154,211.5101339055958,212.7760014089228,0.0,0.47825691507614115
16.202444126438866,78744.52172294797,154.98101066876555,201.08798306752377,1.2975525723054846,2.2478998145369743e-05,284.2745780523854,0.5451806901994805,0.6,1.3569699349930187,0.00011796444604850766,0.00012790198281836956,211.75189361965505,213.0415369635669,0.0,0.4782834532914128
16.352466757239227,78721.16340290109,156.41627658173724,201.1335636233629,1.3025857119151618,2.2561079108230694e-05,284.3067944456823,0.5501672124533803,0.6,1.3569699349930187,0.0001205982370187136,0.0001279165190090358,211.99590389190675,213.30954439537416,0.0,0.478310631220129
16.502489388039585,78697.58975999423,157.85154905718423,201.17956468768196,1.3076839167642778,2.2644202235406165e-05,284.3393043540229,0.5551520547460006,0.6,1.3569699349930187,0.00012327412396355552,0.0001279314039179899,212.24216476323664,213.5800237488361,0.0,0.4783384595379556
16.652512018839946,78673.8007932403,159.28682812892063,201.2259862716457,1.3128477669431897,2.2728376332472492e-05,284.3721076846305,0.5601352025198272,0.6,1.3569699349930187,0.00012599268872350258,0.00012794664339481414,212.49067627468287,213.8529750686036,0.0,0.4783669490665965
16.802534649640307,78649.79650164723,160.72211382990153,201.27282838651323,1.3180778510773652,2.2813610331442886e-05,284.4052043439299,0.5651166412395922,0.6,1.3569699349930187,0.00012875452302415203,0.00012796224337157606,212.7414384674277,214.12839839947776,0.0,0.47839611077665417
16.952557280440665,78625.57688421807,162.1574061922051,201.32009104363763,1.323374766430433,2.2899913292217534e-05,284.438594237548,0.5700963563924094,0.6,1.3569699349930187,0.0001315602286279492,0.00012797820986464237,212.9944513827894,214.40629378640057,0.0,0.4784259557908229
17.102579911241026,78601.14193995112,163.59270524702103,201.3677742544661,1.3287391190090043,2.2987294404058243e-05,284.4722772703155,0.5750743334879326,0.6,1.3569699349930187,0.00013441041748865713,0.0001279945489758579,213.24971506221476,214.68666127444692,0.0,0.4784564953858891
17.252602542041387,78576.49166784006,165.02801102463695,201.41587803053935,1.334171523669063,2.307576298708418e-05,284.5062533462679,0.5800505580585045,0.6,1.3569699349930187,0.00013730571190858818,0.0001280112668939448,213.50722954727115,214.96950090881543,0.0,0.47848774099513475
17.402625172841745,78551.62606687412,166.46332355441965,201.46440238349155,1.3396726042241542,2.316532849379242e-05,284.54052236864703,0.5850250156592878,0.6,1.3569699349930187,0.0001402467446986576,0.00012802836989636983,213.76699487963776,215.2548127348188,0.0,0.47851970421161094
17.552647803642106,78526.54513603817,167.89864286478308,201.5133473250498,1.3452429935552208,2.3256000510600672e-05,284.57508423990197,0.5899976918683488,0.6,1.3569699349930187,0.00014323415934127453,0.00012804586435099477,214.02901110109445,215.5425967978714,0.0,0.4785523967909962
17.702670434442467,78501.24887431294,169.3339689829841,201.56271286703418,1.3508833337223003,2.334778875941573e-05,284.6099388616907,0.5949685722861343,0.6,1.3569699349930187,0.00014626861015586116,0.00012806375671720594,214.29327825348514,215.83285314344798,0.0,0.4785858306534759
17.852693065242825,78475.73728067492,170.76930193658131,201.61249902135748,1.3565942760779444,2.344070309922512e-05,284.6450861348813,0.5999376425407918,0.6,1.3569699349930187,0.00014935076247021687,0.000128082053547798,214.55979637893125,216.12558181732328,0.0,0.47862001788702213
18.002715696043186,78450.01035409702,172.20464174821538,201.66270580002436,1.3623764813823922,2.353475352771252e-05,284.68052595955294,0.6049048882700252,0.6000132318609178,1.3569699349930187,0.00015248465546868862,0.0001281007614910358,214.82856551903467,216.42078286467859,0.0,0.4786549707509985
18.152738326843547,78424.06809354897,173.63998843425,201.71333321513018,1.368230619920545,2.3629950182897574e-05,284.71625823499653,0.6098702951165247,0.600053582499128,1.3569699349930187,0.0001556747901028005,0.00012811988729167134,215.09958571463574,216.7184563298305,0.0,0.4786907016778045
18.302760957643905,78397.9104979985,175.0753420074055,201.76438127885896,1.3741573716206914,2.3726303344799213e-05,284.7522828597148,0.6148338487374221,0.6001210236876006,1.3569699349930187,0.0001589222994390797,0.00012813943779286808,215.37285700618068,217.0186022566431,0.0,0.47872722327620615
18.452783588444266,78371.53756641156,176.51070247863993,201.8158500034829,1.380157426175303,2.382382343712754e-05,284.7885997314236,0.6197955348110928,0.6002155247591514,1.3569699349930187,0.00016222834072831036,0.00012815941993833972,215.64837943399252,217.32122068883183,0.0,0.4787645483350586
18.602806219244624,78344.94929775255,177.94606985719375,201.8677394013618,1.3862314831637503,2.3922521029001863e-05,284.8252087470528,0.6247553390375072,0.600337054745974,1.3569699349930187,0.0001655940964163591,0.0001281798407737475,215.92615303826665,217.6263116699583,0.0,0.47880268982563456
18.752828850044985,78318.14569098463,179.38144415055825,201.92004948494278,1.3923802521769593,2.4022406836694912e-05,284.86210980274785,0.6297132471383103,0.6004855823805263,1.3569699349930187,0.00016902077463290595,0.00012820070744835836,216.2061778590543,217.9338752434121,0.0,0.4788416609044299
18.902851480845346,78291.12674506998,180.81682536442887,201.9727802667594,1.3986044529440185,2.412349172540357e-05,284.89930279387085,0.6346692448568493,0.6006610760964193,1.3569699349930187,0.0001725096096907354,0.00012822202721725088,216.48845393624313,218.243911452389,0.0,0.4788814749169836
19.052874111645703,78263.89245897009,182.25221350266438,202.02593175943133,1.40490481546082,2.4225786711047106e-05,284.9367876150015,0.6396233179582217,0.6008635040293101,1.3569699349930187,0.00017606186259584087,0.00012824380744326592,216.77298130953892,218.55642033987036,0.0,0.4789221454012096
19.202896742446065,78236.44283164592,183.6876085672602,202.07950397566404,1.4112820801207586,2.432930296209345e-05,284.9745641599388,0.6445754522293702,0.601092834017799,1.3569699349930187,0.00017967882156857279,0.00012826605559835457,217.05976001844903,218.8714019486049,0.0,0.478963686089594
19.352919373246426,78208.77786205833,185.12301055830116,202.13349692824784,1.4177369978473762,2.4434051801411305e-05,285.01263232170186,0.6495256334791069,0.6013490336043288,1.3569699349930187,0.00018336180257596307,0.0001282887792658063,217.34879010226194,219.18885632108567,0.0,0.4790061109130243
19.502942004046783,78180.89754916835,186.55841947390925,202.18791063005753,1.4242703302292292,2.4540044708152855e-05,285.0509919925313,0.6544738475381181,0.6016320700360833,1.3569699349930187,0.00018711214987550705,0.0001283119861426879,217.64007160002606,219.50878349952632,0.0,0.4790494340050009
19.652964634847145,78152.80189193739,187.9938353102202,202.24274509405188,1.4308828496568042,2.464729331966374e-05,285.0896430638904,0.65942008025907,0.6019419102658968,1.3569699349930187,0.0001909312365706734,0.0001283356840410617,217.9336045505327,219.8311835258423,0.0,0.47909366970355877
19.802987265647506,78124.49088932757,189.42925806133454,202.2980003332729,1.437575339461589,2.4755809433422242e-05,285.1285854264663,0.6643643175166234,0.6022785209531594,1.3569699349930187,0.00019482046517827492,0.00012835988089026927,218.22938899229456,220.1560564416266,0.0,0.4791388325551659
19.953009896447863,78095.96454030214,190.8646877192635,202.35367636084536,1.4443485940573664,2.486560500900849e-05,285.16781897017154,0.6693065452074305,0.6026418684647242,1.3569699349930187,0.00019878126820797938,0.00012838458473946529,218.52742496352295,220.48340228812438,0.0,0.4791849373190772
20.103032527248224,78067.22284382564,192.30012427389474,202.40977318997614,1.4512034190836829,2.4976692170102873e-05,285.2073435841447,0.674246749250201,0.6030319188758222,1.3569699349930187,0.00020281510875424697,0.0001284098037592829,218.82771250210826,220.8132211062111,0.0,0.47923199897005286
20.253055158048582,78038.26579886426,193.73556771295108,202.46629083395365,1.4581406315516043,2.5089083206515344e-05,285.2471591567522,0.6791849155857407,0.6034486379709765,1.3569699349930187,0.00020692348110089477,0.00012843554624381034,219.13025164559843,221.14551293636856,0.0,0.4792800327016472
20.403077788848943,78009.09340438627,195.17101802193397,202.5232293061471,1.4651610599917102,2.5202790576244694e-05,285.28726557558906,0.684121030176939,0.6038919912449162,1.3569699349930187,0.00021110791133851107,0.00012846182061320826,219.4350424311748,221.48027781865784,0.0,0.4793290539306781
20.553100419649304,77979.70565936228,196.60647518407407,202.58058862000576,1.4722655446044344,2.531782690756951e-05,285.32766272748034,0.6890550790087785,0.6043619439034928,1.3569699349930187,0.0002153699579950345,0.000128488635416028,219.74208489562852,221.81751579269294,0.0,0.47937907830112436
20.703123050449662,77950.10256276553,198.04193918029824,202.63836878905877,1.479454937412812,2.543420500117153e-05,285.36835049848264,0.6939870480884014,0.6048584608646043,1.3569699349930187,0.0002197112126797869,0.0001285159993308289,220.0513790753402,222.15722689761805,0.0,0.47943012168670174
20.853145681250023,77920.28411357231,199.47740998917277,202.69656982691396,1.486730102417489,2.5551937832289105e-05,285.4093287738848,0.6989169234450935,0.6053815067591134,1.3569699349930187,0.00022413330074111618,0.00012854392116882696,220.3629250062538,222.49941117207825,0.0,0.47948220019534843
21.003168312050384,77890.25031076239,200.91288758683956,202.75519174725721,1.4940919157542554,2.567103855290476e-05,285.4505974382094,0.7038446911302421,0.6059310459317644,1.3569699349930187,0.0002286378819379843,0.00012857240987679226,220.6767227238497,222.84406865418978,0.0,0.4795353301741581
21.153190942850742,77860.0011533192,202.34837194698724,202.81423456385204,1.5015412658540148,2.5791520493965336e-05,285.4921563752141,0.7087703372174142,0.6065070424421145,1.3569699349930187,0.00023322665112586965,0.00012860147453851652,220.99277226312364,223.19119938151601,0.0,0.47958952821163137
21.303213573651103,77829.53664023033,203.78386304079245,202.87369829053873,1.509079053605248,2.5913397167635566e-05,285.5340054678926,0.7136938478023322,0.607109460065455,1.3569699349930187,0.00023790133895711677,0.00012863112437753386,221.31107365855948,223.5408033910374,0.0,0.47964481114224755
21.453236204451464,77798.85677048794,205.21936083685318,202.9335829412334,1.5167061925189906,2.6036682269585252e-05,285.57614459847605,0.7186152090028192,0.6077382622937303,1.3569699349930187,0.0002426637125960729,0.00012866136876013638,221.63162694410025,223.89288071911886,0.0,0.47970119605157036
21.603258835251822,77767.96154308906,206.65486530114745,202.9938885299275,1.5244236088964156,2.6161389681311354e-05,285.6185736484343,0.7235344069588323,0.6083934123364687,1.3569699349930187,0.0002475155764493999,0.000128692217197369,221.95443215312352,224.24743140148252,0.0,0.47975870027943135
21.753281466052183,77736.85095703597,208.09037639698298,203.05461507068702,1.5322322419990255,2.6287533472494984e-05,285.6612924984768,0.7284514278324654,0.6090748731217095,1.3569699349930187,0.00025245877291177874,0.00012872367934739702,222.27948931841468,224.60445547317755,0.0,0.4798173414237922
21.903304096852544,77705.52501133675,209.52589408492818,203.11576257765165,1.540133044221483,2.6415127903393586e-05,285.70430102855454,0.7333662578078839,0.6097826072969234,1.3569699349930187,0.0002574951831272882,0.0001287557650186259,222.60679847213618,224.963952968546,0.0,0.4798771373459897
22.0533267276529,77673.9837050056,210.96141832275205,203.17733106503385,1.5481269812671168,2.6544187427268813e-05,285.74759911786026,0.7382788830912917,0.6105165772299364,1.3569699349930187,0.000262626727766843,0.0001287884841724685,222.93635964579792,225.32592392118968,0.0,0.4799381061753046
22.203349358453263,77642.22703706317,212.3969490653842,203.23932054711824,1.5562150323262087,2.6674726692851604e-05,285.79118664483053,0.7431892899109669,0.6112767450098638,1.3569699349930187,0.00026785536782205987,0.00012882184692529557,223.26817287023127,225.690368363941,0.0,0.4800002663119892
22.35337198925362,77610.25500653716,213.83248626484496,203.3017310382608,1.5643981902570492,2.680676054684419e-05,285.83506348714667,0.7480974645171917,0.6120630724480315,1.3569699349930187,0.00027318310541574165,0.0001288558635515987,223.60223817555686,226.05728632882708,0.0,0.48006363643253364
22.50339462005398,77578.06761246275,215.26802987016828,203.3645625528876,1.5726774617697052,2.69403040364579e-05,285.87922952173574,0.7530033931821591,0.6128755210788899,1.3569699349930187,0.000278611984629354,0.00012889054448744696,223.93855559115005,226.4266778470312,0.0,0.4801282354954584
22.653417250854343,77545.66485388287,216.70357982736613,203.42781510549446,1.5810538676128414,2.7075372411992186e-05,285.92368462477214,0.7579070622000201,0.6137140521609525,1.3569699349930187,0.00028414409234803006,0.00012892590033226434,224.27712514561466,226.79854294886334,0.0,0.48019408274395664
22.8034398816547,77513.04672984884,218.1391360793568,203.4914887106458,1.5895284427632812,2.7211981129449614e-05,285.96842867167845,0.7628084578868084,0.6145786266777143,1.3569699349930187,0.0002897815591231795,0.00012896194185208526,224.61794686674878,227.17288166372202,0.0,0.4802611977112685
22.95346251245506,77480.21323942079,219.57469856588384,203.55558338297365,1.5981022366185735,2.735014585319098e-05,286.01346153712706,0.7677075665803272,0.6154692053385622,1.3569699349930187,0.0002955265600531687,0.00012899867998315882,224.96102078150818,227.54969402005332,0.0,0.4803296002266807
23.103485143255423,77447.16438166813,221.01026722346552,203.62009913717685,1.6067763131925579,2.7489882458630245e-05,286.0587830950408,0.7726043746401473,0.616385748579704,1.3569699349930187,0.0003013813156825458,0.00012903612583435028,225.30634691597524,227.9289800453164,0.0,0.48039931041926276
23.25350777405578,77413.90015567002,222.44584198533326,203.68503598802016,1.6155517513139876,2.763120703497017e-05,286.1043932185947,0.7774988684475604,0.6173282165650904,1.3569699349930187,0.00030734809292007407,0.0001290742906899899,225.6539252953256,228.31073976594584,0.0,0.4804703487224119
23.40353040485614,77380.42056051586,223.88142278134762,203.7503939503332,1.6244296448282023,2.7774135887978237e-05,286.15029178021695,0.7823910344054582,0.6182965691873211,1.3569699349930187,0.0003134292059759026,0.00012911318601360676,226.00375594378917,228.69497320730846,0.0,0.48054273588002117
23.553553035656503,77346.72559530596,225.31700953792483,203.81617303900921,1.6334111028019098,2.791868554280373e-05,286.1964786515898,0.7872808589382454,0.6192907660685558,1.3569699349930187,0.00031962701731836756,0.0001291528234512471,226.35583888461298,229.0816803936615,0.0,0.4806164929518451
23.70357566645686,77312.81525915177,226.7526021779878,203.88237326900472,1.642497249731284,2.8064872746839148e-05,286.2429537036514,0.792168328491837,0.6203107665614406,1.3569699349930187,0.00032594393865089896,0.00012919321483383865,226.71017414002876,229.4708613481165,0.0,0.4806916413170662
23.85359829725722,77278.6895511766,228.18820062088113,203.9489946553378,1.6516892257531104,2.821271447262139e-05,286.28971680659635,0.7970534295335315,0.6213565297500095,1.3569699349930187,0.00033238243190919406,0.00012923437218098315,227.06676173121184,229.86251609259352,0.0,0.48076820268048903
24.00362092805758,77244.3484705163,229.6238047822764,204.01603721308726,1.6609881868593308,2.8362227920778276e-05,286.33676782987703,0.8019361485518485,0.6224280144505748,1.3569699349930187,0.00033894501027919834,0.00012927630770509708,227.4256016782383,230.2566446477729,0.0,0.48084619907935416
24.15364355885794,77209.79201631942,231.0594145741294,204.08350095739186,1.670395305114932,2.8513430523019266e-05,286.3841066422051,0.8068164720565454,0.6235251792126537,1.3569699349930187,0.00034563423923651183,0.0001293190338135763,227.78669400005182,230.65324703305848,0.0,0.48092565288644606
24.3036661896583,77175.0201877481,232.49502990459186,204.1513859034489,1.6799117688791418,2.8666339945169673e-05,286.4317331115524,0.8116943865784781,0.624647982319861,1.3569699349930187,0.00035245273760731513,0.000129362563112708,228.15003871442042,231.0523232665292,0.0,0.48100658681642094
24.45368882045866,77140.03298397861,233.93065067791264,204.21969206651298,1.6895387830300848,2.8820974090250588e-05,286.47964710515174,0.8165698786694222,0.6257963817907886,1.3569699349930187,0.00035940317865138085,0.00012940690841199565,228.51563583789056,231.45387336488773,0.0,0.48108902393287034
24.60371145125902,77104.83040420184,235.36627679437615,204.28841946189516,1.699277569192966,2.8977351101605435e-05,286.52784848949887,0.821442934902023,0.6269703353799119,1.3569699349930187,0.0003664882911677954,0.00012945208272706487,228.88348538574834,231.85789734341716,0.0,0.481172987652713
24.75373408205938,77069.41244762385,236.8019081502268,204.3575681049619,1.7091293659718232,2.9135489366073673e-05,286.5763371303529,0.8263135418696989,0.6281698005784844,1.3569699349930187,0.0003737108606236762,0.00012949809928310604,229.2535873719775,232.264395215934,0.0,0.48125850175155194
24.90375671285974,77033.7791134667,238.2375446375664,204.42713801113325,1.7190954291847114,2.929540751720917e-05,286.6251128927377,0.8311816861864467,0.6293947346154047,1.3569699349930187,0.00038107373030625986,0.00012954497151936254,229.62594180920996,232.673366994733,0.0,0.4813455903709406
25.0537793436601,76997.93040096895,239.6731861442645,204.4971291958822,1.7291770321027555,2.9457124438550114e-05,286.6741756409431,0.8360473544866946,0.630645094458092,1.3569699349930187,0.0003885798024990597,0.000129592713093126,230.0005487086798,233.0848126905356,0.0,0.4814342780246946
25.20380197446046,76961.86630938621,241.1088325538983,204.56754167473338,1.73937546569282,2.962065926693624e-05,286.7235252385258,0.8409105334252551,0.6319208368133825,1.3569699349930187,0.000396232039682589,0.00012964133788261766,230.3774080801821,233.49873231244402,0.0,0.4815245896030986
25.35382460526082,76925.5868379919,242.54448374564868,204.63837546326172,1.7496920388639219,2.978603139587515e-05,286.77316154831084,0.8457712096771258,0.6332219181283868,1.3569699349930187,0.0004040334657598888,0.00012969085999155414,230.75651993202183,233.91512586788392,0.0,0.4816165503802047
25.50384723606118,76889.09198607804,243.98013959418464,204.7096305770906,1.760128078717435,2.9953260478958314e-05,286.82308443239197,0.8506293699372514,0.634548294591329,1.3569699349930187,0.00041198716730747755,0.00012974129375412774,231.13788427095884,234.3339933625433,0.0,0.48171018602185905
25.65386986686154,76852.38175295563,245.4157999696107,204.78130703189166,1.7706849308014077,3.012236643333172e-05,286.87329375213363,0.8554850009204993,0.6358999221324412,1.3569699349930187,0.0004200962948525957,0.00012979265373765756,231.52150110216763,234.75533480032726,0.0,0.4818055225893635
25.8038924976619,76815.45613795554,246.85146473735912,204.8534048433826,1.7813639593685398,3.0293369443213627e-05,286.92378936817147,0.8603380893614477,0.637276756424803,1.3569699349930187,0.0004283640641767095,0.0001298449547473092,231.90737042918232,235.1791501832964,0.0,0.4819025865469363
25.95391512846226,76778.31514042927,248.287133758069,204.9259240273259,1.7921665476383288,3.046628996346746e-05,286.9745711404134,0.8651886220141258,0.638678752885163,1.3569699349930187,0.00043679375764606307,0.00012989821183130603,232.29549225383886,235.60543951160247,0.0,0.48200140477004144
26.103937759262617,76740.95875974956,249.72280688751073,204.99886459952754,1.8030940980632715,3.0641148723227717e-05,287.02563892804085,0.8700365856519104,0.6401058666747979,1.3569699349930187,0.0004453887255700361,0.00012995244028446225,232.68586657622666,236.03420278343418,0.0,0.48210200455055696
26.25396039006298,76703.38699531104,251.15848397649407,205.07222657583594,1.8141480325992643,3.081796672958101e-05,287.07699258951,0.8748819670673658,0.6415580527003534,1.3569699349930187,0.0004541523875876476,0.0001300076556523632,233.0784933946357,236.46543999495816,0.0,0.4822044136031007
26.40398302086334,76665.59984653124,252.59416487074193,205.1460099721397,1.825329792980001,3.0996765271298756e-05,287.1286319825521,0.8797247530719655,0.6430352656146446,1.3569699349930187,0.00046308823408263214,0.00013006387373678104,233.47337270549454,236.89915114024953,0.0,0.4823086600735983
26.554005651663697,76627.59731285126,254.02984941078114,205.22021480436655,1.8366408409958628,3.117756592262924e-05,287.1805569641752,0.8845649304958709,0.6445374598174659,1.3569699349930187,0.00047219982762798716,0.00013012111060050737,233.87050450331225,237.335336211227,0.0,0.4824147725467204
26.70402828246406,76589.37939373635,255.46553743186888,205.29484108848203,1.8480826587770847,3.1360390547145294e-05,287.23276739066483,0.8894024861878332,0.6460645894564344,1.3569699349930187,0.00048149080446062577,0.00013017938257088165,234.26988878062704,237.7739951975957,0.0,0.4825227800508504
26.85405091326442,76550.94608867694,256.90122876386516,205.3698888404877,1.859656749081261,3.154526130164846e-05,287.28526311758515,0.8942374070149088,0.6476166084277714,1.3569699349930187,0.0004909648759863444,0.00013023870624531215,234.671525527942,238.21512808677497,0.0,0.4826327120666951
27.004073544064777,76512.29739718954,258.33692323109165,205.44535807641913,1.8713646355853033,3.1732200640131076e-05,287.33804399977964,0.899069679862127,0.6491934703770593,1.3569699349930187,0.0005006258303159033,0.00013029909849728897,235.07541473365615,238.65873486382165,0.0,0.4827445985367516
27.15409617486514,76473.43331881726,259.7726206522672,205.5212488123451,1.8832078631821443,3.192123131780082e-05,287.3911098913723,0.9038992916324229,0.6507951287000786,1.3569699349930187,0.0005104775338333428,0.00013036057647964968,235.48155638401363,239.10481551137303,0.0,0.4828584698696261
27.3041188056655,76434.35385313083,261.20832084037596,205.5975610643655,1.895187998281828,3.211237639516165e-05,287.4444606457688,0.9087262292463348,0.6524215365435633,1.3569699349930187,0.0005205239327964168,0.0001304231576302983,235.8899504630351,239.5533700095702,0.0,0.4829743569488432
27.454141436465857,76395.05899972965,262.6440236025191,205.67429484860938,1.907306629117362,3.230565924215694e-05,287.49809611565667,0.9135504796416491,0.6540726468059295,1.3569699349930187,0.0005307690549700974,0.0001304868596785091,236.30059695244478,240.0043983359767,0.0,0.4830922911426765
27.60416406726622,76355.5487582424,264.0797287398229,205.75145018123362,1.9195653660554086,3.2501103542375756e-05,287.55201615300695,0.9183720297732344,0.6557484121380611,1.3569699349930187,0.0005412170112941937,0.0001305517006492453,236.7134958316101,240.45790046551073,0.0,0.48321230431024037
27.75418669806658,76315.82312832795,265.5154360473255,205.82902707842132,1.9319658419117587,3.269873329732098e-05,287.6062206090751,0.9231908666128047,0.6574487849440647,1.3569699349930187,0.0005518719975853722,0.00013061769886825797,237.12864707747508,240.913876370371,0.0,0.48333442880896543
27.904209328866937,76275.88210967653,266.9511453138231,205.90702555637935,1.944509712271662,3.2898572830740486e-05,287.6607093344012,0.9280069771485422,0.6591737173819683,1.3569699349930187,0.0005627382962741737,0.00013068487296864848,237.54605066448286,241.37232601994995,0.0,0.48345869750471593
28.054231959667298,76235.72570201056,268.3868563217355,205.98544563133692,1.9571986558152301,3.310064679302416e-05,287.7154821788113,0.932820348384786,0.6609231613644336,1.3569699349930187,0.0005738202781780786,0.0001307532418967403,237.96570656450237,241.83324938075168,0.0,0.4835851437805599
28.204254590467656,76195.35390508545,269.82256884701656,206.06428731954392,1.970034374647949,3.330498016566739e-05,287.77053899141856,0.937630967341875,0.6626970685595156,1.3569699349930187,0.0005851224043114946,0.00013082282491642242,238.38761474676446,242.29664641632087,0.0,0.4837138015426436
28.354277221268017,76154.76671869069,271.2582826589977,206.14355063726867,1.983018594636232,3.351159826579945e-05,287.8258796206234,0.9424388210557609,0.6644953903913327,1.3569699349930187,0.0005966492277327921,0.00013089364161585374,238.81177517778082,242.76251708715182,0.0,0.48384470523036033
28.504299852068378,76113.96414265115,272.69399752021536,206.22323560079576,1.9961530657482045,3.372052675077956e-05,287.8815039141147,0.9472438965775644,0.6663180780407036,1.3569699349930187,0.0006084053954294175,0.00013096571191475388,239.23818782125784,243.23086135059242,0.0,0.4839778898275278
28.654322482868736,76072.94617682758,274.1297131863317,206.30334222642455,2.009439562399985,3.393179162286464e-05,287.9374117188704,0.9520461809734542,0.6681650824458967,1.3569699349930187,0.0006203956502425441,0.00013103905606844793,239.66685263803248,243.7016791607722,0.0,0.48411339086748745
28.804345113669097,76031.71282111791,275.56542940597313,206.38387053046714,2.0228798838072124,3.414541923394434e-05,287.99360288115884,0.9568456613242405,0.670036354303264,1.3569699349930187,0.0006326248328309956,0.00013111369467482732,240.09776958598687,244.1749704685071,0.0,0.4842512444435161
28.954367744469458,75990.26407545854,277.001145920549,206.46482052924554,2.036475854341984,3.4361436290345674e-05,288.0500772465385,0.9616423247249024,0.6719318440678375,1.3569699349930187,0.0006450978836755931,0.00013118964868200683,240.5309386199561,244.65073522119621,0.0,0.4843914872204397
29.104390375269816,75948.59993982506,278.4368624641388,206.5461922390904,2.050229323895623,3.4579869857713734e-05,288.1068346598596,0.9664361582843489,0.6738515019540058,1.3569699349930187,0.0006578198451253752,0.00013126693939363195,240.96635969165294,245.12897336273784,0.0,0.48453415644182074
29.254413006070177,75906.72041423344,279.8725787633535,206.6279856763386,2.0641421682469385,3.480074736596267e-05,288.16387496526454,0.9712271491250924,0.675795277936149,1.3569699349930187,0.0006707958634858828,0.0001313455884751279,241.40403274958445,245.6096848334359,0.0,0.48467928993880055
29.404435636870538,75864.62549874134,281.30829453714676,206.71020085733073,2.078216289436203,3.502409661430015e-05,288.22119800618856,0.9760152843827491,0.6777631217491918,1.3569699349930187,0.0006840311911502378,0.000131425617961686,241.84395773895451,246.09286956989135,0.0,0.48482692614205736
29.554458267670896,75822.3151934493,282.7440094966512,206.79283779840893,2.0924536161450584,3.5249945776328565e-05,288.27880362536,0.9808005512056248,0.6797549828891792,1.3569699349930187,0.0006975311887743785,0.00013150705026543155,242.28613460157177,246.57852750489917,0.0,0.48497710409215755
29.704480898471257,75779.7894985015,284.1797233450678,206.87589651591514,2.106856104082472,3.547832340522423e-05,288.33669166480183,0.985582936754485,0.6817708106139173,1.3569699349930187,0.0007113013274975675,0.00013158990818079976,242.73056327577032,247.06665856735947,0.0,0.4851298634465079
29.854503529271614,75737.04841408736,285.61543577747454,206.95937702618804,2.1214257363764393,3.570925843898972e-05,288.39486196583164,0.9903624282020448,0.6838105539434881,1.3569699349930187,0.0007253471912081109,0.000131674214892713,243.17724369630724,247.55726268216327,0.0,0.48528524449137556
30.004526160071975,75694.09194044289,287.05114648061505,207.04327934556068,2.1361645239720164,3.5942780205788047e-05,288.45331436906196,0.9951390127323935,0.6858741616607218,1.3569699349930187,0.0007396744788557384,0.00013175999398545965,243.62617579425483,248.05033977007187,0.0,0.4854432881550961
30.154548790872337,75650.92007785142,288.48685513280134,207.1276034903586,2.1510745060356355,3.617891842935773e-05,288.5120487144016,0.999912677540808,0.687961582311822,1.3569699349930187,0.0007542890068124447,0.00013184726944773348,244.07735949692065,248.54588974762737,0.0,0.48560403601409907
30.304571421672694,75607.53282664524,289.92256140371626,207.21234947689712,2.166157750365617,3.641770323450686e-05,288.57106484105583,1.0046834098332236,0.6900727642068346,1.3569699349930187,0.0007691967112813142,0.00013193606568114377,244.5307947277401,249.04391252703272,0.0,0.4857675303052233
30.454594052473055,75563.93018720706,291.35826495419093,207.29751732147804,2.1814163538090474,3.665916515268868e-05,288.6303625875264,1.009451196825619,0.6922076554200625,1.3569699349930187,0.0007844036507547945,0.0001320264075095584,244.98648140616066,249.54440801602226,0.0,0.485933813939449
30.604616683273417,75520.11215997102,292.7939654360671,207.38310704038807,2.1968524426854454,3.690333512766474e-05,288.6899417916129,1.0142160257436907,0.6943662037905938,1.3569699349930187,0.0007999160085243064,0.00013211832018566045,245.44441944754809,250.0473761177569,0.0,0.48610293051038317
30.754639314073774,75476.07874542402,294.2296624920266,207.46911864989588,2.2124681732169003,3.715024452125054e-05,288.7498022904126,1.0189778838224193,0.696548356922772,1.3569699349930187,0.0008157400952413104,0.00013221182939864614,245.9046087630816,250.5528167307068,0.0,0.48627492430472746
30.904661944874135,75431.82994410748,295.6653557553607,207.5555521662489,2.2282657319648598,3.739992511914582e-05,288.80994392032113,1.0237367583054233,0.6987540621865538,1.3569699349930187,0.0008318823515306527,0.0001323069612839875,246.36704925963173,251.06072974851497,0.0,0.4864498403164219
31.054684575674496,75387.3657566186,297.10104484976915,207.64240760567077,2.24424733627393,3.7652409136854975e-05,288.87036651703244,1.028492636444422,0.7009832667179003,1.3569699349930187,0.0008483493506580054,0.00013240374243222533,246.83174083964502,251.57111505986828,0.0,0.48662772425887135
31.204707206474854,75342.68618361153,298.53672938922455,207.72968498435918,2.2604152347227187,3.79077292256977e-05,288.93106991554004,1.0332455054989151,0.7032359174192557,1.3569699349930187,0.0008651478012527712,0.0001325021998956604,247.29868340104463,252.0839725483863,0.0,0.48680862257317914
31.354729837275215,75297.7912257991,299.9724089777384,207.81738431848214,2.2767717075814655,3.8165918478905296e-05,288.9920539501365,1.037995352735534,0.7055119609598586,1.3569699349930187,0.000882284550086215,0.00013260236119837365,247.7678768371024,252.59930209247844,0.0,0.486992582442365
31.504752468075576,75252.68088395466,301.4080832091012,207.90550562417482,2.2933190672769665,3.8427010437810355e-05,289.0533184544137,1.0427421654272961,0.7078113437759882,1.3569699349930187,0.0008997665849065835,0.00013270425434708794,248.23932103630264,253.11710356519148,0.0,0.4871796518069828
31.654775098875934,75207.35515891286,302.84375166676466,207.99404891753775,2.3100596588650975,3.8691039098134126e-05,289.11486326126413,1.0474859308533513,0.7101340120714297,1.3569699349930187,0.0009176010373338173,0.00013280790783748474,248.71301588224355,253.6373768340994,0.0,0.48736987937224563
31.804797729676295,75161.8140515717,304.2794139235983,208.08301421463298,2.3269958605103502,3.8958038916362e-05,289.17668820288,1.0522266362982988,0.7124799118177206,1.3569699349930187,0.0009357951858126948,0.00013291335066465835,249.1889612535017,254.16012176115194,0.0,0.48756331462260255
31.954820360476653,75116.05756289433,305.7150695416174,208.17240153148038,2.3441300839729746,3.922804481621579e-05,289.2387931107537,1.0569642690514018,0.7148489887543251,1.3569699349930187,0.0009543564586264706,0.00013302061233456773,249.66715702348702,254.6853382025124,0.0,0.487760007837985
32.10484299127702,75070.0856939103,307.15071807181437,208.26221088405535,2.3614647751040554,3.9501092195227974e-05,289.3011778156782,1.0616988164061627,0.7172411883889683,1.3569699349930187,0.0009732924369734745,0.00013312972287218426,250.14760306032545,255.2130260084266,0.0,0.4879600101038309
32.254865622077375,75023.89844571712,308.58635905394954,208.35244228828566,2.3790024143481983,3.977721693141173e-05,289.3638421477474,1.0664302656597546,0.7196564559978861,1.3569699349930187,0.0009926108581065764,0.00013324071283102282,250.6302992267281,255.74318502307625,0.0,0.48816337332348475
32.40488825287773,74977.49581948247,310.0219920162685,208.44309576004727,2.3967455172539793,4.0056455390029347e-05,289.42678593635554,1.0711586041122048,0.7220947366259287,1.3569699349930187,0.0010123196185364911,0.00013335361330513282,251.1152453798379,256.2758150844079,0.0,0.4883701502349352
32.5549108836781,74930.87781644582,311.45761647525626,208.53417131516107,2.4146966349925996,4.033884443046506e-05,289.4900090101973,1.0758838190657045,0.7245559750867081,1.3569699349930187,0.0010324267773012858,0.0001334684559399401,251.6024413710847,256.81091602397066,0.0,0.4885803944252654
32.704933514478455,74884.0444379197,312.89323193547074,208.62566896939032,2.432858354884856,4.0624421413203774e-05,289.5535111972687,1.0806058978241886,0.7270401159628669,1.3569699349930187,0.0010529405593038557,0.00013358527294062318,252.09188704606174,257.34848766677834,0.0,0.48879416034040896
32.85495614527881,74836.99568529196,314.32883788925574,208.71758873843638,2.451233300936102,4.091322420690998e-05,289.6172923248661,1.085324827692507,0.7295471036061189,1.3569699349930187,0.0010738693587167595,0.00013370409708445225,252.5835822443653,257.88852983112974,0.0,0.4890115033019772
33.00497877607917,74789.73156002791,315.76443381642355,208.80993063793446,2.469824134379633,4.1205291195613354e-05,289.6813522195863,1.0900405959754895,0.7320768821372071,1.3569699349930187,0.0010952217424566465,0.00013382496173413967,253.07752679942342,258.4310423284178,0.0,0.48923247952573506
33.155001406879535,74742.25206363288,317.2000196421488,208.90269468352673,2.4886335542444415,4.150066128625065e-05,289.74569070737897,1.0947531915582365,0.7346293963063836,1.3569699349930187,0.0011170064582722485,0.00013394790084602393,253.57372066745916,258.9760251076795,0.0,0.48945714613042685
33.30502403767989,74694.55719781389,318.63559340564024,208.99588089054663,2.5076642978526102,4.179937391507624e-05,289.81030761333074,1.0994625968610083,0.7372045871147281,1.3569699349930187,0.0011392324152552013,0.00013407294898208093,254.07216327040325,259.52347751908235,0.0,0.4896855611534024
33.45504666848025,74646.6469642941,320.0711554568636,209.08948927438107,2.526919141462807,4.2101469056339846e-05,289.8752027619186,1.104168802323342,0.7386659832565305,1.3569699349930187,0.0011601239115760372,0.00013420014132508316,254.57285467697764,260.0733996377984,0.0,0.4899177835717741
33.605069299280615,74598.52136440796,321.5067128560395,209.18351985126168,2.546400901015249,4.240698723252464e-05,289.94037597756073,1.108871821566934,0.7371610170985812,1.3569699349930187,0.0011766460025679484,0.0001343295136910725,255.07579687419445,260.62579368917665,0.0,0.4901538733184372
33.75509193008097,74550.18039862526,322.9422677676061,209.27797263919484,2.566112432922064,4.2715969525261594e-05,290.0058270852627,1.1135716513470606,0.7356570715689407,1.3569699349930187,0.0011933873134788316,0.00013446110254404728,255.58099048293843,261.18066036701117,0.0,0.49039389130189903
33.90511456088133,74501.62406735058,324.37781954110454,209.37284765639964,2.5860566343500935,4.3028457578256077e-05,290.07155590953624,1.1182682787493556,0.7341541508002062,1.3569699349930187,0.00121035088102356,0.00013459494500650356,256.08843532456285,261.7379994688472,0.0,0.4906378994183051
34.055137191681695,74452.85237107213,325.8133679440311,209.46814492101714,2.606236443769297,4.334449360435724e-05,290.13756227420026,1.122961692344112,0.7326522584498842,1.3569699349930187,0.0012275397884440244,0.00013473107887207892,256.59813133794347,262.29781092397457,0.0,0.49088596056706557
34.20515982248205,74403.86531031325,327.24891273933173,209.56386445120512,2.626654841590657,4.366412039400123e-05,290.20384600244904,1.1276518807285898,0.7311513981668513,1.3569699349930187,0.0012449571638396856,0.00013486954261640108,257.1100784594654,262.8600946588891,0.0,0.4911381386629652
34.35518245328241,74354.66288563318,328.68445368532457,209.66000626513656,2.6473148507941207,4.398738132346754e-05,290.2704069168533,1.1323388325268542,0.7296515735914066,1.3569699349930187,0.0012626061808291838,0.00013501037541240672,257.6242766229693,263.4248505972328,0.0,0.49139449865616375
34.505205084082775,74305.24509762794,330.1199905356147,209.756570380998,2.6682195375664275,4.43143203632594e-05,290.3372448393617,1.137022536389584,0.7281527883553331,1.3569699349930187,0.0012804900592218917,0.00013515361714688657,258.1407257596958,263.9920786597314,0.0,0.4916551065541525
34.65522771488313,74255.6119469307,331.55552303905574,209.85355681698863,2.6893720119492928,4.4644982086614826e-05,290.40435959130247,1.141702980994042,0.7266550460819066,1.3569699349930187,0.0012986120657000192,0.00013529930843062378,258.65942579824303,264.5617787641471,0.0,0.4919200294317731
34.80525034568349,74205.76343421268,332.9910509396705,209.95096559131878,2.710775428497774,4.497941167814512e-05,290.47175099338494,1.1463801550439026,0.7251583503859512,1.3569699349930187,0.0013169755145107675,0.00013544749061446265,259.18037666451136,265.13395082521674,0.0,0.4921893354517512
34.955272976483855,74155.69956018399,334.4265739765634,210.04879672220815,2.7324329869490622,4.531765494260396e-05,290.5394188657006,1.1510540472690534,0.7236627048739029,1.3569699349930187,0.0013355837681688983,0.00013559820580683174,259.7035782816449,265.70859475458644,0.0,0.4924630938875706
35.10529560728421,74105.42032559418,335.86209188386624,210.1470502278847,2.7543479329021103,4.565975831379286e-05,290.60736302772483,1.155724646425507,0.7221681131438378,1.3569699349930187,0.001354440238170242,0.00013575149688659004,260.2290305699829,266.2857104607573,0.0,0.4927413751375401
35.25531823808457,74054.925731233,337.2976043906713,210.24572612658335,2.776523558508001,4.600576886360079e-05,290.6755832983184,1.1603919412952723,0.7206745787855129,1.3569699349930187,0.0013735483857158976,0.0001359074075179318,260.7567334470067,266.86529784902586,0.0,0.4930242507422966
35.405340868884934,74004.21577793131,338.7331112209417,210.3448244365439,2.7989632031712373,4.6355734311180315e-05,290.74407949572844,1.165055920686145,0.7191821053804336,1.3569699349930187,0.001392911722447242,0.00013606598216881865,261.2866868272785,267.44735682141624,0.0,0.49331179340838455
35.55536349968529,73953.29046656181,340.16861209343347,210.4443451760099,2.821670254262394,4.670970303226628e-05,290.8128514375904,1.1697165734315391,0.7176906965019075,1.3569699349930187,0.0014125338111922257,0.00013622726612779623,261.81889062238434,268.0318872766156,0.0,0.49360407702856013
35.70538613048565,73902.14979803968,341.60410672164386,210.54428836322728,2.8446481478420695,4.706772406863543e-05,290.8818989409289,1.1743738883904062,0.71620035571507,1.3569699349930187,0.0014324182667231002,0.00013639130551740077,262.3533447408833,268.6188891099181,0.0,0.4939011766955734
35.855408761286014,73850.79377332346,343.0395948137211,210.6446540164426,2.8679003693964025,4.742984713771047e-05,290.95122182215977,1.1790278544470238,0.7147110865769524,1.3569699349930187,0.0014525687565254035,0.00013655814731323892,262.89004908824535,269.2083622131551,0.0,0.4942031687258834
36.00543139208637,73799.22239341609,344.4750760723661,210.74544215390108,2.8914304545842446,4.7796122642309246e-05,291.0208198970905,1.183678460510756,0.7132228926365581,1.3569699349930187,0.0014729890015784868,0.00013672783936455294,263.4290035667849,269.8003064746208,0.0,0.49451013068567873
36.15545402288673,73747.4356593653,345.91055019478773,210.84665279384578,2.9152419899965456,4.816660168054703e-05,291.0906929809226,1.1883256955159947,0.7117357774348817,1.3569699349930187,0.0014936827771483414,0.0001369004304071789,263.97020807561165,270.3947217790175,0.0,0.4948221414027525
36.305476653687094,73695.43357226471,347.34601687261113,210.94828595451557,2.9393386139276467,4.854133605588633e-05,291.1608408882522,1.192969548421942,0.7102497445049786,1.3569699349930187,0.0015146539135920194,0.0001370759700836159,264.51366251056527,270.9916080073825,0.0,0.49513928099086146
36.45549928448745,73643.21613325474,348.78147579177573,211.0503416541432,2.963724017158933,4.8920378287340654e-05,291.2312634330719,1.1976100082123549,0.7087647973720465,1.3569699349930187,0.0015359062971741836,0.00013725450896485646,265.0593667641464,271.59096503701096,0.0,0.4954616308768496
36.60552191528781,73590.78334352329,350.21692663247313,211.15281991095412,2.9884019437551887,4.930378161983674e-05,291.30196042877145,1.2022470638954297,0.7072809395534625,1.3569699349930187,0.0015574438708963537,0.00013743609856665593,265.60732072545966,272.1927927413923,0.0,0.4957892738173017
36.75554454608817,73538.13520430657,351.65236906906944,211.25572074316463,3.0133761918736206,4.969160003473394e-05,291.37293168814,1.2068807045036265,0.7057981745588395,1.3569699349930187,0.0015792706353385713,0.00013762079136831804,266.15752428015145,272.7970909901404,0.0,0.4961222939193242
36.90556717688853,73485.27171689023,353.08780277000074,211.35904416897995,3.0386506145857863,5.008388826050373e-05,291.4441770233666,1.211510919093408,0.7043165058901095,1.3569699349930187,0.001601390649513602,0.00013780864083571311,266.70997731033765,273.4038596489132,0.0,0.49646077666850985
37.05558980768889,73432.19288261015,354.52322739768385,211.46279020659262,3.0642291207127923,5.048070178357411e-05,291.5156962460416,1.2161376967450266,0.7028359370415915,1.3569699349930187,0.0016238080317342168,0.00013799970144238609,267.2646796945364,274.01309857933734,0.0,0.4968048089529862
37.20561243848925,73378.89870285313,355.95864260845576,211.56695887418093,3.090115675673946,5.088209685934099e-05,291.5874891671586,1.2207610265624087,0.7013564715000292,1.3569699349930187,0.0016465269604938177,0.00013819402868666032,267.82163130760904,274.624807638942,0.0,0.4971544790797819
37.35563506928961,73325.38917905802,357.3940480524692,211.6715501899069,3.1163143023488766,5.1288130523346045e-05,291.6595555971149,1.2253808976728913,0.6998781127446748,1.3569699349930187,0.0016695516753600348,0.00013839167911553922,268.3808320206861,275.2389866810764,0.0,0.4975098768029536
37.50565770008997,73271.66431271686,358.82944337357856,211.77656417191406,3.1428290819535207,5.16988606026263e-05,291.7318953457128,1.2299972992269246,0.6984008642473841,1.3569699349930187,0.0016928864778817828,0.00013859271035041395,268.9422817010896,275.85563555482304,0.0,0.49787109335443347
37.65568033089033,73217.72410537535,360.2648282092887,211.8820008383265,3.1696641549304188,5.211434572724135e-05,291.8045082221617,1.234610220397985,0.6969247294726448,1.3569699349930187,0.0017165357325106007,0.00013879718110373503,269.5059802122753,276.4747541049327,0.0,0.498238221458109
37.80570296169069,73163.56855863404,361.70020219064804,211.98786020724657,3.1968237218531073,5.253464534197432e-05,291.8773940350785,1.2392196503823043,0.6954497118776627,1.3569699349930187,0.0017405038675354378,0.00013900515120422415,270.071927413756,277.0963421717391,0.0,0.49861135535872775
37.95572559249105,73109.19767414955,363.1355649421306,212.09414229675232,3.2243120443448983,5.295981971820995e-05,291.95055259248886,1.2438255783985563,0.693975814912462,1.3569699349930187,0.0017647953760314343,0.0001392166816242285,270.64012316101935,277.72039959106706,0.0,0.49899059085406905
38.10574822329141,73054.61145362431,364.5709162181549,212.20084712491777,3.252133446018473,5.338992996608837e-05,292.0239837018433,1.2484279941553775,0.6925030418702792,1.3569699349930187,0.0017894148177806358,0.00013943183450054676,271.21056734970097,278.346926243745,0.0,0.4993760253148218
38.25577085409177,72999.80989887884,366.00625426410494,212.30797470967156,3.2802923133881148,5.382503804618907e-05,292.09768716992284,1.253026882240211,0.692,1.3569699349930187,0.0018169099636461343,0.00013965067315767712,271.78325938360905,278.9759214593122,0.0,0.49976775770823134
38.40579348489213,72944.79301222913,367.44157470319124,212.4155250680592,3.3087930966368133,5.426520677892825e-05,292.17166280233386,1.2576222183182104,0.692,1.3569699349930187,0.001846163231726049,0.00013987326213352167,272.3581978011862,279.60738359739605,0.0,0.5001658886255401
38.55581611569249,72889.56079643185,368.8768759736772,212.52349821635002,3.337640310615735,5.471049985750276e-05,292.2459104035853,1.2622139877484213,0.692,1.3569699349930187,0.0018758823312767876,0.00014009966720631036,272.93538203984303,280.2413120254028,0.0,0.5005705203109733
38.70583874649285,72834.11325441627,370.3121580346528,212.6318941705613,3.3668385359735225,5.5160981862786585e-05,292.32042977745203,1.2668021811427173,0.692,1.3569699349930187,0.0019060749672999157,0.00014032995541873758,273.51481202885503,280.87770666211765,0.0,0.5009817566850904
38.85586137729321,72778.45038909654,371.7474201740312,212.7407129468252,3.3963924202655313,5.561671827786161e-05,292.39522072722946,1.2713867868614313,0.692,1.3569699349930187,0.0019367489702649852,0.00014056419510961,274.09648747585345,281.5165671778632,0.0,0.5013997033808834
39.00588400809357,72722.57220350779,373.1826617747105,212.84995456112267,3.4263066789102634,5.607777550013819e-05,292.47028305555386,1.2759677936367488,0.692,1.3569699349930187,0.001967912306069942,0.00014080245594503123,274.68040811616436,282.15789327402445,0.0,0.5018244677783149
39.15590663889393,72666.47870077814,374.6178822078144,212.95961902933817,3.456586096247739,5.654422085499726e-05,292.5456165644418,1.2805451902072638,0.692,1.3569699349930187,0.0019995730773446105,0.00014104480894020643,275.26657367795593,282.80168464397457,0.0,0.502256159021411
39.30592926969429,72610.16988413098,376.053080832461,213.0697063672552,3.487235526598986,5.701612260939618e-05,292.6212210552902,1.2851189653173052,0.692,1.3569699349930187,0.0020317395258589283,0.0001412913264912696,275.85498388208197,283.4479409728999,0.0,0.5026948880525022
39.45595190049465,72553.64575688714,377.48825699550514,213.18021659055208,3.518259895342625,5.749354998568398e-05,292.69709632887617,1.28968910771618,0.692,1.3569699349930187,0.0020644200349742067,0.00014154208240971993,276.44563844191475,284.0966619376133,0.0,0.5031407676503173
39.60597453129501,72496.90632246615,378.9234100313809,213.29114971479942,3.549664200009425,5.797657317563854e-05,292.7732421853575,1.2942556061577544,0.692,1.3569699349930187,0.002097623132139901,0.00014179715194900395,277.0385370632118,284.74784720640486,0.0,0.5035939124532991
39.75599716209537,72439.95158438811,380.35853926190305,213.40250575545656,3.581453511394125,5.846526335471353e-05,292.8496584242731,1.2988184493998942,0.692,1.3569699349930187,0.0021313574914346664,0.00014205661183487898,277.63367944396583,285.40149643887446,0.0,0.5040544389888503
39.90601979289573,72382.78154627612,381.7936439960017,213.51428472786662,3.6136329746849407,5.895969269650072e-05,292.9263448445424,1.303377626203685,0.692,1.3569699349930187,0.0021656319361522533,0.00014232054030190443,278.23106527423005,286.05760928573625,0.0,0.504522465712616
40.05604242369609,72325.39621185804,383.2287235294939,213.62648664725322,3.646207810611762,5.945993438742188e-05,293.0033012444655,1.3079331253327735,0.692,1.3569699349930187,0.0022004554414345764,0.0001425890171272857,278.83069423595487,286.716185388636,0.0,0.5049981130421655
40.20606505449645,72267.79558496799,384.66377714492705,213.7391115287175,3.67918331661303,5.996606264164888e-05,293.08052742172384,1.3124849355529542,0.692,1.3569699349930187,0.0022358371369531026,0.00014286212365921362,279.4325660028481,287.37722437999525,0.0,0.5054815033800328
40.35608768529681,72209.97966954882,386.0988041113118,213.8521593872332,3.71256486802091,6.047815271624508e-05,293.15802317337966,1.317033045631383,0.692,1.3569699349930187,0.002271786309636926,0.00014313994285500785,280.0366802401942,288.0407258828085,0.0,0.5059727611532163
40.506110316097164,72151.94846965453,387.5338036838278,213.96563023764205,3.7463579192658023,6.099628092654283e-05,293.23578829587547,1.3215774443357011,0.692,1.3569699349930187,0.0023083124064497227,0.0001434225593219598,280.6430366046622,288.70668951042916,0.0,0.5064720128564535
40.65613294689753,72093.70198945132,388.9687751036899,214.07952409465148,3.7805680051010166,6.152052466176838e-05,293.313822585035,1.3261181204336985,0.692,1.3569699349930187,0.0023454250372189826,0.00014371005934543052,281.25163474416945,289.3751148664166,0.0,0.5069793870719754
40.806155577697886,72035.24023322045,390.4037175978723,214.1938409728293,3.815200741846353,6.205096240089387e-05,293.3921258360625,1.3306550626925022,0.692,1.3569699349930187,0.002383133977514016,0.0001440025309293168,281.8624742976916,290.0460015443242,0.0,0.5074950145101245
40.956178208498244,71976.56320536054,391.8386303788016,214.308580886599,3.8502618286521493,6.258767372873902e-05,293.47069784354204,1.3351882598776605,0.692,1.3569699349930187,0.0024214491715755728,0.00014430006383971637,282.4755548950609,290.7193491274735,0.0,0.5080190280545213
41.10620083929861,71917.67091038784,393.273512661799,214.42374385023928,3.885757048784986,6.313073935233948e-05,293.5495384014399,1.3397177008126744,0.692,1.3569699349930187,0.0024603807355209804,0.00014460274815164832,283.09087616296375,291.39515719567737,0.0,0.5085515601737941
41.256223470098966,71858.5633529422,394.7083636015208,214.53932987787218,3.921692270930865,6.36802411175165e-05,293.6286473030994,1.3442433741626083,0.692,1.3569699349930187,0.002499938959591421,0.00014491067962928798,283.70843770267163,292.07342530027904,0.0,0.5090927523525053
41.406246100899324,71799.24053779177,396.143182325439,214.65747457683585,3.9580734421550186,6.423562281350796e-05,293.70948537955985,1.3487585592052105,0.692,1.3569699349930187,0.00254010903487533,0.00014522395693473026,284.3303746948043,292.7562885702929,0.0,0.509642750122465
41.55626873169969,71739.70246979692,397.57796848116703,214.82047965318523,3.9949022427795455,6.47841225647867e-05,293.8209817336277,1.3531299437342543,0.692,1.3569699349930187,0.00258038940113593,0.0001455426353196865,284.9989885978797,293.486048434301,0.0,0.5102016218491741
41.706291362500046,71679.94915387638,399.01272165146133,214.98407707743436,4.032180951430276,6.533890100863426e-05,293.9328407325902,1.3574962248416098,0.692,1.3569699349930187,0.0026213038062235213,0.0001458667759645533,285.67001111010325,294.218436557577,0.0,0.5107694455187537
41.856313993300404,71619.98059504088,400.447440947057,215.14826686881577,4.069915494093519,6.590003518757764e-05,294.04506197572385,1.361857391028446,0.692,1.3569699349930187,0.002662862487051986,0.00014619648056064902,286.3434418084347,294.9534524635942,0.0,0.5113463691503201
42.00633662410077,71559.79679843692,401.8821255094986,215.3130490463095,4.108111880885892,6.646760316572688e-05,294.1576450614049,1.3662134309839422,0.692,1.3569699349930187,0.0027050758500059184,0.00014653184884575216,287.0192802760473,295.6910956828215,0.0,0.5119325362031895
42.156359254901126,71499.39776934044,403.31677446495024,215.4784236286602,4.146776207298235,6.704168404283963e-05,294.2705895871278,1.370564333428013,0.692,1.3569699349930187,0.0027479544731703848,0.00014687298253143144,287.6975260859994,296.4313657344181,0.0,0.5125280924292834
42.306381885701484,71438.78351315967,404.75138692390476,215.64439063436984,4.185914655452798,6.762235796850084e-05,294.3838951495067,1.3749100871103919,0.692,1.3569699349930187,0.0027915091091931044,0.00014721998535016127,288.3781788010252,297.1742621259996,0.0,0.5131331859156794
42.45640451650185,71377.95403543786,406.18596198086055,215.81095008168947,4.225533495379395,6.820970615650016e-05,294.4975613442766,1.3792506808096003,0.692,1.3569699349930187,0.0028357506881938814,0.00014757296310588132,289.06123797330997,297.91978435338757,0.0,0.5137479671318007
42.606427147302206,71316.9093418551,407.62049871412466,215.97810198861475,4.265639086311666,6.880381089942322e-05,294.6115877662968,1.3835861033323413,0.692,1.3569699349930187,0.002880690320724857,0.00014793202371478115,289.7467031443132,298.6679319004115,0.0,0.5143725889581878
42.756449778102564,71255.64943823077,409.05499618556445,216.14584637287896,4.306237878002522,6.940475558344075e-05,294.72597400955283,1.387916343512723,0.692,1.3569699349930187,0.002926339300779204,0.00014829727725116436,290.4345738445684,299.4187042386851,0.0,0.5150072067227566
42.90647240890293,71194.17433052651,410.48945344027476,216.314183251945,4.347336412059281,7.001262470330225e-05,294.84071966715766,1.3922413902112016,0.692,1.3569699349930187,0.0029727091088487118,0.00014866883600120928,291.1248495934493,300.1721008273457,0.0,0.5156519782493285
43.056495039703286,71132.48402484867,411.9238695062932,216.48311264299844,4.388941323299302,7.062750387754388e-05,294.9558243313537,1.3965612323136818,0.692,1.3569699349930187,0.003019811415033169,0.00014904681451352912,291.8175298989525,300.9281211128108,0.0,0.5163070638990637
43.206517670503644,71070.57852745024,413.3582433944056,216.6526345629425,4.431059341126748,7.124947986391901e-05,295.0712875935159,1.4008758587309227,0.692,1.3569699349930187,0.003067658082203358,0.00014943132964312665,292.5126142575125,301.686764528572,0.0,0.5169726265989207
43.35654030130401,71008.457844734,414.79257409781087,216.82274902838896,4.47369729092916,7.187864057502958e-05,295.1871090441523,1.4051852583974753,0.692,1.3569699349930187,0.003116261169214068,0.00014982250060789753,293.2101021537599,302.4480304949245,0.0,0.5176488318903107
43.506562932104366,70946.12198325574,416.22686059175624,216.99345605564986,4.516862095495522,7.251507509418198e-05,295.303288272905,1.409489420270524,0.692,1.3569699349930187,0.0031656329341703806,0.00015022044904869952,293.90999306026663,303.21191841868284,0.0,0.5183358479822165
43.65658556290472,70883.5709497256,417.6611018333703,217.16475566073328,4.560560776456803,7.315887369148006e-05,295.41982486855403,1.41378833332938,0.692,1.3569699349930187,0.0032157858377520132,0.00015062529907368518,294.6122864373657,303.9784276929794,0.0,0.5190338457754317
43.80660819370509,70820.80475101164,419.09529676131973,217.33664785933388,4.604800455747166,7.381012784012705e-05,295.53671841901746,1.4180819865744012,0.692,1.3569699349930187,0.003266732546589662,0.00015103717731846498,295.3169817328993,304.7475576969829,0.0,0.5197429989124501
43.956630824505446,70757.82339414311,420.52944429542765,217.5091326668237,4.649588357087323,7.446893023295595e-05,295.65396851135193,1.422370369025779,0.692,1.3569699349930187,0.0033184859366969122,0.00015145621301048418,296.0240783819498,305.5193077955981,0.0,0.5204634838327639
44.1066534553058,70694.62688631231,421.9635433364423,217.68221009824708,4.694931807491586,7.513537479921031e-05,295.771574731756,1.4266534697228208,0.692,1.3569699349930187,0.003371059096962416,0.00015188253802191654,296.73357580662844,306.2936773392298,0.0,0.5211954798065188
44.25667608610616,70631.21523487775,423.39759276574296,217.85588016831204,4.740838238796814,7.580955672154627e-05,295.88953666557063,1.430931277723039,0.692,1.3569699349930187,0.003424465332698629,0.0001523162869287869,297.44547341583535,307.0706656635146,0.0,0.5219391689770423
44.406698716906526,70567.5884473675,424.8315914449477,218.030142891381,4.787315189214508,7.649157245327285e-05,296.0078538972799,1.4352037821009032,0.692,1.3569699349930187,0.0034787181692479715,0.00015275759707959638,298.15977060497926,307.8502720890078,0.0,0.5226947364176978
44.55672134770688,70503.74653148219,426.2655382155779,218.2049982814625,4.834370304906701,7.718151973583834e-05,296.126526010512,1.4394709719467893,0.692,1.3569699349930187,0.0035338313556500093,0.0001532066086602694,298.876466755717,308.63249592089255,0.0,0.5234623701803492
44.70674397850724,70439.68949509713,427.69943189882804,218.38044635220547,4.882011341586437,7.7879497616572e-05,296.2455525880418,1.443732836366275,0.692,1.3569699349930187,0.003589818868371821,0.00015366346475148012,299.59556123573293,309.4173364487333,0.0,0.524242261328734
44.856766609307606,70375.41734626621,429.13327129517063,218.55648711688835,4.930246166141354,7.858560646665799e-05,296.3649332117907,1.447989364478894,0.692,1.3569699349930187,0.0036466949150968896,0.00015412831140102,300.31705339844865,310.2047929461517,0.0,0.5250346039954409
45.00678924010796,70310.9300932255,430.5670551839257,218.7331205884092,4.979082758282001,7.92999479993629e-05,296.48466746282605,1.452240545416775,0.692,1.3569699349930187,0.0037044739385763124,0.0001546012977005557,301.0409425827172,310.994864670485,0.0,0.5258395954440733
45.15681187090832,70246.22774439497,432.0007823230642,218.91034677928104,5.028529212216806,8.002262528854379e-05,296.60475492136504,1.456486368324051,0.692,1.3569699349930187,0.0037631706205491023,0.00015508257584389383,301.767228112609,311.7875508625465,0.0,0.5266574360976157
45.306834501708686,70181.31030838267,433.4344514488027,219.0881657016204,5.078593738350585,8.07537427873882e-05,296.72519516677374,1.4607268223555867,0.692,1.3569699349930187,0.0038227998857227486,0.0001555723012042408,302.4959092971089,312.58285074628753,0.0,0.5274883295968592
45.45685713250904,70116.17779398848,434.868061275153,219.2665773671367,5.129284665009067,8.149340634742117e-05,296.8459877775664,1.4649618966755575,0.692,1.3569699349930187,0.003883376905819139,0.00015607063241664646,303.2269854297939,313.38076352843774,0.0,0.5283324828651171
45.6068797633094,70050.83021020652,436.3016104936498,219.44558178712595,5.180610440190897,8.224172323779818e-05,296.96713233140787,1.4691915804566147,0.692,1.3569699349930187,0.003944917103691618,0.00015657773144697032,303.9604557885809,314.18128839822236,0.0,0.5291901061475475
45.756902394109765,69985.26756622856,437.7350977730033,219.62517897246116,5.23257963334535,8.299880216485613e-05,297.08862840511426,1.473415862878809,0.692,1.3569699349930187,0.004007436157508438,0.0001570937636685122,304.6963196354394,314.9844245270423,0.0,0.5300614130609679
45.90692502491012,69919.48987144834,439.1685217586361,219.80536893358044,5.285200937176367,8.376475329192929e-05,297.2104755746512,1.4776347331281359,0.692,1.3569699349930187,0.004070950005002946,0.00015761889795010977,305.43457621605467,315.7901710680969,0.0,0.5309466206603736
46.05694765571048,69853.49713546476,440.60188107228856,219.98615168047843,5.338483169475046,8.4539688259459e-05,297.332673415135,1.4818481803953027,0.692,1.3569699349930187,0.004135474847796131,0.00015815330674003866,306.1752247595173,316.5985271560381,0.0,0.5318459494955515
46.206970286510845,69787.28936808459,442.03517431174635,220.16752722269842,5.39243527498015,8.532372020538879e-05,297.45522150083394,1.4860561938749057,0.692,1.3569699349930187,0.004201027155793196,0.00015869716614114993,306.9182644780583,317.40949190667357,0.0,0.5327596236501584
46.3569929173112,69720.86657932702,443.4684000503744,220.34949556932023,5.447066327265707,8.611696378582887e-05,297.5781194051671,1.4902587627639736,0.692,1.3569699349930187,0.004267623671648497,0.00015925065600407715,307.663694566702,318.22306441657963,0.0,0.5336878708083553
46.50701554811156,69654.22877942785,444.9015568366095,220.53205672894842,5.5023855306573966,8.691953519601278e-05,297.701366700703,1.4944558762603724,0.692,1.3569699349930187,0.004335281415303539,0.00015981396002587514,308.4115142028993,319.03924376269134,0.0,0.5346309223274471
46.657038178911925,69587.37597884159,446.3346431937284,220.71521070970658,5.558402222179825,8.773155219157426e-05,297.82496295916235,1.4986475235621188,0.692,1.3569699349930187,0.004404017688606622,0.00016038726582694404,309.16172254627196,319.8580290020167,0.0,0.5355890132710314
46.80706080971228,69520.30818824632,447.7676576193689,220.89895751922396,5.615125873531292,8.855313411009262e-05,297.9489077514161,1.5028336938658933,0.692,1.3569699349930187,0.004473850080002614,0.00016097076505079255,309.91431873825013,320.6794191712317,0.0,0.536562382477318
46.95708344051264,69453.02541854818,449.20059858499957,221.083297164623,5.672566093088631,8.938440189294183e-05,298.07320064748365,1.5070143763653774,0.692,1.3569699349930187,0.004544796469299148,0.00016156465347020557,310.66930190168586,321.5034132862489,0.0,0.5375512726347503
47.107106071313005,69385.5276808841,450.63346453559814,221.2682296525118,5.730732627944258,9.022547810747199e-05,298.1978412165347,1.5111895602502807,0.692,1.3569699349930187,0.00461687503251694,0.00016216913107762113,311.42667114055143,322.33001034188004,0.0,0.5385559303278749
47.25712870211336,69317.814986626,452.06625388924164,221.45375498897272,5.789635365972852,9.107648696948315e-05,298.32282902688826,1.5153592347050862,0.692,1.3569699349930187,0.004690104246817505,0.00016278440218496658,312.1864255395959,323.15920931145257,0.0,0.5395766060955994
47.40715133291372,69249.88734738568,453.49896503656015,221.63987317954877,5.849284337928901,9.193755436600712e-05,298.4481636460102,1.5195233889073478,0.692,1.3569699349930187,0.004764502895508935,0.0001634106755373746,312.9485641639418,323.99100914635875,0.0,0.540613554508892
47.557173963714085,69181.74477501871,454.9315963402719,221.82658422923288,5.909689719576935,9.280880787842095e-05,298.5738446405131,1.5236820120262564,0.692,1.3569699349930187,0.004840090073136409,0.0001640481644221507,313.7130860587124,324.82540877563986,0.0,0.5416670342368015
47.70719659451444,69113.3872816276,456.36414613486073,222.01388814245914,5.970861833854901,9.369037680589625e-05,298.69987157615685,1.5278350932216775,0.692,1.3569699349930187,0.004916885190660226,0.0001646970867677066,314.4799902487166,325.6624071056335,0.0,0.5427373080921389
47.8572192253148,69044.81487956707,457.7966127260278,222.20178492308824,6.032811153068501,9.45823921891501e-05,298.8262440178461,1.5319826216424548,0.692,1.3569699349930187,0.004994907980712929,0.00016535766526425353,315.2492757380327,326.502003019509,0.0,0.5438246431092717
48.00724185611516,68976.02758144915,459.2289943900924,222.39027457439363,6.095548301119099,9.548498683453287e-05,298.95296152962726,1.5361245864245476,0.692,1.3569699349930187,0.005074178502941893,0.00016603012749124836,316.0209415095684,327.34419537677576,0.0,0.5449293106288523
48.15726448691552,68907.02540014556,460.66128937371866,222.5793570990546,6.159084055767905,9.639829533848893e-05,299.08002367469123,1.5402609766902355,0.692,1.3569699349930187,0.005154717149448775,0.00016671470601937164,316.7949865247566,328.1889830129433,0.0,0.5460515863364862
48.30728711771588,68837.80834879342,462.09349589335056,222.7690324991408,6.223429350931661,9.73224541123191e-05,299.2074300153696,1.5443917815463803,0.692,1.3569699349930187,0.005236544650309842,0.00016741163854002328,317.571409723121,329.0363647390359,0.0,0.5471917503424754
48.45730974851624,68768.37644080058,463.5256121345869,222.95930077609756,6.288595279013483,9.82576014072945e-05,299.33518011313146,1.5485169900824918,0.692,1.3569699349930187,0.005319682079185728,0.000168121168002767,318.35021002181304,329.88633934107565,0.0,0.5483500872700126
48.6073323793166,68698.72968984889,464.95763625180194,223.1501619307366,6.354593093271001,9.920387734014981e-05,299.4632735285844,1.552636591369595,0.692,1.3569699349930187,0.005404150859030289,0.0001688435427343133,319.1313863152516,330.7389055796793,0.0,0.549526886308589
48.75735501011696,68628.86810989898,466.38956636766216,223.3416159632231,6.421434210219347,0.00010016142391891826,299.59170982147253,1.5567505744587689,0.692,1.3569699349930187,0.00548997276788999,0.00016957901656921244,319.9149374747125,331.5940621896004,0.0,0.5507224412819921
48.90737764091732,68558.79171519622,467.8214005724816,223.53366287305903,6.4891302120692105,0.00010113038506910788,299.72048855067226,1.5608589283791634,0.692,1.3569699349930187,0.005577169944793485,0.0001703278489974013,320.7008623478447,332.4518078791879,0.0,0.5519370507388811
49.05740027171768,68488.50052027518,469.2531369236746,223.72630265907117,6.55769284920371,0.00010211090666027097,299.849609274191,1.5649616421363293,0.692,1.3569699349930187,0.005665764895741241,0.00017109030530643878,321.48915975822547,333.3121413298901,0.0,0.5531710180296227
49.20742290251804,68417.99453996343,470.6847734453752,223.91953531940032,6.627134042693366,0.00010310313653295246,299.9790715491671,1.5690587047111022,0.692,1.3569699349930187,0.00575578049979772,0.0001718666567123115,322.2798285049834,334.17506119583265,0.0,0.5544246513595785
49.3574455333184,68347.27378938776,472.11630812779,224.11336085148432,6.697465886846966,0.00010410722452598327,300.10887493186516,1.573150105057627,0.692,1.3569699349930187,0.005847240015275067,0.0001726571805165052,323.07286736230054,335.0405661032627,0.0,0.5556982638797362
49.50746816411876,68276.33828398008,473.54773892649257,224.30777925204146,6.768700651801504,0.00010512332250416103,300.23901897767206,1.5772358321011868,0.692,1.3569699349930187,0.005940167086016523,0.00017346216027151575,323.8682750788848,335.9086546499596,0.0,0.5569921737853236
49.65749079491912,68205.18803948034,474.97906376210096,224.5027905170629,6.840850786154601,0.00010615158438636361,300.36950324109864,1.5813158747372826,0.692,1.3569699349930187,0.006034585747794593,0.00017428188591653355,324.6660503776083,336.7793254048306,0.0,0.5583067043608166
49.80751342571948,68133.82307194326,476.41028051961183,224.69839464179375,6.913928919632882,0.00010719216617399908,300.50032727577405,1.5853902218296168,0.692,1.3569699349930187,0.006130520434802002,0.00017511665394635096,325.46619195498687,337.65257690732915,0.0,0.559642184072806
49.95753605651984,68062.24339774455,477.841387047663,224.89459162071597,6.9879478658015355,0.00010824522597986391,300.63149063444143,1.5894588622078294,0.692,1.3569699349930187,0.006227995986247071,0.00017596676759018198,326.26869848062506,338.5284076668354,0.0,0.560998946672621
50.1075586873202,67990.44903358477,479.2723811580871,225.09138144753777,7.06292062481743,0.00010931092405743967,300.7629928689576,1.593521784666194,0.692,1.3569699349930187,0.006327037653066039,0.00017683253696895436,327.0735685967873,339.4068161621765,0.0,0.5623773312583642
50.25758131812056,67918.43999649504,480.7032606253416,225.28876411517774,7.138860386222142,0.00011038942283057306,300.8948335302896,1.5975789779619185,0.692,1.3569699349930187,0.006427671104740175,0.00017771427926714317,327.8808009179066,340.2878008410778,0.0,0.5637776823540903
50.40760394892092,67846.21630384398,482.13402318574873,225.48673961574593,7.21578053177617,0.00011148088692355422,301.02701216850886,1.6016304308128329,0.692,1.3569699349930187,0.0065299224362177395,0.00017861231892513576,328.6903940300051,341.17136011951584,0.0,0.5652003500151356
50.55762657972128,67773.77797334299,483.5646665368508,225.68530794052884,7.29369463833777,0.00011258548319163889,301.1595283327885,1.6056761318954524,0.692,1.3569699349930187,0.006633818174952801,0.00017952698782574227,329.50234649016255,342.0574923811242,0.0,0.5666456899173156
50.70764921052164,67701.12502305077,484.9951883369615,225.88446907997744,7.372616480786609,0.00011370338075201345,301.29238157140196,1.6097160698436865,0.692,1.3569699349930187,0.006739385288064811,0.0001804586254677727,330.3166568260669,342.946195976691,0.0,0.5681140634189284
50.857671841322,67628.2574713806,486.4255862044035,226.08422302368666,7.452560034988546,0.00011483475101514727,301.4255714317169,1.6137502332465359,0.692,1.3569699349930187,0.00684665118960321,0.00018140757917139644,331.13332353541796,343.83746922349326,0.0,0.5696058376660699
51.00769447212236,67555.17533710731,487.85585771667616,226.2845697603763,7.533539480805928,0.00011597976771659113,301.5590974601889,1.617778610645569,0.692,1.3569699349930187,0.006955643747928176,0.00018237420429409947,331.95234508529626,344.7313104045917,0.0,0.5711213857071044
51.15771710292272,67481.87863937077,489.2860004100768,226.4855092778816,7.615569205157382,0.00011713860694927434,301.69295920236283,1.621801190533865,0.692,1.3569699349930187,0.007066391293226998,0.00018335886441178036,332.7737199117327,345.62771776834916,0.0,0.5726610865449111
51.30773973372308,67408.36739768372,490.71601177891495,226.68704156313106,7.69866380511915,0.0001183114471961843,301.82715620286467,1.6258179613536627,0.692,1.3569699349930187,0.007178922625136723,0.00018436193154003735,333.59744641908503,346.5266895277348,0.0,0.5742253252447409
51.45776236452344,67334.6416319392,492.1458892746434,226.88916660212658,7.782838091074046,0.00011949846936351119,301.96168800539584,1.6298289114937294,0.692,1.3569699349930187,0.007293267020487946,0.00018538378636787537,334.4235229793746,347.4282238595826,0.0,0.5758144930532917
51.6077849953238,67260.70136241507,493.5756303053341,227.0918843799305,7.8681070899113115,0.00012069985681429999,302.0965541527313,1.6338340292878564,0.692,1.3569699349930187,0.007409454241186499,0.00018642481846638985,335.25194793177434,348.3323189040195,0.0,0.5774289874705633
51.75780762612416,67186.54660978066,495.00523223500426,227.29519488064727,7.954486048272737,0.00012191579540254076,302.23175418671474,1.6378333030128813,0.692,1.3569699349930187,0.007527514542216333,0.00018748542651556523,336.0827195820225,349.2389727638099,0.0,0.5790692123417853
51.90783025692452,67112.17739510511,496.4346923827218,227.4990980874008,8.041990435846081,0.00012314647350770795,302.3672876482505,1.6418267208860025,0.692,1.3569699349930187,0.007647478679763104,0.00018856601855616185,336.9158362017287,350.1481835035809,0.0,0.5807355779795417
52.05785288772488,67037.5937398635,497.864008021847,227.70359398231696,8.1306359487107,0.00012439208206981405,302.50315407729937,1.645814271062531,0.692,1.3569699349930187,0.00776937791947463,0.00018966701223527995,337.7512960277396,351.0599491491134,0.0,0.5824285012670081
52.207875518525235,66962.7956659421,499.29317637950317,227.90868254650948,8.220438512735306,0.00012565281462497254,302.6393530128761,1.649795941634399,0.692,1.3569699349930187,0.007893244044862843,0.00019078883503740698,338.5890972616033,351.97426768674296,0.0,0.5841484057298707
52.3578981493256,66887.78319564709,500.72219463567757,228.11436376005574,8.31141428702296,0.00012692886734139692,302.7758839930406,1.6537717206274816,0.692,1.3569699349930187,0.008019109365825769,0.00019193192455401985,339.4292380688555,352.89113706256336,0.0,0.5858957216583264
52.50792078012596,66812.55635171276,502.1510599222432,228.32063760197397,8.40357966740864,0.0001282204390559076,302.9127465548902,1.6577415959986663,0.692,1.3569699349930187,0.008147006727303929,0.00019309672876655103,340.27171657826557,353.8105551815833,0.0,0.5876708862395298
52.657943410926315,66737.11515730551,503.5797693225116,228.52750405021249,8.496951290015357,0.00012952773131102557,303.04994023455964,1.661705555634634,0.692,1.3569699349930187,0.008276969518097702,0.0001942837062887136,341.1165308813238,354.73251990715397,0.0,0.5894743436180466
52.80796604172668,66661.45963603315,505.0083198703077,228.73496308162365,8.59154603485723,0.00013085094839248638,303.1874645672109,1.6656635873491297,0.692,1.3569699349930187,0.008409031679804758,0.0001954933266575434,341.9636790314971,355.65702906013684,0.0,0.5913065450207035
52.95798867252704,66585.58981195372,506.43670854894634,228.94301467193975,8.687381029497892,0.00013219029736728799,303.32531908702475,1.669615678879904,0.692,1.3569699349930187,0.008543227715897748,0.00019672607064006502,342.8131590434343,356.5840804180166,0.0,0.5931679488942839
53.108011303327395,66509.50570958068,507.864932290616,229.15165879575844,8.784473652768678,0.00013354598812232967,303.4635033271983,1.673561817886975,0.692,1.3569699349930187,0.008679592700964661,0.0001979824305109956,343.66496889235816,357.51367171422083,0.0,0.5950590209884684
53.25803393412776,66433.20735389092,509.29298797558533,229.36089542652084,8.88284153853984,0.00013491823340354366,303.6020168199377,1.6775019919503373,0.692,1.3569699349930187,0.008818162290088296,0.00019926291035307446,344.51910651336414,358.44580063733724,0.0,0.5969802344621898
53.40805656492812,66356.69477033438,510.72087243114834,229.57072453648482,8.982502579546372,0.00013630724885553742,303.7408590964481,1.6814361885668367,0.692,1.3569699349930187,0.008958972728364174,0.00020056802638814667,345.37556980059156,359.3804648301871,0.0,0.598932070024722
53.558079195728475,66279.96798484144,512.1485824307342,229.78114609670433,9.08347493127468,0.00013771325306182838,303.8800296869269,1.6853643951475734,0.692,1.3569699349930187,0.009102060860578277,0.0002018983073016012,346.2343566064664,360.31766188897956,0.0,0.6009150160547267
53.70810182652884,66203.02702382904,513.5761146932828,229.99216007701293,9.185777015909846,0.0001391364675856637,304.01952812056066,1.6892865990161698,0.692,1.3569699349930187,0.00924746414105014,0.00020325429455069266,347.0954647410638,361.2573893625986,0.0,0.6029295686833633
53.8581244573292,66125.87191421102,515.0034658821858,230.20376644599492,9.289427526336928,0.00014057711701132887,304.15935392551313,1.6932027874056674,0.692,1.3569699349930187,0.009395220643612085,0.00020463654271973695,347.9588919712546,362.1996447516502,0.0,0.6049762319350788
54.008147088129554,66048.50268340763,516.4306326041374,230.41596517095903,9.394445430203584,0.00014203542898604205,304.2995066289154,1.6971129474551196,0.692,1.3569699349930187,0.009545369071743975,0.0002060456198922296,348.8246360198054,363.1444255074565,0.0,0.607055517880259
54.15816971892992,65970.9193593504,517.8576114086067,230.62875621792497,9.50084997405063,0.00014351163426252095,304.4399857568647,1.701017066208195,0.692,1.3569699349930187,0.009697948768897591,0.00020748210797573736,349.69269456476843,364.0917290313739,0.0,0.6091679467048976
54.30819234973028,65893.12197049308,519.2843987867493,230.84213955159336,9.608660687496615,0.0001450059667420245,304.5807908344115,1.704915130610005,0.692,1.3569699349930187,0.009852999728956514,0.00020894660308594726,350.56306523859314,365.0415526738001,0.0,0.6113140468545377
54.458214980530634,65815.11054582194,520.710991170203,231.05611513531696,9.717897387486323,0.00014651866351800182,304.72192138554857,1.7088071275035537,0.692,1.3569699349930187,0.010010562606857296,0.00021043971595044182,351.4357456271767,365.99389373311385,0.0,0.6134943551928397
54.608237611331,65736.88511486196,522.1373849303637,231.27068293108374,9.828580182609251,0.0001480499649204274,304.86337693320695,1.7126930436277354,0.692,1.3569699349930187,0.010170678729402123,0.0002119620722791297,352.31073326914054,366.94874945486623,0.0,0.6157094170969154
54.75826024213136,65658.44570768626,523.5635763774507,231.4858428994907,9.940729477478571,0.0001496001145606859,305.00515699924665,1.716572865614675,0.692,1.3569699349930187,0.01033339010622997,0.00021351431316300748,353.18802565499453,367.90611703084625,0.0,0.617959786579848
54.908282872931714,65579.79235492738,524.9895617592664,231.70159499971265,10.054365977173598,0.00015116935937704352,305.1472611044432,1.7204465799861053,0.692,1.3569699349930187,0.010498739440946125,0.00021509709551072352,354.0676202261468,368.86599359797515,0.0,0.620246026452978
55.05830550373208,65500.92508778611,526.4153372601501,231.91793918947798,10.169510691752626,0.00015275794968079565,305.28968876847966,1.7243141731503544,0.692,1.3569699349930187,0.010666770142437259,0.0002167110924784335,354.9495143740017,369.828376237298,0.0,0.6225687084625665
55.20832813453244,65421.84393803859,527.8408990002424,232.13487542504868,10.286184940836346,0.00015436613920308804,305.432439509941,1.7281756314003531,0.692,1.3569699349930187,0.010837526336379463,0.00021835699388201852,355.8337054392006,370.79326197313554,0.0,0.6249284133853987
55.358350765332794,65342.548938048465,529.2662430342413,232.35240366118688,10.404410358252816,0.00015599418514228238,305.5755128462997,1.7320309409100294,0.692,1.3569699349930187,0.011011052876899238,0.00022003550666640262,356.7201907106048,371.7606477719472,0.0,0.6273257311905118
55.50837339613316,65263.04012077822,530.6913653500491,232.57052385112377,10.524208896753795,0.00015764234821199528,305.7189082939031,1.7358800877303557,0.692,1.3569699349930187,0.011187395358413302,0.00022174735539636623,357.60896742422005,372.7305305411304,0.0,0.6297612612142899
55.65839602693352,65183.31751979485,532.1162618681543,232.7892359465432,10.64560283281,0.00015931089268991056,305.8626253679703,1.73972305778775,0.692,1.3569699349930187,0.011366600127691924,0.00022349328269272113,358.50003276247315,373.70290712821094,0.0,0.6322356122403708
55.808418657733874,65103.3811692827,533.5409284403504,233.00853989754688,10.76861477146846,0.00016100008646712592,306.006663582577,1.7435598368803902,0.692,1.3569699349930187,0.011548714296073393,0.0002252740497404171,359.39338385315193,374.6777743196593,0.0,0.6347494026647843
55.95844128853423,65023.23110405565,534.965360848321,233.22843565262028,10.893267651283065,0.00016271020109818297,306.1510224506411,1.7473904106740987,0.692,1.3569699349930187,0.011733785751862626,0.0002270904368216278,360.2890177682728,375.65512883962504,0.0,0.637303260677633
56.108463919334596,64942.867359564414,536.389554802789,233.44892315861244,11.019584749327315,0.00016444151185189746,306.29570148391707,1.7512147647000318,0.692,1.3569699349930187,0.01192186317295487,0.00022894324381070923,361.1869315232206,376.6349673489757,0.0,0.6398978243721124
56.258486550134954,64862.28997190762,537.8135059424178,233.67000236070533,11.147589686276202,0.00016619429776280453,306.44070019298374,1.7550328843516054,0.692,1.3569699349930187,0.01211299603963912,0.0002308332907047019,362.0871220757533,377.61728644418395,0.0,0.6425337418849162
56.40850918093531,64781.49897784515,539.2372098323536,233.89167320237704,11.277306431561119,0.00016796884168326725,306.5860180872281,1.758844754880286,0.692,1.3569699349930187,0.012307234647580588,0.0002327614182004011,362.98958632482106,378.6020826560092,0.0,0.6452116715819055
56.558531811735676,64700.494414808425,540.6606619629973,234.11393562537313,11.408759308606465,0.00016976543033636078,306.7316546748347,1.76265036139211,0.692,1.3569699349930187,0.01250463012101818,0.00023472848826508114,363.8943211094928,379.5893524482972,0.0,0.6479322822141433
56.708554442536034,64619.27632090888,542.0838577491397,234.3367895696833,11.54197300014823,0.00017158435436953007,306.8776094627777,1.7664496888453867,0.692,1.3569699349930187,0.01270523442618628,0.00023673538468828382,364.8013232080542,380.5790922169719,0.0,0.650696253027253
56.85857707333639,64537.84473495226,543.5067925284994,234.56023497350162,11.67697255362264,0.00017342590840885226,307.0238819568035,1.770242722046514,0.692,1.3569699349930187,0.012909100384906553,0.00023878301370326428,365.71058933679484,381.5712982886808,0.0,0.6535042739461535
57.008599704136756,64456.19969645192,544.9294615601358,234.7842717731901,11.813783386637136,0.00017529039111406473,307.1704716614146,1.7740294456454013,0.692,1.3569699349930187,0.013116281688383708,0.00024087230463580806,366.62211614872734,382.56596691936375,0.0,0.6563570457747293
57.158622334937114,64374.34124563554,546.3518600237219,235.00889990325956,11.952431292534104,0.0001771781052344959,307.3173780798651,1.7778098441336336,0.692,1.3569699349930187,0.01332683291126521,0.00024300421049019364,367.5359002327299,383.5630942932938,0.0,0.6592552802869358
57.30864496573747,64292.26942346023,547.7739830180398,235.23411929632823,12.092942446024256,0.00017908935766557544,307.46460071414197,1.7815839018401987,0.692,1.3569699349930187,0.013540809525865947,0.0002451797086226887,368.451938112283,384.5626765216663,0.0,0.6621997004151221
57.458667596537836,64209.98427162688,549.1958255593195,235.4599298830817,12.235343408904901,0.00018102445950612752,307.61213906494703,1.7853516029267174,0.692,1.3569699349930187,0.013758267916602712,0.0002473998014467431,369.37022624412043,385.56470964109155,0.0,0.6651910404569035
57.608690227338194,64127.48583258878,550.6173825802417,235.68633159224945,12.379661135874066,0.0001829837261165879,307.75999263168956,1.7891129313847842,0.692,1.3569699349930187,0.013979265394692257,0.000249665517094974,370.2907610172092,386.5691896124543,0.0,0.668230046199052
57.75871285813855,64044.77414956462,552.0386489286469,235.9133243505683,12.525922980423566,0.00018496747717790875,307.908160912471,1.792867871032411,0.692,1.3569699349930187,0.014203860213051268,0.0002519779101257948,371.21353875156547,387.5761123195909,0.0,0.6713174750773666
57.908735488938916,63961.84926655422,553.4596193658239,236.14090808273926,12.674156700815427,0.00018697603675120534,308.05664340406474,1.796616405509147,0.692,1.3569699349930187,0.014432111581396402,0.0002543380622874965,372.13855569684836,388.58547356771794,0.0,0.6744540963877032
58.058758119739274,63878.71122835066,554.8802885650706,236.36908271139393,12.824390466153883,0.00018900973333830243,308.20543960190287,1.8003585182720596,0.692,1.3569699349930187,0.014664079681593249,0.00025674708327700035,373.0658080310844,389.5972690820072,0.0,0.6776406914629323
58.20878075053963,63795.3600805502,556.3006511106787,236.59784815706655,12.976652862551473,0.00019106889994315436,308.3545490000662,1.8040941925930831,0.692,1.3569699349930187,0.014899825683264034,0.00025920611147881934,373.99529185959705,390.6114945063884,0.0,0.6808780537971749
58.358803381339996,63711.79586956915,557.7207014962182,236.8272043381479,13.130972899375369,0.0001931538741339432,308.5039710912625,1.8078234115541798,0.692,1.3569699349930187,0.015139411759582342,0.0002617163147890573,374.9270032135647,391.6281454019386,0.0,0.6841669892553549
58.508826012140354,63628.01864265955,559.1404341226759,237.05715117084145,13.287380015587726,0.00019526499810603584,308.6537053668066,1.8115461580420322,0.692,1.3569699349930187,0.0153829011032978,0.0002642788914743048,375.86093804849503,392.6472172451774,0.0,0.6875083162992606
58.65884864294071,63544.028447916986,560.5598432976043,237.28768856914175,13.445904086195794,0.00019740261874600404,308.80375131661475,1.8152624147459446,0.692,1.3569699349930187,0.015630357943072933,0.0002668950709587754,376.79709224321215,393.6687054269346,0.0,0.6909028660906633
58.808871273741076,63459.825334298446,561.9789232333558,237.51881644478505,13.606575428778848,0.00019956708769625601,308.9541084291812,1.8189721641528946,0.692,1.3569699349930187,0.01588184755999555,0.00026956611471795936,377.73546159835314,394.69260525066994,0.0,0.6943514827044929
58.95889390454143,63375.40935163923,563.3976680451348,237.75053470720246,13.76942481011401,0.00020175876142057098,309.10477619155597,1.8226753885420082,0.692,1.3569699349930187,0.0161374363043287,0.00027229331721253077,378.6760418347637,395.71891193068143,0.0,0.6978550233625919
59.10891653534179,63290.78055066297,564.8160717498321,237.98284326349204,13.934483452913282,0.00020397800127069346,309.2557540893359,1.8263720699815065,0.692,1.3569699349930187,0.01639719161256821,0.00027507800677387036,379.61882859229075,396.74762059075454,0.0,0.7014143585734192
59.258939166142156,63205.93898299701,566.2341282645083,238.2157420183762,14.101783042650714,0.00020622517355369711,309.4070416066452,1.8300621903245888,0.692,1.3569699349930187,0.01666118202472455,0.000277921546545666,380.5638174283763,397.77872626259153,0.0,0.7050303723126375
59.40896179694251,63120.88470119099,567.6518314043894,238.4492308741504,14.271355734484303,0.00020850064960017205,309.5586382261113,1.8337457312037881,0.692,1.3569699349930187,0.016929477201825412,0.0002808253354964356,381.51100381638526,398.8122238839435,0.0,0.7087039622610246
59.55898442774287,63035.61775873093,569.069174881183,238.68330973064386,14.443234160289025,0.0002108048058334489,309.710543428848,1.8374226740263344,0.692,1.3569699349930187,0.01720214794370448,0.00028379080942870214,382.4603831440941,399.84810829692015,0.0,0.712436040003498
59.70900705854323,62950.13821005108,570.4861523018865,238.9179784851868,14.617451435798964,0.00021313802383982308,309.86275669444296,1.841092999971098,0.692,1.3569699349930187,0.017479266207088395,0.0002868194419682902,383.41195071242225,400.8863742465725,0.0,0.7162275311690462
59.85902968934359,62864.446110553676,571.9027571667781,239.15323703255572,14.79404116783887,0.00021550069043950866,310.01527750093146,1.8447566899829952,0.692,1.3569699349930187,0.017760905123883543,0.0002899127456574028,384.3657017337188,401.92701637897903,0.0,0.7200793756663929
60.00905232014395,62778.54151662738,573.3189828672384,239.3890852649223,14.973037461665083,0.00021789319775858106,310.16810532477206,1.8484137247668497,0.692,1.3569699349930187,0.018047139019721943,0.00029307227309217796,385.3216313299528,402.97002923922264,0.0,0.7239925279376562
60.15907495094431,62692.4244856565,574.7348226847544,239.62552307182767,15.15447492843408,0.00022031594330214373,310.3212396408391,1.8520640847849903,0.692,1.3569699349930187,0.01833804343287339,0.0002962996179791612,386.2797345315157,404.0154072700522,0.0,0.7279679570740084
60.30909758174467,62606.09507604199,576.15026978885,239.8625503401243,15.338388692756876,0.00022276933002815305,310.47467992239405,1.855707750251531,0.692,1.3569699349930187,0.018633695133340712,0.00029959641632123547,387.24000627543734,405.06314480988897,0.0,0.7320066470547631
60.45912021254503,62519.553347221314,577.5653172348086,240.10016695392105,15.524814400366674,0.0002252537664222585,310.62842564105927,1.8593447011259787,0.692,1.3569699349930187,0.01893417214221978,0.00030296434765463877,388.20244140348177,406.1132360906996,0.0,0.7361095970089878
60.60914284334539,62432.79935968026,578.9799579623099,240.3383727945501,15.713788225916645,0.00022776966657387559,310.7824762668059,1.8629749171097318,0.692,1.3569699349930187,0.01923955375141831,0.0003064051362326724,389.16703466072045,407.1656752364005,0.0,0.7402778213715152
60.75916547414575,62345.83317497102,580.394184793654,240.57716774051718,15.905346880879586,0.00023031745025310513,310.9368312679307,1.8665983776413253,0.692,1.3569699349930187,0.019549920543619818,0.00030992055227977057,390.13378069386647,408.2204562609958,0.0,0.7445123500849152
60.90918810494611,62258.654855733985,581.8079904314167,240.81655166744076,16.099527621554778,0.0002328975429885621,311.0914901110267,1.8702150618899054,0.692,1.3569699349930187,0.01986535441248674,0.0003135124133330324,391.1026740492907,409.2775730663625,0.0,0.7488142288649896
61.05921073574647,62171.264465714405,583.2213674564833,241.05652444800617,16.296368257203962,0.0002355103761463971,311.24645226096226,1.8738249487498921,0.692,1.3569699349930187,0.020185938583190753,0.00031718258558378914,392.0737091712337,410.3370194402504,0.0,0.753184519422288
61.20923336654683,62083.66206977619,584.6343083266534,241.29708595192704,16.495907158313344,0.0002381563870104594,311.40171718086634,1.8774280168374595,0.692,1.3569699349930187,0.020511757633284524,0.0003209329852004362,393.04688040030624,411.3987890546065,0.0,0.7576242996180351
61.35925599734719,61995.84773392526,586.0468053742914,241.53823604588075,16.698183264955002,0.00024083601886323955,311.557284332096,1.8810242444840761,0.692,1.3569699349930187,0.020842897513781423,0.000324765579777682,394.02218197145964,412.46287546330757,0.0,0.7621346637262992
61.50927862814755,61907.82152533112,587.4588508037837,241.77997459344851,16.903236095274437,0.00024354972106793767,311.71315317420766,1.8846136097294217,0.692,1.3569699349930187,0.021179445570523068,0.00032868238984238863,394.9996080118418,413.52927209976406,0.0,0.7667167227154282
61.65930125894791,61819.58351233775,588.8704366903731,242.0223014550851,17.11110575412718,0.00024629794915195167,311.8693231649472,1.8881960903186379,0.692,1.3569699349930187,0.02152149056597633,0.000332685490269088,395.97915253938606,414.5979722753424,0.0,0.7713716043762917
61.80932388974827,61731.13376448828,590.2815549777429,242.26521648805036,17.321832941809543,0.0002490811648910473,312.02579376021566,1.8917716636957267,0.692,1.3569699349930187,0.021869122701212728,0.0003367770118523782,396.9608094606989,415.6689691770047,0.0,0.7761004535873219
61.95934652054863,61642.4723525483,591.6921974753541,242.50871954634482,17.53545896291973,0.0002518998363946828,312.1825644140376,1.8953403069961714,0.692,1.3569699349930187,0.022222433638179922,0.0003409591429439982,397.9445725688056,416.7422558647904,0.0,0.7809044326037734
62.10936915134899,61553.59934851974,593.1023558568584,242.75281048067086,17.752025735370452,0.00025475443819275616,312.3396345785461,1.8989019970429242,0.692,1.3569699349930187,0.022581516522389666,0.00034523413103250313,398.93043554146817,417.81782526993516,0.0,0.7857847212298185
62.25939178214935,61464.51482566213,594.512021658022,242.9974891383738,17.971575799515477,0.0002576454513232676,312.49700370395493,1.9024567103409253,0.692,1.3569699349930187,0.022946466005867517,0.000349604284410952,399.9183919392162,418.8956701926704,0.0,0.7907425170415963
62.40941441294971,61375.21885851824,595.9211862739894,243.2427553633708,18.19415232739778,0.00026057336342099225,312.65467123852295,1.9060044230695776,0.692,1.3569699349930187,0.023317378270356855,0.00035407197395216546,400.90843520300075,419.97578329960265,0.0,0.7957790356796759
62.55943704375007,61285.711522933525,597.3298409569913,243.488608996097,18.41979913214734,0.0002635386688075208,312.8126366285295,1.909545111076606,0.692,1.3569699349930187,0.023694351050894062,0.0003586396348893673,401.9005586520831,421.0581571213528,0.0,0.8008955110923451
62.70945967455043,61195.99289607247,598.7379768147161,243.73504987346,18.64856067752321,0.0002665418685825864,312.9708993182557,1.9130787498740192,0.692,1.3569699349930187,0.024077483659770804,0.00036330976858111973,402.894755482268,422.1427840505819,0.0,0.8060931957069909
62.85948230535079,61106.06305644593,600.1455848075692,243.98207782876386,18.88048208756601,0.00026958347071622327,313.12945874994585,1.916605314630663,0.692,1.3569699349930187,0.024466877010704782,0.0003680849444296528,403.8910187635046,423.2296563393105,0.0,0.8113733607177424
63.00950493615115,61015.92208393646,601.5526557457097,244.2296926916392,19.115609156394953,0.0002726639901421968,313.28831436377305,1.9201247801640633,0.692,1.3569699349930187,0.024862633643325173,0.0003729678018709031,404.88934143735406,424.3187660960892,0.0,0.8167372963932394
63.15952756695151,60925.57005981116,602.9591802876924,244.47789428800715,19.353988358179034,0.00027578394885308024,313.4474655978266,1.9236371209372871,0.692,1.3569699349930187,0.025264857748160157,0.00037796105226596397,405.8897163153317,425.4101052841437,0.0,0.822186312216746
63.30955019775187,60835.00706675054,604.365148937651,244.72668243999942,19.59566685721041,0.00027894387599602564,313.6069118880714,1.9271423110513373,0.692,1.3569699349930187,0.025673655191794844,0.0003830674809816564,406.8921360764127,426.50366571858956,0.0,0.8277217371755912
63.459572828552226,60744.233188875995,605.7705520421965,244.976056965882,19.840692518126044,0.00028214430796982235,313.76665266831003,1.9306403242366568,0.692,1.3569699349930187,0.02608913354234393,0.00038828994955258456,407.89659326437015,427.59943906345643,0.0,0.833344920076025
63.60959545935259,60653.24851176598,607.1753797885715,245.2260176800103,20.08911391630692,0.00028538578852361503,313.92668737016413,1.9341311338485394,0.692,1.3569699349930187,0.02651140209540777,0.00039363139778347237,408.90308028579915,428.69741682948006,0.0,0.839057229730073
63.75961809015295,60562.05312248106,608.5796222022302,245.47656439275934,20.34098034840328,0.00028866886885659573,314.0870154230415,1.9376147128608254,0.692,1.3569699349930187,0.026940571900298943,0.00039909484596100465,409.91158940779565,429.79759037150734,0.0,0.8448600551978627
63.909640720953306,60470.64710959393,609.9832691436529,245.7276969104408,20.59634184299671,0.0002919941077188016,314.24763625409344,1.9410910338572427,0.692,1.3569699349930187,0.027376755786530906,0.0004046833971972624,410.92211275518946,430.8999508854057,0.0,0.850754806104412
64.05966335175367,60379.0305632122,611.386310305683,245.9794150352395,20.85524917143468,0.000295362071513472,314.4085492881854,1.944560069024361,0.692,1.3569699349930187,0.027820068390722777,0.00041040023978662827,411.93464230805995,432.0044894052859,0.0,0.8567429129022499
64.20968598255403,60287.20357499767,612.7887352116297,246.23171856515987,21.117753858831083,0.00029877333440086784,314.569753947874,1.948021790146971,0.692,1.3569699349930187,0.02827062618394065,0.0004162486495527952,412.94916989966094,433.111196801182,0.0,0.8628258270564362
64.35970861335439,60195.16623819829,614.1905332120803,246.48460729393724,21.38390819518746,0.00030222847840295243,314.73124965336166,1.951476168599517,0.692,1.3569699349930187,0.02872854749923423,0.0004222319923806558,413.96568721359347,434.22006377589344,0.0,0.8690050213544845
64.50973124415475,60102.91864767793,615.5916934814569,246.73808101095534,21.653765246678436,0.0003057280935094901,314.8930358224553,1.9549231753367295,0.692,1.3569699349930187,0.029193952559509313,0.00042835372683845755,414.9841857808252,435.3310808616538,0.0,0.8752819902366095
64.65975387495511,60010.46089993135,616.9922050164395,246.99213950120435,21.927378867141805,0.00030927277778607435,315.0551118705512,1.9583627808900534,0.692,1.3569699349930187,0.029666963505987586,0.00043461740669556285,416.00465697774837,436.4442384179589,0.0,0.8816582499458662
64.80977650575547,59917.793093118205,618.392056632689,247.2467825451866,22.204803709676,0.0003128631374828111,315.21747721058614,1.9617949553589067,0.692,1.3569699349930187,0.030147704426804093,0.00044102668366625454,417.02709202324377,437.55952662828713,0.0,0.8881353388380512
64.95979913655583,59824.91532709506,619.7912369612482,247.502009918828,22.486095238407877,0.0003164997871444632,315.3801312529933,1.9652196684009264,0.692,1.3569699349930187,0.030636301385939344,0.0004475853102554262,418.0514819755505,438.67693549660146,0.0,0.8947148177173988
65.1098217673562,59731.82770343448,621.1897344463999,247.7578213934245,22.771309740465462,0.000320183349722492,315.5430734056792,1.968636889226736,0.692,1.3569699349930187,0.031132882452705478,0.00045429714254543205,419.0778177299509,439.7964548447609,0.0,0.9013982700352314
65.25984439815655,59638.53032545431,622.5875373428559,248.01421673556084,23.060504338090553,0.00032391445668813936,315.7063030739847,1.9720465865927121,0.692,1.3569699349930187,0.03163757773150262,0.00046116614311805126,420.10609001604473,440.9180743094744,0.0,0.9081873021475608
65.40986702895691,59545.023298252876,623.9846337120592,248.27119570701305,23.353737000903383,0.00032769374814669856,315.86981966063433,1.975448728791053,0.692,1.3569699349930187,0.03215051939183162,0.00046819638413603606,421.1362893944978,442.04178333866867,0.0,0.9150835436506012
65.55988965975726,59451.30672873573,625.3810114191008,248.52875806467392,23.65106655836578,0.00033152187295356055,316.0336225657017,1.978843283641719,0.692,1.3569699349930187,0.03267184169876845,0.0004753920504499212,422.16840625412937,443.16757118823216,0.0,0.9220886476577592
65.70991229055763,59357.38072563805,626.7766581305169,248.78690356049074,23.952552712434677,0.00033539948883191674,316.19771118658167,1.9822302184871576,0.692,1.3569699349930187,0.03320168104392507,0.00048275744270477263,423.20243080948393,444.29542691930055,0.0,0.9292042909946239
65.85993492135799,59263.24539956229,628.1715613105916,249.0456319413607,24.25825605034447,0.00033932726249131265,316.36208491793667,1.9856095001824803,0.692,1.3569699349930187,0.03374017597657134,0.0004902969806673894,424.23835309751195,445.42533939454887,0.0,0.9364321745248398
66.00995755215834,59168.90086301292,629.5657082173718,249.3049429490346,24.568238057577002,0.00034330586974780033,316.5267431516479,1.988981095084743,0.692,1.3569699349930187,0.034287467235107685,0.0004980152066660008,425.27616297407474,446.5572972742853,0.0,0.9437740234954844
66.1599801829587,59074.34723041389,630.9590859008406,249.56483632006774,24.882561131069963,0.000347335995646325,316.69168527679716,1.992344969048888,0.692,1.3569699349930187,0.03484369777921982,0.0005059167889246179,426.31585011168,447.6912890139188,0.0,0.951231587693767
66.31000281375907,58979.584618148576,632.3516811991207,249.82531178570946,25.20128859253665,0.00035141833458370155,316.85691067960914,1.9957010874177368,0.692,1.3569699349930187,0.035409012822112965,0.0005140065251640129,427.357403996039,448.8273028601134,0.0,0.9588066417700174
66.46002544455942,58884.61314459717,633.7434807343094,250.08636907179914,25.52448470197781,0.00035555359043320704,317.0224187433987,1.9990494150108296,0.692,1.3569699349930187,0.03598355986308774,0.000522289346328634,428.4008139223994,449.96532684668966,0.0,0.9665009855855686
66.61004807535979,58789.43293015895,635.1344709100063,250.348007898704,25.85221467143344,0.0003597424766713864,317.18820884854455,2.0023899161184744,0.692,1.3569699349930187,0.03656748872075143,0.0005307703202610059,429.44606899284577,451.1053487916072,0.0,0.9743164444179399
66.76007070616015,58694.04409728668,636.5246379080567,250.61022798122357,26.18454467888448,0.00036398571650590365,317.35428037244174,2.005722554493489,0.692,1.3569699349930187,0.037160951566477265,0.0005394546555407281,430.49315811311175,452.24735629340154,0.0,0.9822548692265473
66.9100933369605,58598.446770527706,637.9139676842778,250.8730290284757,26.52154188232336,0.0003682840430046708,317.52063268944295,2.0090472933398367,0.692,1.3569699349930187,0.03776410295809719,0.0005483477055144317,431.54206998877453,453.3913367269335,0.0,0.9903181369971298
67.06011596776086,58502.64107655514,639.3024459649016,251.13641074380976,26.863274434052943,0.0003726381992270011,317.6872651708173,2.0123640953034583,0.692,1.3569699349930187,0.03837709987410012,0.0005574549723677465,432.59279312185794,454.53727723959094,0.0,0.9985081510246102
67.21013859856123,58406.62714419424,640.6900582440264,251.40037282473295,27.209811495200466,0.0003770489383565981,317.85417718471695,2.015672922466259,0.692,1.3569699349930187,0.03900010174836098,0.0005667821112126835,433.64531580799974,455.68516474812316,0.0,1.0068268411117371
67.36016122936158,58310.40510446628,642.0767897793485,251.66491496278874,27.56122325036897,0.0003815170238353824,318.0213680961143,2.0189737363349,0.692,1.3569699349930187,0.03963327050497134,0.0005763349344336595,434.69962613257604,456.83498593431074,0.0,1.0152761639001722
67.51018386016194,58213.97509062917,643.4626255875664,251.9300368434439,27.917580922499667,0.0003860432294990765,318.18883726674454,2.0222664978285767,0.692,1.3569699349930187,0.04027677059341899,0.0005861194161716931,435.75571196662065,457.9867272404054,0.0,1.0238581032187584
67.66020649096231,58117.337238197935,644.8475504422738,252.1957381460312,28.27895678801286,0.00039062833971539315,318.3565840550835,2.0255511672744277,0.692,1.3569699349930187,0.040930769024556786,0.0005961416967109086,436.81356096419546,459.140374866189,0.0,1.0325746702410183
67.81022912176266,58020.491684991284,646.2315488695804,252.4620185436202,28.645424192059536,0.00039527314952267725,318.52460781628025,2.0288277043961265,0.692,1.3569699349930187,0.04159543540655471,0.0006064080871733005,437.87316055837493,460.2959147644885,0.0,1.0414279038090712
67.96025175256302,57923.43857117537,647.6146051433132,252.72887770289566,29.01705756398967,0.00039997846477033886,318.69290790209516,2.032096068301166,0.692,1.3569699349930187,0.042270941981184404,0.0006169250743665924,438.93449795696944,461.45333263639645,0.0,1.0504198707796422
68.11027438336339,57826.17803928973,648.9967032821723,252.99631528408509,29.39393243309836,0.00040474510226183217,318.86148366086815,2.035356217474126,0.692,1.3569699349930187,0.04295746366082414,0.000627699325594672,439.9975601393942,462.61261392777,0.0,1.0595526662272847
68.26029701416374,57728.71023428746,650.3778270459792,253.26433094084692,29.776125444532244,0.00040957388989867845,319.0303344374636,2.038608109767275,0.692,1.3569699349930187,0.04365517806566515,0.0006387376936648954,441.06233385295883,463.77374382508543,0.0,1.068828413706677
68.4103196449641,57631.03530358323,651.7579599307563,253.53292432013743,30.163714375379552,0.00041446566682581384,319.19945957320095,2.041851702387644,0.692,1.3569699349930187,0.044364265561098896,0.0006500472221193152,442.1288056084378,464.9367072504891,0.0,1.0782492655903348
68.56034227576447,57533.15339708964,653.1370851646428,253.80209506210934,30.556778151021437,0.0004194212835792309,319.3688584058061,2.0450869518866304,0.692,1.3569699349930187,0.04508490929564614,0.0006616351505311116,443.19696167612665,466.10148885738863,0.0,1.0878174033439447
68.71036490656482,57435.06466724797,654.5151857049619,254.07184280002602,30.95539686172741,0.000424441602235677,319.5385302693727,2.0483138141531856,0.692,1.3569699349930187,0.04581729523945733,0.0006735089198398109,444.2667880825591,467.26807302678367,0.0,1.097535037718745
68.86038753736518,57336.76926907941,655.8922442333143,254.34216716011923,31.359651779390568,0.0004295274965630809,319.70847449428794,2.0515322444010873,0.692,1.3569699349930187,0.046561612222810064,0.0006856761779824526,445.3382706060029,468.4364438622341,0.0,1.1074044090710067
69.01041016816555,57238.26736023239,657.2682431503051,254.61306776145776,31.769625374500574,0.0004346798521729301,319.8786904071656,2.0547421971550675,0.692,1.3569699349930187,0.04731805197493488,0.0006981447856910045,446.41139477172317,469.6065851845665,0.0,1.1174277876942738
69.1604327989659,57139.55910100649,658.6431645731265,254.88454421587997,32.185401333440005,0.0004398995666756561,320.0491773308195,2.0579436262456587,0.692,1.3569699349930187,0.04808680916374719,0.0007109228222142121,447.4861458489467,470.7784805284796,0.0,1.1276074739688124
69.31045542976626,57040.64465440664,660.0169903305308,255.1565961278438,32.60706457588641,0.00044518754983627513,320.2199345841852,2.0611364847962443,0.692,1.3569699349930187,0.048868081435414545,0.0007240185913849337,448.5625088462052,471.95211313734205,0.0,1.1379457986677424
69.46047806056663,56941.524186194285,661.3897019573301,255.42922309428425,33.03470127245407,0.00045054472373195716,320.39096148224655,2.064320725208657,0.692,1.3569699349930187,0.0496620694542186,0.0007374406278692017,449.64046850637635,473.12746595765134,0.0,1.1484451232797666
69.61050069136698,56842.197864917376,662.7612806911434,255.70242470452956,33.468398862660166,0.00045597202291256656,320.5622573359998,2.067496299155596,0.692,1.3569699349930187,0.050468976943230534,0.0007511977034067668,450.72000930307405,474.3045216349982,0.0,1.1591078401976367
69.76052332216734,56742.665861957335,664.1317074680943,255.97620054017074,33.908246073056,0.00046147039456215835,320.7338214523878,2.070663157570001,0.692,1.3569699349930187,0.05128901072509845,0.0007652988332807374,451.80111543635724,475.48326250927084,0.0,1.1699363729595684
69.91054595296771,56642.92835158497,665.50096291718,256.2505501749058,34.354332935554226,0.0004670407986618071,320.9056531342195,2.0738212506304237,0.692,1.3569699349930187,0.05212238076292289,0.0007797532830418838,452.8837708276036,476.6636706089289,0.0,1.180933176556773
70.06056858376806,56542.98551100264,666.8690273556069,256.5254731744229,34.80675080605705,0.000472684208155064,321.07775168011335,2.07697052774931,0.692,1.3569699349930187,0.0529693002017022,0.000794570575329665,453.9679591149619,477.8457276459191,0.0,1.1921007376813642
70.21059121456842,56442.837520380155,668.2358807854353,256.80096909629947,35.26559238335554,0.0004784016091156497,321.2501163844516,2.0801109375653373,0.692,1.3569699349930187,0.05382998541037086,0.000809760496766087,455.0536636495715,479.0294150114501,0.0,1.2034415748976721
70.36061384536879,56342.48456291445,669.6015028879701,257.07703748983675,35.73095172816755,0.000484194000915714,321.4227465372937,2.083242427929034,0.692,1.3569699349930187,0.054704656023676,0.0008253331051752954,456.1408674903607,480.214713770182,0.0,1.21495823892518
70.51063647616914,56241.926824884526,670.9658730177489,257.35367789590697,36.20292428244029,0.0004900623963962219,321.59564142429844,2.0863649458871474,0.692,1.3569699349930187,0.055593534984329396,0.0008412987369973954,457.22955339858584,481.40160465412293,0.0,1.2266533129269654
70.6606591069695,56141.16449567915,672.3289701997841,257.63088984687556,36.68160688903045,0.0004960078220408502,321.76880032669305,2.0894784376768847,0.692,1.3569699349930187,0.056496848586194755,0.0008576680146721178,458.31970383435385,482.59006805874094,0.0,1.2385294126380986
70.81068173776987,56040.19776786018,673.6907731238263,257.9086728664252,37.16709781147028,0.0005020313181497499,321.9422225211814,2.092582848711316,0.692,1.3569699349930187,0.05741482651708206,0.0008744518543908792,459.41130095125334,483.7800840369671,0.0,1.2505891866265795
70.96070436857022,55939.026837221754,675.0512601381009,258.1870264693913,37.65949675400326,0.0005081339390154465,322.11590727985885,2.0956781235631645,0.692,1.3569699349930187,0.058347701901771284,0.0008916614740571768,460.50432659065007,484.97163229282023,0.0,1.262835316561719
71.11072699937058,55837.65190282516,676.4104092456117,258.46595016166447,38.158904881993045,0.0005143167531021428,322.2898538701705,2.0987642059563356,0.692,1.3569699349930187,0.05929571134593648,0.0009093084012885492,461.5987622775548,486.16469217678815,0.0,1.2752705173693362
71.26074963017095,55736.07316705351,677.7681980992376,258.7454434400379,38.66542484249575,0.0005205808432258036,322.464061554834,2.1018410387539737,0.692,1.3569699349930187,0.06025909498003644,0.000927404481674255,462.69458921569446,487.3592426803198,0.0,1.287897537427005
71.4107722609713,55634.290835676606,679.1246039953318,259.0255057920277,39.17916078504191,0.000526927306735582,322.6385295917467,2.1049085639420304,0.692,1.3569699349930187,0.06123809650315178,0.0009459618873090466,463.79178828162685,488.5552624292513,0.0,1.3007191588076892
71.56079489177166,55532.305117899785,680.4796038684319,259.3061366957362,39.70021838275608,0.0005333572556981573,322.8132572339196,2.107966722616157,0.692,1.3569699349930187,0.0622329632273905,0.0009649931254655667,464.89034001953564,489.7527296779866,0.0,1.3137381974717792
71.71081752257203,55430.116226405684,681.8331742874448,259.5873356197355,40.22870485378116,0.0005398718170845515,322.9882437294237,2.11101545497314,0.692,1.3569699349930187,0.06324394612289178,0.0009845110473879562,465.99022463691,490.95162230467014,0.0,1.326957503396176
71.86084015337238,55327.72437742348,683.1852914492817,259.8691020228746,40.76472898282771,0.0005464721329571909,323.16348832129,2.1140547002947843,0.692,1.3569699349930187,0.0642712998624271,0.0010045288574216903,467.09142199858695,492.1519178045308,0.0,1.3403799607851892
72.01086278417274,55225.12979079245,684.535931172052,260.1514353541032,41.30840114301847,0.000553159360659306,323.3389902474193,2.11708439693043,0.692,1.3569699349930187,0.06531528286618442,0.0010250601223605064,468.19391162050647,493.3535932829038,0.0,1.354008488275898
72.16088541497311,55122.33268999421,685.8850688919377,260.4343350523805,41.85983331816715,0.0005599346730083501,323.51474874054566,2.120104482290568,0.692,1.3569699349930187,0.0663761573477143,0.001046118780845182,469.2976726657578,494.55662545080986,0.0,1.3678460390271472
72.31090804577346,55019.33330222608,687.2326796566992,260.71780054647155,42.419139125116516,0.0005667992584888086,323.69076302813016,2.1231148928305243,0.692,1.3569699349930187,0.06745418935916703,0.0010677191531223162,470.4026839384476,495.76099061810606,0.0,1.3818956008966836
72.46093067657382,54916.13185846958,688.5787381185958,261.00183125475667,42.98643383637031,0.0005737543214472754,323.8670323322629,2.12611556403236,0.692,1.3569699349930187,0.06854964883663475,0.0010898759510293964,471.50892387718955,496.96666468621163,0.0,1.3961601966116433
72.61095330737419,54812.72859353084,689.9232185302153,261.2864265851181,43.561834403155196,0.0005808010822914412,324.04355586961367,2.129106430395492,0.692,1.3569699349930187,0.06966280964647652,0.001112604288103528,472.61637055041706,498.17362314286675,0.0,1.410642883864674
72.76097593817454,54709.12374610391,691.2660947389339,261.5715859347637,44.14545947863841,0.0005879407776896079,324.2203328513432,2.132087425423387,0.692,1.3569699349930187,0.07079394963139245,0.0011359196899569796,473.72500165077463,499.3818410558682,0.0,1.425346755427755
72.9109985689749,54605.3175588458,692.6073401796973,261.8573086900185,44.73742944135768,0.0005951746607714168,324.3973624829956,2.135058481605265,0.692,1.3569699349930187,0.07194335065622041,0.0011598381049285243,474.8347944884217,500.59129306558714,0.0,1.440274939285086
73.06102119977525,54501.31027843296,693.9469278690686,262.1435942261667,45.33786641903319,0.000602504001331845,324.57464396442185,2.1380195304015657,0.692,1.3569699349930187,0.07311129865427318,0.0011843759149280887,475.9457259851289,501.80195337837165,0.0,1.4554305987300133
73.21104383057562,54397.1021556095,695.2848304009314,262.430441907317,45.94689431271536,0.0006099300860378846,324.7521764897182,2.140970502234477,0.692,1.3569699349930187,0.07429808367424158,0.0012095499464699702,477.05777266939333,503.01379576108707,0.0,1.4708169324226854
73.36106646137598,54292.69344526741,696.6210199393254,262.71785108617934,46.56463882103312,0.0006174542186350131,324.92995924711,2.143911326470033,0.692,1.3569699349930187,0.07550399992635147,0.0012353774820136588,478.17091066967714,504.22679353356386,0.0,1.4864371744800045
73.51108909217633,54188.08440651982,697.9554682108082,263.005821103861,47.19122746476322,0.0006250777201561377,325.10799141884814,2.1468419313987503,0.692,1.3569699349930187,0.07672934582854518,0.0012618762715308695,479.2851157073359,505.44091956069553,0.0,1.5022945945442088
73.6611117229767,54083.275302738184,699.2881465009502,263.29435128976223,47.8267896119052,0.0006328019291352354,325.28627218116696,2.1497622442286293,0.692,1.3569699349930187,0.07797442405396114,0.0012890645442626158,480.4003630921761,506.6561462474718,0.0,1.5183924978074377
73.81113435377706,53978.266401637164,700.6190256470427,263.5834409613396,48.4714565027633,0.0006406282018196001,325.4648007041611,2.152672191067097,0.692,1.3569699349930187,0.07923954157724858,0.001316961020768735,481.5166277155181,507.87244553123014,0.0,1.5347342250523612
73.96115698457741,53873.057975353586,701.9480760301727,263.8730894238867,49.125361275348986,0.0006485579123845015,325.6435761516733,2.155571696901001,0.692,1.3569699349930187,0.0805250097207998,0.0013455849252018628,482.6338840428457,509.0897888734446,0.0,1.5513231526657347
74.11117961537778,53767.65030049286,703.2752675705667,264.1632959704039,49.78863899127724,0.0006565924531523405,325.8225976812373,2.158460685586343,0.692,1.3569699349930187,0.08183114420203337,0.0013749559978348598,483.75210610855027,510.3081472538487,0.0,1.568162692640673
74.26120224617814,53662.043658202216,704.6005697213863,264.4540598813938,50.461426661793816,0.0006647332348118678,326.0018644439757,2.161339079833618,0.692,1.3569699349930187,0.08315826518009978,0.0014050945078337336,484.8712675096177,511.52749116338424,0.0,1.5852562925613036
74.4112248769785,53556.238334257156,705.9239514606683,264.7453804246211,51.143863274012155,0.0006729816866384195,326.18137558447603,2.164206801187656,0.692,1.3569699349930187,0.08450669730199213,0.0014360212662643441,485.9913413980923,512.7477905957826,0.0,1.6026074355619393
74.56124750777886,53450.23461912623,707.2453812846995,265.03725685493146,51.83608981757986,0.0006813392567178107,326.36113024070335,2.167063770011705,0.692,1.3569699349930187,0.08587676974912413,0.001467757639362533,487.1123004744637,513.9690150401744,0.0,1.6202196402764701
74.71127013857922,53344.032808026896,708.5648272032219,265.32968841409513,52.538249311706046,0.0006898074121730293,326.5411275439289,2.1699099054770676,0.692,1.3569699349930187,0.08726881628438035,0.0015003255620845907,488.2341169822055,515.1911334749856,0.0,1.6380964607854438
74.86129276937957,53237.63320101768,709.8822567314566,265.6226743305506,53.250486832250886,0.0006983876393901097,326.72136661859724,2.172745125543465,0.692,1.3569699349930187,0.08868317529795049,0.0015337475518664848,489.35676270019565,516.414114359473,0.0,1.6562414865198947
75.01131540017994,53131.036103082384,711.1976368816254,265.9162138191696,53.97294953915864,0.0007070814442465754,326.901846582207,2.175569346937838,0.692,1.3569699349930187,0.09012018985294591,0.0015680467225903329,490.48020893480725,517.6379256248869,0.0,1.6746583421219832
75.1613380309803,53024.24182417287,712.51093415906,266.2103060811373,54.705786704473425,0.0007158903523452994,327.0825665452631,2.178382485146788,0.692,1.3569699349930187,0.09158020773243422,0.0016032467989635269,491.60442651498056,518.8625346689612,0.0,1.69335068737196
75.31136066178065,52917.250679306715,713.8221145541095,266.50495030367966,55.449149740287986,0.0007248159092459456,327.2635256111351,2.1811844543968384,0.692,1.3569699349930187,0.09306358148469428,0.0016393721310204278,492.7293857844759,520.0879083472624,0.0,1.7123222170226708
75.46138329258102,52810.06298865774,715.1311435333721,266.800145659812,56.203192227033895,0.0007338596806989002,327.44472287592896,2.183975167632615,0.692,1.3569699349930187,0.09457066846810767,0.0016764477088089264,493.8550565936847,521.3140129640419,0.0,1.7315766605786203
75.61140592338138,52702.67907760928,716.4379860345537,267.095891308189,56.96806994233458,0.0007430232528843247,327.62615742842206,2.1867545365057643,0.692,1.3569699349930187,0.09610183089713531,0.001714499177530018,494.98140829381555,522.540814265735,0.0,1.7511177821588317
75.76142855418173,52595.099276838344,717.7426064596066,267.3921863928701,57.74394088995028,0.0007523082326506564,327.80782834994596,2.1895224713590182,0.692,1.3569699349930187,0.0976574358872636,0.001753552852842772,496.1084097298876,523.7682774331372,0.0,1.7709493802898886
75.9114511849821,52487.32392241471,719.0449686658419,267.68903004304343,58.53096532891263,0.0007617162477537245,327.98973471424466,2.1922788812043077,0.692,1.3569699349930187,0.0992378554989037,0.0017936357362881936,497.2360292323684,524.9963670720631,0.0,1.7910752876093419
76.06147381578246,52379.35335587506,720.3450359586459,267.9864213728188,59.32930580313989,0.000771248947099951,328.1718755873754,2.1950236737055637,0.692,1.3569699349930187,0.1008434667816219,0.001834775531064671,498.3642346098725,526.2250472051874,0.0,1.8114993705996048
76.21149644658281,52271.18792428697,721.6427710862013,268.2843594810483,60.13912717143513,0.0007809080009924351,328.35425002762685,2.1977567551675796,0.692,1.3569699349930187,0.10247465181867386,0.0018770006582070117,499.49299314314993,527.4542812653281,0.0,1.8322255293738123
76.36151907738318,52162.82798035464,722.9381362307232,268.58284345103135,60.96059663747884,0.0007906951013752731,328.5368570853671,2.2004780305147764,0.692,1.3569699349930187,0.10413179776967581,0.0019203402727573696,500.6222715767148,528.6840320860983,0.0,1.8532576973092862
76.51154170818354,52054.273882514986,724.2310929991756,268.881872350248,61.79388378019007,0.0008006119620805726,328.7196958029093,2.203187403268356,0.692,1.3569699349930187,0.10581529691272164,0.0019648242800745504,501.7520361101368,529.9142618921767,0.0,1.874599840608916
76.6615643389839,51945.52599498659,725.521602419014,269.1814452302195,62.63916058474792,0.0008106603190816083,328.9027652144555,2.205884775538296,0.692,1.3569699349930187,0.10752554668799695,0.0020104833529031047,502.8822523926656,531.1449322932989,0.0,1.8962559580880967
76.81158696978426,51836.584687881405,726.8096249293294,269.481561126198,63.49660147344349,0.0008208419307422195,329.0860643459364,2.2085700480021075,0.692,1.3569699349930187,0.10926294973880128,0.002057348948227815,504.0128855147189,532.3760042747533,0.0,1.9182300807140058
76.96160960058462,51727.450337308226,728.0951203712887,269.7822190568783,64.36638333688533,0.0008311585780686772,329.26959221486555,2.2112431198814395,0.692,1.3569699349930187,0.11102791395180596,0.002105453324208841,505.143899998909,533.6074381873577,0.0,1.9405262710515856
77.11163223138497,51618.12332543192,729.37804798268,270.08341802423047,65.24868556585268,0.0008416120649674838,329.4533478302673,2.213903888930738,0.692,1.3569699349930187,0.11282085249843848,0.0021548295578915264,506.2752597938179,534.8391937405021,0.0,1.9631486229391446
77.26165486218534,51508.60404057567,730.6583663899144,270.3851570132155,66.14369008311827,0.000852204218501039,329.6373301925342,2.21655225141871,0.692,1.3569699349930187,0.1146421838743173,0.0022055115627965575,507.40692826600247,536.07122999322,0.0,1.9861012609719755
77.4116774929857,51398.892877349776,731.9360306800965,270.65,67.05158920024417,0.0008630563470935842,329.79873100377444,2.2193415616014596,0.692,1.3569699349930187,0.1165084572571819,0.00225753500415872,508.5014313027451,537.2660682265032,0.0,2.0093887393516505
77.56170012378605,51288.990243915636,733.210881670456,270.65,67.97320128976793,0.0008749189020741419,329.79873100377444,2.2232071040384467,0.692,1.3569699349930187,0.1185216395541163,0.0023109717535446253,509.330709249213,538.1956351597069,0.0,2.033031165617037
77.71172275458642,51178.89657348406,734.4827954070688,270.65,68.90914825436691,0.0008869659687876208,329.79873100377444,2.2270637402745583,0.692,1.3569699349930187,0.1205708324734139,0.0023658847802382845,510.15951469720983,539.1246724526899,0.0,2.0570436758062134
77.86174538538678,51068.61231102614,735.7517169376295,270.65,69.85966939658623,0.0008992006274232141,329.79873100377444,2.230911303686032,0.692,1.3569699349930187,0.1226566834610128,0.0024223169371296828,510.98780179373165,540.0531287072007,0.0,2.081431872637677
78.01176801618713,50958.13790942719,737.01759227127,270.65,70.8250081596345,0.0009116260114667776,329.79873100377444,2.234749630564331,0.692,1.3569699349930187,0.1247798516662048,0.002480311672119525,511.81552509086646,540.98095297907,0.0,2.1062011529094393
78.1617906469875,50847.4738298409,738.2803660663038,270.65,71.80541219642156,0.0009242453085894498,329.79873100377444,2.2385785531050284,0.692,1.3569699349930187,0.126941007353059,0.0025399137680709263,512.6426380368414,541.908093086772,0.0,2.131357020165423
78.31181327778786,50736.6205417766,739.5399820225741,270.65,72.8011334419732,0.0009370617615797415,329.79873100377444,2.2423979005974717,0.692,1.3569699349930187,0.1291408321895725,0.002601169247111393,513.4690932275875,542.8344958934116,0.0,2.156905029094304
78.46183590858821,50625.5785232532,740.7963828304299,270.65,73.8124281864009,0.0009500786692827661,329.79873100377444,2.2462074992700676,0.692,1.3569699349930187,0.13138001939195426,0.0026641254125806617,514.2948423693678,543.7601072648338,0.0,2.1828507898586684
78.61185853938858,50514.348260986255,742.0495101497329,270.65,74.83955714869714,0.0009632993875500998,329.79873100377444,2.250007172226628,0.692,1.3569699349930187,0.1336592738784951,0.0027288308801054224,515.119836260921,544.6848720496075,0.0,2.209199967435903
78.76188117018894,50402.930250528196,743.2993045926072,270.65,75.88278555209008,0.0009767273302097096,329.79873100377444,2.253796739394065,0.692,1.3569699349930187,0.13597931242571681,0.0027953356094489418,515.9440247780093,545.6087340617046,0.0,2.2359582810261487
78.9119038009893,50291.32499639038,744.5457057108301,270.65,76.94238320074089,0.0009903659700531658,329.79873100377444,2.257576017484158,0.692,1.3569699349930187,0.13834086382679125,0.0028636909372592944,516.7673568609945,546.5316360665734,0.0,2.2631315035682213
79.06192643178966,50179.533012244356,745.7886519749135,270.65,78.01862455686623,0.001004218839828327,329.79873100377444,2.261344819930123,0.692,1.3569699349930187,0.14074466904576277,0.0029339496095871203,517.5897804969072,547.4535197610403,0.0,2.2907254609111276
79.21194906259002,50067.55482110594,747.0280807517664,270.65,79.11178881917475,0.0010182895332489358,329.79873100377444,2.265102956818888,0.692,1.3569699349930187,0.1431914813713327,0.003006165814560446,518.4112427005182,548.3743257520905,0.0,2.318746030816907
79.36197169339037,49955.390955429255,748.2639282944185,270.65,80.22216000336877,0.0010325817060308,329.79873100377444,2.268850234859924,0.692,1.3569699349930187,0.1456820665766276,0.0030803952169620166,519.2316895033582,549.2939935445613,0.0,2.3471991424726517
79.51199432419074,49843.04195732182,749.4961297206045,270.65,81.35002702267691,0.0010470990769283696,329.79873100377444,2.2725864573203185,0.692,1.3569699349930187,0.1482172030724763,0.003156694991956039,520.0510659353465,550.212461520548,0.0,2.376090775431497
79.6620169549911,49730.50837874473,750.7246189894365,270.65,82.49568376970632,0.0010618454287883,329.79873100377444,2.276311423954038,0.692,1.3569699349930187,0.15079768205959632,0.003235123858773876,520.8693160050931,551.1296669173246,0.0,2.405426958329708
79.81203958579145,49617.79078162968,751.949328887781,270.65,83.65942920034563,0.0010768246096294122,329.79873100377444,2.28002493096062,0.692,1.3569699349930187,0.1534243076855361,0.003315742116305735,521.6863826866223,552.0455458124611,0.0,2.435213768113721
79.96206221659182,49504.88973806669,753.1701910118996,270.65,84.84156741819467,0.0010920405337294303,329.79873100377444,2.2837267709295093,0.692,1.3569699349930187,0.15609789719788694,0.00339861167835943,522.5022079029367,552.9600331054003,0.0,2.465457328921943
80.11208484739218,49391.805830524725,754.3871357436534,270.65,86.04240775986072,0.0011074971827228764,329.79873100377444,2.2874167327679005,0.692,1.3569699349930187,0.15881928109370025,0.0034837961082932758,523.3167325059198,553.8730624949301,0.0,2.4961638105449073
80.26210747819253,49278.539652016196,755.6000922310249,270.65,87.26226488206551,0.0011231986067222694,329.79873100377444,2.291094601641682,0.692,1.3569699349930187,0.16158930327059318,0.0035713606546982643,524.1298962590863,554.7845664598467,0.0,2.5273394270931995
80.4121301089929,49165.0918062411,756.8089883738663,270.65,88.50145885023295,0.0011391489254583853,329.79873100377444,2.2947601589322213,0.692,1.3569699349930187,0.16440882117936403,0.003661372288404772,524.9416378238249,555.6944762435351,0.0,2.558990435953354
80.56215273979326,49051.462907824236,758.0137508003003,270.65,89.76031522732886,0.0011553523294237592,329.79873100377444,2.298413182164807,0.692,1.3569699349930187,0.16727870596947153,0.003753899737960821,525.7518947393695,556.6027218315166,0.0,2.5911231360234783
80.71217537059361,48937.65358253088,759.2143048416455,270.65,91.03916516415435,0.0011718130810349,329.79873100377444,2.30205344493262,0.692,1.3569699349930187,0.17019984263247528,0.003849013524715862,526.5606034017396,557.509231927844,0.0,2.6237438656781498
80.86219800139398,48823.66446737734,760.4105745208868,270.65,92.33834549208213,0.0011885355158259474,329.79873100377444,2.3056807168617763,0.692,1.3569699349930187,0.1731731301518581,0.003946786001382813,527.3676990517849,558.4139339416986,0.0,2.6568590017930207
81.01222063219433,48709.496210884194,761.6024825286607,270.65,93.65819881547927,0.0012055240436382952,329.79873100377444,2.309294763538506,0.692,1.3569699349930187,0.17619948164251326,0.004047291387808894,528.1731157548361,559.3167539645815,0.0,2.6904749576571385
81.16224326299469,48595.14947331048,762.789950197228,270.65,94.99907360557067,0.001222783149828756,329.79873100377444,2.312895346430239,0.692,1.3569699349930187,0.17927982448722615,0.0041506058059481545,528.9767863789682,560.2176167459472,0.0,2.7245981805251698
81.31226589379506,48480.624926790624,763.9728974853145,270.65,96.36132429670602,0.0012403173965086646,329.79873100377444,2.316482222839636,0.692,1.3569699349930187,0.18241510047778992,0.004256807318085524,529.7786425806032,561.1164456770663,0.0,2.759235150158742
81.46228852459541,48365.92325555503,765.1512429576667,270.65,97.74531138295269,0.0012581314237871768,329.79873100377444,2.320055145842601,0.692,1.3569699349930187,0.18560626594934887,0.0043659759635630456,530.5786147865638,562.013162770907,0.0,2.7943923767565453
81.61231115539577,48251.04515618804,766.3249037586654,270.65,99.15140151549306,0.0012762299510249207,329.79873100377444,2.323613864208274,0.692,1.3569699349930187,0.18885429190800251,0.004478193793447844,531.376632172095,562.9076886375012,0.0,2.830076398153014
81.76233378619614,48135.99133781969,767.4937955908265,270.65,100.57996760207678,0.001294617778114099,329.79873100377444,2.327158122333839,0.692,1.3569699349930187,0.19216016415888082,0.004593544906595059,532.1726226421994,563.79994246302,0.0,2.866293777433188
81.91235641699649,48020.76252229458,768.6578326990652,270.65,102.03138890806389,0.00131329978677907,329.79873100377444,2.3306876601968134,0.692,1.3569699349930187,0.1955248834342777,0.004712115487620025,532.9665128169217,564.6898419932807,0.0,2.903051101093804
82.06237904779685,47905.359444449095,769.8169278447017,270.65,103.50605115740453,0.0013322809418761085,329.79873100377444,2.334202213276228,0.692,1.3569699349930187,0.19894946551044276,0.004833993841013033,533.7582280096808,565.5773035094568,0.0,2.940354975955443
82.21240167859722,47789.78285236212,770.970992278016,270.65,105.00434663517557,0.00135156629271321,329.79873100377444,2.337701512469411,0.692,1.3569699349930187,0.20243494131986747,0.004959270423826218,534.5476922046086,566.4622418026778,0.0,2.978212025671581
82.36242430939757,47674.033507483924,772.1199357256438,270.65,106.52667429297507,0.0013711609744066781,329.79873100377444,2.341185284053768,0.692,1.3569699349930187,0.20598235706989018,0.005088037884323852,535.3348280440625,567.3445701600307,0.0,3.0166288890718236
82.51244694019793,47558.1121849316,773.2636663643465,270.65,108.07343985345639,0.0013910702092266383,329.79873100377444,2.3446532496072483,0.692,1.3569699349930187,0.20959277434560641,0.005220391094474607,536.1195568068786,568.2242003401828,0.0,3.0556122166400823
82.6624695709983,47442.019673760835,774.402090792773,270.65,109.64505591637642,0.0014112993079620404,329.79873100377444,2.348105125922726,0.692,1.3569699349930187,0.21326727020689779,0.005356427180285431,536.9017983852611,569.1010425474773,0.0,3.0951686664553093
82.81249220179865,47325.75677764636,775.5350857271306,270.5828643772273,111.24198382411579,0.001432209473064722,329.75782463684675,2.351832247138354,0.692,1.3569699349930187,0.2170608455727732,0.005496258127711554,537.6143161669228,569.9078479564283,0.0,3.1353084871053056
82.96251483259901,47209.32433404895,776.6623352340756,270.2616482826102,112.8659436804569,0.0014548445872553356,329.56203438296006,2.35664989958028,0.692,1.3569699349930187,0.22113278671162084,0.0056400843467477105,538.0699310358725,570.457409119902,0.0,3.1760659882920503
83.11253746339938,47092.72322430576,777.783597908519,269.93995516270024,114.51805368279742,0.0014778994703095207,329.3658367225936,2.3614580238435674,0.692,1.3569699349930187,0.22528615457724907,0.00578807802979954,538.5220624633992,571.0031232600818,0.0,3.2174655555455054
83.26256009419973,46975.954357405135,778.8987309899335,269.6177874739841,116.19885584168689,0.0015013827366667561,329.1692324267869,2.366256181501333,0.692,1.3569699349930187,0.22952260178227923,0.005940370536867484,538.9705962873059,571.5448621114535,0.0,3.2595187630251945
83.41258272500009,46859.01866225387,780.0076248455927,269.2951477281943,117.90890322879083,0.0015253031884164296,328.97222230065717,2.3710440334160534,0.692,1.3569699349930187,0.23384383355239513,0.006097080287033008,539.4154408783788,572.082522659839,0.0,3.3022327072569304
83.56260535580046,46741.91708398049,781.1101507849182,268.97203848212007,119.64876026363844,0.0015496698202845992,328.7748071772839,2.375821181346548,0.692,1.3569699349930187,0.2382515783268256,0.006258336516754908,539.8564911048541,572.6159867501256,0.0,3.3456166250798725
83.71262798660081,46624.650587581986,782.2061803057044,268.64846234767975,121.41900289871005,0.0015744918232273404,328.57698792396246,2.380587226293274,0.692,1.3569699349930187,0.24274759924316264,0.006424270523135467,540.2936416235655,573.1451359835653,0.0,3.3896794304490117
83.86265061740117,46507.22015743124,783.2955822968288,268.32442199057283,123.22021886826,0.0015997785889421859,328.378765441493,2.3853417599756095,0.692,1.3569699349930187,0.24733369303039154,0.006595016999147138,540.7267849412628,573.6698495448011,0.0,3.434430064995441
84.01267324820154,46389.62679778288,784.378222980618,267.9999201316873,125.05300792712382,0.0016255397142681085,328.180140665154,2.3900843646140313,0.692,1.3569699349930187,0.2520116904537721,0.00677071408624402,541.1558113708227,574.1900041526114,0.0,3.4798774922348397
84.16269587900189,46271.87153324336,785.4539658499223,267.6749595484083,126.91798209439547,0.0016517850056826317,327.9811145656199,2.394814612695557,0.692,1.3569699349930187,0.25678345675183883,0.006951503422466104,541.580608983727,574.7054740064845,0.0,3.526030690779259
84.31271850980225,46153.955409045215,786.5226716315299,267.3495430753869,128.81576590467395,0.0016785244839348597,327.7816881495515,2.3995320668208784,0.692,1.3569699349930187,0.2616508920911616,0.00713753020058546,542.0010635804406,575.216130753319,0.0,3.572898650307129
84.46274114060262,46035.879491493215,787.5841982365052,267.0236736057832,130.74699666122484,0.0017057683887357026,327.58186246047967,2.4042362795086722,0.692,1.3569699349930187,0.2666159320010445,0.00732894321915775,542.4170586523312,575.72184344459,0.0,3.6204903658315475
84.61276377140297,45917.64486848646,788.6384006959198,266.6973540927198,132.71232469239996,0.0017335271835246734,327.3816385798233,2.408926792953391,0.692,1.3569699349930187,0.2716805477879009,0.007525894924472312,542.8284753337277,576.2224784824325,0.0,3.6688148299502297
84.76278640220333,45799.25264990634,789.6851311084038,266.3705875503649,134.71241361480747,0.0017618115603632329,327.18101762768254,2.413603138819717,0.692,1.3569699349930187,0.276846746953239,0.007728541455769947,543.2351923619883,576.7178995747499,0.0,3.7178810262617823
84.9128090330037,45680.70396796187,790.724238601519,266.0433770548983,136.74794060192647,0.0017906324449371797,326.98000076356504,2.418264838078832,0.692,1.3569699349930187,0.28211657361376674,0.007937042695425668,543.6370860473398,577.2079677012894,0.0,3.7676979242751822
85.06283166380405,45561.99997775549,791.7555692680245,265.7157257460862,138.81959665368527,0.0018200010016053627,326.778589187489,2.4229114007642503,0.692,1.3569699349930187,0.28749210888542115,0.008151562303512076,544.0340302259494,577.6925410608466,0.0,3.8182744708807634
85.21285429460441,45443.14185779623,792.7789660982196,265.3876368287111,140.92808687148434,0.001849928638558648,326.57678414100246,2.427542325715138,0.692,1.3569699349930187,0.29297547125343454,0.008372267745295947,544.4258962102522,578.1714750154147,0.0,3.86961958070052
85.36287692540478,45324.13081026484,793.7942689488168,265.05911357331706,143.07413074235313,0.0018804270131424533,326.37458690778493,2.4321571004334914,0.692,1.3569699349930187,0.2985688169655583,0.008599330338191461,544.8125527645041,578.6446220626897,0.0,3.921742131506661
85.51289955620513,45204.96806162298,794.8013144781307,264.7301593179055,145.25846242184463,0.001911508037196128,326.17199881483816,2.436755200832935,0.692,1.3569699349930187,0.304274340373411,0.008832925274687032,545.1938660578977,579.111831783312,0.0,3.974650954494739
85.66292218700549,45085.65486317498,795.7999360759015,264.4007774694998,147.48183102234145,0.001943183882504357,325.9690212336009,2.441336090970446,0.692,1.3569699349930187,0.31009427425435315,0.009073231635344882,545.5696996139816,579.5729507839781,0.0,4.02835482304289
85.81294481780586,44966.19249139514,796.78996382265,264.0709715050638,149.74500091045846,0.0019754669864140272,325.76565558066966,2.4458992228704726,0.692,1.3569699349930187,0.3160308901479887,0.009320432418980711,545.9399142805485,580.0278226635778,0.0,4.082862446078926
85.96296744860621,44846.5822484633,797.7712244345744,263.74074497299483,152.0487520054809,0.002008370057502678,325.5619033188784,2.45044403630108,0.692,1.3569699349930187,0.32208649865488215,0.009574714557893648,546.304368190264,580.4762879688797,0.0,4.138182458730657
86.11299007940657,44726.82546288791,798.7435411927362,263.41010149485896,154.39388008078726,0.002041906081326745,325.35776595853184,2.4549699584995897,0.692,1.3569699349930187,0.3282634496977434,0.009836268914644349,546.6629167107479,580.9181841383665,0.0,4.19432340979877
86.26301271020694,44606.923489966204,799.7067338856712,263.0790447666771,156.78119707308838,0.0020760883263193745,325.1532450583669,2.4594764039402994,0.692,1.3569699349930187,0.3345641327772251,0.010105290283266014,547.0154124040419,581.3533454566449,0.0,4.251293751207053
86.41303534100729,44486.8777121968,800.6606187672428,262.7475785600798,159.21153139750916,0.0021109303498106713,324.94834222643743,2.4639627741486043,0.692,1.3569699349930187,0.34099097721906774,0.010381977397894145,547.3617049971815,581.7816030213198,0.0,4.3091018299201655
86.56305797180765,44366.68953995383,801.6050084873377,262.41570672418436,161.6857282622184,0.002146446004080898,324.74305912145,2.4684284574271596,0.692,1.3569699349930187,0.34754645236106696,0.01066653291127368,547.7016413346689,582.2027846894907,0.0,4.367755874459526
86.71308060260802,44246.360412092865,802.5397120191184,262.08343318728487,164.20464998893422,0.0021826494425377565,324.53739745398946,2.4728728285710018,0.692,1.3569699349930187,0.3542330677104722,0.010959163359280844,548.0350653287001,582.6167150217574,0.0,4.4272639798242865
86.86310323340837,44125.8917962651,803.4645346256822,261.7507619577359,166.7691763442539,0.0022195551260899456,324.33135898725067,2.4772952487066355,0.692,1.3569699349930187,0.3610533731195474,0.011260079158388957,548.3618179371181,583.0232152573985,0.0,4.487634100380396
87.01312586420873,44005.28518964101,804.3792777908058,261.4176971259678,169.3802048672108,0.0022571778295081063,324.1249455384755,2.481695065014122,0.692,1.3569699349930187,0.36800995887873655,0.011569494558777399,548.6817371174873,583.4221032626482,0.0,4.548874034838292
87.1631484950091,43884.54211957093,805.2837391449287,261.0842428663286,172.03865120249122,0.0022955326479090444,323.9181589802883,2.4860716104339597,0.692,1.3569699349930187,0.3751054557720544,0.011887627578764508,548.9946577780861,583.8131934755404,0.0,4.610991409082332
87.31317112580945,43763.66414396916,806.1777124225081,260.7504034381622,174.74544944425955,0.0023346350034356557,323.71100124156305,2.4904242034731268,0.692,1.3569699349930187,0.3823425351378609,0.012214699967444882,549.3004117511068,584.1962968757359,0.0,4.673993666092082
87.46319375660981,43642.6528519472,807.0609874044378,260.41618318757514,177.50155247919082,0.0023745006519691283,323.5034743087234,2.494752147960703,0.692,1.3569699349930187,0.3897239088649133,0.012550937139789532,549.5988277565373,584.5712209438234,0.0,4.7378880518416615
87.61321638741018,43521.50986454471,807.9333498448419,260.08158654947374,180.30793233155998,0.0024151456899147777,323.2955802272152,2.4990547327526675,0.692,1.3569699349930187,0.3972523293253308,0.012896568078552186,549.8897313557648,584.9377696090652,0.0,4.802681596552716
87.76323901821053,43400.23683526507,808.794581412374,259.74661804906214,183.16558051700295,0.0024565865611579766,323.08732110265163,2.503331231482782,0.692,1.3569699349930187,0.40493058928585185,0.013251825242281492,550.1729449156854,585.2957432089859,0.0,4.868381099023448
87.91326164901089,43278.83545055973,809.6444596474036,259.411282303199,186.075508401941,0.002498840064147773,322.8786991018746,2.5075809023621742,0.692,1.3569699349930187,0.4127615217909371,0.013616944484404356,550.4482875848304,585.6449384624464,0.0,4.9349931147254615
88.06328427981126,43157.307430617395,810.4827578919704,259.07558402259673,189.03874755999442,0.002541923358982934,322.6697164545467,2.5118029878894452,0.692,1.3569699349930187,0.420747999951479,0.013992164919841184,550.7155752515799,585.9851484225396,0.0,5.00252393602473
88.2133069106116,43035.65453006407,811.309245217626,258.73952801377504,192.056350134262,0.00258585397462951,322.4603754545965,2.5159967145540367,0.692,1.3569699349930187,0.4288929366803748,0.014377728767291797,550.9746205013753,586.316162428391,0.0,5.070979570289246
88.36332954141197,42913.878538328136,812.1236863926066,258.4031191800897,195.12938921187063,0.00263064981636429,322.25067846109414,2.520161292664759,0.692,1.3569699349930187,0.4371992844318997,0.01477388124460015,551.2252326021668,586.637766088722,0.0,5.140365729635232
88.51335217221232,42791.98128048341,812.9258418139722,258.0663625240815,198.2589591906546,0.0026763291731517875,322.040627899955,2.5242959160622287,0.692,1.3569699349930187,0.4456700348171025,0.01518087038943056,551.4672174669083,586.9497412395252,0.0,5.210687809378195
88.66337480301269,42669.96461800778,813.7154674367387,257.7292631495935,201.44617615119387,0.002722910725147356,321.83022626550553,2.528399761821733,0.692,1.3569699349930187,0.4543082181547154,0.015598946848650128,551.7003776145514,587.2518659000854,0.0,5.28195086365168
88.81339743381305,42547.83044922364,814.4923147333791,257.3918262630087,204.69217824057597,0.0027704135514205336,321.61947612150794,2.532471990053437,0.692,1.3569699349930187,0.46311690300742275,0.01602836371197275,551.9245121530662,587.5439142537967,0.0,5.354159591170858
88.9634200646134,42425.58071003048,815.2561306397221,257.05405717529567,207.99812605210948,0.0028188571376690673,321.40838010269397,2.5365117436553386,0.692,1.3569699349930187,0.47209919561524405,0.016469376300057056,552.1394167545378,587.8256566200009,0.0,5.427318315486099
89.11344269541377,42303.217374741296,816.0066574874904,256.7159613043418,211.36520300510412,0.0028682613839836743,321.19694091648563,2.5405181480220267,0.692,1.3569699349930187,0.4812582392306534,0.016922241898567548,552.3448836219752,588.0968594164992,0.0,5.501430958928038
89.26346532621413,42180.74245668938,816.7436329512326,256.377544176652,214.79461573359242,0.0029186466127941804,320.985161344327,2.5444903108000556,0.692,1.3569699349930187,0.49059721340491497,0.017387219500962704,552.5407014670252,588.3572851343656,0.0,5.576501020984417
89.41348795701448,42058.158008782935,817.4667900102786,256.03881142890407,218.28759447945632,0.0029700335769315953,320.773044242932,2.548427321689737,0.692,1.3569699349930187,0.5001193332138911,0.017864569567941895,552.7266554996597,588.6066923262,0.0,5.652531562048439
89.56351058781485,41935.46612440492,818.1758568870799,255.6997688104584,221.8453934783159,0.0030224434676352756,320.56059254613626,2.5523282521675683,0.692,1.3569699349930187,0.5098278483448664,0.018354553703685515,552.9025274029793,588.8448355775802,0.0,5.729525176531398
89.71353321861521,41812.668938197756,818.8705569860582,255.36042218555,225.46929135043266,0.0030758979226851576,320.34780926655844,2.5561921552105376,0.692,1.3569699349930187,0.5197260420974134,0.018857434294378726,553.0680953093495,589.0714654800469,0.0,5.807483963408352
89.86355584941556,41689.76862647524,819.5506088662808,255.02077753445081,229.16059150455334,0.0031304190347770373,320.1346974966223,2.5600180651299995,0.692,1.3569699349930187,0.5298172303572888,0.01937347422752675,553.2231338014624,589.286328632154,0.0,5.886409512540966
90.01357848021593,41566.76740817706,820.2157261856189,254.68084095613193,232.9206225275876,0.0031860293597416227,319.92126041052614,2.5638049973081185,0.692,1.3569699349930187,0.5401047603952293,0.019902936496739604,553.3674138956455,589.4891676204361,0.0,5.966302876129006
90.16360111101629,41443.66754571135,820.8656176454349,254.34061867061698,236.7507385783377,0.0032427519248755215,319.707501266027,2.5675519479363005,0.692,1.3569699349930187,0.5505920095656592,0.020446083759739674,553.500703026714,589.6797210021448,0.0,6.047164536752468
90.31362374181664,41320.47134544237,821.4999869595247,254.00011702035525,240.65231979311983,0.0033006102375011523,319.49342340561617,2.5712578938333293,0.692,1.3569699349930187,0.5612823839532733,0.021003177961996893,553.6227650510659,589.8577233085523,0.0,6.128994388821425
90.463646372617,41197.18115851149,822.1185328139636,253.65934247251633,244.62677268193852,0.0033596282934402755,319.2790302582808,2.5749217922295453,0.692,1.3569699349930187,0.5721793168673458,0.02157447989317425,553.7333602457272,590.0229050436025,0.0,6.21179171316811
90.61366900341737,41073.79938176065,822.7209488194544,253.31830162156874,248.6755305211909,0.003419830585488833,319.0643253414517,2.578542580525123,0.692,1.3569699349930187,0.5832862671945465,0.022160248664537825,553.832245303897,590.174992678607,0.0,6.295555143796817
90.76369163421772,40950.3284583926,823.3069234756993,252.9770011911312,252.8000537543898,0.00348124211206389,318.8493122625023,2.5821191760886943,0.692,1.3569699349930187,0.594606717661438,0.022760741199393992,553.919173340289,590.3137086580075,0.0,6.380282640502472
90.91371426501809,40826.77087858298,823.87614014737,252.63544803569164,257.00183039417846,0.003543888385923484,318.63399472017045,2.5856504760922054,0.692,1.3569699349930187,0.6061441729866391,0.02337621174889433,553.9938939066533,590.4387714165671,0.0,6.465971468619593
91.06373689581845,40703.12918046831,824.4282770262236,252.29364914336546,261.2823764106155,0.003607795442735229,318.4183765066434,2.5891353572962608,0.692,1.3569699349930187,0.6179021578434954,0.024006911289417208,554.0561530001202,590.5498953883902,0.0,6.552618165695074
91.2137595266188,40579.40595098579,824.9630070981775,251.95161163824474,265.64323612226326,0.003672989849739119,318.2024615093934,2.59257267585224,0.692,1.3569699349930187,0.629884214696199,0.02465308686875422,554.1056930767118,590.6467910217835,0.0,6.640218505397604
91.36378215741917,40455.60382631824,825.4799981296964,251.60934278165684,270.0859825991237,0.0037394987146404128,317.9862537123322,2.5959612671699666,0.692,1.3569699349930187,0.6420939015510045,0.02531498106643571,554.1422530799382,590.7291648111584,0.0,6.72876748097763
91.51380478821953,40331.72549293082,825.9789126414329,251.2668499750585,274.6122180423042,0.0038073496942075628,317.7697571980064,2.5992999457363553,0.692,1.3569699349930187,0.6545347894805752,0.025992831297807027,554.1655684638165,590.7967193224836,0.0,6.818259271107599
91.66382741901988,40207.77368845934,826.4594078884465,250.92414076252135,279.22357416494106,0.0038765710029402775,317.5529761495427,2.6025875049561766,0.692,1.3569699349930187,0.6672104600073715,0.026686869057426652,554.1753712224711,590.8491532261644,0.0,6.908687202115317
91.81385004982025,40083.75120222323,826.9211358502399,250.58122283217912,283.92171258310054,0.003947191421939055,317.3359148519454,2.6058227170285595,0.692,1.3569699349930187,0.6801245023702985,0.027397319252209104,554.1713899281434,590.8861613394756,0.0,7.00004372622913
91.96387268062061,39959.66087610254,827.3637432212903,250.23810401868263,288.70832518902944,0.004019240307561461,317.1185776940385,2.609004332819458,0.692,1.3569699349930187,0.6932805105846189,0.028124399449656882,554.1533497729049,590.9074346730197,0.0,7.092320392430827
92.11389531142096,39835.50560550273,827.7868714053603,249.89479230589754,293.5851345153136,0.004092747599991641,316.90096917056997,2.6121310817443706,0.692,1.3569699349930187,0.706682080317227,0.02886831902568647,554.1209726157759,590.91266048322,0.0,7.18550780868561
92.26391794222133,39711.28834002987,828.1901565156553,249.551295828802,298.55389410397567,0.00416774383193363,316.68309388381834,2.615201671673366,0.692,1.3569699349930187,0.7203328056128315,0.029629278332136983,554.0739770358055,590.901522331589,0.0,7.279595611121851
92.41394057302169,39587.01208412924,828.573229379149,249.2076228752838,303.61638887082654,0.004244260137282588,316.4649565451426,2.618214788849633,0.692,1.3569699349930187,0.7342362754391423,0.030407467902983307,554.0120783906491,590.8737001501734,0.0,7.3745724418962695
92.56396320382204,39462.67989810798,828.9357155462369,248.8637818889994,308.77443544688794,0.004322328259497799,316.2465619772139,2.621169097819198,0.692,1.3569699349930187,0.7483960700011386,0.031203067515825456,553.9349888827285,590.8288703153687,0.0,7.4704259130372535
92.7139858346224,39338.29489897053,829.27723531206,248.51978147171656,314.02988251839,0.004401980560000125,316.02791511592875,2.624063241400228,0.692,1.3569699349930187,0.7628157568878696,0.03201624519600493,553.8424176361378,590.7667057338438,0.0,7.567142567845737
92.86400846542277,39213.86026086776,829.5974037289743,248.1756303845884,319.38461117407616,0.004483250026726133,315.809021011651,2.626895840630114,0.692,1.3569699349930187,0.7774988870341033,0.032847156365031376,553.7340707687051,590.6868759231614,0.0,7.6647078636301424
93.01403109622312,39089.37921615097,829.8958306359771,247.83133755110117,324.84053521720494,0.004566170282191826,315.5898848315251,2.62966549475757,0.692,1.3569699349930187,0.7924489904269287,0.033695942810891215,553.609651481008,590.5890471112043,0.0,7.763106136765537
93.16405372702349,38964.85505623337,830.1721207038928,247.4869120594898,330.39960147385653,0.00465077559154193,315.37051186146084,2.6323707812878183,0.692,1.3569699349930187,0.8076695716365312,0.03456273159526742,553.4688601593425,590.4728823513034,0.0,7.862320564690291
93.31407635782385,38840.29113208569,830.4258734635457,247.14236316414227,336.0637901055226,0.004737100870705673,315.1509075074813,2.635010255979772,0.692,1.3569699349930187,0.823164105126602,0.035447634068367866,553.3113944680773,590.3380416255912,0.0,7.962333144279709
93.4640989886242,38715.690855103596,830.6566833514948,246.79770028803227,341.83511489259985,0.004825181694149673,314.93107729773396,2.637582452893961,0.692,1.3569699349930187,0.8389360303169242,0.03635074480257746,553.1369494589537,590.1841819672263,0.0,8.063124664221444
93.61412161942457,38591.05769802803,830.8641397782245,246.4529330252992,347.715623500686,0.004915054302405346,314.7110268846039,2.640085884511699,0.692,1.3569699349930187,0.854988746438936,0.037272140425131044,552.9452177001363,590.0109576047379,0.0,8.164674669698815
93.76414425022493,38466.39519556617,831.0478271901042,246.10807114300033,353.7073977452505,0.005006755609606433,314.4907620463078,2.6425190418398836,0.692,1.3569699349930187,0.8713256071669497,0.03821187847862908,552.7358894029394,589.8180201038675,0.0,8.266961433939082
93.91416688102528,38341.70694499774,831.207325122423,245.76312458282274,359.81255384125245,0.005100323210830202,314.27028868846884,2.6448803944886614,0.692,1.3569699349930187,0.8879499149779211,0.0391699963388679,552.5086525450599,589.6050185054964,0.0,8.36996193914424
94.06418951182565,38216.996607134235,831.3422082900555,245.41810346377184,366.03324261806415,0.005195795388938042,314.04961284632356,2.647168390864608,0.692,1.3569699349930187,0.9048649152818498,0.040146509998850353,552.2631930257247,589.3715994992314,0.0,8.47365184576662
94.21421214262601,38092.26790704761,831.4520466988165,245.07301808422298,372.37164972604387,0.005293211121315037,313.82874068653007,2.649381458434739,0.692,1.3569699349930187,0.9220737903618537,0.04114141280905556,551.9991948387002,589.1174076170894,0.0,8.578005460424212
94.36423477342636,37967.52463447221,831.5364057009795,244.72787892306883,378.8299958398778,0.0053926100865857,313.6076785084051,2.651518003819199,0.692,1.3569699349930187,0.939579652967662,0.042154674367429264,551.7163402064255,588.8420853837133,0.0,8.68299572241617
94.51425740422673,37842.770644761076,831.5948461165103,244.3826966424012,385.41053681259905,0.005494032670594077,313.38643274614947,2.65357641308653,0.692,1.3569699349930187,0.9573855396994081,0.04318623927141988,551.414309767453,588.545273526156,0.0,8.788594177914103
94.66428003502709,37718.00985959897,831.6269243824656,244.03748208952015,392.1155638183042,0.005597519972227513,313.1650099706519,2.655555052144558,0.692,1.3569699349930187,0.9754944042115005,0.04423602583127498,551.0927827873098,588.2266112099994,0.0,8.894770952708065
94.81430266582744,37593.24626741009,831.6321926418246,243.69224629809855,398.9474034870794,0.005703113809136168,312.9434168907576,2.6574522669448934,0.692,1.3569699349930187,0.993909110040737,0.04530392488203696,550.7514373270885,587.8857362281934,0.0,9.001494737162952
94.9643252966278,37468.48392410357,831.6101988768746,243.34700049028143,405.90841799656,0.005810856722795565,312.7216603551429,2.6592663838266115,0.692,1.3569699349930187,1.0126324231984574,0.0463897985687688,550.3899504491656,587.5222852313989,0.0,9.108732769933525
95.11434792742817,37343.72695380864,831.5604870926254,243.00175607875732,413.0010051360021,0.005920791983151281,312.4997473541797,2.660995710022622,0.692,1.3569699349930187,1.0316670045948515,0.047493479077951775,550.0079984631292,587.1358940034063,0.0,9.216450817761844
95.26437055822852,37218.97954933143,831.4825974736107,242.65652466805935,420.2275983568875,0.006032963593058735,312.277685021311,2.6626385340882335,0.692,1.3569699349930187,1.051015402154908,0.048614767400517234,549.6052571545533,586.726197717419,0.0,9.324613159711177
95.41439318902889,37094.24597263327,831.3760665114465,242.31131805592605,427.5906667925028,0.006147416292242304,312.0554806344714,2.664193126238617,0.692,1.3569699349930187,1.0706800425633525,0.04975343217211805,549.1814019954854,586.2928311718324,0.0,9.433182579636359
95.56441581982925,36969.53055556738,831.2404272186241,241.96614823537752,435.09271523018924,0.006264195560514337,311.83314161797296,2.6656577389614906,0.692,1.3569699349930187,1.0906632228875894,0.05090920847080412,548.7361084225348,585.8354291017014,0.0,9.542120354821762
95.7144384506296,36844.83770034419,831.0752093733738,241.62102739604074,442.73628406508004,0.0063833476206956235,311.61067554391485,2.6670306077374795,0.692,1.3569699349930187,1.1109671020390142,0.05208179661823858,548.2690521402822,585.3536265186826,0.0,9.65138624517006
95.86446108142997,36720.17187980635,830.8799396387614,241.27596792494828,450.52394923043875,0.00650491944115736,311.3880901332581,2.668309951363867,0.692,1.3569699349930187,1.1315936916456752,0.05327086107160208,547.7799093344183,584.8470589498532,0.0,9.760938490682088
96.01448371223032,36595.53763810572,830.6541418192796,240.93098240844958,458.45832206612715,0.006628958737378445,311.16539325762267,2.66949397271681,0.692,1.3569699349930187,1.1525448469207584,0.05447602933854844,547.2683569905186,584.3153627948043,0.0,9.870733810245191
96.16450634303068,36470.939591086426,830.39733715999,240.5860836333091,466.5420491653666,0.00675551397313686,310.9425929405651,2.67058085965957,0.692,1.3569699349930187,1.173822257419127,0.055696890918997356,546.7340732462751,583.7581757203382,0.0,9.980727401747217
96.31452897383105,36346.38242650073,830.10904452183,240.24128458734143,474.777812191678,0.006884634361203664,310.71969735856203,2.6715687855601473,0.692,1.3569699349930187,1.1954274372016163,0.05693299627444659,546.1767376547187,583.1751369554462,0.0,10.09087294324751
96.4645516046314,36221.870904460935,829.7887806398827,239.89659846069978,483.16832763789466,0.00701636986309251,310.4967148424183,2.6724559100762555,0.692,1.3569699349930187,1.2173617148970524,0.05818385590732248,545.5960315120238,582.5658876586012,0.0,10.201122602124977
96.61457423543176,36097.40985778224,829.4360604678768,239.55203864686277,491.71634654686676,0.007150771188163392,310.27365387848516,2.6732403802248554,0.692,1.3569699349930187,1.239626223761776,0.059448939508538114,544.9916382511027,581.9300713588314,0.0,10.311427047738805
96.76459686623213,35973.00419212019,829.0503974653006,239.20761874305254,500.42465419932375,0.007287889792159872,310.05052310951294,2.6739203312760473,0.692,1.3569699349930187,1.262221891355352,0.06072767512062906,544.3632437946642,581.2673343514266,0.0,10.421735462581308
96.91461949703248,35848.65888618014,828.6313038271471,238.8633525508518,509.29606974851936,0.0074277778748521464,309.827331335635,2.674493887466285,0.692,1.3569699349930187,1.2851494287640388,0.062019448382911214,543.7105368684881,580.5773260490229,0.0,10.5319955574286
97.06464212783284,35724.37899200054,828.178290865309,238.5192540770256,518.3334457984763,0.007570488376726333,309.6040875154867,2.6749591632051133,0.692,1.3569699349930187,1.3084093200100988,0.06332360194637068,543.0332094286332,579.8596994603768,0.0,10.642153597321544
97.2146647586332,35600.16963494077,827.6908694301151,238.17533753352453,527.5396679503093,0.007716074975097429,309.38080076679563,2.675314264423312,0.692,1.3569699349930187,1.33200181142675,0.06463943497770308,542.3309571190197,579.1141117032842,0.0,10.752154430650771
97.36468738943356,35476.0360137179,827.1685501132235,237.83161733762327,536.9176542907767,0.007864592079230237,309.15748036706003,2.6755572892207993,0.692,1.3569699349930187,1.3559269001102217,0.06596620257562905,541.6034795699078,578.34022433914,0.0,10.861941506320074
97.51471002023392,35351.98340054669,826.6108436823812,237.48810811234483,546.470354815882,0.008016094824344141,308.93413575441355,2.6756863292682342,0.692,1.3569699349930187,1.3801843228559738,0.06730311553618708,540.8504808685839,577.5377039004945,0.0,10.971456915176333
97.66473265103429,35228.01714095199,826.0172615715325,237.1448246859774,556.200750820022,0.008170639064975036,308.7107765279005,2.6756994714011193,0.692,1.3569699349930187,1.4047735451744816,0.06864934025201101,540.0716700706105,576.7062224641902,0.0,11.080641436438922
97.81475528183464,35104.14265365489,825.3873161654408,236.80178209179468,566.1118542191201,0.008328281367185546,308.4874124478825,2.6755947985556334,0.692,1.3569699349930187,1.4296937494392292,0.07000399846195145,539.2667615610725,575.84545805633,0.0,11.189434565896544
97.964777912635,34980.36543049594,824.72052121576,236.45899556787893,576.2067068073507,0.008489078999605616,308.2640534365103,2.6753703911365014,0.692,1.3569699349930187,1.4549438232830687,0.07136616733227501,538.435475512977,574.9550951661339,0.0,11.297774564976551
98.11480054343536,34856.691036115,824.0163923841964,236.1164805562691,586.488379467989,0.008653089923619585,308.0407095777549,2.6750243288093714,0.692,1.3569699349930187,1.480522348360545,0.07273487980647918,537.5775384380536,574.0348253634547,0.0,11.405598524152067
98.26482317423572,34733.125107574146,823.2744476868088,235.77425270195135,596.959971322395,0.008820372782435616,307.817391117332,2.674554691982942,0.692,1.3569699349930187,1.5064275886858531,0.07410912491133935,536.6926836644022,573.084347834312,0.0,11.51284241529855
98.41484580503608,34609.67335411396,822.4942078466971,235.43232785221772,607.6246087985986,0.008990986888729877,307.59410846286386,2.67395956299988,0.692,1.3569699349930187,1.5326574785019267,0.0754878480943031,535.7806517468803,572.1033698409863,0.0,11.619441139330274
98.56486843583644,34486.34155668562,821.6751968751449,235.0907220554036,618.4854446470223,0.009164992211292775,307.3708721836314,2.6732370280820064,0.692,1.3569699349930187,1.5592096109515297,0.07686995205800912,534.8411910428778,571.0916073675803,0.0,11.725328604781447
98.7148910666368,34363.13556720437,820.8169426956179,234.7494515588529,629.5456569081456,0.009342449360744957,307.14769300981663,2.672385179430223,0.692,1.3569699349930187,1.5860812269811722,0.07825429779406201,533.8740583165467,570.048785797565,0.0,11.830437812741888
98.86491369743716,34240.06130821071,819.9189774421989,234.4085328080113,640.8084477694862,0.009523419573307192,306.9245818324761,2.6714021162688186,0.692,1.3569699349930187,1.6132692029090192,0.07963970518393261,532.8790191044463,568.9746403237557,0.0,11.934700900302749
99.01493632823752,34117.12477215019,818.9808380971502,234.06798244446279,652.2770423785173,0.00970796469367796,306.7015497028173,2.6702859470084612,0.692,1.3569699349930187,1.6407700393718145,0.08102495439709925,531.8558483251768,567.8689166319078,0.0,12.038049236328165
99.16495895903788,33994.33202033724,818.0020671884258,233.72781730308978,663.9546876072579,0.009896147156941882,306.4786078308935,2.6690347916216615,0.692,1.3569699349930187,1.6685798506996905,0.08240878755134504,530.8043309280553,566.7313716281857,0.0,12.140413526946535
99.31498158983824,33871.689182354305,816.9822131915877,233.3880544104381,675.844650696501,0.010088029968336833,306.2557675850781,2.667646783058965,0.692,1.3569699349930187,1.6966943531133238,0.08378990991761875,529.7242623240597,565.5617739224194,0.0,12.241723877781684
99.4650042206386,33749.20245516359,815.9208311149835,233.04871098228492,687.9502178435727,0.010283676681892508,306.033040491009,2.6661200692771425,0.692,1.3569699349930187,1.725108853826514,0.08516699167862996,528.6154489453097,564.3599044555416,0.0,12.341909888554328
99.61502685143896,33626.8781018177,814.8174832478364,232.70980442009466,700.2746927463108,0.010483151378135937,305.8104382297923,2.6644528158177705,0.692,1.3569699349930187,1.7538182411321015,0.086538670189627,527.4777089163987,563.1255572525349,0.0,12.440900774540475
99.76504948223932,33504.722450361915,813.6717397610538,232.37135230800382,712.8213950447888,0.010686518639907472,305.58797263654054,2.662643207914523,0.692,1.3569699349930187,1.7828169740805075,0.08790355208569184,526.3108726133952,561.8585400494019,0.0,12.538625466741783
99.91507211303968,33382.74189292897,812.483179181717,232.0333724103391,725.5936586557035,0.01089384352618723,305.3656556992507,2.6606894521953626,0.692,1.3569699349930187,1.8120990717950813,0.08926021524233513,525.1147831260467,560.5586748115657,0.0,12.635012692555412
100.06509474384004,33260.9428841887,811.2513891689925,231.69588266734584,738.5948300845454,0.011105191545298317,305.143499556492,2.658589779392641,0.692,1.3569699349930187,1.8416581045689917,0.09060721156458622,523.8892969293688,559.2257984871937,0.0,12.729991106625253
100.2151173746404,33139.33193961592,809.9759673222784,231.35890119041196,751.8282666715248,0.011320628626765387,304.9215164947463,2.656342447176023,0.692,1.3569699349930187,1.871487185590864,0.09194307009766557,522.634284569422,557.8597637764876,0.0,12.82348943410348
100.36514000544076,33017.915634634235,808.6565215657309,231.02244625971719,765.2973346534731,0.011540221089895514,304.69971894732953,2.653945741595894,0.692,1.3569699349930187,1.9015789609059053,0.09326629919933503,521.3496310378739,556.4604395518277,0.0,12.915436538759486
100.51516263624112,32896.700602690675,807.2926709679296,230.68653631891857,779.005407248631,0.011764035612431268,304.4781194913466,2.651397979981524,0.692,1.3569699349930187,1.9319256020863012,0.09457538986351174,520.0352364483531,555.027711616563,0.0,13.005761563628303
100.66518526704148,32775.69353311679,805.8840466089152,230.3511899692425,792.9558626787867,0.011992139197879857,304.2567308442342,2.648697514013229,0.692,1.3569699349930187,1.962518799788622,0.09586881945047333,518.6910167352323,553.5614834890192,0.0,13.09439409010373
100.81520789784184,32654.901169898923,804.4302920757743,230.01642596609415,807.1520819973184,0.012224599139353923,304.0355658619461,2.6458427315738553,0.692,1.3569699349930187,1.993349755852521,0.09714505457785455,517.3169040775489,552.061676878093,0.0,13.181264230527418
100.9652305286422,32534.33030969599,802.931064182047,229.6822632135806,821.5974469081133,0.01246148298292709,303.81463753574354,2.6428320593591637,0.692,1.3569699349930187,2.0244091772707073,0.09840255456780068,515.9128474704631,550.5282323244846,0.0,13.266302751830633
101.11525315944256,32413.98779931028,801.3860338649095,229.34872075751562,836.2953375603499,0.012702858490256137,303.59395898795947,2.639663966095888,0.692,1.3569699349930187,2.0556872719363324,0.09963977558721795,514.4788134093543,548.9611099683701,0.0,13.349441238405669
101.26527579024292,32293.880534779448,799.7948596376899,229.01581778291643,851.2491300543132,0.012948793596107382,303.3735434707128,2.636336875284911,0.692,1.3569699349930187,2.0871736014578937,0.10085518469395045,513.0147670731571,547.360268457442,0.0,13.430612906447571
101.41529842104327,32174.015479851972,798.1571340378019,228.68357366522713,866.4621913538432,0.013199356322757901,303.1534044002208,2.632848988177883,0.692,1.3569699349930187,2.1188567700400966,0.10204728135302223,511.5206346465253,545.7256227062962,0.0,13.50975388244524
101.56532105184364,32054.399516906735,796.4742628277099,228.54357412753325,881.9320139938369,0.013443247656349699,303.06059529855185,2.6281023504328735,0.692,1.3569699349930187,2.1489174894290395,0.10321392440375714,510.1891991384528,544.2501005180718,0.0,13.586758724449421
101.715343682644,31935.03935493876,794.7472452044584,228.4254064761549,897.6529392209314,0.013689959315651964,302.98223696094067,2.623081977267579,0.692,1.3569699349930187,2.178874758287349,0.10435321061898943,508.8509553700808,542.7643064644967,0.0,13.66153897268995
101.86536631344435,31815.94158451967,792.9761287143468,228.30749419382084,913.6275389944079,0.013940781520361536,302.90402775661875,2.617912130740954,0.692,1.3569699349930187,2.208916993740302,0.10546367821213459,507.4845633994076,541.2469292138735,0.0,13.734035784490853
102.01538894424472,31697.112835749584,791.1608119193585,228.18984387381354,929.8584265310775,0.01419575928521785,302.82597217603734,2.6125923289678887,0.692,1.3569699349930187,2.2390315295317618,0.10654394675612056,506.0901666166327,539.6981286999793,0.0,13.804195709968083
102.16541157504508,31578.559747033763,789.3011990059055,228.07246211855258,946.3481844270844,0.014454937191768956,302.74807472011366,2.607122108821347,0.692,1.3569699349930187,2.2692052612452045,0.10759267596888744,504.6679182134112,538.1180758422842,0.0,13.871967805302635
102.31543420584543,31460.288969919122,787.3972126280571,227.95535554437973,963.0993612638656,0.014718359333296103,302.670339903398,2.601501068388027,0.692,1.3569699349930187,2.299424717645201,0.10860856293989657,503.2179901595633,536.5069626076827,0.0,13.937303305404372
102.4654568366458,31342.30716626851,785.4487954650433,227.83853077875753,980.1144691757528,0.014986069274717207,302.5927722522069,2.59572887223619,0.692,1.3569699349930187,2.3296760752025487,0.10959034491076389,501.74057416450864,534.8650030885386,0.0,14.000155664806956
102.61547946744616,31224.621004528526,783.4559108455448,227.7219944565698,997.3959815154373,0.015258110013923961,302.5153763021566,2.589805253611367,0.692,1.3569699349930187,2.3599451689456123,0.11053680333879813,500.2358819611853,533.1924338213869,0.0,14.060480683148272
102.76550209824651,31107.237157021653,781.4185432119237,227.60575321743522,1014.9463303452404,0.015534523940273586,302.43815659636454,2.5837300160998162,0.692,1.3569699349930187,2.390217503128542,0.11144676793126121,498.70414546131667,531.4895139613034,0.0,14.118236630107473
102.91552472904688,30990.162297389583,779.3366984787009,227.48981370317003,1032.7679038717506,0.015815352792079622,302.3611176837465,2.5775030349432866,0.692,1.3569699349930187,2.4204782622637184,0.11231911940212794,497.14561682027636,529.7565253549202,0.0,14.173384291785723
103.06554735984724,30873.403096446917,777.2104045990583,227.37418255367587,1050.8630440955026,0.016100637617384297,302.28426411626396,2.5711242590521657,0.692,1.3569699349930187,2.450712325097435,0.11315279259078763,495.5605686273734,527.9937727542206,0.0,14.225887044347147
103.2155699906476,30756.966218561825,775.0397120727117,227.25886640334818,1069.234044372438,0.016390418733241152,302.2076004465122,2.5645937128238647,0.692,1.3569699349930187,2.4809042792282257,0.11394678065640171,493.9492940370429,526.20158396403,0.0,14.275710999383014
103.36559262144796,30640.858319719035,772.8246941819134,227.14387187915023,1087.8831466933555,0.01668473568044525,302.13113122641187,2.5579114970538135,0.692,1.3569699349930187,2.5110384344997185,0.11470013752149465,492.3121066961128,524.3803097607193,0.0,14.322825043395596
103.51561525224832,30525.08604295753,770.5654474885597,227.02920559608606,1106.8125393613354,0.016983627184436245,302.0548610041679,2.5510777907259934,0.692,1.3569699349930187,2.541098840137287,0.11541197994677789,490.64934083098785,522.5303239904802,0.0,14.367200860507467
103.66563788304867,30409.65601438609,768.2620922660072,226.9148741532449,1126.0243545858773,0.01728713111479329,301.9787943216028,2.544092852585602,0.692,1.3569699349930187,2.571069302457247,0.11608149104150219,488.9613512713804,520.6520235964035,0.0,14.408813051082031
103.81566051384904,30294.574840914545,765.914772736213,226.80088413154394,1145.5206657919828,0.01759528444012882,301.90293571261606,2.5369570220585524,0.692,1.3569699349930187,2.6009334017621133,0.11670792282575845,487.2485133243347,518.7458284775428,0.0,14.44763919719812
103.96568314464939,30179.849106184865,763.5236574043097,226.68724208968735,1165.3034852237854,0.017908123187534822,301.8272897004533,2.5296707205039812,0.692,1.3569699349930187,2.6306745116710726,0.11729059730905925,485.5112226957338,516.8121814014164,0.0,14.483659843485414
104.11570577544975,30065.485366105444,761.088939409468,226.5739545597313,1185.3747616363212,0.018225682403333106,301.7518607947077,2.5222344525234375,0.692,1.3569699349930187,2.660275819875458,0.11782890858991148,483.7498954042758,514.8515479081168,0.0,14.516858549394742
104.26572840625012,29951.49014578016,758.6108367578078,226.4610280440296,1205.7363777662738,0.01854799611024092,301.67665348923646,2.5146488068718726,0.692,1.3569699349930187,2.689720348651513,0.11832232554701792,481.9649675988734,512.8644161059974,0.0,14.547221985526402
104.41575103705047,29837.869936424955,756.0895924960179,226.34846901216628,1226.3901478141445,0.01887509726462362,301.60167226006513,2.5069144571720305,0.692,1.3569699349930187,2.7189909760093482,0.11877039236122877,480.1568953191796,510.8512964036073,0.0,14.574739904367247
104.56577366785083,29724.631190443448,753.5254749692649,226.2362838960635,1247.337815283756,0.01920701771931909,301.52692156207166,2.499032162917983,0.692,1.3569699349930187,2.7480704592514407,0.11917272869532872,478.32615429441836,508.81272128478577,0.0,14.599405099328829
104.7157962986512,29611.780317513,750.9187779836561,226.12447908608956,1268.5810506844157,0.0195437881842112,301.4524058263323,2.4910027701562374,0.692,1.3569699349930187,2.7769414585022596,0.11952903211078023,476.47323966218875,506.74924499393046,0.0,14.621213509908328
104.86581892945155,29499.32368239356,748.2698208767572,226.01306092887285,1290.1214489410165,0.019885438182091753,301.3781294586004,2.482827211851632,0.692,1.3569699349930187,2.805586559812737,0.11983907851142099,474.59866561185015,504.66144313651995,0.0,14.640164214375323
105.01584156025191,29387.267599636,745.5789486598889,225.90203572204322,1311.9605274253056,0.02023199601429195,301.30409683573345,2.474506508507143,0.692,1.3569699349930187,2.8339883010539437,0.12010272054297728,472.7029650577434,502.5499123134506,0.0,14.656259306968986
105.16586419105228,29275.618329410896,742.8465320505105,225.79140971008252,1334.0997238425102,0.020583488723957717,301.2303123028542,2.4660417684116047,0.692,1.3569699349930187,2.8621291974678242,0.12031988889992896,470.7866892255618,500.41526965788836,0.0,14.66950396216037
105.31588682185263,29164.38207513693,740.0729674803325,225.6811890819574,1356.540393815144,0.020939942054449327,301.15678017169716,2.457434187795467,0.692,1.3569699349930187,2.8899917671007955,0.1204905929386427,468.8504072108849,498.25815234069944,0.0,14.679906465168028
105.465909452653,29053.56497893504,737.2586770925285,225.571379966597,1379.2838089488262,0.021301380415326292,301.08350471751356,2.44868505096036,0.692,1.3569699349930187,2.9175585579156054,0.12061491814851111,466.8947055153862,496.07921705111585,0.0,14.687478060007598
105.61593208345336,28943.173116974547,734.4041086583958,225.46198842826277,1402.331155003882,0.02166782684996172,301.0104901758998,2.4397957301396245,0.692,1.3569699349930187,2.9448121751127445,0.12069302533812526,464.92018751784514,493.87913940433447,0.0,14.692232911179474
105.76595471425371,28833.212496494063,731.5097354626537,225.35302046357705,1425.6835298007957,0.02203930299887562,300.93774074072854,2.4307676852431825,0.692,1.3569699349930187,2.971735308151897,0.12072515140600946,462.9274729154695,491.6586133156343,0.0,14.694188170256165
105.91597734505407,28723.68905253056,728.5760561995666,225.2444819982617,1449.341941252131,0.022415829065024404,300.8652605618836,2.421602463637403,0.692,1.3569699349930187,2.998310758620603,0.12071160688570494,460.9171971618629,489.4183503707693,0.0,14.69336385440172
106.06599997585444,28614.608642793035,725.6035947775025,225.13637888203732,1473.3073058808632,0.0227974237867875,300.79305374176226,2.412301699627844,0.692,1.3569699349930187,3.024521468806592,0.12065277252593004,458.89001083437836,487.15907911742994,0.0,14.689782674270504
106.21602260665479,28505.977044086056,722.5929000141672,225.02871688505766,1497.5804471125361,0.023184104407324265,300.7211243327987,2.402867113566974,0.692,1.3569699349930187,3.0503505491595257,0.12054909982682976,456.8465789250203,484.8815442708202,0.0,14.683470110216867
106.36604523745515,28397.79995015713,719.5445454840976,224.9215016957544,1522.1620933371164,0.023575886640224537,300.6494763359262,2.393300511457154,0.692,1.3569699349930187,3.0757813067647963,0.12040110928797713,454.78758022452394,482.5865060235119,0.0,14.674454356532456
106.51606786825552,28290.08296630756,716.4591291830226,224.81473891547364,1547.0528767944454,0.02397278464825117,300.578113696893,2.3836037839585007,0.692,1.3569699349930187,3.1007972741903203,0.12020938494686041,452.71370657934403,480.2747392132261,0.0,14.662766046422261
106.66609049905587,28182.831605724714,713.3372730650192,224.70843405481796,1572.2533322025663,0.024374811017974427,300.50704030371355,2.373778904960331,0.692,1.3569699349930187,3.12538223669978,0.11997457384680574,450.62566206599513,477.94703239776317,0.0,14.648438283211789
106.81611312985623,28076.051287392696,710.1796227708968,224.6025925315518,1597.7638951242284,0.024781976730211014,300.4362599851614,2.3638279307763073,0.692,1.3569699349930187,3.149520260527836,0.11969738497591391,448.5241622865841,475.60418706559466,0.0,14.631506645425771
106.9661357606566,27969.74733164748,706.9868472115438,224.49721966617233,1623.5849009976446,0.02519429114104614,300.3657765076995,2.353752998865439,0.692,1.3569699349930187,3.1731957211816475,0.119378583514852,446.4099335675236,473.24701673820834,0.0,14.612008910690856
107.11615839145695,27863.924956059232,703.7596379810852,224.39232067780307,1649.71658423596,0.025611761963958413,300.2955935726217,2.3435563259801615,0.692,1.3569699349930187,3.196393330108884,0.11901898788190125,444.28371205192946,470.87634595324056,0.0,14.589984954283128
107.26618102225731,27758.5892730939,700.4987088575438,224.2879006818514,1676.1590770262019,0.026034395247149244,300.2257148143719,2.3332402065914266,0.692,1.3569699349930187,3.2190981611782155,0.11861946935300442,442.14624285163404,468.49300931422175,0.0,14.565476809516838
107.41620365305768,27653.74528710927,697.2047953904848,224.18396468700556,1702.9124084124512,0.02646219535541437,300.1561437984187,2.322807011602332,0.692,1.3569699349930187,3.241295678159282,0.11818094743180914,439.99827925514046,466.09785060310764,0.0,14.538528471701746
107.56622628385803,27549.39788977256,693.8786542114344,224.0805175906664,1729.9765039271035,0.02689516496079568,300.0868840180803,2.3122591861416644,0.692,1.3569699349930187,3.262971760263656,0.11770438404842792,437.84058176521626,463.6917217020361,0.0,14.5091856317897
107.7162489146584,27445.551857516788,690.5210622592543,223.97756417639982,1757.3511848625735,0.027333305027511752,300.01793889269794,2.301599247057759,0.692,1.3569699349930187,3.284112725497494,0.11719078344134887,435.67391709408497,461.2754814673101,0.0,14.477495761126383
107.86627154545876,27342.211849768602,687.1328164032004,223.87510911215364,1785.0361674721175,0.02777661479577266,299.94931176632093,2.290829781728319,0.692,1.3569699349930187,3.304705356945575,0.11664118922601849,433.4990574121872,458.8499948875233,0.0,14.443508025930132
108.01629417625911,27239.38240423363,683.7147326257428,223.77315694555696,1813.0310631010957,0.02822509178052083,299.8810059044347,2.279953445413036,0.692,1.3569699349930187,3.32473692598066,0.11605667676019432,431.316779330615,456.41613194350316,0.0,14.407272911276335
108.16631680705947,27137.067934439667,680.2676451046748,223.67171210145756,1841.3353778947314,0.02867873176344109,299.8130244921857,2.268972958252536,0.692,1.3569699349930187,3.3441952127066696,0.11543835230252975,429.1278628376032,453.97476641648404,0.0,14.368842264154742
108.31633943785984,27035.27272831955,676.7924056883155,223.57077888048985,1869.948512364838,0.029137528782748737,299.74537063329603,2.257891103567011,0.692,1.3569699349930187,3.3630685289943267,0.11478735149492526,426.9330904877367,451.5267749794351,0.0,14.328269296329463
108.46636206866019,26934.00094451625,673.2898831006044,223.47036145538425,1898.869761743232,0.029601475135634304,299.67804734746187,2.2467107252602925,0.692,1.3569699349930187,3.3813457394107425,0.11410483225395662,424.7332464364973,449.07303611529494,0.0,14.285608238473479
108.61638469946055,26833.256609521028,669.7609619253564,223.37046386810215,1928.0983162893144,0.030070561380040925,299.6110575683048,2.235434724476634,0.692,1.3569699349930187,3.3990162786846105,0.11339197152202952,422.52911535919696,446.61442890551274,0.0,14.240914231201232
108.76640733026092,26733.04361646261,666.206541799038,223.27109002860792,1957.6332612888289,0.030544776331548198,299.5444041424183,2.2240660569385575,0.692,1.3569699349930187,3.416070169436862,0.11264996510848392,420.32148151483796,444.1518319808449,0.0,14.19424340875986
108.91642996106127,26633.36572282755,662.6275367482409,223.17224371258095,1987.473577516283,0.031024107067758273,299.4780898277036,2.2126077307674334,0.692,1.3569699349930187,3.43249804104244,0.11188002259514465,418.11112791094115,441.6861225854576,0.0,14.145652672205829
109.06645259186163,26534.226547146936,659.0248741105025,223.07392855810244,2017.618142189271,0.03150853894066099,299.4121172910167,2.2010628029124035,0.692,1.3569699349930187,3.448291143806795,0.11108336132974968,415.898835238443,439.21817538341656,0.0,14.095199399655773
109.216475222662,26435.629568032546,655.3994934324763,222.97614806467203,2048.065729401706,0.03199805558071209,299.3464891073765,2.189434375485134,0.692,1.3569699349930187,3.463441360454302,0.11026120707697297,413.6853808194115,436.7488612792629,0.0,14.04294157326124
109.36649785346235,26337.57812308086,651.7523459354654,222.87890559209345,2078.8150107464867,0.03249263890402911,299.2812077590861,2.177725593984203,0.692,1.3569699349930187,3.477941222471003,0.10941479128691377,411.47153790793914,434.27904663449476,0.0,13.988937691471724
109.51652048426271,26240.075405541593,648.0843933590575,222.78220435714297,2109.864556810876,0.032992269133710735,299.2162756333655,2.1659396434476235,0.692,1.3569699349930187,3.491783920010422,0.10854534364326751,409.258074645629,431.8095920971374,0.0,13.933246374970754
109.66654311506308,26143.1244635744,644.3966067724714,222.68604743280505,2141.212838052687,0.033496924811299386,299.15169502170625,2.1540797444778454,0.692,1.3569699349930187,3.504963308675087,0.10765409228773319,407.0457530286413,429.3413514439616,0.0,13.87592645604044
109.81656574586343,26046.728199776964,640.6899659028734,222.59043774777672,2172.8582257398784,0.03400658280935132,299.087468119408,2.142149150987107,0.692,1.3569699349930187,3.5174739203825487,0.10674226297642675,404.8353281979762,426.87517078499684,0.0,13.817036998820795
109.9665883766638,25950.889368781664,636.9654581154571,222.49537808405702,2204.798993685794,0.03452121835691712,299.02359702382876,2.1301511467829015,0.692,1.3569699349930187,3.5293109702808247,0.10581107266054153,402.62754755019967,424.41188756700353,0.0,13.756636955497903
110.11661100746416,25855.610576142823,633.2240771796909,222.40087107581627,2237.033319752827,0.03504080506140821,298.96008373349486,2.11808904142592,0.692,1.3569699349930187,3.540470359178804,0.10486172745390851,400.42314975597134,421.9523294734433,0.0,13.69478509747777
110.26663363826451,25760.894278515614,629.4668223294541,222.30691920954663,2269.55928708219,0.03556531492615434,298.8969301480728,2.105966167058383,0.692,1.3569699349930187,3.5509486770258634,0.10389542353082253,398.222863975722,419.49731354528615,0.0,13.6315401341454
110.41665626906487,25666.74278242891,625.694697487382,222.2135248228187,2302.3748859523976,0.03609471837820211,298.83413806740504,2.0937858757832086,0.692,1.3569699349930187,3.5607432076425987,0.10291334301227556,396.0274091914449,417.0476454321418,0.0,13.566960501850799
110.56667889986524,25573.158242729758,621.9087100238864,222.12069010271196,2335.4780159356924,0.03662898430104341,298.7717091903276,2.081551535482597,0.692,1.3569699349930187,3.569851926987649,0.10191664942686875,393.83749330460114,414.6041183812599,0.0,13.501104115901391
110.71670153066559,25480.142663409475,618.1098695744635,222.02841708660856,2368.8664873859693,0.03716808005667835,298.70964511507697,2.069266525814185,0.692,1.3569699349930187,3.5782734991659138,0.10090648965046661,391.6538123015591,412.1675123019455,0.0,13.434028543456357
110.86672416146595,25387.697897342336,614.2991874637995,221.93670766190832,2402.5380234460085,0.03771197151617002,298.64794733897384,2.056934236238204,0.692,1.3569699349930187,3.5860072785474477,0.0998839921990596,389.4770497813603,409.7385932362498,0.0,13.365790934489114
111.01674679226632,25295.825644775632,610.4776754583803,221.84556356450562,2436.490262674,0.03826062310032968,298.5866172572747,2.044558061798085,0.692,1.3569699349930187,3.593053303460548,0.09885026156824828,387.3078761386545,407.31811244327764,0.0,13.296447681746853
111.16676942306667,25204.527454426174,606.6463445740245,221.75498637985237,2470.7207608818862,0.03881399780780096,298.5256561637652,2.0321413990669885,0.692,1.3569699349930187,3.5994122874522594,0.09780637982880033,385.14694781310084,404.90680555768535,0.0,13.226054557458164
111.31679205386703,25113.80472401911,602.8062044073878,221.6649775434681,2505.2269933003463,0.039372057248537866,298.46506525098255,2.0196876438469658,0.692,1.3569699349930187,3.6050856155428654,0.09675340680862979,382.9949068521035,402.5053920994752,0.0,13.154666755056237
111.46681468466738,25023.658699454118,598.9582621117662,221.57553834008857,2540.0063574075507,0.03993476168814525,298.404845609525,2.0072001876790155,0.692,1.3569699349930187,3.6100753356947757,0.09569237549238256,380.8523803058814,400.1145747960095,0.0,13.08233860228133
111.61683731546775,24934.09047555226,595.1035212184187,221.4866699043833,2575.0561753105103,0.04050207008512098,298.34499822841707,1.9946824138234729,0.692,1.3569699349930187,3.614384146043731,0.09462429158360304,378.71997957271293,397.7350388479863,0.0,13.00912354775386
111.76685994626811,24845.100997571626,591.2429807735989,221.3983732224361,2610.3736959425946,0.04107394012524574,298.2855239959928,1.9821376942903262,0.692,1.3569699349930187,3.618015384015869,0.09355013535604129,376.59829994417225,395.3674514194994,0.0,12.935074302154744
111.91688257706846,24756.69106113871,587.3776346169354,221.3106491316545,2645.9560979997595,0.04165032826805659,298.22642369972215,1.969569387346956,0.692,1.3569699349930187,3.6209730167452236,0.09247085905877796,374.48792024952604,393.012461239441,0.0,12.860242672066969
112.06690520786883,24668.86131256168,583.5084702475651,221.22349832105834,2681.800492868279,0.042231189793324526,298.16769802629517,1.9569808336384782,0.692,1.3569699349930187,3.6232616249113057,0.09138738432125358,372.38940231095785,390.6706979908083,0.0,12.784679385052542
112.21692783866919,24581.612251249724,579.6364678173363,221.13692133365876,2717.903926810046,0.04281647883563223,298.1093475631171,1.944375352720575,0.692,1.3569699349930187,3.6248863855193214,0.09030060492586316,370.30329049873217,388.3427718117844,0.0,12.708434283223596
112.36695046946954,24494.944230263784,575.7625996357017,221.0509185669838,2754.26338399822,0.04340614843285291,298.0513727985573,1.9317562413136071,0.692,1.3569699349930187,3.6258530608465755,0.08921138617439339,368.23011157581254,386.0292731215005,0.0,12.631556279808786
112.51697310026991,24408.85745668158,571.8878290941143,220.96549027341993,2790.8757897558403,0.04400015057806028,297.99377412207656,1.919126769607723,0.692,1.3569699349930187,3.6261679790928363,0.08812056139074294,366.1703742664788,383.7307721364434,0.0,12.554093107456374
112.66699573107027,24323.35199425026,568.0131097178111,220.88063656282452,2827.7380129292796,0.04459843625753627,297.93655182588793,1.9064901779817671,0.692,1.3569699349930187,3.625838014032698,0.08702893430768219,364.12456892219234,381.44781849559536,0.0,12.476091476262006
112.81701836187062,24238.42776477924,564.1393846375219,220.7963574038887,2864.8468688621156,0.045200955498636494,297.8797061057782,1.8938496751342766,0.692,1.3569699349930187,3.624870569576809,0.08593727996390503,362.0931674244064,379.1809411513266,0.0,12.397597127715345
112.96704099267099,24154.084548828458,560.2675857678001,220.71265262480156,2902.1991227698527,0.045807657424295004,297.8232370614611,1.8812084352309253,0.692,1.3569699349930187,3.6232735599862944,0.08484634198948816,360.07662295960677,376.93064811714976,0.0,12.318654626137691
113.11706362347135,24070.321988029056,556.398632916472,220.62952191553526,2939.7914924868455,0.04641849029746508,297.7671446980261,1.868569594811178,0.692,1.3569699349930187,3.6210553871902422,0.08375683327576611,358.07536978655287,374.69742620653574,0.0,12.23930738702876
113.2670862542717,23987.139587594465,552.5334331636884,220.54696483031933,2977.620651174677,0.04703340156504659,297.71142892751885,1.855936250597248,0.692,1.3569699349930187,3.6182249204704306,0.08266943817391786,356.08982316165225,372.48174094896456,0.0,12.159597816713163
113.41710888507207,23904.536717283238,548.6728803307939,220.46498078857954,3015.683230786438,0.04765233791421649,297.6560895694883,1.8433114576098915,0.692,1.3569699349930187,3.6147914773389425,0.081584811209662,354.1203793262864,370.2840365756046,0.0,12.07956719752542
113.56713151587243,23822.51261331411,544.8178541655832,220.38356907682217,3053.9758251744065,0.04827524532309148,297.60112635217473,1.8306982263261247,0.692,1.3569699349930187,3.6107647993192256,0.0805035760227287,352.1674153753547,368.1047358717308,0.0,11.99925558321506
113.71715414667278,23741.066381856308,540.9692196854872,220.3027288520826,3092.4949925007177,0.04890206910016416,297.5465389147569,1.818099520359293,0.692,1.3569699349930187,3.6061550280516523,0.07942632820635286,350.2312892261207,365.9442401413867,0.0,11.918701980882313
113.86717677747315,23660.197000211836,537.1278268483546,220.2224591430837,3131.2372587521063,0.04953275394180631,297.49232680805716,1.805518255248684,0.692,1.3569699349930187,3.600972686356673,0.07835363537421347,348.3123397601832,363.80292936638443,0.0,11.837944329164799
114.01719940827351,23579.903318751196,533.2945098340996,220.1427588521428,3170.199120958745,0.050167243985080004,297.43848949575386,1.7929572959376958,0.692,1.3569699349930187,3.595228653058396,0.07728603537231664,346.4108867939282,361.6811621729529,0.0,11.757019332841033
114.16722203907386,23500.184064544534,529.4700864850073,220.06362675876207,3209.3770496154875,0.05080548284766686,297.38502635673507,1.780419454777354,0.692,1.3569699349930187,3.5889341383015627,0.07622403870956598,344.52723114474367,359.5792759055258,0.0,11.675962612173857
114.31724466987423,23421.03784329533,525.6553579956274,219.98506152153493,3248.76749192635,0.05144741368129933,297.3319366863177,1.767907490375609,0.692,1.3569699349930187,3.5821006626713574,0.07516812968787194,342.66165482778854,357.4975868470767,0.0,11.594808756835121
114.46726730067459,23342.463141233493,521.8511084186288,219.90706168001262,3288.366875102304,0.052092979226170906,297.27921969744284,1.7554241058279987,0.692,1.3569699349930187,3.57474003339958,0.07411876506612095,340.8144211776164,355.43639035522517,0.0,11.513591189312285
114.61728993147494,23264.458328452572,518.0581041813613,219.82962565800506,3328.1716089473216,0.05274212185384621,297.2268745228439,1.7429719469783174,0.692,1.3569699349930187,3.566864319448368,0.07307637516035188,338.9857749895776,353.3959610203405,0.0,11.432342211907528
114.76731256227531,23187.02166191463,514.2770937776894,219.7527517665526,3368.1780885886405,0.05339478361260603,297.17490021699524,1.7305536012703884,0.692,1.3569699349930187,3.558485828816717,0.07204136585319124,337.17594275361904,351.37655292725674,0.0,11.351093126339158
114.91733519307567,23110.151287152505,510.5088074927927,219.67643820560508,3408.3826978713705,0.05405090628372073,297.12329575719104,1.7181715967164692,0.692,1.3569699349930187,3.54961708676614,0.07101411813564316,335.38513291038106,349.3783999421378,0.0,11.269874161766426
115.06735782387602,23033.845241267798,506.7539570013531,219.6006830669882,3448.7818120874845,0.05471043142696048,297.0720600454965,1.7058284004350455,0.692,1.3569699349930187,3.540270811320303,0.06999498792219123,333.61353605910773,347.40171594517204,0.0,11.188714420677568
115.21738045467639,22958.101456830384,503.0132351080965,219.52548433826536,3489.3718001895177,0.05537330041776864,297.0211919113092,1.693526417664827,0.692,1.3569699349930187,3.530459890030222,0.0689843084421716,331.8613252395778,345.4466951461326,0.0,11.107642029068884
115.36740308547675,22882.91776342656,499.2873156113192,219.4508399042657,3530.1490282183454,0.056039454504332765,296.97069011234424,1.6812679912028974,0.692,1.3569699349930187,3.5201973596708838,0.06798239060774038,330.12865627242934,343.5135124656737,0.0,11.026684128493468
115.5174257162771,22808.291890642533,495.57685300406706,219.37674755003815,3571.109861955837,0.05670883485208564,296.92055333658783,1.6690554002918192,0.692,1.3569699349930187,3.509496382783145,0.06698952226628657,328.4156680327655,341.60232384166824,0.0,10.945866776037137
115.66744834707747,22734.221472002162,491.88248231654933,219.30320496475312,3612.250669002637,0.05738138257887769,296.8707802048947,1.656890859979757,0.692,1.3569699349930187,3.498370225628512,0.06600597022695982,326.72248279244957,339.7132666124262,0.0,10.865215067663758
115.81747097787783,22660.704047080264,488.204819029837,219.23020974379378,3653.5678218025178,0.05805703880568159,296.8213692723641,1.644776520729068,0.692,1.3569699349930187,3.486832238209647,0.06503198129555762,325.0492065943001,337.8464599358905,0.0,10.78475318446393
115.96749360867818,22587.73706414399,484.5444589298593,219.1577593913721,3695.0577003478443,0.058735744702158824,296.77231903007385,1.6327144678232517,0.692,1.3569699349930187,3.474895833219817,0.06406778173425141,323.3959296021093,336.00200518166855,0.0,10.704504309050641
116.11751623947855,22515.317883871303,480.90197802271933,219.085851324215,3736.7166942199665,0.059417441521408224,296.72362790754113,1.6207067209779737,0.692,1.3569699349930187,3.462574465374362,0.06311357833635357,321.7627264796597,334.1799863554396,0.0,10.624490673829388
116.26753887027891,22443.44378234597,477.2779325144109,219.01448287453277,3778.5412049636243,0.060102070640226844,296.6752942747014,1.608755234173573,0.692,1.3569699349930187,3.449881612228789,0.062169560007750604,320.1496567964632,332.3804705534031,0.0,10.544733654241261
116.41756150107926,22372.11195314795,473.6728587820893,218.94365129208992,3820.527648932175,0.060789573607134245,296.6273164432822,1.5968618954642357,0.692,1.3569699349930187,3.436830755571786,0.061235897712026824,318.5567654275778,330.6035084101966,0.0,10.465253726299139
116.56758413187963,22301.319510844634,470.08727335936044,218.87335374766735,3862.6724592619325,0.06147989217619596,296.5796926691213,1.585028526831109,0.692,1.3569699349930187,3.423435362472572,0.060312744647988345,316.9840829590067,328.8491345529037,0.0,10.386070442086115
116.71760676267999,22231.063494692848,466.52167301137047,218.8035873367348,3904.972087625384,0.06217296833726046,296.53242115463115,1.5732568843394563,0.692,1.3569699349930187,3.4097088677865552,0.05940023804338009,315.4316261282405,327.1173680944289,0.0,10.30720254432397
116.86762939348034,22161.340870285214,462.9765347661389,218.73434908108229,3947.4230071377865,0.06286874436513191,296.48550004988294,1.5615486581577995,0.692,1.3569699349930187,3.395664657449792,0.0584984995686468,313.89939824048184,325.4082130998613,0.0,10.228667965619445
117.01765202428071,22092.148533014657,459.45231598673234,218.66563593225754,3990.021714111803,0.06356716284991698,296.43892745491695,1.5499054727102493,0.692,1.3569699349930187,3.3813160516902845,0.05760763509901484,312.3873895995957,323.7216590691263,0.0,10.150483770308105
117.16767465508107,22023.48331173798,455.9494545293343,218.59744477520192,4032.764729583783,0.06426816672365221,296.39270142219004,1.538328887120156,0.692,1.3569699349930187,3.3666762897527636,0.05672773622537375,310.89557796924794,322.0576814534524,0.0,10.072666248958845
117.31769728588142,21955.341970758076,452.4683688319822,218.52977243021687,4075.64860178778,0.0649716993025004,296.34681995789475,1.5268203954281316,0.692,1.3569699349930187,3.3517585148941973,0.05585888106704472,309.423928997889,320.4162421315125,0.0,9.995230954991452
117.46771991668179,21887.72121275739,449.0094580553059,218.46261565587565,4118.669907970489,0.0656777043181758,296.3012810239207,1.515381426984303,0.692,1.3569699349930187,3.336575760015048,0.0550011341023396,307.9723966598615,318.7972899035248,0.0,9.918192654614828
117.61774254748215,21820.61768235388,445.57310229927225,218.39597115255373,4161.825255710643,0.06638612594125877,296.25608254023894,1.504013347097278,0.692,1.3569699349930187,3.321140934504219,0.05415454703205504,306.54092372047467,317.2007610121448,0.0,9.841565368479458
117.7677651782825,21754.027968700862,442.15966278551974,218.32983556501034,4205.111284740424,0.06709690881276412,296.21122238664424,1.4927174575727895,0.692,1.3569699349930187,3.3054668115267414,0.0533191599247744,305.129442178336,315.6265796379773,0.0,9.76536244135453
117.91778780908287,21687.948607649803,438.7694820153267,218.26420548453595,4248.524668969537,0.06780999807906314,296.1666984042063,1.4814949971738454,0.692,1.3569699349930187,3.289566015615147,0.05249500130058414,303.7378736899557,314.0746583752715,0.0,9.689596517381316
118.06781043988323,21622.376085226846,435.4028840393312,218.19907745240542,4292.06211756113,0.06852533941125304,296.12250839760793,1.4703471424560186,0.692,1.3569699349930187,3.2734510116869586,0.05168208838561036,302.3661300313696,312.54489874895273,0.0,9.614279530323145
118.21783307068358,21557.306840712416,432.06017474655954,218.13444796293706,4335.720376146422,0.06924287902680692,296.07865013721846,1.459275008671919,0.692,1.3569699349930187,3.257134095048387,0.05088042837842379,301.0141135571594,311.03719172878436,0.0,9.53942278853506
118.36785570148395,21492.737268177116,428.74164201000923,218.07031346501907,4379.496228975518,0.0699625637266211,296.0351213601297,1.4482796501988042,0.692,1.3569699349930187,3.2406273805215657,0.05009001879447976,299.68171759330767,309.55141816954807,0.0,9.465036977196032
118.51787833228431,21428.663719952143,425.4475560184518,218.00667036555754,4423.386499683075,0.07068434090931058,295.9919197724967,1.4373620615909257,0.692,1.3569699349930187,3.2239427938317093,0.04931084742037549,298.36882689477443,308.08744932354114,0.0,9.391132123822585
118.66790096308466,21365.082509635497,422.1781696206874,217.9435150324641,4467.388052238833,0.07140815858853605,295.9490430515695,1.4265231786781696,0.692,1.3569699349930187,3.207092063933306,0.04854289337827214,297.0753180963934,306.64514734564034,0.0,9.317717669055764
118.81792359388503,21301.989913738547,418.93371851780887,217.88084379629314,4511.497792732801,0.07213396542406188,295.906488846809,1.4157638791580915,0.692,1.3569699349930187,3.190086714223543,0.04778612771188789,295.8010600947783,305.2243657211958,0.0,9.24480249493017
118.96794622468539,21239.382174551498,415.7144215906994,217.81865295309026,4555.712670229488,0.0728617107375075,295.8642547818272,1.4050849836430923,0.692,1.3569699349930187,3.172938055650554,0.047040513345451236,294.54591447288806,303.8249497415976,0.0,9.172394893728075
119.11796885548574,21177.25550317592,412.5204812886491,217.75693876740692,4600.029677382741,0.07359134452414874,295.8223384564421,1.3944872569161644,0.692,1.3569699349930187,3.1556571811695764,0.04630600571204889,293.3097359363394,302.44673699298846,0.0,9.100502601513314
119.2679914862861,21115.606081513422,409.3520839132051,217.6956974742786,4644.445851676802,0.0743228174750187,295.78073744803055,1.3839714088383774,0.692,1.3569699349930187,3.1382549596266167,0.04558255354977427,292.0923726988008,301.0895577880268,0.0,9.029132850300986
119.41801411708646,21054.43006427439,406.2093998858348,217.63492528122313,4688.95827656592,0.07505608099733967,295.7394493128959,1.373538095203729,0.692,1.3569699349930187,3.1207420298489468,0.044870098993374546,290.89366685160326,299.7532355799546,0.0,8.958292352793325
119.56803674788682,20993.723582093284,403.09258417653587,217.57461837133852,4733.564081707189,0.07579108722001093,295.6984715883841,1.3631879191369163,0.692,1.3569699349930187,3.103128797120152,0.04416857778508486,289.7134547824033,298.43758743151676,0.0,8.887987298772577
119.71805937868719,20933.482743779423,400.00177668195437,217.51477290554232,4778.26044369881,0.07652778900740273,295.6578017944188,1.352921432325637,0.692,1.3569699349930187,3.085425429804548,0.04347792014780064,288.5515675627926,297.14242444917613,0.0,8.818223418910657
119.86808200948754,20873.703637616374,396.93710242737257,217.4553850238661,4823.044587430405,0.07726613998323126,295.6174374343944,1.342739135662333,0.692,1.3569699349930187,3.0676418541859913,0.04279805102905544,287.40783126158107,295.86755213412624,0.0,8.749005987735758
120.0181046402879,20814.382334519156,393.89867203515223,217.3964508485958,4867.913785957265,0.0780060945300931,295.5773759973261,1.3326414807834128,0.692,1.3569699349930187,3.0497877529360147,0.04212889009288943,286.28206734478704,294.61277083027545,0.0,8.68033980116148
120.16812727108827,20755.51489021485,390.8865821329382,217.33796648644196,4912.865360977333,0.07874760779890912,295.5376149593411,1.3226288714102088,0.692,1.3569699349930187,3.0318725636054853,0.04147035245284291,285.17409304117996,293.3778761337336,0.0,8.612229230309495
120.31814990188862,20697.09734646292,387.9009155824599,217.27992802975652,4957.89668394597,0.0794906357288756,295.49815178452315,1.3127016640879592,0.692,1.3569699349930187,3.0139054752387473,0.040822349072240804,284.083721633645,292.16265921926606,0.0,8.544678243503588
120.46817253268898,20639.125733624656,384.94174189452195,217.22233155908967,5003.005176071263,0.08023513504893572,295.45898392666885,1.3028601695525432,0.692,1.3569699349930187,2.995895427626656,0.040184786738410874,283.010762807085,290.9669072299601,0.0,8.477690384760391
120.61819516348935,20581.596073005698,382.00911767309657,217.16517314552198,5048.1883083624925,0.08098106328009877,295.4201088308929,1.2931046541986406,0.692,1.3569699349930187,2.977851111554471,0.039557568494042517,281.95502299469257,289.7904036650913,0.0,8.411268800247667
120.7682177942897,20524.504378174413,379.1030869160689,217.10844885197866,5093.44360237806,0.08172837874928286,295.3815239345416,1.2834353410678474,0.692,1.3569699349930187,2.9597809677212443,0.03894059418113183,280.9163056634002,288.63292869993563,0.0,8.34541627847553
120.91824042509006,20467.8466566902,376.223681323782,217.0521547349518,5138.768630570151,0.08247704059648638,295.3432266683846,1.2738524108636866,0.692,1.3569699349930187,2.941693185958655,0.03833376049180979,279.8944115931889,287.4942594986485,0.0,8.280135239529491
121.06826305589043,20411.61891268209,373.37092077789123,216.99628684706718,5184.161015848649,0.08322700876903824,295.30521445838275,1.2643560035426,0.692,1.3569699349930187,2.923595707086824,0.03773696110238496,278.88913920456463,286.3741705810339,0.0,8.215427733215876
121.21828568669078,20355.817148248763,370.5448137128079,216.94084123848037,5229.6184319788135,0.08397824402958953,295.26748472665963,1.2549462195467793,0.692,1.3569699349930187,2.905496224032405,0.03715008727335589,277.9002848379588,285.2724341355656,0.0,8.151295488621319
121.36830831749114,20300.437384561443,367.7437244908867,216.8858139778507,5275.138587631812,0.08473070769382982,295.2300349057992,1.2456175897151687,0.693402371291146,1.3569699349930187,2.893227938254791,0.03657302590227071,276.92710980516546,284.18822261598723,0.0,8.087739684760413
121.5183309482915,20245.476918860673,364.9533890118232,216.83120240137615,5320.718179985386,0.08548434432764214,295.1928632890915,1.2363218573289594,0.696377005654733,1.3569699349930187,2.8871660514993502,0.03600553950849607,275.9648022362896,283.11614254956714,0.0,8.024747553542001
121.66835357909186,20190.934377713307,362.17238797601084,216.77700516582738,5366.352804309796,0.08623908023097723,295.1559690671998,1.227054255824835,0.6993426381360528,1.3569699349930187,2.8806516948322827,0.03544728127817822,275.0128244190835,282.05559135810324,0.0,7.962293521889062
121.81837620989222,20136.808312443784,359.4013165258474,216.7232208529511,5412.038096845655,0.08699484232455443,295.1193513785174,1.2178168420575122,0.7022986105415961,1.3569699349930187,2.8736944890987766,0.0348979323388452,274.0712957123067,281.0067030065609,0.0,7.900354257313382
121.96839884069259,20083.097195566384,356.64073075823296,216.66984796592033,5457.769741701136,0.08775155826574216,295.0830093067263,1.2086115415324372,0.7052443067096201,1.3569699349930187,2.8663040776771354,0.0343571937763543,273.1403174261103,279.969591238085,0.0,7.838907862170943
122.11842147149294,20029.799380238073,353.8915830490653,216.64999999999998,5503.54131322472,0.08849559308533296,295.0694935090715,1.1993499525839169,0.7082080151731466,1.3569699349930187,2.858175565633107,0.033824866083386744,272.2532252191255,278.9776185787026,0.0,7.777943079494376
122.2684441022933,19976.91307309825,351.15495169533256,216.64999999999998,5549.340462036271,0.08923203215360022,295.0694935090715,1.190075420943293,0.7111758652981462,1.3569699349930187,2.849451967316224,0.03330079791900169,271.396594593368,278.0173910614203,0.0,7.717453786303174
122.41846673309367,19924.436343287223,348.4314688268789,216.64999999999998,5595.162385543096,0.08996883743337585,295.0694935090715,1.1808454499420047,0.7141294560185585,1.3569699349930187,2.840336222638929,0.032784785868499734,270.55068191353377,277.06917766818964,0.0,7.657427495462542
122.56848936389402,19872.367175833806,345.72170203635943,216.64999999999998,5641.003141754962,0.09070594553842472,295.0694935090715,1.1716619631698073,0.7170681717856617,1.3569699349930187,2.8308407531825757,0.03227663840886461,269.7155660296886,276.13306678483366,0.0,7.597852638674927
122.71851199469438,19820.703471483834,343.02620056446216,216.64999999999998,5686.858871165187,0.09144329440882698,295.0694935090715,1.1625268220210514,0.7199914169532635,1.3569699349930187,2.8209781510650696,0.03177618235103798,268.8913152268348,275.2091349544227,0.0,7.538719374280539
122.86853462549475,19769.443049815065,340.345495021437,216.64999999999998,5732.725798090204,0.09218082333251787,295.0694935090715,1.153441824750933,0.7228986160797014,1.3569699349930187,2.8107611514970983,0.03128326181605893,268.0779874297298,274.2974471068627,0.0,7.480019539497271
123.0185572562951,19718.58365271444,337.68009716891464,216.64999999999998,5778.600231541793,0.09291847295931303,295.0694935090715,1.1444087057360715,0.7257892141644572,1.3569699349930187,2.8002026058488836,0.03079773521734028,267.275630428841,273.39805681217615,0.0,7.421746358513912
123.16857988709546,19668.122946600364,335.03049979522297,216.64999999999998,5824.478567087861,0.09365618533082938,295.0694935090715,1.1354291350519532,0.728662676783375,1.3569699349930187,2.7893154564558857,0.030319473390931315,266.48428213594,272.5110065670067,0.0,7.363894274675508
123.31860251789583,19618.058524992248,332.39717661242156,216.64999999999998,5870.357288288901,0.094393903903583,295.0694935090715,1.126504718123978,0.7315184902003271,1.3569699349930187,2.7781127116669877,0.02984835885389559,265.7039708462557,271.63632808847535,0.0,7.30645891155963
123.46862514869618,19568.387912054324,329.7805821563331,216.64999999999998,5916.2329671093285,0.09513157355560332,295.0694935090715,1.1176369953886625,0.734356161475628,1.3569699349930187,2.7666074206950984,0.029384284104505273,264.93471550102385,270.7740426084823,0.0,7.249436912920707
123.61864777949654,19519.108565552408,327.1811517449765,216.64999999999998,5962.102264711732,0.09586914059920454,295.0694935090715,1.108827442152768,0.7371752185111142,1.3569699349930187,2.7548126497153818,0.028927149836788957,264.176525966169,269.92416118609054,0.0,7.192825763380955
123.7686704102969,19470.21787610047,324.59974759575385,216.64999999999998,6007.961935602816,0.09660655284765131,295.0694935090715,1.1000789804987905,0.7399747262403871,1.3569699349930187,2.7427472062009213,0.028476864611399477,263.42953190485275,269.0868291653167,0.0,7.136623782235141
123.91869304109726,19421.711124472415,322.0690433225039,216.64999999999998,6053.810769203783,0.09734379083513375,295.0694935090715,1.0915023423544878,0.7328660038969714,1.3569699349930187,2.694615172741825,0.028033519089276097,262.7029529467483,268.2723811546199,0.0,7.080852162247564
124.06871567189762,19373.57976876569,319.5947627905172,216.64999999999998,6099.6513042852885,0.09808089538446071,295.0694935090715,1.0831169260833524,0.7283710803475251,1.3569699349930187,2.6570662132979654,0.027597500251846093,261.99807163363795,267.48225480037223,0.0,7.025570410231596
124.21873830269799,19325.81552170267,317.1746473543458,216.64999999999998,6145.486040199684,0.09881790668460437,295.0694935090715,1.074915077063345,0.7240493817321456,1.3569699349930187,2.620998192671958,0.027169116192639106,261.3138799516,266.7153201841745,0.0,6.9708297050413695
124.36876093349834,19278.410416607745,314.80657970031297,216.64999999999998,6191.317364565557,0.09955486312788538,295.0694935090715,1.0668896196503441,0.7198922543154836,1.3569699349930187,2.5863276064830028,0.026748601977565935,260.649436845619,265.97052244422997,0.0,6.916673284609506
124.5187835642987,19231.356796198565,312.4885614745371,216.64999999999998,6237.1475535449035,0.10029180131442982,295.0694935090715,1.0590337813587973,0.7158916068357059,1.3569699349930187,2.552977018084507,0.026336128482019126,260.00385949358457,265.24687199406134,0.0,6.863137245527932
124.66880619509907,19184.647296174797,310.21870449442775,216.64999999999998,6282.9787777120555,0.10102875614653999,295.0694935090715,1.0513411630772007,0.7120398650183342,1.3569699349930187,2.5208745181384513,0.025931808837814405,259.37631872783015,264.5434393903519,0.0,6.810251073917713
124.81882882589942,19138.27482527129,307.9952216294176,216.64999999999998,6328.81311212211,0.10176576099059242,295.0694935090715,1.043805708162605,0.7083299286287412,1.3569699349930187,2.4899532179006854,0.025535709734783394,258.76603458309694,263.8593503425016,0.0,6.7580388515132155
124.96885145669978,19092.232554591457,305.8164214886202,216.64999999999998,6374.652537950721,0.10250284770340518,295.0694935090715,1.0364216844369183,0.7047551376557164,1.3569699349930187,2.460150857900406,0.02514785602989704,258.17227308471587,263.193782112386,0.0,6.706519633490907
125.11887408750015,19046.513903018724,303.6807011856697,216.64999999999998,6420.498948523706,0.10324004672919257,295.0694935090715,1.0291836596667132,0.7013092375487022,1.3569699349930187,2.4314094047698016,0.024768236217837733,257.5943426680032,262.5459595007309,0.0,6.655707966838308
125.2688967183005,19001.11252134424,301.58653952627094,216.64999999999998,6466.354157259814,0.10397738722728288,295.0694935090715,1.0220864784756174,0.6979863474215713,1.3569699349930187,2.403674685353538,0.024396810118400045,257.03159087260366,261.9151511416849,0.0,6.605614739888276
125.41891934910086,18956.022284419716,299.5324931356612,216.64999999999998,6512.219898088626,0.104714897078838,295.0694935090715,1.0151252492201552,0.6947809348970528,1.3569699349930187,2.3768961047064776,0.024033511389195097,256.4834019657204,261.3006668386135,0.0,6.556247371461253
125.56894197990123,18911.237278833185,297.51719066024,216.64999999999998,6558.097830791404,0.10545260297273315,295.0694935090715,1.0082953243388857,0.6916877895323477,1.3569699349930187,2.351026344620698,0.023678251527230104,255.94919416287829,260.7018544487549,0.0,6.50761021900402
125.71896461070158,18866.751789443013,295.53932732078476,216.64999999999998,6603.989548037813,0.1061905305187055,295.0694935090715,1.001592281893075,0.6887019984818478,1.3569699349930187,2.326021089469582,0.02333092528158852,255.4284170611864,260.1180970060731,0.0,6.459705206021199
125.86898724150194,18822.560293399692,293.5976621101054,216.64999999999998,6649.896575180831,0.10692870424405644,295.0694935090715,0.9950119160694568,0.685818927610275,1.3569699349930187,2.3018388213223497,0.022991412230840447,254.9205498713864,259.5488107394987,0.0,6.412531947559686
126.0190098723023,18778.65745100531,291.69101349696297,216.64999999999998,6695.820373610858,0.10766714764758478,295.0694935090715,0.9885502226206768,0.6830342015242177,1.3569699349930187,2.2784405990159846,0.022659579039270204,254.4250993390612,258.993442742738,0.0,6.366087980732035
126.16903250310266,18735.038092924737,289.81825451756845,216.64999999999998,6741.762348342597,0.108405883321582,295.0694935090715,0.9822033822302216,0.6803436839635215,1.3569699349930187,2.2557898397583376,0.022335283535929524,253.94159759485964,258.4514685645142,0.0,6.32036926715274
126.31905513390302,18691.69721581735,287.9783109374411,216.64999999999998,6787.72384717716,0.10914493293835907,295.0694935090715,0.9759677542828995,0.6777434637432896,1.3569699349930187,2.2338521725987177,0.022018375848531238,253.46960087750503,257.92239077714225,0.0,6.275370300895416
126.46907776470339,18648.629975278593,286.1701578933409,216.64999999999998,6833.706162917291,0.1098843172858667,295.0694935090715,0.9698398654842406,0.6752298393557706,1.3569699349930187,2.212595271696221,0.021708699537315142,253.0086879236781,257.40573717169224,0.0,6.23108422375999
126.61910039550374,18605.831675671223,284.3928161170927,216.64999999999998,6879.710539225187,0.11062405636188767,295.0694935090715,0.9638163970629158,0.6727993039245126,1.3569699349930187,2.1919886921690157,0.021406094182897354,252.5584583169298,256.9010589072272,0.0,6.187503158045679
126.7691230263041,18563.29776454998,282.64534985099783,216.64999999999998,6925.738171916245,0.11136416939483998,295.0694935090715,0.9578941777059996,0.6704485333397194,1.3569699349930187,2.1720037469839846,0.021110396563892565,252.118531326101,256.4079292087467,0.0,6.144618350280006
126.91914565710445,18521.023828120215,280.9268647370866,216.64999999999998,6971.7902093473795,0.11210467485002085,295.0694935090715,0.9520701764055791,0.6681743750128406,1.3569699349930187,2.152613390189775,0.020821441227324305,251.68854478315106,255.92594210930514,0.0,6.1024202335794575
127.06916828790482,18479.00558370105,279.236504926065,216.64999999999998,7017.86775628125,0.11284559049174261,295.0694935090715,0.9463414926608814,0.6659738362462121,1.3569699349930187,2.1337920926820546,0.020539061855219143,251.26815381126374,255.45471102430128,0.0,6.06089861141567
127.21919091870518,18437.238872882866,277.57345071675144,216.64999999999998,7063.9718772921915,0.1135869334380992,295.0694935090715,0.9407053484782487,0.6638440739649267,1.3569699349930187,2.115515734691216,0.020263092337976813,250.857029732089,254.9938675265664,0.0,6.020042806532773
127.36921354950553,18395.719658551217,275.9369172829408,216.64999999999998,7110.10359614337,0.11432872015095097,295.0694935090715,0.9351590840564394,0.6617823863940533,1.3569699349930187,2.097761523633243,0.019993367089017205,250.45485928065685,254.5430604663337,0.0,5.979841703291053
127.5192361803059,18354.44401969468,274.3261525496598,216.64999999999998,7156.263897763801,0.11507096646771467,295.0694935090715,0.9297001505891901,0.659786204114194,1.3569699349930187,2.080507901097952,0.019729721733236106,250.06134364287968,254.10195489234098,0.0,5.940283848583509
127.66925881110626,18313.40814422829,272.7404348317724,216.64999999999998,7202.453732676576,0.11581368767256824,295.0694935090715,0.9243261022623722,0.6578530813347865,1.3569699349930187,2.0637344508250384,0.01947199386497718,249.67619747099877,253.67023094820937,0.0,5.901357567792085
127.81928144190661,18272.60832655589,271.1790719332451,216.64999999999998,7248.674016338694,0.11655689848583545,295.0694935090715,0.9190345932013744,0.6559806894125415,1.3569699349930187,2.047421837241597,0.019220023226263233,249.2991482864461,253.2475832030903,0.0,5.863050997189708
127.96930407270698,18232.040963784744,269.6413995440713,216.64999999999998,7294.925630113759,0.11730061307962668,295.0694935090715,0.9138233720382265,0.6541668098605937,1.3569699349930187,2.0315517346438723,0.01897365211434496,248.92993573650114,252.833719818426,0.0,5.825352152925123
128.11932670350734,18191.702549825524,268.1267793324104,216.64999999999998,7341.209424829329,0.11804484513504013,295.0694935090715,0.9086902754457985,0.6524093273851416,1.3569699349930187,2.01610675493014,0.018732725772867137,248.56831080496622,252.42836166316732,0.0,5.788249000186493
128.2693493343077,18151.58967214988,266.634597888719,216.64999999999998,7387.526221499145,0.11878960785377524,295.0694935090715,0.9036332245594263,0.6507062242809952,1.3569699349930187,2.0010703937025127,0.018497092499962575,248.2140352522857,252.03124168618376,0.0,5.751729480926922
128.41937196510807,18111.699009308737,265.16426568982075,216.64999999999998,7433.8768112866655,0.11953491395754612,295.0694935090715,0.8986502214661125,0.6490555751299669,1.3569699349930187,1.986426979209858,0.018266603872881683,247.8668810800843,251.64210431604553,0.0,5.715781560693923
128.56939459590842,18072.027326557458,263.7152156238732,216.64999999999998,7480.261957783986,0.1202807757247262,295.0694935090715,0.8937393442055901,0.6474555412838816,1.3569699349930187,1.9721616163652245,0.018041114961301025,247.52662991153886,251.26070476646035,0.0,5.68039327520643
128.71941722670877,18032.57147174868,262.2869017505219,216.64999999999998,7526.68239915303,0.121027205024778,295.0694935090715,0.888898742568446,0.6459043659016961,1.3569699349930187,1.958260137532511,0.017820484322616226,247.1930724476668,250.88680842680796,0.0,5.6455527438307955
128.86943985750915,17993.328373644406,260.87879865398565,216.64999999999998,7573.13884756113,0.12177421330917736,295.0694935090715,0.8841266359037055,0.6444003698764763,1.3569699349930187,1.944709065569743,0.017604574080298276,246.8660080793669,250.52019042726306,0.0,5.611248196430242
129.0194624883095,17954.295038940552,259.49040035619765,216.64999999999998,7619.631990216314,0.12252181162806064,295.0694935090715,0.8794213094354331,0.6429419474916366,1.3569699349930187,1.9314955711480875,0.01739325011034907,246.5452444112713,250.16063510506405,0.0,5.57746801814748
129.16948511910985,17915.468547862485,258.1212190414665,216.64999999999998,7666.162492238849,0.12327001067639845,295.0694935090715,0.8747811099405669,0.6415275621090935,1.3569699349930187,1.9186074290286121,0.017186381918858837,246.2305967582101,249.80793544008245,0.0,5.544200745567698
129.31950774991023,17876.84605270998,256.7707845794749,216.64999999999998,7712.730996147113,0.12401882078572853,295.0694935090715,0.8702044441323475,0.640155742895879,1.3569699349930187,1.9060329895572778,0.016983842603666168,245.9218878401639,249.4618927128845,0.0,5.511435075927628
129.46953038071058,17838.42477570007,255.43864369617862,216.64999999999998,7759.338122250273,0.12476825193047002,295.0694935090715,0.8656897758504659,0.6388250813453089,1.3569699349930187,1.893761145478475,0.01678550903886322,245.6189474074251,249.12231608456122,0.0,5.479159912571505
129.61955301151093,17800.202005299365,254.12435892429122,216.64999999999998,7805.984470973529,0.1255183137653127,295.0694935090715,0.8612356225042238,0.6375342277558431,1.3569699349930187,1.8817812967355636,0.01659126171534472,245.32161182813616,248.7890221343854,0.0,5.447364355080725
129.7695756423113,17762.17509420733,252.82750802195426,216.64999999999998,7852.670623300815,0.12626901563233559,295.0694935090715,0.8568405531023878,0.6362818883448673,1.3569699349930187,1.8700833244592008,0.016400984608694002,245.0297237940518,248.46183452999009,0.0,5.416037693071458
129.91959827311166,17724.34145792622,251.54768342633133,216.64999999999998,7899.39714056906,0.12702036655769866,295.0694935090715,0.8525031864014023,0.6350668225285737,1.3569699349930187,1.8586575665345322,0.016214565297440062,244.74313204346572,248.14058371678746,0.0,5.385169440876567
130.069620903912,17686.698572056623,250.2844914401801,216.64999999999998,7946.164565903136,0.12777237527471655,295.0694935090715,0.8482221881486554,0.6338878400791186,1.3569699349930187,1.8474947899317835,0.016031894890160693,244.46169103353458,247.8251065506651,0.0,5.354749341026309
130.2196435347124,17649.2439696719,249.0375515275944,216.64999999999998,7992.973425661116,0.12852505024709784,295.0694935090715,0.8439962686957271,0.6327437985255906,1.3569699349930187,1.8365861660024425,0.015852867798573804,244.1852606468999,247.51524596912816,0.0,5.324767341489025
130.36966616551274,17611.975240310236,247.80649596227255,216.64999999999998,8039.824228946235,0.12927839966109753,295.0694935090715,0.8398241818063584,0.6316336009984991,1.3569699349930187,1.8259232523916937,0.015677381760446377,243.9137059849001,247.21085075950333,0.0,5.295213613854976
130.5196887963131,17574.890028174934,246.5909692317132,216.64999999999998,8086.717468157973,0.13003243143437834,295.0694935090715,0.8357047226372526,0.6305561939504273,1.3569699349930187,1.8154979717499478,0.015505337886034577,243.64689711370968,246.91177527437748,0.0,5.266078575675346
130.66971142711344,17537.98602926766,245.3906272961924,216.64999999999998,8133.653620974495,0.13078715324788795,295.0694935090715,0.8316367252267244,0.6295105648605686,1.3569699349930187,1.8053025890757712,0.015336640379274754,243.38470878651697,246.61787912017678,0.0,5.237352857546648
130.81973405791382,17501.260990471575,244.20513731847862,216.64999999999998,8180.633149951441,0.1315425725394074,295.0694935090715,0.8276190615786951,0.6284957404566812,1.3569699349930187,1.795329697390087,0.015171196470428873,243.12702027606898,246.32902696946033,0.0,5.209027304954196
130.96975668871417,17464.712708267336,243.03417720853514,216.64999999999998,8227.656502626287,0.13229869650522952,295.0694935090715,0.8236506401196754,0.6275107848542673,1.3569699349930187,1.7855722009651591,0.015008916519887044,242.87371517231406,246.04508833409062,0.0,5.181093009298889
131.11977931951452,17428.339026324407,241.8774350054668,216.64999999999998,8274.724113130625,0.13305553212608368,295.0694935090715,0.8197304036041618,0.6265547976474263,1.3569699349930187,1.7760232967360408,0.014849713780393048,242.62468115106205,245.76593730591648,0.0,5.153541280238503
131.2698019503149,17392.137834177523,240.734608535334,216.64999999999998,8321.83640248478,0.1338130861718733,295.0694935090715,0.8158573279549584,0.6256269123175199,1.3569699349930187,1.766676460731738,0.014693504249255517,242.3798098083484,245.49145237110622,0.0,5.126363632414384
131.41982458111525,17356.107066371736,239.60540510710368,216.64999999999998,8368.993778328146,0.13457136519733978,295.0694935090715,0.8120304212327438,0.6247262947404741,1.3569699349930187,1.7575254355412642,0.014540206743922727,242.13899650772635,245.2215162389718,0.0,5.099551810538464
131.5698472119156,17320.2447007048,238.48954103541485,216.64999999999998,8416.196635871087,0.13533037555736877,295.0694935090715,0.8082487220187092,0.623852141622334,1.3569699349930187,1.7485642155917047,0.014389742787914061,241.90214019529066,244.95601563462247,0.0,5.073097781470544
131.71986984271598,17284.548756461045,237.38674121423276,216.64999999999998,8463.445358928724,0.13609012342361315,295.0694935090715,0.8045112979696583,0.6230036790484789,1.3569699349930187,1.739787033783333,0.014242036391686315,241.66914323068988,244.69484110954048,0.0,5.046993707052064
131.86989247351633,17249.01729378623,236.2967389155103,216.64999999999998,8510.740319502906,0.1368506147777713,295.0694935090715,0.8008172451356639,0.6221801612691326,1.3569699349930187,1.7311883520342064,0.014097014063515791,241.43991127011793,244.43788691042215,0.0,5.021231956705889
132.01991510431668,17213.648412553182,235.21927544471868,216.64999999999998,8558.08187806835,0.1376118554161882,295.0694935090715,0.7971656867926511,0.6213808694266297,1.3569699349930187,1.7227628499419094,0.013954604818941233,241.2143531227114,244.1850508182086,0.0,4.9958051198384
132.16993773511706,17178.440250404325,234.15409968365134,216.64999999999998,8605.470385013214,0.1383738509730194,295.0694935090715,0.7935557718929442,0.6206051102581904,1.3569699349930187,1.7145054121764962,0.01381473993457415,240.9923805875043,243.93623396532257,0.0,4.970705972299026
132.3199603659174,17143.390982148492,233.10096792876382,216.64999999999998,8652.90618032226,0.13913660691513638,295.0694935090715,0.7899866745173962,0.6198522150717984,1.3569699349930187,1.7064111208021853,0.013677352893469013,240.773908356037,243.69134072649928,0.0,4.945927476135706
132.46998299671776,17108.498818973447,232.0596436297667,216.64999999999998,8700.38959353178,0.13990012854140182,295.0694935090715,0.7864575929894709,0.6191215386908849,1.3569699349930187,1.6984752462908912,0.013542379451156855,240.55885389709167,243.4502785895824,0.0,4.9214628009787305
132.62000562751814,17073.762006791196,231.02989700462135,216.64999999999998,8747.920944903124,0.1406644210015396,295.0694935090715,0.7829677485704521,0.6184124583593171,1.3569699349930187,1.690693237029055,0.013409757437277025,240.34713731920823,243.2129580014132,0.0,4.897305297495683
132.7700282583185,17039.178825330375,230.01150482671488,216.64999999999998,8795.50054563327,0.14142948929952073,295.0694935090715,0.7795163847381719,0.6177243728142048,1.3569699349930187,1.6830607117722254,0.013279426640830672,240.13868127206197,242.9792922572814,0.0,4.873448485117572
132.92005088911884,17004.74758761319,229.00425024898607,216.64999999999998,8843.128697566586,0.14219533828892852,295.0694935090715,0.776102766590968,0.6170567014205461,1.3569699349930187,1.675573452859513,0.013151328861841812,239.93341085799634,242.74919740175898,0.0,4.849886069829931
133.07007351991922,16970.466638765596,228.0079225094208,216.64999999999998,8890.805693853792,0.14296197268355457,295.0694935090715,0.7727261798495988,0.6164088832629897,1.3569699349930187,1.6682273978938802,0.013025407816090512,239.7312535218925,242.52259210525125,0.0,4.826611935013835
133.22009615071957,16936.334354778155,227.02231665883943,216.64999999999998,8938.531819727603,0.14372939706987092,295.0694935090715,0.7693859299347052,0.6157803762929147,1.3569699349930187,1.6610186320444809,0.012901608969791157,239.53213894843128,242.29939754883398,0.0,4.803620118730599
133.37011878151992,16902.349142107618,226.0472334410948,216.64999999999998,8986.307352143345,0.1444976159012512,295.0694935090715,0.7660813415607984,0.615170656608049,1.3569699349930187,1.6539433828400911,0.012779879547268787,239.3359989926296,242.07953734638937,0.0,4.7809048224813955
133.5201414123203,16868.509436939126,225.08247908550638,216.64999999999998,9034.13255991286,0.14526663350012387,295.0694935090715,0.7628117580328125,0.6145792177045543,1.3569699349930187,1.6469980138067641,0.012660168531491591,239.14276759464514,241.86293744910742,0.0,4.758460418661749
133.67016404312065,16834.813703795146,224.12786501015717,216.64999999999998,9082.007704796724,0.14603645407553467,295.0694935090715,0.7595765402405676,0.6140055697073322,1.3569699349930187,1.6401790170184725,0.012542426482843158,238.95238067903736,241.64952603256435,0.0,4.736281423695084
133.820186673921,16801.260435124386,223.18320772085326,216.64999999999998,9129.933041250486,0.1468070817190664,295.0694935090715,0.7563750663163415,0.6134492387509921,1.3569699349930187,1.6334830087596408,0.012426605501149034,238.7647760953767,241.439233430149,0.0,4.71436249737796
133.97020930472138,16767.848150810314,222.2483286562199,216.64999999999998,9177.90881630008,0.14757852040283537,295.0694935090715,0.7532067311098943,0.6129097663515587,1.3569699349930187,1.6269067244876472,0.012312659269334073,238.5798935497351,241.23199205626827,0.0,4.692698457578423
134.12023193552173,16734.575396990716,221.3230539362077,216.64999999999998,9225.935270431279,0.14835077399379382,295.0694935090715,0.7500709453361483,0.6123867087487469,1.3569699349930187,1.6204470125655268,0.012200542910089254,238.3976745189236,241.02773631021324,0.0,4.671284259362459
134.27025456632208,16701.440745411852,220.4072142234272,216.64999999999998,9274.012637750053,0.14912384625630826,295.0694935090715,0.7469671351052463,0.6118796363405741,1.3569699349930187,1.614100829833689,0.012090212905761314,238.21806218895696,240.82640250718157,0.0,4.65011498552259
134.42027719712246,16668.442793105514,219.5006446187691,216.64999999999998,9322.141145695081,0.1498977408475368,295.0694935090715,0.7438947415688055,0.6113881331581343,1.3569699349930187,1.6078652377824252,0.011981627133599763,238.0410014017305,240.62792881850606,0.0,4.629185858969532
134.5702998279228,16635.580161555674,218.60318447185264,216.64999999999998,9370.321015510428,0.15067246132502968,295.0694935090715,0.7408532202775209,0.6109117963144013,1.3569699349930187,1.6017373976076843,0.011874744796968723,237.86643858648245,240.43225519482814,0.0,4.608492235117132
134.72032245872316,16602.851495797484,217.7146771991321,216.64999999999998,9418.55246285144,0.1514480111564719,295.0694935090715,0.7378420405647214,0.6104502354808754,1.3569699349930187,1.5957145655327274,0.011769526310687652,237.69432169441703,240.23932329281473,0.0,4.58802958496439
134.87034508952354,16570.255464158978,216.83497021060046,216.64999999999998,9466.835697472567,0.1522243937146636,295.0694935090715,0.7348606852979676,0.6100030724414706,1.3569699349930187,1.589794089821792,0.011665933306687555,237.52460015582813,240.0490764270966,0.0,4.5677935011341475
135.0203677203239,16537.790757769682,215.9639147806853,216.64999999999998,9515.170923270547,0.15300161227821416,295.0694935090715,0.731908650441513,0.6095699406337157,1.3569699349930187,1.5839734070584732,0.011563928632550739,237.3572248275582,239.86145951137306,0.0,4.54777970253983
135.17039035112424,16505.456089537834,215.10136584714024,216.64999999999998,9563.558339142803,0.15377967004534535,295.0694935090715,0.728985444374741,0.6091504846733021,1.3569699349930187,1.578250037509123,0.011463476226925845,237.19214792796723,239.67641898551662,0.0,4.527984014724924
135.32041298192462,16473.250193862103,214.2471819455661,216.64999999999998,9611.998138780824,0.15455857013056878,295.0694935090715,0.7260905876702546,0.6087443599644665,1.3569699349930187,1.572621582563611,0.011364541094291193,237.02932299925587,239.4939027733395,0.0,4.508402369263323
135.47043561272497,16441.171826323196,213.40122511579966,216.64999999999998,9660.49051050304,0.15533831556199854,295.0694935090715,0.7232236127766253,0.608351232310148,1.3569699349930187,1.5670857218149705,0.011267089333454761,236.86870486535054,239.3138602353856,0.0,4.489030813733457
135.62045824352532,16409.219762814082,212.563360730761,216.64999999999998,9709.035637952866,0.15611890929257569,295.0694935090715,0.7203840634383508,0.6079707775014609,1.3569699349930187,1.5616402091284685,0.01117108803969868,236.7102495761445,239.13624210642828,0.0,4.469865496557582
135.7704808743257,16377.392799065827,211.73345740242178,216.64999999999998,9757.63370022701,0.15690035420213128,295.0694935090715,0.717571494377179,0.6076026809595456,1.3569699349930187,1.556282869918933,0.01107650525112254,236.55391436754417,238.96100045068508,0.0,4.450902660217547
135.92050350512605,16345.689750449448,210.9113869190713,216.64999999999998,9806.284871597049,0.15768265309290946,295.0694935090715,0.7147854710795005,0.6072466374040185,1.3569699349930187,1.5510115989267015,0.01098330997183141,236.3996576283051,238.78808862464263,0.0,4.432138649699961
136.0705261359264,16314.10945137504,210.09702411888634,216.64999999999998,9854.989321859002,0.15846580869518861,295.0694935090715,0.7120255693678723,0.6069023505057077,1.3569699349930187,1.5458243571511514,0.010891472124758186,236.2474388557499,238.6174612274197,0.0,4.41356990680139
136.22054876672678,16282.650754616352,209.29024676347922,216.64999999999998,9903.747216822645,0.15924982367514917,295.0694935090715,0.7092913749724686,0.606569532553855,1.3569699349930187,1.5407191688699196,0.010800962475076916,236.09721861249972,238.4490740522658,0.0,4.395192958207944
136.37057139752713,16251.312531141994,208.49093549225515,216.64999999999998,9952.558718037213,0.16003470063046318,295.0694935090715,0.7065824833763962,0.6062479041694738,1.3569699349930187,1.5356941198717848,0.010711752633828968,235.9489584991533,238.282884055936,0.0,4.377004419572848
136.52059402832748,16220.093669782465,207.69897374021207,216.64999999999998,10001.423982779046,0.16082044209009555,295.0694935090715,0.7038984995371155,0.6059371940133351,1.3569699349930187,1.530747355207679,0.01062381505578383,235.80262112084105,238.11884932120057,0.0,4.359000998429258
136.67061665912786,16188.993076455885,206.91424759633668,216.64999999999998,10050.343164746879,0.16160705052548424,295.0694935090715,0.7012390374065403,0.6056371384822515,1.3569699349930187,1.525877076169059,0.010537122956605917,235.65817004361875,237.9569290079649,0.0,4.341179480468671
136.8206392899282,16158.009673960794,206.13664575987545,216.64999999999998,10099.316413891065,0.1623945283477941,295.0694935090715,0.6986037197828384,0.6053474814552569,1.3569699349930187,1.521081538721908,0.010451650296142848,235.51556976975388,237.79708332556714,0.0,4.323536729076212
136.97066192072856,16127.14240178454,205.36605948337626,216.64999999999998,10148.34387622423,0.1631828779048723,295.0694935090715,0.6959921781173986,0.6050679740428473,1.3569699349930187,1.5163590517748586,0.01036737179608683,235.3747857111477,237.639273502986,0.0,4.306069691920076
137.12068455152894,16096.390215444248,204.6023824519462,216.64999999999998,10197.425694385403,0.1639721014903194,295.0694935090715,0.6934040521056305,0.6047983743223632,1.3569699349930187,1.5117079746046183,0.010284262875043327,235.235784151756,237.48346174671707,0.0,4.288775390407894
137.2707071823293,16065.752086129041,203.8455107172122,216.64999999999998,10246.562007747205,0.16476220134521294,295.0694935090715,0.6908389894631559,0.604538447103678,1.3569699349930187,1.5071267151118353,0.010202299613264531,235.09853222073968,237.32961121067598,0.0,4.271650915026518
137.42072981312964,16035.227000581872,203.09534265972587,216.64999999999998,10295.752952149514,0.1655531796538248,295.0694935090715,0.6882966457983973,0.6042879637125862,1.3569699349930187,1.5026137285047265,0.0101214587668793,234.96299787133051,237.17768597250864,0.0,4.254693430908359
137.57075244393002,16004.813960655387,202.3517789020107,216.64999999999998,10344.998660164641,0.16634503854788518,295.0694935090715,0.6857766843178916,0.6040467017649142,1.3569699349930187,1.4981675153258611,0.01004171773612416,234.8291498512857,237.0276510004726,0.0,4.237900173762596
137.72077507473037,15974.511982791868,201.6147222175154,216.64999999999998,10394.299261504018,0.1671377801131221,295.0694935090715,0.6832787755177309,0.6038144449484529,1.3569699349930187,1.4937866194708465,0.00996305451533881,234.69695767324893,236.87947212021348,0.0,4.221268441784216
137.87079770553072,15944.320097913149,200.88407750199698,216.64999999999998,10443.654882774414,0.16793140638534126,295.0694935090715,0.6808025970865778,0.6035909828327647,1.3569699349930187,1.4894696271192762,0.009885447694616705,234.5663915968842,236.73311599473857,0.0,4.204795598299617
138.0208203363311,15914.237351192645,200.15975172036917,216.64999999999998,10493.065647430525,0.1687259193496639,295.0694935090715,0.6783478337255341,0.6033761106772162,1.3569699349930187,1.4852151653420047,0.009808876457054716,234.43742260702837,236.58855009992698,0.0,4.188479073481243
138.17084296713145,15884.262801453897,199.44165380356222,216.64999999999998,10542.531676353221,0.16952132094982475,295.0694935090715,0.6759141767985943,0.6031696292314546,1.3569699349930187,1.4810219000487836,0.009733320524965169,234.31002238345422,236.4457426906359,0.0,4.172316355109627
138.3208655979318,15854.395521018516,198.72969461857787,216.64999999999998,10592.05308770628,0.1703176130858683,295.0694935090715,0.6735013242311618,0.6029713445650539,1.3569699349930187,1.4768885350002714,0.009658760148614056,234.1841632841899,236.30466278200308,0.0,4.1563049882185386
138.47088822873218,15824.634595590975,198.02378693415636,216.64999999999998,10641.629996736036,0.17111479761092735,295.0694935090715,0.6711089803936929,0.6027810679009468,1.3569699349930187,1.472813810769599,0.009585176115999091,234.059818328415,236.1652801302741,0.0,4.140442579229174
138.62091085953253,15794.979123746762,197.3238453328185,216.64999999999998,10691.262516239218,0.17191287633874558,295.0694935090715,0.6687368558036043,0.602598615440171,1.3569699349930187,1.468796502989059,0.009512549710673461,233.93696117031584,236.0275652034962,0.0,4.1247267888691646
138.77093349033288,15765.428216655788,196.629786163017,216.64999999999998,10740.950756655704,0.17271185104516912,295.0694935090715,0.6663846669631128,0.6024238082042919,1.3569699349930187,1.4648354211908061,0.009440862688857828,233.81556608048868,235.8914891606721,0.0,4.1091553290812115
138.92095612113326,15735.980998016752,195.94152751716916,216.64999999999998,10790.694825814542,0.1735117234640626,295.0694935090715,0.6640521362847875,0.6022564718894547,1.3569699349930187,1.460929408023359,0.009370097287042337,233.6956079322287,235.7570238363912,0.0,4.093725966480027
139.0709787519336,15706.636603721503,195.25898917023105,216.64999999999998,10840.494829139932,0.17431249529062123,295.0694935090715,0.661738991883375,0.6020964367153264,1.3569699349930187,1.4570773379403381,0.0093002362007042,233.577062181257,235.62414171810448,0.0,4.078436519513918
139.22100138273396,15677.394181445026,194.5820925120502,216.64999999999998,10890.35086999764,0.1751141681869412,295.0694935090715,0.6594449673465416,0.6019435372785572,1.3569699349930187,1.45327811583163,0.009231262552399954,233.45990484478696,235.49281592265962,0.0,4.0632848531837755
139.37102401353434,15648.252890574897,193.91076052954264,216.64999999999998,10940.263049475589,0.17591674377849148,295.0694935090715,0.6571698016744694,0.601797612422924,1.3569699349930187,1.4495306763684253,0.009163159891657387,233.34411248959591,235.36302018292986,0.0,4.048268880630672
139.5210466443347,15619.211902054465,193.24491777207197,216.64999999999998,10990.23146631427,0.1767202236529949,295.0694935090715,0.6549132391625261,0.6016585051094264,1.3569699349930187,1.4458339831264064,0.009095912191545465,233.22966221745253,235.23472883147912,0.0,4.033386563987178
139.67106927513504,15590.270397904826,192.5844902740013,216.64999999999998,11040.256217398763,0.17752460936833978,295.0694935090715,0.6526750291387902,0.6015260622821248,1.3569699349930187,1.4421870271380077,0.009029503814709234,233.11653164351253,235.107916776345,0.0,4.018635908417545
139.82109190593542,15561.427571111357,191.92940553375772,216.64999999999998,11090.337397636624,0.1783299024506163,295.0694935090715,0.6504549258931003,0.601400134750783,1.3569699349930187,1.4385888262529032,0.008963919505548913,233.00469888477926,234.98255948810385,0.0,4.004014961831713
139.97111453673577,15532.682625559373,191.27959249383105,216.64999999999998,11140.475099753163,0.17913610439082472,295.0694935090715,0.6482526886092697,0.6012805770769127,1.3569699349930187,1.4350384245175745,0.008899144394244432,232.89414254895047,234.8586329873687,0.0,3.9895218172171973
140.12113716753612,15504.034775627682,190.6349814748131,216.64999999999998,11190.669414688322,0.17994321665125693,295.0694935090715,0.646068081141544,0.6011672474550351,1.3569699349930187,1.4315348909378782,0.00883516397008785,232.7848417157038,234.73611382381145,0.0,3.9751546080866813
140.2711597983365,15475.483245970261,189.99550413974424,216.64999999999998,11240.920431678935,0.18075124066681933,295.0694935090715,0.64390087189377,0.6010600076041682,1.3569699349930187,1.4280773186819897,0.008771964066867406,232.67677592346533,234.61497906133135,0.0,3.9609115065175082
140.42118242913685,15447.027271485564,189.36109348209382,216.64999999999998,11291.228238016778,0.18156017784114226,295.0694935090715,0.6417508337786609,0.6009587226666674,1.3569699349930187,1.4246648246195162,0.008709530865594225,232.56992516041026,234.4952062679674,0.0,3.946790725050532
140.5712050599372,15418.666097057807,188.7316837813231,216.64999999999998,11341.592919211975,0.1823700295492075,295.0694935090715,0.6396177440671983,0.6008632611047356,1.3569699349930187,1.421296548424883,0.008647850880267071,232.4642698502039,234.37677349991475,0.0,3.9327905147460456
140.72122769073758,15390.398977226947,188.10721055117824,216.64999999999998,11392.01455929414,0.18318079714219065,295.0694935090715,0.6375013842133943,0.6007734945998563,1.3569699349930187,1.4179716515973135,0.008586910938225561,232.35979083680482,234.2596592844901,0.0,3.9189091619366194
140.87125032153793,15362.225176145172,187.48761052887554,216.64999999999998,11442.493240612874,0.183992481944253,295.0694935090715,0.6354015398176412,0.600689297961803,1.3569699349930187,1.4146893170590267,0.008526698178575272,232.25646937636992,234.14384261105792,0.0,3.905144989024135
141.02127295233828,15334.14396746922,186.87282165260032,216.64999999999998,11493.029043754115,0.1848050852511967,295.0694935090715,0.633318000550454,0.600610549038374,1.3569699349930187,1.4114487485988942,0.008467200048086208,232.15428712737292,234.02930291995364,0.0,3.8914963546894223
141.17129558313866,15306.154633972777,186.262783001725,216.64999999999998,11543.622047966923,0.18561860833732718,295.0694935090715,0.631250559949867,0.6005371286234491,1.3569699349930187,1.4082491698149153,0.008408404280727,232.05322613474445,233.91602008470608,0.0,3.877961650309229
141.321318213939,15278.25646746047,185.65743478191786,216.64999999999998,11594.27233105814,0.18643305245375938,295.0694935090715,0.6291990153709675,0.6004689203742487,1.3569699349930187,1.40508982369137,0.00835029889202341,231.95326882171594,233.8039744028946,0.0,3.8645392997057932
141.47134084473936,15250.448768737853,185.05671831441217,216.64999999999998,11644.979969187068,0.18724841882511611,295.0694935090715,0.6271631679495286,0.6004058107311798,1.3569699349930187,1.4019699722373706,0.008292872178889996,231.85439798249917,233.69314658794372,0.0,3.851227760141006
141.62136347553974,15222.730847282332,184.46057598521782,216.64999999999998,11695.745037208746,0.18806470865504807,295.0694935090715,0.6251428224298858,0.6003476888358574,1.3569699349930187,1.3988888955841667,0.008236112703538816,231.75659676854056,233.5835177537147,0.0,3.83802551960045
141.7713861063401,15195.102021067438,183.8689512178677,216.64999999999998,11746.567608748564,0.18888192312743343,295.0694935090715,0.6231377870725728,0.6002944464548386,1.3569699349930187,1.3958458914196397,0.008180009284413934,231.65984867887656,233.47506940369485,0.0,3.824931095643652
141.92140873714044,15167.56161655566,183.28178846784937,216.64999999999998,11797.447755971509,0.18970006340266746,295.0694935090715,0.6211478736354513,0.6002459779076156,1.3569699349930187,1.3928402747278443,0.008124550995350917,231.56413755419754,233.3677834243434,0.0,3.8119430361412654
142.07143136794082,15140.108968495528,182.69903318976597,216.64999999999998,11848.385549714161,0.19051913061978498,295.0694935090715,0.6191728972624178,0.6002021799941893,1.3569699349930187,1.3898713771600233,0.008069727156093194,231.46944756659505,233.26164207359886,0.0,3.7990599179744886
142.22145399874117,15112.74341965091,182.12063179677767,216.64999999999998,11899.381059751298,0.1913391259007473,295.0694935090715,0.6172126763459491,0.6001629519248447,1.3569699349930187,1.3869385463092285,0.00801552732098853,231.37576320825016,233.15662796819944,0.0,3.786280345260088
142.37147662954152,15085.46432077622,181.54653165442903,216.64999999999998,11950.434354612771,0.1921600503474976,295.0694935090715,0.6152670325061836,0.6001281952548496,1.3569699349930187,1.3840411454673485,0.007961941276243913,231.2830692858738,233.05272407745082,0.0,3.773602949550439
142.5214992603419,15058.2710305434,180.97668106624462,216.64999999999998,12001.545501490873,0.19298190504047147,295.0694935090715,0.6133357905421041,0.6000978138201606,1.3569699349930187,1.381178553273131,0.007908959035232779,231.1913509139234,232.94991371562278,0.0,3.761026389558147
142.67152189114225,15031.162915221783,180.41102922640653,216.64999999999998,12052.714566617007,0.19380469104465356,295.0694935090715,0.6114187782711602,0.6000717136734632,1.3569699349930187,1.3783501629142139,0.007856570827271344,231.1005935026684,232.84818052857116,0.0,3.748549349301039
142.8215445219426,15004.139348612045,179.84952620901277,216.64999999999998,12103.941615169795,0.19462840940810014,295.0694935090715,0.609515826492865,0.6000498030246133,1.3569699349930187,1.3755553818426798,0.007804767093373739,231.0107827523158,232.74750848715297,0.0,3.7361705378649592
142.97156715274298,14977.199712039679,179.29212296344357,216.64999999999998,12155.226711071133,0.1954530611586596,295.0694935090715,0.6076267689730911,0.6000319921827328,1.3569699349930187,1.372793631577822,0.007753538483040095,230.92190464821195,232.64788188184812,0.0,3.723888689395203
143.12158978354333,14950.343394083726,178.73877127429392,216.64999999999998,12206.569917288469,0.19627864730883304,295.0694935090715,0.6057514423082807,0.600018193498744,1.3569699349930187,1.3700643470269889,0.0077028758454287605,230.833945450505,232.54928531117147,0.0,3.7117025617204114
143.27161241434368,14923.569790419955,178.1894238079666,216.64999999999998,12257.971295928473,0.1971051688572805,295.0694935090715,0.6038896860833511,0.6000083213118048,1.3569699349930187,1.3673669771197177,0.007652770224776006,230.74689169770497,232.45170368566355,0.0,3.6996109359620655
143.42163504514406,14896.87830387026,177.64403374019,216.64999999999998,12309.430907938555,0.1979326267840213,295.0694935090715,0.6020413416093405,0.6000022918915613,1.3569699349930187,1.3647009789572018,0.00760321285466239,230.66073014406905,232.3551221577035,0.0,3.6876126158433404
143.5716576759444,14870.26834426427,177.10255519819088,216.64999999999998,12360.948813168907,0.19876102205143187,295.0694935090715,0.6002062534219456,0.6000000233972607,1.3569699349930187,1.3620658245361845,0.0075541951505061645,230.57544782623972,232.2595261962062,0.0,3.675706426540237
143.72168030674476,14843.739327946736,176.56494545283644,216.64999999999998,12412.525071129958,0.19959035561642532,295.0694935090715,0.5983842767107613,0.6,1.3569699349930187,1.3594577812782853,0.007505708718899799,230.49103240302458,232.16490196749322,0.0,3.6638912176089815
143.87170293754514,14817.290677339523,176.03116839832984,216.64999999999998,12464.159741665704,0.2004206284412784,295.0694935090715,0.5965752891120817,0.6,1.3569699349930187,1.356871643533728,0.007457745374913884,230.40747269026397,232.07123693484513,0.0,3.6521658679088524
144.0217255683455,14790.921819882966,175.50119224158348,216.64999999999998,12515.852886866278,0.20125184152438516,295.0694935090715,0.5947791828781105,0.6,1.3569699349930187,1.354307267515143,0.00741029718511303,230.32475828370607,231.97851943576865,0.0,3.6405292969226144
144.17174819914584,14764.63218775072,174.97498500208945,216.64999999999998,12567.604571505244,0.20208399590728865,295.0694935090715,0.5929958496258784,0.6,1.3569699349930187,1.351764554912207,0.007363356453369579,230.2428788485259,231.88673788559348,0.0,3.6289804621829966
144.32177082994622,14738.421217857476,174.45251483858274,216.64999999999998,12619.414862909656,0.20291709267259136,295.0694935090715,0.5912251814443144,0.6,1.3569699349930187,1.349243404842716,0.007316915709937332,230.16182416929342,231.79588083348344,0.0,3.6175183574380587
144.47179346074657,14712.28835197778,173.93375007256464,216.64999999999998,12671.283830607737,0.20375113293829006,295.0694935090715,0.589467070973968,0.6,1.3569699349930187,1.3467437142336691,0.007270967689092852,230.08158415222027,231.70593696495467,0.0,3.6061420079300017
144.62181609154692,14686.233036605703,173.418659177517,216.64999999999998,12723.211546487319,0.2045861178603234,295.0694935090715,0.5877214113704556,0.6,1.3569699349930187,1.3442653777273592,0.007225505316702597,230.00214882207453,231.6168950984175,0.0,3.5948504680383406
144.7718387223473,14660.254722883694,172.9072107739104,216.64999999999998,12775.198084821346,0.20542204863298213,295.0694935090715,0.5859880962875432,0.6,1.3569699349930187,1.3418082876608435,0.007180521703995881,229.92350832003126,231.52874418276696,0.0,3.5836428204135693
144.92186135314765,14634.352866706147,172.39937364921923,216.64999999999998,12827.243521944134,0.20625892648370328,295.0694935090715,0.584267019944978,0.6,1.3569699349930187,1.3393723343960564,0.0071360101290550045,229.8456529053812,231.44147329929802,0.0,3.572518172007254
145.071883983948,14608.52692867455,171.8951167595523,216.64999999999998,12879.347936221626,0.20709675267259195,295.0694935090715,0.5825580771340146,0.6,1.3569699349930187,1.336957406396927,0.007091964025063357,229.76857295439504,231.35507166043269,0.0,3.5614756517128545
145.22190661474838,14582.776373960303,171.3944092172239,216.64999999999998,12931.511408210232,0.20793552849497549,295.0694935090715,0.5808611631752932,0.6,1.3569699349930187,1.3345633901064604,0.007048376979770399,229.69225895706052,231.26952860606238,0.0,3.5505144107773177
145.37192924554873,14557.10067235764,170.89722030229365,216.64999999999998,12983.734020434073,0.20877525527782148,295.0694935090715,0.5791761739579482,0.6,1.3569699349930187,1.3321901701556609,0.00700524272319574,229.61670151750604,231.18483360402297,0.0,3.539633620239228
145.52195187634908,14531.49929834001,170.40351947735562,216.64999999999998,13036.015857151497,0.20961593437598347,295.0694935090715,0.577503005989729,0.6,1.3569699349930187,1.3298376296232968,0.00696255511092673,229.54189135490176,231.10097625110438,0.0,3.5288324671935367
145.67197450714946,14505.971730888301,169.91327637156456,216.64999999999998,13088.357004586729,0.2104575671759258,295.0694935090715,0.5758415563428648,0.6,1.3569699349930187,1.327505649863732,0.006920308128971414,229.46781929969626,231.01794626883276,0.0,3.5181101564583868
145.8219971379498,14480.517453484457,169.42646078307965,216.64999999999998,13140.757550827808,0.21130015509408256,295.0694935090715,0.5741917226623459,0.6,1.3569699349930187,1.3251941105859442,0.00687849588856701,229.39447629268278,230.93573350242332,0.0,3.507465909704042
145.97201976875016,14455.135954217503,168.9430427003025,216.64999999999998,13193.217585491097,0.21214369957146284,295.0694935090715,0.5725534032379006,0.6,1.3569699349930187,1.32290289020331,0.006837112605546912,229.32185338689405,230.85432792290453,0.0,3.496898960609434
146.1220423995505,14429.826725643794,168.4629922899808,216.64999999999998,13245.737199890757,0.21298820207637592,295.0694935090715,0.5709264969636776,0.6,1.3569699349930187,1.3206318657168845,0.0067961526055778385,229.24994174450208,230.77371962364288,0.0,3.486408556559548
146.2720650303509,14404.58926471634,167.98627989162497,216.64999999999998,13298.316487069917,0.21383366410493249,295.0694935090715,0.5693109033193242,0.6,1.3569699349930187,1.318380912681465,0.006755610325686199,229.17873263470648,230.693898817976,0.0,3.4759939594130107
146.42208766115124,14379.423072878159,167.51287603570913,216.64999999999998,13350.955541490775,0.2146800871760615,295.0694935090715,0.5677065224316697,0.6,1.3569699349930187,1.316149905510346,0.006715480296192826,229.10821743519054,230.61485584084454,0.0,3.465654441221933
146.5721102919516,14354.32765601334,167.04275144381444,216.64999999999998,13403.654459018451,0.21552747283125048,295.0694935090715,0.5661132550752115,0.6,1.3569699349930187,1.3139387175270392,0.006675757138204611,229.03838763086856,230.5365811473883,0.0,3.4553892838953106
146.72213292275197,14329.302524313067,166.5758770156639,216.64999999999998,13456.413337086144,0.21637582263720143,295.0694935090715,0.564531002628175,0.6,1.3569699349930187,1.3117472208275596,0.006636435572269568,228.96923481071022,230.45906530938635,0.0,3.4451977817492474
146.87215555355232,14304.347192322639,166.11222383950494,216.64999999999998,13509.232274482103,0.21722513818240513,295.0694935090715,0.5629596671077014,0.6,1.3569699349930187,1.309575286471557,0.006597510407086837,228.90075066805645,230.38229901561127,0.0,3.4350792389052507
147.02217818435267,14279.461178989013,165.6517632050346,216.64999999999998,13562.111371132389,0.21807542107364808,295.0694935090715,0.5613991512136509,0.6,1.3569699349930187,1.3074227847142847,0.006558976526483514,228.83292700129925,230.306273072591,0.0,3.4250329661847796
147.17220081515305,14254.644007493449,165.1944665868564,216.64999999999998,13615.050728339675,0.21892667293985238,295.0694935090715,0.5598493582725377,0.6,1.3569699349930187,1.3052895848179977,0.0065208289025964076,228.76575571022275,230.23097840050758,0.0,3.415058284806796
147.3222234459534,14229.895205243483,164.74030564632318,216.64999999999998,13668.05044868762,0.2197788954305381,295.0694935090715,0.5583101922437755,0.6,1.3569699349930187,1.3031755551191393,0.006483062592447894,228.69922879508965,230.15640603217295,0.0,3.4051545257852927
147.47224607675375,14205.214303968109,164.28925225078186,216.64999999999998,13721.110635722605,0.22063209021070565,295.0694935090715,0.5567815577848986,0.6,1.3569699349930187,1.3010805633498896,0.0064456727187867605,228.63333835827703,230.08254711486273,0.0,3.395321025167442
147.62226870755413,14180.600839580855,163.84127846098315,216.64999999999998,13774.231394131639,0.2214862589636964,295.0694935090715,0.5552633602088929,0.6,1.3569699349930187,1.2990044765041155,0.006408654481047982,228.56807660124937,230.00939290692307,0.0,3.385557127140567
147.77229133835448,14156.054352110852,163.39635652513402,216.64999999999998,13827.412829778823,0.22234140339177907,295.0694935090715,0.5537555054640395,0.6,1.3569699349930187,1.2969471607929548,0.006372003159359132,228.50343582254087,229.936934775509,0.0,3.3758621853478465
147.92231396915483,14131.57438578737,162.9544588955063,216.64999999999998,13880.655049409912,0.22319752521139924,295.0694935090715,0.5522579001902022,0.6,1.3569699349930187,1.2949084819265482,0.006335714097383149,228.43940841903034,229.86516419801353,0.0,3.36623555860057
148.0723365999552,14107.160488988888,162.51555822745127,216.64999999999998,13933.958160648264,0.2240546261531141,295.0694935090715,0.550770451715487,0.6,1.3569699349930187,1.2928883051449451,0.006299782703052632,228.37598688465275,229.79407276062324,0.0,3.356676611279507
148.22235923075556,14082.812214113881,162.07962736620678,216.64999999999998,13987.322272164327,0.22491270796431773,295.0694935090715,0.5492930680115322,0.6,1.3569699349930187,1.2908864950698704,0.006264204459871578,228.31316380737096,229.72365215492403,0.0,3.3471847165635853
148.3723818615559,14058.529117622933,161.64663935628508,216.64999999999998,14040.747493473315,0.22577177240598786,295.0694935090715,0.5478256577253232,0.6,1.3569699349930187,1.2889029158799274,0.006228974916419884,228.25093186943394,229.65389417819037,0.0,3.337759253870424
148.5224044923563,14034.310760079243,161.21656745283053,216.64999999999998,14094.233934733385,0.2266318212494407,295.0694935090715,0.5463681302176843,0.6,1.3569699349930187,1.2869374315183395,0.006194089675159264,228.18928384790922,229.5847907339822,0.0,3.3283996060621557
148.67242712315664,14010.1567059875,160.78938510486657,216.64999999999998,14147.781706988948,0.22749285628024304,295.0694935090715,0.5449203955065024,0.6,1.3569699349930187,1.2849899054930585,0.006159544407787665,228.12821261119055,229.51633382823024,0.0,3.3191051637541973
148.822449753957,13986.066523784903,160.36506595667282,216.64999999999998,14201.390922082066,0.2283548792967878,295.0694935090715,0.5434823642713936,0.6,1.3569699349930187,1.2830602009339116,0.006125334852525082,228.0677111181392,229.44851556827342,0.0,3.3098753248121717
148.97247238475737,13962.039785927152,159.94358386529518,216.64999999999998,14255.061692351044,0.22921789210544732,295.0694935090715,0.5420539479130463,0.6,1.3569699349930187,1.281148180888925,0.006091456796280046,228.00777241952736,229.381328164477,0.0,3.3007094897407763
149.12249501555772,13938.076068756038,159.52491288759634,216.64999999999998,14308.794130814438,0.23008189652353228,295.0694935090715,0.5406350585093338,0.6,1.3569699349930187,1.279253708177766,0.006057906087045407,227.94838965514148,229.31476392698528,0.0,3.2916070652055676
149.27251764635807,13914.174952433035,159.10902727412255,216.64999999999998,14362.588351212333,0.23094689437995528,295.0694935090715,0.5392256087945295,0.6,1.3569699349930187,1.2773766453394617,0.006024678638522913,227.88955605189116,229.24881526360204,0.0,3.282567465493994
149.42254027715845,13890.336021016341,158.6959014843188,216.64999999999998,14416.444467725449,0.23181288751071427,295.0694935090715,0.5378255122108715,0.6,1.3569699349930187,1.2755168548934852,0.005991770413993018,227.83126492495327,229.1834746810731,0.0,3.2735901083279524
149.5725629079588,13866.558862409489,158.28551018470878,216.64999999999998,14470.362594981407,0.2326798777589933,295.0694935090715,0.536434682902394,0.6,1.3569699349930187,1.2736741993539091,0.005959177428124826,227.77350967650185,229.11873478366223,0.0,3.2646744155186522
149.72258553875915,13842.84306823791,157.87782823571266,216.64999999999998,14524.34284822723,0.23354786697793614,295.0694935090715,0.5350530356702528,0.6,1.3569699349930187,1.271848541074329,0.005926895758636886,227.71628379286201,229.05458826996133,0.0,3.255819816335827
149.87260816955953,13819.188233887036,157.4728307001841,216.64999999999998,14578.385343137541,0.23441685702756235,295.0694935090715,0.5336804860016572,0.6,1.3569699349930187,1.270039742408979,0.005894921536495608,227.659580844743,228.99102793315132,0.0,3.2470257450185875
150.02263080035988,13795.593958537222,157.07049285345113,216.64999999999998,14632.490195627572,0.2352868497717604,295.0694935090715,0.5323169501038989,0.6,1.3569699349930187,1.2682476658995314,0.00586325093583537,227.60339448767482,228.9280466614918,0.0,3.2382916381660234
150.17265343116023,13772.059845009982,156.67079016663175,216.64999999999998,14686.657522098581,0.23615784708223395,295.0694935090715,0.5309623448478082,0.6,1.3569699349930187,1.2664721740682527,0.005831880189358538,227.54771845871863,228.8656374346334,0.0,3.2296169391386016
150.3226760619606,13748.5854997587,156.27369830765775,216.64999999999998,14740.887439356267,0.23702985083718997,295.0694935090715,0.5296165877712239,0.6,1.3569699349930187,1.264713129466768,0.005800805585957197,227.49254657568224,228.80379332273867,0.0,3.2210010975927013
150.47269869276096,13725.17053294675,155.879193157274,216.64999999999998,14795.18006432568,0.2379028629167545,295.0694935090715,0.5282795971332147,0.6,1.3569699349930187,1.2629703949499977,0.005770023454078088,227.4378727384188,228.74250748793753,0.0,3.212443565036165
150.6227213235613,13701.814558320702,155.487250795991,216.64999999999998,14849.53551423942,0.23877688520599905,295.0694935090715,0.5269512918698618,0.6,1.3569699349930187,1.2612438335211604,0.0057395301740834695,227.38369092609352,228.68177318126368,0.0,3.203943798403553
150.7727439543617,13678.51719314711,155.09784749790683,216.64999999999998,14903.953906682716,0.23965191959566517,295.0694935090715,0.5256315915733205,0.6,1.3569699349930187,1.2595333082738662,0.005709322182867035,227.32999519543606,228.62158374069554,0.0,3.1955012615192055
150.92276658516204,13655.278058283046,154.71095974470063,216.64999999999998,14958.435359327028,0.24052796797788106,295.0694935090715,0.5243204165392458,0.6,1.3569699349930187,1.2578386826348007,0.005679395958727989,227.27677968178864,228.56193259233112,0.0,3.187115421041728
151.0727892159624,13632.09677812537,154.3265642232153,216.64999999999998,15012.979989945148,0.2414050322464043,295.0694935090715,0.5230176877585984,0.6,1.3569699349930187,1.2561598203646376,0.005649748023493601,227.22403859788812,228.5028132490228,0.0,3.1787857471943286
151.22281184676277,13608.972980493818,153.94463781246913,216.64999999999998,15067.587916584922,0.2422831142994153,295.0694935090715,0.5217233268736279,0.6,1.3569699349930187,1.2544965853991532,0.005620374953795822,227.1717662312197,228.44421930741103,0.0,3.1705117170868835
151.37283447756312,13585.906296665755,153.56515759146217,216.64999999999998,15122.2592573881,0.24316221603660435,295.0694935090715,0.5204372562043288,0.6,1.3569699349930187,1.2528488419979633,0.005591273371891385,227.11995694424417,228.38614444817907,0.0,3.1622928123031118
151.52285710836347,13562.896361406607,153.18810084811238,216.64999999999998,15176.99413041711,0.24404233935638633,295.0694935090715,0.5191593987787247,0.6,1.3569699349930187,1.2512164549133076,0.005562439936394452,227.06860517477415,228.32858243647462,0.0,3.15412851642281
151.67287973916385,13539.942812824318,152.8134450628512,216.64999999999998,15231.792653900511,0.24492348615984746,295.0694935090715,0.517889678277274,0.6,1.3569699349930187,1.2495992891798042,0.005533871357054615,227.01770543290502,228.27152711846975,0.0,3.1460183193386535
151.8229023699642,13517.045292360082,152.44116790938287,216.64999999999998,15286.654946158162,0.24580565834954196,295.0694935090715,0.5166280190354422,0.6,1.3569699349930187,1.247997210156269,0.005505564392579443,226.96725230031313,228.21497242057416,0.0,3.1379617168061538
151.97292500076455,13494.203444859733,152.07124726936692,216.64999999999998,15341.581125332017,0.2466888578251635,295.0694935090715,0.5153743460934626,0.6,1.3569699349930187,1.2464100837798824,0.005477515835076621,226.9172404314431,228.15891235076606,0.0,3.1299582061613322
152.12294763156493,13471.416918453344,151.70366121947362,216.64999999999998,15396.571309576213,0.2475730864866016,295.0694935090715,0.5141285851524658,0.6,1.3569699349930187,1.2448377764060494,0.005449722521926086,226.86766455095534,228.10334099573103,0.0,3.1220072898276316
152.27297026236528,13448.68536449554,151.3383880252657,216.64999999999998,15451.625617105485,0.2484583462347201,295.0694935090715,0.5128906625537452,0.6,1.3569699349930187,1.2432801547467505,0.005422181340198448,226.81851945212713,228.0482525190697,0.0,3.1141084767345295
152.42299289316563,13426.008437630373,150.9754061541196,216.64999999999998,15506.744165942817,0.2493446389672997,295.0694935090715,0.5116605053225473,0.6,1.3569699349930187,1.2417370860968586,0.005394889212457618,226.76979999782785,227.99364116239101,0.0,3.1062612783963055
152.573015523966,13403.38579574216,150.61469427240206,216.64999999999998,15561.927073941712,0.2502319665793957,295.0694935090715,0.510438041158503,0.6,1.3569699349930187,1.2402084383247725,0.005367843098939292,226.72150111937412,227.93950124402872,0.0,3.098465209655481
152.72303815476636,13380.817099845415,150.25623123280724,216.64999999999998,15617.174458959846,0.25112033096613073,295.0694935090715,0.5092231983927129,0.6,1.3569699349930187,1.2386940797121426,0.005341040008247394,226.67361781408744,227.8858271563039,0.0,3.090719791900595
152.8730607855667,13358.302014116754,149.8999960815353,216.64999999999998,15672.486438688398,0.2520097340199499,295.0694935090715,0.5080159060120759,0.6,1.3569699349930187,1.2371938790917654,0.005314476988731606,226.62614514552715,227.83261336578582,0.0,3.0830245507269445
153.0230834163671,13335.84020592188,149.54596806630315,216.64999999999998,15727.863130491334,0.25290017762803707,295.0694935090715,0.5068160936864372,0.6,1.3569699349930187,1.2357077060009227,0.0052881511198821325,226.57907824382954,227.77985441367235,0.0,3.075379013565105
153.17310604716744,13313.431345678579,149.1941266203723,216.64999999999998,15783.304651649114,0.2537916636762332,295.0694935090715,0.5056236917144589,0.6,1.3569699349930187,1.2342354304705228,0.005262059526332519,226.53241230286469,227.72754491260275,0.0,3.0677827138626954
153.3231286779678,13291.07510684774,148.84445136311422,216.64999999999998,15838.811119290574,0.2546841940479412,295.0694935090715,0.5044386310255357,0.6,1.3569699349930187,1.2327769230612324,0.00523619937583004,226.4861425796183,227.67567954596478,0.0,3.0602351906418837
153.47315130876817,13268.77116599904,148.49692211354477,216.64999999999998,15894.382650138357,0.25557777062003256,295.0694935090715,0.5032608432256636,0.6,1.3569699349930187,1.2313320551001716,0.005210567864640069,226.44026439529168,227.6242530691278,0.0,3.0527359843671458
153.62317393956852,13246.519202697302,148.15151887763005,216.64999999999998,15950.019360699462,0.25647239526591115,295.0694935090715,0.5020902605544186,0.6,1.3569699349930187,1.2299006985182983,0.005185162228832509,226.39477313293557,227.57326030679033,0.0,3.0452846403507032
153.77319657036887,13224.318899446504,147.80822184230496,216.64999999999998,16005.721367316346,0.2573680698563352,295.0694935090715,0.5009268158646865,0.6,1.3569699349930187,1.2284827257865134,0.005159979748464194,226.34966423599727,227.5226961513516,0.0,3.037880710115509
153.92321920116925,13202.16994174978,147.46701138745314,216.64999999999998,16061.488785927793,0.2582647962555718,295.0694935090715,0.49977044266326187,0.6,1.3569699349930187,1.227078010127438,0.005135017734219186,226.3049332092397,227.4725555639415,0.0,3.030523747599868
154.0732418319696,13180.072018062396,147.12786808282516,216.64999999999998,16117.321732097045,0.2591625763218496,295.0694935090715,0.4986210751004049,0.6,1.3569699349930187,1.2256864254982067,0.005110273529564845,226.26057561767925,227.4228335732305,0.0,3.0232133098944023
154.22326446276995,13158.024819688584,146.7907726757952,216.64999999999998,16173.220321184357,0.2600614119101331,295.0694935090715,0.49747864792834756,0.6,1.3569699349930187,1.2243078464307018,0.005085744520857996,226.21658708434416,227.37352527291623,0.0,3.0159489603457335
154.37328709357033,13136.028040811148,146.45570609799898,216.64999999999998,16229.184668186132,0.2609613048695363,295.0694935090715,0.4963430965237903,0.6,1.3569699349930187,1.2229421481599418,0.00506142812921994,226.17296329051842,227.32462582199747,0.0,3.008730266284773
154.52330972437068,13114.081378515706,146.12264947256764,216.64999999999998,16285.21488758569,0.2618622570409228,295.0694935090715,0.49521435691241766,0.6,1.3569699349930187,1.2215892067641911,0.005037321802499898,226.12969997605956,227.2761304451301,0.0,3.001556796746711
154.67333235517103,13092.184532662273,145.79158409869416,216.64999999999998,16341.311093593959,0.2627642702607763,295.0694935090715,0.4940923657165935,0.6,1.3569699349930187,1.2202488989556464,0.005013423028521742,226.08679293677716,227.22803442968865,0.0,2.994428126512985
154.8233549859714,13070.337205876885,145.46249145206156,216.64999999999998,16397.47340008731,0.263667346360201,295.0694935090715,0.4929770601568119,0.6,1.3569699349930187,1.2189211021119153,0.004989729333176925,226.04423802389573,227.18033312516414,0.0,2.987343835673458
154.97337761677176,13048.539103612282,145.1353531973728,216.64999999999998,16453.70192036692,0.26457148716105183,295.0694935090715,0.49186837809416184,0.6,1.3569699349930187,1.2176056944972917,0.004966238266684334,226.00203114508403,227.13302194431793,0.0,2.980303505629918
155.1234002475721,13026.789934041217,144.81015117601294,216.64999999999998,16509.996767348337,0.2654766944789832,295.0694935090715,0.4907662579885133,0.6,1.3569699349930187,1.2163025550997215,0.004942947414312342,225.9601682622726,227.08609636073547,0.0,2.9733067223986835
155.2734228783725,13005.089408004236,144.4868674002602,216.64999999999998,16566.35805361452,0.2663829701243014,295.0694935090715,0.48967063887889906,0.6,1.3569699349930187,1.2150115635658503,0.004919854400334845,225.91864539034094,227.03955190735437,0.0,2.966353077919048
155.42344550917284,12983.437239065435,144.1654840644364,216.64999999999998,16622.78589118924,0.26729031589832114,295.0694935090715,0.48858146042130324,0.6,1.3569699349930187,1.2137326003998787,0.004896956875418377,225.8774585979902,226.993384177443,0.0,2.9594421663718053
155.5734681399732,12961.833143467878,143.84598354168187,216.64999999999998,16679.280391569868,0.26819873359389285,295.0694935090715,0.48749866287773164,0.6,1.3569699349930187,1.2124655469404966,0.004874252518738116,225.83660400676808,226.94758882350726,0.0,2.9525735849055468
155.72349077077357,12940.276840037384,143.52834837219396,216.64999999999998,16735.841665897762,0.26910822499814224,295.0694935090715,0.4864221870763518,0.6,1.3569699349930187,1.2112102852030548,0.004851739047540732,225.7960777890188,226.9021615549925,0.0,2.945746936632695
155.87351340157392,12918.768050210143,143.21256126939804,216.64999999999998,16792.46982480671,0.27001879189003347,295.0694935090715,0.48535197443240663,0.6,1.3569699349930187,1.2099666979996362,0.004829414209461151,225.75587616814002,226.8570981385719,0.0,2.9389618284182593
156.02353603237427,12897.306498054773,142.89860512652749,216.64999999999998,16849.164978284134,0.2709304360381372,295.0694935090715,0.4842879669705139,0.6,1.3569699349930187,1.2087346690677907,0.004807275774985194,225.71599541888867,226.81239439848892,0.0,2.9322178686807567
156.17355866317465,12875.891910152473,142.58646300179936,216.64999999999998,16905.927235907446,0.2718431592044314,295.0694935090715,0.48323010727442667,0.6,1.3569699349930187,1.2075140828644062,0.0047853215500097196,225.67643186497247,226.76804621385773,0.0,2.9255146713049016
156.323581293975,12854.524015589326,142.2761181187485,216.64999999999998,16962.756706787488,0.2727569631433916,295.0694935090715,0.4821783384881651,0.6,1.3569699349930187,1.2063048245933914,0.004763549374041905,225.63718187858788,226.72404951814528,0.0,2.918851855207241
156.47360392477535,12833.202546012644,141.96755387787653,216.64999999999998,17019.653499340853,0.27367184959833,295.0694935090715,0.48113260435549543,0.6,1.3569699349930187,1.2051067804133102,0.004741957107217677,225.59824188139072,226.68040030025912,0.0,2.9122290404609026
156.62362655557573,12811.927235531237,141.6607538447435,216.64999999999998,17076.617721477196,0.27458782030440737,295.0694935090715,0.4800928491795725,0.6,1.3569699349930187,1.2039198372755124,0.004720542640514401,225.5596083424904,226.63709460229944,0.0,2.905645851504527
156.77364918637608,12790.697820666916,141.3557017444083,216.64999999999998,17133.649480653647,0.27550487698950793,295.0694935090715,0.47905901780409743,0.6,1.3569699349930187,1.2027438828590276,0.004699303899502833,225.5212777772676,226.59412851823333,0.0,2.8991019184010405
156.92367181717643,12769.514040406491,141.05238147184613,216.64999999999998,17190.748883660035,0.27642302137078595,295.0694935090715,0.4780310556486236,0.6,1.3569699349930187,1.2015788057579269,0.004678238832396364,225.48324674820782,226.55149819482938,0.0,2.8925968732574754
157.0736944479768,12748.375636159932,140.75077708866905,216.64999999999998,17247.916036655068,0.2773422551552474,295.0694935090715,0.4770089086974417,0.6,1.3569699349930187,1.2004244954539915,0.004657345412128661,225.44551186401262,226.50919983066143,0.0,2.8861303509416936
157.22371707877716,12727.282351670865,140.450872811883,216.64999999999998,17305.15104533386,0.2782625800424437,295.0694935090715,0.47599252346147747,0.6,1.3569699349930187,1.1992808421618772,0.004636621645432262,225.40806977772903,226.46722967401178,0.0,2.8797019919819102
157.3737397095775,12706.233933042486,140.15265301965331,216.64999999999998,17362.454014785126,0.27918399772217567,295.0694935090715,0.4749818469978311,0.6,1.3569699349930187,1.1981477369418623,0.0046160655655462565,225.37091718701973,226.4255840231738,0.0,2.8733114404087705
157.52376234037789,12685.23012875796,139.8561022573354,216.64999999999998,17419.825049361592,0.2801065098724095,295.0694935090715,0.4739768269302151,0.6,1.3569699349930187,1.1970250718188373,0.004595675225121019,225.33405083446246,226.38425922678795,0.0,2.8669583416286404
157.67378497117824,12664.27068956886,139.56120522329894,216.64999999999998,17477.264252911184,0.2810301181629943,295.0694935090715,0.4729774114009123,0.6,1.3569699349930187,1.195912739580503,0.0045754487081694885,225.29746750534196,226.34325168136633,0.0,2.860642346221674
157.8238076019786,12643.35536848818,139.26794676920142,216.64999999999998,17534.77172872578,0.28195482425483814,295.0694935090715,0.4719835490717031,0.6,1.3569699349930187,1.1948106338019826,0.004555384128359888,225.26116402725654,226.3025578308519,0.0,2.85436310951015
157.97383023277897,12622.483920842986,138.97631191086398,216.64999999999998,17592.34757932508,0.2828806297964326,295.0694935090715,0.4709951891607234,0.6,1.3569699349930187,1.1937186490413645,0.004535479616706189,225.2251372710381,226.2621741676496,0.0,2.8481202877907723
158.12385286357932,12601.656104181444,138.6862858168381,216.64999999999998,17649.991906641022,0.2838075364268183,295.0694935090715,0.47001228140371754,0.6,1.3569699349930187,1.1926366806801785,0.004515733331331003,225.1893841489133,226.22209723056525,0.0,2.8419135414617553
158.27387549437967,12580.871678227906,138.39785380309735,216.64999999999998,17707.704812073065,0.2847355457764735,295.0694935090715,0.4690347760360476,0.6,1.3569699349930187,1.1915646248588077,0.00449614346103674,225.15390161344075,226.18232360361424,0.0,2.8357425362375497
158.42389812518005,12560.130404931662,138.1110013428077,216.64999999999998,17765.48639628422,0.2856646594640348,295.0694935090715,0.4680626238258062,0.6,1.3569699349930187,1.1905023786536186,0.0044767082139407595,225.11868665831042,226.1428499169175,0.0,2.8296069396578707
158.5739207559804,12539.43204842791,137.82571406305908,216.64999999999998,17823.33675923968,0.28659487909691794,295.0694935090715,0.467095776062739,0.6,1.3569699349930187,1.1894498400466342,0.004457425819521075,225.08373631753778,226.1036728457982,0.0,2.823506421797444
158.72394338678075,12518.776374954661,137.54197773415757,216.64999999999998,17881.25600037106,0.2875262062739589,295.0694935090715,0.4661341845219558,0.6,1.3569699349930187,1.1884069077744146,0.004438294537267548,225.0490476637593,226.06478910887114,0.0,2.8174406580807827
158.87396601758113,12498.163152877243,137.25977827504016,216.64999999999998,17939.244218441465,0.28845864258324416,295.0694935090715,0.46517780148228133,0.6,1.3569699349930187,1.1873734814343744,0.004419312649734828,225.01461780851398,226.0261954683585,0.0,2.8114093271708085
159.02398864838148,12477.592152707393,136.97910175884027,216.64999999999998,17997.301511424237,0.289392189600161,295.0694935090715,0.46422657974511705,0.6,1.3569699349930187,1.18634946159538,0.004400478455840082,224.98044390254023,225.9878887304223,0.0,2.805412108907053
159.17401127918183,12457.063146999579,136.6999343993788,216.64999999999998,18055.42797672838,0.2903268488910222,295.0694935090715,0.46328047258865873,0.6,1.3569699349930187,1.1853347496010866,0.0043817902822779285,224.94652313375357,225.94986574289777,0.0,2.7994486880039386
159.3240339099822,12436.575910344827,136.42226255140312,216.64999999999998,18113.623711151846,0.2912626220123152,295.0694935090715,0.46233943376870645,0.6,1.3569699349930187,1.1843292475920406,0.004363246481895321,224.91285272691474,225.9121233949212,0.0,2.7935187536211887
159.47405654078256,12416.130219420122,136.14607272078163,216.64999999999998,18171.88881067627,0.29219951050740106,295.0694935090715,0.4614034175532145,0.6,1.3569699349930187,1.1833328586905223,0.004344845421977428,224.87942994450538,225.8746586179116,0.0,2.7876219956910546
159.6240791715829,12395.725852901905,135.87135155357052,216.64999999999998,18230.22337064763,0.2931375159094196,295.0694935090715,0.46047237868523794,0.6,1.3569699349930187,1.1823454868441852,0.0043265854936157715,224.8462520850443,225.83746838368333,0.0,2.781758107975295
159.77410180238329,12375.362591424633,135.598085830969,216.64999999999998,18288.627485831945,0.29407663974218534,295.0694935090715,0.4595462723658359,0.6,1.3569699349930187,1.1813670367624935,0.004308465115119592,224.81331648213325,225.80054970337633,0.0,2.7759267892412525
159.92412443318364,12355.040217626665,135.32626247851667,216.64999999999998,18347.101250221156,0.2950168835170655,295.0694935090715,0.45862505428524164,0.6,1.3569699349930187,1.180397414084728,0.004290482721169181,224.78062050522544,225.76389962831803,0.0,2.7701277398488693
160.074147063984,12334.758516113983,135.0558685628826,216.64999999999998,18405.644757073744,0.2959582487336336,295.0694935090715,0.457708680611981,0.6,1.3569699349930187,1.1794365253476615,0.0042726367648365715,224.74816155889755,225.72751524920656,0.0,2.764360662456308
160.22416969478436,12314.517273383255,134.78689128169742,216.64999999999998,18464.258099074807,0.29690073688224317,295.0694935090715,0.4567971079584125,0.6,1.3569699349930187,1.178484277838646,0.004254925725859717,224.71593708129714,225.6913936943712,0.0,2.75862526476096
160.37419232558472,12294.316277845104,134.51931796866117,216.64999999999998,18522.941368208554,0.29784434944197774,295.0694935090715,0.4558902933980383,0.6,1.3569699349930187,1.1775405796962506,0.0042373481040001585,224.683944544434,225.6555321300984,0.0,2.7529212574283313
160.52421495638507,12274.155319842113,134.2531360987153,216.64999999999998,18581.694655644507,0.2987890878788209,295.0694935090715,0.4549881944830324,0.6,1.3569699349930187,1.176605340013639,0.004219902412690896,224.6521814544756,225.6199277609632,0.0,2.7472483520885445
160.67423758718544,12254.034191552693,133.98833327520134,216.64999999999998,18640.51805195652,0.29973495364917796,295.0694935090715,0.4540907692007207,0.6,1.3569699349930187,1.175678468647545,0.004202587189978995,224.62064534989588,225.58457782775417,0.0,2.741606264948512
160.8242602179858,12233.952686985695,133.72489723008434,216.64999999999998,18699.411647080302,0.300681948199193,295.0694935090715,0.45319797597433825,0.6,1.3569699349930187,1.1747598762383464,0.00418540099697223,224.5893338011977,225.54947960716214,0.0,2.735994716363785
160.97428284878615,12213.910602026908,133.46281583354624,216.64999999999998,18758.37553011796,0.3016300729616061,295.0694935090715,0.4523097736955417,0.6,1.3569699349930187,1.1738494743854035,0.0041683424066532235,224.55824441174894,225.51463041271757,0.0,2.730413427249271
161.12430547958652,12193.907734358789,133.20207708356185,216.64999999999998,18817.409789514346,0.3025793293585887,295.0694935090715,0.4514261216890818,0.6,1.3569699349930187,1.172947175494437,0.004151410012901116,224.52737481624126,225.4800275930628,0.0,2.7248621220769054
161.27432811038688,12173.943883422258,132.94266910112145,216.64999999999998,18876.514513112794,0.30352971880264007,295.0694935090715,0.4505469796966128,0.6,1.3569699349930187,1.1720528927153377,0.004134602433761027,224.49672267983388,225.44566853099232,0.0,2.7193405300178424
161.42435074118723,12154.018850460014,132.68458013891828,216.64999999999998,18935.68978797022,0.30448124269361404,295.0694935090715,0.44967230790613427,0.6,1.3569699349930187,1.1711665401020348,0.0041179183010560975,224.46628569889347,225.41155064428224,0.0,2.7138483815972996
161.57437337198758,12134.132438483031,132.42779857823137,216.64999999999998,18994.93570039862,0.3054339024193863,295.0694935090715,0.4488020669414274,0.6,1.3569699349930187,1.170288032578958,0.004101356262389262,224.43606160033792,225.37767138495457,0.0,2.7083854093987414
161.72439600278796,12114.284452199341,132.17231291928724,216.64999999999998,19054.252336121066,0.3063876993583628,295.0694935090715,0.44793621782939,0.6,1.3569699349930187,1.1694172857985998,0.004084914989083755,224.40604814022228,225.3440282376921,0.0,2.7029513507408653
161.8744186335883,12094.474698036222,131.91811178610035,216.64999999999998,19113.639780150846,0.3073426348775364,295.0694935090715,0.4470747220164416,0.6,1.3569699349930187,1.1685542162371618,0.004068593169809804,224.3762431040372,225.31061872017315,0.0,2.697545945641032
162.02444126438866,12074.7029841574,131.6651839313112,216.64999999999998,19173.098116684127,0.3082987103307607,295.0694935090715,0.446217541384919,0.6,1.3569699349930187,1.167698741291686,0.0040523895045453786,224.3466443070038,225.27744038340194,0.0,2.6921689348642395
162.17446389518904,12054.969120373933,131.41351822399957,216.64999999999998,19232.627429312524,0.30925592706216837,295.0694935090715,0.44536463821177585,0.6,1.3569699349930187,1.1668507790949585,0.004036302715101399,224.31724959237874,225.24449080980867,0.0,2.6868200634612855
162.32448652598939,12035.272918139597,131.16310364990687,216.64999999999998,19292.227800984267,0.3102142864055466,295.0694935090715,0.44451597516933566,0.6,1.3569699349930187,1.1660102485339314,0.004020331543630822,224.2880568312241,225.21176761299168,0.0,2.6814990803414105
162.47450915678974,12015.614190594872,130.91392932049823,216.64999999999998,19351.89931381752,0.3111737896813354,295.0694935090715,0.44367151535600363,0.6,1.3569699349930187,1.1651770694166266,0.004004474741912471,224.2590639232075,225.1792684386142,0.0,2.676205734756311
162.62453178759012,11995.992752492457,130.66598446304428,216.64999999999998,19411.64204927232,0.31213443819939196,295.0694935090715,0.44283122226265365,0.6,1.3569699349930187,1.1643511623236118,0.003988731080067668,224.23026879519108,225.14699096282283,0.0,2.670939779248037
162.77455441839047,11976.40842016214,130.41925841610802,216.64999999999998,19471.456088205898,0.3130962332598809,295.0694935090715,0.44199505975733294,0.6,1.3569699349930187,1.1635324485474081,0.003973099349702778,224.2016694004627,225.11493289138565,0.0,2.66570097076143
162.92457704919082,11956.861011551826,130.17374063778004,216.64999999999998,19531.34151069607,0.3140591761504337,295.0694935090715,0.4411629921131716,0.6,1.3569699349930187,1.1627208502451067,0.003957578353928217,224.17326371944935,225.08309196049194,0.0,2.660489067357736
163.0745996799912,11937.350346196681,129.92942070267688,216.64999999999998,19591.298396083268,0.31502326814682513,295.0694935090715,0.44033498399820986,0.6,1.3569699349930187,1.161916290404212,0.003942166909346141,224.14504975912635,225.05146593609004,0.0,2.6553038289196667
163.22462231079155,11917.876245153255,129.6862882928166,216.64999999999998,19651.32682312209,0.3159885105154097,295.0694935090715,0.4395110004444753,0.6,1.3569699349930187,1.1611186927048136,0.003926863853694302,224.1170255517283,225.0200526124421,0.0,2.6501450197729035
163.3746449415919,11898.438531020704,129.4443332022246,216.64999999999998,19711.426869866635,0.3169549045112782,295.0694935090715,0.4386910068635917,0.6,1.3569699349930187,1.1603279816108223,0.003911668039710522,224.08918915505248,224.98884981246462,0.0,2.6450124066789296
163.52466757239227,11879.037027957382,129.2035453414874,216.64999999999998,19771.598613568654,0.3179224513766199,295.0694935090715,0.4378749690622125,0.6,1.3569699349930187,1.1595440824617056,0.003896578329373802,224.0615386527535,224.95785538805833,0.0,2.6399057569312676
163.67469020319263,11859.671561598234,128.96391472619894,216.64999999999998,19831.842130883655,0.3188911523440364,295.0694935090715,0.43706285320286464,0.6,1.3569699349930187,1.158766921293419,0.003881593604059101,224.03407215278983,224.92706721836706,0.0,2.6348248418302322
163.82471283399298,11840.341959050917,128.72543147719122,216.64999999999998,19892.15749783523,0.31986100863596845,295.0694935090715,0.4362546258047301,0.6,1.3569699349930187,1.1579964248554808,0.0038667127631003963,224.00678778723486,224.89648320956593,0.0,2.6297694362556787
163.97473546479335,11821.04804893756,128.4880858291269,216.64999999999998,19952.54478963645,0.3208320214618238,295.0694935090715,0.43545025377276664,0.6,1.3569699349930187,1.1572325207704106,0.0038519347134933998,223.97968371304427,224.8661012957215,0.0,2.624739315215297
164.1247580955937,11801.789661325724,128.251868121074,216.64999999999998,20013.0040808568,0.3218041920206615,295.0694935090715,0.4346497043657652,0.6,1.3569699349930187,1.156475137389466,0.0038372583783423935,223.952758110763,224.83591943734234,0.0,2.6197342567510296
164.27478072639406,11782.566627696022,128.01676879224954,216.64999999999998,20073.535445477308,0.32277752150207817,295.0694935090715,0.4338529451819249,0.6,1.3569699349930187,1.155724203733799,0.0038226826998884657,223.92600918383425,224.8059356206045,0.0,2.614754043025299
164.42480335719443,11763.378780981198,127.7827783898527,216.64999999999998,20134.138956721123,0.32375201108348417,295.0694935090715,0.43305994418539984,0.6,1.3569699349930187,1.154979649640619,0.0038082066298904516,223.89943515928792,224.77614785812312,0.0,2.6097984570853328
164.57482598799479,11744.22595553775,127.54988756619281,216.64999999999998,20194.81468709565,0.32472766193078084,295.0694935090715,0.4322706696965658,0.6,1.3569699349930187,1.1542414057288588,0.003793829131602466,223.87303428720904,224.7465541883568,0.0,2.6048672835711217
164.72484861879514,11725.107987084946,127.3180870700561,216.64999999999998,20255.562708539812,0.3257044752007282,295.0694935090715,0.4314850903627619,0.6,1.3569699349930187,1.15350940326597,0.003779549187152472,223.84680483956103,224.71715267428826,0.0,2.599960311288773
164.87487124959551,11706.024712725279,127.08736775110603,216.64999999999998,20316.38309231461,0.3266824520391858,295.0694935090715,0.43070317517320345,0.6,1.3569699349930187,1.1527835742552621,0.0037653657916173955,223.8207451104924,224.68794140376838,0.0,2.5950773312281745
165.02489388039587,11686.975970960502,126.85772056419397,216.64999999999998,20377.275908906366,0.3276615935795563,295.0694935090715,0.42992489347359086,0.6,1.3569699349930187,1.1520638515229848,0.0037512779475162936,223.7948534166305,224.6589184898453,0.0,2.5902181347019146
165.17491651119622,11667.961601615045,126.62913655840929,216.64999999999998,20438.24122822625,0.32864190094599427,295.0694935090715,0.4291502149290003,0.6,1.3569699349930187,1.1513501685452276,0.003737284674634608,223.76912809565584,224.63008206916638,0.0,2.585382516765733
165.3249391419966,11648.98144583285,126.40160687732636,216.64999999999998,20499.279119577423,0.3296233752528775,295.0694935090715,0.4283791095247206,0.6,1.3569699349930187,1.150642459463922,0.0037233850086338073,223.74356750614908,224.60143030180672,0.0,2.5805702757907594
165.47496177279695,11630.03534611716,126.17512276718031,216.64999999999998,20560.38965148347,0.33060601760204833,295.0694935090715,0.4276115475939611,0.6,1.3569699349930187,1.1499406592396442,0.0037095779911288053,223.7181700283277,224.57296137209497,0.0,2.575781210068094
165.6249844035973,11611.12314626644,125.94967556791539,216.64999999999998,20621.5728918507,0.33158982908542356,295.0694935090715,0.42684749978751446,0.6,1.3569699349930187,1.1492447035116813,0.0036958626778950438,223.69293406285973,224.54467348728332,0.0,2.5710151206809364
165.77500703439767,11592.244691344647,125.72525670917545,216.64999999999998,20682.828908022366,0.33257481078586615,295.0694935090715,0.4260869370601682,0.6,1.3569699349930187,1.1485545285409988,0.0036822381417929754,223.66785803024158,224.51656487685054,0.0,2.5662718125676065
165.92502966519802,11573.399827718486,125.50185771777873,216.64999999999998,20744.157766616,0.3335609637745698,295.0694935090715,0.4253298306960369,0.6,1.3569699349930187,1.1478700713506635,0.0036687034634719194,223.64294037146297,224.4886337932469,0.0,2.561551091329475
166.07505229599838,11554.588403031346,125.2794702149824,216.64999999999998,20805.55953356533,0.33454828911173246,295.0694935090715,0.4245761522992917,0.6,1.3569699349930187,1.1471912696916688,0.0036552577333404503,223.61817954752846,224.46087851135806,0.0,2.556852763943497
166.22507492679875,11535.810266146882,125.058085908315,216.64999999999998,20867.03427426305,0.33553678784885266,295.0694935090715,0.42382587376648023,0.6,1.3569699349930187,1.1465180619142703,0.0036419000587064434,223.59357403838146,224.43329732729896,0.0,2.5521766412937583
166.3750975575991,11517.065267168726,124.83769659579578,216.64999999999998,20928.5820534562,0.33652646102704703,295.0694935090715,0.4230789673008261,0.6,1.3569699349930187,1.1458503870518926,0.0036286295580391925,223.56912234321246,224.4058885587592,0.0,2.54752253620988
166.52512018839946,11498.353257456074,124.61829417003618,216.64999999999998,20990.202935153855,0.33751730967556565,295.0694935090715,0.42233540542612874,0.6,1.3569699349930187,1.1451881849041803,0.003615445355690001,223.54482298075126,224.37865054533066,0.0,2.5428902616445725
166.67514281919983,11479.674089552662,124.39987060786137,216.64999999999998,21051.89698282012,0.33850933481489576,295.0694935090715,0.42159516095159083,0.6,1.3569699349930187,1.1445313958697207,0.003602346591419991,223.52067448795654,224.35158164703876,0.0,2.538279634047654
166.82516545000018,11461.027617184262,124.18241797057816,216.64999999999998,21113.664259343706,0.33950253745627246,295.0694935090715,0.4208582069727257,0.6,1.3569699349930187,1.143879960961188,0.0035893324190496997,223.4966754198935,224.32468024420496,0.0,2.5336904729371494
166.97518808080054,11442.413695296653,123.96592841177979,216.64999999999998,21175.504826872842,0.340496918599024,295.0694935090715,0.4201245168978088,0.6,1.3569699349930187,1.143233821952266,0.0035764019968729777,223.47282435044215,224.29794473824106,0.0,2.5291225975531386
167.12521071160091,11423.83217999618,123.75039416884533,216.64999999999998,21237.418746972697,0.34149247923310305,295.0694935090715,0.4193940644190681,0.6,1.3569699349930187,1.1425929212419952,0.003563554495649889,223.4491198712069,224.27137355042672,0.0,2.5245758297017957
167.27523334240126,11405.282928522418,123.53580755916377,216.64999999999998,21299.406080678673,0.34248922033994406,295.0694935090715,0.418666823499888,0.6,1.3569699349930187,1.141957201799567,0.0035507891014362834,223.42556059095568,224.24496512128073,0.0,2.5200499947977284
167.42525597320162,11386.765799283758,123.32216098728883,216.64999999999998,21361.4668883399,0.34348714288994614,295.0694935090715,0.4179427683990567,0.6,1.3569699349930187,1.1413266072996506,0.003538105006576776,223.40214513626185,224.21871791128072,0.0,2.5155449187092467
167.575278604002,11368.28065183355,123.10944694234294,216.64999999999998,21423.601229660446,0.3444862478431361,295.0694935090715,0.4172218736619688,0.6,1.3569699349930187,1.1407010820886254,0.003525501411670429,223.37887215107384,224.1926304003806,0.0,2.5110604284769384
167.72530123480234,11349.82734681782,122.89765799028656,216.64999999999998,21485.8091638378,0.34548653615139496,295.0694935090715,0.41650411409442517,0.6,1.3569699349930187,1.1400805710602904,0.003512977532494963,223.35574029572885,224.166701086905,0.0,2.5065963548087686
167.8753238656027,11331.405745994303,122.68678677797743,216.64999999999998,21548.090749462655,0.3464880087568467,295.0694935090715,0.4157894647763904,0.6,1.3569699349930187,1.139465019736766,0.0035005325944353805,223.33274824726107,224.14092848789485,0.0,2.502152530135627
168.02534649640307,11313.015712247694,122.47682603709234,216.64999999999998,21610.44604443024,0.3474906665904324,295.0694935090715,0.41507790107528336,0.6,1.3569699349930187,1.1388543743480468,0.003488165827410678,223.30989469969205,224.11531113943283,0.0,2.4977287868239846
168.17536912720342,11294.657109523687,122.26776857428385,216.64999999999998,21672.875106127125,0.34849451057491404,295.0694935090715,0.41436939861261834,0.6,1.3569699349930187,1.1382485816703272,0.003475876475134182,223.28717836282365,224.08984759529022,0.0,2.4933249605101993
168.32539175800378,11276.329802827038,122.05960727147175,216.64999999999998,21735.37799140302,0.34949954162442093,295.0694935090715,0.4136639332649927,0.6,1.3569699349930187,1.1376475890404567,0.0034636637937972663,223.26459796214175,224.06453642681916,0.0,2.4889408896698515
168.47541438880415,11258.033658257973,121.85233509331842,216.64999999999998,21797.954756411153,0.3505057606418832,295.0694935090715,0.412961481189421,0.6,1.3569699349930187,1.1370513444976649,0.0034515270427867262,223.24215223949835,224.0393762237171,0.0,2.4845764123147625
168.6254370196045,11239.768542956956,121.64594507915207,216.64999999999998,21860.60545676114,0.3515131685214899,295.0694935090715,0.41226201879596286,0.6,1.3569699349930187,1.136459796652062,0.0034394654924851872,223.21983995210695,224.01436559290082,0.0,2.4802313688142186
168.77545965040485,11221.5343250795,121.44043033941016,216.64999999999998,21923.330147571316,0.3525217661495303,295.0694935090715,0.4115655227356692,0.6,1.3569699349930187,1.1358728946312406,0.003427478427013271,223.19765987203553,223.98950315793795,0.0,2.475905602918761
168.92548228120523,11203.330873830304,121.23578406250914,216.64999999999998,21986.128883317502,0.3535315544019622,295.0694935090715,0.41087196992386443,0.6,1.3569699349930187,1.1352905882110866,0.0034155651354824904,223.17561078682726,223.9647875597428,0.0,2.4715989586373173
169.07550491200558,11185.158059441406,121.03199951238572,216.64999999999998,22049.001717873496,0.35454253414506304,295.0694935090715,0.4101813375318136,0.6,1.3569699349930187,1.1347128277825766,0.003403724913958064,223.15369149911228,223.94021745614123,0.0,2.467311280963015
169.22552754280593,11167.01575312363,120.82907002117294,216.64999999999998,22111.948704645445,0.3555547062375905,295.0694935090715,0.40949360296190096,0.6,1.3569699349930187,1.134139564231672,0.0033919570721866778,223.13190082570162,223.9157915208549,0.0,2.463042418336424
169.3755501736063,11148.903827085058,120.62698899311873,216.64999999999998,22174.96989647533,0.35656807152923076,295.0694935090715,0.40880874386091093,0.6,1.3569699349930187,1.1335707490175744,0.0033802609281738992,223.1102375978943,223.89150844384568,0.0,2.4587922207150763
169.52557280440666,11130.822154545971,120.42574990835128,216.64999999999998,22238.06534555563,0.3575826308592261,295.0694935090715,0.4081267381327882,0.6,1.3569699349930187,1.133006334249263,0.0033686358032984434,223.08870066176522,223.86736693163812,0.0,2.4545605378181126
169.67559543520701,11112.770609677467,120.22534631353363,216.64999999999998,22301.235103610205,0.3585983850592833,295.0694935090715,0.40744756390696646,0.6,1.3569699349930187,1.1324462725291162,0.003357081031329776,223.06728887705043,223.84336570607013,0.0,2.4503472224266107
169.8256180660074,11094.7490676001,120.0257718221809,216.64999999999998,22364.47922186784,0.35961533495314885,295.0694935090715,0.406771199539443,0.6,1.3569699349930187,1.1318905169668503,0.0033455959571409392,223.04600111707344,223.81950350421022,0.0,2.446152129950607
169.97564069680774,11076.757404418833,119.82702012184129,216.64999999999998,22427.797750907695,0.3606334813541231,295.0694935090715,0.40609762363711577,0.6,1.3569699349930187,1.1313390213166399,0.003334179927700738,223.02483626940258,223.79577907909444,0.0,2.441975115163917
170.1256633276081,11058.795497171635,119.62908496641487,216.64999999999998,22491.19074080764,0.3616528250674459,295.0694935090715,0.40542681503175126,0.6,1.3569699349930187,1.1307917398495895,0.003322832299700179,223.00379323492317,223.7721911986864,0.0,2.4378160350070672
170.27568595840847,11040.863223808925,119.4319601732396,216.64999999999998,22554.658241186196,0.36267336689097096,295.0694935090715,0.4047587527701092,0.6,1.3569699349930187,1.1302486273099093,0.003311552441769213,222.98287092742453,223.7487386454141,0.0,2.43367474943102
170.42570858920882,11022.96046322254,119.23563965636973,216.64999999999998,22618.20030106949,0.36369510761302637,295.0694935090715,0.40409341622672357,0.6,1.3569699349930187,1.1297096395477189,0.0033003397269410835,222.9620682770229,223.72542022000715,0.0,2.4295511186595493
170.57573122000917,11005.087083337623,119.04038965723271,216.7405608303084,22681.8065992699,0.3645654909941991,295.131157359655,0.40334741584795397,0.6,1.3569699349930187,1.1287075762240137,0.003289195831599118,223.03197383567647,223.79282782695,0.0,2.425445850821112
170.72575385080955,10987.242874693353,118.84677870671266,216.85614794702587,22745.454657651462,0.36539364514106953,295.20984316833636,0.4025840650541693,0.6,1.3569699349930187,1.1275946933592265,0.0032781274130008575,223.12711249974765,223.88549355103171,0.0,2.421361497980592
170.8757764816099,10969.427589329869,118.65479638812896,216.97154835739943,22809.144101589372,0.36622189654501774,295.2883809601546,0.4018268378942411,0.6,1.3569699349930187,1.126502365274985,0.003267138261083693,223.22226933364223,223.97820222169992,0.0,2.4172995682094065
171.02579911241025,10951.640985235603,118.46441445459422,217.08676362595827,22872.875347342386,0.3670502512225314,295.3667719175265,0.40107563110610267,0.6,1.3569699349930187,1.1254301708816903,0.003256231325611164,223.31744209767467,224.0709511392052,0.0,2.413261267799177
171.17582174321063,10933.882824518818,118.27560359843297,217.2017952905847,22936.64880321152,0.3678787150714835,295.44501720327037,0.40033033800349277,0.6,1.3569699349930187,1.1243776668864638,0.0032454089627667387,223.41262844010961,224.16373748142007,0.0,2.4092475901333703
171.32584437401098,10916.15287367774,118.08833516420418,217.31664486076335,23000.464868407158,0.3687072938568073,295.5231179594483,0.399590854277628,0.6,1.3569699349930187,1.1233444202639646,0.003234672981121054,223.5078260755172,224.2565585039755,0.0,2.405259330891099
171.47586700481133,10898.450903394943,117.90258111475472,217.4313138189121,23064.323933620966,0.36953599321833025,295.60107530830317,0.39885707787695235,0.6,1.3569699349930187,1.1223300076654168,0.0032240247965266565,223.6030327816072,224.3494115365512,0.0,2.4012971439961133
171.6258896356117,10880.776688517451,117.71831402913122,217.54580362051007,23128.226380935706,0.3703648186699972,295.67889035237755,0.39812890899597037,0.6,1.3569699349930187,1.1213340154065459,0.003213465429635214,223.69824639824398,224.44229398175614,0.0,2.3973615394415195
171.77591226641206,10863.130008034504,117.5355071012295,217.66011569424094,23192.172583744403,0.37119377559921374,295.75656417464256,0.39740625006661034,0.6,1.3569699349930187,1.120356039470862,0.003202995513371668,223.79346482657536,224.53520331413438,0.0,2.393452884835051
171.92593489721241,10845.510644853935,117.35413410271174,217.7742514434405,23256.16290740279,0.37202286927568845,295.8340978395116,0.39668900562765996,0.6,1.3569699349930187,1.1193956848607924,0.0031926154263660863,223.88868602576198,224.6281370763242,0.0,2.389571454120219
172.0759575280128,10827.918385747986,117.17416937457965,217.88821224644687,23320.197709275024,0.37285210485238973,295.911492393108,0.39597708229228856,0.6,1.3569699349930187,1.1184525654697692,0.0031823253121978216,223.98390801164481,224.72109287752198,0.0,2.385717433991442
172.22598015881314,10810.353021364912,116.99558783166871,218.00199945652466,23384.27733854196,0.3736814873634258,295.98874886324205,0.3952703887596926,0.6,1.3569699349930187,1.1175263041921368,0.00317212505795991,224.07912885635398,224.81406839305276,0.0,2.381890915113979
172.3760027896135,10792.814346057927,116.81836493471154,218.115614402972,23448.40213667707,0.3745110217305635,296.06586826019145,0.39456883571613904,0.6,1.3569699349930187,1.1166165324401849,0.0031620143742404168,224.17434668574833,224.90706136136652,0.0,2.3780919214115794
172.52602542041387,10775.302157770982,116.64247667155638,218.22905839185987,23512.572437722352,0.3753407127671391,296.1428515772301,0.3938723357674483,0.6,1.3569699349930187,1.115722889826811,0.003151992835230837,224.26955967747807,225.0000695817769,0.0,2.3743204246322462
172.67604805121422,10757.816258050454,116.46789956110119,218.34233270595567,23576.788568106895,0.37617056517604736,296.2196997906034,0.39318080344903433,0.6,1.3569699349930187,1.1148450242645622,0.003142059860976361,224.3647660606132,225.093090914054,0.0,2.370576337237657
172.82607068201457,10740.356451957652,116.29461064011211,218.4554386052891,23641.050846829967,0.3770005835524412,296.2964138599383,0.39249415517761044,0.6,1.3569699349930187,1.1139825917518853,0.0031322147459655583,224.45996411415754,225.1861232766904,0.0,2.3668595227428564
172.97609331281495,10722.922547902099,116.12258743547584,218.56837732823158,23705.35958594118,0.37783077239025586,296.3729947290011,0.39181230915339144,0.6,1.3569699349930187,1.113135255890894,0.003122456707655801,224.55515216460083,225.2791646440265,0.0,2.363169813707046
173.1261159436153,10705.514357631131,115.95180796364649,218.68115009156284,23769.715090449834,0.3786611360813472,296.4494433257675,0.39113518535512093,0.6,1.3569699349930187,1.112302687903238,0.0031127848807528387,224.65032858529617,225.37221304554478,0.0,2.359507009340997
173.27613857441565,10688.131696215987,115.782250730445,218.7937580905605,23834.117658248237,0.3794916789148123,296.5257605625075,0.3904627055362974,0.6,1.3569699349930187,1.1114845666539301,0.003103198314410382,224.74549179591028,225.46526656524253,0.0,2.3558708742058996
173.42616120521603,10670.774381868852,115.61389470061832,218.90620250018438,23898.567580663337,0.3803224050844055,296.6019473366126,0.3897947931184972,0.6,1.3569699349930187,1.110680578118448,0.003093696014947551,224.84064025987635,225.55832333863364,0.0,2.3522611542102823
173.57618383601638,10653.442235899733,115.4467192911669,219.01848447535554,23963.065142496955,0.38115331868934565,296.67800453080736,0.3891313731658148,0.6,1.3569699349930187,1.1098904152852602,0.003084276950736496,224.93577248341708,225.6513815516196,0.0,2.348677578355289
173.72620646681673,10636.135082730792,115.28070437603934,219.13060515086238,24027.61062185291,0.38198442373237357,296.7539330131086,0.38847237239799953,0.6,1.3569699349930187,1.1091137782690623,0.003074940039687117,225.0308870153757,225.74443944031165,0.0,2.345119853862493
173.8762290976171,10618.852749756847,115.11583026329087,219.24256564226414,24092.204290539445,0.38281572412521775,296.82973363746,0.3878177191099404,0.6,1.3569699349930187,1.1083503739162648,0.0030656841750323857,225.1259824452363,225.83749528870214,0.0,2.341587675887221
174.02625172841746,10601.595067252298,114.9520776797282,219.354367046493,24156.84641430401,0.3836472236918856,296.90540724416076,0.3871673431167831,0.6,1.3569699349930187,1.107599915546767,0.003056508238556882,225.22105740163738,225.93054742692567,0.0,2.338080732519845
174.1762743592178,10584.361868384492,114.7894277749253,219.4660104417669,24221.53725267265,0.3844789261668612,296.980954659828,0.38652117576498796,0.6,1.3569699349930187,1.1068621230536506,0.0030474110903242584,225.31611055219383,226.02359423107015,0.0,2.3345987008313984
174.3262969900182,10567.152989144295,114.62786211083235,219.577496888039,24286.277059100354,0.3853108351973012,297.0563766977217,0.38587914989441635,0.6,1.3569699349930187,1.1061367227372134,0.0030383915760223874,225.4111406023951,226.11663412188724,0.0,2.3311412496431205
174.47631962081854,10549.968268209246,114.46736263889225,219.68882742788327,24351.066081379275,0.3861429543485357,297.13167415836375,0.3852411997580709,0.6,1.3569699349930187,1.1054234469066309,0.0030294485446743964,225.50614629368832,226.20966556253654,0.0,2.3277080463041786
174.6263422516189,10532.807546937323,114.30791170004504,219.80000308653462,24415.904561559495,0.3869752871032931,297.20684782958494,0.3846072610197323,0.6,1.3569699349930187,1.1047220339042636,0.003020580844181208,225.60112640306681,226.3026870581196,0.0,2.3242987550006835
174.77636488241927,10515.670669359408,114.14949202534007,219.91102487193706,24480.792735874853,0.3878078368609928,297.28189848657667,0.38397727075365246,0.6,1.3569699349930187,1.1040322281423618,0.003011787316080088,225.6960797427372,226.39569715530084,0.0,2.3209130347475746
174.92638751321962,10498.55748202881,113.99208671076111,220.021893775718,24545.73083521219,0.3886406069440048,297.35682689256856,0.3833511673567363,0.6,1.3569699349930187,1.1033537796608346,0.003003066812375879,225.7910051581096,226.48869443993695,0.0,2.31755054588008
175.07641014401997,10481.467833986857,113.83567921191938,220.13261077341082,24610.71908514599,0.38947360059832076,297.43163379899704,0.38272889052833237,0.6,1.3569699349930187,1.1026864440519528,0.002994418196548685,225.8859015270738,226.58167753623846,0.0,2.3142109504871105
175.22643277482035,10464.401576779122,113.68025334880751,220.243176824349,24675.75770578133,0.39030682099176633,297.50631994545193,0.382110381284172,0.6,1.3569699349930187,1.1020299825730222,0.0029858403341109377,225.9807677599739,226.67464510675438,0.0,2.310893908803559
175.3764554056207,10447.358564341126,113.525793286992,220.3535928724063,24740.84691209505,0.3911402712185957,297.58088606019385,0.3814955818903917,0.6,1.3569699349930187,1.1013841618207096,0.002977332102985645,226.0756027980574,226.767595850544,0.0,2.3075990832522053
175.52647803642105,10430.338652922064,113.37228352496909,220.46385984649035,24805.986914136847,0.39197395430227927,297.65533286050487,0.38088443581859366,0.6,1.3569699349930187,1.1007487535184022,0.0029688923991690102,226.17040561232068,226.860528501823,0.0,2.3043261406897946
175.67650066722143,10413.341701099369,113.21970889817528,220.57397866044784,24871.177916885023,0.39280787319386573,297.7296610526409,0.38027688775743834,0.6,1.3569699349930187,1.1001235346138643,0.0029605201289866906,226.2651752034569,226.9534418299168,0.0,2.301074749461286
175.82652329802178,10396.367569723534,113.06805457077304,220.68395021342153,24936.42012036999,0.3936420307737694,297.8038713320894,0.37967288358279166,0.6,1.3569699349930187,1.0995082871494404,0.0029522142105883045,226.3599106010319,227.04633463829336,0.0,2.2978445800234173
175.97654592882213,10379.416121805183,112.9173060166382,220.79377539058146,25001.71372002298,0.39447642985643,297.8779643840787,0.37907237029136054,0.6,1.3569699349930187,1.0989027979295374,0.002943973582885597,226.45461086196417,227.13920576277093,0.0,2.29463530847374
176.1265685596225,10362.487222512047,112.76744901976997,220.90345506314412,25067.058906605555,0.39531107318960335,297.95194088360654,0.37847529600024327,0.6,1.3569699349930187,1.0983068585498459,0.002935797201692848,226.54927507025863,227.23205407121756,0.0,2.29144661511391
176.27659119042286,10345.580739166317,112.61846967548459,221.01299008838916,25132.455866137676,0.3961459634536356,298.0258014954664,0.377881609949123,0.6,1.3569699349930187,1.097720265442112,0.002927684034121431,226.64390233682187,227.32487846334155,0.0,2.2882781823175344
176.4266138212232,10328.69654112014,112.47035436944087,221.12238131046547,25197.904780298675,0.3969811032667712,298.0995468748063,0.37729126242743116,0.6,1.3569699349930187,1.0971428195034747,0.002919633068014066,226.738491797857,227.41767786879515,0.0,2.2851296982650022
176.5766364520236,10311.834499728191,112.32308977340524,221.2316295605687,25263.405826456914,0.3978164951857101,298.17317766726325,0.3767042047583119,0.6,1.3569699349930187,1.096574326037614,0.002911643311961697,226.8330426143216,227.51045124654516,0.0,2.2820008570178794
176.72665908282394,10294.994488365146,112.17666284998539,221.3407356568276,25328.95917752555,0.39865214170394564,298.2466945089001,0.3761203893129414,0.6,1.3569699349930187,1.0960145948648474,0.002903713787088035,226.9275539719959,227.60319758496314,0.0,2.278891355362297
176.8766817136243,10278.176382331529,112.03106083703626,221.44970040491347,25394.565002253315,0.39948804525564874,298.3200980266311,0.3755397694560801,0.6,1.3569699349930187,1.0954634400506262,0.002895843533068998,227.02202508025292,227.6959159003734,0.0,2.275800895218941
177.02670434442464,10261.380058790945,111.88627123717484,221.5585245984466,25460.223465397063,0.4003242082180338,298.3933888385089,0.37496229950901466,0.6,1.3569699349930187,1.0949206797284385,0.0028880316116746446,227.11645517115028,227.78860523598544,0.0,2.2727291850970075
177.17672697522502,10244.605396785353,111.74228182173752,221.66720901889695,25525.934727591262,0.4011606329098603,298.4665675536708,0.37438793476138266,0.6,1.3569699349930187,1.0943861361941805,0.002880277100013312,227.21084349946133,227.8812646619411,0.0,2.269675937501503
177.32674960602537,10227.852277191261,111.59908062427839,221.77575443586755,25591.698945448854,0.40199732159288176,298.5396347725431,0.37381663144763194,0.6,1.3569699349930187,1.0938596358041173,0.0028725790905087703,227.30518934205412,227.97389327458401,0.0,2.266640868974907
177.47677223682572,10211.120582625956,111.45665592465286,221.8841616077016,25657.51627186078,0.4028342764758142,298.61259108726205,0.3732483466917256,0.6,1.3569699349930187,1.0933410086944821,0.0028649366973147843,227.3994919966711,228.06649019501847,0.0,2.2636237026814574
177.6267948676261,10194.41019744695,111.31499624972564,221.9924312814859,25723.386855932502,0.40367149971368066,298.68543708168903,0.3726830385081062,0.6,1.3569699349930187,1.0928300888134592,0.0028573490527837677,227.49375078176456,228.1590545689244,0.0,2.2606241670767715
177.77681749842645,10177.721007753085,111.17409037498489,222.1005641930431,25789.310842913554,0.4045089934070673,298.75817333141725,0.3721206658057106,0.6,1.3569699349930187,1.092326713970988,0.0028498153020046586,227.58796503641364,228.2515855664653,0.0,2.2576419938010055
177.9268401292268,10161.052901280904,111.03392730693456,222.20856106760323,25855.28837454244,0.40534675960665534,298.83080040423556,0.3715611883270945,0.6,1.3569699349930187,1.0918307255250743,0.0028423346100898434,227.6821341190275,228.34408238075346,0.0,2.254676920611038
178.07686276002718,10144.405767382725,110.89449627970603,222.31642261994477,25921.319589071438,0.40618480031367554,298.90331886023495,0.3710045666356736,0.6,1.3569699349930187,1.0913419683352985,0.00283490616197788,227.77625740693549,228.43654422737336,0.0,2.2517286913626977
178.22688539082753,10127.779497044956,110.75578675972899,222.4241495542763,25987.40462113308,0.40702311747835473,298.9757292517403,0.37045076213016476,0.6,1.3569699349930187,1.0908602908694822,0.002827529154832537,227.8703342965157,228.52897034454026,0.0,2.248797053047698
178.37690802162788,10111.173982810116,110.61778843271009,222.5317425647411,26053.543601989088,0.4078617130032134,299.0480321236609,0.36989973699933243,0.6,1.3569699349930187,1.0903855449751658,0.002820202802830613,227.96436420220905,228.62135999193384,0.0,2.2458817577394576
178.52693065242826,10094.589118724849,110.48049119487412,222.63920233575374,26119.736659679256,0.4087005887450848,299.1202280137275,0.3693514541912018,0.6,1.3569699349930187,1.0899175857305163,0.002812926340104238,228.05834655579577,228.71371244984658,0.0,2.2429825638175864
178.6769532832286,10078.024800355663,110.3438851568456,222.74652954189773,26185.983918901948,0.40953974651373076,299.19231745243417,0.3688058774249381,0.6,1.3569699349930187,1.089456271534971,0.00280569901446877,228.15228080648114,228.80602701929232,0.0,2.2400992335225647
178.82697591402896,10061.480924754142,110.20796063850197,222.85372484815088,26252.28550109625,0.41037918807301144,299.2643009632001,0.3682629711722749,0.6,1.3569699349930187,1.0890014640287704,0.002798520087079572,228.24616642042528,228.89830302145174,0.0,2.2372315328605534
178.97699854482934,10044.957390378588,110.07270815554392,222.96078891039244,26318.641524700888,0.41121891514428865,299.33617906272076,0.3677227006110747,0.6,1.3569699349930187,1.088553027854136,0.002791388838084853,228.34000287975184,228.9905397965,0.0,2.2343792339066058
179.1270211756297,10028.454097095382,109.93811842042385,223.0677223753941,26385.052105095907,0.4120589294058071,299.4079522609714,0.36718503162734656,0.6,1.3569699349930187,1.088110830688704,0.002784304563304616,228.43378968245435,229.08273670350286,0.0,2.231542113528648
179.27704380643004,10011.970946182915,109.80418234426654,223.17452588079436,26451.517354533906,0.41289923249194427,299.4796210611998,0.3666499308205938,0.6,1.3569699349930187,1.0876747432984772,0.002777266569005707,228.52752634238482,229.17489312040672,0.0,2.228719951336979
179.42706643723042,9995.507840244783,109.67089102196942,223.28120005566058,26518.03738243786,0.4137398259970941,299.5511859603132,0.36611736545252554,0.6,1.3569699349930187,1.0872446392697455,0.0027702741785242593,228.6212123881928,229.26700844278187,0.0,2.2259125323772344
179.57708906803077,9979.06468319225,109.53823572948627,223.3877455206023,26584.612295422354,0.41458071147604575,299.6226474489636,0.36558730343688234,0.6,1.3569699349930187,1.0868203949720627,0.002763326732051344,228.71484736301403,229.3590820834594,0.0,2.2231196470930255
179.72711169883112,9962.641380263036,109.40620792841449,223.4941628876494,26651.242197168438,0.41542189044251354,299.6940060114752,0.3650597133538445,0.6,1.3569699349930187,1.0864018896612369,0.002756423579420173,228.8084308246374,229.45111347273323,0.0,2.2203410884688712
179.8771343296315,9946.237837956376,109.27479925504073,223.6004527606726,26717.927188637954,0.4162633643719535,299.76526212613544,0.3645345644121366,0.6,1.3569699349930187,1.0859890052851633,0.0027495640845385865,228.9019623447053,229.54310205741288,0.0,2.2175766538471193
180.02715696043185,9929.853963989666,109.14400151296736,223.70661573566406,26784.66736820292,0.4171051347032998,299.83641626539185,0.3640118264232507,0.6,1.3569699349930187,1.0855816263569704,0.0027427476281495487,228.99544150813094,229.6350473001364,0.0,2.214826146082874
180.1771795912322,9913.489667314429,109.013806676909,223.8126524006337,26851.462831534798,0.41794720283766984,299.9074688957913,0.3634914698132709,0.6,1.3569699349930187,1.0851796400419556,0.002735973601859796,229.08886791321976,229.72694867951904,0.0,2.2120893711769702
180.32720222203258,9897.144858088763,108.88420688862303,223.9185633357876,26918.313671671047,0.41878957013930596,299.9784204781078,0.3629734656082347,0.6,1.3569699349930187,1.084782936094059,0.0027292414077920847,229.18224117131177,229.8188056897307,0.0,2.2093661381669394
180.47722485283293,9880.819447611357,108.75519444548209,224.02434911395517,26985.219979240548,0.41963223793851473,300.0492714676373,0.36245778539479706,0.6,1.3569699349930187,1.0843914066503895,0.002722550463969173,229.27556090596687,229.91061783953106,0.0,2.2066562613395355
180.62724748363328,9864.513348324275,108.62676180156667,224.13001030057092,27052.181842409598,0.42047520753107975,300.1200223141932,0.36194440132303535,0.6,1.3569699349930187,1.0840049462653576,0.0027159002011442916,229.36882675292196,230.00238465222372,0.0,2.2039595589884557
180.77727011443366,9848.22647381912,108.49890156981027,224.23554745363452,27119.19934681393,0.4213184801775014,300.1906734620877,0.36143328611277803,0.6,1.3569699349930187,1.083623451965566,0.002709290057806181,229.46203836012876,230.09410566570355,0.0,2.2012758514207755
180.927292745234,9831.95873876373,108.37160650928271,224.34096112418516,27186.272575817955,0.42216205710635135,300.26122535045727,0.36092441301001865,0.6,1.3569699349930187,1.08324682301844,0.0027027194865531005,229.55519538687622,230.1857804314153,0.0,2.1986049635725506
181.07731537603436,9815.710058888102,108.24486952300914,224.44625185639296,27253.401610533154,0.4230059395145914,300.3316784133312,0.3604177557787868,0.6,1.3569699349930187,1.082874960902543,0.0026961879539030738,229.64829750355267,230.2774085140763,0.0,2.1959467249701197
181.22733800683474,9799.48035100351,108.11868366246621,224.55142018743464,27320.586529699165,0.4238501285661654,300.402033079556,0.35991328871543604,0.6,1.3569699349930187,1.0825077694070022,0.0026896949333698374,229.74134439183635,230.3689894919048,0.0,2.1933009669448595
181.3773606376351,9783.269532947981,107.99304211829163,224.65646664784668,27387.827409869802,0.42469462539442415,300.47228977303905,0.359410986616649,0.6,1.3569699349930187,1.0821451544649443,0.0026832399097805756,229.83433574404003,230.46052295584275,0.0,2.1906675244163663
181.52738326843544,9767.077523549873,107.86793821402513,224.76139176176116,27455.12432552633,0.4255394311036296,300.54244891291324,0.3589108247576751,0.6,1.3569699349930187,1.0817870240444107,0.002676822381965061,229.92727126263628,230.552008508995,0.0,2.1880462370225637
181.67740589923582,9750.904242643961,107.74336540981892,224.86619604680132,27522.477348973764,0.4263845467677335,300.6125109134744,0.35841277890403833,0.6,1.3569699349930187,1.0814332882318556,0.002670441857005944,230.02015066040164,230.64344576680375,0.0,2.185436946804385
181.82742853003617,9734.749611049625,107.61931729922662,224.9708800142227,27589.88655039443,0.42722997343113017,300.68247618428245,0.35791682530001795,0.6,1.3569699349930187,1.0810838591820178,0.0026640978499590795,230.11297366014418,230.73483435672594,0.0,2.1828394981143635
181.97745116083652,9718.613550514801,107.49578759939098,225.0754441692761,27657.35199804586,0.42807571211121614,300.7523451304107,0.35742294063502383,0.6,1.3569699349930187,1.0807386509393093,0.002657789889104655,230.20573999402592,230.82617391742986,0.0,2.1802537397927977
182.1274737916369,9702.4959837199,107.37277015225952,225.17988901118215,27724.87375821016,0.42892176379782915,300.82211815243545,0.35693110204699297,0.6,1.3569699349930187,1.0803975794722265,0.0026515175128952744,230.29844940355625,230.91746409879082,0.0,2.1776795239494167
182.27749642243725,9686.39683428564,107.25025892689298,225.28421503308027,27792.45189512639,0.4297681294524752,300.89179564640835,0.35644128712943585,0.6,1.3569699349930187,1.0800605627294049,0.0026452802651646436,230.391101639664,231.00870456197816,0.0,2.175116704020855
182.4275190532376,9670.316026710596,107.12824800851168,225.38842272243312,27860.0864712185,0.4306148100112575,300.9613780041331,0.3559534738940506,0.6,1.3569699349930187,1.0797275204379075,0.0026390777013685844,230.4836964619632,231.0998949785834,0.0,2.172565137355141
182.57754168403798,9654.253486359923,107.00673159674248,225.4925125610996,27927.77754711063,0.4314618063851357,301.0308656132201,0.35546764076422055,0.6,1.3569699349930187,1.079398374079275,0.002632909388422186,230.5762336385701,231.19103503040603,0.0,2.170024685175132
182.72756431483833,9638.209139484603,106.88570401002256,225.59648502521006,27995.525181513745,0.4323091194585765,301.10025885700924,0.35498376658912795,0.6,1.3569699349930187,1.079073046985706,0.00262677489801086,230.66871294630852,231.28212440969904,0.0,2.1674952098487767
182.87758694563868,9622.182913175273,106.76515967765039,225.700340585465,28063.329431388127,0.43315675009165416,301.1695581147757,0.35450183061650004,0.6,1.3569699349930187,1.0787514641957179,0.0026206738108560104,230.76113417016614,231.3731628185232,0.0,2.1649765766648197
183.02760957643906,9606.174735331419,106.64509313442542,225.80407970733495,28131.190352043388,0.43400469912136613,301.2387637618687,0.35402181247407155,0.6,1.3569699349930187,1.0784335523593562,0.0026146057193590826,230.85349710290322,231.46414996828437,0.0,2.1624686549500938
183.1776322072394,9590.184534677452,106.52549902427512,225.90770285095581,28199.10799704018,0.43485296736046697,301.30787616964756,0.3535436921811407,0.6,1.3569699349930187,1.0781192398186028,0.0026085702220312802,230.94580154521114,231.5550855799238,0.0,2.1599713157934044
183.32765483803976,9574.212240745428,106.40637209772831,226.01121047124087,28267.08241823341,0.4357015555980723,301.37689570556205,0.35306745013952484,0.6,1.3569699349930187,1.0778084565679191,0.002602566923290084,231.038047305505,231.64596938367208,0.0,2.157484431977793
183.47767746884014,9558.257783827054,106.28770720340867,226.11460301819156,28335.1136659473,0.4365504646019054,301.4458227333654,0.3525930671045397,0.6,1.3569699349930187,1.0775011340973417,0.0025965954386140307,231.13023419935297,231.73680111837206,0.0,2.1550078801356314
183.6277000996405,9542.321094978455,106.16949928934189,226.2178809368665,28403.20178892718,0.43739969511775373,301.51465761309873,0.3521205241888365,0.6,1.3569699349930187,1.0771972054269212,0.002590655391586274,231.2223620494955,231.8275805315039,0.0,2.1525415395485825
183.77772273044084,9526.402106029218,106.05174340538132,226.3210446673226,28471.346834272543,0.43824924786869224,301.58340070105714,0.351649802869968,0.6,1.3569699349930187,1.0768966051634707,0.0025847464092813403,231.31443068594183,231.9183073793006,0.0,2.150085290249895
183.92774536124122,9510.500749528735,105.93443469368054,226.4240946449629,28539.548847639067,0.4390991235576606,301.65205235002713,0.35118088495800354,0.6,1.3569699349930187,1.0765992693228583,0.0025788681284044665,231.40643994534815,232.00898142600863,0.0,2.14763901559076
184.07776799204157,9494.616958737155,105.81756838728278,226.52703130059476,28607.807873251048,0.4399493228676715,301.72061290933004,0.35071375259032095,0.6,1.3569699349930187,1.076305135310588,0.0025730201951495507,231.4983896708757,232.09960244372215,0.0,2.1452026022055457
184.22779062284192,9478.750667644577,105.70113981443397,226.62985506030554,28676.12395379275,0.44079984646051096,301.7890827247444,0.3502483882455145,0.6,1.3569699349930187,1.076014142015087,0.0025672022587110124,231.5902797124051,232.19017021263795,0.0,2.142775937328047
184.3778132536423,9462.901810931668,105.585144391717,226.73256634571766,28744.49713055172,0.44165069497857773,301.85746213868083,0.3497847747199589,0.6,1.3569699349930187,1.075726229681343,0.002561413975511268,231.6821099260799,232.2806845205133,0.0,2.1403589105663396
184.52783588444265,9447.07032394333,105.46957761941663,226.83516557415896,28812.927443507346,0.4425018690460356,301.92575149030023,0.3493228951118632,0.6,1.3569699349930187,1.075441339827611,0.0025556550118036553,231.77388017397973,232.37114516227862,0.0,2.137951415010004
184.677858515243,9431.256142704673,105.35443508506748,226.93765315855927,28881.414931237454,0.4433533692677008,301.99395111544965,0.3488627328326566,0.6,1.3569699349930187,1.0751594153231516,0.00254992503825479,231.86559032428818,232.4615519402385,0.0,2.135553344986
184.82788114604338,9415.459203907389,105.23971246147336,227.04002950753852,28949.959630952824,0.44420519622952187,302.06206134672567,0.3484042715999102,0.6,1.3569699349930187,1.0748804003572803,0.0025442237298101645,231.95724025113452,232.55190466388345,0.0,2.133164596014
184.97790377684373,9399.679444868216,105.12540549925737,227.14229502567565,29018.561578653185,0.4450573505005662,302.13008251365784,0.3479474954120305,0.6,1.3569699349930187,1.074604240300039,0.002538550770761683,232.04882983410738,232.6422031493122,0.0,2.1307850669444703
185.12792640764408,9383.916803534315,105.01151002823639,227.2444501134739,29087.220809081544,0.44590983263249856,302.19801494269007,0.34749238855242365,0.6,1.3569699349930187,1.0743308817365567,0.0025329058518710895,232.14035895829272,232.73244721927853,0.0,2.1284146587731647
185.27794903844446,9368.171218493266,104.89802195992932,227.34649516729567,29155.93735565724,0.4467626431587953,302.26585895714175,0.3470389355974298,0.6,1.3569699349930187,1.0740602725241584,0.002527288665913704,232.23182751438685,232.8226367033259,0.0,2.1260532727830124
185.4279716692448,9352.44262892648,104.78493727918406,227.44843057966446,29224.71125065667,0.44761578259703433,302.3336148774129,0.34658712138797787,0.6,1.3569699349930187,1.07379236163412,0.002521698913724117,232.32323539816315,232.91277143715305,0.0,2.123700813095691
185.57799430004516,9336.73097460188,104.67225204304086,227.55025673931215,29293.542525223813,0.4484692514490665,302.4012830210199,0.3461369310254054,0.6,1.3569699349930187,1.0735270991358647,0.0025161363040682424,232.41458251036227,233.00285126248525,0.0,2.1213571866375447
185.72801693084554,9321.036195893028,104.55996238495926,227.65197403105486,29362.43120926498,0.449323050199754,302.4688637025168,0.3456883498851496,0.6,1.3569699349930187,1.0732644362877242,0.0025106005473316635,232.50586875691016,233.09287602733374,0.0,2.1190223004954425
185.8780395616459,9305.358233745172,104.44806450882649,227.7535828360131,29431.37733157636,0.4501771793185934,302.53635723364624,0.345241363596383,0.6,1.3569699349930187,1.0730043254251003,0.00250509135970988,232.5970940485306,233.18284558553475,0.0,2.1166960636918133
186.02806219244624,9289.697029652489,104.33655468490868,227.85508353175882,29500.380919923533,0.45103163926074114,302.6037639234409,0.3447959580281557,0.6,1.3569699349930187,1.0727467198864897,0.0024996084657688614,232.68825830046893,233.27275979642192,0.0,2.1143783882820406
186.17808482324662,9274.052525673942,104.22542925332509,227.95647649221286,29569.442000951785,0.45188643046594107,302.6710840781592,0.3443521193006029,0.6,1.3569699349930187,1.0724915740889185,0.0024941515931610715,232.77936143266484,233.36261852503264,0.0,2.1120691871374913
186.32810745404697,9258.424664422533,104.11468462250208,228.0577620877142,29638.560600213183,0.45274155335889993,302.7383180013356,0.3439098337794252,0.6,1.3569699349930187,1.0722388435037808,0.002488720472550823,232.87040336963182,233.45242164196438,0.0,2.109768373921873
186.47813008484732,9242.813389028968,104.00431726257901,228.1589406852556,29707.73674230771,0.4535970083510708,302.8054659939403,0.34346908805358334,0.6,1.3569699349930187,1.0719884845317817,0.0024833148425964647,232.96138404003787,233.54216902287618,0.0,2.107475865213111
186.6281527156477,9227.218643147515,103.89432370683217,228.26001264844535,29776.970450838733,0.45445279584013887,302.8725283543583,0.34302986893970355,0.6,1.3569699349930187,1.07174045453715,0.002477934447142154,233.0523033767563,233.6318605485502,0.0,2.105191579329677
186.77817534644805,9211.640370966672,103.78470055423806,228.36097833743813,29846.261748346617,0.4553089162092361,302.9395053783465,0.34259216349026356,0.6,1.3569699349930187,1.0714947119049023,0.0024725790309017507,233.14316131699033,233.72149610504005,0.0,2.1029154345078758
186.9281979772484,9196.078517168246,103.67544446203556,228.46183810920007,29915.610656472072,0.456165369828997,303.0063973592138,0.3421559589685112,0.6,1.3569699349930187,1.0712512158983856,0.0024672483454127067,233.23395780181022,233.8110755831194,0.0,2.100647351439193
187.07822060804878,9180.533026921488,103.56655214480946,228.56259231754666,29985.017195964545,0.4570221570576942,303.0732045878494,0.34172124284510763,0.6,1.3569699349930187,1.0710099266463728,0.0024619421489166776,233.3246927760675,233.90059887818157,0.0,2.0983872532357912
187.22824323884913,9165.003845902032,103.45802037863508,228.66324131302002,30054.48138658023,0.4578792782400133,303.1399273526451,0.34128800281159116,0.6,1.3569699349930187,1.0707708052316411,0.0024566602002059528,233.4153661886145,233.99006589050046,0.0,2.0961350628213005
187.37826586964948,9149.490920262288,103.34984599579256,228.7637854430805,30124.00324719651,0.45873673370849877,303.2065659396258,0.34085622676248867,0.6,1.3569699349930187,1.0705338135908773,0.002451402262774578,233.50597799197087,234.0794765248334,0.0,2.093890704705584
187.52828850044986,9133.994196611622,103.24202588119299,228.86422505223518,30193.582795884035,0.45959452378447446,303.2731206325381,0.34042590278314355,0.6,1.3569699349930187,1.0702989144482655,0.0024461681073345795,233.59652814208715,234.1688306901408,0.0,2.0916541060719003
187.6783111312502,9118.513622032033,103.13455697578364,228.96456048193625,30263.22004981997,0.460452648777004,303.33959171278605,0.33999701916074154,0.6,1.3569699349930187,1.0700660713889476,0.002440957506651349,233.68701659852,234.2581282997946,0.0,2.0894251945835567
187.82833376205056,9103.049144069646,103.02743627534704,229.06479207063572,30332.915025309336,0.46131110898318556,303.405979459471,0.3395695643800239,0.6,1.3569699349930187,1.0698352488402918,0.002435770235520342,233.77744332434057,234.34736927146918,0.0,2.087203898379178
187.97835639285094,9087.600710702627,102.92066082460141,229.1649201539938,30402.667737913667,0.46216990468976676,303.4722841495326,0.3391435271034122,0.6,1.3569699349930187,1.0696064119584263,0.0024306060756642536,233.86780828576823,234.43655352670547,0.0,2.084990148178296
188.1283790236513,9072.168270347393,102.81422771865968,229.264945064838,30472.478202407317,0.4630290361726338,303.5385060577253,0.3387188961755878,0.6,1.3569699349930187,1.0693795266622776,0.002425464812984319,233.95811145223055,234.5256809909831,0.0,2.082783876117462
188.27840165445164,9056.751771869684,102.70813410562613,229.36486713309182,30542.346432711947,0.46388850369603485,303.60464545657356,0.33829566063183675,0.6,1.3569699349930187,1.0691545596908452,0.0024203462333709496,234.04835279649595,234.61475159387788,0.0,2.080585013959598
188.42842428525202,9041.351164548309,102.60237717991774,229.46468668600923,30612.272442045087,0.4647483075144355,303.67070261653106,0.3378738096756138,0.6,1.3569699349930187,1.0689314784735515,0.0024152501285662877,234.13853229426613,234.70376526857643,0.0,2.0783934956169063
188.57844691605237,9025.966398070394,102.49695418152388,229.56440404820555,30682.256242927302,0.46560844787263306,303.73667780600323,0.33745333267584077,0.6,1.3569699349930187,1.0687102511196889,0.0024101762960490485,234.2286499241093,234.7927219517976,0.0,2.0762092571150013
188.72846954685272,9010.597422550065,102.39186240007294,229.66401954153636,30752.297847082526,0.4664689250045576,303.8025712912709,0.3370342191801421,0.6,1.3569699349930187,1.0684908465051,0.002405124533024637,234.31870566767924,234.88162158405282,0.0,2.074032234015051
188.8784921776531,8995.24418850239,102.28709917011697,229.76353348526615,30822.397265542022,0.46732973913457654,303.8683833366042,0.33661645889895186,0.6,1.3569699349930187,1.0682732341815926,0.002400094640535041,234.40869950942434,234.97046410929934,0.0,2.0718623631875004
189.02851480845345,8979.906646825919,102.18266186794273,229.86294619618155,30892.554508710182,0.4681908904783266,303.9341142043408,0.3362000416947054,0.6,1.3569699349930187,1.0680573843166608,0.0023950864259291316,234.49863143638282,235.05924947469722,0.0,2.069699583888495
189.1785374392538,8964.584748818106,102.07854791491253,229.96225798849113,30962.769586280207,0.46905237924170273,303.9997641548222,0.3357849575926828,0.6,1.3569699349930187,1.0678432677652745,0.002390099697806217,234.58850143835832,235.147977630818,0.0,2.067543835587466
189.32856007005418,8949.278446168631,101.97475477653663,230.06146917386883,31033.042507251062,0.4699142056210915,304.0653334464253,0.3353711967776953,0.6,1.3569699349930187,1.0676308560554826,0.0023851342660371525,234.67830950785086,235.23664853156237,0.0,2.065395057979458
189.47858270085453,8933.987690930737,101.87127995713796,230.16058006163948,31103.373280045256,0.4707763698048384,304.13082233568787,0.33495874957618194,0.6,1.3569699349930187,1.0674201212843442,0.0023801899465767046,234.76805563973227,235.32526213377363,0.0,2.0632531930741362
189.62860533165488,8918.71243552765,101.76812100133488,230.25959095873722,31173.761912466798,0.4716388719727553,304.1962310772837,0.3345476064609091,0.6,1.3569699349930187,1.0672110361518254,0.002375266558767529,234.8577398313135,235.4138183973184,0.0,2.061118184040081
189.77862796245526,8903.45263276397,101.6652754966549,230.35850216963152,31244.20841163544,0.47250171229533605,304.2615599239765,0.33413775805940527,0.6,1.3569699349930187,1.0670035740179438,0.0023703639212667342,234.94736208248122,235.50231728524855,0.0,2.058989973443542
189.9286505932556,8888.208235793165,101.56274106747237,230.45731399653786,31314.712784123836,0.47336489093546036,304.3268091267615,0.33372919513367083,0.6,1.3569699349930187,1.0667977087835367,0.002365481857817501,235.03692239533544,235.59075876336945,0.0,2.056868505756533
190.07867322405596,8872.979198113682,101.46051537440964,230.55602673944287,31385.275035963474,0.4742284080484858,304.3919789348848,0.33332190857799826,0.6,1.3569699349930187,1.0665934148816074,0.002360620197134859,235.12642077413716,235.6791428001785,0.0,2.0547537273188143
190.22869585485634,8857.765473587398,101.35859611832966,230.65464069598468,31455.89517254692,0.47509226378107255,304.45706959576694,0.3329158894319822,0.6,1.3569699349930187,1.0663906673623644,0.00235577876702793,235.2158572255252,235.76746936712246,0.0,2.052645583788594
190.3787184856567,8842.567016416398,101.25698103608157,230.75315616160321,31526.57319872308,0.4759564582723699,304.5220813551046,0.3325111288662359,0.6,1.3569699349930187,1.0661894418103175,0.0023509573984669234,235.30523175825948,235.8557384382914,0.0,2.0505440219144226
190.52874111645704,8827.383781127395,101.1556678976241,230.85157342964138,31597.309118858204,0.47682099165478153,304.58701445693976,0.3321076181726872,0.6,1.3569699349930187,1.0659897142890002,0.0023461559280064824,235.39454438304134,235.9439499902054,0.0,2.048448990600447
190.67876374725742,8812.215722586947,101.05465450930676,230.94989279124616,31668.102936753516,0.4776858640529771,304.65186914359697,0.33170534877524377,0.6,1.3569699349930187,1.0657914614113426,0.002341374192828446,235.48379511268806,236.03210400202184,0.0,2.0463604387528047
190.82878637805777,8797.062795996186,100.95393871315729,231.04811453540276,31738.954655658083,0.47855107558407006,304.7166456557083,0.3313043122272441,0.6,1.3569699349930187,1.0655946603286959,0.0023366120308017267,235.57298396208108,236.1202004554733,0.0,2.0442783153074506
190.97880900885812,8781.924956864908,100.85351838200577,231.14623894910255,31809.86427837854,0.47941662635897514,304.78134423232655,0.3309045001951559,0.6,1.3569699349930187,1.0653992886344301,0.0023318692852103587,235.6621109478754,236.20823933452164,0.0,2.0422025713022887
191.1288316396585,8766.802161018193,100.75339142098298,231.24426631730006,31880.831807237642,0.48028251648192016,304.845965110899,0.3305059044633581,0.6,1.3569699349930187,1.0652053243976831,0.0023271458021047555,235.75117608857133,236.29622062544337,0.0,2.0401331587284006
191.27885427045885,8751.694364607945,100.65355577013753,231.34219692283813,31951.857244008952,0.48114874604966695,304.9105085272205,0.3301085169426091,0.6,1.3569699349930187,1.0650127462203014,0.0023224414263353127,235.84017940465367,236.38414431699496,0.0,2.0380700287960316
191.4288769012592,8736.601524083413,100.55400939887511,231.4400310466388,32022.940590044356,0.4820153151530847,304.9749747155617,0.3297123296514998,0.6,1.3569699349930187,1.0648215331260633,0.002317756007233761,235.9291209182652,236.47201040002366,0.0,2.0360131344275025
191.57889953205958,8721.52359618805,100.45475030547358,231.53776896772388,32094.08184627892,0.48288222387722435,305.03936390868455,0.3293173347146939,0.6,1.3569699349930187,1.0646316645535707,0.002313089398497441,236.01800065316576,236.55981886741907,0.0,2.033962430216459
191.72892216285993,8706.46053797766,100.35577652100505,231.63541096309697,32165.28101313485,0.4837494723001653,305.10367633776724,0.32892352437571243,0.6,1.3569699349930187,1.064443120439868,0.002308441452434157,236.10681863494588,236.64756971436708,0.0,2.0319178699048486
191.87894479366028,8691.41230679946,100.25708610545384,231.73295730787936,32236.53809061004,0.48461706049411085,305.16791223249527,0.328530890983951,0.6,1.3569699349930187,1.0642558811437444,0.00230381202398514,236.19557489079762,236.73526293807632,0.0,2.0298794081523295
192.02896742446063,8676.378860278068,100.1586771450948,231.83040827540063,32307.85307833448,0.4854849885260895,305.23207182112384,0.3281394269858743,0.6,1.3569699349930187,1.064069927394521,0.0022992009731009743,236.2842694493545,236.8228985375879,0.0,2.027847001590026
192.178990055261,8661.360156330462,100.06054775571818,231.92776413710172,32379.225975489768,0.48635325645699085,305.2961553304158,0.3277491249355063,0.6,1.3569699349930187,1.0638852403612282,0.0022946081598761835,236.37290234086458,236.91047651398117,0.0,2.025820606684004
192.32901268606136,8646.35615316181,99.96269608208556,232.02502516256192,32450.656780819092,0.4872218643417024,305.36016298566165,0.3273599774924778,0.6,1.3569699349930187,1.0637018016443276,0.0022900334446433242,236.4614735971518,236.997996870327,0.0,2.0238001797773184
192.4790353168617,8631.366809241848,99.8651202934295,232.1221916196518,32522.145492729764,0.4880908122303707,305.42409501078237,0.32697197740703454,0.6,1.3569699349930187,1.063519593185557,0.0022854766926176007,236.54998325135247,237.0854596113741,0.0,2.0217856791450575
192.6290579476621,8616.392083311588,99.7678185849602,232.21926377448995,32593.692109252668,0.48896010016792274,305.48795162830254,0.3265851175248674,0.6,1.3569699349930187,1.0633385973015381,0.0022809377712910157,236.63843133799037,237.1728647436382,0.0,2.0197770638514903
192.77908057846244,8601.431934394917,99.67078918047602,232.31624189136738,32665.29662797711,0.4898297281932879,305.5517330593033,0.3261993907955722,0.6,1.3569699349930187,1.063158796740448,0.0022764165465656207,236.7268178931166,237.2602122755682,0.0,2.0177742920414965
192.9291032092628,8586.48632177163,99.574030327212,232.41312623292254,32736.959046170683,0.4906996963408682,305.6154395235388,0.3258147902555254,0.6,1.3569699349930187,1.062980174578121,0.002271912888345645,236.81514295401234,237.3475022171916,0.0,2.015777323418039
193.07912584006317,8571.55520497484,99.47754029544633,232.50991706015793,32808.679360783135,0.49157000464059764,305.67907123944946,0.3254313090264593,0.6,1.3569699349930187,1.062802714212197,0.002267426670418426,236.90340655915656,237.4347345800764,0.0,2.013786119198204
193.22914847086352,8556.638543808825,99.38131738235525,232.60661463232452,32880.45756835192,0.4924406531168089,305.74262842408785,0.3250489403280263,0.6,1.3569699349930187,1.0626263994445004,0.002262957764813907,236.99160874843642,237.52190937758095,0.0,2.0118006396145858
193.37917110166387,8541.736298329946,99.28535990843254,232.7032192070452,32952.29366508497,0.49331164178925124,305.80611129320164,0.32466767746586805,0.6,1.3569699349930187,1.0624512144093439,0.002258506045782974,237.07974956293953,237.6090266246061,0.0,2.009820845681688
193.52919373246425,8526.848428833908,99.18966621507603,232.79973104039735,33024.18764691364,0.4941829706737437,305.86952006128985,0.3242875138235431,0.6,1.3569699349930187,1.062277143525643,0.002254071392125881,237.16782904481002,237.69608633742388,0.0,2.0078467002379377
193.6792163632646,8511.974895870471,99.09423466775964,232.89615038681748,33096.13950941378,0.495054639781231,305.932854941542,0.3239084428728476,0.6,1.3569699349930187,1.0621041715650723,0.002249653682412529,237.25584723741954,237.78308853388077,0.0,2.0058781658248432
193.82923899406495,8497.115660240113,98.99906365562026,232.99247749912294,33168.149247813184,0.4959266491178852,305.9961161458542,0.32353045817232523,0.6,1.3569699349930187,1.0619322836458915,0.0022452527951070684,237.34380418533854,237.8700332333628,0.0,2.003915204742188
193.97926162486533,8482.270682972301,98.90415158726525,233.08871262865244,33240.21685708861,0.4967989986862934,306.0593038849234,0.32315355335334833,0.6,1.3569699349930187,1.061761465147897,0.002240868613130281,237.4316999340948,237.95692045650796,0.0,2.0019577810858795
194.12928425566568,8467.439925332248,98.80949689228252,233.1848560252224,33312.34233192544,0.49767168848497867,306.12241836822017,0.3227777221249744,0.6,1.3569699349930187,1.0615917017458931,0.002236501021293048,237.51953453025052,238.0437502252978,0.0,2.0000058596101864
194.27930688646603,8452.62334883249,98.71509802383586,233.28090793705178,33384.52566665333,0.498544718507634,306.1854598039415,0.3224029582823616,0.6,1.3569699349930187,1.061422979466048,0.002232149902522996,237.60730802154208,238.13052256322328,0.0,1.9980594040431254
194.4293295172664,8437.820915207965,98.62095345384871,233.37686861092376,33456.76685535958,0.49941808874450416,306.2484283991185,0.32202925569081087,0.6,1.3569699349930187,1.061255284587591,0.0022278151433687437,237.6950204566065,238.21723749495857,0.0,1.996118379548335
194.57935214806676,8423.032586413909,98.5270616726845,233.47273829219898,33529.06589189195,0.5002917991824298,306.3113243596267,0.32165660828460974,0.6,1.3569699349930187,1.0610886036379887,0.0022234966338761496,237.78267188495548,238.3038950463303,0.0,1.9941827526775395
194.7293747788671,8408.258324643328,98.43342119293676,233.5685172247026,33601.42276976588,0.501165849803736,306.374147890114,0.3212850100793801,0.6,1.3569699349930187,1.0609229234742286,0.002219194262055657,237.87026235718258,238.39049524456357,0.0,1.9922524888947866
194.8793974096675,8393.498092309483,98.3400305460936,233.66420565083754,33673.83748224252,0.5020402405871864,306.43689919407615,0.3209144551610012,0.6,1.3569699349930187,1.060758231215156,0.002214907917815831,237.9577919247727,238.47703811805448,0.0,1.9903275543394388
195.02942004046784,8378.751852034175,98.24688828029493,233.75980381166056,33746.31002237883,0.5029149715085968,306.49957847390874,0.3205449376781389,0.6,1.3569699349930187,1.0605945141963193,0.002210637495244567,238.04526063997116,238.56352369621442,0.0,1.9884079168563047
195.1794426712682,8364.019566662182,98.15399296345437,233.8553119467885,33818.84038294989,0.5037900425399071,306.56218593084714,0.3201764518524,0.6,1.3569699349930187,1.0604317600372368,0.0022063828879098205,238.13266855595214,238.64995200967002,0.0,1.986493543889294
195.32946530206857,8349.301199258603,98.06134318294762,233.9507302944155,33891.428556454375,0.504665453649257,306.6247217649795,0.31980899197720036,0.6,1.3569699349930187,1.060269956636862,0.002202143989011734,238.2200157267973,238.7363230902373,0.0,1.9845844025488917
195.47948793286892,8334.596713088687,97.9689375416733,234.04605909144382,33964.0745352071,0.5055412048021122,306.687186175334,0.31944255240472996,0.6,1.3569699349930187,1.0601090920927128,0.0021979206958642364,238.30730220727293,238.82263697065585,0.0,1.9826804616327813
195.62951056366927,8319.906071624573,97.87677465956224,234.14129857343988,34036.778311298964,0.5064172959607883,306.7495793598517,0.319077127550815,0.6,1.3569699349930187,1.059949154734214,0.002193712907364849,238.39452805290762,238.9088936846813,0.0,1.9807816904924942
195.77953319446965,8305.229238556818,97.78485317615174,234.23644897455966,34109.539876533076,0.5072937270836919,306.8119015153393,0.3187127119032666,0.6,1.3569699349930187,1.0597901331787003,0.002189520520309382,238.48169332013123,238.99509326725018,0.0,1.978888057371491
195.92955582527,8290.566177771176,97.69317174604485,234.33151052769918,34182.359222532774,0.5081704981266291,306.87415283756917,0.31834930000688133,0.6,1.3569699349930187,1.0596320162376631,0.0021853434348099087,238.56879806602058,239.08123575417662,0.0,1.976999531851388
196.07957845607035,8275.91685334683,97.60172903865015,234.4264834645059,34255.236340744224,0.5090476090428461,306.9363335212883,0.3179868864625007,0.6,1.3569699349930187,1.0594747929127863,0.0021811815541653364,238.65584234827932,239.16732118212818,0.0,1.9751160848005593
196.22960108687073,8261.281229573571,97.51052374191029,234.52136801526729,34328.17122234434,0.509925059781928,306.998443760147,0.3176254659391489,0.6,1.3569699349930187,1.059318452476248,0.0021770347794307465,238.7428262254403,239.25334958886663,0.0,1.973237685919906
196.37962371767108,8246.659270935508,97.41955455916525,234.6161644090164,34401.16385831518,0.5108028502907032,307.06048374676936,0.3172650331636502,0.6,1.3569699349930187,1.0591629844063002,0.0021729030133062865,238.8297497566897,239.3393210130376,0.0,1.9713643055021532
196.52964634847143,8232.05094210021,97.3288202070505,234.71087287360223,34474.214239491936,0.5116809805138268,307.1224536728009,0.3169055829136535,0.6,1.3569699349930187,1.059008378344364,0.002168786162371702,238.9166130017466,239.4252354940274,0.0,1.969495915450033
196.6796689792718,8217.456207932888,97.23831941857169,234.8054936355978,34547.32235648609,0.5125594503928662,307.18435372884977,0.316547110027627,0.6,1.3569699349930187,1.0588546241615315,0.00216468413246303,239.00341602102873,239.5110930721596,0.0,1.9676324871834385
196.82969161007216,8202.875033494265,97.14805094287034,234.90002692031382,34620.48819968935,0.5134382598663542,307.24618410449733,0.31618960940399954,0.6,1.3569699349930187,1.058701711955279,0.0021605968288497686,239.0901588756364,239.5968937886758,0.0,1.9657739917184518
196.9797142408725,8188.307384021667,97.05801354149449,234.9944729519213,34693.71175936251,0.5143174088708652,307.3079449883796,0.3158330759888574,0.6,1.3569699349930187,1.058549631972017,0.0021565241606373636,239.17684162714485,239.68263768548758,0.0,1.9639204016708023
197.1297368716729,8173.753224935771,96.96820598990443,235.08883195340778,34766.99302559583,0.5151968973405455,307.36963656816,0.31547750478079994,0.6,1.3569699349930187,1.0583983746403363,0.002152466038270867,239.26346433768254,239.76832480526988,0.0,1.9620716901263657
197.27975950247324,8159.212521852023,96.87862708002093,235.1831041465032,34840.33198824536,0.5160767252063564,307.43125903048264,0.3151228908392011,0.6,1.3569699349930187,1.0582479306266064,0.00214842236993301,239.3500270700681,239.8539551916234,0.0,1.960227829000853
197.4297821332736,8144.685240558797,96.78927561591216,235.27728975182154,34913.728637036955,0.5169568923973294,307.4928125610658,0.3147692292700029,0.6,1.3569699349930187,1.0580982907449465,0.0021443930668777287,239.4365298875724,239.9395288887906,0.0,1.9583887914704323
197.57980476407397,8130.171347015956,96.70015041358198,235.3713889888701,34987.18296156813,0.5178373988405948,307.5542973447098,0.31441651522495073,0.6,1.3569699349930187,1.057949445953965,0.0021403780432943612,239.52297285390227,240.02504594163653,0.0,1.956554551916262
197.72982739487432,8115.670807371688,96.61125030463913,235.46540207594026,35060.6949512171,0.5187182444602971,307.61571356522677,0.31406474391352474,0.6,1.3569699349930187,1.0578013874361833,0.0021363772109738314,239.60935603339894,240.11050639588444,0.0,1.9547250834906444
197.87985002567467,8101.183587947226,96.52257413332252,235.55932923020654,35134.264595214205,0.5195994291784587,307.6770614055067,0.31371391059312487,0.6,1.3569699349930187,1.057654106536226,0.0021323904831533303,239.6956794908737,240.19591029791954,0.0,1.9529003598724441
198.02987265647505,8086.70965522673,96.43412075451684,235.65317066779224,35207.89188268797,0.5204809529155372,307.7383410475617,0.3133640105625081,0.6,1.3569699349930187,1.0575075947197758,0.0021284177767049357,239.7819432914962,240.28125769465584,0.0,1.9510803562733285
198.1798952872754,8072.248975871208,96.34588903678201,235.74692660367896,35281.5768025888,0.5213628155895172,307.7995526724682,0.3130150391716273,0.6,1.3569699349930187,1.0573618436393941,0.002124459007584305,239.86814750095684,240.36654863372914,0.0,1.9492650473575572
198.32991791807575,8057.801516716756,96.25787786217737,235.8405972517182,35355.319343692434,0.5222450171159587,307.86069646037595,0.31266699182097935,0.6,1.3569699349930187,1.0572168451321928,0.002120514091030858,239.95429218545559,240.45178316348316,0.0,1.9474544073319553
198.47994054887613,8043.367244756755,96.17008612270735,235.9341828247466,35429.11949468515,0.5231275574090223,307.9217725905843,0.31231986394991307,0.6,1.3569699349930187,1.0570725911451926,0.0021165829458929895,240.0403774115063,240.53696133273613,0.0,1.9456484119323578
198.62996317967648,8028.946127148595,96.08251272182137,236.0276835345424,35502.97724412453,0.5240104363810051,307.98278124151517,0.31197365104146846,0.6,1.3569699349930187,1.0569290737684776,0.002112665492163433,240.12640324601506,240.62208319087398,0.0,1.9438470372974648
198.77998581047683,8014.538131224904,95.99515657693226,236.12109959175254,35576.89258037649,0.5248936539415935,308.0437225906669,0.31162834863053535,0.6,1.3569699349930187,1.0567862852903698,0.0021087616474566124,240.2123697564154,240.70714878801073,0.0,1.9420502583492025
198.9300084412772,8000.14322447293,95.90801661529284,236.2144312060263,35650.865491715515,0.5257772099990673,308.10459681470246,0.31128395229030936,0.6,1.3569699349930187,1.0566442181104476,0.002104871332259693,240.29827701044326,240.7921581747199,0.0,1.940258051207867
199.08003107207756,7985.761374533341,95.8210917738237,236.30767858602306,35724.89596632614,0.5266611044603222,308.1654040894559,0.3109404576316693,0.6,1.3569699349930187,1.056502864736872,0.002100994469789927,240.3841250761241,240.8771114020194,0.0,1.938470393132432
199.2300537028779,7971.392549216699,95.7343810027251,236.4008419393056,35798.983992213034,0.5275453372298011,308.2261445898638,0.3105978603149078,0.6,1.3569699349930187,1.056362217865016,0.002097130980753095,240.46991402196758,240.9620085216025,0.0,1.9366872601060792
199.3800763336783,7957.036716489057,95.64788326263539,236.49392147243321,35873.12955726993,0.5284299082103228,308.28681849002754,0.31025615604038354,0.6,1.3569699349930187,1.0562222703177526,0.0020932807871446436,240.55564391681227,241.04684958565238,0.0,1.9349086285876453
199.53009896447864,7942.693844462454,95.56159752274472,236.5869173910234,35947.33264932381,0.5293148173036138,308.3474259632544,0.3099153405423035,0.6,1.3569699349930187,1.0560830150059475,0.002089443814393276,240.64131482972107,241.1316346467177,0.0,1.9331344765059815
199.680121595279,7928.363901408542,95.47552276378141,236.67982989966362,36021.593256059954,0.5302000644094194,308.40796718200124,0.3095754095984113,0.6,1.3569699349930187,1.0559444449937028,0.002085619986878143,240.7269268301411,241.21636375790243,0.0,1.9313647811916062
199.83014422607937,7914.04685575716,95.38965797787965,236.77265920192028,36095.911365023974,0.5310856494255322,308.4684423178818,0.3092363590294888,0.6,1.3569699349930187,1.055806553496707,0.0020818092281503667,240.8124799878952,241.3010369728549,0.0,1.9295995194771447
199.98016685687972,7899.742676079451,95.30400216517248,236.8654055004483,36170.28696370461,0.531971572248785,308.528851541739,0.308898184688181,0.6,1.3569699349930187,1.0556693338099352,0.0020780114651828994,240.89797437299657,241.3856543455474,0.0,1.9278386696669436
200.13018948768007,7885.451331094503,95.21855433528376,236.95806899694804,36244.7200394949,0.5328578327745913,308.58919502361834,0.30856088246380775,0.6,1.3569699349930187,1.0555327793407159,0.002074226625935742,240.98341005572746,241.47021593036905,0.0,1.9260822104138704
200.28021211848045,7871.172789680441,95.13331350981458,237.05064989209325,36319.21057962945,0.5337444308962032,308.6494729327215,0.3082244482904122,0.6,1.3569699349930187,1.055396883663463,0.002070454635908942,241.06878710677128,241.5547217822828,0.0,1.9243301191195326
200.4302347492808,7856.907020854809,95.04827871837887,237.14314838565835,36393.75857128203,0.5346313665058786,308.70968543749115,0.3078888781337722,0.6,1.3569699349930187,1.0552616404352047,0.002066695423313244,241.15410559699916,241.6391719565709,0.0,1.9225823743341246
200.58025738008115,7842.653993773541,94.96344899846322,237.235564676525,36468.36400156648,0.5355186394948954,308.7698327056158,0.3075541679908941,0.6,1.3569699349930187,1.0551270433933917,0.0020629489189202496,241.23936559745982,241.72356650882247,0.0,1.9208389556923937
200.73028001088153,7828.413677747138,94.87882339898415,237.32789896257725,36543.0268574477,0.5364062497524967,308.82991490396284,0.3072203139015491,0.6,1.3569699349930187,1.05499308643381,0.002059215050909033,241.32456717956973,241.80790549515962,0.0,1.9190998415176732
200.88030264168188,7814.186042226969,94.79440097755588,237.42015144079022,36617.74712580856,0.5372941971666916,308.88993219863744,0.306887311939311,0.6,1.3569699349930187,1.0548597635525447,0.0020554937486245307,241.40971041496573,241.89218897206135,0.0,1.9173650105693205
201.03032527248223,7799.971056796262,94.71018079868693,237.51232230728863,36692.52479349293,0.5381824816247701,308.94988475502157,0.30655515820563045,0.6,1.3569699349930187,1.0547270688077748,0.002051784944677101,241.4947953754069,241.97641699624657,0.0,1.9156344430252923
201.1803479032826,7785.768691183499,94.62616193672562,237.60441175725975,36767.35984723108,0.5390711030124206,309.0097727377185,0.30622384883937787,0.6,1.3569699349930187,1.0545949963844834,0.0020480885705250755,241.57982213293084,242.06058962485974,0.0,1.9139081184249964
201.33037053408296,7771.578915261221,94.54234347575925,237.69641998496138,36842.2522736413,0.5399600612137535,309.069596310559,0.30589338001645855,0.6,1.3569699349930187,1.0544635405933078,0.0020444045567162283,241.6647907598478,242.14470691546327,0.0,1.9121860157797845
201.4803931648833,7757.4016990299015,94.45872450633188,237.78834718382603,36917.20205931067,0.5408493561122638,309.12935563667054,0.3055637479390737,0.6,1.3569699349930187,1.0543326958001822,0.0020407328370642577,241.74970132856416,242.22876892582732,0.0,1.910468115525973
201.6304157956837,7743.237012624566,94.37530412692753,237.88019354641835,36992.20919075612,0.5417389875903725,309.18905087845013,0.3052349488405034,0.6,1.3569699349930187,1.054202456459323,0.002037073346242257,241.83455391166035,242.31277571402197,0.0,1.9087543984042374
201.78043842648404,7729.0848263256785,94.29208144642271,237.97195926436416,37067.27365436232,0.5426289555286937,309.2486821975194,0.30490697899303476,0.6,1.3569699349930187,1.054072817167511,0.0020334260164080794,241.91934858202063,242.39672733857134,0.0,1.907044843878955
201.9304610572844,7714.9451105403705,94.2090555802562,238.06364452847242,37142.39543647701,0.5435192598071689,309.30824975480516,0.30457983469544575,0.6,1.3569699349930187,1.053943772581683,0.0020297907822967227,242.0040854126291,242.48062385821044,0.0,1.9053394325229975
202.08048368808477,7700.817835801597,94.12622565031594,238.1552495287405,37217.57452341146,0.5444099003050757,309.3677537105436,0.3042535122725948,0.6,1.3569699349930187,1.0538153174171634,0.002026167581063124,242.08876447656172,242.56446533187523,0.0,1.9036381459492804
202.23050631888512,7686.702972783987,94.04359078844311,238.24677445425155,37292.81090135226,0.545300876899986,309.4271942242146,0.3039280080867683,0.6,1.3569699349930187,1.053687446524906,0.002022556347213217,242.1733858471722,242.64825181892365,0.0,1.9019409644324998
202.38052894968547,7672.6004922907305,93.96115013379078,238.33821949325923,37368.104556426566,0.546192189468542,309.486571454598,0.3036033185290399,0.6,1.3569699349930187,1.0535601548348057,0.0020189570163205023,242.25794959795135,242.7319833789677,0.0,1.9002478686525905
202.53055158048585,7658.510365245024,93.87890283109141,238.42958483324338,37443.455474744165,0.5470838378869586,309.54588555981064,0.30327944001359397,0.6,1.3569699349930187,1.053433437318591,0.0020153695270826374,242.34245580243407,242.8156600717623,0.0,1.8985588406656502
202.6805742112862,7644.432562703228,93.79684803356302,238.5208706608247,37518.86364232328,0.5479758220301473,309.60513669725174,0.30295636898712874,0.6,1.3569699349930187,1.0533072890540651,0.002011793816966519,242.42690453435264,242.89928195738744,0.0,1.8968738618573902
202.83059684208655,7630.367055853812,93.7149849028306,238.61207716177134,37594.329045091865,0.5488681417717355,309.66432502360857,0.30263410192855067,0.6,1.3569699349930187,1.0531817052242842,0.0020082298224684964,242.5112958676321,242.9828490962425,0.0,1.8951929130633307
202.98061947288693,7616.313816001942,93.63331260575089,238.70320452109905,37669.85166896653,0.5497607969850027,309.72345069492206,0.3023126353386131,0.6,1.3569699349930187,1.0530566810488358,0.0020046774832195124,242.595629876222,243.06636154884512,0.0,1.8935159765055154
203.13064210368728,7602.272814576021,93.55183031588605,238.79425292302858,37745.4314998137,0.550653787542425,309.78251386656046,0.3019919657446634,0.6,1.3569699349930187,1.0529322118167523,0.002001136739605396,242.67990663417294,243.14981937592245,0.0,1.8918430346741795
203.28066473448763,7588.2440231383625,93.47053721592086,238.88522255091655,37821.06852338828,0.5515471133149519,309.8415146931751,0.3016720897084478,0.6,1.3569699349930187,1.0528082929403324,0.0019976075294616167,242.76412621576407,243.23322263856235,0.0,1.8901740687655675
203.430687365288,7574.227413367184,93.38943249394738,238.97611358737214,37896.76272542664,0.5524407741731094,309.90045332877725,0.30135300381400015,0.6,1.3569699349930187,1.0526849198744448,0.001994089793089593,242.84828869530716,243.31657139797963,0.0,1.888509061051954
203.58070999608836,7560.2229570559,93.30851534337432,239.06692621426163,37972.51409164698,0.5533347699870064,309.95932992674193,0.30103470466731086,0.6,1.3569699349930187,1.0525620881151225,0.001990583473092007,242.9323941471403,243.39986571550838,0.0,1.8868479948087238
203.7307326268887,7546.230626128631,93.22778496637982,239.15766061260788,38048.32260766185,0.5542291006253044,310.01814463974375,0.3007171889074914,0.6,1.3569699349930187,1.0524397932761813,0.0019870885093849077,243.01644264580992,243.48310565281824,0.0,1.8851908519530929
203.8807552576891,7532.250392627625,93.1472405713462,239.2483169626718,38124.18825904212,0.5551237659559763,310.07689761981055,0.30040045319840397,0.6,1.3569699349930187,1.052318031033623,0.0019836048428734676,243.10043426593552,243.56629127175302,0.0,1.883537614783661
204.03077788848944,7518.282228705095,93.06688137118859,239.3388954440053,38200.11103135789,0.5560187658467908,310.1355890183587,0.3000844942232006,0.6,1.3569699349930187,1.0521967970894517,0.0019801324174667082,243.18436908212115,243.64942263422483,0.0,1.8818882669398393
204.1808005192898,7504.326106636105,92.98670658622326,239.42939623536762,38276.09091010501,0.5569141001644492,310.1942189861398,0.2997693086935902,0.6,1.3569699349930187,1.0520760872354955,0.0019766711757825137,243.26824716910556,243.73249980239262,0.0,1.8802427913653548
204.33082315009017,7490.381998817666,92.90671544410425,239.51981951473135,38352.12788070609,0.5578097687745993,310.2527876732454,0.2994548933495886,0.6,1.3569699349930187,1.0519558973527934,0.001973221059425589,243.35206860175896,243.81552283865798,0.0,1.8786011704378616
204.48084578089052,7476.449877753922,92.82690717674078,239.61016545937832,38428.22192858777,0.5587057715427496,310.3112952291701,0.29914124494948385,0.6,1.3569699349930187,1.0518362233442526,0.001969782013023293,243.43583345492118,243.89849180547182,0.0,1.876963387889654
204.63086841169087,7462.529716062598,92.74728102176047,239.70043424585774,38504.37303914209,0.5596021083338152,310.3697418027853,0.29882836027454573,0.6,1.3569699349930187,1.0517170611674913,0.0019663539818714558,243.51954180347738,243.9814067654245,0.0,1.875329427691325
204.78089104249125,7448.621486485482,92.66783622489112,239.79062604991833,38580.581197665706,0.5604987790114061,310.42812754229624,0.29851623613670447,0.6,1.3569699349930187,1.0515984068882065,0.0019629369086958354,243.60319372248298,244.0642677813941,0.0,1.87369927250748
204.9309136732916,7434.725161871076,92.58857203634427,239.8807410466207,38656.84638945112,0.5613957834389031,310.4864525953153,0.29820486936679075,0.6,1.3569699349930187,1.051480256600904,0.0019595307385945147,243.68678928697454,244.14707491632078,0.0,1.8720729060522918
205.08093630409195,7420.840715173981,92.50948771074333,239.9707794103414,38733.16859978697,0.5622931214794624,310.54471710886594,0.29789425681426995,0.6,1.3569699349930187,1.0513626064278048,0.0019561354188657,243.7703285719653,244.2298282332012,0.0,1.870450313012078
205.23095893489233,7406.96811947012,92.43058251052727,240.0607413146741,38809.54781387091,0.5631907929949953,310.6029212293192,0.2975843953582312,0.6,1.3569699349930187,1.0512454525948862,0.001952750894097751,243.85381165262277,244.31252779529967,0.0,1.868831476700357
205.38098156569268,7393.107347944595,92.35185570344947,240.15062693250837,38885.984016872884,0.5640887978469131,310.66106510244595,0.2972752818992455,0.6,1.3569699349930187,1.0511287913771625,0.001949377109805179,243.93723860413866,244.3951736659928,0.0,1.867216380793598
205.53100419649303,7379.258373883853,92.27330656095938,240.2404364360804,38962.4771939749,0.5649871358965968,310.7191488734501,0.29696691335409303,0.6,1.3569699349930187,1.0510126190632922,0.0019460140144026187,244.02060950164378,244.4777659086679,0.0,1.865605010279323
205.6810268272934,7365.421170688346,92.19493436103504,240.3301699968909,39039.02733029826,0.5658858070045452,310.77717268691663,0.2966592866648997,0.6,1.3569699349930187,1.0508969320190262,0.0019426615549674028,244.10392442035564,244.56030458689844,0.0,1.8639973494291722
205.83104945809376,7351.595711871731,92.11673838812897,240.41982778571042,39115.634410904226,0.5667848110303839,310.8351366868158,0.29635239879892294,0.6,1.3569699349930187,1.050781726686699,0.0019393196775344004,244.18718343557566,244.6427897644403,0.0,1.8623933819376912
205.9810720888941,7337.781971046552,92.0387179301666,240.50940997267185,39192.298420870036,0.5676841478337614,310.8930410165639,0.29604624673880336,0.6,1.3569699349930187,1.0506669995190578,0.0019359883310645426,244.27038662253312,244.72522150504554,0.0,1.8607930928273526
206.1310947196945,7323.97992193064,91.96087227999918,240.5989167272292,39269.019345250555,0.5685838172738993,310.95088581899716,0.29574082748723574,0.6,1.3569699349930187,1.05055274701206,0.001932667465115023,244.3535340564604,244.8075998725518,0.0,1.8591964673339694
206.28111735049484,7310.189538357384,91.88320073774936,240.68834821809088,39345.79716901768,0.5694838192088847,311.0086712363295,0.2954361380745204,0.6,1.3569699349930187,1.0504389657577617,0.0019293570266649639,244.43662581271448,244.8899249310266,0.0,1.8576034893797624
206.4311399812952,7296.41079425894,91.80570260728128,240.77770461332847,39422.6318771505,0.5703841534967297,311.06639741022406,0.29513217554710985,0.6,1.3569699349930187,1.0503256523662656,0.0019260569649860485,244.51966196659473,244.97219674454985,0.0,1.856014143914783
206.58116261209557,7282.643663665732,91.72837719614478,240.86698608038006,39499.523454635186,0.5712848199953712,311.1240644817954,0.2948289369674007,0.6,1.3569699349930187,1.050212803464899,0.0019227672314628358,244.60264259333906,245.0544153772092,0.0,1.854428416834973
206.73118524289592,7268.88812072137,91.65122381893153,240.95619278595342,39576.471886378386,0.5721858185616586,311.18167259154853,0.2945264194245503,0.6,1.3569699349930187,1.050100415773706,0.001919487774757823,244.68556776829806,245.13658089330696,0.0,1.8528462926529587
206.88120787369627,7255.1441396708815,91.5742417948285,241.04532489610233,39653.47715726994,0.5730871490520908,311.23922187942844,0.29422462002653255,0.6,1.3569699349930187,1.049988486051442,0.0019162185444087522,244.76843756680879,245.2186933572093,0.0,1.8512677562301172
207.03123050449665,7241.411694853193,91.49743044604666,241.1343825762753,39730.539252221766,0.5739888113232724,311.29671248485255,0.2939235358950309,0.6,1.3569699349930187,1.0498770110608726,0.0019129594927629662,244.8512520641134,245.30075283324928,0.0,1.849692793713551
207.181253135297,7227.690760713563,91.4207891006189,241.22336599123497,39807.658156095415,0.5748908052310682,311.35414454665954,0.2936231641744489,0.6,1.3569699349930187,1.0497659876318712,0.0019097105707953422,244.9340113355034,245.3827593858982,0.0,1.8481213905182532
207.33127576609735,7213.9813118028205,91.34431709235074,241.31227530506288,39884.833853702854,0.5757931306306143,311.411518203113,0.2933235020317165,0.6,1.3569699349930187,1.0496554126609399,0.0019064717284192514,245.01671545631763,245.46471307976267,0.0,1.8465535314748582
207.4812983968977,7200.283322763561,91.26801375789076,241.40111068124918,39962.06632988126,0.5766957873771948,311.4688335919604,0.2930245466467967,0.6,1.3569699349930187,1.0495452830460532,0.0019032429183897673,245.09936450179134,245.54661397940492,0.0,1.8449892027193178
207.63132102769808,7186.596768336433,91.19187843817274,241.48987228265167,40039.355569454776,0.5775987753257962,311.52609085040706,0.29272629521731625,0.6,1.3569699349930187,1.0494355957194077,0.0019000240939971882,245.18195854713036,245.6284621494305,0.0,1.8434283905798283
207.78134365849843,7172.921623370224,91.11591048072539,241.57856027143052,40116.70155717442,0.5785020943304059,311.58329011507493,0.29242874496599025,0.6,1.3569699349930187,1.049326347699843,0.0018968152059546163,245.2644976676299,245.71025765462963,0.0,1.8418710800667781
207.93136628929878,7159.2578628055635,91.04010923621863,241.66717480915372,40194.10427780709,0.5794057442450561,311.64043152207154,0.2921318931294408,0.6,1.3569699349930187,1.0492175360158196,0.0018936162071989497,245.34698193849795,245.79200055976625,0.0,1.8403172572003736
208.08138892009916,7145.605461674527,90.96447405842167,241.75571605679994,40271.563716135286,0.5803097249238203,311.6975152069925,0.2918357369580373,0.6,1.3569699349930187,1.0491091577048375,0.0018904270527037635,245.42941143485243,245.87369092957476,0.0,1.8387669089241796
208.2314115508995,7131.964395115252,90.88900430751336,241.84418417466335,40349.0798568709,0.5812140362198085,311.7545413048605,0.2915402737265477,0.6,1.3569699349930187,1.0490012098884203,0.0018872476947167116,245.5117862318914,245.95532882896205,0.0,1.8372200207910954
208.38143418169986,7118.33463836051,90.81369934768263,241.93257932242813,40426.65268471753,0.5821186779858979,311.8115099501747,0.2912455007263652,0.6,1.3569699349930187,1.0488936897186796,0.0018840780863192469,245.59410640477083,246.03691432286166,0.0,1.8356765786918918
208.53145681250024,7104.71616673046,90.73855854559913,242.02090165921507,40504.28218440852,0.5830236500751762,311.86842127694115,0.29095141526054896,0.6,1.3569699349930187,1.0487865943442205,0.0018809181833224625,245.67637202852583,246.11844747613978,0.0,1.8341365697812455
208.6814794433006,7091.108955644859,90.66358127317797,242.1091513435026,40581.968340634805,0.5839289523401026,311.92527541862245,0.2906580146527145,0.6,1.3569699349930187,1.0486799209729225,0.0018777679401383363,245.75858317821235,246.19992835376362,0.0,1.832599980468582
208.83150207410094,7077.5129806223495,90.58876690753189,242.19732853313127,40659.71113804608,0.5848345846325231,311.9820725081419,0.29036529624684687,0.6,1.3569699349930187,1.04857366687143,0.0018746273101061632,245.84073992890532,246.28135702079885,0.0,1.831066796574618
208.98152470490132,7063.928217267071,90.51411482810614,242.2854333853906,40737.51056132423,0.585740546804528,312.0388126779396,0.2900732573980381,0.6,1.3569699349930187,1.0484678293008762,0.0018714962493323786,245.92284235555243,246.36273354223508,0.0,1.8295370052060227
209.13154733570167,7050.354641274894,90.43962441810993,242.37346605697877,40815.36659514529,0.5866468387080093,312.09549605994744,0.28978189547707617,0.6,1.3569699349930187,1.048362405549589,0.0018683747144064365,246.00489053304722,246.44405798307278,0.0,1.8280105936436606
209.28156996650202,7036.792228443257,90.36529506679041,242.46142670393846,40893.27922412004,0.5875534601939711,312.1521227855486,0.2894912078777443,0.6,1.3569699349930187,1.0482573929850585,0.0018652626593481634,246.08688453634514,246.52533040846114,0.0,1.826487547848964
209.4315925973024,7023.240954655371,90.291126166047,242.54931548175966,40971.24843288176,0.588460411113553,312.2086929856444,0.28920119200588257,0.6,1.3569699349930187,1.0481527889777875,0.0018621600403411836,246.1688244402922,246.60655088349347,0.0,1.8249678547781172
209.58161522810275,7009.700795879888,90.21711711040176,242.63713254538155,41049.274206085676,0.589367691318024,312.26520679065584,0.2889118452792718,0.6,1.3569699349930187,1.0480485909009323,0.0018590668155384499,246.25071031962258,246.68771947320425,0.0,1.8234515022910798
209.7316378589031,6996.171728185213,90.14326730026528,242.72487804909974,41127.35652832383,0.5902753006577945,312.32166433046507,0.28862316513812314,0.6,1.3569699349930187,1.0479447962048123,0.0018559829403694734,246.33254224912565,246.76883624276783,0.0,1.821938476852233
209.88166048970348,6982.653727728404,90.06957613957819,242.81255214663827,41205.495384186164,0.5911832389831283,312.37806573446227,0.28833514903745533,0.6,1.3569699349930187,1.0478414023639222,0.0018529083710635377,246.4143203035265,246.8499012573555,0.0,1.8204287652555442
210.03168312050383,6969.14677074817,89.99604303431965,242.90015499119497,41283.690758298326,0.5920915061445818,312.43441113157536,0.28804779444226986,0.6,1.3569699349930187,1.0477384068433888,0.0018498430665081272,246.49604455741016,246.9309145820452,0.0,1.8189223555398604
210.18170575130418,6955.650833576841,89.92266739524003,242.98768673536375,41361.942635249965,0.5930001019921739,312.49070065022084,0.287761098836323,0.6,1.3569699349930187,1.0476358071614587,0.0018467869841715682,246.57771508536055,247.0118762819868,0.0,1.8174192349880345
210.33172838210456,6942.16589263971,89.84944863781217,243.075147531139,41440.250999595766,0.5939090263753988,312.54693441830716,0.2874750597219402,0.6,1.3569699349930187,1.0475336008889047,0.001843740080444353,246.6593319619587,247.09278642239912,0.0,1.815919390292111
210.4817510129049,6928.691924442039,89.7763861794245,243.16253752999978,41518.61583592807,0.5948182791440704,312.60311256328976,0.28718967461096007,0.6,1.3569699349930187,1.04743178558553,0.0018407023144174602,246.74089526164062,247.1736450684011,0.0,1.8144228094133055
210.63177364370526,6915.228905575181,89.70347944080173,243.24985688287,41597.037128838885,0.5957278601478823,312.6592352121458,0.286904941029284,0.6,1.3569699349930187,1.0473303588328342,0.0018376736456197002,246.82240505876942,247.25445228509696,0.0,1.8129294804713778
210.78179627450564,6901.776812726241,89.63072784824385,243.33710574005585,41675.514862861084,0.5966377692357274,312.7153024913349,0.28662085652405017,0.6,1.3569699349930187,1.047229318285534,0.0018346540310228455,246.90386142774898,247.3352081377112,0.0,1.811439390267015
210.931818905306,6888.335622662705,89.55813083030169,243.42428425134545,41754.04902255512,0.5975480062567051,312.7713145268637,0.2863374186529168,0.6,1.3569699349930187,1.047128661596169,0.0018316434297095054,246.98526444285662,247.41591269138928,0.0,1.8099525265829235
211.08184153610634,6874.905312232147,89.485687817758,243.51139256601076,41832.63959250851,0.5984585710601157,312.8272714442877,0.2860546249839818,0.6,1.3569699349930187,1.047028386414947,0.0018286418026714102,247.06661417824196,247.49656601119588,0.0,1.808468878088348
211.23186416690672,6861.485858376291,89.41339824685069,243.5984308327163,41911.28655725096,0.5993694634944783,312.88317336865333,0.28577247310611914,0.6,1.3569699349930187,1.0469284904637994,0.0018256491081841118,247.14791070809014,247.57716816230894,0.0,1.8069884320539091
211.38188679770707,6848.0772381201805,89.34126155695041,243.68539919958948,41989.98990131516,0.600280683408237,312.93902042454374,0.2854909606214879,0.6,1.3569699349930187,1.046828971483762,0.001822665305294765,247.2291541065053,247.65771920988058,0.0,1.8055111760735632
211.53190942850742,6834.679428565385,89.26927718910345,243.77229781426445,42068.7496092741,0.6011922306501936,312.9948127361076,0.2852100851408302,0.6,1.3569699349930187,1.0467298272019234,0.0018196903556442065,247.31034444743722,247.73821921894952,0.0,1.8040370989693482
211.6819320593078,6821.29240690178,89.19744458873367,243.85912682380592,42147.56566566961,0.6021041050686808,313.0505504270108,0.28492984429212964,0.6,1.3569699349930187,1.0466310553936418,0.0018167242194392097,247.3914818048178,247.81866825460338,0.0,1.8025661887984379
211.83195469010815,6807.916150406908,89.12576320559107,243.94588637471318,42226.438055013445,0.6030163065115777,313.1062336204398,0.28465023572042,0.6,1.3569699349930187,1.0465326538818336,0.0018137668558081805,247.47256625255895,247.89906638197562,0.0,1.801098433026827
211.9819773209085,6794.550636433316,89.05423249099765,244.0325766130021,42305.36676185927,0.6039288348271423,313.1618624391546,0.2843712570789182,0.6,1.3569699349930187,1.0464346204741677,0.0018108182265197915,247.55359786441454,247.9794136660811,0.0,1.7996338203749676
212.13199995170888,6781.195842414632,88.98285189925802,244.11919768416593,42384.351770764726,0.604841689863574,313.2174370054644,0.2840929060335349,0.6,1.3569699349930187,1.0463369529957063,0.001807878293740971,247.63457671405155,248.05971017190046,0.0,1.7981723397081015
212.28202258250923,6767.851745875013,88.91162088986383,244.20574973311378,42463.39306623289,0.6057548714683386,313.27295744118874,0.28381518026992597,0.6,1.3569699349930187,1.0462396493399748,0.001804947017097946,247.71550287516084,248.13995596451184,0.0,1.7967139785742667
212.43204521330958,6754.518324414144,88.8405389242248,244.2922329042681,42542.49063279866,0.6066683794891676,313.3284238677207,0.2835380774829769,0.6,1.3569699349930187,1.046142707394239,0.001802024358280508,247.79637642129447,248.22015110889646,0.0,1.795258725492645
212.58206784410996,6741.195555707033,88.76960546565982,244.37864734156582,42621.64445502753,0.6075822137740443,313.3838364060279,0.28326159537675616,0.6,1.3569699349930187,1.0460461250395279,0.0017991102808331747,247.8771974258647,248.30029566993767,0.0,1.793806569853594
212.7320904749103,6727.8834175177935,88.69881998257884,244.46499318836908,42700.85451743166,0.6084963741702365,313.4391951765964,0.2829857316747019,0.6,1.3569699349930187,1.0459499002242705,0.0017962047455951432,247.95796596230406,248.38038971261113,0.0,1.792357499647231
212.88211310571066,6714.58188768905,88.62818194619246,244.5512705875338,42780.120804530045,0.609410860524992,313.49450029947485,0.2827104841122501,0.6,1.3569699349930187,1.0458540309119666,0.0017933077141536826,248.03868210395146,248.4604333018486,0.0,1.7909115031823506
213.03213573651104,6701.290944135371,88.55769082908657,244.63747968145242,42859.44330088553,0.6103256726859665,313.54975189430246,0.28243585043224445,0.6,1.3569699349930187,1.0457585150485869,0.0017904191506309141,248.11934592398114,248.54042650245347,0.0,1.7894685699808326
213.1821583673114,6688.010564854847,88.48734610789495,244.72362061197862,42938.821991033394,0.6112408105004005,313.60495008026174,0.28216182839348725,0.6,1.3569699349930187,1.0456633506245374,0.0017875390177039896,248.19995749553638,248.62036937925942,0.0,1.7880286887922712
213.33218099811174,6674.740727928437,88.41714726324304,244.80969352043164,43018.25685948282,0.6121562738151379,313.66009497608144,0.2818884157705347,0.6,1.3569699349930187,1.0455685356738007,0.0017846672769746817,248.2805168917273,248.70026199712774,0.0,1.7865918477760425
213.48220362891212,6661.481411507666,88.34709377704301,244.8956985476761,43097.74789078818,0.613072062477449,313.71518670008845,0.2816156103450063,0.6,1.3569699349930187,1.0454740682117545,0.001781803892630111,248.36102418549677,248.78010442078713,0.0,1.785158036332936
213.63222625971247,6648.232593820617,88.27718513389432,244.98163583408294,43177.29506951088,0.6139881763345906,313.7702253701834,0.28134340991005646,0.6,1.3569699349930187,1.045379946267789,0.0017789488292206017,248.44147944968987,248.85989671491643,0.0,1.7837272439962788
213.78224889051282,6634.9942531811585,88.20742082325394,245.0675055194698,43256.89838016176,0.614904615233144,313.825211103803,0.2810718122773057,0.6,1.3569699349930187,1.0452861679359395,0.001776102048774865,248.52188275716287,248.9396389442739,0.0,1.782299458985203
213.9322715213132,6621.766367974337,88.13780033621887,245.15330774319554,43336.55780728622,0.615821379019997,313.880144017981,0.28080081526651074,0.6,1.3569699349930187,1.045192731300746,0.0017732635153425616,248.60223418062373,249.01933117350706,0.0,1.780874670480599
214.08229415211355,6608.548916656209,88.06832316552604,245.2390426441615,43416.27333546346,0.616738467542335,313.9350242293499,0.2805304167055487,0.6,1.3569699349930187,1.045099634437465,0.0017704331947784523,248.68253379263223,249.09897346715266,0.0,1.7794528685206783
214.2323167829139,6595.341877767357,87.99898880869421,245.32471036072357,43496.04494922247,0.6176558806466751,313.9898518540849,0.28026061444045797,0.6,1.3569699349930187,1.0450068754852793,0.0017676110502455186,248.76278166575634,249.17856588982258,0.0,1.7780340417428804
214.38233941371428,6582.145229922535,87.92979676576253,245.41031103075963,43575.87263310229,0.6185736181795616,314.04462700794784,0.27999140632817515,0.6,1.3569699349930187,1.0449144525952263,0.00176479704563499,248.842977872461,249.25810850607107,0.0,1.7766181790999265
214.53236204451463,6568.958951804299,87.86074653789467,245.49584479171062,43655.75637168829,0.6194916799879829,314.09934980631385,0.2797227902320495,0.6,1.3569699349930187,1.044822363898,0.001761991147318828,248.923122485039,249.33760138031207,0.0,1.775205270744075
214.68238467531498,6555.7830221743725,87.7918376300228,245.58131178050695,43735.696149541254,0.6204100659185571,314.15402036412496,0.2794547640302879,0.6,1.3569699349930187,1.0447306075656875,0.0017591933202162435,249.00321557574216,249.41704457697566,0.0,1.7737953060490113
214.83240730611536,6542.617419873006,87.72306955078594,245.66671213357253,43815.69195119896,0.6213287758175515,314.2086387958933,0.279187325615735,0.6,1.3569699349930187,1.044639181810741,0.0017564035281767575,249.08325721677934,249.49643816050468,0.0,1.7723882738001902
214.9824299369157,6529.462123806989,87.65444180987065,245.7520459869026,43895.7437612467,0.6222478095316941,314.26320521575116,0.2789204728873469,0.6,1.3569699349930187,1.044548084824361,0.0017536217375847133,249.16324748018502,249.5757821951986,0.0,1.7709841640127835
215.13245256771606,6516.317112955551,87.58595391940148,245.8373134760254,43975.85156427937,0.6231671669077378,314.31771973742724,0.2786542037546228,0.6,1.3569699349930187,1.0444573148090979,0.0017508479151562746,249.24318643788848,249.65507674529528,0.0,1.7695829668234466
215.28247519851644,6503.1823663794075,87.51760539607818,245.92251473594348,44056.015344844185,0.6240868477918043,314.37218247420975,0.2783885161444203,0.6,1.3569699349930187,1.0443668700290538,0.0017480820251071034,249.32307416181973,249.73432187509704,0.0,1.7681846710585138
215.4324978293168,6490.057863206491,87.44939575800572,246.00764990122627,44136.235087525325,0.6250068520303568,314.4265935390057,0.2781234079907981,0.6,1.3569699349930187,1.0442767487362712,0.0017453240336350287,249.40291072375396,249.81351764878505,0.0,1.7667892664978904
215.58252046011714,6476.943582631814,87.38132452470211,246.0927191060109,44216.51077694287,0.6259271794701876,314.4809530443425,0.2778588772350265,0.6,1.3569699349930187,1.0441869491711018,0.0017425739086973093,249.48269619531195,249.89266413041966,0.0,1.765396743766165
215.73254309091752,6463.83950393075,87.31339122020198,246.17772248391606,44296.842397669425,0.6268478299574636,314.5352611023131,0.2775949218354898,0.6,1.3569699349930187,1.0440974696350394,0.0017398316155749546,249.56243064811355,249.97176138412286,0.0,1.764007092087451
215.88256572171787,6450.745606448895,87.24559537082133,246.26266016810783,44377.2299342899,0.6277688033384119,314.5895178246186,0.27733153976052094,0.6,1.3569699349930187,1.0440083084388343,0.001737097120260377,249.64211415366836,250.0508094739478,0.0,1.7626203009987418
216.03258835251822,6437.661869595859,87.17793650378904,246.3475322913398,44457.67337143762,0.6286900994597351,314.6437233225946,0.27706872898401397,0.6,1.3569699349930187,1.0439194638706806,0.0017343703911765502,249.72174678330867,250.12980846379875,0.0,1.7612363612242088
216.1826109833186,6424.58827285645,87.11041414986367,246.4323389858806,44538.17269372348,0.6296117181677995,314.69787770716516,0.2768064874937678,0.6,1.3569699349930187,1.0438309342577403,0.001731651395288365,249.8013286083185,250.20875841758456,0.0,1.7598552627040414
216.33263361411895,6411.52479579005,87.04302784326534,246.51708038351794,44618.72788573783,0.6305336593086581,314.7519810888461,0.2765448132912479,0.6,1.3569699349930187,1.0437427179649263,0.0017289400984987708,249.8808596999309,250.28765939921507,0.0,1.7584769947929793
216.4826562449193,6398.471418018885,86.97577711905899,246.6017566156346,44699.3389321203,0.6314559227288508,314.806033577794,0.27628370438321276,0.6,1.3569699349930187,1.0436548133338022,0.0017262364691987037,249.9603401292,250.36651147244856,0.0,1.7571015480648822
216.63267887571968,6385.4281192338685,86.90866151453531,246.68636781317065,44780.00581752215,0.6323785082749737,314.8600352837825,0.2760231587861088,0.6,1.3569699349930187,1.0435672187151803,0.0017235404760825536,250.03976996706922,250.44531470097272,0.0,1.7557289132050036
216.78270150652003,6372.39487920347,86.8416805713156,246.77091410656575,44860.728526549035,0.6333014157930253,314.91398631616613,0.2757631745327711,0.6,1.3569699349930187,1.0434799325188964,0.001720852085366765,250.11914928447447,250.5240691485274,0.0,1.754359079592797
216.93272413732038,6359.371677759733,86.77483383222591,246.85539562585,44941.50704384568,0.6342246451293769,314.9678867839386,0.27550374966242713,0.6,1.3569699349930187,1.0433929531406774,0.0017181712652143515,250.19847815219248,250.60277487872344,0.0,1.752992037554066
217.08274676812076,6346.358494798205,86.70812084131255,246.9398125006442,45022.341354094075,0.63514819613075,315.02173679573366,0.2752448822207333,0.6,1.3569699349930187,1.0433062789626593,0.001715497985505422,250.2777566408412,250.68143195504328,0.0,1.7516277782476644
217.2327693989211,6333.355310290978,86.6415411469085,247.0241648600754,45103.231441930955,0.6360720686432766,315.0755364597716,0.27498657026954154,0.6,1.3569699349930187,1.0432199084258622,0.0017128322134608153,250.35698482103044,250.76004044101998,0.0,1.7502662914328868
217.38279202972146,6320.362104276721,86.57509429942189,247.10845283284146,45184.17729200716,0.6369962625131762,315.1292858839011,0.2747288118798251,0.6,1.3569699349930187,1.0431338399784518,0.001710173916998339,250.43616276325466,250.83860040010907,0.0,1.7489075671802976
217.53281466052184,6307.378856854665,86.50877984999383,247.19267654725016,45265.178889023446,0.6379207775871667,315.18298517562425,0.2744716051273832,0.6,1.3569699349930187,1.0430480720442905,0.0017075230664195414,250.51529053782758,250.91711189561084,0.0,1.7475515967362585
217.6828372913222,6294.405548195609,86.4425973530885,247.27683613114758,45346.23621765983,0.6388456137116578,315.23663444205187,0.2742149481010867,0.6,1.3569699349930187,1.0429626030842614,0.0017048796305644879,250.59436821500907,250.99557499082084,0.0,1.746198370558434
217.83285992212254,6281.442158541257,86.37654636641818,247.3609317119226,45427.34926257763,0.6397707707327749,315.2902337899066,0.27395883890261924,0.6,1.3569699349930187,1.0428774315948486,0.0017022435772206129,250.6733958650019,251.07398974902617,0.0,1.74484787852242
217.98288255292292,6268.48866819279,86.31062644836665,247.44496341658095,45508.518008489,0.6406962484971541,315.34378332557054,0.2737032756382482,0.6,1.3569699349930187,1.0427925560475229,0.0016996148766196388,250.7523735578273,251.15235623335641,0.0,1.743500111713248
218.13290518372327,6255.54505751664,86.24483715936097,247.5289313717077,45589.7424401189,0.6416220468515074,315.3972831550621,0.27344825642318393,0.6,1.3569699349930187,1.0427079749213322,0.0016969934992708763,250.8313013633914,251.2306745068634,0.0,1.7421550613180343
218.28292781452362,6242.611306953141,86.17917806394442,247.61283570341118,45671.02254214876,0.6425481656419826,315.4507333840004,0.273193779388168,0.6,1.3569699349930187,1.0426236867522645,0.00169437941322925,250.91017935158692,251.30894463264136,0.0,1.7408127172230903
218.432950445324,6229.687397002883,86.11364872769241,247.69667653741146,45752.35829930032,0.6434746047151189,315.5041341176624,0.27293984266962934,0.6,1.3569699349930187,1.0425396900605441,0.0016917725884633534,250.98900759214413,251.38716667364932,0.0,1.7394730702546577
218.58297307612435,6216.773308226669,86.04824871723524,247.78045399904065,45833.74969633383,0.6444013639178269,315.55748546098323,0.27268644440974477,0.6,1.3569699349930187,1.0424559833513083,0.0016891729966193605,251.06778615463188,251.4653406927125,0.0,1.7381361120612169
218.7329957069247,6203.869021258299,85.98297760328815,247.8641682131599,45915.19671796589,0.645328443096454,315.61078751850425,0.27243358276607377,0.6,1.3569699349930187,1.0423725651867195,0.0016865806067021996,251.14651510860529,251.5434667526975,0.0,1.7368018328930714
218.88301833772508,6190.974516794821,85.9178349584623,247.94781930422272,45996.69934892871,0.6462558420974589,315.6640403944135,0.2721812559045697,0.6,1.3569699349930187,1.0422894341343638,0.0016839953884013048,251.22519452350042,251.62154491638685,0.0,1.7354702233108195
219.03304096852543,6178.089775590666,85.85282035594693,248.0314073963129,46078.25757400538,0.6471835607678147,315.7172441925705,0.2719294619953712,0.6,1.3569699349930187,1.0422065887361323,0.0016814173137459096,251.30382446857055,251.6995752464029,0.0,1.7341412750402918
219.18306359932578,6165.214778468458,85.78793337207416,248.11493261307447,46159.87137795973,0.6481115989542102,315.77039901646174,0.27167819922095315,0.6,1.3569699349930187,1.0421240275693642,0.0016788463533018818,251.38240501301104,251.77755780535622,0.0,1.7328149790144456
219.33308623012616,6152.349506318359,85.72317358623651,248.19839507771584,46241.5407455383,0.6490399565030746,315.8235049692044,0.2714274657758462,0.6,1.3569699349930187,1.0420417492452183,0.00167628247659296,251.46093622595558,251.85549265584095,0.0,1.731491325588015
219.4831088609265,6139.493940086911,85.65854057834844,248.28179491308234,46323.265661539466,0.6499686332613623,315.87656215359243,0.2711772598585446,0.6,1.3569699349930187,1.0419597523485034,0.0016737256555461727,251.5394181763545,251.93337986028962,0.0,1.7301703063162501
219.63313149172686,6126.648060782703,85.59403393020897,248.36513224161925,46405.04611077557,0.6508976290761243,315.9295706720738,0.27092757967582975,0.6,1.3569699349930187,1.0418780354702712,0.0016711758623423523,251.61785093304064,252.01121948105146,0.0,1.7288519128478035
219.78315412252724,6113.811849484877,85.529653227544,248.4484071853167,46486.88207801688,0.6518269437938715,315.98253062671563,0.2706784234492508,0.6,1.3569699349930187,1.041796597256782,0.0016686330667321893,251.6962345648284,252.08901158051,0.0,1.7275361355358743
219.9331767533276,6100.985287329753,85.46539805696138,248.53161986579644,46568.77354807483,0.652756577261521,316.03544211926015,0.27042978940542334,0.6,1.3569699349930187,1.0417154363371843,0.0016660972403494377,251.77456914036767,252.16675622090904,0.0,1.7262229656678334
220.08319938412794,6088.168355510812,85.40126800598031,248.61477040431194,46650.720505800586,0.6536865293263804,316.0883052511249,0.2701816757761125,0.6,1.3569699349930187,1.0416345513243483,0.0016635683564683369,251.85285472814581,252.24445346435454,0.0,1.724912395343159
220.23322201492832,6075.36103529127,85.3372626660268,248.69785892166672,46732.722936002654,0.6546167998352121,316.14112012335147,0.26993408080774195,0.6,1.3569699349930187,1.0415539408866368,0.001661046385740643,251.93109139663184,252.3221033729865,0.0,1.7236044152648886
220.38324464572867,6062.563307994503,85.27338163026504,248.78088553827658,46814.78082350638,0.6555473886349117,316.19388683664533,0.26968700275448293,0.6,1.3569699349930187,1.041473603696409,0.0016585312994917805,252.00927921417315,252.39970600885542,0.0,1.7222990164458887
220.53326727652902,6049.7751549983095,85.20962449230299,248.86385037420675,46896.89415318881,0.6564782955729007,316.24660549140015,0.26944043987412897,0.6,1.3569699349930187,1.0413935383992157,0.0016560230713455223,252.08741824893366,252.47726143384847,0.0,1.720996191054377
220.6832899073294,6036.996557745576,85.14599084873265,248.9467535491026,46979.062909908665,0.6574095204963352,316.2992761876537,0.26919439043615556,0.6,1.3569699349930187,1.0413137436747766,0.001653521673461612,252.16550856901608,252.55476970983506,0.0,1.7196959304619523
220.83331253812975,6024.227497743608,85.08248029903994,249.02959518219413,47061.28707850867,0.6583410632521318,316.35189902509165,0.26894885272141694,0.6,1.3569699349930187,1.0412342182351366,0.0016510270769690557,252.2435502424583,252.63223089866213,0.0,1.7183982254661894
220.9833351689301,6011.467956553193,85.01909244310231,249.11237539236686,47143.56664388411,0.6592729236877463,316.4044741030929,0.2687038250141837,0.6,1.3569699349930187,1.0411549607649109,0.0016485392553614955,252.32154333711398,252.70964506201182,0.0,1.7171030680568964
221.13335779973048,5998.7179157942255,84.95582688254274,249.19509429812524,47225.901590944966,0.6602051016507433,316.45700152070657,0.26845930560643283,0.6,1.3569699349930187,1.041075969953888,0.001646058182364363,252.3994879207178,252.7870122614789,0.0,1.7158104503091312
221.28338043053083,5985.9773571540345,84.89268322274206,249.27775201753872,47308.29190456039,0.6611375969881698,316.5094813766183,0.2682152928042218,0.6,1.3569699349930187,1.0409972445456037,0.0016435838292976257,252.47738406098205,252.86433255868573,0.0,1.7145203630081014
221.43340306133118,5973.246262374259,84.82966106983115,249.3603486683268,47390.737569641504,0.662070409547492,316.56191376920475,0.2679717849181243,0.6,1.3569699349930187,1.0409187832653801,0.0016411161693356757,252.55523182545377,252.94160601511174,0.0,1.713232797867976
221.58342569213156,5960.524613250882,84.76676003072696,249.44288436785888,47473.23857113969,0.6630035391765771,316.6142987965339,0.2677287802633345,0.6,1.3569699349930187,1.0408405848213043,0.001638655177258407,252.63303128151665,253.01883269209557,0.0,1.7119477474054823
221.7334483229319,5947.812391646595,84.703979716094,249.525359233074,47555.79489396475,0.6639369857227667,316.6666365563143,0.2674862771690528,0.6,1.3569699349930187,1.0407626479756786,0.0016362008252424898,252.7107824965329,253.09601265100383,0.0,1.710665202742899
221.88347095373226,5935.10957948135,84.64131973819518,249.60777338054206,47638.406523044185,0.6648707490335503,316.7189271459347,0.26724427397164985,0.6,1.3569699349930187,1.040684971493605,0.0016337530861287764,252.78848553774137,253.1731459531095,0.0,1.7093851553122819
222.03349358453264,5922.4161587268045,84.57877970961968,249.69012692649994,47721.073443357855,0.6658048289569546,316.77117066248707,0.26700276901061987,0.6,1.3569699349930187,1.0406075541124853,0.0016313119350172068,252.8661404721974,253.25023265952018,0.0,1.7081075976917426
222.183516215333,5909.73211141681,84.51635924579953,249.77241998678346,47803.795639867916,0.666739225340754,316.8233672027241,0.2667617606365521,0.6,1.3569699349930187,1.040530394602839,0.0016288773455439961,252.94374736689306,253.32727283132095,0.0,1.7068325216593674
222.33353884613334,5897.057419646713,84.45405796491153,249.85465267683176,47886.573097521585,0.6676739380325016,316.8755168630622,0.2665212472108041,0.6,1.3569699349930187,1.040453491766238,0.0016264492903266836,253.02130628875298,253.40426652956938,0.0,1.7055599184236863
222.48356147693372,5884.39206556267,84.39187548540944,249.93682511175678,47969.40580131922,0.6686089668803,316.92761973962604,0.26628122709766394,0.6,1.3569699349930187,1.04037684437595,0.0016240277443108479,253.09881730451784,253.48121381515628,0.0,1.7042897803777302
222.63358410773407,5871.736031367212,84.32981142736982,250.01893740630697,48052.29373627628,0.6695443117323701,316.97967592822584,0.26604169866860716,0.6,1.3569699349930187,1.0403004512095522,0.001621612682653365,253.1762804808082,253.5581147488819,0.0,1.70302209999206
222.78360673853442,5859.089299327372,84.26786541447473,250.1009896748148,48135.236887368505,0.6704799724364336,317.0316855243247,0.26580266030856764,0.6,1.3569699349930187,1.040224311097121,0.0016192040781305493,253.2536958842196,253.63496939156875,0.0,1.701756868453168
222.93362936933477,5846.451851761848,84.20603707103965,250.18298203127975,48218.23523961414,0.6714159488406428,317.08364862309156,0.26556411040650346,0.6,1.3569699349930187,1.0401484228496087,0.0016168019053462341,253.33106358118206,253.71177780389388,0.0,1.7004940778717688
223.08365200013515,5833.823671041058,84.14432602205558,250.26491458936815,48301.28877807213,0.6723522407935587,317.1355653194012,0.2653260473555217,0.6,1.3569699349930187,1.0400727852599605,0.0016144061404766135,253.4083836379623,253.78854004639183,0.0,1.6992337211520725
223.2336746309355,5821.204739599283,84.08273189611795,250.3467874623343,48384.3974877606,0.6732888481432329,317.1874357077851,0.2650884695621448,0.6,1.3569699349930187,1.0399973971742642,0.001612016757114231,253.48565612080301,253.86525617961996,0.0,1.6979757898060257
223.38369726173585,5808.595039925391,84.02125432329547,250.42860076308065,48467.5613537162,0.6742257707378774,317.2392598824696,0.2648513754395454,0.6,1.3569699349930187,1.039922257440389,0.0016096337295074693,253.5628810958228,253.94192626403895,0.0,1.6967202756556383
223.53371989253623,5795.994554557406,83.95989293387946,250.51035460419303,48550.780361028155,0.6751630084262484,317.2910379373988,0.2646147634035748,0.6,1.3569699349930187,1.0398473648777804,0.0016072570341264772,253.64005862895723,254.0185503599428,0.0,1.6954671716601861
223.68374252333658,5783.403266092849,83.8986473608776,250.59204909787354,48634.0544947686,0.6761005610568619,317.3427699661924,0.2643786318806495,0.6,1.3569699349930187,1.0397727183381347,0.0016048866459787558,253.71718878607712,254.09512852759914,0.0,1.6942164699757785
223.83376515413693,5770.821157188009,83.83751723990781,250.67368435594528,48717.38373999564,0.6770384284780289,317.39445606214906,0.26414297930740027,0.6,1.3569699349930187,1.0396983167031084,0.0016025225390656932,253.79427163298425,254.17166082724424,0.0,1.6929681621936477
223.9837877849373,5758.2482105474965,83.77650220676352,250.7552604899202,48800.76808182078,0.6779766105386146,317.44609631828973,0.2639078041229538,0.6,1.3569699349930187,1.0396241588253305,0.0016001646896819472,253.871307235297,254.24814731894622,0.0,1.6917222410822634
224.13381041573766,5745.684408929731,83.71560189875147,250.83677761096328,48884.20750537109,0.6789151070876134,317.49769082733536,0.2636731047731572,0.6,1.3569699349930187,1.039550243561043,0.001597813074314287,253.9482956585135,254.32458806268065,0.0,1.6904786994802734
224.283833046538,5733.129735154914,83.65481595664586,250.91823582984094,48967.7019957346,0.6798539179735347,317.54923968167475,0.2634388797167492,0.6,1.3569699349930187,1.039476569817908,0.0015954676670939213,254.0252369681046,254.40098311844037,0.0,1.6892375289481603
224.43385567733839,5720.5841720924245,83.59414402175027,250.99963525700284,49051.251538042416,0.6807930430453271,317.6007429734165,0.26320512741605007,0.6,1.3569699349930187,1.0394031364837018,0.0015931284439541797,254.10213122937608,254.47733254607172,0.0,1.687998721966288
224.58387830813874,5708.047702660925,83.53358573594566,251.08097600258105,49134.856117466465,0.6817324821523532,317.652200794389,0.2629718463371062,0.6,1.3569699349930187,1.0393299424275688,0.0015907953823692564,254.17897850747093,254.553636405277,0.0,1.6867622717998827
224.7339009389391,5695.520309840271,83.47314074458752,251.16225817631295,49218.51571913872,0.6826722351434824,317.7036132360918,0.26273903495884066,0.6,1.3569699349930187,1.039256986570881,0.0015884684572494425,254.25577886750654,254.62989475577737,0.0,1.6855281703242209
224.88392356973947,5683.001976662403,83.412808694392,251.24348188760007,49302.230328209975,0.6836123018677517,317.7549803897337,0.262506691766355,0.6,1.3569699349930187,1.039184267835918,0.0015861476441534905,254.3325323744756,254.70610765719496,0.0,1.6842964097252133
225.03394620053982,5670.492686206053,83.35258923220584,251.3246472455427,49385.99992988399,0.6845526821747494,317.8063023462544,0.26227481524703067,0.6,1.3569699349930187,1.0391117851159486,0.0015838329208263382,254.409239093189,254.78227516898454,0.0,1.683066983317686
225.18396883134017,5657.992421606902,83.29248200747783,251.4057543588737,49469.82450934784,0.6854933759138336,317.85757919628344,0.26204340389833225,0.6,1.3569699349930187,1.0390395373357666,0.0015815242635519755,254.485899088392,254.85839735057166,0.0,1.681839883610371
225.33399146214055,5645.5011660568625,83.2324866721448,251.48680333596346,49553.70405177526,0.68643438293417,317.9088110301434,0.2618124562274334,0.6,1.3569699349930187,1.0389675234491753,0.0015792216476212043,254.56251242475975,254.93447426134722,0.0,1.6806151025519611
225.4840140929409,5633.0189027938395,83.17260287822869,251.56779428488596,49637.6385423935,0.6873757030854831,317.9599979378924,0.26158197074361195,0.6,1.3569699349930187,1.0388957423803538,0.0015769250505849645,254.63907916678488,255.0105059605333,0.0,1.6793926332615357
225.63403672374125,5620.545615107143,83.11283027916639,251.64872731338392,49721.62796644567,0.688317336217633,318.0111400093021,0.26135194596244415,0.6,1.3569699349930187,1.0388241930565185,0.0015746344501682671,254.71559937884038,255.08649250725793,0.0,1.6781724689213096
225.78405935454163,5608.081286345311,83.05316853173632,251.72960252881802,49805.67230913674,0.6892592821800114,318.062237333826,0.26112238041187796,0.6,1.3569699349930187,1.0387528744553753,0.0015723498217655421,254.7920731252702,255.16243396066292,0.0,1.6769546014413177
225.93408198534198,5595.625899903752,82.99361729315281,251.81042003824683,49889.771555714586,0.6902015408224499,318.1132900006505,0.26089327262304285,0.6,1.3569699349930187,1.0386817855340893,0.0015700711425492952,254.8685004702539,255.2383303797421,0.0,1.6757390236474814
226.08410461614233,5583.179439224843,82.93417622111983,251.8911799484265,49973.92569146862,0.6911441119952055,318.16429809869487,0.2606646211304122,0.6,1.3569699349930187,1.0386109252306936,0.0015677983912028596,254.94488147780973,255.3141818233453,0.0,1.6745257291423168
226.2341272469427,5570.741887809679,82.87484497669735,251.9718823657342,50058.134701648334,0.6920869955480476,318.2152617165634,0.26043642448084264,0.6,1.3569699349930187,1.0385402925346514,0.0015655315438654882,255.02121621192856,255.38998835033738,0.0,1.6733147101408035
226.38414987774306,5558.313229209092,82.8156232222039,252.0525273962266,50142.39857152272,0.693030191330925,318.2661809425825,0.2602086812269395,0.6,1.3569699349930187,1.0384698864355837,0.0015632705773183481,255.09750473647702,255.46575001948264,0.0,1.6721059591693592
226.5341725085434,5545.893447018471,82.75651062000622,252.1331151456734,50226.71728641385,0.6939736991943413,318.3170558648223,0.2599813899232277,0.6,1.3569699349930187,1.0383997058936127,0.0015610154704947708,255.17374711514125,255.54146688937792,0.0,1.67089946987535
226.68419513934379,5533.482524887785,82.69750683496939,252.21364571949226,50311.09083162746,0.6949175189885782,318.3678865710561,0.2597545491338752,0.6,1.3569699349930187,1.0383297498997783,0.0015587662008693557,255.24994341154155,255.6171390185887,0.0,1.6696952350973024
226.83421777014414,5521.080446520852,82.63861153433477,252.29411922275355,50395.51919245623,0.695861650563734,318.4186731487634,0.25952815743229507,0.6,1.3569699349930187,1.0382600174732897,0.0015565227449366888,255.32609368922715,255.69276646564282,0.0,1.6684932471186524
226.9842404009445,5508.687195665285,82.57982438534756,252.37453576024564,50480.002354246804,0.696806093770472,318.46941568517155,0.25930221339365056,0.6,1.3569699349930187,1.0381905076032338,0.0015542850814198436,255.40219801156655,255.7683492888997,0.0,1.667293499386738
227.13426303174487,5496.302756117861,82.52114505657934,252.45489543643993,50564.540302361835,0.6977508484595969,318.52011426723425,0.2590767155990192,0.6,1.3569699349930187,1.0381212192812685,0.001552053189198935,255.47825644180924,255.84388754662356,0.0,1.6660959854052595
227.28428566254522,5483.9271117321905,82.46257321982749,252.5351983554412,50649.13302212609,0.6986959144814533,318.5707689816003,0.2588516626413715,0.6,1.3569699349930187,1.0380521515487078,0.0015498270448483758,255.55426904317426,255.91938129708905,0.0,1.6649006974117682
227.43430829334557,5471.560246406565,82.40410854724074,252.61544462106633,50733.78049890773,0.6996412916868336,318.62137991466363,0.2586270531164953,0.6,1.3569699349930187,1.037983303425774,0.001547606626697813,255.63023587871774,255.99483059842277,0.0,1.6637076285560075
227.58433092414595,5459.202144084105,82.34575071137864,252.69563433684348,50818.48271811635,0.7005869799269572,318.67194715256323,0.2584028856231762,0.6,1.3569699349930187,1.0379146739131406,0.00154539191455901,255.70615701133576,256.07023550860697,0.0,1.6625167727563765
227.7343535549463,5446.852788764308,82.28749938804799,252.77576760593706,50903.23966512222,0.701532979052568,318.7224707811361,0.2581791587721284,0.6,1.3569699349930187,1.0378462620622264,0.0015431828857194656,255.7820325038963,256.1455960856364,0.0,1.6613281225462146
227.88437618574665,5434.512164494191,82.22935425422097,252.8558445312051,50988.05132531521,0.702479288914593,318.7729508859538,0.2579558711794209,0.6,1.3569699349930187,1.0377780669239403,0.0015409795181027528,255.85786241914334,256.2209123874038,0.0,1.6601416707712982
228.03439881654703,5422.1802553632515,82.17131498684388,252.93586521523218,51072.9176841386,0.7034259093645209,318.82338755234343,0.25773302146271576,0.6,1.3569699349930187,1.0377100875192942,0.0015387817917520232,255.9336468196425,256.2961844716351,0.0,1.6589574113907337
228.18442144734738,5409.8570455133395,82.11338126526675,253.01582976026518,51157.83872701929,0.7043728402536222,318.8737808653476,0.25751060824891453,0.6,1.3569699349930187,1.0376423228997027,0.0015365896852543197,256.00938576789326,256.37141239602295,0.0,1.6577753375521793
228.33444407814773,5397.542519137893,82.05555277111297,253.0957382682182,51242.81443937176,0.7053200814329946,318.9241309097278,0.25728863017373554,0.6,1.3569699349930187,1.0375747721439987,0.00153440317623002,256.08507932632386,256.4465962182203,0.0,1.6565954418532434
228.4844667089481,5385.236660472099,81.99782918593655,253.17559084073662,51327.844806664456,0.7062676327543035,318.974437770005,0.2570670858743254,0.6,1.3569699349930187,1.0375074343004738,0.0015322222444976873,256.1607275571835,256.52173599571205,0.0,1.6554177180492762
228.63448933974846,5372.939453798209,81.94021019253749,253.2553875791623,51412.929814381845,0.7072154940693594,319.0247015304383,0.2568459739933948,0.6,1.3569699349930187,1.037440308419604,0.0015300468700167945,256.2363305226035,256.5968317858874,0.0,1.6542421599454473
228.7845119705488,5360.650883453031,81.88269547683464,253.33512858448518,51498.06944797096,0.7081636652295219,319.0749222749944,0.2566252931851038,0.6,1.3569699349930187,1.0373733936007803,0.0015278770304658238,256.31188828468385,256.6718836461433,0.0,1.6530687600868312
228.93453460134918,5348.370933816016,81.82528472502159,253.41481395742053,51583.26369292261,0.709112146086606,319.1251000873969,0.25640504210609755,0.6,1.3569699349930187,1.037306688921829,0.001525712705256745,256.38740090536317,256.746891633729,0.0,1.6518975119272699
229.08455723214954,5336.0995893094305,81.76797762363135,253.4944437984078,51668.51253476876,0.7100609364928518,319.17523505112564,0.2561852194157035,0.6,1.3569699349930187,1.0372401934406783,0.0015235538752561362,256.4628684464216,256.8218558057492,0.0,1.6507284096816086
229.2345798629499,5323.836834409697,81.71077386234394,253.57401820753694,51753.81595900239,0.7110100363000336,319.225327249371,0.2559658237847572,0.6,1.3569699349930187,1.0371739062654,0.0015214005188260479,256.5382909696109,256.8967762193192,0.0,1.6495614461821497
229.38460249375026,5311.582653638695,81.6536731319193,253.653537284605,51839.1739511366,0.7119594453601173,319.2753767650694,0.2557468538890867,0.6,1.3569699349930187,1.037107826502972,0.0015192526149593977,256.6136685365594,256.9716529314515,0.0,1.6483966145748015
229.53462512455062,5299.337031558822,81.59667512302467,253.73300112914805,51924.586496737524,0.7129091635256277,319.3253836809239,0.2555283084058161,0.6,1.3569699349930187,1.0370419532301318,0.0015171101447373973,256.689001208719,257.04648599899224,0.0,1.6472339091114938
229.68464775535097,5287.09995278272,81.53977952864392,253.81240984037817,52010.053581355394,0.7138591906488814,319.3753480793649,0.25531018602093625,0.6,1.3569699349930187,1.0369762855535856,0.0015149730877881118,256.76428904747604,257.1212754787534,0.0,1.646073323230215
229.83467038615134,5274.871401972505,81.48298604393942,253.89176351718822,52095.575190528216,0.7148095265820281,319.4252700425535,0.255092485428859,0.6,1.3569699349930187,1.036910822606783,0.001512841422786393,256.8395321141455,257.1960214275052,0.0,1.6449148498240076
229.9846930169517,5262.651363830121,81.4262943639378,253.97106225821477,52181.151309848006,0.7157601711777877,319.4751496524212,0.25487520532513097,0.6,1.3569699349930187,1.0368455634922753,0.0015107151305762151,256.91473046986533,257.2707239018509,0.0,1.6437584829377903
230.13471564775205,5250.439823102576,81.36970418483823,254.05030616180375,52266.781924922776,0.7167111242890274,319.5249869906487,0.2546583444105409,0.6,1.3569699349930187,1.036780507314474,0.0015085941921271322,256.98988417565675,257.34538295829776,0.0,1.642604216659961
230.28473827855242,5238.236764589307,81.31321520585969,254.1294953259629,52352.46702132365,0.7176623857681749,319.5747821386364,0.2544419013969155,0.6,1.3569699349930187,1.0367156532260464,0.0015064785861522107,257.06499329250937,257.4199986533586,0.0,1.6414520438248812
230.43476090935278,5226.042173130479,81.25682712642589,254.20862984843757,52438.206584665284,0.7186139554681117,319.6245351775523,0.25422587499826166,0.6,1.3569699349930187,1.0366510003576688,0.0015043682930772487,257.14005788125286,257.49457104339876,0.0,1.6403019581724918
230.58478354015313,5213.856033607156,81.20053964623524,254.28770982670972,52524.00060060379,0.7195658332421507,319.6742461883314,0.25401026393098036,0.6,1.3569699349930187,1.0365865478198422,0.0015022632947562444,257.2150780025607,257.56910018464015,0.0,1.6391539541963456
230.7348061709535,5201.678330952487,81.14435246804022,254.36673535792517,52609.84905475644,0.7205180189431447,319.7239152516309,0.2537950669225902,0.6,1.3569699349930187,1.0365222947726769,0.0015001635705582871,257.2900537170773,257.64358613331297,0.0,1.6380080250099904
230.88482880175386,5189.509050143122,81.08826529559464,254.44570653894937,52695.75193276065,0.7214705124241414,319.7735424478649,0.2535802827052681,0.6,1.3569699349930187,1.0364582403746554,0.0014980691004786754,257.36498508532503,257.71802894554435,0.0,1.6368641640418957
231.0348514325542,5177.3481761943785,81.03227783249879,254.52462346639882,52781.70922030711,0.7224233135387513,319.82312785722485,0.2533659100122151,0.6,1.3569699349930187,1.0363943837537448,0.0014959798665709167,257.43987216765186,257.7924286772962,0.0,1.6357223658195228
231.18487406335458,5165.195694169838,80.97638978458956,254.60348623657865,52867.720903070396,0.7233764221403787,319.87267155964037,0.2531519475851549,0.6,1.3569699349930187,1.036330724067496,0.0014938958494386115,257.5147150243408,257.8667853844951,0.0,1.6345826240539925
231.33489669415493,5153.0515891805635,80.92060085979425,254.68229494548785,52953.786966713415,0.72432983808227,319.92217363478306,0.2529383941738644,0.6,1.3569699349930187,1.0362672604995993,0.0014918170287456583,257.5895137156037,257.94109912302497,0.0,1.6334449319166346
231.48491932495529,5140.915846375621,80.86491076584387,254.76104968888058,53039.90739695282,0.7252835612182413,319.9716341621052,0.25272524852898615,0.6,1.3569699349930187,1.0362039922025323,0.0014897433862971448,257.6642683014774,258.01536994860334,0.0,1.6323092837250512
231.63494195575566,5128.788450947269,80.80931921157493,254.8397505622327,53126.08217952157,0.7262375914022617,320.0210532208189,0.252512509406109,0.6,1.3569699349930187,1.0361409183303723,0.0014876749040091436,257.738978841884,258.08959791685226,0.0,1.6311756738341672
231.78496458655601,5116.669388138192,80.75382590875151,254.91839766069467,53212.311300115645,0.7271919284878638,320.07043088986705,0.2523001755714762,0.6,1.3569699349930187,1.0360780380848427,0.0014856115615654911,257.81364539671307,258.16378308339745,0.0,1.6300440953509148
231.93498721735637,5104.558643229969,80.69843056927822,254.99699107916638,53298.59474447492,0.7281465723290408,320.1197672479704,0.25208824579323086,0.6,1.3569699349930187,1.0360153506453127,0.0014835533403429074,257.88826802569673,258.23792550371763,0.0,1.6289145422848335
232.08500984815674,5092.456201543301,80.6431329052754,255.0755309122958,53384.93249838045,0.729101522780215,320.16906237362707,0.2518767188416457,0.6,1.3569699349930187,1.0359528551707333,0.0014815002231209212,257.96284678841255,258.3120252331493,0.0,1.627787009391922
232.2350324789571,5080.36204844901,80.58793263183112,255.1540172544074,53471.32454757461,0.7300567796953549,320.21831634506793,0.2516655934977479,0.6,1.3569699349930187,1.0358905508691925,0.0014794521902136146,258.03738174440923,258.38608232703547,0.0,1.6266614900507175
232.38505510975745,5068.276169359559,80.53282946496208,255.23245019955732,53557.77087782032,0.7310123429286316,320.26752924029154,0.25145486854691285,0.6,1.3569699349930187,1.0358284369466748,0.0014774092225571006,258.1118729531145,258.4600968406162,0.0,1.6255379779561172
232.53507774055782,5056.198549724347,80.4778231204761,255.31082984156384,53644.27147493342,0.7319682123347755,320.3167011370833,0.25124454277529124,0.6,1.3569699349930187,1.0357665125784032,0.001475371303116737,258.1863204737843,258.5340688289674,0.0,1.6244164678952413
232.68510037135817,5044.129175039173,80.42291331634361,255.38915627394596,53730.82632471377,0.732924387768316,320.3658321129776,0.2510346149772374,0.6,1.3569699349930187,1.035704776968865,0.0014733384134114353,258.26072436561,258.60799834712924,0.0,1.6232969538365487
232.83512300215853,5032.068030845414,80.36809977254333,255.46742958992877,53817.435412949926,0.733880869083633,320.41492224526115,0.25082508395481556,0.6,1.3569699349930187,1.0356432293481255,0.0014713105340339297,258.3350846877124,258.6818854500981,0.0,1.6221794292138925
232.9851456329589,5020.015102720741,80.31338220880251,255.5456498825036,53904.098725484095,0.7348376561356749,320.4639716110111,0.2506159485107091,0.6,1.3569699349930187,1.0355818689147696,0.0014692876476912668,258.40940149904003,258.7557301927053,0.0,1.6210638886020374
233.13516826375925,5007.970376284265,80.25876034589224,255.6238172443947,53990.81624817445,0.7357947487795424,320.51298028707447,0.25040720745227457,0.6,1.3569699349930187,1.035520694868757,0.0014672697371875452,258.4836748584274,258.8295326296871,0.0,1.6199503266070774
233.2851908945596,4995.933837203594,80.20423390742506,255.70193176801337,54077.58796684277,0.7367521468699108,320.5619483500395,0.25019885959716465,0.6,1.3569699349930187,1.035459706457147,0.0014652567831186017,258.55790482467734,258.9032928157818,0.0,1.618838736593136
233.43521352535998,4983.9054711835315,80.14980261709505,255.77999354553134,54164.41386735464,0.7377098502619154,320.6108758762821,0.24999090376467267,0.6,1.3569699349930187,1.0353989029043118,0.0014632487677541477,258.6320914564367,258.97701080558187,0.0,1.617729112824165
233.58523615616033,4971.88526396632,80.09546619875807,255.8580026688792,54251.293935616544,0.7386678588111201,320.659762941965,0.24978333877597933,0.6,1.3569699349930187,1.035338283414008,0.0014612456747422479,258.7062348122001,259.0506866535385,0.0,1.6166214503036376
233.73525878696069,4959.873201342444,80.04122437915724,255.93595922967626,54338.22815749671,0.7396261723726435,320.70860962299435,0.24957616346267994,0.6,1.3569699349930187,1.0352778472387063,0.001459247485284798,258.78033495043366,259.12432041410824,0.0,1.615515742660106
233.88528141776106,4947.869269142295,79.98707688589676,256.0138633192846,54425.216518883855,0.740584790801808,320.75741599505335,0.2493693766604302,0.6,1.3569699349930187,1.0352175936283312,0.0014572541812019777,258.85439192948377,259.19791214164485,0.0,1.6144119838400317
234.03530404856141,4935.873453231566,79.93302344632158,256.09171502883896,54512.25900571943,0.741543713954495,320.80618213362175,0.249162977205433,0.6,1.3569699349930187,1.0351575218018465,0.0014552657463152848,258.9284058075273,259.2714618903393,0.0,1.6133101688755647
234.18532667936176,4923.885739520565,79.87906378987039,256.1695144491864,54599.355603929274,0.7425029416863919,320.854908113938,0.24895696394179742,0.6,1.3569699349930187,1.0350976310071973,0.0014532821630034141,259.002376642678,259.34496971434675,0.0,1.6122102919779402
234.33534931016214,4911.906113963398,79.82519764791365,256.24726167089136,54686.50629942755,0.7434624738530355,320.9035940110028,0.24875133572102248,0.6,1.3569699349930187,1.0350379205173865,0.001451303412732388,259.07630449297886,259.4184356677774,0.0,1.611112346828991
234.4853719409625,4899.934562548857,79.77142475151979,256.3249567842951,54773.711078182474,0.7444223103105371,320.9522398996166,0.2485460913949991,0.6,1.3569699349930187,1.0349783895737072,0.0014493294790566503,259.1501894163036,259.49185980457816,0.0,1.6100163282463305
234.63539457176284,4887.971071305483,79.71774483274424,256.40259987948264,54860.96992617798,0.745382450915159,321.00084585435906,0.24834122982003884,0.6,1.3569699349930187,1.0349190374186414,0.0014473603456143624,259.2240314704136,259.56524217860164,0.0,1.6089222310730473
234.78541720256322,4876.015626308526,79.66415762640315,256.48019104623745,54948.28282936175,0.7463428955227445,321.0494119495612,0.2481367498624133,0.6,1.3569699349930187,1.0348598633412616,0.0014453959938591065,259.29783071303854,259.63858284370093,0.0,1.6078300489162525
234.93543983336357,4864.068213668815,79.61066286733997,256.55773037411404,55035.649773725236,0.7473036439895971,321.09793825935077,0.24793265038979617,0.6,1.3569699349930187,1.0348008666076578,0.0014434364069001056,259.3715872017542,259.71188185358454,0.0,1.606739776280287
235.08546246416392,4852.128819533005,79.55726029051036,256.63521795243605,55123.07074530086,0.7482646961724513,321.1464248576515,0.24772893027152398,0.6,1.3569699349930187,1.0347420464631405,0.0014414815692013485,259.4453009939869,259.78513926182114,0.0,1.6056514084022704
235.2354850949643,4840.197430094245,79.50394963368197,256.7126538702271,55210.54573008256,0.7492260519275977,321.19487181814003,0.24752558838703057,0.6,1.3569699349930187,1.034683402201347,0.0014395314627997265,259.5189721471341,259.85835512198355,0.0,1.604564939146929
235.38550772576465,4828.274031583941,79.45073063542088,256.7900382162643,55298.07471408516,0.7501877111115371,321.2432792142797,0.24732262361954244,0.6,1.3569699349930187,1.0346249331129698,0.0014375860703470602,259.59260071847547,259.9315294875424,0.0,1.6034803626985488
235.535530356565,4816.358610267239,79.39760303398758,256.86737107910744,55385.65768337602,0.7511496735813279,321.2916471193391,0.24712003485262254,0.6,1.3569699349930187,1.034566638457563,0.0014356453764695215,259.66618676512354,260.004662411807,0.0,1.6023976743207855
235.68555298736538,4804.451152452231,79.34456656967234,256.94465254703937,55473.29462400659,0.7521119391938341,321.3399756063547,0.24691782097746337,0.6,1.3569699349930187,1.0345085175234148,0.0014337093643542749,259.73973034412876,260.07775394805066,0.0,1.6013168684541792
235.83557561816573,4792.551644489123,79.29162098462562,257.0218827080713,55560.98552201723,0.7530745078057793,321.388264748135,0.2467159808923476,0.6,1.3569699349930187,1.034450569623399,0.0014317780162892762,259.8132315124718,260.1508041495015,0.0,1.6002379390150894
235.98559824896608,4780.6600727612595,79.23876602064924,257.09906165000103,55648.730363501934,0.7540373792744568,321.4365146172967,0.24651451349574005,0.6,1.3569699349930187,1.0343927940384658,0.0014298513166259197,259.8866903269661,260.22381306922574,0.0,1.5991608810507238
236.13562087976646,4768.776423690168,79.18600142047964,257.17618946038033,55736.529134570366,0.7550005534573132,321.4847252862448,0.24631341769029216,0.6,1.3569699349930187,1.0343351900506024,0.001427929249786543,259.9601068443151,260.29678076019616,0.0,1.5980856896280504
236.2856435105668,4756.900683742373,79.13332692953826,257.2532662264705,55824.381821296156,0.7559640302113816,321.5328968271449,0.24611269238830044,0.6,1.3569699349930187,1.0342777569879213,0.0014260117980322805,260.03348112119033,260.36970727538505,0.0,1.5970123585840135
236.43566614136716,4745.032839418438,79.0807422932235,257.3302920353137,55912.28840979669,0.756927809394157,321.5810293119681,0.24591233650324157,0.6,1.3569699349930187,1.0342204941552797,0.0014240989452623865,260.10681321411204,260.4425926676214,0.0,1.5959408826503514
236.58568877216754,4733.172877253252,79.0282472570006,257.40726697373094,56000.248886230074,0.7578918908635629,321.62912281249027,0.24571234895004845,0.6,1.3569699349930187,1.0341634008366185,0.001422190676708107,260.18010317945306,260.5154369895958,0.0,1.5948712572850194
236.7357114029679,4721.320783826529,78.97584156907618,257.48419112825405,56088.26323671611,0.7588562744770853,321.6771774002492,0.24551272865345342,0.6,1.3569699349930187,1.034106476363858,0.0014202869751924465,260.2533510735581,260.5882402940022,0.0,1.5938034765760951
236.88573403376824,4709.476545754667,78.92352497839683,257.56106458517837,56176.33144739543,0.7598209600924213,321.7251931465783,0.24531347454173164,0.6,1.3569699349930187,1.0340497200655985,0.0014183878241503217,260.3265569526556,260.6610026334329,0.0,1.5927375349329445
237.03575666456862,4697.640149686344,78.87129723356107,257.6378874305914,56264.4535044611,0.7607859475678248,321.7731701226245,0.24511458554330062,0.6,1.3569699349930187,1.0339931312391517,0.001416493208964944,260.3997208728093,260.7337240603208,0.0,1.5916734278381905
237.18577929536897,4685.811582311602,78.81915808513762,257.71465975031384,56352.629394090276,0.7617512367613591,321.82110839931164,0.24491606059394894,0.6,1.3569699349930187,1.033936709210353,0.0014146031135844385,260.4728428900221,260.8064046270627,0.0,1.5906111499491886
237.33580192616932,4673.990830360976,78.76710728548804,257.7913816299053,56440.859102449096,0.7627168275309497,321.8690080473443,0.2447178986362739,0.6,1.3569699349930187,1.0338804533291708,0.0014127175210711098,260.54592306022806,260.8790443860099,0.0,1.5895506954043364
237.4858245569697,4662.177880596706,78.71514458658254,257.86805315472105,56529.14261575724,0.7636827197350925,321.91686913724374,0.24452009861286172,0.6,1.3569699349930187,1.0338243629134716,0.0014108364165265842,260.6189614391963,260.95164338935353,0.0,1.5884920594681426
237.63584718777005,4650.3727198177185,78.66326974127743,257.9446744098801,56617.4799202498,0.7646489132324347,321.9646917393277,0.24432265947026757,0.6,1.3569699349930187,1.033768437282028,0.0014089597851111655,260.69195808258803,261.0242016891923,0.0,1.5874352374192806
237.7858698185704,4638.575334866307,78.61148250504266,258.02124548022164,56705.87100212624,0.7656154078812182,322.0124759236838,0.24412558016439526,0.6,1.3569699349930187,1.0337126757993045,0.0014070876098470084,260.7649130460332,261.0967193376237,0.0,1.586380223312311
237.93589244937078,4626.785712617355,78.55978263327863,258.09776645037476,56794.315847629565,0.766582203540146,322.0602217602132,0.2439288596521229,0.6,1.3569699349930187,1.0336570778062646,0.0014052198753775407,260.8378263850123,261.1691963866032,0.0,1.5853270120943057
238.08591508017113,4615.0038399786545,78.50816988141077,258.17423740475675,56882.814443043215,0.7675493000683468,322.10792931862994,0.24373249689159404,0.6,1.3569699349930187,1.033601642622838,0.0014033565676561705,260.91069815486105,261.24163288794944,0.0,1.5842755994321627
238.23593771097148,4603.22970390122,78.45664400753957,258.25065842750587,56971.366774612456,0.7685166973245166,322.15559866841886,0.24353649085047152,0.6,1.3569699349930187,1.033546369616619,0.0014014976702466752,260.9835284108876,261.31402889348396,0.0,1.583225979625389
238.38596034177183,4591.463291371279,78.40520477045084,258.3270296025335,57059.972828603524,0.7694843951675664,322.2032298788686,0.2433408404997276,0.6,1.3569699349930187,1.0334912581515325,0.0013996431673220506,261.05631720828524,261.3863844549272,0.0,1.5821781472965897
238.5359829725722,4579.704589405949,78.3538519285433,258.40335101355225,57148.632591334914,0.770452393456962,322.2508230190896,0.24314554481029754,0.6,1.3569699349930187,1.0334363075600872,0.0013977930449783807,261.1290646020858,261.4586996238424,0.0,1.581132098135705
238.68600560337256,4567.953585062204,78.30258524213019,258.4796227440174,57237.3460491089,0.7714206920519783,322.29837815797714,0.24295060276024583,0.6,1.3569699349930187,1.0333815172031255,0.0013959472878806738,261.2017706472608,261.5309744517563,0.0,1.5800878270052907
238.83602823417291,4556.21026543599,78.25140447325431,258.55584487713304,57326.11318821717,0.7723892908117594,322.3458953642161,0.24275601333418145,0.6,1.3569699349930187,1.033326886465208,0.0013941058798214326,261.27443539871433,261.60320899015056,0.0,1.579045328254168
238.9860508649733,4544.474617653583,78.20030938352765,258.6320174959079,57414.93399500463,0.7733581895960169,322.39337470631557,0.24256177551652316,0.6,1.3569699349930187,1.033272414698625,0.0013922688066091624,261.347058911188,261.6754032903483,0.0,1.5780045973527141
239.13607349577364,4532.7466288765345,78.14929973540335,258.7081406831235,57503.808455831546,0.7743273882646149,322.44081625258934,0.24236788829545636,0.6,1.3569699349930187,1.0332181012564725,0.0013904360540992562,261.4196412393174,261.7475574035813,0.0,1.5769656297799817
239.286096126574,4521.026286308215,78.0983752938809,258.7842145212912,57592.73655702242,0.7752968866770139,322.48822007112943,0.24217435066823584,0.6,1.3569699349930187,1.0331639455371269,0.001388607606031691,261.4921824377073,261.81967138107944,0.0,1.5759284197967813
239.43611875737437,4509.3135771832185,78.04753582384713,258.86023909272154,57681.718284945506,0.7762666846931384,322.53558622984946,0.2419811616328993,0.6,1.3569699349930187,1.0331099469152412,0.0013867834477514906,261.5646825608155,261.89174527393214,0.0,1.5748929625542887
239.58614138817472,4497.608488767687,77.99678109017532,258.9362144795218,57770.75362600931,0.777236782173338,322.5829147964833,0.24178832018857316,0.6,1.3569699349930187,1.0330561047443416,0.0013849635658923578,261.63714166295745,261.9637791330938,0.0,1.573859253917273
239.73616401897507,4485.91100836948,77.94611086035135,259.01214076353,57859.84256658398,0.7782071789775303,322.63020583854416,0.24159582534363944,0.6,1.3569699349930187,1.0330024184253237,0.0013831479447167436,261.70955979842165,262.03577300952117,0.0,1.5728272883855736
239.88618664977545,4474.221123330267,77.89552490249532,259.0880180263663,57948.9850930608,0.7791778749658511,322.67745942335705,0.241403676109571,0.6,1.3569699349930187,1.0329488873550885,0.0013813365690938967,261.7819370213835,262.1077269540707,0.0,1.5717970607840057
240.0362092805758,4462.538821021293,77.84502298430436,259.16384634946036,58038.18119188309,0.7801488699989901,322.7246756180758,0.24121187149763848,0.6,1.3569699349930187,1.0328955108990137,0.0013795294257917525,261.85427338585936,262.17964101744354,0.0,1.5707685669989746
240.18623191137615,4450.864088852226,77.79460487533788,259.23962581399417,58127.43084947796,0.7811201639374471,322.77185448964775,0.2410204105260144,0.6,1.3569699349930187,1.0328422884506434,0.0013777265001512604,261.926568945807,262.251515250305,0.0,1.5697418020874168
240.33625454217653,4439.1969142702565,77.7442703468253,259.31535650090746,58216.73405226171,0.7820917566415925,322.81899610481736,0.24082929221916735,0.6,1.3569699349930187,1.032789219426842,0.001375927776654075,261.9988237551173,262.3233497032748,0.0,1.5687167605977532
240.48627717297688,4427.537284751623,77.69401916952883,259.3910384909532,58306.09078670417,0.783063647972367,322.86610053016096,0.24063851560120955,0.6,1.3569699349930187,1.0327363032120644,0.0013741332417753019,262.07103786752157,262.39514442681644,0.0,1.567693438195574
240.63629980377723,4415.8851878064725,77.64385111501005,259.4666718646656,58395.50103929,0.7840358377908604,322.9131678320671,0.24044807969983187,0.6,1.3569699349930187,1.0326835391914817,0.0013723428820255773,262.14321133664714,262.4668994713032,0.0,1.5666718305497584
240.7863224345776,4404.2406109853155,77.5937659573134,259.5422567023186,58484.964796468455,0.7850083259577653,322.9601980767107,0.24025798355153052,0.6,1.3569699349930187,1.0326309267951665,0.0013705566818225272,262.215344216091,262.5386148871059,0.0,1.5656519321167637
240.93634506537796,4392.603541868589,77.54376347033049,259.6177930839931,58574.48204473209,0.785981112334234,323.0071913300955,0.2400682261934071,0.6,1.3569699349930187,1.0325784654292545,0.0013687746271731876,262.2874365593053,262.61029072445643,0.0,1.5646337382414002
241.0863676961783,4380.973968066984,77.49384342790381,259.6932810895755,58664.05277061393,0.7869541967818471,323.054147658053,0.2398788066634874,0.6,1.3569699349930187,1.032526154478682,0.0013669967053526373,262.35948841960277,262.68192703345363,0.0,1.5636172449759833
241.2363903269787,4369.351877231481,77.4440056064296,259.768720798692,58753.6769606085,0.787927579161755,323.10106712620205,0.23968972400880453,0.6,1.3569699349930187,1.032473993375487,0.001365222901282834,262.4314998502695,262.7535238641983,0.0,1.562602447010331
241.38641295777904,4357.737257045542,77.3942497828904,259.8441122907595,58843.35460123134,0.7889012593353266,323.14794979998044,0.23950097727927805,0.6,1.3569699349930187,1.032421981547405,0.0013634532004903758,262.50347090448054,262.8250812666918,0.0,1.5615893393611788
241.5364355885794,4346.130095220948,77.3445757338126,259.9194556450125,58933.08567904987,0.789875237164482,323.19479574466226,0.2393125655244713,0.6,1.3569699349930187,1.0323701183905494,0.0013616875903768955,262.5754016352543,262.8965992907823,0.0,1.5605779181012707
241.68645821937977,4334.530379506546,77.29498323753607,259.99475094044647,59022.870180615326,0.7908495125109557,323.2416050253224,0.23912448780063716,0.6,1.3569699349930187,1.032318403329063,0.0013599260569211896,262.64729209555213,262.9680779862825,0.0,1.5595681784718272
241.83648085018012,4322.93809768734,77.24547207401446,260.06999825582375,59112.708092468194,0.7918240852363545,323.28837770684066,0.23893674317009006,0.6,1.3569699349930187,1.0322668358100342,0.001358168585255868,262.71914233826953,263.03951740295975,0.0,1.5585601152107644
241.98650348098047,4311.353237576137,77.19604202270044,260.1451976697276,59202.59940120225,0.7927989552028534,323.33511385393587,0.23874933069463392,0.6,1.3569699349930187,1.0322154152480045,0.001356415162485147,262.790952416145,263.110917590427,0.0,1.5575537241689361
242.13652611178085,4299.775787018382,77.1466928638073,260.22034926053095,59292.54409342597,0.7937741222727768,323.381813531146,0.2385622494394758,0.6,1.3569699349930187,1.0321641410581706,0.0013546657757378313,262.8627223818151,263.1822785982084,0.0,1.5565490011951941
242.2865487425812,4288.205733898496,77.09742437997113,260.2954531063551,59382.54215571234,0.7947495863080538,323.42847680280335,0.23837549847837913,0.6,1.3569699349930187,1.0321130127002667,0.0013529204100717915,262.9344522878867,263.25360047582524,0.0,1.555545940931742
242.43657137338155,4276.643066129575,77.04823635363779,260.3705092851369,59472.59357467804,0.7957253471710781,323.47510373307597,0.23818907688554658,0.6,1.3569699349930187,1.0320620296099041,0.0013511790521192146,263.00614218682443,263.3248832726615,0.0,1.5545445389072414
242.58659400418193,4265.087771653761,76.99912856717113,260.4455178746259,59562.69833697937,0.7967014047246628,323.52169438596655,0.2380029837359529,0.6,1.3569699349930187,1.0320111912014212,0.0013494416897603329,263.0777921309554,263.39612703797013,0.0,1.5535447913519118
242.73661663498228,4253.539838452126,76.95010080543324,260.5204789523205,59652.856429234394,0.7976777588311967,323.5682488252725,0.23781721811334597,0.6,1.3569699349930187,1.0319604969360203,0.001347708308540134,263.14940217258146,263.46733182100553,0.0,1.552546693135876
242.88663926578263,4241.999254536942,76.90115285382743,260.5953925955181,59743.06783808241,0.7986544093532905,323.6147671146178,0.23763177910416738,0.6,1.3569699349930187,1.0319099462703099,0.0013459788946063188,263.2209723638948,263.53849767092396,0.0,1.5515502394581688
243.036661896583,4230.46600794763,76.85228449727032,260.67025888134117,59833.33255021417,0.7996313561541019,323.6612493174689,0.23744666579436077,0.6,1.3569699349930187,1.0318595386291913,0.0013442534359586894,263.292502756934,263.6096246367304,0.0,1.5505554265684123
243.18668452738336,4218.940086759384,76.80349552244621,260.74507788668154,59923.650552304076,0.8006085990966036,323.7076954971007,0.23726187727635936,0.6,1.3569699349930187,1.031809273465475,0.0013425319191784067,263.3639934036817,263.68071276739505,0.0,1.5495622498826729
243.3367071581837,4207.421479082238,76.7547857175999,260.81984968820626,60014.02183101598,0.8015861380436445,323.7541057166001,0.23707741264843638,0.6,1.3569699349930187,1.0317591502545576,0.0013408143300134329,263.4354443560558,263.7517621118428,0.0,1.5485707043189114
243.4867297889841,4195.910173052864,76.70615487044415,260.894574362411,60104.44637306689,0.8025639728586409,323.8004800388997,0.23689327100821184,0.6,1.3569699349930187,1.0317091684391742,0.001339100656162169,263.50685566582,263.82277271884647,0.0,1.5475807859039434
243.63675241978444,4184.406156839367,76.65760276941621,260.96925198558864,60194.92416518804,0.8035421034051536,323.8468185267581,0.2367094514565451,0.6,1.3569699349930187,1.031659327462658,0.0013373908853370467,263.57822738463796,263.893744637091,0.0,1.5465924906573811
243.7867750505848,4172.909418647488,76.60912920531915,261.04388263378934,60285.45519407566,0.8045205295463574,323.89312124273545,0.23652595310261595,0.6,1.3569699349930187,1.0316096268125476,0.001335685003201303,263.6495595641443,263.9646779152585,0.0,1.5456058133979076
243.93679768138517,4161.419946710473,76.56073396873103,261.1184663828861,60376.03944646918,0.805499251145886,323.9393882492346,0.23634277505588866,0.6,1.3569699349930187,1.031560065952071,0.001333982996977922,263.72085225583396,264.03557260189564,0.0,1.5446207498288875
244.08682031218552,4149.937729289463,76.51241685011748,261.19300330857214,60466.67690914765,0.8064782680677929,323.98561960849923,0.23615991642645826,0.6,1.3569699349930187,1.031510644323137,0.0013322848551185263,263.7921055110667,264.10642874541946,0.0,1.5436372963494234
244.23684294298587,4138.462754683224,76.46417764238986,261.26749348629806,60557.367568851994,0.8074575801757119,324.0318153825754,0.23597737633297122,0.6,1.3569699349930187,1.0314613614142958,0.0013305905637571178,263.86331938117803,264.1772463942489,0.0,1.5426554480008885
244.38686557378625,4126.995011220519,76.41601613895841,261.341936991321,60648.111412343926,0.8084371873334942,324.07797563334196,0.23579515389658753,0.6,1.3569699349930187,1.0314122167092206,0.0013289001096286977,263.9344939173953,264.2480255967056,0.0,1.5416752001556138
244.5368882045866,4115.534487256141,76.36793213271847,261.4163338987306,60738.908426436916,0.8094170894055426,324.1241004225272,0.23561324823783686,0.6,1.3569699349930187,1.0313632096598147,0.0013272134812981145,264.0056291707952,264.3187664009619,0.0,1.5406965492312454
244.68691083538695,4104.081171179419,76.3199254182899,261.49068428339365,60829.758597927525,0.8103972862560689,324.17018981167416,0.23543165848355077,0.6,1.3569699349930187,1.0313143397457745,0.0013255306659157974,264.07672519239964,264.3894688551563,0.0,1.5397194908098597
244.83693346618733,4092.6350514132787,76.27199579180284,261.56498821996024,60920.66191360211,0.811377777749169,324.2162438621453,0.2352503837661916,0.6,1.3569699349930187,1.0312656064690529,0.001323851649811841,264.1477820331671,264.46013300738207,0.0,1.5387440199806113
244.98695609698768,4081.1961164061827,76.22414304882646,261.6392457829162,61011.61836029986,0.8123585637495012,324.26226263515474,0.23506942321743565,0.6,1.3569699349930187,1.0312170092988273,0.0013221764212462573,264.2187997439046,264.5307589055824,0.0,1.5377701329375713
245.13697872778803,4069.7643546368595,76.17636698562085,261.7134570465521,61102.62792487408,0.8133396441218693,324.30824619174933,0.2348887759720457,0.6,1.3569699349930187,1.0311685477048382,0.0013205049684828797,264.2897783753208,264.60134659761434,0.0,1.5367978258624833
245.2870013585884,4058.3397546204114,76.1286674007578,261.78762208492384,61193.69059414305,0.8143210187306926,324.35419459278444,0.2347084411728812,0.6,1.3569699349930187,1.0311202212007091,0.001318837277757762,264.36071797809655,264.67189613133166,0.0,1.5358270937418312
245.43702398938876,4046.9223048983426,76.08104409255174,261.86174097191736,61284.80635496821,0.8153026874408497,324.4001078989643,0.23452841796294188,0.6,1.3569699349930187,1.0310720292755848,0.0013171733368526233,264.43161860277485,264.7424075544546,0.0,1.534857932445112
245.5870466201891,4035.511994038937,76.03349685917645,261.9358137812461,61375.9751942504,0.8162846501176366,324.44598617084034,0.23434870548572678,0.6,1.3569699349930187,1.0310239713972535,0.0013155131347589756,264.5024802997665,264.81288091457566,0.0,1.5338903385318605
245.7370692509895,4024.108810646872,75.98602550120171,262.0098405863886,61467.19709885217,0.8172669066259314,324.4918294687733,0.23416930289307653,0.6,1.3569699349930187,1.0309760470799334,0.0013138566581680805,264.5733031194585,264.88331625928924,0.0,1.5329243072062169
245.88709188178984,4012.7127433556843,75.93862981965637,262.0838214606373,61558.472055657,0.8182494568308314,324.537637852963,0.2339902093391756,0.6,1.3569699349930187,1.0309282558327066,0.0013122038943706794,264.64408711213173,264.95371363609354,0.0,1.5319598340053708
246.0371145125902,4001.323780823859,75.89130961502825,262.1577564771243,61649.80005159985,0.8192323005979818,324.58341138346464,0.23381142397745594,0.6,1.3569699349930187,1.0308805971328212,0.0013105548324657472,264.71483232791905,265.0240730923398,0.0,1.5309969155066934
246.18713714339057,3989.941911743254,75.84406468948922,262.23164570876617,61741.18107359864,0.8202154377928389,324.62915012015526,0.23363294596747392,0.6,1.3569699349930187,1.030833070485229,0.0013089094601420846,264.7855388169,265.09439467534577,0.0,1.5300355474499905
246.33715977419092,3978.567124838142,75.79689484667371,262.3054892282705,61832.61510856107,0.8211988682807437,324.6748541227374,0.2334547744742193,0.6,1.3569699349930187,1.0307856754168156,0.0013072677642808929,264.8562066290918,265.16467843238456,0.0,1.5290757250873144
246.48718240499127,3967.1994088572656,75.74979988962842,262.37928710818744,61924.102143447606,0.8221825919275991,324.7205234507712,0.2332769086617722,0.6,1.3569699349930187,1.0307384114215885,0.0013056297336733707,264.9268358143625,265.2349244105814,0.0,1.5281174447718258
246.63720503579165,3955.8387525785433,75.70277962205962,262.453039420879,62015.64216523269,0.8231666085994531,324.7661581636563,0.23309934769715582,0.6,1.3569699349930187,1.0306912779941,0.0013039953571046658,264.9974264224847,265.30513265697675,0.0,1.5271607028393093
246.787227666592,3944.485144815066,75.655833849934,262.52674623848014,62107.235160855525,0.8241509181619695,324.811758320607,0.23292209075527848,0.6,1.3569699349930187,1.0306442746724733,0.0013023646213532402,265.067978503203,265.3753032186076,0.0,1.5262054944359131
246.93725029739235,3933.1385744052527,75.6089623789305,262.6004076329628,62198.881117298486,0.8251355204812713,324.8573239806925,0.23274513701105357,0.6,1.3569699349930187,1.0305974009701984,0.001300737514729588,265.1384921061271,265.44543614237915,0.0,1.5252518155892254
247.08727292819273,3921.7990302132644,75.56216501456143,262.6740236761332,62290.58002158328,0.826120415423899,324.9028552028356,0.23256848563977148,0.6,1.3569699349930187,1.03055065637938,0.0012991140267356927,265.2089672807368,265.5155314750712,0.0,1.5242996630112888
247.23729555899308,3910.4665011384827,75.51544156468796,262.74759443957004,62382.331860693004,0.827105602855974,324.9483520457743,0.232392135824866,0.6,1.3569699349930187,1.0305040404383607,0.0012974941445904012,265.2794040764888,265.58558926346524,0.0,1.5233490320610517
247.38731818979343,3899.140976108043,75.4687918375927,262.8211199946734,62474.1366216319,0.8280910826438398,324.99381456809226,0.23221608675195443,0.6,1.3569699349930187,1.030457552680095,0.0012958778561106958,265.34980254273603,265.6556095542477,0.0,1.5223999184326436
247.5373408205938,3887.822444073022,75.4222156409932,262.89460041268904,62565.994291455325,0.8290768546543844,325.0392428282342,0.2320403376057881,0.6,1.3569699349930187,1.0304111926056516,0.0012942651509007923,265.42016272868545,265.72559239396037,0.0,1.521452318855378
247.68736345139416,3876.510894016759,75.37571278425284,262.96803576465476,62657.904857201465,0.830062918754307,325.08463688447273,0.231864887577076,0.6,1.3569699349930187,1.0303649597437257,0.0012926560171589853,265.4904846834924,265.7955378291123,0.0,1.5205062292190175
247.8373860821945,3865.2063149538635,75.32928307815233,263.0414261214065,62749.86830589848,0.8310492748101953,325.1299967949125,0.23168973586177286,0.6,1.3569699349930187,1.0303188536446366,0.001291050442288571,265.5607684562511,265.86544590616825,0.0,1.5195616449307239
247.9874087129949,3853.908695922421,75.28292633285987,263.1147715536293,62841.88462462692,0.8320359226891947,325.1753226175214,0.23151488165480924,0.6,1.3569699349930187,1.0302728738257356,0.0012894484155834992,265.6310140959093,265.9353166714472,0.0,1.5186185624950834
248.13743134379524,3842.618025988651,75.23664235917396,263.18807213182663,62933.953800481184,0.8330228622585955,325.2206144101124,0.23134032415392472,0.6,1.3569699349930187,1.0302270198049042,0.0012878499263221147,265.7012216513209,266.0051501711848,0.0,1.5176769783943342
248.2874539745956,3831.3342942527843,75.1904309701047,263.2613279262826,63026.07582052041,0.8340100933853054,325.2658722303199,0.23116606256454272,0.6,1.3569699349930187,1.030181291143305,0.001286254961796836,265.77139117131316,266.07494645161364,0.0,1.516736887926641
248.43747660539597,3820.057489839374,75.14429197834615,263.33453900712465,63118.25067184703,0.8349976159366934,325.31109613563893,0.23099209609196553,0.6,1.3569699349930187,1.0301356873773204,0.0012846635108189266,265.8415227045805,266.1447055588359,0.0,1.515798287270135
248.58749923619632,3808.7876018977295,75.09822519640154,263.4077054443208,63210.47834160216,0.8359854297805391,325.3562861834233,0.2308184239417586,0.6,1.3569699349930187,1.0300902080219232,0.0012830755633733346,265.9116162996897,266.21442753883025,0.0,1.5148611732819295
248.73752186699667,3797.524619611242,75.05223043907834,263.4808273076191,63302.75881688857,0.8369735347842077,325.4014424308488,0.23064504532744265,0.6,1.3569699349930187,1.0300448526381505,0.0012814911071787317,265.9816720051859,266.2841124375777,0.0,1.5139255414683026
248.88754449779705,3786.268532190024,75.00630752156991,263.55390466659543,63395.09208483013,0.8379619308152875,325.44656493494233,0.23047195946457102,0.6,1.3569699349930187,1.0299996207814106,0.0012799101305507488,266.0516898695117,266.35376030096506,0.0,1.5129913876728889
249.0375671285974,3775.0193288671667,74.96045625848234,263.62693759067764,63487.47813260141,0.8389506177419062,325.4916537525976,0.23029916556772576,0.6,1.3569699349930187,1.0299545119751807,0.001278332623571825,266.1216699409667,266.42337117473676,0.0,1.5120587087696316
249.18758975939775,3763.776998906953,74.91467646603154,263.6999261490925,63579.91694735993,0.8399395954320058,325.53670894054187,0.2301266628572891,0.6,1.3569699349930187,1.0299095257705002,0.001276758574922736,266.1916122678001,266.49294510460516,0.0,1.5111275007909504
249.33761239019813,3752.541531603859,74.86896796180775,263.7728704108719,63672.40851625299,0.8409288637534166,325.5817305553406,0.2299544505587114,0.6,1.3569699349930187,1.029864661739734,0.0012751879725017197,266.26151689820153,266.56248213623917,0.0,1.5101977592917972
249.48763502099848,3741.3129162748896,74.82333056276576,263.8457704449029,63764.952826480185,0.8419184225745253,325.626718653428,0.2297825278963117,0.6,1.3569699349930187,1.0298199194221986,0.0012736208060788773,266.33138388021626,266.6319823151636,0.0,1.509269480920987
249.63765765179883,3730.091142264177,74.77776408646326,263.91862631989744,63857.54986525465,0.8429082717638605,325.6716732910889,0.22961089409709295,0.6,1.3569699349930187,1.029775298357733,0.001272057065399438,266.401213261798,266.7014456868219,0.0,1.508342662300075
249.7876802825992,3718.8761989487703,74.73226835262317,263.9914381043553,63950.19961975467,0.8438984111895759,325.71659452443555,0.2294395483955506,0.6,1.3569699349930187,1.0297307981291892,0.0012704967382431494,266.47100509087477,266.7708722966541,0.0,1.5074172988720596
249.93770291339956,3707.6680757290883,74.68684318062579,264.06420586662557,64042.902077201026,0.8448888407202771,325.7614824094463,0.22926849002594069,0.6,1.3569699349930187,1.0296864182944874,0.0012689398138958257,266.54075941524366,266.84026218997184,0.0,1.506493386958522
250.0877255441999,3696.4667620293435,74.64148838963831,264.13692967490425,64135.65722485362,0.8458795602249853,325.8063370019638,0.22909771822267658,0.6,1.3569699349930187,1.0296421583901358,0.0012673862827996432,266.61047628257705,266.9096154119655,0.0,1.5055709235546506
250.2377481750003,3685.272247306766,74.5962038010896,264.2096095971741,64228.465049933555,0.8468705695723049,325.85115835765833,0.22892723222794828,0.6,1.3569699349930187,1.0295980179985362,0.0012658361331471081,266.6801557405262,266.97893200782755,0.0,1.5046499043070276
250.38777080580064,3674.0845210443194,74.55098923676104,264.2822457012521,64321.32553968303,0.8478618686310642,325.8959465320571,0.22875703128583635,0.6,1.3569699349930187,1.0295539966962357,0.0012642893537266591,266.7497978366418,267.0482120226577,0.0,1.5037303252017982
250.537793436601,3662.9035727470164,74.50584451782603,264.3548380548134,64414.23868139494,0.8488534572706301,325.9407015805592,0.22858711463935177,0.6,1.3569699349930187,1.02951009402781,0.0012627459350736715,266.8194026183341,267.1174555014155,0.0,1.5028121832506627
250.68781606740137,3651.7293919500507,74.4607694670339,264.4273867253383,64507.20446234479,0.8498453353601826,325.9854235584032,0.22841748153715707,0.6,1.3569699349930187,1.029466309565344,0.0012612058663261086,266.8889701329645,267.1866624890294,0.0,1.501895474621835
250.83783869820172,3640.561968217788,74.41576390846748,264.499891780119,64600.22286979796,0.8508375027687916,326.0301125206713,0.22824813123281457,0.6,1.3569699349930187,1.0294226429019646,0.0012596691358517183,266.9585004278358,267.25583303038457,0.0,1.5009801950111725
250.98786132900207,3629.4012911362006,74.3708276655527,264.5723532863086,64693.29389107181,0.8518299593660802,326.07476852231963,0.22807906297865563,0.6,1.3569699349930187,1.02937909359767,0.0012581357338718377,267.0279935501092,267.3249671702245,0.0,1.5000663412049466
251.13788395980245,3618.247350317444,74.32596056229296,264.64477131089154,64786.417513497334,0.8528227050218152,326.1193916181605,0.2279102760295779,0.6,1.3569699349930187,1.0293356612129916,0.0012566056505739476,267.09744954685635,267.3940649532128,0.0,1.4991539099573228
251.2879065906028,3607.1001354055497,74.28116242481258,264.7171459206463,64879.59372437016,0.8538157396053856,326.1639818628391,0.22774176964778978,0.6,1.3569699349930187,1.0292923453512046,0.0012550788742001734,267.16686846512374,267.46312642400966,0.0,1.4982428968493735
251.43792922140315,3595.959636066989,74.23643307886849,264.7894771822072,64972.822511029015,0.8548090629866375,326.20853931087225,0.2275735430951493,0.6,1.3569699349930187,1.0292491455905257,0.0012535553944863188,267.2362503518297,267.53215162714895,0.0,1.497333298339455
251.58795185220353,3584.8258419911317,74.19177234998375,264.86176516206075,65066.10386085086,0.8558026750358244,326.2530640166461,0.22740559563357338,0.6,1.3569699349930187,1.0292060614877478,0.0012520352023076833,267.30559525376987,267.601140607045,0.0,1.496425111554253
251.73797448300388,3573.6987428993466,74.14718006590275,264.9340099264872,65159.4377611741,0.8567965756227872,326.2975560343799,0.22723792653258587,0.6,1.3569699349930187,1.0291630926454107,0.0012505182863062562,267.37490321771986,267.6700934081147,0.0,1.4955183322740422
251.88799711380423,3562.578328537775,74.1026560546907,265.00621154160694,65252.824199358176,0.8577907646175905,326.34201541815537,0.2270705350634669,0.6,1.3569699349930187,1.0291202386599752,0.001249004635719063,267.4441742903565,267.73901007468345,0.0,1.4946129566208954
252.0380197446046,3551.464588673742,74.0582001437858,265.0783700734042,65346.26316281304,0.8587852418908358,326.38644222193096,0.22690342049633574,0.6,1.3569699349930187,1.0290774990959015,0.0012474942415107246,267.51340851821874,267.80789065093853,0.0,1.4937089817378022
252.18804237540496,3540.357513103789,74.01381216217015,265.15048558767455,65439.75463893084,0.8597800073129342,326.43083649951,0.22673658210682326,0.6,1.3569699349930187,1.0290348735451122,0.0012459870932526923,267.5826059477981,267.8767351810369,0.0,1.4928064039223112
252.3380650062053,3529.2570916526333,73.96949194012043,265.22255815003194,65533.29861509391,0.8607750607541922,326.475198304545,0.2265700191752994,0.6,1.3569699349930187,1.0289923616203023,0.0012444831797583768,267.6517666255286,267.94554370909316,0.0,1.4919052190047042
252.4880876370057,3518.1633141657403,73.92523930723657,265.2945878259568,65626.89507873647,0.8617704020854674,326.51952769056726,0.2264037309808107,0.6,1.3569699349930187,1.028949962900966,0.0012429824916770041,267.7208905977054,268.0143162790822,0.0,1.4910054239023365
252.63811026780604,3507.0761705138593,73.88105409367216,265.36657468076646,65720.54401730563,0.862766031177754,326.5638247109693,0.22623771680485985,0.6,1.3569699349930187,1.028907676967139,0.001241485019615221,267.78997791053587,268.08305293490037,0.0,1.4901070154956688
252.7881328986064,3495.9956505986,73.83693613165947,265.43851877957917,65814.24541821374,0.8637619479016773,326.6080894189823,0.22607197593608688,0.6,1.3569699349930187,1.0288655034413583,0.0012399907522541312,267.8590286102033,268.15175372044104,0.0,1.4892099894974824
252.93815552940677,3484.921744343145,73.79288525304013,265.51042018737417,65907.99926891564,0.8647581521283129,326.65232186771357,0.22590650766267778,0.6,1.3569699349930187,1.028823441920967,0.0012384996797564988,267.92804274276483,268.2204186794729,0.0,1.488314342496622
253.08817816020712,3473.8544416927234,73.74890128940275,265.58227896898893,66001.80555690455,0.8657546437291453,326.696522110145,0.22574131127278568,0.6,1.3569699349930187,1.0287814919818925,0.0012370117934081555,267.9970203541574,268.28904785564737,0.0,1.4874200717450812
253.23820079100747,3462.793732623568,73.70498407451882,265.6540951890606,66095.66426963493,0.8667514225752465,326.74069019909695,0.22557638606200914,0.6,1.3569699349930187,1.0287396532456667,0.0012355270822777284,268.065961490299,268.35764129261844,0.0,1.4865271731505947
253.38822342180785,3451.73960713579,73.66113344245066,265.72586891207254,66189.57539458212,0.8677484885379108,326.7848261872572,0.22541173132757608,0.6,1.3569699349930187,1.0286979253275272,0.0012340455360281188,268.1348661970104,268.42619903394996,0.0,1.4856356429649655
253.5382460526082,3440.692055249854,73.61734922661603,265.79760020237705,66283.53891927178,0.8687458414889672,326.82893012719495,0.22524734636546925,0.6,1.3569699349930187,1.0286563078106858,0.00123256714603098,268.2037345199771,268.49472112306995,0.0,1.4847454784563823
253.68826868340855,3429.651067014507,73.57363126194622,265.86928912414413,66377.5548312119,0.8697434813000571,326.87300207132967,0.22508323047704965,0.6,1.3569699349930187,1.0286148003057862,0.0012310919022690203,268.2725665048386,268.563207603377,0.0,1.4838566760456415
253.8382913142089,3418.616632505737,73.52997938463008,265.9409357413678,66471.6231179002,0.8707414078427135,326.91704207193493,0.22491938296826544,0.6,1.3569699349930187,1.0285734024439745,0.0012296197939789394,268.34136219717817,268.63165851822777,0.0,1.4829692316913428
253.98831394500928,3407.5887418194543,73.48639343016129,266.01254011791406,66565.74376688637,0.8717396209890215,326.96105018116805,0.22475580314365493,0.6,1.3569699349930187,1.0285321138231336,0.0012281508122159541,268.41012164244245,268.7000739108414,0.0,1.4820831424359213
254.13833657580963,3396.5673850759895,73.44287323456496,266.08410231749144,66659.91676573279,0.8727381206112015,327.0050264510523,0.22459249031010917,0.6,1.3569699349930187,1.0284909340417114,0.001226684947984223,268.47884488599254,268.7684538243601,0.0,1.4811984052801852
254.28835920660998,3385.552552425575,73.39941863590444,266.15562240361555,66754.14210196708,0.873736906581106,327.0489709334548,0.22442944378149146,0.6,1.3569699349930187,1.0284498627404133,0.001225222190381869,268.54753197316626,268.83679830192347,0.0,1.4803150160626237
254.43838183741036,3374.5442340391814,73.3560294718308,266.22710043966833,66848.41976315914,0.8747359787710365,327.0928836801239,0.2242666628711138,0.6,1.3569699349930187,1.0284088995346312,0.0012237625299770087,268.61618294917736,268.90510738654797,0.0,1.4794329714966497
254.5884044682107,3363.5424201090073,73.31270557972421,266.2985364888951,66942.74973691689,0.8757353370536984,327.1367647426866,0.22410414689216973,0.6,1.3569699349930187,1.028368044018346,0.0012223059584448106,268.6847978591219,268.9733811211347,0.0,1.478552268953725
254.73842709901106,3352.547100857318,73.26944679911114,266.3699306143471,67037.13201080968,0.8767349813013899,327.18061417261396,0.2239418951651446,0.6,1.3569699349930187,1.028327295831017,0.0012208524652591026,268.7533767480777,269.0416195485881,0.0,1.4776729044631762
254.88844972981144,3341.558266529395,73.22625296978053,266.44128287892727,67131.56657242766,0.8777349113866301,327.22443202124913,0.22377990701203326,0.6,1.3569699349930187,1.0282866546056029,0.0012194020404873382,268.82191966102755,269.1098227117235,0.0,1.4767948744006918
255.0384723606118,3330.5759073900776,73.18312393086045,266.51259334541265,67226.05340941099,0.8787351271824689,327.26821833982143,0.22361818175350653,0.6,1.3569699349930187,1.0282461199430128,0.0012179546758873596,268.89042664282096,269.17799065322254,0.0,1.475918176153917
255.18849499141214,3319.600013731603,73.14005952296387,266.58386207640353,67320.59250938187,0.8797356285617679,327.311973179415,0.22345671871548792,0.6,1.3569699349930187,1.0282056914715632,0.0012165103618322665,268.95889773826315,269.24612341573834,0.0,1.4750428062611602
255.33851762221252,3308.63057587255,73.09705958792597,266.65508913433024,67415.18385995255,0.8807364153972848,327.3556965909734,0.22329551722834312,0.6,1.3569699349930187,1.0281653688398211,0.00121506908796104,269.0273329921043,269.31422104188283,0.0,1.4741687608035805
255.48854025301287,3297.6675841506394,73.05412396686968,266.7262745815,67509.82744878679,0.8817374875623233,327.3993886253282,0.22313457662094757,0.6,1.3569699349930187,1.0281251516630274,0.0012136308457143306,269.09573244896023,269.3822835741325,0.0,1.4732960369430326
255.63856288381322,3286.7110289271773,73.0112525014285,266.79741848006785,67604.52326356097,0.8827388449303228,327.4430493331815,0.2229738962244324,0.6,1.3569699349930187,1.028085039557015,0.001212195626473485,269.1640961533633,269.45031105488835,0.0,1.4724246317950607
255.7885855146136,3275.7609005924587,72.96844503523563,266.868520892002,67699.27129191662,0.8837404873743556,327.4866787650847,0.22281347537674326,0.6,1.3569699349930187,1.0280450321796446,0.0012107634197330167,269.23242414982343,269.518303526549,0.0,1.4715545413182054
255.93860814541395,3264.8171895567284,72.92570141149159,266.9395818791419,67794.07152153747,0.8847424147679418,327.5302769714744,0.22265331341518363,0.6,1.3569699349930187,1.028005129163349,0.0012093342164461076,269.3007164827286,269.58626103139204,0.0,1.4706857623448608
256.0886307762143,3253.879886250665,72.8830214731095,267.0106015031956,67888.9239401451,0.8857446269850039,327.5738440026707,0.22249340967685835,0.6,1.3569699349930187,1.0279653301191618,0.0012079080086573632,269.3689731963515,269.65418361158146,0.0,1.4698182923604541
256.2386534070147,3242.948981134124,72.84040506511391,267.08157982568275,67983.82853542226,0.8867471238990552,327.6173799088425,0.22233376350601822,0.6,1.3569699349930187,1.0279256347034738,0.001206484786225677,269.43719433494755,269.7220713092849,0.0,1.4689521275103652
256.38867603781506,3232.0244646891556,72.79785203276492,267.15251690798004,68078.7852950726,0.8877499053838329,327.66088474003556,0.2221743742483097,0.6,1.3569699349930187,1.0278860425659766,0.001205064539603021,269.5053799426786,269.78992416658235,0.0,1.4680872642886522
256.5386986686154,3221.1063274166063,72.75536222064672,267.22341281134317,68173.79420684959,0.8887529713136023,327.70435854618586,0.22201524124798222,0.6,1.3569699349930187,1.0278465533242989,0.0012036472609138547,269.5735300635761,269.85774222542216,0.0,1.4672237001970034
256.68872129941576,3210.1945598438692,72.71293547480127,267.29426759685646,68268.8552584884,0.889756321562437,327.74780137708916,0.2218563638544188,0.6,1.3569699349930187,1.0278071666234545,0.0012022329409020719,269.64164474162817,269.92552552772503,0.0,1.4663614318858265
256.83874393021614,3199.2891525238315,72.67057164245902,267.3650813254399,68363.96843771443,0.8907599560043102,327.79121328240524,0.22169774142130655,0.6,1.3569699349930187,1.0277678821284641,0.001200821569589191,269.7097240207694,269.9932741153713,0.0,1.4655004555534046
256.98876656101646,3188.3900960277656,72.62827057012233,267.4358540578952,68459.13373230441,0.8917638745137398,327.8345943116863,0.22153937330076745,0.6,1.3569699349930187,1.0277286994709671,0.0011994131387819847,269.77776794480235,270.0609880301078,0.0,1.4646407684756702
257.13878919181684,3177.4973809497346,72.58603210478452,267.50658585487696,68554.35113004727,0.8927680769653739,327.87794451435946,0.22138125884708787,0.6,1.3569699349930187,1.0276896182832251,0.0011980076402198976,269.8457765574479,270.12866731360754,0.0,1.463782367877613
257.2888118226172,3166.6109979119256,72.54385609540186,267.57727677685847,68649.62061869717,0.893772563233497,327.9212639397058,0.22122339742121863,0.6,1.3569699349930187,1.0276506382393094,0.0011966050637744498,269.91374990240547,270.19631200754134,0.0,1.462925249832483
257.43883445341754,3155.7309375557093,72.50174239047875,267.64792688418936,68744.94218605047,0.8947773331928411,327.9645526368961,0.22106578838338242,0.6,1.3569699349930187,1.0276117589877525,0.0011952054007648137,269.98168802325466,270.2639221534607,0.0,1.462069411286381
257.5888570842179,3144.857190542138,72.4596908382169,267.7185362370926,68840.31581994105,0.8957823867185366,328.0078106549888,0.22090843109352898,0.6,1.3569699349930187,1.0275729801557039,0.0011938086435863446,270.0495909634621,270.3314977928058,0.0,1.4612148498335071
257.7388797150183,3133.989747560595,72.4177012888962,267.7891048956083,68935.74150816392,0.896787723685307,328.051038042896,0.2207513249186148,0.6,1.3569699349930187,1.0275343014155618,0.0011924147824640685,270.1174587664779,270.3990389670206,0.0,1.4603615617300645
257.8889023458186,3123.128599321866,72.37577359300656,267.85963291963867,69031.21923853485,0.8977933439680973,328.09423484941067,0.22059446922688455,0.6,1.3569699349930187,1.0274957224328307,0.0011910238082156464,270.18529147566073,270.46654571746285,0.0,1.4595095435832772
258.038924976619,3112.2737365547955,72.33390760034798,267.9301203689695,69126.74899891924,0.8987992474423785,328.1374011232206,0.22043786338511742,0.6,1.3569699349930187,1.0274572428409359,0.0011896357133137612,270.25308913424067,270.53401808536063,0.0,1.4586587930037618
258.1889476074194,3101.4251500139903,72.2921031621527,268.0005673032206,69222.33077716411,0.8998054339834309,328.1805369128777,0.22028150676511365,0.6,1.3569699349930187,1.0274188623006846,0.0011882504888546808,270.3208517854065,270.6014561119155,0.0,1.457809306748917
258.3389702382197,3090.5828304787156,72.25036013080916,268.07097378185256,69317.96456110654,0.9008119034664334,328.2236422668022,0.22012539874284626,0.6,1.3569699349930187,1.027380580492649,0.0011868681252238927,270.388579472294,270.6688598382891,0.0,1.4569610811290172
258.4889928690201,3079.746768745894,72.20867835796285,268.1413398642125,69413.650338635,0.9018186557671091,328.2667172333111,0.2199695386926525,0.6,1.3569699349930187,1.0273423970639668,0.001185488614576136,270.45627223790984,270.73622930551187,0.0,1.4561141135290274
258.63901549982046,3068.9169556345105,72.16705769573223,268.2116656095052,69509.38809764969,0.9028256907613076,328.3097618606006,0.21981392599094923,0.6,1.3569699349930187,1.0273043116624399,0.0011841119489910121,270.5239301251806,270.8035645545418,0.0,1.455268401278387
258.7890381306208,3058.093381990819,72.12549799816318,268.2819510767594,69605.17782601618,0.9038330083245179,328.35277619672524,0.2196585600206736,0.6,1.3569699349930187,1.0272663239774666,0.0011827381186988084,270.59155317701214,270.870865626335,0.0,1.4544239405600081
258.93906076142116,3047.276038679521,72.08399911883183,268.3521963248852,69701.0195116421,0.9048406083326745,328.39576028963353,0.21950344016395423,0.6,1.3569699349930187,1.0272284336728,0.0011813671153667565,270.659141436193,270.9381325617303,0.0,1.453580728428719
259.08908339222154,3036.4649165843125,72.04256091099751,268.42240141267035,69796.91314247236,0.9058484906621076,328.43871418716566,0.21934856580257767,0.6,1.3569699349930187,1.0271906403908329,0.0011799989317233886,270.7266949454007,271.0053654014569,0.0,1.4527387625825876
259.23910602302186,3025.660006616382,72.00118322996589,268.49256639872505,69892.85870641275,0.9068566551887395,328.4816379370199,0.2191939363252041,0.6,1.3569699349930187,1.0271529438191014,0.0011786335583420582,270.7942137472973,271.07256418624814,0.0,1.4518980393837015
259.38912865382224,3014.861299707558,71.9598659312284,268.56269134152654,69988.85619139,0.9078651017887167,328.5245315867798,0.21903955112167994,0.6,1.3569699349930187,1.027115343638063,0.0011772709863883965,270.8616978844549,271.1397289567527,0.0,1.4510585555475288
259.5391512846226,3004.0687868070604,71.91860886957384,268.63277629944025,70084.90558538029,0.9088738303387085,328.56739518392754,0.21888540958032304,0.6,1.3569699349930187,1.0270778394960889,0.0011759112086660146,270.92914739931973,271.20685975349164,0.0,1.4502203087887875
259.68917391542294,2993.282458889086,71.87741190119878,268.7028213306702,70181.00687634086,0.90988284071519,328.61022877581354,0.2187315110943653,0.6,1.3569699349930187,1.027040431068925,0.001174554216606225,270.9965623342976,271.2739566169601,0.0,1.4493832959670383
259.8391965462233,2982.5023069516888,71.83627488342522,268.7728264932668,70277.16005221955,0.9108921327945401,328.6530324096614,0.21857785506108554,0.6,1.3569699349930187,1.0270031180518544,0.0011732000009410095,271.0639427317431,271.3410195876146,0.0,1.4485475134996944
259.9892191770237,2971.7283220099207,71.79519767281856,268.84279184517084,70373.36510101486,0.9119017064536744,328.69580613259495,0.2184244408760621,0.6,1.3569699349930187,1.0269659001066742,0.0011718485541560015,271.1312886338834,271.4080487057819,0.0,1.4477129588759916
260.139241807824,2960.960495100164,71.75418012640004,268.91271744418583,70469.62201073731,0.9129115615696389,328.7385499916212,0.21827126793687232,0.6,1.3569699349930187,1.0269287768958943,0.0011704998686540764,271.1986000828678,271.4750440117182,0.0,1.4468796295250927
260.2892644386244,2950.1988172852502,71.71322210308453,268.9826033479444,70565.93076936241,0.9139216980191158,328.78126403361046,0.21811833564747618,0.6,1.3569699349930187,1.0268917481234132,0.0011691539350071212,271.26587712082585,271.5420055456781,0.0,1.4460475217348039
260.4392870694248,2939.4432796457927,71.67232346130025,269.0524496139647,70662.29136490771,0.9149321156792326,328.8239483053303,0.2179656434109499,0.6,1.3569699349930187,1.0268548134673825,0.0011678107452135545,271.33311978977144,271.60893334780053,0.0,1.445216632663974
260.5893097002251,2928.693873280703,71.63148405914559,269.12225629964723,70758.70378542789,0.915942814427511,328.86660285344425,0.21781319062996302,0.6,1.3569699349930187,1.0268179725846225,0.0011664702923185526,271.40032813160985,271.67582745811694,0.0,1.4443869601099018
260.7393323310255,2917.9505893155865,71.59070375673481,269.19202346222,70855.16801893835,0.9169537941410641,328.9092277244781,0.21766097671393148,0.6,1.3569699349930187,1.0267812251769983,0.0011651325672270322,271.467502188232,271.74268791666333,0.0,1.4435585005358897
260.88935496182586,2907.213418895992,71.54998241434497,269.26175115878243,70951.68405347526,0.9179650546972284,328.951822964847,0.21750900107336102,0.6,1.3569699349930187,1.0267445709391152,0.001163797561435919,271.53464200144015,271.80951476339203,0.0,1.4427312507609995
261.0393775926262,2896.482353184188,71.50931989153862,269.3314394463266,71048.25187712423,0.9189765959738624,328.9943886208684,0.21735726311717016,0.6,1.3569699349930187,1.0267080095334886,0.0011624652680634754,271.6017476129133,271.8763080381301,0.0,1.4419052085994846
261.18940022342656,2885.757383366665,71.468716049263,269.40108838168817,71144.87147795178,0.9199884178486285,329.03692473873224,0.2172057622590895,0.6,1.3569699349930187,1.0266715406500098,0.0011611356788597466,271.6688190642914,271.9430677806799,0.0,1.4410803710085034
261.3394228542269,2875.038500653046,71.42817074956132,269.4706980215535,71241.5428440147,0.9210005201990928,329.07943136450564,0.21705449791677722,0.6,1.3569699349930187,1.0266351639978846,0.001159808784886756,271.7358563971639,272.0097940308051,0.0,1.4402567345080217
261.48944548502726,2864.325696269267,71.38768385370743,269.5402684225041,71338.26596342065,0.9220129029033586,329.1219085441597,0.21690346950612996,0.6,1.3569699349930187,1.0265988792527856,0.0011584845789449506,271.8028596529956,272.07648682814227,0.0,1.4394342966870357
261.63946811582764,2853.6189614619216,71.34725522341508,269.6097996409883,71435.04082428887,0.9230255658396543,329.1643563235529,0.21675267644496757,0.6,1.3569699349930187,1.0265626860911492,0.0011571630537445946,271.8698288731751,272.14314621225884,0.0,1.4386130550699698
261.78949074662796,2842.91828750329,71.30688472225921,269.6792917332886,71531.86741470358,0.9240385088858476,329.2067747484108,0.21660211815736163,0.6,1.3569699349930187,1.0265265842306037,0.0011558442001830093,271.93676409907187,272.2097722227208,0.0,1.4377930060450128
261.93951337742834,2832.2236656827454,71.26657221331223,269.74874475557743,71628.74572279099,0.9250517319202499,329.2491638643602,0.2164517940664284,0.6,1.3569699349930187,1.026490573362931,0.0011545280105739017,272.0036653719421,272.2763648989803,0.0,1.4369741468705794
262.0895360082287,2821.535087307323,71.22631755930462,269.8181587639136,71725.67573671418,0.9260652348215637,329.29152371692754,0.21630170359481732,0.6,1.3569699349930187,1.0264546531586123,0.0011532144782635334,272.07053273293525,272.3429242803839,0.0,1.4361564754388167
262.23955863902904,2810.852543710008,71.18612062495374,269.88753381418826,71822.65744459677,0.9270790174680826,329.3338543515056,0.2161518461718034,0.6,1.3569699349930187,1.0264188233330855,0.0011519035944725956,272.1373662231875,272.40945040628327,0.0,1.4353399883098228
262.3895812698294,2800.1760262430134,71.14598127511775,269.95686996216875,71919.69083458329,0.9280930797383257,329.3761558133804,0.21600222122765922,0.6,1.3569699349930187,1.026383083594352,0.0011505953510135933,272.20416588374803,272.4759433159477,0.0,1.434524682401853
262.5396039006298,2789.5055262746537,71.1058993739294,270.0261672635188,72016.77589486742,0.9291074215113294,329.41842814774395,0.21585282819101564,0.6,1.3569699349930187,1.0263474336183196,0.0011492897413041155,272.2709317555449,272.5424030485231,0.0,1.433710555624379
262.6896265314301,2778.841035196768,71.06587478688427,270.09542577375026,72113.91261362327,0.9301220426659317,329.4606713996646,0.21570366649521924,0.6,1.3569699349930187,1.0263118731082816,0.001147986757397578,272.3376638794684,272.60882964313157,0.0,1.432897605027838
262.8396491622305,2768.1825444235765,71.0259073805456,270.1646455482307,72211.10097901576,0.9311369430808799,329.5028856140918,0.21555473557742966,0.6,1.3569699349930187,1.0262764017866306,0.001146686390670536,272.40436229635964,272.6752231388575,0.0,1.4320858272304045
262.9896717930309,2757.530045385015,70.98599702069556,270.2338266422265,72308.34097926012,0.9321521226354512,329.5450708358828,0.21540603487298826,0.6,1.3569699349930187,1.0262410193421792,0.0011453886342231094,272.47102704693725,272.7415835746601,0.0,1.4312752199165741
263.1396944238312,2746.883529531005,70.94614357354124,270.3029691108754,72405.63260258306,0.9331675812090492,329.58722710978554,0.21525756381908898,0.6,1.3569699349930187,1.0262057254645616,0.0011440934810579883,272.5376581718453,272.80791098943075,0.0,1.4304657807018073
263.2897170546316,2736.2429883364016,70.90634690711966,270.37207300915384,72502.97583717614,0.9341833186807148,329.6293544804194,0.2151093218590507,0.6,1.3569699349930187,1.0261705198844087,0.0011428009223826835,272.6042557117098,272.8742054220598,0.0,1.4296575060704029
263.43973968543196,2725.608413292544,70.86660688895059,270.44113839193244,72600.37067127308,0.9351993349299355,329.6714529923086,0.21496130843517086,0.6,1.3569699349930187,1.026135402306419,0.00114151095081122,272.67081970704527,272.9404669113258,0.0,1.4288503933761303
263.5897623162323,2714.979795907797,70.82692338620059,270.5101653139721,72697.81709314378,0.9362156298365812,329.7135226898803,0.2148135229892239,0.6,1.3569699349930187,1.0261003724140136,0.0011402235599762816,272.7373501982618,273.0066954959033,0.0,1.4280444406018338
263.73978494703266,2704.357127715739,70.78729626799526,270.5791538298709,72795.31509101899,0.9372322032801192,329.7555636174321,0.2146659649694935,0.6,1.3569699349930187,1.0260654299354952,0.0011389387413994522,272.803847225757,273.07289121447235,0.0,1.4272396444002267
263.88980757783304,2693.740400268542,70.74772540358023,270.6481039941072,72892.86465315023,0.9382490551402395,329.7975758191586,0.21451863382517425,0.6,1.3569699349930187,1.0260305745915577,0.0011376564871940058,272.870310829843,273.13905410563217,0.0,1.4264360017845914
264.03983020863336,2683.129605133861,70.70821066146563,270.7170158610596,72990.46576783761,0.9392661852971436,329.83955933916377,0.21437152900376807,0.6,1.3569699349930187,1.0259958060707952,0.0011363767910624162,272.9367410507131,273.2051842078604,0.0,1.4256335107555305
264.18985283943374,2672.524733902185,70.66875191150356,270.78588948495957,73088.11842336223,0.9402835936308416,329.8815142214317,0.21422464995740087,0.6,1.3569699349930187,1.0259611240892137,0.0011350996453469886,273.0031379285244,273.271281559612,0.0,1.4248321684526706
264.3398754702341,2661.925778185712,70.6293490245868,270.85472491989833,73185.82260799524,0.9413012800212448,329.9234405098314,0.21407799614190226,0.6,1.3569699349930187,1.0259265283816938,0.0011338250417241888,273.06950150338554,273.3373461993048,0.0,1.424031971588285
264.48989810103444,2651.332729611748,70.59000187081607,270.92352221986994,73283.57831005828,0.9423192443487974,329.965338248143,0.2139315670112309,0.6,1.3569699349930187,1.0258920186495044,0.0011325529735795373,273.13583181528486,273.4033781652333,0.0,1.423232917938331
264.6399207318348,2640.745579826942,70.55071032070295,270.9922814387439,73381.38551788413,0.9433374864940649,330.00720748004096,0.2137853620211307,0.6,1.3569699349930187,1.0258575945947883,0.0011312834341940436,273.20212890413836,273.4693774956259,0.0,1.4224350052053045
264.7899433626352,2630.164320502188,70.51147424655917,271.061002630233,73479.24421977064,0.9443560063372554,330.0490482490751,0.21363938063335036,0.6,1.3569699349930187,1.0258232559605105,0.001130016415071037,273.26839280984433,273.53534422871036,0.0,1.421638229965571
264.9399659934355,2619.5889433242437,70.47229352016514,271.1296858479481,73577.15440405726,0.9453748037590163,330.0908605987034,0.21349362230855404,0.6,1.3569699349930187,1.0257890024636018,0.0011287519091107393,273.33462357219173,273.601278402604,0.0,1.4208425896642642
265.0899886242359,2609.019439996288,70.43316801293768,271.1983311453943,73675.11605912003,0.9463938786403816,330.1326445722903,0.2133480865068304,0.6,1.3569699349930187,1.0257548337997602,0.0011274899102184381,273.40082123086717,273.66718005532243,0.0,1.420048082370995
265.2400112550363,2598.45580224604,70.39409759822608,271.2669385759181,73773.12917329506,0.947413230861976,330.17440021307436,0.21320277269466692,0.6,1.3569699349930187,1.0257207497094831,0.0011262304102025726,273.4669858255455,273.733049224887,0.0,1.4192547048271313
265.3900338858366,2587.898021819167,70.35508214947978,271.3355081927505,73871.1937349394,0.9484328603046488,330.2161275641948,0.2130576803393789,0.6,1.3569699349930187,1.025686749925495,0.001124973401463216,273.53311739581795,273.7988859492394,0.0,1.4184624541370365
265.540056516637,2577.3460904762305,70.31612153940341,271.4040400490267,73969.30973245902,0.949452766849764,330.2578266687033,0.21291280890654177,0.6,1.3569699349930187,1.0256528341484255,0.0011237188779741093,273.59921598115903,273.86469026620205,0.0,1.4176713283885711
265.69007914743736,2566.799999999999,70.27721564202388,271.47253419773847,74067.4771542398,0.950472950378483,330.29949756953545,0.21276815786626785,0.6,1.3569699349930187,1.0256190021063287,0.001122466832352793,273.6652816210079,273.93046221357525,0.0,1.4168813248066814
