time_s,height_m,speed_mps,temperature_k,pressure_pa,density_kg_m3,sound_mps,mach,cd,area_m2,drag_g,spin_g,recovery_k,stagnation_k,theta_deg,spin_rpm
0.0,38969.4,0.0,247.49948330556637,330.19490010038845,0.004647658090564448,315.3785214768626,0.0,0.6,1.3569699349930187,0.0,0.0,247.49948330556637,247.49948330556637,0.0,0.0
0.15004752511446076,38969.290946506546,1.4535852172737884,247.49918166545348,330.1998101898368,0.004647732866951761,315.37832929294257,0.004609020602438445,0.6,1.3569699349930187,3.3634915324269248e-06,0.0,247.5001197468242,247.50023319398693,0.0,0.0
0.3000950502289215,38968.963786761335,2.907160634963119,247.4982767470865,330.2145409000813,0.0046479572033902685,315.37775274173606,0.009218026984115786,0.6,1.3569699349930187,1.3454524818428672e-05,0.0,247.50202904727243,247.5024828328641,0.0,0.0
0.4501425753433823,38968.41852297012,4.3607164516798615,247.4967685563813,330.23909355687925,0.0046483311217107364,315.3767918249043,0.013827004918297574,0.6,1.3569699349930187,3.027477601485492e-05,0.0,247.50521113692986,247.50623214303795,0.0,0.0
0.600190100457843,38967.6551588095,5.814242862829193,247.4946571031988,330.27347037002664,0.0046488546583014064,315.3754465452165,0.018435940167572887,0.6,1.3569699349930187,5.382703902616725e-05,0.0,247.50966589914214,247.51148099255406,0.0,0.0
0.7502376255723038,38966.67369942748,7.267730059071134,247.49194240134622,330.31767443367175,0.004649527864113626,315.3737169065513,0.023044818478721366,0.6,1.3569699349930187,8.411522597331751e-05,0.0,247.51539317055511,247.51822919663317,0.0,0.0
0.9002851506867646,38965.47415144464,8.721168224152848,247.4886244685806,330.3717097267266,0.004650350804669308,315.3716029138984,0.02765362557558446,0.6,1.3569699349930187,0.00012114436783394622,0.0,247.5223927410734,247.52647651762447,0.0,0.0
1.0503326758012252,38964.056522954954,10.174547533693895,247.4847033266109,330.43558111342975,0.004651323560071055,315.36910457336035,0.032262347154957655,0.6,1.3569699349930187,0.00016492061528483481,0.0,247.53066435381103,247.53622266495012,0.0,0.0
1.200380200915686,38962.42082352704,11.627858153646686,247.48017900110162,330.50929434401775,0.004652446225014269,315.36622189215495,0.03687096888145185,0.6,1.3569699349930187,0.0002154512397302383,0.0,247.54020770503143,247.54746729503722,0.0,0.0
1.350427726030147,38960.56706420616,13.081090238275879,247.47505152167832,330.5928560555051,0.004653718908801262,315.362954878619,0.04147947638082824,0.6,1.3569699349930187,0.00027274463449911655,0.0,247.55102244407257,247.56021001123358,0.0,0.0
1.5004752511446076,38958.49525751604,14.534233928474467,247.46932092193254,330.6862737726033,0.004655141735357833,315.3593035422112,0.04608785523439946,0.6,1.3569699349930187,0.00033681031623362956,0.0,247.56310817326118,247.57445036371078,0.0,0.0
1.6505227762590684,38956.20541746042,15.987279350610859,247.46298723942633,330.7895559087748,0.004656714843252243,315.3552678935156,0.05069609097511319,0.6,1.3569699349930187,0.00040765892648985546,0.0,247.57646444782202,247.590187849362,0.0,0.0
1.8005703013735292,38953.69755952578,17.44021661457507,247.45605051569976,330.9027117673861,0.004658438385716044,315.3508479442464,0.055304169081094326,0.6,1.3569699349930187,0.000485302233493987,0.0,247.59109077576952,247.60742191167952,0.0,0.0
1.9506178264879899,38950.97170068458,18.893035811712867,247.44851079627986,331.0257515429562,0.004660312530666716,315.346043707254,0.059912074968829755,0.6,1.3569699349930187,0.0005697531340695589,0.0,247.6069866177849,247.62615194061613,0.0,0.0
2.1006653516024505,38948.02785939681,20.345727013888478,247.44036813068493,331.158686322625,0.004662337460733994,315.3408551965278,0.0645197939899305,0.6,1.3569699349930187,0.0006610256558129809,0.0,247.62415138709383,247.6463772724472,0.0,0.0
2.2507128767169116,38944.866055613704,21.798280271561303,247.43162257243517,331.30152808764916,0.004664513373286965,315.3352824272032,0.06912731142476437,0.6,1.3569699349930187,0.0007591349594068219,0.0,247.64258444932506,247.6680971896111,0.0,0.0
2.400760401831372,38941.486310781824,23.250685611716726,247.4222741790635,331.4542897150293,0.0046668404804635286,315.32932541556914,0.07373461247562337,0.6,1.3569699349930187,0.000864097341101358,0.0,247.66228512235216,247.6913109205305,0.0,0.0
2.550807926945833,38937.888647845575,24.70293303662276,247.41232301212315,331.616984979325,0.004669319009203049,315.32298417907276,0.07834168226250801,0.6,1.3569699349930187,0.0009759302354366952,0.0,247.68325267613517,247.7160176394339,0.0,0.0
2.700855452060294,38934.073091251055,26.155012522258005,247.40176913719787,331.78962855456626,0.004671949201280847,315.31625873632663,0.08294850581786624,0.6,1.3569699349930187,0.0010946522181359242,0.0,247.70548633254842,247.7422164661613,0.0,0.0
2.8509029771747545,38930.03966695108,27.60691401625211,247.39061262391627,331.9722360162244,0.004674731313343951,315.30914910711795,0.08755506807978283,0.6,1.3569699349930187,0.0012202830091445015,0.0,247.7289852651895,247.76990646594848,0.0,0.0
3.000950502289215,38925.78840240933,29.05862743617068,247.37885354596315,332.16482384337473,0.004677665616950119,315.30165531241624,0.09216135388625847,0.6,1.3569699349930187,0.0013528434758778773,0.0,247.75374859917886,247.7990866492011,0.0,0.0
3.150998027403676,38921.31932660377,30.51014266833308,247.36649198108913,332.3674094210235,0.004680752398609725,315.29377737437994,0.09676734797117587,0.6,1.3569699349930187,0.001492355636707382,0.0,247.77977541096013,247.82975597126926,0.0,0.0
3.301045552518137,38916.63247003255,31.96144956581308,247.35352801112705,332.5800110424538,0.0046839919598282995,315.28551531636714,0.10137303495766999,0.6,1.3569699349930187,0.001638842664563131,0.0,247.8070647280757,247.86191333219452,0.0,0.0
3.4510930776325974,38911.727864720066,33.4125379463203,247.3399617220087,332.8026479117106,0.0046873846171515505,315.27686916294675,0.10597839935111593,0.6,1.3569699349930187,0.00179232889070243,0.0,247.8356155289246,247.89555757643603,0.0,0.0
3.6011406027470585,38906.60554421995,34.863397591237806,247.32579320377343,333.0353401463516,0.0046909307022147875,315.26783893990444,0.1105834255357819,0.6,1.3569699349930187,0.0019528398087836122,0.0,247.86542674253286,247.93068749261235,0.0,0.0
3.751188127861519,38901.265543621994,36.314018243643204,247.3110225505871,333.2781087801644,0.004694630561792222,315.2584246742552,0.11518809776825197,0.6,1.3569699349930187,0.002120402079028672,0.0,247.8964972482948,247.96730181320896,0.0,0.0
3.9012356529759797,38895.707899559195,37.764389606174895,247.29564986076184,333.53097576601334,0.0046984845578485895,315.24862639425646,0.11979240017035306,0.6,1.3569699349930187,0.002295043532546561,0.0,247.92882587569585,248.00539921426545,0.0,0.0
4.051283178090441,38889.93265021201,39.21450133975321,247.279675236768,333.79396397895044,0.004702493067595179,315.23844412941617,0.12439631672479108,0.6,1.3569699349930187,0.0024767931759408024,0.0,247.9624114040419,248.0449783150703,0.0,0.0
4.201330703204901,38883.93983531484,40.66434306195223,247.263098785252,334.06709721936636,0.004706656483546848,315.22787791050484,0.12899983126967307,0.6,1.3569699349930187,0.0026656811960709703,0.0,247.99725256217292,248.08603767783805,0.0,0.0
4.351378228319362,38877.729496164255,42.11390434486785,247.24592061705917,334.3504002162006,0.0047109752135803115,315.2169277695705,0.13360292749142555,0.6,1.3569699349930187,0.0028617389649355255,0.0,248.03334802815164,248.12857580735746,0.0,0.0
4.501425753433823,38871.301675625415,43.56317471334376,247.22814084725195,334.64389863036774,0.004715449680996097,315.20559373995104,0.13820558891884382,0.6,1.3569699349930187,0.0030649990447818346,0.0,248.07069642894575,248.172591150633,0.0,0.0
4.651473278548283,38864.65641813751,45.012143643740686,247.20975959512467,334.9476190583809,0.0047200803245839,315.19387585628436,0.14280779891886097,0.6,1.3569699349930187,0.003275495193482776,0.0,248.10929634011592,248.21808209653344,0.0,0.0
4.801520803662744,38857.793769722884,46.46080056185911,247.1907769842292,335.2615890359321,0.004724867598687665,315.18177415452516,0.1474095406896232,0.6,1.3569699349930187,0.003493262369987272,0.0,248.1491462854716,248.2650469754028,0.0,0.0
4.951568328777205,38850.71377799605,47.909134840734055,247.1711931423998,335.58583704163567,0.004729811973273524,315.16928867196157,0.15201079725315317,0.6,1.3569699349930187,0.003718336739929562,0.0,248.1902447367055,248.3134840586479,0.0,0.0
5.101615853891666,38843.416492168115,49.35713579963206,247.1510082017657,335.9203925011052,0.004734913934003227,315.1564194472239,0.15661155145182568,0.6,1.3569699349930187,0.00395075568160834,0.0,248.2325901130528,248.3633915583545,0.0,0.0
5.251663379006127,38835.901963057106,50.80479270198492,247.13022229877961,336.2652857909205,0.004740173982306285,315.1431665203035,0.16121178594145957,0.6,1.3569699349930187,0.004190557791998299,0.0,248.27618078091183,248.41476762685886,0.0,0.0
5.401710904120588,38828.170243098015,52.25209475315733,247.1088355742458,336.6205482427355,0.004745592635454656,315.12952993257153,0.16581148318387598,0.6,1.3569699349930187,0.004437782892912868,0.0,248.32101505344193,248.4676103562935,0.0,0.0
5.551758429235048,38820.2213863489,53.69903109911239,247.08684817333705,336.9862121477216,0.004751170426642944,315.1155097267904,0.17041062544230276,0.6,1.3569699349930187,0.004692472037501548,0.0,248.36709119017706,248.52191777815207,0.0,0.0
5.701805954349509,38812.05544850015,55.14559082470147,247.0642602456204,337.3623107610014,0.004756907905068861,315.1011059471311,0.1750091947755779,0.6,1.3569699349930187,0.004954667516879702,0.0,248.4144073966208,248.57768786283222,0.0,0.0
5.85185347946397,38803.67248688591,56.591762951425906,247.04107194508904,337.7488783061338,0.004762805636014881,315.08631863919453,0.1796071730306677,0.6,1.3569699349930187,0.005224412866850306,0.0,248.4629618238091,248.6349185191417,0.0,0.0
6.00190100457843,38795.07256049308,58.03753643557686,247.0172834301872,338.14594997985057,0.004768864200934131,315.0711478500279,0.1842045418363804,0.6,1.3569699349930187,0.005501752874874504,0.0,248.51275256786994,248.69360759380154,0.0,0.0
6.151948529692891,38786.25572996867,59.48290016693639,246.9928948638308,338.5535619570236,0.004775084197540222,315.05559362813926,0.18880128259885515,0.6,1.3569699349930187,0.005786733587340083,0.0,248.5637776695949,248.75375287096364,0.0,0.0
6.301996054807352,38777.222057632425,60.92784296658983,246.96790641344245,338.9717513955243,0.004781466239895855,315.0396560235204,0.19339737649421837,0.6,1.3569699349930187,0.006079402316852487,0.0,248.6160351139691,248.81535207167926,0.0,0.0
6.4520435799218125,38767.971607488864,62.37235358460011,246.94231825098504,339.4005564412652,0.004788010958504626,315.02333508766947,0.19799280446079395,0.6,1.3569699349930187,0.006379807649675513,0.0,248.6695228296761,248.8784028533404,0.0,0.0
6.602091105036274,38758.50444523331,63.81642069894867,246.91613055297842,339.8400162336674,0.004794719000409754,315.0066308736024,0.2025875471953327,0.6,1.3569699349930187,0.006687999453616751,0.0,248.72423868864178,248.94290280916601,0.0,0.0
6.752138630150735,38748.82063826563,65.26003291334992,246.88934350053782,340.29017091091384,0.004801591029289981,314.9895434358787,0.20718158514564997,0.6,1.3569699349930187,0.007004028885876637,0.0,248.7801805055277,249.00884946762997,0.0,0.0
6.902186155265195,38738.920255703604,66.70317875488637,246.8619572794109,340.75106161537775,0.004808627725558564,314.972072830626,0.21177489850268574,0.6,1.3569699349930187,0.007327948401036348,0.0,248.83734603719748,249.076240291858,0.0,0.0
7.052233680379656,38728.80336839086,68.14584667259878,246.83397207999985,341.22273049944454,0.00481582978646873,314.95421911555553,0.21636746719559366,0.6,1.3569699349930187,0.007659811759438845,0.0,248.89573298220938,249.14507267905643,0.0,0.0
7.202281205494117,38718.47004890908,69.58802503566767,246.8053880973955,341.705220731297,0.004823197926219006,314.93598234998444,0.22095927088552036,0.6,1.3569699349930187,0.007999674035674424,0.0,248.95533898028634,249.21534395991395,0.0,0.0
7.352328730608577,38707.920371592954,71.02970213103535,246.7762055314187,342.1985765007142,0.004830732876059203,314.917362594864,0.22555028895759516,0.6,1.3569699349930187,0.008347591627121148,0.0,249.01616161174587,249.2870513979577,0.0,0.0
7.502376255723038,38697.15441254163,72.47086616143244,246.74642458665247,342.7028430251908,0.004838435384401761,314.8983599128011,0.23014050051419907,0.6,1.3569699349930187,0.008703622262759152,0.0,249.0781983969303,249.36019218891047,0.0,0.0
7.652423780837498,38686.17224962836,73.91150524399116,246.71604547246866,343.2180665562951,0.004846306216937179,314.87897436807634,0.2347298843700902,0.6,1.3569699349930187,0.009067825012316939,0.0,249.14144679565638,249.4347634600707,0.0,0.0
7.8024713059519595,38674.97396251668,75.3516074079153,246.68506840307305,343.7442943858767,0.0048543461567476295,314.8592060266744,0.2393184190445161,0.6,1.3569699349930187,0.00944026029537704,0.0,249.20590420661154,249.5107622696303,0.0,0.0
7.9525188310664205,38663.55963267572,76.79116059200048,246.6534935975479,344.28157485246265,0.004862556004423912,314.83905495631234,0.2439060827528407,0.6,1.3569699349930187,0.009820989890617884,0.0,249.27156796672162,249.58818560596055,0.0,0.0
8.102566356180882,38651.929343387885,78.23015264350362,246.62132127987354,344.8299573481791,0.004870936578190908,314.81852122645466,0.24849285340245675,0.6,1.3569699349930187,0.01021007694558862,0.0,249.33843535057375,249.66703038696286,0.0,0.0
8.252613881295343,38640.08317976634,79.66857131580667,246.58855167897673,345.38949232535964,0.004879488714028728,314.7976049083459,0.25307870858484577,0.6,1.3569699349930187,0.010607585986361226,0.0,249.40650356977454,249.7472934593432,0.0,0.0
8.402661406409802,38628.021228771766,81.1064042658855,246.55518502877754,345.96023130335055,0.004888213265797364,314.7763060750416,0.2576636255670083,0.6,1.3569699349930187,0.011013582927303915,0.0,249.47576977227644,249.82897159785165,0.0,0.0
8.552708931524263,38615.74357922234,82.54363905280532,246.52122156821702,346.5422268757914,0.004897111105369081,314.7546248014279,0.26224758128615383,0.6,1.3569699349930187,0.011428135081316869,0.0,249.54623104174303,249.91206150456733,0.0,0.0
8.702756456638724,38603.25032180912,83.9802631357679,246.48666154130012,347.1355327178033,0.0049061831227598975,314.73256116424994,0.26683055234294933,0.6,1.3569699349930187,0.011851311170133775,0.0,249.6178843968868,249.99655980815092,0.0,0.0
8.852803981753185,38590.5415491146,85.41626387156077,246.45150519714727,347.7402035931854,0.004915430226261711,314.710115242147,0.27141251499284996,0.6,1.3569699349930187,0.012283181334631254,0.0,249.6907267907572,250.0824630630405,0.0,0.0
9.002851506867646,38577.61735562696,86.85162851244404,246.415752790034,348.3562953619764,0.004924853342580482,314.6872871156788,0.2759934451388163,0.6,1.3569699349930187,0.012723817145439477,0.0,249.7647551100334,250.16976774865398,0.0,0.0
9.152899031982107,38564.47783775207,88.28634420465661,246.3794045794245,348.98386498828677,0.004934453416979105,314.664076867349,0.28057331832599036,0.6,1.3569699349930187,0.01317329161392253,0.0,249.83996617434565,250.2584702686242,0.0,0.0
9.302946557096567,38551.1230938335,89.72039798591197,246.34246083002722,349.6229705479143,0.004944231413417456,314.6404845816422,0.2851521097331374,0.6,1.3569699349930187,0.013631679203036918,0.0,249.91635673552906,250.3485669499558,0.0,0.0
9.452994082211028,38537.55322417133,91.15377678273187,246.30492181184724,350.27367123617813,0.004954188314696335,314.6165103450594,0.2897297941635608,0.6,1.3569699349930187,0.01409905583830751,0.0,249.99392347684426,250.4400540421454,0.0,0.0
9.603041607325489,38523.76833103159,92.58646740922937,246.26678780021265,350.93602737636553,0.004964325122611294,314.5921542461363,0.29430634604062594,0.6,1.3569699349930187,0.014575498919439567,0.0,250.0726630122735,250.53292771638922,0.0,0.0
9.75308913243995,38509.76851866775,94.01845656459099,246.2280590758342,351.61010042777696,0.004974642858100874,314.56741637548356,0.2988817393991176,0.6,1.3569699349930187,0.015061087331698452,0.0,250.15257188573443,250.62718406469472,0.0,0.0
9.90313665755441,38495.553893341195,95.44973083034665,246.18873592486258,352.2959529939702,0.004985142561398431,314.5422968258251,0.30345594787591024,0.6,1.3569699349930187,0.015555901457384582,0.0,250.23364657025718,250.72281909895105,0.0,0.0
10.05318418266887,38481.124563333324,96.8802766687517,246.14881863892168,352.9936488315966,0.004995825292193572,314.51679569202145,0.30802894470417413,0.6,1.3569699349930187,0.016060023187853097,0.0,250.3158834672147,250.81982875006247,0.0,0.0
10.203231707783331,38466.48063896431,98.3100804206748,246.10830751516136,353.70325285906375,0.005006692129791504,314.49091307110524,0.31260070270598644,0.6,1.3569699349930187,0.016573535935545045,0.0,250.39927890551996,250.918208867042,0.0,0.0
10.353279232897792,38451.6222326157,99.73912830284212,246.06720285631988,354.4248311652058,0.005017744173273058,314.4646490623236,0.31717119428287427,0.6,1.3569699349930187,0.017096524645964985,0.0,250.48382914076265,251.01795521603614,0.0,0.0
10.503326758012253,38436.549458747555,101.16740640555936,246.02550497077192,355.15845101836754,0.005028982541661638,314.4380037671704,0.3217403914078721,0.6,1.3569699349930187,0.017629075809989545,0.0,250.56953035435603,251.11906347936284,0.0,0.0
10.653374283126714,38421.26243391297,102.59490069109233,245.98321417256895,355.9041808758056,0.005040408374095585,314.4109772894147,0.3263082656196636,0.6,1.3569699349930187,0.018171277476586197,0.0,250.6563786527221,251.22152925459304,0.0,0.0
10.803421808241175,38405.76127678231,104.02159699095807,245.94033078150665,356.66209039278255,0.00505202282999646,314.3835697351456,0.3308747880132276,0.6,1.3569699349930187,0.018723219265304687,0.0,250.74437006639351,251.32534805353606,0.0,0.0
10.953469333355635,38390.04610816573,105.44748100304123,245.8968551231876,357.4322504319163,0.005063827089241809,314.3557812128151,0.33543992922991467,0.6,1.3569699349930187,0.019284992378858626,0.0,250.83350054907729,251.43051530118237,0.0,0.0
11.103516858470096,38374.117051024536,106.87253829027657,245.8527875290531,358.214733073261,0.005075822352349748,314.32761183326045,0.34000365945250977,0.6,1.3569699349930187,0.019856689616465067,0.0,250.92376597681726,251.53702633476092,0.0,0.0
11.253564383584557,38357.97423049704,108.29675427791994,245.80812833645496,359.0096116238445,0.005088009840655844,314.2990617097525,0.34456594839576504,0.6,1.3569699349930187,0.020438405386808463,0.0,251.01516214705433,251.64487640267714,0.0,0.0
11.403611908699018,38341.61777392299,109.72011425058892,245.7628778887235,359.81696062746204,0.005100390796494533,314.27013095804165,0.3491267652961831,0.6,1.3569699349930187,0.02103023572106543,0.0,251.107684777643,251.75406066340204,0.0,0.0
11.553659433813479,38325.04781085796,111.14260335051421,245.71703653520788,360.63685587513265,0.00511296648339133,314.2408196963863,0.3536860789056563,0.6,1.3569699349930187,0.021632278286567448,0.0,251.2013295059406,251.86457418444687,0.0,0.0
11.70370695892794,38308.264473095885,112.56420657524407,245.67060463133862,361.4693744153469,0.005125738186252481,314.2111280455953,0.3582438574833347,0.6,1.3569699349930187,0.02224463240040285,0.0,251.29609188785466,251.9764119412873,0.0,0.0
11.8537544840424,38291.26789469586,113.9849087746543,245.62358253870235,362.3145945642729,0.005138707211554623,314.1810561290781,0.3628000687852572,0.6,1.3569699349930187,0.022867399042881806,0.0,251.39196739681822,252.089568816206,0.0,0.0
12.00380200915686,38274.058212002514,115.40469464848238,245.5759706250984,363.1725959164725,0.005151874887542916,314.15060407288456,0.3673546800556458,0.6,1.3569699349930187,0.023500680871365587,0.0,251.48895142278192,252.20403959715594,0.0,0.0
12.153849534271322,38256.635563663265,116.8235487445649,245.52776926458708,364.043459355949,0.0051652425644349315,314.1197720057375,0.37190765802042886,0.6,1.3569699349930187,0.024144582234545187,0.0,251.58703927125595,252.31981897668055,0.0,0.0
12.303897059385783,38239.00009065709,118.24145545589666,245.47897883756963,364.92726706681367,0.005178811614619365,314.08856005908757,0.3764589688769709,0.6,1.3569699349930187,0.02479920918635766,0.0,251.6862261622503,252.4369015507164,0.0,0.0
12.453944584500244,38221.15193632113,119.65839901750172,245.42959973086226,365.82410254423456,0.005192583432859759,314.05696836716317,0.38100857828319035,0.6,1.3569699349930187,0.025464669499952478,0.0,251.78650722917146,252.5552818173472,0.0,0.0
12.603992109614705,38203.091246364034,121.07436350500258,245.37963233773365,366.73405060624367,0.0052065594365120985,314.02499706699746,0.3855564513520918,0.6,1.3569699349930187,0.026141072682556978,0.0,251.8878775178452,252.67495417570402,0.0,0.0
12.754039634729164,38184.81816889666,122.48933283165401,245.32907705799002,367.657197404868,0.005220741065732716,313.9926462984859,0.39010255264135674,0.6,1.3569699349930187,0.026828529989783214,0.0,251.99033198541352,252.79591292471864,0.0,0.0
12.904087159843625,38166.33285446069,123.90329074512674,245.27793429805513,368.5936304375332,0.005235129783691108,313.9599162044407,0.39464684614211987,0.6,1.3569699349930187,0.027527154439943947,0.0,252.0938654991813,252.91815226182078,0.0,0.0
13.054134684958086,38147.63545604567,125.31622082561375,245.22620447101758,369.5434385592636,0.005249727076795684,313.9268069306242,0.39918929527196395,0.6,1.3569699349930187,0.028237060829116575,0.0,252.1984728355572,253.04166628174553,0.0,0.0
13.204182210072547,38128.726129115385,126.7281064833301,245.17388799670445,370.5067119945895,0.00526453445491576,313.89331862579934,0.4037298628659442,0.6,1.3569699349930187,0.028958365746044826,0.0,252.30414867894348,253.1664489752797,0.0,0.0
13.354229735187008,38109.60503163952,128.13893095526296,245.12098530176928,371.4835423493795,0.005279553451603144,313.8594514417894,0.40826851116519114,0.6,1.3569699349930187,0.0296911875867948,0.0,252.4108876205404,253.29249422791122,0.0,0.0
13.50427726030147,38090.2723241173,129.5486773024987,245.067496819758,372.4740226232766,0.005294785624323729,313.8252055335236,0.4128052018073481,0.6,1.3569699349930187,0.03043564656980813,0.0,252.51868415717556,253.41979581850887,0.0,0.0
13.654324785415929,38070.72816959785,130.95732840830252,245.0134229911657,373.4782472224953,0.005310232554695411,313.7905810590772,0.4173398958193944,0.6,1.3569699349930187,0.031191864751441877,0.0,252.62753269019663,253.54834741807403,0.0,0.0
13.80437231053039,38050.97273371388,132.36486697492188,244.95876426353044,374.49631197213347,0.005325895848719317,313.755578179735,0.42187255360635095,0.6,1.3569699349930187,0.03195996604097052,0.0,252.73742752424138,253.67814258835102,0.0,0.0
13.95441983564485,38031.00618471263,133.77127552018993,244.90352109151937,375.5283141288154,0.005341777137016895,313.72019706005005,0.4264031349393307,0.6,1.3569699349930187,0.03274007621558263,0.0,252.84836286595808,253.8091747803819,0.0,0.0
14.104467360759312,38010.828693471514,135.17653637597073,244.8476939369725,376.5743523943287,0.005357878075083085,313.684437867876,0.43093159894947397,0.6,1.3569699349930187,0.033532322936437216,0.0,252.96033282288414,253.94143733324458,0.0,0.0
14.254514885873773,37990.44043353396,136.5806316849347,244.79128326900224,377.6345269284176,0.00537420034352732,313.64830077443446,0.4354579041164932,0.6,1.3569699349930187,0.03433683576392591,0.0,253.07333140217204,254.0749234726124,0.0,0.0
14.404562410988234,37969.841581142704,137.98354339706404,244.73428956408645,378.7089393618928,0.005390745648320201,313.61178595437843,0.4399820082563374,0.6,1.3569699349930187,0.03515374617287417,0.0,253.1873525092574,254.20962630924993,0.0,0.0
14.554609936102693,37949.03231525947,139.38525326760265,244.67671330612308,379.7976928106709,0.0054075157210552996,313.5748935858318,0.44450386851347234,0.6,1.3569699349930187,0.03598318756861334,0.0,253.30238994664683,254.3455388376476,0.0,0.0
14.704657461217154,37928.01281759589,140.78574285433507,244.6185549865164,380.90089188941295,0.0054245123192056405,313.5376238504484,0.4490234413509724,0.6,1.3569699349930187,0.03682529530275184,0.0,253.41843741264427,254.4826539345837,0.0,0.0
14.854704986331615,37906.78327265007,142.1849935140575,244.5598151042789,382.0186427250804,0.00544173722637974,313.49997693348183,0.4535406825379965,0.6,1.3569699349930187,0.037680206688561604,0.0,253.53548849997702,254.62096435757178,0.0,0.0
15.004752511446076,37885.343867734024,143.58298639968424,244.50049416610756,383.15105297116605,0.005459192252588903,313.4619530238386,0.4580555471392882,0.6,1.3569699349930187,0.03854806101678862,0.0,253.65353669445676,254.76046274335053,0.0,0.0
15.154800036560538,37863.69479299728,144.97970245815867,244.44059268644986,384.2982318223396,0.0054768792345217775,313.42355231412495,0.46256798950722927,0.6,1.3569699349930187,0.03942899957198242,0.0,253.77257537371906,254.901141606463,0.0,0.0
15.304847561674997,37841.83624146598,146.37512242698494,244.38011118761256,385.46029002847905,0.005494800035810329,313.3847750007211,0.4670779632694286,0.6,1.3569699349930187,0.0403231656480621,0.0,253.89259780581742,255.04299333766727,0.0,0.0
15.454895086789458,37819.768409078475,147.76922683054906,244.3190501998609,386.63733990908156,0.005512956547302543,313.34562128384977,0.4715854213156202,0.6,1.3569699349930187,0.041230704563799486,0.0,254.01359714776098,255.18601020228547,0.0,0.0
15.604942611903919,37797.49149470353,149.1619959784336,244.2574102614694,387.8294953688289,0.00553135068735384,313.30609136761313,0.47609031579094496,0.6,1.3569699349930187,0.04215176367954173,0.0,254.13556644424767,255.33018433877749,0.0,0.0
15.75499013701838,37775.00570018165,150.55340996192112,244.19519191883697,389.03687191211066,0.005549984402103344,313.2661854600718,0.4805925980833648,0.6,1.3569699349930187,0.04308649241283978,0.0,254.25849862621405,255.47550775710164,0.0,0.0
15.905037662132841,37752.311230363564,151.94344865020943,244.13239572659404,390.2595866579152,0.005568859665756725,313.2259037733188,0.4850922188101362,0.6,1.3569699349930187,0.04403504225392084,0.0,254.38238650931984,255.62197233700275,0.0,0.0
16.0550851872473,37729.408293132685,153.33209168819909,244.06902224766537,391.49775835578845,0.005587978480886485,313.18524652352426,0.4895891278093199,0.6,1.3569699349930187,0.04499756678216411,0.0,254.5072227925816,255.76956982647317,0.0,0.0
16.205132712361763,37706.29709944094,154.71931849354263,244.00507205336984,392.75150740128635,0.005607342878725368,313.14421393100537,0.4940832741288706,0.6,1.3569699349930187,0.0459742216820929,0.0,254.63300005693318,255.91829184012713,0.0,0.0
16.355180237476223,37682.97786335076,156.10510825282745,243.9405457235373,394.0209558513103,0.005626954919458932,313.10280622030626,0.4985746060129156,0.6,1.3569699349930187,0.04696516475880039,0.0,254.7597107636697,256.06812985744216,0.0,0.0
16.505227762590685,37659.4508020665,157.48943991845687,243.87544384659614,395.3062274402144,0.0056468166925310115,313.06102362025996,0.5030630708902621,0.6,1.3569699349930187,0.04797055595381953,0.0,254.8873472529392,256.219075221058,0.0,0.0
16.655275287705145,37635.71613596166,158.8722922063877,243.80976701964957,396.6074475963648,0.00566693031695717,313.01886636404276,0.5075486153656256,0.6,1.3569699349930187,0.04899055736152881,0.0,255.01590174232973,256.3711191351834,0.0,0.0
16.805322812819604,37611.774088623744,160.253643592385,243.7435158486002,397.92474345795574,0.005687297941627657,312.97633468925994,0.5120311852060432,0.6,1.3569699349930187,0.05002533324451134,0.0,255.1453663252852,256.5242526638054,0.0,0.0
16.955370337934067,37587.624886895035,161.63347230805806,243.6766909482637,399.25824388924485,0.005707921745617863,312.93342883802455,0.5165107253265682,0.6,1.3569699349930187,0.05107505004872362,0.0,255.27573296946045,256.6784667288317,0.0,0.0
17.105417863048526,37563.26876089334,163.01175633904347,243.60929294242692,400.60807949812374,0.005728803938520455,312.89014905700077,0.5209871797828535,0.6,1.3569699349930187,0.05213987642009765,0.0,255.40699351531097,256.833752108503,0.0,0.0
17.25546538816299,37538.705944059526,164.38847342123535,243.54132246398026,401.97438265241476,0.005749946760758857,312.84649559749494,0.5254604917573884,0.6,1.3569699349930187,0.05321998321967261,0.0,255.53913967446826,256.9900994355556,0.0,0.0
17.405512913277448,37513.93667320135,165.7636010367112,243.47278015503963,403.3572874965952,0.005771352483908391,312.8024687155401,0.5299306035447412,0.6,1.3569699349930187,0.05431554353844361,0.0,255.67216302804133,257.1474991953026,0.0,0.0
17.555560438391907,37488.96118851909,167.1371164113599,243.40366666701811,404.75692996974294,0.005793023411037392,312.7580686719485,0.5343974565422637,0.6,1.3569699349930187,0.05542673271335066,0.0,255.80605502510048,257.30594172392637,0.0,0.0
17.70560796350637,37463.779733646574,168.50899651170303,243.33398266074047,406.1734478228457,0.005814961877039563,312.71329573239143,0.5388609912381431,0.6,1.3569699349930187,0.05655372834254459,0.0,255.94080698107598,257.4654172066688,0.0,0.0
17.85565548862083,37438.392555699116,169.87921804079548,243.2637288065764,407.606980635943,0.00583717024896484,312.6681501674918,0.5433211471964562,0.6,1.3569699349930187,0.0576967102998531,0.0,256.07641007602336,257.6259156758714,0.0,0.0
18.005703013735292,37412.79990530909,171.24775743488863,243.19290578454,409.0576698361698,0.005859650926365308,312.6226322528945,0.5477778630446647,0.6,1.3569699349930187,0.0588558607496998,0.0,256.2128553529514,257.78742700908873,0.0,0.0
18.15575053884975,37387.00203665713,172.6145908609995,243.12151428437664,410.5256587162756,0.0058824063416496476,312.5767422693295,0.5522310764639916,0.6,1.3569699349930187,0.06003136416255068,0.0,256.35013371626314,257.9499409273303,0.0,0.0
18.305798063964215,37360.99920752327,173.97969421289883,243.04955500570563,412.0110924522327,0.005905438960424587,312.5304805027102,0.5566807241746461,0.6,1.3569699349930187,0.06122340732895815,0.0,256.48823593000094,258.11344699307654,0.0,0.0
18.455845589078674,37334.791679333044,175.34304310687648,242.9770286581485,413.5141181213367,0.00592875128184513,312.4838472442236,0.5611267419203146,0.6,1.3569699349930187,0.06243217937327521,0.0,256.62715261602557,258.2779346082216,0.0,0.0
18.605893114193133,37308.37971718117,176.70461287980072,242.90393596139538,415.0348847218164,0.005952345838989373,312.43684279038007,0.56556906446003,0.6,1.3569699349930187,0.06365787176899834,0.0,256.76687425247326,258.4433930123363,0.0,0.0
18.755940639307596,37281.76358988565,178.06437858509017,242.83027764535575,416.5735431909208,0.005976225199210886,312.38946744311767,0.570007625553232,0.6,1.3569699349930187,0.06490067835217804,0.0,256.90739117196534,258.6098112806426,0.0,0.0
18.905988164422055,37254.9435700374,179.42231498837185,242.7560544502965,418.1302464234715,0.006000391964499498,312.3417215098992,0.5744423579437989,0.6,1.3569699349930187,0.06616079533437563,0.0,257.048693559738,258.7771783219007,0.0,0.0
19.056035689536518,37227.91993402915,180.77839656496286,242.68126712692293,419.7051492918333,0.0060248487718653244,312.2936053037715,0.5788731933499492,0.6,1.3569699349930187,0.06743842131689629,0.0,257.19077145198855,258.9454828765457,0.0,0.0
19.206083214650977,37200.69296210216,182.13259749648222,242.60591643650892,421.2984086650792,0.006049598293711489,312.24511914345766,0.5833000624512672,0.6,1.3569699349930187,0.06873375730398788,0.0,257.33361473412504,259.1147135147095,0.0,0.0
19.356130739765437,37173.26293840045,183.4848916664965,242.530003151048,422.9101834279258,0.006074643238204562,312.1962633534622,0.5877228948725715,0.6,1.3569699349930187,0.07004700671494822,0.0,257.477213138868,259.2848586340745,0.0,0.0
19.5061782648799,37145.630151012345,184.83525264328614,242.45352805336927,424.5406345006223,0.006099986349661026,312.147038264154,0.5921416191265271,0.6,1.3569699349930187,0.07137837538606917,0.0,257.6215562421849,259.4559064553029,0.0,0.0
19.65622578999436,37117.79489201494,186.18365364144773,242.37649193726133,426.1899248588908,0.006125630408935834,312.0974442118548,0.5965561624883555,0.6,1.3569699349930187,0.07272807155497073,0.0,257.76663345562366,259.6278450134279,0.0,0.0
19.80627331510882,37089.75745746523,187.53006794509366,242.29889560744888,427.8582195572602,0.0061515782338650345,312.0474815388325,0.6009664523498377,0.6000005137165795,1.3569699349930187,0.0740963696489055,0.0,257.9124340951024,259.8006622349652,0.0,0.0
19.95632084022328,37061.518147655566,188.8744666758829,242.22073988030056,429.5456857368774,0.006177832679468252,311.9971505937662,0.6053724090634585,0.6000158745285298,1.3569699349930187,0.07548528842840846,0.0,258.05894700817464,259.97434552001585,0.0,0.0
20.10636836533774,37033.077267293964,190.21681855819375,242.14202558432916,431.2524926377219,0.006204396638220658,311.94645173207715,0.6097739451819959,0.6000525415024314,1.3569699349930187,0.07689597274681481,0.0,258.206160522453,260.1488816843922,0.0,0.0
20.256415890452203,37004.43512591795,191.55709141998736,242.06275356133793,432.97881159672886,0.0062312730401065716,311.8953853166774,0.6141709702613692,0.6001104490189817,1.3569699349930187,0.07832878191517997,0.0,258.35406268829826,260.3242572315182,0.0,0.0
20.406463415566662,36975.59203793916,192.8952525308087,241.98292466654527,434.72481606791246,0.006258464853016422,311.8439517180602,0.6185633919403585,0.6001895297361822,1.3569699349930187,0.07978408067102911,0.0,258.50264133208464,260.50045841212045,0.0,0.0
20.556510940681125,36946.548322708586,194.23126861769487,241.90253976876647,436.4906816414358,0.006285975083128585,311.7921513144277,0.6229511159882334,0.6002897145488079,1.3569699349930187,0.08126223921890692,0.0,258.6518840564113,260.6774712244443,0.0,0.0
20.706558465795585,36917.304304604404,195.56510585973234,241.8215997506578,438.2765860614492,0.0063138067752733186,311.7399844918593,0.6273340462838167,0.6004109325474352,1.3569699349930187,0.08276363325192473,0.0,258.801778236807,260.8552814105298,0.0,0.0
20.856605990910047,36887.86031313329,196.89672987812187,241.7401055089983,440.08270924320186,0.006341963013286648,311.6874516445041,0.6317120847800216,0.6005531109766024,1.3569699349930187,0.08428864396723744,0.0,258.95231101767433,261.0338744516315,0.0,0.0
21.006653516024507,36858.21668300561,198.22610572815603,241.65805795489905,441.9092332918673,0.006370446920392223,311.6345531747276,0.6360851314745396,0.6007161751924441,1.3569699349930187,0.0858376580811078,0.0,259.10346930845316,261.21323556389297,0.0,0.0
21.156701041138966,36828.37375420193,199.5531978933553,241.57545801398837,443.75634252203133,0.006399261659594805,311.58128949324254,0.6404530843874152,0.6009000486200504,1.3569699349930187,0.08741106784361953,0.0,259.25523978011375,261.39334969439284,0.0,0.0
21.30674856625343,36798.33187208153,200.87797027585063,241.49230662671368,445.6242234746952,0.006428410434036333,311.52766101931536,0.644815839526352,0.6011046527098485,1.3569699349930187,0.08900927104705364,0.0,259.40760886108296,261.5742015165423,0.0,0.0
21.456796091367888,36768.091387480614,202.2003861863169,241.4086047486144,447.51306493499663,0.006457896487364439,311.4736681809548,0.6491732908505314,0.601329906893189,1.3569699349930187,0.09063267103115644,0.0,259.5605627330222,261.7557754253192,0.0,0.0
21.60684361648235,36737.65265676293,203.52040833937238,241.32435335046347,449.4230579529951,0.006487723104150134,311.41931141501567,0.6535253302520765,0.6015757285382266,1.3569699349930187,0.09228167669118108,0.0,259.7140873274205,261.9380555334321,0.0,0.0
21.75689114159681,36707.016041935094,204.8379988440615,241.2395534185878,451.3543958605136,0.006517893610245279,311.36459116741827,0.6578718475214214,0.6018420329045484,1.3569699349930187,0.09395670247768828,0.0,259.8681683214709,262.1210256666592,0.0,0.0
21.90693866671127,36676.181910752864,206.15311919368438,241.154205955164,453.3072742886117,0.006548411373151191,311.3095078933525,0.6622127303105299,0.6021287330969799,1.3569699349930187,0.09565816839256681,0.0,260.0227911337673,262.3046693589889,0.0,0.0
22.056986191825732,36645.15063678278,207.4657302599563,241.0683119783901,455.28189118793273,0.006579279802433506,311.25406205740217,0.6665478641101076,0.6024357400196895,1.3569699349930187,0.09738649998644978,0.0,260.1779409206364,262.48896984848756,0.0,0.0
22.20703371694019,36613.9225995025,208.77579228513966,240.98187252276492,457.27844684670026,0.006610502350101677,311.19825413373917,0.6708771322200834,0.6027629623294587,1.3569699349930187,0.09914212835031679,0.0,260.3336025721939,262.673910072845,0.0,0.0
22.357081242054655,36582.49818441698,210.08326487204022,240.89488863941108,459.2971439077391,0.0066420825109745375,311.1420846063462,0.6752004157130831,0.6031103063878812,1.3569699349930187,0.10092549010109096,0.0,260.48976070802684,262.8594726644952,0.0,0.0
22.507128767169114,36550.87778314418,211.38810697599405,240.8073613963134,461.3381873874832,0.006674023823078296,311.08555396918473,0.6795175934043326,0.6034776762134492,1.3569699349930187,0.10273702736574569,0.0,260.6463996731296,263.04563994603257,0.0,0.0
22.657176292283577,36519.06179349144,212.69027689902336,240.71929187853232,463.4017846956359,0.006706329868056107,311.02866272634833,0.683828541828488,0.6038649734337997,1.3569699349930187,0.10457718776384446,0.0,260.803503534207,263.23239392604177,0.0,0.0
22.807223817398036,36487.05061957954,213.98973228029863,240.63068118854835,465.4881456518046,0.006739004271531657,310.9714113922998,0.6881331352043296,0.6042720972365195,1.3569699349930187,0.10644642438150986,0.0,260.961056075403,263.4197162942684,0.0,0.0
22.957271342512495,36454.844671954044,215.28643008626625,240.54153044657224,467.59748250292125,0.006772050703486415,310.91380049208703,0.6924312453983381,0.6046989443192383,1.3569699349930187,0.10834519574071964,0.0,261.1190407939051,263.6075884166542,0.0,0.0
23.107318867626958,36422.44436764299,216.58032660615652,240.4518407907059,469.73000994422245,0.006805472878693964,310.85583056146345,0.6967227419057,0.6051454088409661,1.3569699349930187,0.1102739657705955,0.0,261.27744089640584,263.7959913313509,0.0,0.0
23.257366392741417,36389.850130288105,217.87137744272772,240.36161337730738,471.88594513541085,0.006839274557080312,310.7975021471393,0.7010074918156258,0.6056113823715861,1.3569699349930187,0.1122332037678722,0.0,261.4362392948569,263.9849057439174,0.0,0.0
23.40741391785588,36357.06239026483,219.15953750249528,240.2708493813249,474.06550771751995,0.006873459544096489,310.73881580701476,0.7052853597749595,0.6060967538406185,1.3569699349930187,0.1142233843518865,0.0,261.5954186020718,264.1743120223497,0.0,0.0
23.55746144297034,36324.08158475174,220.4447609901612,240.17954999649046,476.2689198330968,0.006908031691144598,310.67977211032184,0.7095562079654213,0.6066014094870694,1.3569699349930187,0.11624498741985077,0.0,261.7549611279868,264.36419019286626,0.0,0.0
23.7075089680848,36290.908157844206,221.72700140114318,240.0877164356364,478.4964061434655,0.006942994895959472,310.6203716378464,0.7138198960744778,0.6071252328083226,1.3569699349930187,0.11829849809409126,0.0,261.9148488756778,264.5545199354051,0.0,0.0
23.85755649319926,36257.54256068504,223.0062115121813,239.99534993105848,480.74819384477263,0.0069783531029725685,310.56061498218105,0.718076281259865,0.6076681045078873,1.3569699349930187,0.12038440666119204,0.0,262.0750635370383,264.7452805787351,0.0,0.0
24.00760401831372,36223.98525156026,224.28234337389964,239.90245173478317,483.0245126862987,0.007014110303712811,310.5005027479157,0.7223252181204567,0.6082299024435195,1.3569699349930187,0.12250320850810101,0.0,262.2355864887351,264.93645109589033,0.0,0.0
24.157651543428184,36190.2366959851,225.55534830542433,239.80902311880712,485.325594989408,0.007050270537218839,310.4400355518114,0.7265665586737118,0.6088105015759784,1.3569699349930187,0.124655404054923,0.0,262.3963987885466,265.1280101000363,0.0,0.0
24.307699068542643,36156.29736684285,226.8251768856594,239.7150653754838,487.6516756628209,0.0070868378903948944,310.37921402306944,0.7308001523220568,0.6094097739161103,1.3569699349930187,0.126841498676663,0.0,262.55748117118895,265.31993583974486,0.0,0.0
24.457746593657102,36122.16774450863,228.09177894441822,239.62057981786745,490.0029922187896,0.007123816498382229,310.3180388035734,0.7350258458187693,0.6100275884714907,1.3569699349930187,0.12906200261844053,0.0,262.71881404406355,265.51220619418586,0.0,0.0
24.607794118771565,36087.84831691356,229.3551035584272,239.5255677798932,492.3797847932657,0.007161210544994637,310.2565105480254,0.7392434832497246,0.6106638111951339,1.3569699349930187,0.1313174309111043,0.0,262.8803774838263,265.70479866925956,0.0,0.0
24.757841643886024,36053.33957969104,230.61509904315074,239.43003061678363,494.7822961603265,0.007199024263065134,310.19462992422973,0.7434529060012495,0.6113183049321118,1.3569699349930187,0.13360830327337636,0.0,263.0421512323561,265.8976903930283,0.0,0.0
24.907889169000487,36018.64203630918,231.87171294434773,239.33396970541736,497.21077174736473,0.007237261934805918,310.13239761335217,0.7476539527270754,0.6119909293657612,1.3569699349930187,0.13593514400657192,0.0,263.20411469263126,266.09085811105,0.0,0.0
25.057936694114947,35983.75619814724,233.1248920333089,239.23738644454278,499.66545965403606,0.007275927892228849,310.06981431007944,0.7518464593273074,0.6126815409656318,1.3569699349930187,0.1382984818876888,0.0,263.36624692521434,266.2842781824117,0.0,0.0
25.20798421922941,35948.68258462149,234.37458230055796,239.1402822551285,502.1466106676197,0.00731502651751086,310.0068807228681,0.7560302589221497,0.6133899929346222,1.3569699349930187,0.14069885005203125,0.0,263.52852664458237,266.47792657557375,0.0,0.0
25.35803174434387,35913.421723328705,235.6207289480858,239.0426585807627,504.6544782769234,0.007354562243337712,309.94359757422524,0.7602051818207324,0.6141161351552177,1.3569699349930187,0.14313678586556425,0.0,263.69093221521723,266.67177886393927,0.0,0.0
25.508079269458328,35877.974150150476,236.8632763833206,238.94451688794393,507.18931868872943,0.007394539553289128,309.8799656009192,0.7643710554956186,0.6148598141366091,1.3569699349930187,0.14561283079212345,0.0,263.853441647965,266.86581022173755,0.0,0.0
25.65812679457279,35842.340409347766,238.10216821486335,238.8458586663451,509.75139084477155,0.007434962982233635,309.8159855541741,0.7685277045629688,0.6156208729628948,1.3569699349930187,0.1481275302549207,0.0,264.01603259676494,267.05999542032606,0.0,0.0
25.80817431968725,35806.52105371253,239.33734724565588,238.74668542923553,512.3409564343825,0.007475837116656469,309.7516581999666,0.7726749507540867,0.6163991512398594,1.3569699349930187,0.15068143348468416,0.0,264.1786823550296,267.2543088240814,0.0,0.0
25.958221844801713,35770.516644701514,240.56875546628714,238.6469987138534,514.9582799081247,0.0075171665950042104,309.68698431929147,0.776812612887397,0.6171944850418377,1.3569699349930187,0.15327509335926545,0.0,264.34136785202725,267.4487243862995,0.0,0.0
26.108269369916172,35734.327752505924,241.7963340520497,238.54680008160113,517.6036284958193,0.007558956108100156,309.62196470831293,0.7809405068527355,0.6180067068610686,1.3569699349930187,0.15590906624084283,0.0,264.5040656499181,267.6432156458491,0.0,0.0
26.25831689503063,35697.95495621011,243.02002335702585,238.4460911184868,520.2772722178381,0.00760121039945466,309.5566001786756,0.7850584455855733,0.6188356455554017,1.3569699349930187,0.15858391179751782,0.0,264.6667519404473,267.8377557234125,0.0,0.0
26.408364420145094,35661.398843933595,244.23976290828787,238.34487343551984,522.9794838972418,0.0076439342655899726,309.49089155778694,0.7891662390415919,0.6196811262962274,1.3569699349930187,0.16130019281555566,0.0,264.82940254165135,268.03231731774497,0.0,0.0
26.558411945259554,35624.66001291283,245.45549140269742,238.2431486689397,525.7105391760257,0.007687132556431274,309.4248396889916,0.7932636941798502,0.6205429705184234,1.3569699349930187,0.16405847500690765,0.0,264.9919928950013,268.226872702445,0.0,0.0
26.708459470374017,35587.739069636635,246.6671467028727,238.14091848059337,528.4707165270977,0.007730810175631513,309.3584454318429,0.7973506149429427,0.6214209958700967,1.3569699349930187,0.16685932680407153,0.0,265.15449806256765,268.42139372273084,0.0,0.0
26.858506995488476,35550.63662999899,247.87466583246797,238.0381845583607,531.2602972645464,0.007774972080870331,309.2917096624059,0.8014268022347736,0.6223150161621896,1.3569699349930187,0.16970331914287506,0.0,265.31689272413456,268.6158517921542,0.0,0.0
27.00855452060294,35513.35331940924,249.07798497269619,237.93494861646215,534.0795655566689,0.007819623284197823,309.2246332734848,0.8054920539024663,0.6232248413193797,1.3569699349930187,0.17259102523737632,0.0,265.4791511745207,268.8102178895599,0.0,0.0
27.158602045717398,35475.88977289271,250.27703946008793,237.83121239573987,536.9288084393517,0.007864768852385105,309.1572171748339,0.8095461647222417,0.6241502773323905,1.3569699349930187,0.17552302034600026,0.0,265.64124732120837,269.0044625563942,0.0,0.0
27.308649570831857,35438.24663525103,251.47176378302845,237.7269776641042,539.8083158244978,0.007910413907197537,309.0894622934755,0.8135889263809972,0.6250911262099229,1.3569699349930187,0.17849988152289967,0.0,265.80315468193413,269.19855589394996,0.0,0.0
27.45869709594632,35400.42456120187,252.66209157881642,237.62224621692317,542.7183805094907,0.007956563625685446,309.021369573983,0.8176201274595879,0.62604718593154,1.3569699349930187,0.18152218735899062,0.0,265.96484638240366,269.39246756075846,0.0,0.0
27.60874462106078,35362.42421545198,253.84795563252402,237.51701987722737,545.6592981912994,0.008003223240549516,308.95293997864337,0.8216395534221862,0.6270182504026524,1.3569699349930187,0.18459051771598226,0.0,266.12629515429643,269.5861667703275,0.0,0.0
27.758792146175242,35324.24627286342,255.02928787492922,237.411300496173,548.6313674729527,0.00805039804038627,308.88417448778824,0.8256469866021311,0.6280041094094423,1.3569699349930187,0.18770545344429712,0.0,266.2874733334013,269.7796222889959,0.0,0.0
27.9088396712897,35285.891418600215,256.2060193811021,237.30508995345065,551.634889870896,0.008098093369948505,308.8150741000909,0.829642206189917,0.6290045485750748,1.3569699349930187,0.19086757609018443,0.0,266.4483528579246,269.9728024339871,0.0,0.0
28.05888719640416,35247.360348212525,257.3780803697542,237.19839015752103,554.6701698266698,0.008146314630475316,308.7456398327507,0.8336249882238899,0.630019349317437,1.3569699349930187,0.19407746759339284,0.0,266.6089052668838,270.16567507158067,0.0,0.0
28.208934721518624,35208.65376777692,258.54540020291347,237.09120304600646,557.7375147136524,0.008195067279944783,308.67587272177985,0.8375951055816705,0.6310482888080008,1.3569699349930187,0.1973357099710236,0.0,266.7691016988235,270.3582076156249,0.0,0.0
28.358982246633083,35169.77239405251,259.7079073860904,236.98353058612577,560.8372348418926,0.008244356833297158,308.6057738223189,0.8415523279730287,0.6320911399320542,1.3569699349930187,0.20064288498868177,0.0,266.92891289078204,270.55036702632685,0.0,0.0
28.509029771747546,35130.71695459261,260.8655295688199,236.87537477500666,563.9696434657734,0.008294188862703935,308.535344208873,0.8454964219341383,0.6331476712503554,1.3569699349930187,0.20399957382036135,0.0,267.0883091773238,270.74211980912867,0.0,0.0
28.659077296862005,35091.488187847244,262.01819354560877,236.7667376399724,567.1350567917948,0.008344568997839712,308.46458497553255,0.8494271508231394,0.634217646962262,1.3569699349930187,0.2074063566959186,0.0,267.24726048974344,270.9334320137819,0.0,0.0
28.809124821976468,35052.08684332546,263.1658252577274,236.6576212389942,570.3337939808646,0.008395502926067486,308.3934972363016,0.8533442748180933,0.6353008268707081,1.3569699349930187,0.21086381253451575,0.0,267.40573635574185,271.1242692339291,0.0,0.0
28.959172347090927,35012.51368173444,264.3083497959986,236.54802766107957,573.5661771516362,0.008446996392641331,308.32208212538586,0.8572475509182371,0.636396966349387,1.3569699349930187,0.21437251856675263,0.0,267.5637058993881,271.3145966070142,0.0,0.0
29.109219872205387,34972.76947505259,265.4456914024028,236.43795902647778,576.8325313884916,0.008499055200983784,308.2503407973623,0.861136732941689,0.6375058163103025,1.3569699349930187,0.21793304994268922,0.0,267.72113784074213,271.50437881383493,0.0,0.0
29.25926739731985,34932.85500669534,266.5777734738362,236.327417487142,580.1331847412132,0.008551685212831589,308.17827442751576,0.8650115715296339,0.6386271231745334,1.3569699349930187,0.22154597932663275,0.0,267.8780004963623,271.6935800790555,0.0,0.0
29.40931492243431,34892.77107165889,267.70451856722275,236.21640522713074,583.468468225529,0.008604892348395872,308.10588421213777,0.8688718141549748,0.6397606288458431,1.3569699349930187,0.22521187648091612,0.0,268.0342617802063,271.88216417216836,0.0,0.0
29.55936244754877,34852.51847660239,268.8258484026137,236.10492446283843,586.8387158279386,0.008658682586591186,308.03317136871374,0.8727172051247393,0.640906070684077,1.3569699349930187,0.22893130783331733,0.0,268.18988920402336,272.0700944079057,0.0,0.0
29.70940997266323,34812.09803998539,269.94168386833144,235.99297744337937,590.244264505082,0.008713061965178124,307.9601371362116,0.8765474855888102,0.6420631814820212,1.3569699349930187,0.23270483603185155,0.0,268.34484987852227,272.2573336475021,0.0,0.0
29.85945749777769,34771.5105922186,271.0519450282347,235.8805664510086,593.6854541810394,0.00876803658087328,307.8867827753943,0.8803623935554554,0.6432316894460792,1.3569699349930187,0.23653301948863723,0.0,268.4991105152318,272.4438443007297,0.0,0.0
30.009505022892153,34730.75697577028,272.1565511280148,235.7676938014198,597.1626277473645,0.008823612589503288,307.8131095690537,0.8841616639039221,0.644411318177955,1.3569699349930187,0.2404164119085524,0.0,268.65263742816467,272.62958832772665,0.0,0.0
30.159552548006612,34689.83804526451,273.2554206007156,235.65436184402063,600.6761310628991,0.008879796206155782,307.7391188222298,0.8879450283945401,0.6456017866574228,1.3569699349930187,0.24435556180148438,0.0,268.8053965354253,272.81452724076644,0.0,0.0
30.309600073121075,34648.75466763517,274.3484710759953,235.54057296236297,604.2263129477767,0.008936593705237797,307.6648118625316,0.8917122156906833,0.6468028092307422,1.3569699349930187,0.24835101198529014,0.0,268.957353362037,272.9986221073745,0.0,0.0
30.459647598235534,34607.50772225536,275.43561939092353,235.42632957450445,607.8135251784447,0.008994011420550594,307.59019004041454,0.8954629513858482,0.6480140956028998,1.3569699349930187,0.25240329907814796,0.0,269.1084730432503,273.1818335539937,0.0,0.0
30.609695123349994,34566.09810100547,276.51678159541285,235.31163413320067,611.4381224868943,0.009052055745432072,307.5152547293472,0.8991969580136212,0.6492353508265325,1.3569699349930187,0.2565129529663407,0.0,269.25872032655104,273.3641217682113,0.0,0.0
30.759742648464456,34524.52670842704,277.59187296406645,235.1964891263348,615.1004625513891,0.009110733132763244,307.4400073261342,0.9029139550780564,0.6504662752995669,1.3569699349930187,0.26068049626754325,0.0,269.408059575642,273.5454465031704,0.0,0.0
30.909790173578916,34482.794461852915,278.66080801021286,235.0808970772815,618.8009059879876,0.009170050094987359,307.36444925119685,0.9066136590913101,0.6517065647677491,1.3569699349930187,0.264906443785216,0.0,269.5564547750936,273.72576708273914,0.0,0.0
31.05983769869338,34440.90229148125,279.72350049408226,234.96486054511567,622.5398163458296,0.009230013204189388,307.2885819487527,0.9102957835925464,0.6529559103234218,1.3569699349930187,0.26919130193686286,0.0,269.70386953359065,273.90504240512473,0.0,0.0
31.209885223807838,34398.85114049953,280.77986343537145,234.8483821249596,626.3175600968353,0.009290629092085832,307.2124068870867,0.9139600391808711,0.6542139984113498,1.3569699349930187,0.2735355681750707,0.0,269.850267088586,274.08323094804814,0.0,0.0
31.3599327489223,34356.64196521737,281.829809130015,234.73146444835433,630.1345066232657,0.009351904449980084,307.1359255588384,0.9176061335619449,0.6554805108418924,1.3569699349930187,0.2779397304034235,0.0,269.9956103122302,274.26029077534554,0.0,0.0
31.50998027403676,34314.27573515892,282.8732491640826,234.6141101835195,633.9910282075826,0.009413846028754343,307.05913948121736,0.9212337715855086,0.6567551248038779,1.3569699349930187,0.28240426637282956,0.0,270.1398617166912,274.4361795429003,0.0,0.0
31.66002779915122,34271.75343314809,283.91009442534755,234.49632203559304,637.8875000216723,0.009476460638851086,306.9820501962056,0.9248426552754087,0.6580375128775079,1.3569699349930187,0.2869296430575657,0.0,270.28298345907444,274.61085450412884,0.0,0.0
31.810075324265682,34229.07605544045,284.9402551223548,234.37810274700033,641.8243001104374,0.009539755150163661,306.9046592708456,0.92843248388384,0.6593273430585599,1.3569699349930187,0.29151631603316713,0.0,270.4249373485649,274.78427251794216,0.0,0.0
31.96012284938014,34186.24461183054,285.96364080555435,234.2594550977554,645.8018093761226,0.009603736491938108,306.8269682974845,0.9320029539525285,0.6606242787882626,1.3569699349930187,0.2961647288470737,0.0,270.5656848542619,274.956390057491,0.0,0.0
32.1101703744946,34143.2601257084,286.980160377661,234.1403819056212,649.8204115659428,0.009668411652727542,306.74897889392633,0.9355537593391585,0.6619279789736531,1.3569699349930187,0.30087531235012016,0.0,270.70518711037454,275.12716321597105,0.0,0.0
32.26021789960907,34100.12363418594,287.98972211588097,234.0208860264638,653.8804932517378,0.009733787680217659,306.6706927037128,0.9390845912821533,0.6632380980247417,1.3569699349930187,0.30564848404112055,0.0,270.84340492483426,275.29654771623365,0.0,0.0
32.41026542472353,34056.83618819954,288.9922336972163,233.90097035454025,657.9824438102557,0.009799871681061504,306.59211139635994,0.9425951384757234,0.66455428589896,1.3569699349930187,0.3104846474082061,0.0,270.98029878888264,275.4644989214985,0.0,0.0
32.560312949837986,34013.39885256817,289.9876022129924,233.78063782266386,662.1266554060311,0.009866670820755185,306.513236667516,0.9460850871101222,0.6658761881360115,1.3569699349930187,0.3153841912307818,0.0,271.1158288840296,275.6309718431333,0.0,0.0
32.710360474952445,33969.812706089535,290.97573419072563,233.65989140247424,666.3135229691433,0.009934192323430265,306.4340702391886,0.9495541209357142,0.6672034459047269,1.3569699349930187,0.32034748888610026,0.0,271.249955091221,275.79592115089747,0.0,0.0
32.860408000066904,33926.07884163924,291.95653562264175,233.53873410471633,670.5434441709491,0.01000244347161234,306.35461385997763,0.9530019213488435,0.6685356960617863,1.3569699349930187,0.3253748976622832,0.0,271.3826370019873,275.9593011854052,0.0,0.0
33.01045552518137,33882.198366238124,292.9299119888446,233.4171689794309,674.8168194011763,0.010071431606000436,306.27486930525146,0.9564281674605614,0.6698725712076117,1.3569699349930187,0.33046675804714687,0.0,271.51383392839216,276.12106596925435,0.0,0.0
33.16050305029583,33838.17240111332,293.8957682762631,233.2951991161277,679.134051743952,0.01014116412522804,306.1948383773121,0.9598325361517251,0.6712136997403604,1.3569699349930187,0.3356233929936551,0.0,271.64350491211223,276.28116921718305,0.0,0.0
33.31055057541029,33794.00208179012,294.85400900958274,233.17282764404422,683.4955469490548,0.010211648485545642,306.11452290561704,0.9632147021671814,0.6725587059287168,1.3569699349930187,0.3408451072071885,0.0,271.7716087369678,276.4395643500848,0.0,0.0
33.46059810052475,33749.68855816278,295.80453828466875,233.0500577323461,687.9017134033637,0.01028289220050499,306.0339247469631,0.9665743382183779,0.6739072099921329,1.3569699349930187,0.346132186432583,0.0,271.89810394233575,276.5962045100191,0.0,0.0
33.61064562563921,33705.23299453108,296.74725978476596,232.92689259023234,692.3529621039199,0.010354902840667835,305.9530457856092,0.9699111150300689,0.6752588281625339,1.3569699349930187,0.35148489668264865,0.0,272.02294883222555,276.7510425703723,0.0,0.0
33.760693150753674,33660.63656967956,297.682076814967,232.8033354671593,696.8497066248538,0.01042768803321391,305.8718879334765,0.9732247014466047,0.6766131727734489,1.3569699349930187,0.3569034835092444,0.0,272.14610148950914,276.90403115178145,0.0,0.0
33.910740675868134,33615.900476936404,298.6088923405834,232.67938965300797,701.3923630844134,0.01050125546154866,305.79045313031264,0.9765147645513026,0.6779698523588176,1.3569699349930187,0.36238817128114914,0.0,272.2675197914254,277.05512263949333,0.0,0.0
34.06078820098259,33571.02592420632,299.52760900896413,232.55505847817926,705.9813501126697,0.010575612864920057,305.708743343809,0.979780969732052,0.6793284717338398,1.3569699349930187,0.3679391624055489,0.0,272.3871614209204,277.20426919606496,0.0,0.0
34.21083572609705,33526.01413402118,300.4381291820375,232.43034531373883,710.6170888154563,0.010650768037972495,305.6267605697506,0.983022980782048,0.6806886320939408,1.3569699349930187,0.37355663657437016,0.0,272.50498388112464,277.3514227775736,0.0,0.0
34.36088325121151,33480.86634358704,301.3403549781048,232.30525357155148,715.30000273666,0.01072672883027176,305.5445068321606,0.9862404600310318,0.6820499311307407,1.3569699349930187,0.37924075003577956,0.0,272.62094451256996,277.49653515290026,0.0,0.0
34.51093077632598,33435.58380481403,302.2341883053328,232.17978670436827,720.0305178201858,0.010803503145822525,305.46198418341265,0.9894330684497167,0.6834119631411889,1.3569699349930187,0.3849916348367569,0.0,272.7350005084469,277.6395579208212,0.0,0.0
34.66097830144044,33390.16778433968,303.1195308888976,232.05394820589578,724.8090623705554,0.010881098942561278,305.3791947043335,0.9926004657336801,0.6847743191318664,1.3569699349930187,0.3908093980407528,0.0,272.8471089284054,277.78044252546897,0.0,0.0
34.811025826554896,33344.61956356024,303.996284314971,231.9277416108869,729.6360670105514,0.010959524231798884,305.29614050431906,0.9957423104425728,0.6861365869509342,1.3569699349930187,0.39669412099767726,0.0,272.9572267171592,277.9191402771767,0.0,0.0
34.961073351669356,33298.940438648766,304.8643500773982,231.8011704951956,734.5119646380837,0.011038787077647839,305.2128237214277,0.998858260148507,0.6874983514287818,1.3569699349930187,0.40264585862465224,0.0,273.0653107240932,278.05560237444905,0.0,0.0
35.111120876783815,33253.13172056229,305.7236296001631,231.67423847580113,739.4371903820442,0.011118895596430407,305.1292465224538,1.0019479715054636,0.6888591944885463,1.3569699349930187,0.4086646386041887,0.0,273.17131771658256,278.18977991888977,0.0,0.0
35.26116840189828,33207.19473505153,306.5740242848935,231.54694921083933,744.4121815556921,0.011199857956043726,305.04541110300596,1.0050111004009543,0.6902186952963956,1.3569699349930187,0.4147504606678311,0.0,273.2752044003345,278.32162393799945,0.0,0.0
35.41121592701274,33161.130822658364,307.41543556286825,231.41930639959995,749.437377609101,0.01128168237530672,304.96131968756356,1.0080473021228362,0.6915764304233488,1.3569699349930187,0.4209032959011609,0.0,273.3769274412323,278.45108540966174,0.0,0.0
35.5612634521272,33114.94133871382,308.2477649243528,231.29131378252572,754.5132200793024,0.011364377123266354,304.87697452953444,1.0110562314521125,0.692931973978587,1.3569699349930187,0.42712308597181753,0.0,273.47644348129506,278.57811528003333,0.0,0.0
35.71131097724166,33068.627653323354,309.0709139620978,231.16297514117593,759.6401525395067,0.011447950518485663,304.79237791128975,1.0140375428025084,0.6942848977674664,1.3569699349930187,0.4334097424119248,0.0,273.5737091587009,278.70266448599267,0.0,0.0
35.86135850235612,33022.19115134193,309.884784426502,231.0342942981617,764.8186205471486,0.011532410928309264,304.7075321441804,1.0169908903987048,0.6956347714715275,1.3569699349930187,0.4397631459513849,0.0,273.6686811312579,278.8246839814577,0.0,0.0
36.011406027470585,32975.633232354136,310.68927826932145,230.90527511709544,770.0490715890481,0.01161776676807837,304.6224395685626,1.0199159284173265,0.6969811628162219,1.3569699349930187,0.44618314581751567,0.0,273.7613160970402,278.94412476052366,0.0,0.0
36.161453552585044,32928.95531064528,311.484297678856,230.77592150251527,775.3319550251788,0.011704026500319393,304.5371025538077,1.0228123111003227,0.6983236377298978,1.3569699349930187,0.4526695590103088,0.0,273.8515708128928,279.0609378782145,0.0,0.0
36.3115010776995,32882.15881515004,312.26974513658473,230.646237399747,780.6677220326028,0.011791198633931582,304.4515234982709,1.0256796929392218,0.6996617605394566,1.3569699349930187,0.459222169670637,0.0,273.9394021190283,279.17507447807117,0.0,0.0
36.46154860281396,32835.24518940267,313.045523476364,230.51622679477074,786.0568255468673,0.011879291723329298,304.36570482926254,1.0285177288682064,0.7009950941749011,1.3569699349930187,0.4658407284733142,0.0,274.0247669646297,279.2864858208672,0.0,0.0
36.61159612792843,32788.21589150522,313.8115359127433,230.38589371413724,791.499720198883,0.011968314367506465,304.27964900305324,1.0313260743560093,0.7023232003306511,1.3569699349930187,0.4725249519101771,0.0,274.10762242518643,279.3951233040506,0.0,0.0
36.76164365304289,32741.072394044077,314.5676861004894,230.25524222474095,796.9968622552966,0.012058275209153913,304.19335850478376,1.0341043856009846,0.7036456396789046,1.3569699349930187,0.4792745217133497,0.0,274.1879257285558,279.5009384909853,0.0,0.0
36.91169117815735,32693.816184010084,315.31387819882525,230.1242764336032,802.5487095560898,0.012149182933727205,304.1068358483821,1.036852319742101,0.7049619720952301,1.3569699349930187,0.48608908431745934,0.0,274.2656342826249,279.60388314198394,0.0,0.0
37.06173870327181,32646.448762752636,316.0500169073917,229.99300048774927,808.1557214457303,0.01224104626840444,304.0200835765423,1.0395695349771874,0.7062717568440334,1.3569699349930187,0.49296825022203977,0.0,274.3407056954073,279.7039092368501,0.0,0.0
37.211786228386266,32598.97164587943,316.7760075192537,229.86141857393508,813.8183587081656,0.01233387398110241,303.9331042606039,1.0422556907379126,0.7075745527945375,1.3569699349930187,0.4999115934454149,0.0,274.413097799936,279.8009690028151,0.0,0.0
37.36183375350073,32551.386363141693,317.4917559873548,229.72953491833346,819.5370835011726,0.012427674879477572,303.8459005004049,1.0449104479095372,0.7088699186624858,1.3569699349930187,0.5069186510596555,0.0,274.4827686831185,279.89501494691996,0.0,0.0
37.51188127861519,32503.694458354257,318.19716897664296,229.59735378631686,825.3123592841091,0.012522457809814121,303.7584749241981,1.04753346900378,0.7101574132332066,1.3569699349930187,0.51398892268713,0.0,274.54967671088747,279.98599988423416,0.0,0.0
37.66192880372965,32455.897489300416,318.892153905708,229.46487948219817,831.1446507448774,0.012618231655894053,303.6708301885394,1.050124418297662,0.7114365955712947,1.3569699349930187,0.521121869975318,0.0,274.6137805505211,280.07387696290704,0.0,0.0
37.81197632884411,32407.99702757777,319.57661901335433,229.33211634880774,837.0344237316341,0.012715005337940115,303.58296897806844,1.052682962055231,0.7127070252743037,1.3569699349930187,0.528316916211051,0.0,274.67503920000604,280.1585996971324,0.0,0.0
37.96202385395857,32359.99465846908,320.25047342725463,229.19906876713966,842.9821451790842,0.012812787811464738,303.49489400533366,1.0552087687565066,0.7139682627340481,1.3569699349930187,0.5355734459743062,0.0,274.7334120182712,280.2401220010816,0.0,0.0
38.112071379073036,32311.891980863224,320.91362719654904,229.06574115613702,848.9882830260078,0.012911588065969527,303.4066080107102,1.0577015092078048,0.7152198693421062,1.3569699349930187,0.5428908046544667,0.0,274.788858745488,280.318398211685,0.0,0.0
38.262118904187496,32263.690607057375,321.5659913598869,228.93213797214784,855.0533061450193,0.013011415123840254,303.3181137620987,1.06016085677,0.7164614077568152,1.3569699349930187,0.5502682981663829,0.0,274.84133953322237,280.39338312249583,0.0,0.0
38.412166429301955,32215.392162588676,322.20747801793175,228.79826370846257,861.1776842663807,0.013112278039138833,303.2294140546781,1.0625864876018642,0.7176924421815063,1.3569699349930187,0.5577051927225009,0.0,274.89081497611664,280.46503201925987,0.0,0.0
38.562213954416414,32166.998286688788,322.8380029970123,228.66412289657836,867.36188781957,0.013214185895034014,303.14051171180296,1.0649780894476284,0.7189125430165016,1.3569699349930187,0.5652007270975181,0.0,274.93724688826023,280.5333015500234,0.0,0.0
38.71226147953087,32118.51061964684,323.45764945382075,228.60704288256227,873.6054409304563,0.013312629054489935,303.1026738026466,1.067155381362381,0.7200287826847075,1.3569699349930187,0.5724867971049782,0.0,275.0579680880154,280.67552519494245,0.0,0.0
38.86230900464534,32069.930780707364,324.0665872248198,228.55894989601688,879.9073725732788,0.013411483856780393,303.0707896590712,1.069276876169317,0.7211214325789779,1.3569699349930187,0.5797899462346014,0.0,275.18493571974125,280.8236638370618,0.0,0.0
39.0123565297598,32021.260377958577,324.6647910380909,228.51076651982805,886.2680816266484,0.013511281683606817,303.0388422258493,1.0713636201003045,0.7222010142947353,1.3569699349930187,0.5871403983548695,0.0,275.3090477099623,280.9686124210812,0.0,0.0
39.16240405487426,31972.501027101534,325.2521603937222,228.46249434945088,892.6879800561474,0.013612029436823228,303.0068325409777,1.073415268118537,0.7232671088482604,1.3569699349930187,0.5945370303972529,0.0,275.4302595240464,281.11032083361215,0.0,0.0
39.31245157998872,31923.654359487933,325.8286347383464,228.41413499592505,899.1674787755445,0.01371373400654919,302.9747616531892,1.0754316067795697,0.7243193669987519,1.3569699349930187,0.6019788749969782,0.0,275.54853830139587,281.24875204521874,0.0,0.0
39.46249910510318,31874.72201480491,326.3941483471032,228.36569007863417,905.7069884935759,0.013816402284437881,302.94263061715736,1.0774124053857004,0.7253574326488882,1.3569699349930187,0.6094648985641051,0.0,275.66384988199263,281.38386756888974,0.0,0.0
39.61254663021764,31825.705642554167,326.9486370294825,228.31716122677125,912.3069194128452,0.013920041158933544,302.91044049447413,1.0793574381119653,0.7263809544102966,1.3569699349930187,0.616994034303607,0.0,275.776160747812,281.5156296360608,0.0,0.0
39.7625941553321,31776.606901720817,327.4920381863837,228.26855007901202,918.9676811634529,0.014024657514209733,302.878192353439,1.0812664841984463,0.7273895858470033,1.3569699349930187,0.6245651825467509,0.0,275.8854380492062,281.6440012262279,0.0,0.0
39.91264168044656,31727.42746051554,328.0242908700283,228.21985828326078,925.6896827257499,0.01413025822893498,302.8458872688955,1.0831393281520016,0.7283829857239421,1.3569699349930187,0.6321772111372049,0.0,275.99164963216367,281.7689460975344,0.0,0.0
40.06268920556102,31678.16899622729,328.5453358168482,228.1710874965057,932.4733323364964,0.014236850174775766,302.8135263221415,1.0849757598586678,0.7293608182077707,1.3569699349930187,0.6398289557071191,0.0,276.09476405775973,281.89042880859097,0.0,0.0
40.21273673067548,31628.833194909595,329.05511549403684,228.1222393845093,939.3190374161537,0.014344440215229444,302.7811106007285,1.0867755747416996,0.7303227530908116,1.3569699349930187,0.6475192200827008,0.0,276.19475062530995,282.00841474446696,0.0,0.0
40.36278425578995,31579.42175106422,329.55357415667174,228.07331562149642,946.2272044956583,0.014453035204447164,302.74864119826026,1.0885385739546813,0.7312684660329205,1.3569699349930187,0.6552467767936629,0.0,276.29157939851774,282.1228701460374,0.0,0.0
40.512831780904406,31529.936367438924,330.0406578916972,228.0243178899549,953.1982391261416,0.014562641985786818,302.7161192142656,1.0902645645311377,0.7321976387791984,1.3569699349930187,0.663010367546456,0.0,276.38522122780057,282.2337621350338,0.0,0.0
40.662879306018866,31480.378754780035,330.51631465122085,227.97524788039166,960.2325457934018,0.014673267390438557,302.6835457540416,1.0919533594990856,0.73310995935734,1.3569699349930187,0.6708087036855207,0.0,276.47564776930403,282.3410587353869,0.0,0.0
40.812926831133325,31430.750631451952,330.98049430486293,227.926107290957,967.3305278502644,0.014784918236329605,302.6509219284091,1.093604778058978,0.7340051223074591,1.3569699349930187,0.678640466819305,0.0,276.56283150921337,282.4447289005239,0.0,0.0
40.96297435624779,31381.053723162408,331.43314869264077,227.87689782717342,974.4925874330955,0.014897601326778054,302.61824885353764,1.0952186457633264,0.7348828289114147,1.3569699349930187,0.68650430948792,0.0,276.64674578819296,282.54474254079616,0.0,0.0
41.11302188136225,31331.289762787852,331.87423164738385,227.82762120176375,981.7191253626995,0.015011323448898809,302.5855276508359,1.0967947945955472,0.7357427873654776,1.3569699349930187,0.6943988556904168,0.0,276.7273648167983,282.64107054077596,0.0,0.0
41.26306940647671,31281.460489911075,332.30369905080397,227.77827913419412,989.010541085687,0.0151260913726443,302.5527594466528,1.0983330631608303,0.7365847130115909,1.3569699349930187,0.7023227016812111,0.0,276.8046637003022,282.7336847871405,0.0,0.0
41.41311693159117,31231.56765059713,332.7215088686131,227.72887335045314,996.3672325807846,0.015241911849291623,302.5199453721353,1.0998332968073439,0.737408328528514,1.3569699349930187,0.7102744166673407,0.0,276.8786184574031,282.8225581896689,0.0,0.0
41.56316445670563,31181.61317283257,333.12518293228123,227.67940575678313,1003.7895700633725,0.015358791197284115,302.4870866786395,1.1012872866410706,0.7395880682748575,1.3569699349930187,0.7195795235247248,0.0,276.9484849766583,282.9068564170375,0.0,0.0
41.713211981820095,31131.598930797747,333.51849953791293,227.62987820625915,1011.2779302769618,0.015476735841903993,302.4541845827232,1.1027075059253924,0.7391335981038745,1.3569699349930187,0.7263720173937106,0.0,277.01536884068327,282.9878185317374,0.0,0.0
41.863259506934554,31081.52642205172,333.9018174741394,227.58029217910385,1018.8327455824372,0.015595753088795463,302.42124005372114,1.104095127097641,0.7386895593287549,1.3569699349930187,0.7332006005507916,0.0,277.0793670545436,283.0655530911609,0.0,0.0
42.01330703204901,31031.39715084823,334.27508391552993,227.53064916225935,1026.4544475432124,0.015715850235864172,302.3882540658375,1.1054499618320157,0.738256012213755,1.3569699349930187,0.7400649249288903,0.0,277.14045521584313,283.1400325619767,0.0,0.0
42.16335455716347,30981.212629307214,334.6382465650105,227.48095065054812,1034.1434666317168,0.01583703456862363,302.35522759892126,1.1067718234027464,0.7378330165111212,1.3569699349930187,0.7469646273431115,0.0,277.19860928522496,283.21122981684385,0.0,0.0
42.31340208227793,30930.974377371553,334.99125366594654,227.4311981466312,1041.9002321131009,0.01595931335832929,302.32216163844294,1.1080605267257042,0.7374206314477747,1.3569699349930187,0.7538993292314812,0.0,277.2538055954784,283.27911814462544,0.0,0.0
42.4634496073924,30880.68392271212,335.3340540285309,227.38139316091485,1049.7251719343908,0.016082693860195823,302.28905717543694,1.109315888447513,0.7370189156967959,1.3569699349930187,0.7608686364501516,0.0,277.3060208648301,283.3436712652981,0.0,0.0
42.61349713250686,30830.34280061925,335.66659705814595,227.33153721144404,1057.618712613508,0.016207183311609693,302.25591520643485,1.1105377270413128,0.73662792734678,1.3569699349930187,0.7678721390790068,0.0,277.35523221080655,283.40486334550417,0.0,0.0
42.76354465762132,30779.952553935356,335.98883277295505,227.28163182383653,1065.5812791196136,0.01633278893020222,302.2227367334262,1.1117258628668698,0.7362477238826017,1.3569699349930187,0.7749094111873517,0.0,277.40141716091927,283.46266901053656,0.0,0.0
42.913592182735776,30729.51473296722,336.3007118260314,227.2316785311968,1073.6132947541646,0.01645951791193116,302.18952276380526,1.1128801182458194,0.7358783621613378,1.3569699349930187,0.7819800106188136,0.0,277.44455366465473,283.5170633577896,0.0,0.0
43.063639707850236,30679.03089536627,336.60218553469787,227.18167887399835,1081.715181034739,0.016587377429203125,302.15627431029696,1.1140003175609285,0.7355198983805029,1.3569699349930187,0.7890834788075796,0.0,277.48462010756145,283.5680219725637,0.0,0.0
43.2136872329647,30628.502606026486,336.89320590535476,227.13163439998334,1089.887357573948,0.016716374628915814,302.1229923908942,1.1150862873404683,0.7351723880510501,1.3569699349930187,0.7962193405799306,0.0,277.5215953239836,283.61552094235134,0.0,0.0
43.36373475807916,30577.931437011135,337.1737256504987,227.08154666409092,1098.1302419511826,0.016846516630384254,302.0896780288143,1.116137856316752,0.7348358859786394,1.3569699349930187,0.8033871039268838,0.0,277.55545860745184,283.65953686849264,0.0,0.0
43.51378228319362,30527.31896742254,337.4436982183094,227.03141722832885,1106.444249591417,0.016977810523375512,302.05633225241763,1.1171548555264845,0.734510446231525,1.3569699349930187,0.8105862598313707,0.0,277.5861897247311,283.7000468819381,0.0,0.0
43.66382980830808,30476.66678326546,337.7030778236907,226.98124766163906,1114.8297936428369,0.017110263366122046,302.02295609512197,1.1181371184160296,0.7341961221068706,1.3569699349930187,0.8178162821058415,0.0,277.6137689302608,283.737028659451,0.0,0.0
43.81387733342254,30425.97647738204,337.9518194626516,226.93103953983396,1123.2872848404659,0.017243882183111015,301.98955059536405,1.119084480891438,0.7338929661147399,1.3569699349930187,0.8250766271644024,0.0,277.63817697562223,283.7704604342281,0.0,0.0
43.963924858537005,30375.249649308967,338.1898789422234,226.88079444545565,1131.8171313803323,0.017378673963037,301.9561167965096,1.119996781420169,0.733601029945546,1.3569699349930187,0.8323667338646072,0.0,277.6593951235241,283.8003210115925,0.0,0.0
44.113972383651465,30324.487905127135,338.4172129122798,226.83051396762778,1140.4197387928718,0.017514645656739766,301.92265574675855,1.1208738611392302,0.7333203644354463,1.3569699349930187,0.8396860233627528,0.0,277.6774051622941,283.82658978525643,0.0,0.0
44.264019908765924,30273.692857369402,338.63377888516345,226.78019970196482,1149.0955098044285,0.017651804174950915,301.88916849908844,1.121715563922877,0.7330510195446793,1.3569699349930187,0.8470338989217581,0.0,277.69218941670107,283.8492467494631,0.0,0.0
44.41406743388038,30222.866124892622,338.8395352604744,226.72985325044596,1157.8448442025033,0.0177901563860967,301.8556561111736,1.1225217364675772,0.7327930443303753,1.3569699349930187,0.854409745747292,0.0,277.7037307602115,283.86827251274036,0.0,0.0
44.56411495899484,30172.009332710662,339.0344413576683,226.6794762212505,1166.6681387056137,0.01792970911417065,301.8221196452795,1.123292228403018,0.7325464869110343,1.3569699349930187,0.8618129308643577,0.0,277.71201262947693,283.88364831416055,0.0,0.0
44.71416248410931,30121.12411185891,339.218457443379,226.62907022862416,1175.5657868259173,0.018070469136488753,301.78856016817696,1.124026892385661,0.7323113944365885,1.3569699349930187,0.8692428029767802,0.0,277.71701903718224,283.89535603775823,0.0,0.0
44.86421000922377,30070.21209929137,339.39154475021115,226.57863689277775,1184.538178723924,0.01821244318131634,301.7549787510781,1.1247255841640311,0.73208781306751,1.3569699349930187,0.8766986922956407,0.0,277.71873458226224,283.90337822399493,0.0,0.0
45.01425753433823,30019.274937698538,339.5536655092668,226.52817783970755,1193.5857010750124,0.01835563792567852,301.72137646952,1.1253881626897875,0.731875787939268,1.3569699349930187,0.8841799104375336,0.0,277.7171444640735,283.9076980856663,0.0,0.0
45.16430505945269,29968.31427532896,339.70478298387036,226.47769470101886,1202.7087369336684,0.018500059993131552,301.6877544032501,1.1260144902328548,0.7316753631254864,1.3569699349930187,0.891685750335685,0.0,277.71223449682935,283.9082995241047,0.0,0.0
45.31435258456715,29917.331765902047,339.84486148516913,226.42718911384046,1211.9076655794465,0.0186457159512417,301.65411363617255,1.1266044324363458,0.7314865816203694,1.3569699349930187,0.8992154860753987,0.0,277.70399111854846,283.90516713921943,0.0,0.0
45.46440010968161,29866.329068410818,339.9738664046109,226.37666272062955,1221.1828623806575,0.018792612309341445,301.6204552562213,1.1271578584277682,0.7313094853031142,1.3569699349930187,0.9067683728182252,0.0,277.69240140485914,283.89828624499495,0.0,0.0
45.61444763479607,29815.307846926564,340.09176424806424,226.3261171689789,1230.5346986561913,0.018940755516253082,301.5867803552343,1.1276746409357716,0.7311441149005531,1.3569699349930187,0.9143436467423757,0.0,277.67745308318,283.8876428854092,0.0,0.0
45.76449515991053,29764.269770480176,340.19852265673956,226.27555411149967,1239.9635415216094,0.019090151957760006,301.55309002887833,1.1281546563630316,0.7309905099638299,1.3569699349930187,0.9219405249290422,0.0,277.65913454285896,283.87322384581336,0.0,0.0
45.91454268502499,29713.21651288889,340.2941104337014,226.22497520565042,1249.4697537433765,0.019240807954203534,301.5193853765378,1.1285977848778834,0.7308487088390774,1.3569699349930187,0.9295582052875155,0.0,277.63743484680367,283.85501666598896,0.0,0.0
46.06459021013946,29662.149752538,340.3784975784024,226.17438211352115,1259.0536935999123,0.019392729758184693,301.4856675011734,1.129003910532754,0.7307187486295187,1.3569699349930187,0.9371958665298371,0.0,277.61234374534354,283.833009655713,0.0,0.0
46.214637735253916,29611.07117221082,340.45165531531774,226.12377650166533,1268.715714732292,0.019545923552098773,301.4519375092126,1.129372921363006,0.7306006651638381,1.3569699349930187,0.9448526681259989,0.0,277.5838516882054,283.80719190820196,0.0,0.0
46.364685260368375,29559.982458953044,340.513556113689,226.07316004096597,1278.4561659867557,0.019700395445536697,301.4181965104629,1.129704709456282,0.7304944929739898,1.3569699349930187,0.952527750227825,0.0,277.55194983367403,283.7775533103962,0.0,0.0
46.514732785482835,29508.885303834028,340.56417372152816,226.02253440639947,1288.2753912752257,0.019856151472968674,301.38444561795654,1.1299991710694883,0.7304002652577638,1.3569699349930187,0.9602202336781074,0.0,277.51663006179126,283.74408455778405,0.0,0.0
46.664780310597294,29457.78140172561,340.6034832003777,225.97190127681688,1298.1737294315253,0.02001319759135653,301.3506859478069,1.1302562067483373,0.7303180138405321,1.3569699349930187,0.9679292200339791,0.0,277.4778849876285,283.7067771693061,0.0,0.0
46.81482783571176,29406.67245119151,340.6314609413555,225.9212623348346,1308.1515140448441,0.020171539677401915,301.3169186191377,1.1304757213846033,0.730247769156927,1.3569699349930187,0.9756537915071848,0.0,277.4357079688273,283.6656234958202,0.0,0.0
46.96487536082622,29355.56015423093,340.648084698557,225.8706192665808,1318.209073320009,0.02033118352521638,301.2831447539159,1.1306576243314037,0.7301895602139509,1.3569699349930187,0.9833930110117468,0.0,277.3900931180533,283.62061673409323,0.0,0.0
47.11492288594068,29304.446216037453,340.6533336236211,225.81997376145662,1328.3467299341642,0.020492134843931458,301.24936547679425,1.1308018295224,0.730143414552832,1.3569699349930187,0.9911459222295042,0.0,277.3410353156238,283.57175094098363,0.0,0.0
47.26497041105514,29253.332344853803,340.64718828678565,225.7693275119927,1338.564800873343,0.020654399254986407,301.21558191501725,1.1309082555460008,0.7301093582252798,1.3569699349930187,0.9989115496169544,0.0,277.28853021793924,283.51902104291054,0.0,0.0
47.4150179361696,29202.220251749946,340.62963070362014,225.7186822136295,1348.8635972831207,0.020817982289636053,301.18179519827623,1.1309768257386683,0.7300874157636261,1.3569699349930187,1.0066888984619842,0.0,277.23257426734654,283.4624228469364,0.0,0.0
47.565065461284064,29151.11165035206,340.60064436944725,225.66803956444897,1359.2434243283865,0.020982889386600513,301.14800645853205,1.1310074683039544,0.7300776101427346,1.3569699349930187,1.0144769549975465,0.0,277.1731647040625,283.4019530541649,0.0,0.0
47.71511298639852,29100.008256639023,340.560214287518,225.6174012649731,1369.7045810390646,0.021149125889488578,301.1142168298817,1.1310001164107168,0.7300799627485707,1.3569699349930187,1.0222746864940047,0.0,277.11029957605103,283.33760927083637,0.0,0.0
47.86516051151298,29048.911788772566,340.5083269884515,225.56676901799568,1380.2473601479214,0.021316697044092142,301.08042744844744,1.1309547082623133,0.7300944933560598,1.3569699349930187,1.0300810413224613,0.0,277.04397774606093,283.26939001623805,0.0,0.0
48.01520803662744,28997.82396679976,340.444970563521,225.51614452828784,1390.872047953898,0.021485607996083133,301.04663945218147,1.1308711872121648,0.7301212200921072,1.3569699349930187,1.0378949491164393,0.0,276.9741989024894,283.19729473491634,0.0,0.0
48.1652555617419,28946.746512391423,340.37013469806493,225.4655295023387,1401.578924178131,0.021655863788591315,301.01285398069365,1.130749501879729,0.7301601593984868,1.3569699349930187,1.0457153209473182,0.0,276.9009635700729,283.1213238086921,0.0,0.0
48.31530308685637,28895.681148708274,340.2838106868593,225.41492564822306,1412.3682617927216,0.02182746935934568,300.9790721751641,1.1305896062063099,0.7302113260139809,1.3569699349930187,1.0535410494142472,0.0,276.8242731150023,283.04147856241036,0.0,0.0
48.46535061197083,28844.629600083448,340.1859914660649,225.36433467528653,1423.240326887454,0.02200042953841623,300.94529517813385,1.1303914595664435,0.7302747329387381,1.3569699349930187,1.0613710088566612,0.0,276.7441297546111,282.9577612748382,0.0,0.0
48.615398137085286,28793.593591738354,340.0766716456421,225.3137582938643,1434.1953785299206,0.02217474904584806,300.9115241333174,1.130155026880834,0.7303503913981332,1.3569699349930187,1.0692040555838422,0.0,276.6605365669742,282.8701751894586,0.0,0.0
48.765445662199745,28742.574849612854,339.95584752894166,225.26319821511274,1445.2336686012397,0.022350432488904223,300.8777601854909,1.1298802786864643,0.7304383108203314,1.3569699349930187,1.0770390280451936,0.0,276.5734974964766,282.77872452073274,0.0,0.0
48.915493187314205,28691.575100093938,339.82351713754827,225.21265615074026,1456.3554416531422,0.022527484359645564,300.84400448031266,1.1295671912244687,0.73053849880817,1.3569699349930187,1.084874747060134,0.0,276.4830173605963,282.6834144617359,0.0,0.0
49.06554071242867,28640.596069694173,339.67968024278815,225.1621338126889,1467.5609347765715,0.02270590903269107,300.81025816411073,1.1292157465503445,0.7306509611038898,1.3569699349930187,1.0927100161086913,0.0,276.3891018583698,282.584251193685,0.0,0.0
49.21558823754313,28589.63948481903,339.5243383910925,225.11163291290347,1478.8503774515345,0.02288571076267705,300.77652238372855,1.12882593262359,0.7307757015604512,1.3569699349930187,1.1005436215994242,0.0,276.2917575768031,282.48124189315314,0.0,0.0
49.36563576265759,28538.707071563418,339.3574949214382,225.06115516312988,1490.223991390469,0.023066893681610207,300.7427982863903,1.128397743370985,0.7309127221212848,1.3569699349930187,1.1083743331141334,0.0,276.1909919946337,282.3743947363107,0.0,0.0
49.51568328777205,28487.800555357073,339.17915499498315,225.01070227456339,1501.6819904157662,0.023249461796761885,300.7090870194656,1.1279311787908401,0.7310620227869312,1.3569699349930187,1.1162009037582734,0.0,276.08681348932726,282.26371890681094,0.0,0.0
49.665730812886515,28436.92166066907,338.98932562405594,224.96027595755572,1513.2245803253784,0.023433418988370223,300.67538973027325,1.1274262450550174,0.7312236015823944,1.3569699349930187,1.1240220705215143,0.0,275.97923134363407,282.1492246031744,0.0,0.0
49.815778338000975,28386.07211085271,338.7880156854116,224.90987792146103,1524.8519587273493,0.02361876900684437,300.641707565978,1.126882954558333,0.7313974545413334,1.3569699349930187,1.1318365545582405,0.0,275.8682557472412,282.0309230406599,0.0,0.0
49.965825863115434,28335.253627769154,338.57523594763734,224.85950987426267,1536.5643149251835,0.02380551547077622,300.60804167334015,1.1263013260156052,0.7315835756750063,1.3569699349930187,1.1396430615979456,0.0,275.75389780216204,281.9088264573508,0.0,0.0
50.11587338822989,28284.467931467432,338.35099909815494,224.80917352225575,1548.3618297922324,0.023993661864775046,300.5743931985027,1.1256813845572804,0.7317819569416703,1.3569699349930187,1.1474402823683179,0.0,275.6361695277436,281.7829481198062,0.0,0.0
50.26592091334435,28233.716739994677,338.1153197593717,224.7588705698587,1560.2446756171596,0.024183211536838507,300.5407632868644,1.125023161788681,0.7319925882276221,1.3569699349930187,1.1552268929639307,0.0,275.5150838622227,281.6533023248283,0.0,0.0
50.41596843845882,28183.001769078175,337.8682145089766,224.70860271929783,1572.213015980095,0.024374167696210525,300.50715308286743,1.1243266958633977,0.7322154573237127,1.3569699349930187,1.1630015552809585,0.0,275.39065466508714,281.519904402147,0.0,0.0
50.56601596357328,28132.32473176029,337.6097019050977,224.65837167024515,1584.2670056419397,0.024566533411447027,300.4735637297544,1.1235920315730124,0.732450549896636,1.3569699349930187,1.1707629175097733,0.0,275.26289672052565,281.38277071833136,0.0,0.0
50.71606348868774,28081.687338144773,337.3398025060459,224.6081791195664,1596.4067904093142,0.024760311608090967,300.43999636939793,1.1228192204185716,0.7326978494660571,1.3569699349930187,1.178509614604553,0.0,275.1318257390369,281.24191867862294,0.0,0.0
50.8661110138022,28031.09129516304,337.0585388836992,224.55802676108894,1608.6325069961304,0.024955505066291205,300.40645214214413,1.1220083206608769,0.7329573373885194,1.3569699349930187,1.186240268739619,0.0,274.99745835682677,281.0973667262888,0.0,0.0
51.016158538916656,27980.538306169223,336.7659356459682,224.50791628520003,1620.9442829282202,0.02515211641910669,300.372932186542,1.121159397401444,0.733228992831538,1.3569699349930187,1.1939534898686446,0.0,274.8598121374317,280.9491343444896,0.0,0.0
51.16620606403112,27930.030070622135,336.46201945781155,224.45784937853094,1633.3422364298854,0.02535014815052045,300.33943763913027,1.1202725226584596,0.7335127927492929,1.3569699349930187,1.2016478762865561,0.0,274.7189055726592,280.7972420573723,0.0,0.0
51.31625358914558,27879.56828391322,336.1468190507006,224.40782772378586,1645.826476276733,0.025549602592913175,300.30596963432083,1.1193477754039416,0.7338087118707387,1.3569699349930187,1.2093220151273982,0.0,274.5747580798877,280.64171142706346,0.0,0.0
51.46630111426004,27829.154636938732,335.82036524188015,224.35785299931737,1658.397101713338,0.02575048192557037,300.27252930411237,1.1183852416341602,0.7341167226770687,1.3569699349930187,1.2169744829861715,0.0,274.42739000171497,280.48256505332716,0.0,0.0
51.6163486393745,27778.79081575627,335.4826909522991,224.30792687878528,1671.0542023537307,0.025952788172913986,300.2391177778599,1.1173850144354445,0.7344367953806578,1.3569699349930187,1.2246038465444211,0.0,274.2768226049559,280.3198265724827,0.0,0.0
51.76639616448896,27728.478501382655,335.1338312171328,224.25805103095556,1683.7978580490499,0.026156523202207696,300.2057361821375,1.1163471940249805,0.7347688979120063,1.3569699349930187,1.2322086631539373,0.0,274.1230780772394,280.15352065361407,0.0,0.0
51.916443689603426,27678.21936943662,334.77382319853405,224.2082271193456,1696.628138796603,0.026361688721922315,300.1723856404982,1.1152718877994203,0.7351129959041856,1.3569699349930187,1.2397874814863064,0.0,273.9661795237895,279.9836729950047,0.0,0.0
52.066491214717885,27628.01508974281,334.40270620066997,224.1584568018309,1709.5451046624949,0.026568286280317203,300.1390672732079,1.1141592103912046,0.7354690526748145,1.3569699349930187,1.2473388422283578,0.0,273.80615096451805,279.8103103209263,0.0,0.0
52.216538739832345,27577.867326069223,334.02052168086925,224.108741730384,1722.5488056737559,0.026776317263532842,300.10578219706747,1.113009283711606,0.7358370292122861,1.3569699349930187,1.2548612787562303,0.0,273.6430173297626,279.6334603768928,0.0,0.0
52.366586264946804,27527.777735870048,333.62731325672144,224.05908355081888,1735.6392817117496,0.026985782893702476,300.07253152523856,1.1118222369802637,0.7362168841663156,1.3569699349930187,1.262353317809934,0.0,273.47680445450493,279.4531519232104,0.0,0.0
52.51663379006126,27477.747969842847,333.22312671761017,224.00948390235098,1748.8165624575724,0.02719668422789461,300.0393163669456,1.1105982067699456,0.7366085738336174,1.3569699349930187,1.2698134802539371,0.0,273.30753907340033,279.2694147294593,0.0,0.0
52.66668131517573,27427.77967160449,332.80801003412785,223.95994441727532,1762.080667310897,0.027409022156630113,300.00613782725696,1.1093373370439445,0.7370120521459378,1.3569699349930187,1.2772402818283395,0.0,273.1352488149741,279.08227956802705,0.0,0.0
52.81672884029019,27377.874477508973,332.3820133620338,223.91046672078485,1775.431605274682,0.02762279740185198,299.9729970069591,1.108039779174933,0.7374272706640215,1.3569699349930187,1.284632233865026,0.0,272.9599621940284,278.89177820561895,0.0,0.0
52.96677636540465,27328.034016181562,331.945189049645,223.86105243050778,1788.8693749189852,0.027838010516160618,299.9398950022435,1.106705691975928,0.7378541785677031,1.3569699349930187,1.291987844103601,0.0,272.7817086044746,278.69794339528,0.0,0.0
53.11682389051911,27278.259908169508,331.49759164309734,223.81170315616032,1802.3939643189237,0.02805466188163519,299.9068329044695,1.105335241723854,0.7382927226483668,1.3569699349930187,1.2993056174968876,0.0,272.6005183113432,278.50080886747986,0.0,0.0
53.26687141563357,27228.553765740755,331.0392778891218,223.76242049934618,1816.005350956609,0.028272751708077463,299.87381180002666,1.103928602174431,0.738742847304182,1.3569699349930187,1.3065840569958806,0.0,272.41642244190626,278.30040932018665,0.0,0.0
53.41691894074803,27178.917192475692,330.57030673723733,223.71320605315083,1829.7035016833431,0.028492280032220457,299.8408327700576,1.1024859545755918,0.7392044945358106,1.3569699349930187,1.313821664395803,0.0,272.22945297612887,278.0967804082121,0.0,0.0
53.56696646586249,27129.351782919948,330.0907393413055,223.66406140179615,1843.4883726706153,0.028713246716757825,299.8078968902229,1.1010074876785882,0.7396776039428518,1.3569699349930187,1.32101694118966,0.0,272.03964273670374,277.8899587320832,0.0,0.0
53.71701399097695,27079.859060570452,329.6031052946881,223.61498805915056,1857.3599267165685,0.028935651727667107,299.77500518948017,1.0995016248481235,0.7372260302742535,1.3569699349930187,1.3229196078032603,0.0,271.84774711186446,277.6807908500646,0.0,0.0
53.86706151609141,27030.439688980503,329.11198125356793,223.56598668649482,1871.3183574649715,0.029159498730453502,299.74215812567337,1.0979836246977999,0.7363932297569376,1.3569699349930187,1.3276822874793512,0.0,271.655114694192,277.4707883672289,0.0,0.0
54.01710904120588,26981.094530526316,328.6139293956753,223.5170581422914,1885.3637960854487,0.02938479038878417,299.7093562890259,1.0964420112356292,0.7355500687858222,1.3569699349930187,1.3323665135816618,0.0,271.4607477689194,277.2588328060448,0.0,0.0
54.16715656632034,26931.824616091406,328.1090651252296,223.4682034521392,1899.4963176959316,0.029611528466439996,299.6766003820663,1.0948771599347895,0.7346968718838178,1.3569699349930187,1.3369722989726838,0.0,271.26469017549664,277.0449731836684,0.0,0.0
54.317204091434796,26882.630959140846,327.5975038022516,223.4194236244231,1913.7159932996392,0.029839714659867136,299.64389109606594,1.093289446362261,0.7338339628408124,1.3569699349930187,1.3414996874325187,0.0,271.06698564139657,276.82925839381903,0.0,0.0
54.467251616549255,26833.51455589526,327.0793606923786,223.37071965048497,1928.0228897648053,0.03006935059778056,299.61122911114654,1.0916792460106435,0.7329616645266772,1.3569699349930187,1.345948752929348,0.0,270.8676777608911,276.61173718296703,0.0,0.0
54.617299141663715,26784.47638538395,326.554750946357,223.32209250467474,1942.4170698403175,0.030300437841344365,299.5786150963071,1.090046934229193,0.732080298761087,1.3569699349930187,1.3503195992321708,0.0,270.66680998257436,276.39245813634255,0.0,0.0
54.76734666677818,26735.517409229025,326.023789531159,223.27354314413486,1956.898592253478,0.030532977885671678,299.54604970927227,1.0883928859939398,0.7311901860992192,1.3569699349930187,1.3546123590003085,0.0,270.46442558279927,276.1714696481854,0.0,0.0
54.91739419189264,26686.638571823445,325.4865911898811,223.22507250897527,1971.4675116953733,0.030766972159521885,299.51353359660266,1.0867174757727645,0.7302916456724364,1.3569699349930187,1.3588271930952043,0.0,270.26056764814786,275.9488199020744,0.0,0.0
55.0674417170071,26637.8408004827,324.9432704196982,223.1766815224222,1986.1238788148592,0.0310024220251364,299.48106739378727,1.085021077450718,0.7293849950643005,1.3569699349930187,1.3629642900873742,0.0,270.05527906333344,275.7245568573482,0.0,0.0
55.21748924212156,26589.125005298556,324.3939414206071,223.12837109067172,2000.8677403036031,0.031239328779538184,299.44865172513846,1.083304064158438,0.728470550137635,1.3569699349930187,1.3670238654672322,0.0,269.84860249059375,275.49872822602464,0.0,0.0
55.36753676723602,26540.49207916355,323.83871804482783,223.08014210291248,2015.6991389338002,0.03147769365507284,299.4162872037999,1.0815668081022078,0.7275486248661618,1.3569699349930187,1.3710061608044322,0.0,269.64058034972993,275.2713814504224,0.0,0.0
55.517584292350485,26491.942898036563,323.2777137743502,223.03199543158743,2030.6181135242662,0.03171751781879946,299.38397443191525,1.0798096804873194,0.7266195312191389,1.3569699349930187,1.3749114431662999,0.0,269.4312548067546,275.0425636904046,0.0,0.0
55.667631817464944,26443.478320899587,322.71104168957686,222.9839319323496,2045.6246990014508,0.031958802373407744,299.35171400059136,1.0780330514123575,0.7256835790334353,1.3569699349930187,1.3787400044824483,0.0,269.22066775989214,274.812321807692,0.0,0.0
55.8176793425794,26395.099189649965,322.13881441068287,222.93595244395368,2060.7189264843514,0.03220154835852122,299.31950648981865,1.0762372896724004,0.7247410758409826,1.3569699349930187,1.3824921605828975,0.0,269.00886081794874,274.5807023416295,0.0,0.0
55.96772686769386,26346.806329414867,321.5611440740361,222.88805778856636,2075.900823240684,0.03244575674993164,299.2873524686724,1.074422762678203,0.7237923267609702,1.3569699349930187,1.3861682505420148,0.0,268.79587528943625,274.3477514969578,0.0,0.0
56.11777439280832,26298.600548610895,320.9781423143651,222.84024877182392,2091.1704127225307,0.03269142846011175,299.25525249534456,1.0725898363951305,0.7228376344051869,1.3569699349930187,1.389768636134018,0.0,268.5817521733006,274.1135151334133,0.0,0.0
56.26782191792279,26250.4826388092,320.38992020765374,222.79252618269715,2106.527714666466,0.03293856433976713,299.2232071170462,1.070738875151244,0.7218772987182622,1.3569699349930187,1.393293700848143,0.0,268.36653213848695,273.87803874283816,0.0,0.0
56.41786944303725,26202.453374973615,319.79658824426656,222.7448907937259,2121.9727450781606,0.033187165177530835,299.19121687015786,1.068870241545396,0.7209116168737608,1.3569699349930187,1.3967438491682098,0.0,268.1502555127851,273.6413674366488,0.0,0.0
56.56791696815171,26154.513515911105,319.198253982955,222.69734336146448,2137.5055161476143,0.03343723169854138,299.1592822805225,1.0669842886026244,0.7199408791909345,1.3569699349930187,1.400119477704134,0.0,267.9329616148053,273.40354519696956,0.0,0.0
56.717964493266166,26106.66380355405,318.59503030945405,222.64988462576832,2153.1260365434805,0.033688764569124396,299.1274038629593,1.06508138737905,0.718965383287532,1.3569699349930187,1.4034210748939928,0.0,267.71469109248983,273.1646174980397,0.0,0.0
56.868012018380625,26058.904962183045,317.9870301782923,222.60126892850036,2168.833550921573,0.03394194254073488,299.09474478197535,1.0631648857959322,0.7179869412888974,1.3569699349930187,1.4066595113495268,0.0,267.49423803802597,272.92338323926435,0.0,0.0
57.01805954349509,26011.237707652508,317.37427006385167,222.54033353402426,2184.6187382723365,0.03419834005486795,299.0538045308544,1.061261436087522,0.7170191618318378,1.3569699349930187,1.4099254602458826,0.0,267.26045209454406,272.66869356080394,0.0,0.0
57.16810706860955,25963.662756471072,316.7566969381422,222.46646891975885,2200.4882778371675,0.034458201355100755,299.00417009643127,1.0593721714181632,0.7160625355303911,1.3569699349930187,1.4132275726617056,0.0,267.0127165943005,272.39993093081233,0.0,0.0
57.31815459372401,25916.180833910366,316.1342712377043,222.38213540080753,2216.4502031055667,0.03472131692445282,298.94749084904953,1.057490967192406,0.7151138917844537,1.3569699349930187,1.4165486554356206,0.0,266.7534886644671,272.11955209092775,0.0,0.0
57.46820211883847,25868.79267020766,315.50696268117497,222.2888355056997,2232.5111700246916,0.03498759545879688,298.88477291628055,1.0556140401623952,0.7141712844762054,1.3569699349930187,1.4198789164744854,0.0,266.48427039591974,271.82905907909844,0.0,0.0
57.618249643952936,25821.499001944103,314.874720005647,222.1760593559667,2248.658453555173,0.0352585414640549,298.80894510839,1.0537660440233116,0.7132469924897114,1.3569699349930187,1.423301198667673,0.0,266.19454573694935,271.5179350970526,0.0,0.0
57.768297169067395,25774.300578011716,314.23742577245514,222.04877223555312,2264.9032244672985,0.03553361401575468,298.7233373713352,1.0519346380421386,0.7123347043842534,1.3569699349930187,1.4267774445367805,0.0,265.88925551290686,271.1911180122334,0.0,0.0
57.918344694181854,25727.19816265266,313.59499698747493,221.90679019730638,2281.2482027868714,0.03581294656559932,298.6278175222036,1.0501198434541634,0.7114343304091604,1.3569699349930187,1.4303096160117414,0.0,265.5682012421434,270.84840758525826,0.0,0.0
58.068392219296314,25680.192532575456,312.94735049997684,221.75001467919415,2297.6958556465866,0.03609665763120175,298.52230970345704,1.0483214832782488,0.710545683802845,1.3569699349930187,1.4338987578411924,0.0,265.23127004346543,270.4896892032413,0.0,0.0
58.21843974441077,25633.284477001805,312.2944021073586,221.57843088583564,2314.248397551135,0.036384850577782124,298.4067933580368,1.046539184289478,0.7096684837082519,1.3569699349930187,1.4375449984992363,0.0,264.87843277367466,270.11493198782654,0.0,0.0
58.36848726952524,25586.474797688563,311.6360681709869,221.3921061582647,2330.907790802648,0.03667761337642513,298.2813022220876,1.0447723871708052,0.7088023620142891,1.3569699349930187,1.4412475814215535,0.0,264.509742851421,269.724187673956,0.0,0.0
58.5185347946397,25539.764308881695,310.9722669848027,221.1911883314258,2347.6757460967697,0.03697501833808482,298.14592333443835,1.0430203556262503,0.7079468695245651,1.3569699349930187,1.445004892546093,0.0,264.12533499494276,269.3175893935952,0.0,0.0
58.66858231975416,25493.153836992395,310.30291959369794,220.97590407801917,2364.553723362917,0.037277121824075506,298.00079606104435,1.04128218345475,0.7071014809890255,1.3569699349930187,1.4488144803845668,0.0,263.7254237896906,268.89535027041916,0.0,0.0
58.81862984486862,25446.64421986042,309.62795121999653,220.7465572372023,2381.542932901237,0.03758396393389809,297.84611113221115,1.0395568034882132,0.7062656009210266,1.3569699349930187,1.4526730833354382,0.0,263.3103024049697,268.4577621833715,0.0,0.0
58.96867736998308,25400.23630601395,308.94729274306286,220.5035271293432,2398.644336672419,0.03789556816811682,297.6821096919349,1.0378429965535587,0.7054385692970497,1.3569699349930187,1.456576657377223,0.0,262.8803413058873,268.0051945266457,0.0,0.0
59.11872489509754,25353.930958712182,308.2608285198496,220.24726688399687,2415.85864795258,0.03821194103386657,297.5090823759674,1.0361392198786559,0.7046195805139994,1.3569699349930187,1.4605197144889241,0.0,262.4359722852414,267.53807651267215,0.0,0.0
59.268772420212,25307.729026086483,307.5689424125239,220.05010420059938,2433.2563640287653,0.03852160697963899,297.3758892990714,1.034276662904575,0.7037279209689437,1.3569699349930187,1.4638988561472637,0.0,262.0496384942756,267.12886525489495,0.0,0.0
59.41881994532646,25261.63127524336,306.8722928726063,219.8651782211627,2450.7926522311527,0.03883186275562884,297.2509084763657,1.0323678889513155,0.7028180952679194,1.3569699349930187,1.4671126093063496,0.0,261.67466848786194,266.7309122148894,0.0,0.0
59.56886747044092,25215.63840159401,306.1710501104644,219.68518787704187,2468.4602184895516,0.03914384321806335,297.12921288091434,1.0304306572278168,0.7018988028748636,1.3569699349930187,1.470222778060148,0.0,261.30381631147503,266.3369781033732,0.0,0.0
59.71891499555538,25169.75108464852,305.4653170063777,219.51105145789032,2486.259444377856,0.03945737255637666,297.01142780167083,1.0284631782260982,0.7009693823025851,1.3569699349930187,1.473221199169179,0.0,260.9380367400461,265.948022107636,0.0,0.0
59.86896252066985,25123.969987237717,304.75528312204773,219.3436077805615,2504.190351322175,0.039772277598688885,296.898125594269,1.0264641533591763,0.7000294207551975,1.3569699349930187,1.4761013437431938,0.0,260.57822832905464,265.5649500076669,0.0,0.0
60.019010045784306,25078.29573834504,304.0411565097342,219.18522444232497,2522.175413623971,0.040086867446943744,296.7909143367919,1.0244287874820686,0.6990768876039244,1.3569699349930187,1.4787976446165314,0.0,260.2268229790617,265.1902014805652,0.0,0.0
60.169057570898765,25032.728927960423,303.3232911723835,219.038929341918,2540.0988913815495,0.040398703119869275,296.69185130881954,1.0223512706341957,0.6981093276934758,1.3569699349930187,1.4812191495870886,0.0,259.886951720398,264.8269200289131,0.0,0.0
60.319105096013224,24987.270091527025,302.6019983971976,218.90206302476375,2558.11492961242,0.040710675110263175,296.5991429796301,1.0202389506499006,0.6971304266038313,1.3569699349930187,1.4834839794534442,0.0,259.55604588961575,264.4725479691164,0.0,0.0
60.469152621127684,24941.919725822707,301.8775110510484,218.77514795516083,2576.22205422758,0.04102262189717692,296.51314936657525,1.018091479908843,0.6961402670648016,1.3569699349930187,1.4855888303008025,0.0,259.234696957144,264.12768511688193,0.0,0.0
60.61920014624215,24896.67829257068,301.1500664694411,218.6586291255682,2594.418726798978,0.041334392215944295,296.43417795028955,1.0159087206197335,0.6951390351381489,1.3569699349930187,1.4875312360497472,0.0,258.9234195458473,263.792854515849,0.0,0.0
60.76924767135661,24851.54621742361,300.41990505161897,218.55287572836636,2612.703350037664,0.04164584548170655,296.3624846609524,1.0136907355035452,0.6941270135528053,1.3569699349930187,1.4893095461548258,0.0,258.62265270716824,263.4685036658877,0.0,0.0
60.91929519647107,24806.52388984507,299.6872687971608,218.45818283270194,2631.074272987309,0.04195685219147357,296.2982748852186,1.0114377780743242,0.6931045748747053,1.3569699349930187,1.4909228998956037,0.0,258.3327611926015,263.15500574554903,0.0,0.0
61.06934272158553,24761.61166305355,298.95240054903417,218.37477306135446,2649.52979625449,0.04226729430799717,296.24170449145856,1.0091502851100216,0.6920721756930865,1.3569699349930187,1.4923712076488154,0.0,258.05403691886045,262.85266105163015,0.0,0.0
61.21939024669999,24716.809853708834,298.21554282521805,218.30279826488058,2668.0681774029504,0.04257706562556469,296.1928808721624,1.006828867551103,0.691030350110102,1.3569699349930187,1.4936551245585106,0.0,257.7867003248172,262.5616983177521,0.0,0.0
61.369437771814454,24672.118742185732,297.47693651066044,218.24234119241555,2686.6876361591058,0.04288607211009473,296.15186400345846,1.0044743007499237,0.6899797029819269,1.3569699349930187,1.4947760200275326,0.0,257.5309016933049,262.282275993957,0.0,0.0
61.51948529692891,24627.53857301498,296.73681991708094,218.19341715561274,2705.386359589439,0.04319423221500544,296.118667519419,1.0020875158018243,0.6889209037000252,1.3569699349930187,1.495735950003515,0.0,257.28672256866975,262.0144836344624,0.0,0.0
61.66953282204337,24583.069555119655,295.9954280141621,218.15597568313382,2724.162507399685,0.04350147717434988,296.09325979915735,0.9996695913136907,0.6878546802214689,1.3569699349930187,1.4965376297256965,0.0,257.0541772141828,261.7583433312394,0.0,0.0
61.81958034715783,24538.711862406013,295.2529912748428,218.12990216437365,2743.0142171171756,0.04380775126862148,296.0755650653119,0.9972217437454266,0.6867818125372865,1.3569699349930187,1.4971843995294791,0.0,256.833213961107,261.51381102744546,0.0,0.0
61.9696278722723,24494.46563483416,294.5097346437067,218.11501947996405,2761.9396090914743,0.04411301206198585,296.0654644914895,0.994745318065196,0.685703126373916,1.3569699349930187,1.4976801906208232,0.0,256.6237165818466,261.28077785945027,0.0,0.0
62.11967539738676,24450.330984187465,293.765748405775,218.1151378639239,2781.3897441383833,0.0444236406669809,296.0655448376238,0.9922321375386315,0.6846153273449681,1.3569699349930187,1.4982352672496924,0.0,256.42952048458284,261.0630822798802,0.0,0.0
62.26972292250122,24406.308028382464,293.02096460560335,218.12855615021377,2801.2140330730385,0.044737516884407684,296.07465156717655,0.9896860911752847,0.6835203873105098,1.3569699349930187,1.498779243405924,0.0,256.24890826803204,260.8590049240373,0.0,0.0
62.419770447615676,24362.396878506403,292.27548708766784,218.15250089725146,2821.1424423079293,0.045050843333213415,296.0909017047418,0.9871140430350723,0.6824215052732279,1.3569699349930187,1.4991923241237328,0.0,256.0791350233739,260.6658043337197,0.0,0.0
62.569817972730135,24318.597625700066,291.52951210879115,218.18651571008436,2841.1684898814938,0.045363566240559,296.1139843739767,0.9845178799141227,0.6813196999855085,1.3569699349930187,1.4994780809959223,0.0,255.91979653712505,260.48308260602624,0.0,0.0
62.7198654978446,24274.910330074083,290.78322974645937,218.23008667922775,2861.2852323424195,0.04567563931851503,296.14354928356875,0.9818995904179677,0.6802160134387764,1.3569699349930187,1.4996404045295841,0.0,255.77042896662837,260.3103819531472,0.0,0.0
62.86991302295906,24231.335024233926,290.0368168334594,218.28264399049894,2881.4852653113453,0.04598702384611364,296.1792079132587,0.9792612346995059,0.6791114962801865,1.3569699349930187,1.4996833893810688,0.0,255.63050865006318,260.14718429471225,0.0,0.0
63.01996054807352,24187.871715134002,289.2904448435357,218.34356351115014,2901.760725051263,0.04629768874907263,296.2205346910711,0.9766049647612619,0.6780072147155572,1.3569699349930187,1.4996114206441609,0.0,255.49945576174412,259.99291516332426,0.0,0.0
63.17000807318798,24144.520378679317,288.5443976448176,218.40034916451657,2921.457452729526,0.04659983125272496,296.2590519314933,0.9739597685323734,0.6769152496644325,1.3569699349930187,1.4992044739213557,0.0,255.36484687447816,259.83515991767683,0.0,0.0
63.32005559830244,24101.28092621951,287.7991705745567,218.45616276322005,2940.767526532866,0.046895859480039756,296.2969049560208,0.9713202053773548,0.6758332822068145,1.3569699349930187,1.4985460232594745,0.0,255.2299697396574,259.6772215396064,0.0,0.0
63.470103123416905,24058.15321637328,287.05504129348213,218.51817373498795,2960.1142832843057,0.047190982890501935,296.33895539550934,0.9686713004382552,0.6747551902717588,1.3569699349930187,1.4977955916799766,0.0,255.10206293012598,259.5263469640434,0.0,0.0
63.620150648531364,24015.137073297166,286.31206894898605,218.5825345405595,2979.5207752500987,0.047486380394517504,296.38259297812755,0.9660218775740157,0.6736846081745442,1.3569699349930187,1.4970004718010883,0.0,254.9772917676488,259.3787030681048,0.0,0.0
63.770198173645824,23972.23232088487,285.57033451912594,218.64672954770134,2999.0040115174384,0.04778286298495774,296.42611174775755,0.9633777970347319,0.6726238828577982,1.3569699349930187,1.4961928203378552,0.0,254.85315886404354,259.2317946699584,0.0,0.0
63.92024569876028,23929.43875934556,284.8300089611025,218.7640665158509,3018.913771205421,0.04807428429852614,296.5056397520025,0.9606225675819675,0.6715267499371759,1.3569699349930187,1.495080462515829,0.0,254.78301277047845,259.138975253933,0.0,0.0
64.07029322387474,23886.756160730405,284.09133149370825,218.88396275640585,3038.9227441926337,0.048366406701674386,296.5868803380877,0.9578688415679903,0.6704385592708685,1.3569699349930187,1.4939487751657676,0.0,254.71632836506825,259.0497266599922,0.0,0.0
64.2203407489892,23844.18427521976,283.35425070819355,218.98051751372665,3059.1241417462375,0.04866645701954878,296.652288777553,0.9551729800428707,0.6693813151638933,1.3569699349930187,1.4930684353820098,0.0,254.62718871447635,258.93812999834455,0.0,0.0
64.37038827410366,23801.72290014769,282.61817955854934,219.04849314964144,3079.5457624229125,0.04897613380772358,296.69832840596166,0.9525438888615949,0.6683579564655111,1.3569699349930187,1.492487646091907,0.0,254.51020572531712,258.7987789802564,0.0,0.0
64.52043579921813,23759.37202874562,281.880770399327,218.7782543752196,3100.0589473485506,0.04936326825227069,296.5152544757109,0.9506450887248276,0.6676235880357632,1.3569699349930187,1.4948011123230065,0.0,254.05515451884222,258.32137742475106,0.0,0.0
64.6704833243326,23717.13204558636,281.14006125151445,218.50105592498826,3120.6549968746476,0.04975426610058399,296.3273481840948,0.948748277789247,0.6668939486935311,1.3569699349930187,1.4970955035421818,0.0,253.59280266992405,257.8366339918964,0.0,0.0
64.82053084944705,23675.00345263915,280.3960591891729,218.22458481349875,3141.3333009368957,0.05014740323025671,296.1398161770594,0.9468367435655006,0.6661626496779165,1.3569699349930187,1.4993032198341405,0.0,253.13084546574945,257.352244969333,0.0,0.0
64.97057837456151,23632.986734478116,279.64889099711905,217.9488442497446,3162.0934412391216,0.05054267641629463,295.9526613448527,0.9449108844852184,0.6654299350300066,1.3569699349930187,1.5014252215125061,0.0,252.6693241241267,256.868256171477,0.0,0.0
65.12062589967597,23591.082356732684,278.8986820325856,217.6738373184815,3182.934997084391,0.05094008234173347,295.7658864991981,0.94297109559774,0.6646960448285327,1.3569699349930187,1.503462484088543,0.0,252.20827907605627,256.3847125458087,0.0,0.0
65.27067342479043,23549.290767271596,278.14556727408143,217.4007871415046,3203.675880019899,0.05133641840828403,295.5803238460219,0.9410151652008378,0.6639602385933251,1.3569699349930187,1.505320094097351,0.0,251.74897285713536,255.9028813944456,0.0,0.0
65.42072094990489,23507.612361265205,277.3901658065084,217.13387372235852,3223.6862545398917,0.05172056895646863,295.39881901711937,0.9390361367370013,0.6632200261074528,1.3569699349930187,1.5066763798400948,0.0,251.2957437865966,255.4271201825774,0.0,0.0
65.57076847501935,23466.047432832,276.6332765822746,217.0383707616746,3244.8557605009732,0.052083118797219385,295.3338485818513,0.9366798892528776,0.6623443413050314,1.3569699349930187,1.5069768774969519,0.0,251.01406641862835,255.12292775467992,0.0,0.0
65.72081600013381,23424.596066110757,275.87662743191277,217.0214377228637,3266.609116774028,0.05243637252426182,295.3223275843261,0.934154317719642,0.6614125094278737,1.3569699349930187,1.506786760083066,0.0,250.81152647337527,254.89794138038872,0.0,0.0
65.87086352524827,23383.25820825563,275.12029398060577,217.00455083372796,3288.448422894759,0.05279104994843759,295.3108375387458,0.9316295205200827,0.660487976384209,1.3569699349930187,1.5065633700247558,0.0,250.60961816949327,254.67365745408924,0.0,0.0
66.02091105036274,23342.033809084325,274.3643321500188,216.98771007556536,3310.373479875765,0.05314714798573086,295.2993784359976,0.9291056879399555,0.6595708046089372,1.3569699349930187,1.5063074552468088,0.0,250.40835447598866,254.45009051546026,0.0,0.0
66.1709585754772,23300.922809265776,273.6087892784811,216.9709154259305,3332.3840881111837,0.05350466354047039,295.2879502644103,0.9265829812340225,0.6586610439974361,1.3569699349930187,1.5060196510453217,0.0,250.20774612297237,254.2272525949765,0.0,0.0
66.32100610059166,23259.92514244163,272.85371177579356,216.95416685950107,3354.4800463748297,0.05386359348906158,295.2765530103434,0.924061558542495,0.657758741548745,1.3569699349930187,1.5057005846458922,0.0,250.00780348611354,254.00515532615424,0.0,0.0
66.47105362570612,23219.040723303773,272.09944568715065,216.9244019781451,3375.257830366387,0.054204663320596924,295.25629718128675,0.9215703383290827,0.6568741153711944,1.3569699349930187,1.5048425006480992,0.0,249.79554683959105,253.77082898117402,0.0,0.0
66.62110115082058,23178.269370278405,271.34666729770487,216.89038904645545,3395.638658364571,0.054540519226514136,295.23314873449124,0.9190928202365652,0.6560011253595887,1.3569699349930187,1.503798927673082,0.0,249.57990576351318,253.5332226488862,0.0,0.0
66.77114867593504,23137.610852719365,270.59545595562514,216.85646981325482,3416.08589832307,0.054877523647822675,295.2100622491524,0.9166200294597244,0.6551365336802922,1.3569699349930187,1.502741420699418,0.0,249.3652380888704,253.2966961051833,0.0,0.0
66.9211962010495,23097.065016909975,269.84414364244856,216.61131884986352,3437.88987114516,0.05529029670288034,295.0431511668654,0.9145921285589672,0.6544325140431939,1.3569699349930187,1.5040307564077346,0.0,248.93981557823216,252.8494723988329,0.0,0.0
67.07124372616396,23056.632076103942,269.0906379936239,216.31700626967165,3460.0783785316926,0.05572285752858622,294.84264357674607,0.9126584768379372,0.6537654277262404,1.3569699349930187,1.5058074490512414,0.0,248.46520859641515,252.35306145740242,0.0,0.0
67.22129125127842,23016.312384583154,268.3344959911504,216.02351431954747,3482.347625568886,0.05615768572028768,294.6425591832875,0.9107119376608057,0.6530980495127128,1.3569699349930187,1.507500754037332,0.0,247.9912982356452,251.85733213994945,0.0,0.0
67.37133877639288,22976.106337507365,267.5759349994119,215.73084590715018,3504.697107647608,0.056594776658373036,294.44290083349824,0.9087532225839635,0.6524307038507904,1.3569699349930187,1.5091130659571421,0.0,247.51814435844864,251.36235119685495,0.0,0.0
67.52138630150735,22936.014284473782,266.8150859615756,215.43900360853112,3527.126333867995,0.05703412593212863,294.2436711538192,0.9067827522519423,0.6517636113936021,1.3569699349930187,1.510645624361671,0.0,247.0457854518388,250.8681614580356,0.0,0.0
67.67143382662181,22896.036559833927,266.05205824809275,215.147989888802,3549.6348106639666,0.05747572902032399,294.04487270013095,0.9048008754752698,0.65109696552977,1.3569699349930187,1.5120993980390032,0.0,246.57425445615257,250.3747995493591,0.0,0.0
67.82148135173627,22856.173481900445,265.2869669499714,214.85780709635276,3572.222042465938,0.057919581303814645,293.8465079535236,0.9028079618762413,0.6504309639766037,1.3569699349930187,1.5134754645853874,0.0,246.10358525922163,249.88230317288946,0.0,0.0
67.97152887685073,22816.42535172813,264.5199255596489,214.5684574539698,3594.8875326280813,0.058365678083482184,293.6485793139291,0.9008043770470969,0.6497658002878807,1.3569699349930187,1.5147749082115363,0.0,245.63381094682265,249.39070914682856,0.0,0.0
68.12157640196519,22776.792453475045,263.7510459657404,214.27994306145652,3617.630783476363,0.05881401458100471,293.4510891016061,0.8987904825066702,0.6491016638401128,1.3569699349930187,1.515998818840191,0.0,245.16496380747444,248.90005341057696,0.0,0.0
68.27162392707965,22737.275054727525,262.9804384596827,213.99226589799028,3640.451296373822,0.059264585939979374,293.2540395584513,0.8967666356980072,0.6484387398349325,1.3569699349930187,1.5171482913914338,0.0,244.69707533992596,248.41037103284225,0.0,0.0
68.4216714521941,22697.873406566294,262.20821171488217,213.70542782259596,3663.348571933542,0.05971738722998292,293.0574328480266,0.8947331898961177,0.6477772092744876,1.3569699349930187,1.5182244247682284,0.0,244.23017625247974,247.92169621082326,0.0,0.0
68.57171897730856,22658.587743857526,261.43447403712497,213.4194305762567,3686.322110102268,0.06017241344811002,292.86127105671096,0.8926904984527627,0.6471172503364897,1.3569699349930187,1.51922833883606,0.0,243.76429675929464,247.4340626020913,0.0,0.0
68.72176650242302,22619.418284045583,260.6593972994249,213.0921650127789,3707.8895034605607,0.06061741446433096,292.63664254157317,0.890727131898373,0.6464872458720197,1.3569699349930187,1.5199212176162877,0.0,243.25737060891936,246.90540914268402,0.0,0.0
68.8718140275375,22580.365114388325,259.8850808565983,213.10280884420692,3730.7525302340528,0.06098813806363639,292.6439509665412,0.8880589535449228,0.6456378783945678,1.3569699349930187,1.5181476392695104,0.0,243.08906273482995,246.71545968835312,0.0,0.0
69.02186155265196,22541.427907295605,259.1137418759986,213.16188534273408,3754.105685868186,0.06135289336503322,292.6845116283741,0.8853004910796208,0.64476800361565,1.3569699349930187,1.5161296909025095,0.0,242.9704049659457,246.5753075704839,0.0,0.0
69.17190907776641,22502.606213943967,258.34538309478364,213.2207872989074,3777.5353784393733,0.06171874755327047,292.7249468578571,0.8825533521071313,0.6439100182328371,1.3569699349930187,1.5141211651537174,0.0,242.85278460281393,246.43633942568883,0.0,0.0
69.32195660288087,22463.89958820766,257.57999068308214,213.27951538323413,3801.041488214193,0.06208569846522293,292.76525716715963,0.8798174796267311,0.6430638020475609,1.3569699349930187,1.5121219441600258,0.0,242.73619305292803,246.29854554123585,0.0,0.0
69.47200412799533,22425.307586022627,256.8175509831651,213.33807026314503,3824.6238942484338,0.062453743922036696,292.80544306589724,0.8770928173127135,0.6422292361734633,1.3569699349930187,1.5101319120270873,0.0,242.62062182107053,246.16191631381986,0.0,0.0
69.62205165310979,22386.82976534322,256.0580505044765,213.39645260305932,3848.2824744167515,0.06282288172959029,292.8455050611807,0.8743793094962525,0.6414062030138021,1.3569699349930187,1.5081509547801228,0.0,242.50606250730445,246.026442247303,0.0,0.0
69.77209917822425,22348.465686148775,255.30147592449393,213.45466306437464,3872.0171054121597,0.06319310967848443,292.88544365761237,0.8716769011673564,0.6405945862453436,1.3569699349930187,1.5061789603860631,0.0,242.3925068062395,245.8921139518938,0.0,0.0
69.92214670333871,22310.214910417715,254.54781408579896,213.51270230550557,3895.827662765365,0.06356442554434144,292.9252593573169,0.8689855379637839,0.6397942707985164,1.3569699349930187,1.504215818729123,0.0,242.27994650549488,245.75892214241895,0.0,0.0
70.07219422845317,22272.077002069025,253.79705198930486,213.5705709819723,3919.7140208850883,0.06393682708843115,292.96495266000574,0.8663051661467631,0.6390051428340503,1.3569699349930187,1.5022614215392485,0.0,242.16837348336605,245.62685763569766,0.0,0.0
70.22224175356763,22234.051526960106,253.04917679404232,213.6282697464033,3943.6760530638517,0.064310312057758,293.00452406298257,0.863635732599297,0.6382270897267425,1.3569699349930187,1.5003156624006966,0.0,242.05777970791416,245.49591134952007,0.0,0.0
70.3722892786821,22196.138052887458,252.30417581728193,213.68579924853395,3967.713631481797,0.06468487818511702,293.0439740611462,0.8609771848256347,0.6374600000497324,1.3569699349930187,1.4983784367646027,0.0,241.94815723613496,245.36607430171637,0.0,0.0
70.52233680379656,22158.336149521543,251.56203652694413,213.74316013530498,3991.8266272524484,0.06506052318980333,293.0833031470616,0.8583294709242335,0.6367037635513969,1.3569699349930187,1.49644964186706,0.0,241.83949821151214,245.237337607402,0.0,0.0
70.67238432891102,22120.64538839145,250.82274653981645,213.8003530508853,4016.0149104377106,0.0654372447778415,293.1225118109795,0.8556925395807193,0.6359582711384807,1.3569699349930187,1.4945291767181452,0.0,241.7317948628256,245.10969247763916,0.0,0.0
70.82243185402548,22083.065342895894,250.08629362282505,213.857378636655,4040.278350045974,0.06581504064195154,293.1616005408278,0.8530663400713567,0.6352234148624114,1.3569699349930187,1.4926169421281346,0.0,241.62503950361236,244.9831302188346,0.0,0.0
70.97247937913994,22045.59558825408,249.35266568726166,213.91423753127938,4064.616814068981,0.06619390846211834,293.2005698222663,0.850450822242315,0.6344990878990184,1.3569699349930187,1.490712840647415,0.0,241.51922453016059,244.85764223048204,0.0,0.0
71.1225269042544,22008.235700709458,248.62188719064446,213.9724553534775,4088.7783608490117,0.06656927174502511,293.24046510368856,0.8478430393388335,0.6337843946817908,1.3569699349930187,1.4887130634792671,0.0,241.41587543973364,244.73475399515655,0.0,0.0
71.27257442936886,21970.985233072108,247.8942318018521,214.0331013891726,4112.580918366024,0.06693782830125979,293.28201861053157,0.845241835746661,0.6330789569002158,1.3569699349930187,1.4865491521746252,0.0,241.31611621074896,244.6155961055294,0.0,0.0
71.42262195448332,21933.843709213987,247.1697620513202,214.09357076296308,4136.452098422959,0.0673073482043776,293.32344521104903,0.8426525942155056,0.6323841548137331,1.3569699349930187,1.4844004367807828,0.0,241.2173496379278,244.4975722839105,0.0,0.0
71.57266947959778,21896.81065230581,246.44846314873007,214.15386424499437,4160.39179641012,0.06767782960772947,293.36474548650597,0.8400752542369344,0.6316998702333108,1.3569699349930187,1.4822667725547134,0.0,241.119567106875,244.38067278098237,0.0,0.0
71.72271700471224,21859.88558814416,245.7303091732353,214.2139826011906,4184.399907251993,0.06804927065993001,293.40592001478524,0.8375097174619126,0.6310259762388606,1.3569699349930187,1.480147857547858,0.0,241.02275763508743,244.26488519344218,0.0,0.0
71.87276452982671,21823.068046571418,245.01527928897553,214.2739265909422,4208.476324471588,0.0684216694903776,293.44696936880945,0.8349559029898718,0.6303623519923823,1.3569699349930187,1.4780434617376181,0.0,240.926911432437,244.15019845535255,0.0,0.0
72.02281205494117,21786.35756041704,244.3033522556055,214.33369696882897,4232.620940857247,0.06879502421957363,293.4878941177263,0.8324137286480665,0.6297088776952534,1.3569699349930187,1.4759533495713657,0.0,240.83201869527102,244.0366014861976,0.0,0.0
72.17285958005563,21749.753665367316,243.5945118438143,214.3932944848318,4256.833648536983,0.06916933296026744,293.52869482705876,0.8298831294410086,0.6290654392608753,1.3569699349930187,1.4738773564644516,0.0,240.73807077869904,243.92408450491524,0.0,0.0
72.32290710517009,21713.255900911157,242.8887124696483,214.45288544087504,4281.133275987913,0.06954484775153746,293.5694853758104,0.8273636211158542,0.6284318189138025,1.3569699349930187,1.4718200907154244,0.0,240.64521832508254,243.81279626007284,0.0,0.0
72.47295463028455,21676.86381726012,242.18586832668737,214.51574621283055,4305.896874006865,0.06992662289047051,293.6125080013086,0.8248486073543161,0.6278062929260465,1.3569699349930187,1.4698829422939583,0.0,240.55671354006702,243.70598603428203,0.0,0.0
72.623002155399,21640.576977139986,241.48589747171545,214.57842590973334,4330.731761008352,0.07030939105399951,293.6554004210715,0.8223444797046118,0.627190387210313,1.3569699349930187,1.467956584741896,0.0,240.46908242876555,243.60017703857585,0.0,0.0
72.77304968051347,21604.394952617702,240.78876781375195,214.6409252645886,4355.637813504326,0.07069315009523991,293.69816319363986,0.8198511192424315,0.6265839830476824,1.3569699349930187,1.4660406299023707,0.0,240.3823135052512,243.49535630932706,0.0,0.0
72.92309720562793,21568.317318310947,240.0944663870754,214.7032450060467,4380.614907034759,0.07107789785524118,293.7407968740781,0.8173684722793204,0.6259869790075752,1.3569699349930187,1.4641349594943243,0.0,240.29639945772766,243.3915155623654,0.0,0.0
73.07314473074238,21532.343650973588,239.40297811896207,214.76538585911868,4405.662916448166,0.07146363216730392,293.78330201446846,0.8148964780413959,0.6253992729510278,1.3569699349930187,1.4622394255623539,0.0,240.21133257620306,243.2886460676093,0.0,0.0
73.22319225585686,21496.4735296121,238.7142881533294,214.82734854497485,4430.781715818956,0.07185035085569934,293.82567916377815,0.8124350765825007,0.6248207639694371,1.3569699349930187,1.4603538832382634,0.0,240.12710525094155,243.18673920782223,0.0,0.0
73.37323978097132,21460.70656466818,238.02738735319087,214.5499747325822,4454.942513349986,0.07233554254221446,293.6359317378942,0.8106207777243667,0.6243986116050694,1.3569699349930187,1.4607788281630436,0.0,239.7043407287029,242.7463918148062,0.0,0.0
73.52328730608578,21425.042816805646,237.33822587328174,214.07764999489444,4478.568226532352,0.07287959869425682,293.31253871501286,0.809164950509952,0.6240624870870068,1.3569699349930187,1.4624679857069347,0.0,239.0865678168445,242.11102908270445,0.0,0.0
73.67333483120024,21389.482663787425,236.64644382441267,213.59370645120973,4503.459829639648,0.07345070148339629,292.9808202443637,0.8077199170479324,0.62373116016612,1.3569699349930187,1.4645705208753936,0.0,238.45704716105905,241.46390301352687,0.0,0.0
73.8233823563147,21354.026568113164,235.9511718408752,213.099059226325,4529.551527385829,0.07404773499738791,292.6413763692742,0.8062809667185833,0.6234035104766943,1.3569699349930187,1.4670409406645426,0.0,237.81651657131223,240.8057299736149,0.0,0.0
73.97342988142915,21318.67506293584,235.25235838583484,212.60586566597632,4555.717048009511,0.07464824587866908,292.3025375968436,0.8048248924554502,0.6230742801131627,1.3569699349930187,1.4694145556581848,0.0,237.17712909138842,240.14866248649497,0.0,0.0
74.12347740654361,21283.42867050611,234.5501298469203,212.11413310470758,4581.955534466686,0.07525222935912036,291.9643110816383,0.8033520568934742,0.6227436324735437,1.3569699349930187,1.471692091101458,0.0,236.53892497106892,239.49274478256288,0.0,0.0
74.27352493165807,21248.287892694534,233.84463868393198,211.62386859290862,4608.266129564664,0.07585968049831587,291.62670381180146,0.8018629145664294,0.6224117499524895,1.3569699349930187,1.4738746903946665,0.0,235.90194930629505,238.8380265588106,0.0,0.0
74.42357245677253,21213.25320829858,233.13602125150476,211.13507885922542,4634.647978368013,0.076470594238077,291.289722582009,0.8003578677097617,0.6220788013342613,1.3569699349930187,1.4759633122644789,0.0,235.26624318450672,238.18455305786946,0.0,0.0
74.57361998188699,21178.325076122124,232.4244150354641,210.64777035350468,4661.10022629537,0.07708496535779759,290.9533740218597,0.7988373251103861,0.6217449550213794,1.3569699349930187,1.477958975351746,0.0,234.63184733142322,237.53236915062206,0.0,0.0
74.72366750700147,21143.503934482807,231.70995602200603,210.16194923990315,4687.62201987034,0.07770278849090728,290.61766459001063,0.7973016930987015,0.6214103769547877,1.3569699349930187,1.4798627199539172,0.0,233.99880155557747,236.8815187143945,0.0,0.0
74.87371503211592,21108.790201229403,230.992778633081,209.67762139711212,4714.212507098534,0.07832405813290541,290.28260057320045,0.7957513753044652,0.6210752305134742,1.3569699349930187,1.481675606293802,0.0,233.3671447364974,236.23204461968112,0.0,0.0
75.02376255723038,21074.18427425777,230.27301571591363,209.19479242553854,4740.870837464013,0.07894876864062841,289.9481880900916,0.7941867725842249,0.6207396764556726,1.3569699349930187,1.4833987133882054,0.0,232.73691483137998,235.58398873675733,0.0,0.0
75.17381008234484,21039.686526162877,229.55107547969808,208.83703852156557,4767.593231634118,0.07952977893135055,289.7001549497037,0.7923747072884777,0.6203544154023801,1.3569699349930187,1.4840387843507024,0.0,232.23177619930536,235.06102608668655,0.0,0.0
75.3238576074593,21005.297055849853,228.83047184915947,208.79148767551771,4794.3745269655865,0.07999397448258144,289.6685590055603,0.7899734532278561,0.619849452112224,1.3569699349930187,1.4821362983114637,0.0,232.03957500848685,234.85108969074875,0.0,0.0
75.47390513257376,20971.015490554862,228.11276019040884,208.74607926699767,4821.221811608676,0.08045941898806677,289.63705843136654,0.7875814007566413,0.619352730050403,1.3569699349930187,1.4802362717884425,0.0,231.8485631160961,234.64246919568768,0.0,0.0
75.62395265768822,20936.84140551924,227.3978540548832,208.70081273797456,4848.134844628577,0.08092610850469091,289.6056528710643,0.7851982577015625,0.6188641170606318,1.3569699349930187,1.4783375817903195,0.0,231.65871697943953,234.43513827915245,0.0,0.0
75.77400018280268,20902.77437965093,226.6857563062067,208.65568753523593,4875.113382952908,0.08139403904824932,289.57434197169084,0.7828240401505179,0.618383546311327,1.3569699349930187,1.4764404151093575,0.0,231.47003127885407,234.22909104504777,0.0,0.0
75.92404770791714,20868.81399174381,225.97646457408297,208.6107031053802,4902.157184358414,0.08186320664525144,289.5431253799064,0.7804587460938044,0.6179109474729615,1.3569699349930187,1.4745448815644298,0.0,231.28249965802135,234.02432043527773,0.0,0.0
76.0740952330316,20834.959820950582,225.26997632789227,208.56585889544334,4929.266007141971,0.0823336073272514,289.51200274243007,0.7781023729379125,0.6174462503853634,1.3569699349930187,1.4726510883736343,0.0,231.09611575594906,233.8208193864543,0.0,0.0
76.22414275814607,20801.211446803085,224.56628887960917,208.52115435292586,4956.43961014458,0.0828052371312982,289.48097370605984,0.7757549175153553,0.6169893850669561,1.3569699349930187,1.470759140208204,0.0,230.9108732080214,233.6185808310716,0.0,0.0
76.37419028326053,20767.56844926692,223.8653993915613,208.47658892586543,4983.677752746784,0.08327809209989012,289.45003791772393,0.7734163761111511,0.6165402817269383,1.3569699349930187,1.4688691393086044,0.0,230.72676564804092,233.41759769978583,0.0,0.0
76.52423780837499,20734.030411485215,223.1671696652714,208.37163250960378,5010.989304749524,0.08377664962317091,289.3771677134426,0.7711982649794401,0.6161198652625838,1.3569699349930187,1.467458220307957,0.0,230.48323036170538,233.15730333463733,0.0,0.0
76.67428533348945,20700.597020528727,222.47034114183873,208.17705871472427,5038.378512546533,0.08431328869425811,289.2420284832551,0.769149429315104,0.615736341190694,1.3569699349930187,1.46673613754017,0.0,230.1507873922879,232.80818711365754,0.0,0.0
76.82433285860391,20667.26810946921,221.77457233590977,207.9830909356212,5065.831419638172,0.0848517515640364,289.1072472809311,0.7671013937620426,0.6153575816884694,1.3569699349930187,1.4659825570358487,0.0,229.81959028608043,232.46039413603643,0.0,0.0
76.97438038371837,20634.043511181255,221.0799548700963,207.78972821867652,5093.347574487385,0.0853920314503846,288.9728239443417,0.7650544845444633,0.6149836405775312,1.3569699349930187,1.465198878208541,0.0,229.48965411163925,232.11394140797694,0.0,0.0
77.12442790883283,20600.923049787267,220.38652753608162,207.5969695592352,5120.926529406227,0.08593412160972728,288.8387582742204,0.7630088456717744,0.6146145360719844,1.3569699349930187,1.4643857301737888,0.0,229.16098332516185,231.76883404608643,0.0,0.0
77.27447543394729,20567.90654347031,219.69433313601817,207.40481391797383,5148.567838414751,0.0864780152953756,288.7050500454719,0.7609646353654557,0.6142502876110837,1.3569699349930187,1.4635438068387827,0.0,228.83358303868334,231.42507790631643,0.0,0.0
77.42452295906175,20534.993804083206,219.00341345903942,207.21326021862396,5176.271057729016,0.08702370576741376,288.5716990055296,0.7589220086854148,0.6138909126645339,1.3569699349930187,1.462673792907797,0.0,228.50745802902392,231.08267847333232,0.0,0.0
77.57457048417622,20502.184639791263,218.3137293088812,207.05,5204.969173340679,0.08757517896913064,288.45799594897693,0.7568302226834336,0.6135276453108144,1.3569699349930187,1.4618210170182595,0.0,228.210289890577,230.7693161388958,0.0,0.0
77.72461800929068,20469.478851676362,217.62583142237685,207.0798746406264,5235.18235212249,0.08807081734936294,288.4788055798291,0.7543910582441541,0.6131101293761624,1.3569699349930187,1.4598503532087408,0.0,228.1070241569013,230.6499490325871,0.0,0.0
77.87466553440514,20436.8759964184,216.9419825162557,207.13297965903487,5262.279524160416,0.08850397310156072,288.51579297481896,0.7519241157630145,0.6126945153227056,1.3569699349930187,1.4568368015982638,0.0,228.02818894734577,230.55515759046978,0.0,0.0
78.0247130595196,20404.3754173818,216.2625502586739,207.18591862570608,5289.43156362889,0.08893790063971035,288.5526599966348,0.7494734245776699,0.612288267560237,1.3569699349930187,1.4538593242901279,0.0,227.95045106000484,230.4616162570894,0.0,0.0
78.17476058463406,20371.976456965982,215.5874879701766,207.23869260671125,5316.63842576508,0.0893725992032093,288.5894074336859,0.7470388116019671,0.6118912266645253,1.3569699349930187,1.4509172820151808,0.0,227.8737946313022,230.36930712147745,0.0,0.0
78.32480810974852,20339.678463346176,214.9167439862438,207.29130265877265,5343.900066546127,0.08980806804346453,288.626036067322,0.7446200866512074,0.6115032332046515,1.3569699349930187,1.4480099652113396,0.0,227.7982030001417,230.27821137982795,0.0,0.0
78.47485563486298,20307.48079242866,214.25026768082176,207.34374982607778,5371.216440967054,0.09024430639638299,288.6625466696237,0.7422170633242307,0.6111241312053125,1.3569699349930187,1.4451366826588794,0.0,227.72365986361118,230.18831063135173,0.0,0.0
78.62490315997744,20275.382807561688,213.58800942069897,207.3960351407494,5398.587503185391,0.09068131348470182,288.6989400037384,0.7398295588405457,0.6107537680390479,1.3569699349930187,1.4422967606831691,0.0,227.6501492637767,230.09958686341716,0.0,0.0
78.7749506850919,20243.383879487734,212.92992055576005,207.44815962292233,5426.0132064648715,0.0911190885171083,288.7352168239426,0.7374573940025988,0.6103919943412921,1.3569699349930187,1.4394895428435668,0.0,227.57765558110913,230.0120224441721,0.0,0.0
78.92499821020635,20211.483386208358,212.27595339302295,207.50012428096272,5453.493503194766,0.09155763068856768,288.77137787580307,0.7351003931017019,0.6100386639189289,1.3569699349930187,1.4367143894092078,0.0,227.50616352510684,229.9256001120063,0.0,0.0
79.07504573532083,20179.68071065132,211.62608313029997,207.55158390625067,5481.088125988715,0.09199809603966015,288.8071830247113,0.7327590709964874,0.6096937340125177,1.3569699349930187,1.4339892426067113,0.0,227.435316046164,229.83996138532055,0.0,0.0
79.22509326043529,20147.975266634003,210.97983464921583,207.593967658754,5510.285675505414,0.09246928343044636,288.8366699288467,0.7304468463134877,0.609359008842224,1.3569699349930187,1.431757801039401,0.0,227.3564462030902,229.74642770090105,0.0,0.0
79.37514078554975,20116.366542755517,210.33687115692808,207.63622253556716,5539.549269168958,0.09294144422067176,288.86606417630736,0.7281466992555777,0.6090318670915547,1.3569699349930187,1.429542881196665,0.0,227.27843185550464,229.6538685572048,0.0,0.0
79.5251883106642,20084.854049052505,209.69717219999038,207.6783491878489,5568.878764282349,0.0934145760086382,288.89536624828,0.7258585519152086,0.6087122062996063,1.3569699349930187,1.427344283335483,0.0,227.20126421970818,229.56227402952524,0.0,0.0
79.67523583577866,20053.437297395652,209.06071100609,207.72034826434378,5598.2740197043295,0.09388867641945113,288.9245766239888,0.7235823045893567,0.608399922304189,1.3569699349930187,1.425161715458797,0.0,227.12493341155945,229.4716329599231,0.0,0.0
79.82528336089312,20022.115803720368,208.42746412215186,207.7622204083994,5627.734893759312,0.09436374307128424,288.95369577862306,0.7213178691503396,0.6080949139563484,1.3569699349930187,1.4229949348278528,0.0,227.0494302444245,229.38193497297266,0.0,0.0
79.97533088600758,19990.88908747033,207.79740845026683,207.8039662587101,5657.261244723022,0.09483977358320546,288.98272418385886,0.7190651587811191,0.6077970816195651,1.3569699349930187,1.4208437043720967,0.0,226.97474567295615,229.293169852184,0.0,0.0
80.12537841112204,19959.756671484378,207.17052123686193,207.8455864494677,5686.852930901331,0.09531676557643734,289.0116623079663,0.7168240879363003,0.6075063271371816,1.3569699349930187,1.4187077925279388,0.0,226.90087078959675,229.20532753606517,0.0,0.0
80.2754259362365,19928.71812180706,206.5458975852054,207.68248423635228,5715.921587890567,0.09587922148201362,288.8982423073642,0.7149434206853269,0.6072665944773642,1.3569699349930187,1.417927324441259,0.0,226.62303759789413,228.913619317734,0.0,0.0
80.42547346135096,19897.773223055974,205.92222960547318,207.49559405649572,5744.980586441089,0.09645345585514227,288.76822557334947,0.7131055683034879,0.6070360782696902,1.3569699349930187,1.417280116811723,0.0,226.32193762143194,228.59870734394852,0.0,0.0
80.57552098646543,19866.92183061317,205.29954857498697,207.30926679765628,5774.099122685224,0.09702946259866065,288.6385421536911,0.7112686581741093,0.6068093928605267,1.3569699349930187,1.4166052402599971,0.0,226.02192586198663,228.28494711401524,0.0,0.0
80.7255685115799,19836.163793345488,204.67789469716885,207.12350156341816,5803.276747781004,0.09760723467261087,288.5091918735348,0.7094328377131479,0.6065865502834736,1.3569699349930187,1.4159033272360648,0.0,225.72300709279372,227.97234408683073,0.0,0.0
80.87561603669435,19805.49895417481,204.05730725194385,206.93829742137584,5832.5130157327585,0.098186765057939,288.38017453148086,0.7075982514521575,0.6063675610435589,1.3569699349930187,1.4151750023789165,0.0,225.42518579773724,227.66090340129972,0.0,0.0
81.02566356180881,19774.92715021346,203.43782460804323,206.7536534039501,5861.807483426142,0.09876804675756226,288.2514899000954,0.7057650410707413,0.6061524341519826,1.3569699349930187,1.4144208825093745,0.0,225.12846617730224,227.35062988290872,0.0,0.0
81.17571108692327,19744.44821285624,202.81948422966022,206.56956850894284,5891.159710702098,0.09935107279821367,288.1231377262422,0.7039333454100013,0.6059411771584631,1.3569699349930187,1.4136415765558243,0.0,224.83285215320842,227.04152804885288,0.0,0.0
81.32575861203773,19714.061967940637,202.2023226900386,206.3860417005031,5920.569260363145,0.09993583623094825,287.9951177317017,0.7021033005094611,0.6057337961862089,1.3569699349930187,1.4128376855684954,0.0,224.53834737467727,226.7336021149445,0.0,0.0
81.47580613715219,19683.768235916577,201.58637568747505,206.20307191015127,5950.035698166659,0.10052233013139032,287.86742961383356,0.7002750396524462,0.6055302959675148,1.3569699349930187,1.4120098027719246,0.0,224.24495522514349,226.42685600301184,0.0,0.0
81.62585366226665,19653.566831913795,200.97167805071751,206.02065803718443,5979.558592914516,0.10111054760190014,287.74007304580863,0.6984486933758529,0.6053306798750769,1.3569699349930187,1.4111585134923734,0.0,223.95267882640027,226.121293345497,0.0,0.0
81.77590118738111,19623.457563837976,200.3583028940684,205.8387989371762,6009.137518482966,0.10170048181246683,287.6130476685248,0.6966245256195127,0.6051349644231577,1.3569699349930187,1.4102849804833997,0.0,223.6615279958853,225.81692528551417,0.0,0.0
81.92594871249558,19593.44024712942,199.7460310602872,205.6574935111179,6038.772039418419,0.10229212571357948,287.48635315284423,0.6948017840488268,0.6049430580423621,1.3569699349930187,1.4093859991613604,0.0,223.37146060290996,225.51370473019563,0.0,0.0
82.07599623761004,19563.51459919625,199.13708900698626,205.84006089533793,6068.643799629502,0.10270695464345993,287.6139293173648,0.6923763723114063,0.6046933667887785,1.3569699349930187,1.4059060501846243,0.0,223.44618767363136,225.57539009901706,0.0,0.0
82.2260437627245,19533.67992727896,198.53340936083433,206.03774101003825,6098.580006222196,0.10311457416750099,287.7520023203096,0.6899462306428642,0.6044496784237726,1.3569699349930187,1.4023755756195284,0.0,223.53728442441707,225.65359715749221,0.0,0.0
82.37609128783896,19503.93544742088,197.93489389342272,206.23482536703744,6128.57299832192,0.10352267052693034,287.88959328496,0.6875375092058366,0.604214548534879,1.3569699349930187,1.398905264870035,0.0,223.6290166402213,225.73258857928894,0.0,0.0
82.52613881295342,19474.280391421544,197.3414551244789,206.43131903973585,6158.622941203333,0.10393124612413678,288.0267064415009,0.6851498514237934,0.6039877734586218,1.3569699349930187,1.3954936628266899,0.0,223.72136583173946,225.81234302553963,0.0,0.0
82.67618633806788,19444.71400392764,196.75300766097786,206.62722701664683,6188.729996759311,0.10434030330632207,288.16334595048346,0.6827829091587064,0.6037691555268282,1.3569699349930187,1.3921393578513246,0.0,223.81431404327714,225.89283976578494,0.0,0.0
82.82623386318234,19415.23554223078,196.169468158314,206.82255420273123,6218.894323469388,0.10474984436534511,288.29951590398895,0.6804363425419119,0.6035585028608359,1.3569699349930187,1.3888409805210065,0.0,223.90784383800406,225.9740586612831,0.0,0.0
82.9762813882968,19385.84427609432,195.59075527369723,207.01730542053994,6249.116076342489,0.10515987153721536,288.43522032665425,0.678109819779255,0.6033556291702712,1.3569699349930187,1.3855972022864507,0.0,224.00193828198715,226.0559801469739,0.0,0.0
83.12632891341126,19356.53948729174,195.01678958062627,207.21148541326738,6279.395407161688,0.10557038700567922,288.570463178022,0.6758030168192177,0.6031603535473921,1.3569699349930187,1.382406733639505,0.0,224.09658092373132,226.13858520817587,0.0,0.0
83.27637643852572,19327.320468686547,194.44750025834156,207.40509885084336,6309.732465218091,0.1059813929124127,288.7052483569975,0.6735156404842982,0.6029725021676992,1.3569699349930187,1.379268422853142,0.0,224.19175694697228,226.22185667205574,0.0,0.0
83.42642396364019,19298.186525214114,193.88280065471636,207.5981503234225,6340.127396081664,0.10639289134060105,288.8395796975231,0.6712473437946184,0.6027919011987837,1.3569699349930187,1.376180892775226,0.0,224.2874489322109,226.3057744573701,0.0,0.0
83.57647148875465,19269.136978719434,193.32256998197462,207.79064430932232,6370.580336288783,0.10680488424336335,288.97346094649623,0.6689976627914925,0.6026183726088786,1.3569699349930187,1.3731422694503188,0.0,224.38363371897202,226.39031206113776,0.0,0.0
83.72651901386911,19240.17115038066,192.76691438062076,207.98715719809024,6400.510338717674,0.10720528386404271,289.1100734246286,0.6667595912422449,0.6024512636625574,1.3569699349930187,1.3699983262988582,0.0,224.48489919531625,226.48005876199556,0.0,0.0
83.87656653898357,19211.288310029606,192.21628453982171,208.18514975170794,6430.2342766498405,0.10760071458928794,289.2476492880289,0.6645387957791675,0.6022908908883438,1.3569699349930187,1.3668433414286616,0.0,224.58877627428132,226.57255395672112,0.0,0.0
84.02661406409803,19182.487888807034,191.66802919412788,208.01339728707595,6460.404612828841,0.10819483232553119,289.12831021120627,0.6629168518783778,0.6021771916376571,1.3569699349930187,1.3663032745389183,0.0,224.32358167364953,226.29605890226952,0.0,0.0
84.17666158921249,19153.76969972672,191.11964299243132,207.66206465657822,6490.822867331258,0.10888816937711203,288.8840395551732,0.6615791003432361,0.6020855920794953,1.3569699349930187,1.3669937112575217,0.0,223.8790516043264,225.84025797165557,0.0,0.0
84.32670911432695,19125.13386848991,190.57032887097762,207.31173642427427,6521.2967688837425,0.10958426062318316,288.6402613901603,0.6602347432514976,0.6019955233620156,1.3569699349930187,1.3676310266379943,0.0,223.4356359442597,225.38558475452018,0.0,0.0
84.4767566394414,19096.58052976159,190.02012893251572,206.96241426477476,6551.825611671061,0.1102830971425259,288.39697813182016,0.6588839112095742,0.6019070232496353,1.3569699349930187,1.3682155322955545,0.0,222.9933448298232,224.93205041056308,0.0,0.0
84.62680416455586,19068.10980878564,189.4691203284935,206.61409973741203,6582.408692438577,0.11098466995578139,288.1541921210353,0.6575268571796781,0.6018201366133341,1.3569699349930187,1.3687480763598519,0.0,222.55219409856787,224.479672504076,0.0,0.0
84.77685168967032,19039.721821220523,188.91737886177626,206.2667942842249,6613.045310902234,0.11168897003515742,287.91190562215536,0.6561638305770663,0.6017349067257991,1.3569699349930187,1.369229504420453,0.0,222.11219909539372,224.0284680613059,0.0,0.0
84.9268992147848,19011.41667235011,188.36495639461282,205.92049922029724,6643.734770844444,0.11239598833008106,287.67012081588643,0.6547949987310968,0.6016513705372675,1.3569699349930187,1.3696603200306432,0.0,221.67337088694606,223.57844932820612,0.0,0.0
85.07694673989926,18983.194407751973,187.8130534405547,205.8320672524731,6674.637211558918,0.11296729666811763,287.60834462858963,0.6530167046546994,0.601545924034844,1.3569699349930187,1.368327344458506,0.0,221.49276338999792,223.38669455493516,0.0,0.0
85.22699426501372,18955.05477611509,187.263634701164,205.80959943052116,6705.633873678287,0.11350430050252726,287.5926471002241,0.6511419418727485,0.6014385240201836,1.3569699349930187,1.366555866254204,0.0,221.37880358161198,223.26167013467452,0.0,0.0
85.37704179012817,18926.997387159976,186.7168296484039,205.78719707699992,6736.683533050325,0.11404228248288918,287.57699445938266,0.649275961727793,0.6013354662223094,1.3569699349930187,1.364792362788628,0.0,221.26561061439168,223.13749737630968,0.0,0.0
85.52708931524263,18899.02184959402,186.17262653409819,205.76485988120984,6767.786028379494,0.11458123985739385,287.5613864962902,0.6474187261456259,0.6012366945741006,1.3569699349930187,1.3630368022042318,0.0,221.15317842839661,223.01416952461395,0.0,0.0
85.6771368403571,18871.1277738964,185.63101365831113,205.74258753385018,6798.941199515617,0.11512116989304504,287.5458230020827,0.6455701971958974,0.6011421535798601,1.3569699349930187,1.3612891532295401,0.0,221.04150101383368,222.89167988040347,0.0,0.0
85.82718436547155,18843.31477226637,185.0919793628078,205.72037972697782,6830.148887510051,0.11566206987664927,287.530303768779,0.6437303370696251,0.6010517883091226,1.3569699349930187,1.359549385088221,0.0,220.93057240955497,222.7700217988582,0.0,0.0
85.97723189058601,18815.582458657776,184.55551203552076,205.69823615403487,6861.4089345756265,0.11620393711413786,287.5148285893005,0.6418991080948677,0.6009655443925299,1.3569699349930187,1.3578174675538839,0.0,220.82038670344946,222.64918868995784,0.0,0.0
86.12727941570047,18787.93044879519,184.02160011270144,205.67615650986176,6892.721184066048,0.11674676893022552,287.49939725748123,0.6400764727443715,0.6008833680171967,1.3569699349930187,1.3560933709743577,0.0,220.7109380324319,222.52917401846764,0.0,0.0
86.27732694081494,18760.35836010512,183.49023207022742,205.65414049064242,6924.0854805513245,0.11729056266973369,287.48400956802965,0.6382623936056055,0.6008052059204366,1.3569699349930187,1.3543770661517875,0.0,220.6022205805937,222.4099713018724,0.0,0.0
86.4273744659294,18732.865933635352,182.95870152999214,204.984717738452,6955.790164772792,0.11821241630785076,287.0157350149074,0.6374518160841927,0.6007714511904023,1.3569699349930187,1.3570487662415374,0.0,219.84632071165427,221.64361329588547,0.0,0.0
86.57742199104386,18705.45362887329,182.4220253290302,204.16717064744026,6987.614469788878,0.11922878869220803,286.4428061791367,0.6368532265214103,0.6007469881677711,1.3569699349930187,1.3606430718911793,0.0,218.94171385606697,220.72847784055435,0.0,0.0
86.72746951615832,18678.122222928967,181.88083982496372,203.5844156218206,7019.90451244761,0.12012261601476304,286.03371673305054,0.6358720290122629,0.6007077413560011,1.3569699349930187,1.3626328249705828,0.0,218.27142654693444,220.04760478745314,0.0,0.0
86.87751704127278,18650.872143558536,181.33863634542706,203.45,7055.47789981682,0.12081110267897494,285.93927495554016,0.6341858297487215,0.6006427690255847,1.3569699349930187,1.3621368024102656,0.0,218.04957479166615,219.81517891615428,0.0,0.0
87.02756456638724,18623.70328674775,180.79854534188118,203.43231341294165,7087.730273259821,0.12137391221515924,285.9268458579819,0.6323244842552584,0.6005746797553027,1.3569699349930187,1.3601887151672325,0.0,217.94505225123848,219.70015484266068,0.0,0.0
87.1776120915017,18596.615243798446,180.26146765100677,203.41221630095384,7119.372157982455,0.12192780927409254,285.9127221288857,0.6304772530190078,0.6005108746233715,1.3569699349930187,1.3581457751478987,0.0,217.83886051743494,219.58355122895358,0.0,0.0
87.32765961661616,18569.607562134017,179.727397197709,203.3921786404444,7151.061071999628,0.12248258550498747,285.8986394861108,0.628640267476475,0.6004511457066182,1.3569699349930187,1.3561181469497208,0.0,217.73346428600365,219.4678321321628,0.0,0.0
87.47770714173062,18542.67979222729,179.1963115478451,203.3722000994071,7182.796916219006,0.1230382391846313,285.8845977023749,0.6268134519593831,0.600395428663288,1.3569699349930187,1.3541056527188073,0.0,217.62885537691093,219.3529884231511,0.0,0.0
87.62775466684508,18515.83148785365,178.6681885207319,203.35228034827043,7214.579592382221,0.12359476860403566,285.8705965520446,0.6249967316530372,0.6003436601263337,1.3569699349930187,1.3521081180949226,0.0,217.52502571893845,219.23901109446152,0.0,0.0
87.77780219195955,18489.062206126262,178.1430061936897,203.3324190599237,7246.409002983299,0.12415217206701563,285.856635811155,0.6231900326126276,0.6002957776869161,1.3569699349930187,1.3501253722549957,0.0,217.42196734924485,219.1258912598234,0.0,0.0
87.92784971707401,18462.371507460208,177.62074289719854,203.31261590969078,7278.285051270689,0.1247104478902325,285.84271525739143,0.6213932817467719,0.6002517198771432,1.3569699349930187,1.348157247829548,0.0,217.31967241139594,219.01362015194695,0.0,0.0
88.07789724218847,18435.758955455407,177.1013771993926,203.29287057524326,7310.2076413473,0.12526959440495292,285.8288346700293,0.6196064067638402,0.600211426152404,1.3569699349930187,1.3462035806740646,0.0,217.21813315168544,218.90218911840995,0.0,0.0
88.22794476730293,18409.22411691688,176.58488790872497,203.27318273661584,7342.1766781080705,0.1258296099559631,285.81499382994593,0.6178293361816748,0.6001748368757736,1.3569699349930187,1.3442642098886706,0.0,217.11734191846364,218.79158962090312,0.0,0.0
88.37799229241739,18382.766557106843,176.07136314633263,203.25355207268353,7374.192072958583,0.12639049300176639,285.8011925171439,0.6160623809705446,0.6001419000453436,1.3569699349930187,1.34234065705663,0.0,217.01730821020473,218.68183234543693,0.0,0.0
88.52803981753185,18356.38594402139,175.55834246253977,202.785804835327,7408.9710759830095,0.1272794984224186,285.47214607127034,0.6149753833381357,0.6001233441583682,1.3569699349930187,1.343874935234547,0.0,216.46947066768084,218.12430905691338,0.0,0.0
88.67808734264631,18330.08252715504,175.04228590672267,202.19711204137218,7442.612735987263,0.12822968638318208,285.05747814092234,0.614059617198283,0.6001087200596692,1.3569699349930187,1.3459266872040465,0.0,215.80044940173687,217.44557324219102,0.0,0.0
88.82813486776077,18303.85675296949,174.5235374917225,201.57627189300646,7473.66789095477,0.129161325414877,284.6195114870078,0.613181916376415,0.6000955696056451,1.3569699349930187,1.347652317604354,0.0,215.0991000990873,216.73448753989342,0.0,0.0
88.97818239287523,18277.70891407388,174.00422660340166,201.4421313337552,7506.2090608503295,0.12981009116965128,284.5247945497543,0.6115608549291963,0.6000735093516817,1.3569699349930187,1.3463235402496407,0.0,214.88460242693898,216.51027185526956,0.0,0.0
89.12822991798969,18251.63880226373,173.48769578087675,201.4322754621437,7539.166721109967,0.13038643025897786,284.5178340541318,0.6097603559988768,0.6000523955020737,1.3569699349930187,1.3442370502535623,0.0,214.79505717095233,216.41108933876413,0.0,0.0
89.27827744310416,18225.645959332334,172.97428876276854,201.42244872197506,7572.171033210857,0.13096361367099793,284.51089396242645,0.6079707049305892,0.6000349426753998,1.3569699349930187,1.3421690923018335,0.0,214.70625774541057,216.31273932692062,0.0,0.0
89.42832496821862,18199.729923462422,172.46391463549256,201.41265093936823,7605.221932573251,0.13154164027542375,284.50397415332424,0.6061915836105287,0.6000210846391834,1.3569699349930187,1.3401184255784124,0.0,214.61818578170377,216.21520125074392,0.0,0.0
89.57837249333308,18173.890241319627,171.95655717382417,201.40288194364146,7638.319349344394,0.13212050884970844,284.4970745077545,0.604422936409271,0.6000107593015642,1.3569699349930187,1.3380849711948182,0.0,214.53083450832696,216.11846754045635,0.0,0.0
89.72842001844754,18148.126462160337,171.45219116478242,201.39314156508476,7671.463215807797,0.13270021820861894,284.49019490731735,0.6026646760906434,0.6000039052742674,1.3569699349930187,1.3360685099726235,0.0,214.44419584000636,216.0225291535131,0.0,0.0
89.878467543562,18122.438139023692,170.9507917795063,201.38342963541086,7704.6534648160105,0.13328076717683046,284.4833352346018,0.6009167167508429,0.6000004622032806,1.3569699349930187,1.3340688281737851,0.0,214.35826182033847,215.92737719165228,0.0,0.0
90.02851506867646,18096.824828564982,170.45233486766134,201.37374598769208,7737.890029949796,0.13386215459171272,284.47649537314186,0.5991789748537312,0.6,1.3569699349930187,1.3320848990102296,0.0,214.27302466476937,215.83300294908008,0.0,0.0
90.17856259379091,18071.286090766447,169.956801528353,201.36409045625126,7771.172845842084,0.13444437930899925,284.4696752073394,0.5974513852996028,0.6,1.3569699349930187,1.3301111499995775,0.0,214.18847744815415,215.73939868319314,0.0,0.0
90.32861011890537,18045.821488488524,169.4641736604484,201.3544628764921,7804.501848720745,0.13502744021228685,284.46287462234454,0.5957338857853791,0.6,1.3569699349930187,1.3281466034084175,0.0,214.10461342290705,215.64655685028993,0.0,0.0
90.47865764401983,18020.430586076676,168.97444531159036,201.34801904866566,7837.957949545496,0.1356106115967062,284.458322837332,0.594021801247203,0.6,1.3569699349930187,1.3261844105109521,0.0,214.0245836833599,215.55762797559044,0.0,0.0
90.6287051691343,17995.112948582606,168.48761736778894,201.34432772864668,7871.531023193081,0.13619398232622495,284.4557153333715,0.5923158097573387,0.6,1.3569699349930187,1.3242259110261523,0.0,213.94795333532895,215.47217672348987,0.0,0.0
90.77875269424877,17969.86814170547,168.00367560636198,201.34064699816182,7905.150971477354,0.13677817829688899,284.4531152859306,0.5906199179344043,0.6,1.3569699349930187,1.3222773746434429,0.0,213.87197457745208,215.387454581153,0.0,0.0
90.92880021936323,17944.695733505225,167.52260523304324,201.3369767944848,7938.817744976295,0.13736319864943847,284.45052265090385,0.5889340742700545,0.6,1.3569699349930187,1.3203388941924208,0.0,213.7966414256001,215.303454848344,0.0,0.0
91.07884774447768,17919.595294216295,167.04439134719584,201.3333170552037,7972.531296785635,0.13794904256837004,284.44793738440546,0.587258226877035,0.6,1.3569699349930187,1.3184105582094294,0.0,213.72194792749778,215.22017086049505,0.0,0.0
91.22889526959214,17894.566396360737,166.56901892678263,201.32966771823743,8006.291582349829,0.13853570927900336,284.4453594427811,0.5855923234363385,0.6,1.3569699349930187,1.316492450673549,0.0,213.6478881603656,215.13759598606134,0.0,0.0
91.3789427947066,17869.60861475003,166.09647283382705,201.32602872183605,8040.098559440061,0.13912319804710183,284.44278878260855,0.5839363112164176,0.6,1.3569699349930187,1.31458465109009,0.0,213.5744562316033,215.05572362728685,0.0,0.0
91.52899031982106,17844.72152642195,165.6267378098288,201.32240000457165,8073.95218821995,0.13971150818001787,284.44022536069053,0.5822901370570996,0.6,1.3569699349930187,1.3126872344300566,0.0,213.50164627797025,214.97454721928696,0.0,0.0
91.67903784493552,17819.90471071201,165.15979848864418,201.31878150534868,8107.8524311291,0.14030063902467255,284.4376691340628,0.5806537474148691,0.6,1.3569699349930187,1.3108002713162954,0.0,213.4294524673557,214.8940602320314,0.0,0.0
91.82908537004998,17795.15774932918,164.69563941180212,201.31517316341515,8141.799252757639,0.14089058996537795,284.4351200600014,0.5790270884167176,0.6,1.3569699349930187,1.308923828249249,0.0,213.35786900087186,214.81425617268914,0.0,0.0
91.97913289516444,17770.48022626799,164.23424502151317,201.3115749183497,8175.79261994375,0.14148136042553558,284.4325780960142,0.5774101058356037,0.6,1.3569699349930187,1.3070579675161373,0.0,213.28689011163019,214.7351285842582,0.0,0.0
92.12918042027891,17745.8717278283,163.77559966573656,201.3079867100646,8209.83250172439,0.1420729498667825,284.4300431998425,0.5758027451082821,0.6,1.3569699349930187,1.3052027472673993,0.0,213.21651006530286,214.65667104619484,0.0,0.0
92.27922794539337,17721.331842733725,163.31968761930773,201.30440847882304,8243.918869147677,0.14266535778573372,284.42751532947347,0.5742049514095795,0.6,1.3569699349930187,1.3033582218284043,0.0,213.14672316301397,214.57887717765206,0.0,0.0
92.42927547050783,17696.86016205834,162.8664930789832,201.30084016522844,8278.051695348779,0.14325858371530367,284.42499444313285,0.5726166696350109,0.6,1.3569699349930187,1.30152444163961,0.0,213.07752374037838,214.5017406364037,0.0,0.0
92.57932299562229,17672.456279200636,162.41600016262979,201.2972817102207,8312.230955561417,0.14385262722490905,284.42248049928173,0.5710378443979569,0.6,1.3569699349930187,1.299701453251809,0.0,213.00890616715662,214.42525511845798,0.0,0.0
92.72937052073675,17648.119789990462,161.96819292807766,201.29373305509176,8346.456626942567,0.14444748791742434,284.41997345662827,0.5694684200959483,0.6,1.3569699349930187,1.2978892996070948,0.0,212.94086484975855,214.34941436086206,0.0,0.0
92.87941804585121,17623.850292678915,161.5230553767196,201.2901941414843,8380.72868855862,0.14504316542894402,284.41747327412634,0.5679083409233475,0.6,1.3569699349930187,1.2960880201033969,0.0,212.87339423149703,214.27421214198657,0.0,0.0
93.02946557096567,17599.647387868,161.0805714475602,201.28666491138128,8415.047121457032,0.14563965943003024,284.4149799109681,0.5663575508504654,0.6,1.3569699349930187,1.2942976505191743,0.0,212.80648879145804,214.19964228026038,0.0,0.0
93.17951309608013,17575.510678575505,160.64072502925552,201.28314530711566,8449.411908547096,0.14623696962364263,284.4124933265914,0.5648159936659023,0.6,1.3569699349930187,1.2925182231970287,0.0,212.7401430459717,214.12569863581822,0.0,0.0
93.32956062119459,17551.43977029918,160.20349997380782,201.27963527137965,8483.823034479057,0.14683509574303982,284.41001348068573,0.5632836130247124,0.6,1.3569699349930187,1.2907497672557902,0.0,212.67435155028988,214.0523751123802,0.0,0.0
93.47960814630905,17527.43427092034,159.76888008788822,201.27613474721068,8518.280485751446,0.14743403755364679,284.40754033318274,0.56176035241794,0.6,1.3569699349930187,1.2889923084785513,0.0,212.60910889703567,213.9796656555154,0.0,0.0
93.62965567142352,17503.4937907194,159.33684913725685,201.27264367799373,8552.784250659819,0.14803379485216633,284.40507384425763,0.5602461551881839,0.6,1.3569699349930187,1.2872458693865354,0.0,212.54440971654347,213.90756425302277,0.0,0.0
93.77970319653798,17479.61794248331,158.90739086643867,201.269162007477,8587.334319111133,0.14863436746335434,284.40261397434045,0.5587409645987843,0.6,1.3569699349930187,1.285510469540278,0.0,212.48024867935547,213.8360649377277,0.0,0.0
93.92975072165244,17455.806341423573,158.48048899207862,201.26568967976007,8621.930682709903,0.1492357552415195,284.40016068410773,0.5572447238105042,0.6,1.3569699349930187,1.2837861254583363,0.0,212.41662049494292,213.76516178605004,0.0,0.0
94.0797982467669,17432.058605146176,158.05612720133698,201.2622266392893,8656.573334770734,0.14983795807074285,284.39771393447916,0.555757375875921,0.6,1.3569699349930187,1.282072850605359,0.0,212.35351991115868,213.694848917391,0.0,0.0
94.22984577188136,17408.37435374983,157.6342891696019,201.25877283087252,8691.262270143292,0.15044097586183733,284.3952736866279,0.5542788638017151,0.6,1.3569699349930187,1.2803706556657701,0.0,212.29094171641802,213.62512049657587,0.0,0.0
94.37989329699582,17384.753209806622,157.21495856247873,201.25532819967592,8725.997485206713,0.1510448085522521,284.3928399019787,0.5528091305556982,0.6,1.3569699349930187,1.2786795485895923,0.0,212.2288807396283,213.5559707337757,0.0,0.0
94.52994082211028,17361.19479892411,156.79809955346965,201.2518926913062,8760.77897700396,0.15164945609102573,284.39041254226566,0.5513480505611861,0.6,1.3569699349930187,1.2769992171431936,0.0,212.16732913741663,213.48739084365494,0.0,0.0
94.67998834722474,17337.698748614624,156.38387292715956,201.3195560762595,8795.540457910427,0.1522000072694805,284.43821631831173,0.5497990915262668,0.6,1.3569699349930187,1.2748725991922358,0.0,212.17739626244486,213.49049254705068,0.0,0.0
94.8300358723392,17314.264582532513,155.9733830602278,201.4745383011312,8830.266116420305,0.15268336732933924,284.54768006745456,0.5481449823216022,0.6,1.3569699349930187,1.2722161327982067,0.0,212.27545210881956,213.58166398411205,0.0,0.0
94.98008339745367,17290.89171570051,155.5667780319834,201.62911625756522,8865.037757530466,0.1531670858922262,284.6568163529847,0.5465064213992858,0.6,1.3569699349930187,1.2696012714417535,0.0,212.37378993714054,213.67320039502363,0.0,0.0
95.13013092256813,17267.579570997023,155.16400118584022,201.7832937535272,8899.855707762536,0.15365116777917748,284.76562823838884,0.5448831804094916,0.6,1.3569699349930187,1.26702735241422,0.0,212.47240154151638,213.7650921209944,0.0,0.0
95.28017844768259,17244.32757847158,154.7649927726745,201.93707454968992,8934.720292887814,0.15413561778746368,284.8741187479997,0.5432750207454963,0.6,1.3569699349930187,1.2644936589660694,0.0,212.571278364253,213.85732911460482,0.0,0.0
95.43022597279705,17221.13517714177,154.3696941000543,202.09046234754626,8969.63183505909,0.15462044065092562,284.98229085872356,0.5416817081331596,0.6,1.3569699349930187,1.261999487670361,0.0,212.6704120562296,213.94990156938934,0.0,0.0
95.5802734979115,17198.001814726456,153.97804749798243,202.24346079117072,9004.590653003177,0.15510564104291463,285.0901475014056,0.5401030124944014,0.6,1.3569699349930187,1.2595441479322735,0.0,212.7697944701552,214.04279991206454,0.0,0.0
95.73032102302597,17174.92694743941,153.58999629107862,202.3960734685818,9039.597062129753,0.15559122357805816,285.19769156190966,0.5385387078343089,0.6,1.3569699349930187,1.2571269615929008,0.0,212.86941765445792,214.1360147955145,0.0,0.0
95.88036854814042,17151.910040006875,153.20548480479005,202.5483039116228,9074.65137430496,0.15607719280937207,285.30492588115084,0.5369885722499257,0.6,1.3569699349930187,1.2547472630519765,0.0,212.96927385045703,214.22953709563558,0.0,0.0
96.03041607325488,17128.950565475436,152.82445834150147,202.7001555972302,9109.753897944447,0.156563553229804,285.41185325610445,0.5354523878318738,0.6,1.3569699349930187,1.2524043989347835,0.0,213.0693554869014,214.32335790506056,0.0,0.0
96.18046359836934,17106.04800492111,152.44686314111897,202.8516319493549,9144.904938264237,0.15705030927595498,285.51847644127065,0.53392994051114,0.6,1.3569699349930187,1.2500977275209462,0.0,213.1696551731812,214.4174685253174,0.0,0.0
96.3305111234838,17083.201847434477,152.07264638150116,203.00273633905803,9180.1047971148,0.15753746532601903,285.62479814885097,0.5324210200483005,0.6,1.3569699349930187,1.2478266187790112,0.0,213.27016569624502,214.51186046336164,0.0,0.0
96.48055864859828,17060.41159006839,151.70175617505072,203.15347208485449,9215.35377287261,0.15802502569852245,285.73082104909736,0.530925420009148,0.6,1.3569699349930187,1.2455904543457186,0.0,213.3708800173144,214.6065254278524,0.0,0.0
96.63060617371274,17037.676737496982,151.33414152252044,203.30384245496558,9250.652160781803,0.15851299465728602,285.836547772002,0.5294429375883464,0.6,1.3569699349930187,1.24338862685205,0.0,213.47179126483184,214.70145532097487,0.0,0.0
96.7806536988272,17014.996801946938,150.96975230483503,203.4538506677715,9286.000252881788,0.15900137641064896,285.9419809077172,0.5279733735689475,0.6,1.3569699349930187,1.2412205398263665,0.0,213.57289273085883,214.79664223434807,0.0,0.0
96.93070122394165,16992.371303210333,150.60853928920903,203.60349989172377,9321.398337808632,0.15949017510895142,286.0471230065941,0.5265165323328111,0.6,1.3569699349930187,1.2390856078197732,0.0,213.6741778689233,214.89207844662263,0.0,0.0
97.08074874905611,16969.799768361634,150.2504540913829,203.75279324721507,9356.84670106048,0.15997939484842544,286.1519765805953,0.5250722217152484,0.6,1.3569699349930187,1.2369832558603315,0.0,213.77564028801768,214.98775641652688,0.0,0.0
97.23079627417057,16947.281737402227,149.89519106428963,203.80086339164282,9392.299784391127,0.1605476795972467,286.18572962862527,0.5237689218774262,0.6,1.3569699349930187,1.235513849549113,0.0,213.77636898036624,214.98275985562367,0.0,0.0
97.38084379928503,16924.816912280494,149.5410674459955,203.65973330065472,9427.716967600885,0.16126475899654774,286.0866220681116,0.522712548964952,0.6,1.3569699349930187,1.2351753314937355,0.0,213.58816080350027,214.78885827577952,0.0,0.0
97.53089132439949,16902.405178190857,149.1875063432151,203.5189357505119,9463.18377999721,0.16198341775517766,285.9877138080272,0.5216570472791676,0.6,1.3569699349930187,1.2348199930995785,0.0,213.40047103685654,214.5954975843286,0.0,0.0
97.68093884951395,16880.046454959218,148.83445041123431,203.37847024455672,9498.699903842033,0.16270365058285297,285.8890047061507,0.5206022196069168,0.6,1.3569699349930187,1.2344469142280357,0.0,213.21329107542425,214.40266819567393,0.0,0.0
97.83098637462841,16857.740665259542,148.48197625165295,203.23833630399346,9534.265015762066,0.16342545205529474,285.7904946322063,0.5195483371227569,0.6,1.3569699349930187,1.23405739344274,0.0,213.0266300648252,214.21038041936916,0.0,0.0
97.98103389974288,16835.48771905844,148.13009744610284,203.09853337016287,9569.878811616474,0.16414881711910478,285.69218339915153,0.5184954508858388,0.6,1.3569699349930187,1.2336516939284456,0.0,212.84048868657536,214.01863508691127,0.0,0.0
98.13108142485734,16813.28752526994,147.77883746032998,202.95906087776063,9605.540988131277,0.16487374071987737,285.5940708145956,0.5174436466374202,0.6,1.3569699349930187,1.2332302466441267,0.0,212.65486889649978,213.82743445901895,0.0,0.0
98.2811289499718,16791.139989318457,147.42821912899495,202.81991823952652,9641.251246879736,0.1656002178833094,285.49615667001547,0.5163930080480791,0.6,1.3569699349930187,1.2327934767116073,0.0,212.46977251757147,213.63678065014741,0.0,0.0
98.43117647508626,16769.045013240444,147.0782646644368,202.68110484688225,9677.009294234504,0.16632824371464888,285.39844074117826,0.5153436167432286,0.6,1.3569699349930187,1.2323418033982185,0.0,212.28520124280573,213.44667563165595,0.0,0.0
98.58122400020072,16747.002495806173,146.72899566844123,202.5426200706961,9712.814841283844,0.16705781339740497,285.300922788655,0.5142955523390824,0.6,1.3569699349930187,1.2318756401479796,0.0,212.10115663865534,213.25712123552105,0.0,0.0
98.73127152531518,16725.01233258191,146.38043313815137,202.40446326167267,9748.667603841293,0.1677889221939557,285.2036025580704,0.5132488924586667,0.6,1.3569699349930187,1.2313953945324083,0.0,211.91764014724677,213.06811915679592,0.0,0.0
98.88131905042964,16703.074416017316,146.0325974741817,202.26663375090175,9784.567302411966,0.16852156544527017,285.10647978046603,0.5122037127554162,0.6,1.3569699349930187,1.2309014682346398,0.0,211.73465308904827,212.87967095653488,0.0,0.0
99.0313665755441,16681.188635556508,145.68550849157526,202.12913085055519,9820.513662117317,0.16925573856977807,285.0095541727687,0.5111600869466391,0.6,1.3569699349930187,1.230394257078608,0.0,211.55219666603725,212.6917780652596,0.0,0.0
99.18141410065856,16659.35487771937,145.33918542788473,201.99195385439756,9856.506412665334,0.16999143706315964,284.91282543812827,0.5101180868372197,0.6,1.3569699349930187,1.229874151020151,0.0,211.3702719642877,212.50444178579752,0.0,0.0
99.33146162577303,16637.573026166458,144.99364694964822,201.85510203819308,9892.54528834535,0.17072865649863592,284.8162932661835,0.509077782337895,0.6,1.3569699349930187,1.2293415341176417,0.0,211.18887995622978,212.31766329576573,0.0,0.0
99.48150915088749,16615.842961803683,144.64891116309303,201.7185746603631,9928.630027954649,0.17146739252586043,284.7199573335053,0.5080392414981267,0.6,1.3569699349930187,1.228796784567115,0.0,211.00802150368872,212.13144365089752,0.0,0.0
99.63155667600195,16594.164562877388,144.30499562390597,201.58237096258284,9964.760374737683,0.17220764087006157,284.6238173039981,0.5070025305358692,0.6,1.3569699349930187,1.228240274727069,0.0,210.82769736072063,211.94578378814924,0.0,0.0
99.78160420111641,16572.53771178805,143.9618454669895,201.45038591412478,10000.941484992103,0.17294614628514882,284.5306240371323,0.5059625688945241,0.6,1.3569699349930187,1.2276480678369102,0.0,210.6517947316618,211.76456997280226,0.0,0.0
99.93165172623087,16550.96224168007,143.62028443059927,201.46529111108978,10037.372452523108,0.17356330466753297,284.5411499701815,0.5047434595862496,0.6,1.3569699349930187,1.2261896905459708,0.0,210.62308956230464,211.73059077021142,0.0,0.0
100.08169925134533,16529.43786408753,143.28090407764125,201.48016111186206,10073.849633243568,0.17418120121025302,284.551650659966,0.503532148716506,0.6,1.3569699349930187,1.2247461769049521,0.0,210.59473022750626,211.697003482252,0.0,0.0
100.23174677645979,16507.964248727087,142.9436340315224,201.49499614390413,10110.373128587922,0.17479983763006662,284.5621262698978,0.5023283874957593,0.6,1.3569699349930187,1.2233165395401904,0.0,210.5667060505611,211.6637961135194,0.0,0.0
100.38179430157425,16486.54108185956,142.6084672070325,201.50979642325677,10146.94301698557,0.17541921525343845,284.57257695529313,0.5011321496007557,0.6,1.3569699349930187,1.2219008662347914,0.0,210.5390144543317,211.6309657490823,0.0,0.0
100.5318418266887,16465.168049418597,142.27538313551457,201.5245621661942,10183.559382336709,0.17603933549892328,284.58300287160375,0.49994336169017595,0.6,1.3569699349930187,1.2204990142920484,0.0,210.51165119137806,211.59850760168013,0.0,0.0
100.68188935180316,16443.844840436865,141.94436156387002,201.5392935868571,10220.222308150791,0.17666019977787892,284.59340417274586,0.49876195120007405,0.6,1.3569699349930187,1.2191108420792824,0.0,210.48461207514282,211.56641695255558,0.0,0.0
100.83193687691764,16422.57114695982,141.61538244596187,201.5539908973121,10256.931877629306,0.1772818094958748,284.6037810111423,0.49758784631331937,0.6,1.3569699349930187,1.2177362089256898,0.0,210.45789297823762,211.53468914952708,0.0,0.0
100.9819844020321,16401.346663977954,141.2884259344884,201.5686543075984,10293.688173719416,0.17790416605360632,284.61413353775595,0.49642097593071766,0.6,1.3569699349930187,1.216374975023316,0.0,210.43148983080113,211.50331960514217,0.0,0.0
101.13203192714656,16380.171089487978,140.96347239361052,201.58328402568546,10330.491278944966,0.1785272708440395,284.6244619020604,0.4952612697151667,0.6,1.3569699349930187,1.215027001658711,0.0,210.4053986213886,211.47230379767987,0.0,0.0
101.28207945226102,16359.04412443962,140.64050239476177,201.59788025750964,10367.341275435023,0.1791511252529011,284.634766252066,0.4941086580766236,0.6,1.3569699349930187,1.2136921511788366,0.0,210.3796153958271,211.4416372698632,0.0,0.0
101.43212697737548,16337.965472629305,140.31949670335493,201.6124432070476,10404.23824504684,0.17977573066076652,284.64504673437233,0.4929630721250511,0.6,1.3569699349930187,1.212370286809581,0.0,210.35413625498987,211.4113156263553,0.0,0.0
101.58217450248993,16316.934840739063,140.00043628709207,201.6269730762892,10441.182269236984,0.18040108844088418,284.6553034941491,0.4918244436993941,0.6,1.3569699349930187,1.2110612728171366,0.0,210.32895735518701,211.38133453420068,0.0,0.0
101.7322220276044,16295.951938317385,139.68330231712133,201.6414700652508,10478.173429033073,0.18102719995870356,284.66553667514626,0.49069270537137305,0.6,1.3569699349930187,1.209764974558059,0.0,210.30407490770338,211.35168972230576,0.0,0.0
101.88226955271885,16275.016473341133,139.3682217636944,201.708859311634,10514.987662646594,0.18160253254096512,284.7131007835134,0.489504070519275,0.6,1.3569699349930187,1.2081409447954115,0.0,210.3324281356334,211.3753221171863,0.0,0.0
102.03231707783331,16254.128081742241,139.05594990527882,201.85200001397163,10551.525684890787,0.18210434584832794,284.81410478933594,0.4882340711606688,0.6,1.3569699349930187,1.2060564824039695,0.0,210.43696777178417,211.47519352137545,0.0,0.0
102.18236460294777,16233.286314997396,138.74677197700302,201.99482214799087,10588.108929895108,0.1826065158692385,284.9148483175429,0.48697627658340625,0.6,1.3569699349930187,1.2040103789072358,0.0,210.54165659654615,211.57527068250573,0.0,0.0
102.33241212806224,16212.490714072272,138.44057912715002,202.13732885308158,10624.737796942434,0.1831090482593035,285.01533385762815,0.48573028423903797,0.6,1.3569699349930187,1.202000933425391,0.0,210.6464818201373,211.67553888439576,0.0,0.0
102.4824596531767,16191.74083542051,138.13732603106016,202.2795231625936,10661.41266662275,0.18361194840470163,285.1155638201386,0.4844959152009052,0.6,1.3569699349930187,1.200027542680076,0.0,210.7514384816243,211.7759921993211,0.0,0.0
102.63250717829116,16171.036241854365,137.83696014816314,202.42140806639475,10698.133916618319,0.18411522163924,285.21554058090817,0.4832729656575723,0.6,1.3569699349930187,1.1980894755788591,0.0,210.85652076549655,211.8766237468901,0.0,0.0
102.78255470340562,16150.376504084048,137.539430017083,202.56298650032002,10734.901918802905,0.18461887320483333,285.3152664737086,0.4820612360388961,0.6,1.3569699349930187,1.1961860168622958,0.0,210.96172301254128,211.97742682844498,0.0,0.0
102.93260222852008,16129.761200409414,137.244685209916,202.70426134828244,10771.717039588731,0.18512290825655672,285.4147437918307,0.48086053084215025,0.6,1.3569699349930187,1.1943164663623296,0.0,211.06703971363518,212.0783949198481,0.0,0.0
103.08264975363454,16109.189916558791,136.9526763080952,202.84523544337532,10808.579640020087,0.18562733186421557,285.5139747889501,0.4796706585354697,0.6,1.3569699349930187,1.192480138613092,0.0,211.1724655052879,212.17952166635274,0.0,0.0
103.232697278749,16088.662245691305,136.66335490545032,202.98591156785437,10845.490075577341,0.18613214900994765,285.61296167920375,0.4784914315581678,0.6,1.3569699349930187,1.1906763629108046,0.0,211.27799516746302,212.28080088016273,0.0,0.0
103.38274480386346,16068.17778816548,136.37667357433395,203.12629245472132,10882.448696402642,0.18663736459159427,285.71170663839087,0.47732266619000735,0.6,1.3569699349930187,1.1889044827693247,0.0,211.38362361858134,212.3822265346401,0.0,0.0
103.53279232897792,16047.736151293007,136.09258582853394,203.26638078940962,10919.455847560213,0.18714298342653093,285.81021180524334,0.47616418240951475,0.6,1.3569699349930187,1.1871638553220645,0.0,211.48934591034586,212.48379275830027,0.0,0.0
103.68283985409239,16027.33694932661,135.81104612336705,203.4061792098656,10956.511868878935,0.1876490102497814,285.90847928156444,0.4750158038846392,0.6,1.3569699349930187,1.1854538513359696,0.0,211.59515722555565,212.58549383235174,0.0,0.0
103.83288737920685,16006.979803362963,135.53200984320523,203.54569030721186,10993.617094949761,0.18815544971424863,286.00651113277627,0.4738773579189096,0.6,1.3569699349930187,1.183773855021627,0.0,211.7010528750406,212.68732418718002,0.0,0.0
103.98293490432131,15986.664341031661,135.25543325457852,203.6849166278772,11030.77185551798,0.18866230639632828,286.10430938949526,0.47274867527578956,0.6,1.3569699349930187,1.1821232632764953,0.0,211.80702829199697,212.78927839574033,0.0,0.0
104.13298242943577,15966.390196444245,134.98127349949192,203.8238606739438,11067.976475408042,0.18916958479513088,286.2018760478519,0.4716295901460952,0.6,1.3569699349930187,1.180501485589509,0.0,211.913079029477,212.89135117070174,0.0,0.0
104.28302995455023,15946.157010179671,134.70948859615913,203.9625249032456,11105.231274382546,0.18967728933080794,286.2992130696352,0.47051994014176485,0.6,1.3569699349930187,1.1789079440713996,0.0,212.0192007585715,212.99353736239826,0.0,0.0
104.43307747966469,15925.964428996247,134.44003739583385,204.1009117313403,11142.536567507044,0.19018542434976943,286.3963223837504,0.4694195661342813,0.6,1.3569699349930187,1.1773420727608201,0.0,212.12538926326926,213.0958319528278,0.0,0.0
104.58312500477915,15905.812105687213,134.1728799996344,204.23902353249773,11179.892665258241,0.1906939941263908,286.4932058869833,0.4683283137002674,0.6,1.3569699349930187,1.175803324968866,0.0,212.23164048923968,213.19823011021498,0.0,0.0
104.73317252989361,15885.699699139413,133.90797530035238,204.37841101315786,11217.397370479148,0.19120321616625716,286.59095105448324,0.46724425459928565,0.6,1.3569699349930187,1.1742924402422983,0.0,212.3394986226872,213.30227523223746,0.0,0.0
104.88322005500807,15865.626874683663,133.64527921435032,204.52390923203933,11255.357296805965,0.1917137699880288,286.69294581511235,0.46616172865494176,0.6,1.3569699349930187,1.1728129094926043,0.0,212.45379190124177,213.4127947316148,0.0,0.0
105.03326758012253,15845.593303951075,133.384751122574,204.6691238335331,11293.371310058013,0.19222478489689848,286.7947055918597,0.4650879131374032,0.6,1.3569699349930187,1.1713587714979166,0.0,212.56811961284927,213.52338712757415,0.0,0.0
105.183315105237,15825.59866450604,133.12635356426196,204.81405714949764,11331.439704919661,0.19273626485294795,286.8962322679582,0.46402266252114205,0.6,1.3569699349930187,1.169929511350845,0.0,212.68247815652956,213.63404810164567,0.0,0.0
105.33336263035146,15805.64263943438,132.8700502951251,204.9587114718375,11369.562771644243,0.1932482137479668,286.9975276954316,0.4629658358455613,0.6,1.3569699349930187,1.1685246330136372,0.0,212.7968640814859,213.7447735085373,0.0,0.0
105.48341015546592,15785.724917143843,132.61580577588765,205.10308905394766,11407.740796290143,0.19376063540883837,287.09859369617567,0.46191729492144207,0.6,1.3569699349930187,1.1671436503974628,0.0,212.9112740262464,213.85555930774146,0.0,0.0
105.63345768058038,15765.845191325072,132.36358517525633,205.2471921109951,11445.974060654833,0.19427353359686259,287.1994320622231,0.4608769043337772,0.6,1.3569699349930187,1.1657860874407706,0.0,213.02570471783667,213.96640156257368,0.0,0.0
105.78350520569484,15746.003160882488,132.1133543620489,205.39102282041824,11484.262842267595,0.19478691200786574,287.3000445561594,0.45984453140669224,0.6,1.3569699349930187,1.164451478002825,0.0,213.14015296992548,214.07729643803356,0.0,0.0
105.9335527308093,15726.198532680834,131.8650001528812,205.4950911866001,11522.183726310626,0.19533112463985622,287.3728205214184,0.45886385467359486,0.6,1.3569699349930187,1.1633187143325496,0.0,213.21511420792038,214.14873759641569,0.0,0.0
106.08360025592376,15706.431051845457,131.61816911162578,205.57147991224664,11559.862750223612,0.19589706171182664,287.4262281326129,0.4579198285651917,0.6,1.3569699349930187,1.1623255842250622,0.0,213.2626285866482,214.19276004700595,0.0,0.0
106.23364778103821,15686.700498282,131.37279596808392,205.64772641009392,11597.594490845744,0.19646360724254916,287.479526410124,0.45698139832283186,0.6,1.3569699349930187,1.1613448131368076,0.0,213.31022490337838,214.2368915451596,0.0,0.0
106.38369530615267,15667.006653856099,131.1288660441218,205.72383152045876,11635.379078657146,0.19703076313525297,287.53271600199133,0.4560485076877779,0.6,1.3569699349930187,1.1603762612312156,0.0,213.35790133642394,214.2811299472594,0.0,0.0
106.53374283126713,15647.349303348372,130.8863614815546,205.7997960724189,11673.21664207139,0.19759853125941682,287.58579754779896,0.4551210894195854,0.6,1.3569699349930187,1.1594197307264569,0.0,213.40565570157392,214.32547270468137,0.0,0.0
106.6837903563816,15627.728234207965,130.6452647179163,205.875620884765,11711.10730784078,0.19816691345691578,287.63877167935,0.4541990773884796,0.6,1.3569699349930187,1.158475027288925,0.0,213.45348585947505,214.36991732032826,0.0,0.0
106.83383788149607,15608.143236521264,130.40555847829023,205.9513067661211,11749.051201052825,0.1987359115420263,287.69163902076065,0.45328240654529345,0.6,1.3569699349930187,1.157541959918412,0.0,213.50138971426682,214.4144613470847,0.0,0.0
106.98388540661053,15588.594102903564,130.16722575993995,206.02685451536283,11787.048445277767,0.1993055273036953,287.7444001887618,0.4523710128661047,0.6,1.3569699349930187,1.1566203407176594,0.0,213.54936521170083,214.45910238565892,0.0,0.0
107.13393293172498,15569.080628513984,129.93024983610763,206.10226492155954,11825.099162478838,0.1998757625042488,287.79705579266715,0.45146483336407417,0.6,1.3569699349930187,1.155709984980403,0.0,213.59741033902282,214.50383808445724,0.0,0.0
107.28398045683944,15549.602611015067,129.69461425212748,206.17753876412985,11863.203473030342,0.2004466188797181,287.8496064344914,0.45056380607434765,0.6,1.3569699349930187,1.1548107111525314,0.0,213.64552312418587,214.54866613868342,0.0,0.0
107.4340279819539,15530.159850504844,129.4602954637006,206.2458643237545,11901.367180936519,0.20102483397968807,287.8972979929997,0.4496752708906926,0.6,1.3569699349930187,1.1539608759706412,0.0,213.6868883000162,214.58677085210272,0.0,0.0
107.58407550706836,15510.752193769413,129.22645223589967,206.12998492822956,11939.738771419097,0.20178633858512357,287.81640897173855,0.44898917576512726,0.6,1.3569699349930187,1.154151413645015,0.0,213.54415184296923,214.4407864279559,0.0,0.0
107.73412303218282,15491.379644946368,128.99234580477707,206.0143144513733,11978.164562362606,0.2025494109765597,287.7356431068088,0.4483015882634134,0.6,1.3569699349930187,1.1543222074040018,0.0,213.40164271308586,214.2950315572098,0.0,0.0
107.88417055729728,15472.042240691424,128.75801112392804,205.89885311587057,12016.64420714881,0.20331404538901973,287.6550006575007,0.44761262912037836,0.6,1.3569699349930187,1.1544738121892448,0.0,213.25936529346822,214.14951112610777,0.0,0.0
108.03421808241175,15452.740013149616,128.52347609199285,205.78360111747168,12055.177365409776,0.20408023616426718,287.5744818644165,0.44692239470881895,0.6,1.3569699349930187,1.1546066626790863,0.0,213.11732310621514,214.00422905902178,0.0,0.0
108.18426560752621,15433.47299036342,128.28876849511263,205.66855862742847,12093.763702351102,0.20484797773775948,287.49408695114624,0.4462309811502756,0.6,1.3569699349930187,1.1547211969117954,0.0,212.9755196129891,213.85918921554108,0.0,0.0
108.33431313264067,15414.241176829782,128.05437003675107,205.6814621972551,12132.144074407866,0.2054851845000673,287.5031054464038,0.44540169344578745,0.6,1.3569699349930187,1.1540842321940703,0.0,212.9617462457349,213.84218966459247,0.0,0.0
108.48436065775513,15395.044450319103,127.82110439833512,205.71892106589968,12170.526160627553,0.20609773689526537,287.52928439965547,0.444549864425873,0.6,1.3569699349930187,1.1533112782392783,0.0,212.97270553709964,213.8499442213255,0.0,0.0
108.63440818286959,15375.882639014762,127.58897958745973,205.75631202904532,12208.95976572861,0.20671100674578569,287.5554135188106,0.44370223473157955,0.6,1.3569699349930187,1.152545595014365,0.0,212.98377448605135,213.85782990929266,0.0,0.0
108.78445570798405,15356.75557255436,127.35798495979644,205.79363541790056,12247.44495362059,0.2073249950158306,287.5814930488727,0.44285876538707847,0.6,1.3569699349930187,1.1517870908341015,0.0,212.99495151462767,213.86584491964533,0.0,0.0
108.93450323309851,15337.663082130586,127.12810999995983,205.83089156064958,12285.981787625646,0.20793970265948147,287.6075232326174,0.44201941788963023,0.6,1.3569699349930187,1.1510356751333306,0.0,213.00623506855453,213.87398747045376,0.0,0.0
109.08455075821297,15318.605000511412,126.89934432598604,205.86808078241273,12324.570330403629,0.20855513061951733,287.6335043105667,0.44118415422484625,0.6,1.3569699349930187,1.150291258558595,0.0,213.01762361747413,213.8822558069674,0.0,0.0
109.23459828332743,15299.581162045584,126.67167769204346,205.9052034052356,12363.21064390566,0.2091712798266881,287.65943652098275,0.44035293687576854,0.6,1.3569699349930187,1.1495537530308522,0.0,213.02911565500003,213.89064820167772,0.0,0.0
109.38464580844189,15280.591402579239,126.44509997642778,205.9422597482516,12401.902789509122,0.20978815120188085,287.68532009998273,0.4395257287806093,0.6,1.3569699349930187,1.1488230715570156,0.0,213.040709697293,213.8991629527025,0.0,0.0
109.53469333355636,15261.635562456595,126.21953491260012,205.96639292541917,12440.949061358766,0.21042399190042413,287.7021756919905,0.4387159555155009,0.6,1.3569699349930187,1.148197484952965,0.0,213.03953965335327,213.8949328558374,0.0,0.0
109.68474085867082,15242.713499856725,125.99487316551632,205.98708697668275,12480.128683856918,0.2110654626725336,287.7166284722434,0.4379130738273311,0.6,1.3569699349930187,1.1476014975934574,0.0,213.03507672252383,213.88742755754336,0.0,0.0
109.83478838378528,15223.825080732628,125.77109286479579,206.00774435644735,12519.361935260069,0.21170774914326101,287.7310549169872,0.43711337624324836,0.6,1.3569699349930187,1.1470084278429733,0.0,213.03072037614896,213.88004616840726,0.0,0.0
109.98483590889974,15204.970173380552,125.54819108630075,206.02836520809925,12558.648819869826,0.2123508513351637,287.7454551303117,0.43631685174469065,0.6,1.3569699349930187,1.1464183020687404,0.0,213.02646990618334,213.87278787741562,0.0,0.0
110.1348834340142,15186.14864621028,125.32616468050836,206.04894967490495,12597.989343447942,0.21299476929467923,287.7598292161952,0.43552348853512235,0.6,1.3569699349930187,1.1458311422114904,0.0,213.0223245837557,213.86565185022494,0.0,0.0
110.28493095912866,15167.360345753057,125.10545945013514,206.17539300987906,12636.803339114069,0.21351997127738997,287.8481085600689,0.4346231770497384,0.6,1.3569699349930187,1.1446144165468772,0.0,213.1242286672319,213.96458827167845,0.0,0.0
110.43497848424312,15148.605025209645,124.88657893448017,206.30730957326193,12675.637405852563,0.21403918988735166,287.9401803169829,0.43372404225418304,0.6,1.3569699349930187,1.1433863977966234,0.0,213.23185157911618,214.06927322325242,0.0,0.0
110.58502600935758,15129.882411733352,124.66949660020498,206.43899686426377,12714.523008100994,0.21455885288240076,288.03206269742105,0.43283200985569037,0.6,1.3569699349930187,1.1421812727204554,0.0,213.33948681743416,214.17399971908804,0.0,0.0
110.73507353447204,15111.192238073045,124.45417961801802,206.5704567585886,12753.460444997045,0.2150789642347832,288.1237571906719,0.43194695512615394,0.6,1.3569699349930187,1.1409985537280802,0.0,213.4471315901006,214.2787644025995,0.0,0.0
110.8851210595865,15092.534241772291,124.24059535785057,206.701691098267,12792.450010852735,0.21559952784451247,288.21526526028316,0.4310687542717442,0.6,1.3569699349930187,1.139837754786683,0.0,213.55478312684747,214.38356394572892,0.0,0.0
111.03516858470097,15073.908165285658,124.02871190823433,206.83270169083696,12831.491994780072,0.21612054753457602,288.306588343541,0.430197286232127,0.6,1.3569699349930187,1.1386984009251562,0.0,213.66243873490723,214.488395111463,0.0,0.0
111.18521610981543,15055.313755755835,123.81849804122409,206.96349031091037,12870.586681025987,0.21664202705561306,288.39772785261266,0.4293324325512795,0.6,1.3569699349930187,1.1375800276418186,0.0,213.77009579555497,214.59325474976723,0.0,0.0
111.33526363492989,15036.750764926603,123.60992319875575,207.09405870078385,12909.734349028327,0.21716397008686006,288.4886851750201,0.4284740773239136,0.6,1.3569699349930187,1.1364821806849905,0.0,213.87775176211133,214.69813979527365,0.0,0.0
111.48531116004435,15018.21894914511,123.40295749527928,207.2244085704219,12948.935273285433,0.21768638023460837,288.57946167367675,0.427622107199099,0.6,1.3569699349930187,1.135404416120308,0.0,213.98540415914024,214.80304726638343,0.0,0.0
111.6353586851588,14999.718069186583,123.19757169032941,207.35454159868863,12988.18972360236,0.21820926103568092,288.67005868779177,0.4267764112784988,0.6,1.3569699349930187,1.1343462998722713,0.0,214.09305057962598,214.90797426195368,0.0,0.0
111.78540621027327,14981.247890109176,122.99373716541655,207.48445943436755,13027.497965279199,0.21873261596012808,288.76047753362525,0.42593688103003746,0.6,1.3569699349930187,1.1333074073401046,0.0,214.20068868246247,215.0129179583598,0.0,0.0
111.93545373538772,14962.808181252907,122.79142592553798,207.61416369616825,13066.86025899635,0.21925644840988218,288.85071950453727,0.4251034102880577,0.6,1.3569699349930187,1.132287323445881,0.0,214.30831619165951,215.1178756086049,0.0,0.0
112.08550126050218,14944.398716155049,122.59061058709612,207.74365597332033,13106.276860878432,0.2197807617197906,288.9407858714445,0.4242758952058749,0.6,1.3569699349930187,1.1312856424454862,0.0,214.41593089467528,215.2228445403787,0.0,0.0
112.23554878561664,14926.019272330172,122.3912650580636,207.87293782711967,13145.748022852265,0.22030555916255487,289.03067788393804,0.42345423660256065,0.6,1.3569699349930187,1.1303019805456815,0.0,214.5235307169649,215.32782223943477,0.0,0.0
112.38559631073112,14907.669617641499,122.1935011485318,208.00201088679285,13185.274021939014,0.22083084433808917,289.1203968369495,0.4226388123610776,0.6,1.3569699349930187,1.1293385031393197,0.0,214.63112863885473,215.43282305884833,0.0,0.0
112.53564383584558,14889.349581244998,121.99635873847373,207.96148284515112,13224.938522303648,0.2215383225643124,289.09222870948804,0.42199805675533814,0.6,1.3569699349930187,1.1293037871815366,0.0,214.56922751268488,215.36833717204436,0.0,0.0
112.68569136096004,14871.059137466611,121.7988416001782,207.8206698139242,13264.707835885747,0.22235507961653728,288.99433835556886,0.4214575354425146,0.6,1.3569699349930187,1.1297999618489165,0.0,214.4070353798066,215.20355955084932,0.0,0.0
112.8357388860745,14852.798382990626,121.60063886334937,207.68008454589375,13304.53212504976,0.2231736216594232,288.89657324904016,0.42091409218109643,0.6,1.3569699349930187,1.130271454210844,0.0,214.2450316237378,215.0389655432588,0.0,0.0
112.98578641118895,14834.567419906403,121.40176927771489,207.5397278309521,13344.410942672946,0.22399394126772088,288.798934066681,0.4203677886487086,0.6,1.3569699349930187,1.1307184755049866,0.0,214.08321941755642,214.874558610562,0.0,0.0
113.13583393630341,14816.366344528347,121.20226797300347,207.39960041454253,13384.343850162035,0.22481603116327886,288.7014214550851,0.4198187433997778,0.6,1.3569699349930187,1.1311415475728503,0.0,213.92160364069966,214.71034413214198,0.0,0.0
113.28588146141787,14798.195249051223,121.00216979449769,207.25970301040212,13424.330413985761,0.22563988414428274,288.6040360394792,0.41926707420663156,0.6,1.3569699349930187,1.1315411938665736,0.0,213.76018908654746,214.54632739475156,0.0,0.0
113.43592898653233,14780.054220465576,120.80150881829833,207.1200362922105,13464.370208199627,0.2264654931377584,288.50677841786745,0.41871289638585835,0.6,1.3569699349930187,1.1319179305167835,0.0,213.59898040213747,214.38251352594767,0.0,0.0
113.58597651164679,14761.94334067784,120.60031836118166,206.9806008945137,13504.462814342944,0.22729285119807854,288.40964916162676,0.4181563228267596,0.6,1.3569699349930187,1.1322722663062383,0.0,213.43798209065216,214.21890749676754,0.0,0.0
113.73602403676125,14743.862686720453,120.39863055069313,206.8413974143402,13544.607821132333,0.2281219515012532,288.3126488165854,0.41759746249387275,0.6,1.3569699349930187,1.1326046943531718,0.0,213.2771984675892,214.05551407240307,0.0,0.0
113.88607156187572,14725.812338288848,120.19640172039159,206.70242646922824,13584.804807806491,0.22895278700114255,288.21577794343307,0.4170361615108457,0.6,1.3569699349930187,1.1329142837550752,0.0,213.11662575723778,213.89232894584455,0.0,0.0
114.03611908699018,14707.792338536678,119.99417970741672,206.6573413535882,13625.07841888528,0.22968163934836164,288.1843439865602,0.4163799394772562,0.6,1.3569699349930187,1.1326998070096919,0.0,213.04997591686882,213.82307116877413,0.0,0.0
114.18616661210464,14689.802647689121,119.7925329359986,206.66912213196156,13665.41881067486,0.23034853693844745,288.19255803664345,0.41566837725479044,0.6,1.3569699349930187,1.1321738998129098,0.0,213.0402894705072,213.81078857690318,0.0,0.0
114.3362141372191,14671.843155451726,119.59165594725765,206.68088320074853,13705.810849686866,0.23101625106465834,288.2007581108584,0.4149595467103383,0.6,1.3569699349930187,1.1316509064328784,0.0,213.03070116418436,213.79861837725215,0.0,0.0
114.48626166233356,14653.913745487154,119.39155441533354,206.6926246358012,13746.254550084052,0.23168478193230313,288.20894426328135,0.4142534671174824,0.6,1.3569699349930187,1.131131003534895,0.0,213.0212112633741,213.78656085822678,0.0,0.0
114.63630918744802,14636.014302371761,119.19222387514763,206.7043465123757,13786.749925555407,0.23235412973881403,288.21711654756507,0.4135501225704515,0.6,1.3569699349930187,1.130614175778599,0.0,213.0118189574113,213.77461510202278,0.0,0.0
114.78635671256248,14618.144710747658,118.99365979841113,206.7160489056873,13827.296991222935,0.23302429470526395,288.2252750173257,0.4128494969473382,0.6,1.3569699349930187,1.1301004061930535,0.0,213.0025234336619,213.7627801886338,0.0,0.0
114.93640423767694,14600.304855943192,118.79585768329872,206.72773189050406,13867.895762235508,0.2336952770531214,288.2334197258597,0.41215157422163634,0.6,1.3569699349930187,1.1295896777619516,0.0,212.99332388660096,213.75105520607633,0.0,0.0
115.0864517627914,14582.494623979308,118.5988130564668,206.73939554114276,13908.546253741673,0.23436707700380122,288.24155072614064,0.41145633846921664,0.6,1.3569699349930187,1.1290819734642883,0.0,212.98421951796712,213.73943925056352,0.0,0.0
115.23649928790587,14564.713901525505,118.40252146622642,206.7510399314976,13949.248480977745,0.235039694780121,288.2496680708399,0.41076377384458235,0.6,1.3569699349930187,1.1285772761558628,0.0,212.97520953601835,213.72793142566738,0.0,0.0
115.38654681302033,14546.962575909836,118.20697848474752,206.7626651350337,13990.002459233045,0.23571313060572627,288.25777181232166,0.4100738645884958,0.6,1.3569699349930187,1.128075568612338,0.0,212.9662931557081,213.71653084251696,0.0,0.0
115.53659433813479,14529.240535150913,118.0121797145131,206.77427122476612,14030.808203764194,0.2363873847036751,288.26586200262864,0.40938659505036,0.6,1.3569699349930187,1.1275768336498453,0.0,212.9574695992902,213.70523662047904,0.0,0.0
115.68664186324925,14511.54766791237,117.81812078129181,206.78585827328968,14071.665729887107,0.23706245729795794,288.2739386935029,0.40870194966378065,0.6,1.3569699349930187,1.127081054002619,0.0,212.94873809555816,213.69404788630172,0.0,0.0
115.83668938836371,14493.883863494639,117.6247973331307,206.7974263527842,14112.575052984443,0.23773834861362134,288.2820019363895,0.4080199129430392,0.6,1.3569699349930187,1.126588212308201,0.0,212.9400978796962,213.6829637739469,0.0,0.0
115.98673691347817,14476.249011872282,117.43220504768728,206.8089755349903,14153.536188407094,0.23841505887514036,288.2900517824197,0.4073404695085231,0.6,1.3569699349930187,1.1260982912441435,0.0,212.93154819397182,213.67198342536958,0.0,0.0
116.13678443859263,14458.643003668565,117.24033962865992,206.82050589122568,14194.549151520683,0.23909258830718744,288.2980882824226,0.4066636040742973,0.6,1.3569699349930187,1.1256112734678165,0.0,212.92308828732706,213.66110599005742,0.0,0.0
116.28683196370709,14441.065730128923,117.04919680170966,206.83201749240277,14235.613957755342,0.23977093713545453,288.3061114869371,0.4059893014339138,0.6,1.3569699349930187,1.1251271415460993,0.0,212.91471741492214,213.6503306245174,0.0,0.0
116.43687948882155,14423.517083149027,116.85877232002848,206.8435104090102,14276.730622528723,0.24045010558538207,288.3141214461993,0.4053175464797164,0.6,1.3569699349930187,1.1246458780603081,0.0,212.90643483864838,213.63965649285296,0.0,0.0
116.586927013936,14405.996952232475,116.66916886154257,206.90510373760048,14317.83891905933,0.24107067016680186,288.3570449698365,0.4045996825697347,0.6,1.3569699349930187,1.1238924870894496,0.0,212.94836992775018,213.67921420663964,0.0,0.0
116.73697453905048,14388.50516818843,116.48102315110478,207.03174242244202,14358.920473313006,0.24161448082121104,288.4452776192528,0.40382364416747185,0.6,1.3569699349930187,1.122797657598411,0.0,213.05553306780968,213.78402206562524,0.0,0.0
116.88702206416494,14371.041493406137,116.29448720285238,207.1581782928628,14400.053824952673,0.2421587347297466,288.53334204579056,0.40305389449374734,0.6,1.3569699349930187,1.121725466290032,0.0,213.1626910551082,213.88884867612424,0.0,0.0
117.0370695892794,14353.605689475387,116.10952198884885,207.2820799820094,14441.212902538982,0.24270572427211443,288.6196153101301,0.40229255334598735,0.6,1.3569699349930187,1.1206858241968871,0.0,213.26750769912488,213.99135726426405,0.0,0.0
117.18711711439386,14336.19752607696,115.92605081222982,207.39957056371594,14482.353778226965,0.24325927392381952,288.7014006788243,0.40154308409883915,0.6,1.3569699349930187,1.1196948314357076,0.0,213.36609740483004,214.0876611866433,0.0,0.0
117.33716463950832,14318.816782872604,115.74403054250077,207.51687672252478,14523.547004075372,0.2438132922702749,288.7830345627868,0.40079927381376645,0.6,1.3569699349930187,1.1187235157521835,0.0,213.46468169382524,214.18398134048164,0.0,0.0
117.48721216462278,14301.46324425096,115.56343331045956,207.6339999106286,14564.792872700613,0.24436778319375013,288.8645181006071,0.40006101846752457,0.6,1.3569699349930187,1.1177714323707983,0.0,213.5632584550009,214.2803151837404,0.0,0.0
117.63725968973723,14284.136698767366,115.38423113041917,207.7509415521342,14606.091671271639,0.24492275049651846,288.9458524098232,0.399328213809296,0.6,1.3569699349930187,1.116838132372788,0.0,213.66182556056916,214.37666015908232,0.0,0.0
117.7873072148517,14266.83693919023,115.2063966806189,207.8677030427487,14647.443681276562,0.2454781978979169,289.02703858673885,0.3986007580603734,0.6,1.3569699349930187,1.115923177774965,0.0,213.76038094532768,214.47301378275884,0.0,0.0
117.93735473996615,14249.563762309619,115.02990327114374,207.98428575107042,14688.849178857858,0.24603412903904626,289.10807770735636,0.3978785517974367,0.6,1.3569699349930187,1.1150261409579543,0.0,213.8589226038103,214.56937364126026,0.0,0.0
118.08740226508061,14232.316968832081,114.85472482616663,208.10069101929795,14730.308434947123,0.24659054748476752,289.18897082790306,0.3971614978861587,0.6,1.3569699349930187,1.1141466043584234,0.0,213.95744858836522,214.66573738907567,0.0,0.0
118.23744979019509,14215.096363383314,114.68083588630222,208.21692016321146,14771.821715143467,0.24714745672225477,289.2697189848516,0.396449501485179,0.6,1.3569699349930187,1.1132841605359427,0.0,214.05595700858703,214.7621027480587,0.0,0.0
118.38749731530955,14197.901754377048,114.5082115871157,208.3329744730566,14813.389279915056,0.24770486016388266,289.3503231955663,0.395742469966836,0.6,1.3569699349930187,1.1124384117976363,0.0,214.15444602924188,214.8584675049946,0.0,0.0
118.537544840424,14180.732953856812,114.33682763216163,208.44885521461188,14855.011384871434,0.24826276115105428,289.4307844590764,0.3950403128189984,0.6,1.3569699349930187,1.1116089697198306,0.0,214.252913867856,214.95482950876823,0.0,0.0
118.68759236553846,14163.589777486772,114.16666029267859,208.56456362924973,14896.68828067903,0.24882116295323944,289.51110375614826,0.39434294164012373,0.6,1.3569699349930187,1.1107954551655397,0.0,214.3513587940402,215.0511866695996,0.0,0.0
118.83763989065292,14146.472044502492,113.9976864007862,208.68010093426807,14938.420213074209,0.2493800687683193,289.5912820495463,0.3936502701116613,0.6,1.3569699349930187,1.109997498182411,0.0,214.44977912844226,215.14753695782906,0.0,0.0
118.98768741576738,14129.379577519365,113.82988331677866,208.79546832418245,14980.207423226588,0.24993948172761904,289.67132028495837,0.39296221388020325,0.6,1.3569699349930187,1.1092147374170993,0.0,214.5481732400612,215.243878400751,0.0,0.0
119.13773494088184,14112.312200153048,113.66329151323094,208.9273316837746,15021.821161346998,0.25047560611572317,289.7627758249448,0.3922632615236219,0.6,1.3569699349930187,1.108342732308261,0.0,214.663210575121,215.35688087529348,0.0,0.0
119.2877824659963,14095.269718230671,113.4980515901554,209.07396101536523,15063.28366722116,0.2509908064869868,289.8644386129837,0.39155562556500356,0.6,1.3569699349930187,1.107395644644973,0.0,214.7931747681812,215.4848296646351,0.0,0.0
119.43782999111076,14078.251926354458,113.33420505235419,209.22037870264333,15104.800521241712,0.25150644407344985,289.96591909518077,0.3908535368777337,0.6,1.3569699349930187,1.1064691440756356,0.0,214.92309178471533,215.61275116741365,0.0,0.0
119.58787751622523,14061.258616675148,113.17171823065632,209.36658653051842,15146.372050600481,0.252022522817198,290.0672186993286,0.39015687032172136,0.6,1.3569699349930187,1.1055626514052586,0.0,215.0529594180198,215.74064269419858,0.0,0.0
119.7379250413397,14044.28958775047,113.01055727610114,209.51258622881784,15187.998571203745,0.2525390465131205,290.16833881274243,0.3894655004005502,0.6,1.3569699349930187,1.1046755818151694,0.0,215.18277541270595,215.8685015076478,0.0,0.0
119.88797256645415,14027.344642842227,112.85069539734026,209.65837948693695,15229.680391668666,0.25305601885882445,290.2692807924809,0.38877932618029737,0.6,1.3569699349930187,1.1038074866202554,0.0,215.31253820430726,215.99632564978805,0.0,0.0
120.03802009156861,14010.423589102864,112.6921050197425,209.8039679608367,15271.417815191126,0.2535734434780288,290.37004597024935,0.3880982442358695,0.6,1.3569699349930187,1.1029579002947543,0.0,215.44224613631354,216.12411306351447,0.0,0.0
120.18806761668307,13993.526237896565,112.5347602244754,209.94935327027983,15313.211138635974,0.2540913239094818,290.4706356505401,0.3874221570536442,0.6,1.3569699349930187,1.1021263881269452,0.0,215.57189770137492,216.25186186329873,0.0,0.0
120.33811514179753,13976.652403752118,112.37863323687247,210.09453700783953,15355.060655011843,0.254609663637819,290.5710511169173,0.3867509609264365,0.6,1.3569699349930187,1.1013124776068302,0.0,215.70149119843987,216.37956994977384,0.0,0.0
120.48816266691199,13959.80190679449,112.22368853084488,210.2395207179769,15396.966647325022,0.2551284660176328,290.67129361759754,0.38608452569961915,0.6,1.3569699349930187,1.1005155423274184,0.0,215.83102412533464,216.507234331385,0.0,0.0
120.63821019202645,13942.974596207108,112.06937672484415,210.23032773723614,15438.891262339403,0.255834345542874,290.6649385688269,0.3855620745888727,0.6,1.3569699349930187,1.1005276181037777,0.0,215.80646466029805,216.48081651578417,0.0,0.0
120.78825771714091,13926.170446275191,111.91497524946041,210.20914961164917,15480.869342541902,0.25655579958320623,290.6502977373266,0.3850502687274137,0.6,1.3569699349930187,1.1005921919375232,0.0,215.76993228353757,216.44242726787593,0.0,0.0
120.93830524225537,13909.38947007997,111.76049387423991,210.18800058022967,15522.903656379065,0.25727829541822617,290.6356762831487,0.3845381107492063,0.6,1.3569699349930187,1.1006467590138918,0.0,215.733442240458,216.4040819547733,0.0,0.0
121.08835276736984,13892.631678523518,111.60594711917173,210.1668806571783,15564.994014179587,0.25800182990100545,290.6210742190365,0.3840256506486385,0.6,1.3569699349930187,1.1006915840022504,0.0,215.69699601708152,216.36578224049356,0.0,0.0
121.2384002924843,13875.897080339955,111.45134911566304,210.14578985396304,15607.140230367138,0.2587263999535399,290.6064915558421,0.38351293709571815,0.6,1.3569699349930187,1.1007269261048858,0.0,215.66059505028508,216.3275297342961,0.0,0.0
121.38844781759876,13859.185682183012,111.29671361927676,210.12472817942964,15649.342123311662,0.25945200256423284,290.5919283026031,0.38300001747942486,0.6,1.3569699349930187,1.1007530392276152,0.0,215.62424072942912,216.28932599249418,0.0,0.0
121.53849534271322,13842.497488677202,111.14205401727334,210.10369563986578,15691.599515269529,0.2601786347869059,290.57738446658567,0.3824869379332371,0.6,1.3569699349930187,1.1007701720569067,0.0,215.5879343974184,216.25117251963684,0.0,0.0
121.68854286782768,13825.832502453703,110.98738333280821,210.08269223904645,15733.912232360684,0.2609062937404444,290.5628600533162,0.38197374334917694,0.6,1.3569699349930187,1.1007785680752944,0.0,215.55167735141026,216.21307076929705,0.0,0.0
121.83859039294214,13809.190724221004,110.83271423516354,210.06171797832278,15776.280104456178,0.2616349766069012,290.5483550666419,0.38146047741258865,0.6,1.3569699349930187,1.100778465691504,0.0,215.51547084415847,216.17502214556725,0.0,0.0
121.9886379180566,13792.572150524065,110.67815268311584,210.09174572312617,15818.581563531028,0.26229901215831214,290.56912086866186,0.3809012890022223,0.6,1.3569699349930187,1.1004964435535214,0.0,215.53029815373483,216.18801118577525,0.0,0.0
122.13868544317106,13775.976716306492,110.52437435710702,210.18637481453473,15860.783153165547,0.2628803803197089,290.63455227410776,0.38028642324972967,0.6,1.3569699349930187,1.0998728699147002,0.0,215.60982488824627,216.26571151205167,0.0,0.0
122.28873296828552,13759.404287012621,110.37151370409617,210.2808732211985,15903.038815743097,0.2634622847853048,290.6998786204625,0.3796751282727473,0.6,1.3569699349930187,1.0992605342883122,0.0,215.6893318719134,216.3434055033096,0.0,0.0
122.43878049339997,13742.854726310436,110.21955360081984,210.37524171846488,15945.348732041319,0.26404472793723993,290.7651005143511,0.3790673413206954,0.6,1.3569699349930187,1.098659159893908,0.0,215.76881783055987,216.4210916375129,0.0,0.0
122.58882801851445,13726.327900282738,110.06847809713938,210.46948106793042,15987.713079305922,0.26462771210562414,290.83021855224075,0.37846300375890335,0.6,1.3569699349930187,1.09806849195504,0.0,215.84828160234449,216.49876852020878,0.0,0.0
122.73887554362891,13709.823677385866,109.91827161507578,210.56359201767575,16030.132031286386,0.2652112395691336,290.8952333206168,0.37786205830993064,0.6,1.3569699349930187,1.097488281799496,0.0,215.92772205890216,216.57643479610368,0.0,0.0
122.88892306874337,13693.341928349557,109.76891893142898,210.65757530283634,16072.605758424517,0.2657953125577056,290.96014539639,0.3772644489914079,0.6,1.3569699349930187,1.0969182865496088,0.0,216.00713810384977,216.65408914731913,0.0,0.0
123.03897059385783,13676.882526178433,109.62040517917039,210.7514316455933,16115.134427784107,0.26637993325167003,291.0249553469031,0.3766701211190029,0.6,1.3569699349930187,1.0963582691719669,0.0,216.0865286725593,216.73173029313884,0.0,0.0
123.18901811897229,13660.445346113122,109.47271584183663,210.84516175539514,16157.718203084956,0.26696510378231497,291.08966373009633,0.3760790212851451,0.6,1.3569699349930187,1.0958079983935438,0.0,216.16589273148685,216.8093569892296,0.0,0.0
123.33906564408674,13644.030265507805,109.3258367321634,210.93876632965527,16200.357244955532,0.2675508262354548,291.1542710950016,0.37549109728323765,0.6,1.3569699349930187,1.0952672483141774,0.0,216.2452292764575,216.88696802563436,0.0,0.0
123.4891131692012,13627.637163815258,109.17975399007295,211.03224605383716,16243.051710910104,0.2681371026512066,291.2187779818125,0.3749062980989899,0.6,1.3569699349930187,1.0947357983896793,0.0,216.3245373322367,216.96456222628146,0.0,0.0
123.63916069431566,13611.26592258709,109.03445408428277,211.12560160145256,16285.80175528639,0.26872393502322467,291.28318492189516,0.3743245739142798,0.6,1.3569699349930187,1.0942134334856168,0.0,216.4038159523717,217.04213844880732,0.0,0.0
123.78920821943012,13594.916425356354,108.889923791868,211.21883363473057,16328.607529491486,0.26931132530216645,291.34749243826127,0.373745876034758,0.6,1.3569699349930187,1.0936999435060097,0.0,216.48306421757667,217.11969558266512,0.0,0.0
123.9392557445446,13578.58855759571,108.74615019119663,211.31194280485585,16371.469182053637,0.26989927539648717,291.4117010457432,0.3731701568638338,0.6,1.3569699349930187,1.0931951232780945,0.0,216.5622812349985,217.19723254827304,0.0,0.0
124.08930326965906,13562.282206727985,108.60312066523379,211.40492975190807,16414.38685853748,0.27048778717136135,291.47581125096303,0.3725973699125435,0.6,1.3569699349930187,1.0926987726377337,0.0,216.6414661381941,217.27474829699617,0.0,0.0
124.23935079477351,13545.997262048395,108.4608228884036,211.49779510530516,16457.36070169197,0.27107686245079454,291.539823552649,0.372027469752573,0.6,1.3569699349930187,1.0922106961972666,0.0,216.72061808602962,217.35224180985904,0.0,0.0
124.38939831988797,13529.73361464864,108.31924481333456,211.59053948423585,16500.390851596396,0.27166650301970446,291.6037384419437,0.3714604119689645,0.6,1.3569699349930187,1.0917307031096948,0.0,216.79973626157252,217.42971209625134,0.0,0.0
124.53944584500243,13513.491157421397,108.1783746726593,211.68316349763364,16543.47744559574,0.2722567106231127,291.6675564023962,0.37089615316491387,0.6,1.3569699349930187,1.0912586071237875,0.0,216.87881987198483,217.50715819381142,0.0,0.0
124.68949337011689,13497.269785030727,108.0382009748208,211.7756677443454,16586.620618326207,0.2728474869665708,291.7312779100881,0.3703346509458553,0.6,1.3569699349930187,1.0907942265236172,0.0,216.95786814803887,217.5845791678631,0.0,0.0
124.83954089523135,13481.069393812575,107.89871248657093,211.86805281369845,16629.82050192884,0.2734388337191618,291.794903434034,0.3697758638576207,0.6,1.3569699349930187,1.0903373838092136,0.0,217.03688034276345,217.66197410982946,0.0,0.0
124.98958842034581,13464.889881763962,107.75989823158733,211.9603192855618,16673.077226029105,0.27403075251329084,291.85843343623225,0.36921975138036106,0.6,1.3569699349930187,1.089887905688709,0.0,217.11585573114297,217.73934213688835,0.0,0.0
125.13963594546027,13448.731148546289,107.62174749240269,212.05246773032712,16716.390917679306,0.2746232449439693,291.9218683716619,0.36866627393389895,0.6,1.3569699349930187,1.089445623135646,0.0,217.19479361005745,217.8166823919072,0.0,0.0
125.28968347057473,13432.593095389666,107.48424979360756,212.1444987094541,16759.76170156665,0.2752163125717309,291.9852086886665,0.36811539281845684,0.6,1.3569699349930187,1.0890103710816745,0.0,217.27369329700156,217.89399404194143,0.0,0.0
125.4397309956892,13416.475625059584,107.34739489618812,212.23641277566017,16803.189700057064,0.2758099569232974,292.04845482909354,0.3675670701939091,0.6,1.3569699349930187,1.0885819883244514,0.0,217.3525541295249,217.97127627758388,0.0,0.0
125.58977852080366,13400.378641868605,107.21117280084434,212.32821047285356,16846.67503311837,0.27640417949059437,292.11160722825673,0.367021269090034,0.6,1.3569699349930187,1.0881603176109051,0.0,217.43137546527763,218.0485283130243,0.0,0.0
125.73982604591812,13384.302051613597,107.07557373730764,212.41989233649107,16890.217818444806,0.276998981732518,292.1746663151908,0.36647795336847294,0.6,1.3569699349930187,1.0877452054474674,0.0,217.5101566811505,218.12574938504184,0.0,0.0
125.88987357103258,13368.245761166318,106.94059397475118,212.51145889591257,16933.8181725263,0.27759436508959756,292.23763251426436,0.36593710760208586,0.6,1.3569699349930187,1.087336620333644,0.0,217.58889772716176,218.2029393735943,0.0,0.0
126.03992109614704,13352.209679899346,106.80619595929042,212.60291066620894,16977.476206731888,0.27819033093057777,292.3005062395966,0.36539860068440033,0.6,1.3569699349930187,1.0869338417597167,0.0,217.66759533415706,218.28009455187848,0.0,0.0
126.1899686212615,13336.19371977521,106.67244180679741,212.71990559014213,17020.640279410076,0.2787442184867223,292.38092134763355,0.36484063773766745,0.6,1.3569699349930187,1.0863719063513513,0.0,217.77191312023749,218.38287922434438,0.0,0.0
126.34001614637596,13320.197753705179,106.53973139086038,212.86402601090978,17063.27230557812,0.2792531985811048,292.4799504592765,0.3642633665096113,0.6,1.3569699349930187,1.085649248580851,0.0,217.90347102803028,218.51291788071794,0.0,0.0
126.49006367149042,13304.221620799339,106.40807931812245,213.00796846133696,17105.95827031898,0.2797626058199888,292.5788238262892,0.36369029694814614,0.6,1.3569699349930187,1.0849433387908884,0.0,218.03496660148977,218.64290818723475,0.0,0.0
126.64011119660488,13288.265164070363,106.27746125696474,213.151734353182,17148.69846473662,0.2802724435153869,292.6775425757533,0.36312133934723434,0.6,1.3569699349930187,1.0842537370995056,0.0,218.16639858505323,218.77284856575878,0.0,0.0
126.79015872171934,13272.328230179406,106.14785352308834,213.29532506536208,17191.493173507693,0.28078271489727935,292.7761078104448,0.36255640638481607,0.6,1.3569699349930187,1.0835800154998143,0.0,218.29776576551083,218.90273748960047,0.0,0.0
126.94020624683381,13256.410669269902,106.01923304917352,213.43874194544995,17234.342675219847,0.28129342311783045,292.87452060990745,0.36199541301301946,0.6,1.3569699349930187,1.0829217572742016,0.0,218.42906697005583,219.03257348115025,0.0,0.0
127.09025377194827,13240.512334866638,105.8915773662259,213.58198631058232,17277.247242540045,0.28180457125356984,292.97278203112097,0.3614382763890251,0.6,1.3569699349930187,1.0822785566388058,0.0,218.56030106487927,219.16235511019326,0.0,0.0
127.24030129706273,13224.633083867615,105.7648646032573,213.7250594475325,17320.207142135252,0.282316162304619,293.0708931085937,0.36088491586937455,0.6,1.3569699349930187,1.0816500187517453,0.0,218.6914669546761,219.29208099334704,0.0,0.0
127.39034882217719,13208.772776418227,105.63907346447365,213.86796261384302,17363.22263491248,0.28282819919771957,293.1688548551822,0.360335252926702,0.6,1.3569699349930187,1.0810357592770505,0.0,218.82256358111388,219.42174979220817,0.0,0.0
127.54039634729165,13192.931275767716,105.51418320266657,214.01069703911836,17406.293976312027,0.2833406847898877,293.26666826301823,0.3597892110535912,0.6,1.3569699349930187,1.080435403872769,0.0,218.95358992113256,219.55136021128982,0.0,0.0
127.6904438724061,13177.10844825449,105.39017361728462,214.15326392515647,17449.421416254143,0.283853621867935,293.36433430363866,0.3592467157517636,0.6,1.3569699349930187,1.0798485881682012,0.0,219.0845449864211,219.6809109974195,0.0,0.0
127.84049139752057,13161.304163251812,105.26702504535628,214.2956644464371,17492.60519919463,0.28436701314928764,293.46185392835883,0.35870769449665685,0.6,1.3569699349930187,1.0792749576006402,0.0,219.21542782259448,219.81040093875725,0.0,0.0
127.99053892263503,13145.518292995454,105.14471832950557,214.43789975167437,17535.8455645059,0.28488086128666806,293.5592280693737,0.3581720766231809,0.6,1.3569699349930187,1.0787141667971922,0.0,219.34623750731217,219.93982886249887,0.0,0.0
128.14058644774948,13129.750712534327,105.02323386557873,214.57927583038835,17579.130040886765,0.2853958871370777,293.6559819882586,0.35764036936859656,0.6,1.3569699349930187,1.0781685735164588,0.0,219.47627792761395,220.06849840142007,0.0,0.0
128.29063397286396,13114.00130069573,104.9025431971391,214.71789268069347,17622.423927220672,0.28591406153784227,293.75081662538923,0.3571140478935855,0.6,1.3569699349930187,1.0776450390751169,0.0,219.60364616484677,220.19450628412758,0.0,0.0
128.4406814979784,13098.269940220604,104.78262083757096,214.8563513380335,17665.774847146513,0.28643270296168033,293.84551248068294,0.35659084922884177,0.6,1.3569699349930187,1.077132921597822,0.0,219.73094062792256,220.32045060189293,0.0,0.0
128.59072902309288,13082.55651716995,104.66345065692522,214.99465280289414,17709.183011686004,0.2869518137351001,293.94007037220024,0.3560707137492197,0.6,1.3569699349930187,1.0766319328981908,0.0,219.85816057283114,220.44633039973476,0.0,0.0
128.74077654820732,13066.86091986592,104.54501704177433,215.13279805588203,17752.64862795093,0.28747139613427847,294.03449110316956,0.3555535836953632,0.6,1.3569699349930187,1.0761417943948435,0.0,219.98530529198868,220.5721447659074,0.0,0.0
128.8908240733218,13051.183038988618,104.42730406169876,215.27078805687188,17796.17189880664,0.287991452381153,294.12877546143204,0.3550394003370538,0.6,1.3569699349930187,1.075662219952006,0.0,220.1123740357196,220.69789274399025,0.0,0.0
129.04087159843627,13035.522767545015,104.31029636354735,215.40862374527978,17839.753022887762,0.28851198464372896,294.2229242196566,0.3545281070134186,0.6,1.3569699349930187,1.0751929342848778,0.0,220.23936609542213,220.82357342607804,0.0,0.0
129.1909191235507,13019.880000828482,104.19397899626198,215.54630604041878,17883.3921946409,0.28903299503670676,294.3169381356105,0.3540196485336267,0.6,1.3569699349930187,1.0747336693802183,0.0,220.36628078731795,220.94918593452206,0.0,0.0
129.3409666486652,13004.254636380156,104.07833740460366,215.6838358418382,17927.089604363704,0.2895544856220656,294.4108179524182,0.35351397115246114,0.6,1.3569699349930187,1.074284164389426,0.0,220.49311745191005,221.07472942128155,0.0,0.0
129.49101417377963,12988.64657385916,103.96335740506132,215.82121403046568,17970.845438501066,0.2900764584127103,294.5045643993675,0.3530110224847999,0.6,1.3569699349930187,1.0738441651649946,0.0,220.6198754526082,221.2002030662448,0.0,0.0
129.6410616988941,12973.05571501839,103.84902518170689,215.95844146881953,18014.659879649244,0.29059891537262794,294.5981781920797,0.3525107514887507,0.6,1.3569699349930187,1.073413424194806,0.0,220.7465541752839,221.3256060767046,0.0,0.0
129.79110922400855,12957.481963696302,103.73532728577675,216.09551900108067,18058.533106515682,0.2911218584165159,294.6916600325833,0.3520131084615934,0.6,1.3569699349930187,1.0729917006117993,0.0,220.8731530280359,221.4509376870865,0.0,0.0
129.94115674912302,12941.92522570272,103.62225061455796,216.23244745409716,18102.465294178586,0.2916452894129806,294.78501061002385,0.3515180449647815,0.6,1.3569699349930187,1.0725787597889074,0.0,220.99967143998882,221.5761971574812,0.0,0.0
130.09120427423747,12926.385408766377,103.5097824017765,216.3692276378456,18146.456614175702,0.2921692101856942,294.8782306010019,0.35102551378855434,0.6,1.3569699349930187,1.0721743731633253,0.0,221.12610886062373,221.7013837728377,0.0,0.0
130.24125179935194,12910.86242253485,103.39791021854451,216.5058603454311,18190.50723444666,0.2926936225128067,294.97132066959534,0.3505354689528039,0.6,1.3569699349930187,1.0717783182729095,0.0,221.25246475962615,221.8264968427934,0.0,0.0
130.3912993244664,12895.356178501946,103.2866219602707,216.64234635372605,18234.617319481044,0.29321852812880456,295.0642814678177,0.3500478656598631,0.6,1.3569699349930187,1.0713903785109131,0.0,221.3787386260896,221.9515357007039,0.0,0.0
130.54134684958086,12879.866589923777,103.17590583106748,216.7786864241084,18278.78703050215,0.29374392872679156,295.15711363614207,0.3495626602388402,0.6,1.3569699349930187,1.0710103428295135,0.0,221.50492996760067,222.07649970252805,0.0,0.0
130.69139437469534,12864.393571813383,103.0657503433676,216.91488130250855,18323.01652542874,0.2942698259581222,295.2498178035546,0.3490798101421445,0.6,1.3569699349930187,1.07063800574864,0.0,221.63103831003784,222.20138822659706,0.0,0.0
130.84144189980978,12848.937040912,102.9561443133394,217.05093171966178,18367.305958904046,0.29479622143283707,295.34239458774647,0.34859927392764145,0.6,1.3569699349930187,1.0702731672807708,0.0,221.75706319719535,222.3262006731621,0.0,0.0
130.99148942492425,12833.496915587362,102.84707684193253,217.1868383920032,18411.655482535414,0.29532311672259687,295.4348445957433,0.34812101119169875,0.6,1.3569699349930187,1.069915632565781,0.0,221.88300418974364,222.4509364631208,0.0,0.0
131.1415369500387,12818.073115815623,102.73853731179813,217.3226020218263,18456.065244897025,0.2958505133607977,295.52716842403214,0.34764498255668147,0.6,1.3569699349930187,1.0695652118246524,0.0,222.0088608649155,222.57559503764637,0.0,0.0
131.29158447515317,12802.665563177115,102.63051538745083,217.45822329731996,18500.53539149312,0.2963784128422163,295.6193666586057,0.34717114966954477,0.6,1.3569699349930187,1.069221720379115,0.0,222.1346328163713,222.70017585803205,0.0,0.0
131.44163200026762,12787.274180766752,102.52300099861768,217.59370289335675,18545.066064968396,0.29690681662558815,295.711439875517,0.34669947514298355,0.6,1.3569699349930187,1.0688849783316432,0.0,222.26031965328752,222.8246784045741,0.0,0.0
131.5916795253821,12771.898893153328,102.41598433276333,217.72904147185085,18589.65740518009,0.2974357261345395,295.80338864114003,0.34622992252807283,0.6,1.3569699349930187,1.0685548104297018,0.0,222.38592099986204,222.9491021759737,0.0,0.0
131.74172705049654,12756.539626381587,102.30945583628055,217.8642396817395,18634.30954914687,0.2979651427570557,295.8952135121751,0.34576245631655295,0.6,1.3569699349930187,1.0682310461052804,0.0,222.51143649523667,223.0734466892529,0.0,0.0
131.891774575611,12741.196307915709,102.20340620428244,217.99929815948005,18679.022631168697,0.2984950678469778,295.9869150360033,0.3452970419042024,0.6,1.3569699349930187,1.0679135192839118,0.0,222.6368657929032,223.19771147902816,0.0,0.0
132.04182210072548,12725.868866573597,102.0978263683195,218.1342175296281,18723.796782975267,0.29902550272583234,296.0784937510958,0.3448336455472178,0.6,1.3569699349930187,1.0676020681507503,0.0,222.76220856001024,223.32189609666375,0.0,0.0
132.19186962583993,12710.557232524083,101.9927074963813,218.2689984048618,18768.63213369315,0.2995564486825112,296.16995018704614,0.3443722343606021,0.6,1.3569699349930187,1.067296535165137,0.0,222.8874644772382,223.44600011012875,0.0,0.0
132.3419171509544,12695.261337265763,101.88804098957984,218.4036413861678,18813.52880986642,0.3000879069735844,296.26128486471254,0.34391277630523653,0.6,1.3569699349930187,1.0669967670081786,0.0,223.0126332385379,223.57002310368122,0.0,0.0
132.49196467606885,12679.981113546999,101.78381846713796,218.53814706354524,18858.48693565153,0.30061987882567376,296.3524982967105,0.34345524013511497,0.6,1.3569699349930187,1.0667026142924307,0.0,223.13771455033404,223.69396467689057,0.0,0.0
132.64201220118332,12664.716495352399,101.68003176411017,218.67251601612423,18903.506632818895,0.30115236543553453,296.44359098750846,0.3429995953880978,0.6,1.3569699349930187,1.0664139315292491,0.0,223.2627081313033,223.81782444437422,0.0,0.0
132.79205972629777,12649.467417901646,101.57667293195249,218.80674881217607,18948.588020718507,0.30168536796971157,296.53456343344857,0.34254581238638443,0.6,1.3569699349930187,1.066130577154442,0.0,223.38761371230405,223.9416020357178,0.0,0.0
132.94210725141224,12634.233817578797,101.47373422530566,218.94084600973537,18993.731216451797,0.3022188875666338,296.62541612318324,0.34209386219003374,0.6,1.3569699349930187,1.0658524132731757,0.0,223.51243103567754,224.0652970946164,0.0,0.0
133.09215477652668,12619.015631900676,101.37120809615132,219.0748081568778,19038.936334929702,0.3027529253373584,296.7161495378768,0.34164371657569975,0.6,1.3569699349930187,1.0655793055539786,0.0,223.63715985487704,224.1889092784254,0.0,0.0
133.24220230164116,12603.812799520398,101.26908719515869,219.20863579168895,19084.203488827516,0.30328748236509545,296.8067641511976,0.3411953480398808,0.6,1.3569699349930187,1.065311123269349,0.0,223.76179993443995,224.3124382581329,0.0,0.0
133.39224982675563,12588.625260183388,101.16736436369096,219.34232944265116,19129.5327886813,0.30382255970640326,296.8972604295936,0.3407487297703842,0.6,1.3569699349930187,1.0650477391458741,0.0,223.88635104953914,224.43588371781001,0.0,0.0
133.54229735187008,12573.4529546756,101.06603262406252,219.47588962909919,19174.92434300936,0.30435815839267744,296.9876388326131,0.34030383561190886,0.6,1.3569699349930187,1.064789029177879,0.0,224.01081298545245,224.55924535396124,0.0,0.0
133.69234487698455,12558.295824822657,100.96508517981862,219.60931686122737,19220.378258282813,0.30489427942985564,297.0778998129221,0.3398606400657842,0.6,1.3569699349930187,1.0645348726453476,0.0,224.13518553748872,224.68252287544053,0.0,0.0
133.842392402099,12543.15381347457,100.86451541338096,219.7426116402241,19265.894638939677,0.3054309237986371,297.16804381640776,0.3394191182807519,0.6,1.3569699349930187,1.0642851520782393,0.0,224.25946851080653,224.8057160032318,0.0,0.0
133.99243992721347,12528.026864442343,100.76431687407211,219.8757744588295,19311.47358754432,0.3059680924564131,297.25807128256685,0.3389792460110791,0.6,1.3569699349930187,1.064039753023472,0.0,224.38366171979763,224.9288244696906,0.0,0.0
134.1424874523279,12512.91492248805,100.66448327644339,220.0088058014226,19357.11520478809,0.30650578633732295,297.3479826445766,0.33854099960976963,0.6,1.3569699349930187,1.0637985640220644,0.0,224.5077649879288,225.05184801835603,0.0,0.0
134.2925349774424,12497.817933325876,100.56500850113753,220.1417061440119,19402.81958945668,0.3070440063519174,297.43777832929925,0.3381043560303897,0.6,1.3569699349930187,1.063561476638498,0.0,224.63177814771544,225.17478640392252,0.0,0.0
134.44258250255683,12482.735843566094,100.46588658432397,220.2744759547285,19448.586838571053,0.3075827533888662,297.52745875762645,0.337669292790102,0.6,1.3569699349930187,1.063328385255471,0.0,224.7557010401789,225.29763939157166,0.0,0.0
134.5926300276713,12467.668600690331,100.36711171310321,220.40711569404343,19494.417047435083,0.3081220283155633,297.6170243446367,0.3372357879530419,0.6,1.3569699349930187,1.0630991869903177,0.0,224.87953351456662,225.42040675663236,0.0,0.0
134.74267755278575,12452.61615305628,100.2686782269585,220.53962581472607,19540.31030959432,0.30866183197768576,297.7064754995774,0.33680382013424104,0.6,1.3569699349930187,1.0628737817356682,0.0,225.00327542835544,225.5430882845896,0.0,0.0
134.89272507790022,12437.578449863295,100.17058061146889,220.67200676214682,19586.266716914164,0.3092021652001571,297.79581262607957,0.3363733684772988,0.6,1.3569699349930187,1.0626520720410066,0.0,225.12692664691087,225.66568377066585,0.0,0.0
135.0427726030147,12422.555441111368,100.07281349052157,220.80425897463797,19632.286359679667,0.30974302878836224,297.88503612241135,0.3359444126270182,0.6,1.3569699349930187,1.0624339629626782,0.0,225.25048704307554,225.788193019316,0.0,0.0
135.19282012812914,12407.547077601748,99.97537162679592,220.93638288348822,19678.369326569078,0.3102844235278775,297.97414638148365,0.3355169327301359,0.6,1.3569699349930187,1.0622193620838554,0.0,225.3739564971305,225.91061584418486,0.0,0.0
135.34286765324362,12392.553310926116,99.87824992014473,221.0683789130376,19724.51570466224,0.31082635018460847,298.06314379092373,0.33509090942892383,0.6,1.3569699349930187,1.0620081794913339,0.0,225.4973348966712,226.03295206795647,0.0,0.0
135.49291517835806,12377.574093416071,99.7814433979616,221.20024748112215,19770.725579572278,0.3113688095063764,298.1520287333845,0.3346663238276632,0.6,1.3569699349930187,1.061800327586629,0.0,225.62062213612455,226.15520152175912,0.0,0.0
135.64296270347253,12362.609378135861,99.68494721397116,221.33198899913756,19816.99903544523,0.31191180222295045,298.2408015865958,0.3342431574877158,0.6,1.3569699349930187,1.0615957210702494,0.0,225.74381811663667,226.2773640450318,0.0,0.0
135.79301022858698,12347.659118885198,99.5887566493074,221.4636038720144,19863.336154928726,0.31245532904571677,298.32946272335687,0.33382139243034403,0.6,1.3569699349930187,1.061394276973461,0.0,225.86692274607557,226.39943948552997,0.0,0.0
135.94305775370145,12332.723270154458,99.4928671039994,221.59509249861227,19909.737019288463,0.3129993906690811,298.4180125118103,0.3334010111070686,0.6,1.3569699349930187,1.0611959144914935,0.0,225.9899359386056,226.52142769880135,0.0,0.0
136.0931052788159,12317.801787342956,99.39726973598165,221.72645526979807,19956.201707706467,0.3135439877622801,298.5064513141567,0.33298198179098354,0.6,1.3569699349930187,1.0610004618638325,0.0,226.11285722780175,226.64332811474395,0.0,0.0
136.24315280393037,12302.894626401905,99.30197597318971,221.85803464379237,20002.665089685845,0.31408761277777547,298.5950096834909,0.33256408430418605,0.6,1.3569699349930187,1.0608030859463924,0.0,226.23603000514206,226.76548423769964,0.0,0.0
136.39320032904484,12288.001737553692,99.20704322157283,221.99497719478393,20048.143554031874,0.31460753626880833,298.6871498091041,0.33214366029799974,0.6,1.3569699349930187,1.0605284382844757,0.0,226.36460582469698,226.89304822398245,0.0,0.0
136.5432478541593,12273.123063912339,99.11250683599526,222.1317896741373,20093.68207514641,0.3151279450948688,298.77917404309903,0.33172495088863935,0.6,1.3569699349930187,1.0602591375083128,0.0,226.49309445801637,227.02053021038924,0.0,0.0
136.69329537927376,12258.258544980776,99.01837069368051,222.26847263631177,20139.280777943804,0.3156488404437938,298.87108286530105,0.331307966446213,0.6,1.3569699349930187,1.0599952886141404,0.0,226.62149670064142,227.14793102161656,0.0,0.0
136.8433429043882,12243.408121454138,98.92462454826507,222.4050266248161,20184.93978482656,0.3161702234732291,298.9628767474514,0.33089267010175166,0.6,1.3569699349930187,1.0597366941384663,0.0,226.74981209566994,227.27525007977715,0.0,0.0
136.99339042950268,12228.571737561622,98.83120420380715,222.51192072701875,20230.19910552548,0.31672692265499897,299.03471309442403,0.3305007742448949,0.6,1.3569699349930187,1.0595985128423173,0.0,226.84850399940908,227.37295004809053,0.0,0.0
137.14343795461713,12213.749359685262,98.7379252608363,222.6042054049898,20275.29069488702,0.3173012854438065,299.0967175510299,0.33012039071940097,0.6,1.3569699349930187,1.0595171991814927,0.0,226.9326066256963,227.45606317540904,0.0,0.0
137.2934854797316,12198.940968566736,98.64477336257386,222.69640342982163,20320.44030847848,0.31787620357581237,299.15865095378973,0.32974066786325784,0.6,1.3569699349930187,1.0594351090888885,0.0,227.0166414529517,227.53911078382308,0.0,0.0
137.44353300484605,12184.146545057945,98.55174962263972,222.7885149195205,20365.6479445032,0.3184516768356214,299.2205134260695,0.3293616085816576,0.6,1.3569699349930187,1.0593522726389655,0.0,227.10060866510827,227.62209306523854,0.0,0.0
137.59358052996052,12169.366069849028,98.45885511144809,222.88053999310327,20410.913601680702,0.3190277050148915,299.2823050917613,0.3289832156340154,0.6,1.3569699349930187,1.0592687190911465,0.0,227.18450844300781,227.705010207974,0.0,0.0
137.743628055075,12154.599523473194,98.36609085702943,222.97247877056716,20456.237279238423,0.3196042879122159,299.34402607526266,0.3286054916368958,0.6,1.3569699349930187,1.059184476902739,0.0,227.26834096446163,227.78786239683254,0.0,0.0
137.89367558018944,12139.846886308904,98.27345784541446,223.06433137287624,20501.618976911126,0.320181425333103,299.4056765014672,0.32822843906545934,0.6,1.3569699349930187,1.059099573732842,0.0,227.35210640428903,227.87064981314646,0.0,0.0
138.0437231053039,12125.108138592388,98.18095702306353,223.15609792188357,20547.058694909025,0.3207591170895599,299.4672564957124,0.3278520602617844,0.6,1.3569699349930187,1.0590140364891256,0.0,227.43580493446993,227.9533726349578,0.0,0.0
138.19377063041836,12110.383260422306,98.0885892976887,223.24777854030216,20592.55643390924,0.3213373629999726,299.5287661837597,0.3274763574377752,0.6,1.3569699349930187,1.0589278913411766,0.0,227.51943672420452,228.0360310370887,0.0,0.0
138.34381815553283,12095.67223176071,97.99635553837783,223.33937335169895,20638.11219505848,0.3219161628891282,299.5902056917906,0.32710133267572017,0.6,1.3569699349930187,1.0588411637193353,0.0,227.60300193993535,228.11862519116679,0.0,0.0
138.49386568064727,12080.97503244224,97.90425657738405,223.4308824804376,20683.7259799505,0.3224955165879184,299.6515751463677,0.32672698793444277,0.6,1.3569699349930187,1.0587538783485242,0.0,227.68650074546218,228.2011552657612,0.0,0.0
138.64391320576175,12066.291642182714,97.81229321177685,223.522306051625,20729.39779060486,0.32307542393305877,299.7128746743994,0.3263533250549803,0.6,1.3569699349930187,1.058666059279352,0.0,227.7699333020484,228.2836214265078,0.0,0.0
138.7939607308762,12051.622040578768,97.72046620327563,223.61364419111362,20775.127629473252,0.3236558847671591,299.7741044031408,0.3259803457601516,0.6,1.3569699349930187,1.0585777298811898,0.0,227.85329976842382,228.36602383611248,0.0,0.0
138.94400825599067,12036.966207112804,97.62877627921155,223.7048970254706,20820.915499429266,0.32423689893858326,299.8352644601734,0.325608051657911,0.6,1.3569699349930187,1.0584889128590103,0.0,227.93660030085286,228.44836265443112,0.0,0.0
139.0940557811051,12022.324121165064,97.53722413490546,223.79606468190255,20866.76140373582,0.3248184663010264,299.8963549733542,0.3252364442494529,0.6,1.3569699349930187,1.0583996303001593,0.0,228.01983505328008,228.53063803864183,0.0,0.0
139.24410330621959,12007.695762013063,97.44581043346592,223.8871472882593,20912.665346051628,0.3254005867135876,299.9573760708187,0.3248655249286464,0.6,1.3569699349930187,1.0583099036669845,0.0,228.10300417733026,228.61285014324457,0.0,0.0
139.39415083133406,11993.081108833254,97.35453580608463,223.9781449730233,20958.627330430572,0.3259832600407525,300.0183278809736,0.32449529498313895,0.6,1.3569699349930187,1.0582197537999674,0.0,228.18610782233725,228.69499912009493,0.0,0.0
139.5441983564485,11978.480140713173,97.26340085445747,224.0690578652341,21004.64736128833,0.32656648615196116,300.0792105324461,0.324125755602589,0.6,1.3569699349930187,1.0581292009657999,0.0,228.26914613549147,228.77708511857838,0.0,0.0
139.69424588156298,11963.892836653598,97.17240615115425,224.15988609447498,21050.725443399737,0.3271502649215663,300.14002415407543,0.32375690788000755,0.6,1.3569699349930187,1.0580382648623414,0.0,228.35211926187088,228.85910828564678,0.0,0.0
139.84429340667742,11949.319175567682,97.0815522393849,224.2506297908783,21096.861581905894,0.32773459622891477,300.20076887491604,0.3233887528110751,0.6,1.3569699349930187,1.05794696461087,0.0,228.43502734443885,228.94106876581517,0.0,0.0
139.9943409317919,11934.759136289798,96.9908396347787,224.34128908507037,21143.055782290176,0.32831947995803473,300.26144482420113,0.32302129130020496,0.6,1.3569699349930187,1.0578553187909465,0.0,228.51787052415477,229.02296670129255,0.0,0.0
140.14438845690634,11920.212697582772,96.90026882680166,224.43186410812655,21189.308050359563,0.3289049159973925,300.32205213131255,0.32265452416538853,0.6,1.3569699349930187,1.0577633454678217,0.0,228.60064894006274,229.1048022320868,0.0,0.0
140.29443598202081,11905.67983813498,96.8098402781099,224.52235499158922,21235.618392257285,0.3294909042400435,300.382590925793,0.32228845213611584,0.6,1.3569699349930187,1.057671062176172,0.0,228.6833627292653,229.18657549597285,0.0,0.0
140.44448350713526,11891.160536564888,96.7195544254506,224.61276186743956,21281.986814452426,0.33007744458349375,300.44306133732744,0.32192307585648355,0.6,1.3569699349930187,1.0575784859366857,0.0,228.76601202698387,229.2682866285639,0.0,0.0
140.59453103224973,11876.654771432472,96.6294116819704,224.70308486802645,21328.413323707027,0.33066453692927616,300.5034634956955,0.3215583958930129,0.6,1.3569699349930187,1.0574856333026477,0.0,228.84859696669662,229.34993576347483,0.0,0.0
140.7445785573642,11862.162521236156,96.53941243652741,224.79332412608554,21374.89792708925,0.3312521811831098,300.56379753078437,0.3211944127324238,0.6,1.3569699349930187,1.0573925203430221,0.0,228.93111768010863,229.431523032286,0.0,0.0
140.89462608247865,11847.683764413623,96.449557053837,224.88347977473418,21421.440631974252,0.33184037725490406,300.6240635725859,0.32083112678220177,0.6,1.3569699349930187,1.0572991626432406,0.0,229.0135742971695,229.51304856456392,0.0,0.0
141.04467360759313,11833.218479353662,96.35984587688353,224.9735519473977,21468.041446009374,0.3324291250583113,300.68426175114723,0.3204685383787496,0.6,1.3569699349930187,1.0572055753543,0.0,229.09596694621598,229.59451248803,0.0,0.0
141.19472113270757,11818.766644396439,96.27027922693226,225.06354077780762,21514.700377116296,0.3330184245107479,300.7443921965701,0.32010664778749676,0.6,1.3569699349930187,1.0571117731909248,0.0,229.17829575398054,229.67591492857022,0.0,0.0
141.34476865782204,11804.328237831161,96.1808574030204,225.15344640001635,21561.417433501836,0.33360827553352446,300.8044550390207,0.3197454552012659,0.6,1.3569699349930187,1.0570177704186323,0.0,229.2605608455715,229.75725601021122,0.0,0.0
141.4948161829365,11789.90323790475,96.09158068372874,225.24326894834303,21608.192623632563,0.33419867805151793,300.8644504086936,0.31938496074627015,0.6,1.3569699349930187,1.0569235808894635,0.0,229.3427623445792,229.83853585524596,0.0,0.0
141.64486370805096,11775.491622827898,96.00244932840954,225.33300855733597,21655.025956218302,0.33478963199295814,300.9243784357874,0.319025164486283,0.6,1.3569699349930187,1.0568292180663075,0.0,229.4249003731518,229.91975458432287,0.0,0.0
141.7949112331654,11761.093370770332,95.91346357616945,225.422665361802,21701.91744022992,0.33538113728964597,300.9842392505242,0.3186660664192981,0.6,1.3569699349930187,1.0567346949992686,0.0,229.50697505194574,230.00091231638723,0.0,0.0
141.94495875827988,11746.70845986497,95.82462364672453,225.51223949678064,21748.867084888803,0.3359731938768149,301.04403298313275,0.3183076664804497,0.6,1.3569699349930187,1.0566400243420806,0.0,229.58898650018125,230.08200916874605,0.0,0.0
142.09500628339435,11732.336868218872,95.73592974264957,225.601731097476,21795.8748996333,0.3365658016927015,301.1037597638034,0.31794996454959007,0.6,1.3569699349930187,1.0565452183984803,0.0,229.67093483577307,230.16304525722322,0.0,0.0
142.2450538085088,11717.978573908214,95.6473820483111,225.69114029928792,21842.940894137944,0.3371589606787836,301.16341972270897,0.31759296044777546,0.6,1.3569699349930187,1.056450289097685,0.0,229.7528201752783,230.24402069609704,0.0,0.0
142.39510133362327,11703.633554978513,95.55898072990026,225.78046723781068,21890.065078314754,0.3377526707797897,301.22301299000435,0.3172366539374309,0.6,1.3569699349930187,1.056355247993345,0.0,229.83464263390505,230.32493559811033,0.0,0.0
142.54514885873772,11689.30178945621,95.47072593783517,225.86971204876076,21937.24746227782,0.33834693194324905,301.2825396957787,0.31688104473042855,0.6,1.3569699349930187,1.0562601063134975,0.0,229.91640232565152,230.40579007463464,0.0,0.0
142.6951963838522,11674.983255347452,95.38261780649013,225.9588748679846,21984.488056349237,0.3389417441195601,301.3419999700609,0.3165261324872293,0.6,1.3569699349930187,1.0561648749532195,0.0,229.99809936329692,230.48658423565962,0.0,0.0
142.84524390896664,11660.67793063472,95.29465645347719,226.04795583147944,22031.786871072327,0.33953710726215264,301.40139394283364,0.31617191681453066,0.6,1.3569699349930187,1.0560695644576243,0.0,230.07973385836806,230.56731818975274,0.0,0.0
142.9952914340811,11646.385793285297,95.20684198141201,226.13695507534058,22079.143917185997,0.34013302132716045,301.4607217439987,0.31581839727121047,0.6,1.3569699349930187,1.055974185058355,0.0,230.16130592124279,230.64799204418168,0.0,0.0
143.14533895919556,11632.106821256455,95.11917447898885,226.2258727357292,22126.559205609203,0.34072948627322047,301.5199835033561,0.3154655733719557,0.6,1.3569699349930187,1.0558787466953505,0.0,230.24281566121437,230.7286059049904,0.0,0.0
143.29538648431003,11617.840992489286,95.0316540196787,226.3147089489107,22174.032747463316,0.3413265020617501,301.5791793506297,0.3151134445829583,0.6,1.3569699349930187,1.055783258987396,0.0,230.3242631864255,230.80915987692063,0.0,0.0
143.44543400942447,11603.588284912645,94.94428066255107,226.4034638512301,22221.564554060933,0.34192406865680164,301.6383094154514,0.314762010324699,0.6,1.3569699349930187,1.055687731248445,0.0,230.40564860391933,230.88965406347182,0.0,0.0
143.59548153453895,11589.34867645362,94.85705445447223,226.4921375790469,22269.154636872732,0.3425221860246417,301.69737382731785,0.31441126997931856,0.6,1.3569699349930187,1.0555921725338306,0.0,230.4869720197647,230.97008856704966,0.0,0.0
143.74552905965342,11575.1221450311,94.76997542874477,226.58073026877514,22316.80300755044,0.3431208541340353,301.75637271561783,0.31406122288611343,0.6,1.3569699349930187,1.0554965916096248,0.0,230.56823353898687,231.0504634888834,0.0,0.0
143.89557658476787,11560.908668555534,94.683043605056,226.66924205688483,22364.509677929418,0.3437200729562749,301.8153062096336,0.3137118683414003,0.6,1.3569699349930187,1.0554009969502418,0.0,230.6494332655697,231.13077892902814,0.0,0.0
144.04562410988234,11546.708224940277,94.59625899187101,226.75767307983133,22412.27465999208,0.3443198424647159,301.8741744384939,0.31336320560652914,0.6,1.3569699349930187,1.055305396789065,0.0,230.73057130259156,231.21103498652576,0.0,0.0
144.19567163499678,11532.520792099269,94.50962158593947,226.84602347406982,22460.09796587696,0.34492016263488734,301.93297753118446,0.31301523390626734,0.6,1.3569699349930187,1.0552097991066638,0.0,230.81164775220233,231.29123175937752,0.0,0.0
144.34571916011126,11518.346347942856,94.42313137141853,226.93429337608126,22507.979607894475,0.3455210334446862,301.9917156165655,0.31266795242590767,0.6,1.3569699349930187,1.0551142116106305,0.0,230.89266271558085,231.3713693444929,0.0,0.0
144.4957666852257,11504.18487038613,94.33678832163532,227.0224829223205,22555.919598500004,0.34612245487403526,302.0503888233374,0.3123213603171715,0.6,1.3569699349930187,1.055018641772717,0.0,230.97361629303515,231.45144783780853,0.0,0.0
144.64581421034018,11490.036337353395,94.25059240003752,227.11059224918841,22603.917950279974,0.3467244269047051,302.1089972800231,0.311975456701401,0.6,1.3569699349930187,1.0549230968485073,0.0,231.0545085840583,231.53146733435403,0.0,0.0
144.79586173545462,11475.900726770971,94.16454355867482,227.19862149307676,22651.97467597751,0.3473269495206332,302.16754111499785,0.31163024066452594,0.6,1.3569699349930187,1.0548275838433878,0.0,231.13533968725014,231.6114279281589,0.0,0.0
144.9459092605691,11461.778016570928,94.07864173899674,227.28657079034494,22700.089788481062,0.34793002270777657,302.22602045647454,0.3112857112597477,0.6,1.3569699349930187,1.0547321095288706,0.0,231.21610970036497,231.69132971230863,0.0,0.0
145.09595678568357,11447.668184701226,93.99288687400731,227.3744402772567,22748.2633007908,0.34853364645368834,302.2844354324618,0.310941867514736,0.6,1.3569699349930187,1.054636680488619,0.0,231.296818720432,231.77117277908764,0.0,0.0
145.246004310798,11433.571209118172,93.9072788866778,227.46223009002725,22796.495226045405,0.34913782074784966,302.3427861707961,0.3105987084263646,0.6,1.3569699349930187,1.0545413030829687,0.0,231.37746684367318,231.8509572198813,0.0,0.0
145.3960518359125,11419.487067785487,93.82181769962276,227.5499403648291,22844.785577526523,0.34974254558172313,302.40107279914577,0.3102562329927283,0.6,1.3569699349930187,1.0544459836655955,0.0,231.4580541663191,231.93068312608978,0.0,0.0
145.54609936102693,11405.415738685797,93.73650315905621,227.63757123772024,22893.134368620056,0.35034782094826394,302.45929544496374,0.3099144399617658,0.6,1.3569699349930187,1.0543507268712646,0.0,231.53858077820757,232.01035058196126,0.0,0.0
145.6961468861414,11391.357199843256,93.6513349292908,227.73013103413706,22942.055016784518,0.3509537824943993,302.52078073804313,0.30956992343076345,0.6,1.3569699349930187,1.0542559407299246,0.0,231.62405494353223,232.09496784428296,0.0,0.0
145.84619441125585,11377.31142933276,93.56631257885716,227.82343500871374,22991.12089317128,0.3515603240073946,302.5827477261611,0.30922553675642855,0.6,1.3569699349930187,1.0541613029097343,0.0,231.71029184788534,232.18035009029754,0.0,0.0
145.99624193637032,11363.278405285288,93.4814358719993,227.91665472145212,23040.247253061083,0.35216742359218867,302.6446460818837,0.30888184239250316,0.6,1.3569699349930187,1.054066750153143,0.0,231.7964629986595,232.2656688210353,0.0,0.0
146.14628946148477,11349.258105859863,93.39670468966901,228.00979031632335,23089.434112039966,0.3527750812527435,302.7064759428816,0.30853883914691094,0.6,1.3569699349930187,1.0539722877244153,0.0,231.8825684970231,232.35092413248822,0.0,0.0
146.29633698659924,11335.250509230067,93.31211889437274,228.10284193720548,23138.68148581473,0.3533832969947049,302.7682374466048,0.3081965257694145,0.6,1.3569699349930187,1.0538779204687345,0.0,231.96860844261533,232.43611611894548,0.0,0.0
146.44638451171372,11321.255593526275,93.22767891102116,228.19580972826705,23187.989390417362,0.35399207082792195,302.82993073053757,0.30785490286948053,0.6,1.3569699349930187,1.0537836659490203,0.0,232.05458298202032,232.5212449272833,0.0,0.0
146.59643203682816,11307.273337150484,93.14338213792063,228.28869383187583,23237.35784109548,0.3546014027527481,302.89155593081125,0.3075139610666371,0.6,1.3569699349930187,1.0536894732552504,0.0,232.14049200962958,232.60631042190417,0.0,0.0
146.74647956194264,11293.303718341069,93.05923099538717,228.37982423436546,23286.561710551912,0.35521045615406305,302.9520054318806,0.3071748307548726,0.6,1.3569699349930187,1.0535929235103316,0.0,232.2246656796141,232.6896427772765,0.0,0.0
146.89652708705708,11279.34671474739,92.97523397310958,228.46762457810985,23335.386623980383,0.3558184316443265,303.0102345996263,0.30683859274905245,0.6,1.3569699349930187,1.0534918636935309,0.0,232.3055283025902,232.7696663848307,0.0,0.0
147.04657461217155,11265.402303067005,92.89139197862173,228.55534609333247,23384.269934902477,0.35642695305821775,303.0684003156847,0.30650305964549057,0.6,1.3569699349930187,1.053391148076186,0.0,232.3863311491522,232.84963252004343,0.0,0.0
147.196622137286,11251.470460085086,92.80770435359052,228.64298892503598,23433.211662667094,0.35703602046515936,303.12650271270195,0.30616822852191206,0.6,1.3569699349930187,1.0532907704734993,0.0,232.46707427542597,232.9295412282921,0.0,0.0
147.34666966240047,11237.551162673271,92.72417059617086,228.7305532176824,23482.211826539668,0.3576456339336246,303.1845419228244,0.30583409697640124,0.6,1.3569699349930187,1.053190728203792,0.0,232.54775775014042,233.0093925691469,0.0,0.0
147.49671718751492,11223.644387780523,92.64079020892571,228.818039115251,23531.27044573289,0.3582557935315207,303.2425180777377,0.30550066262534065,0.6,1.3569699349930187,1.0530910186464402,0.0,232.62838164211647,233.08918660233945,0.0,0.0
147.6467647126294,11209.750112435062,92.55756269931237,228.9054467612257,23580.387539398485,0.3588664993260872,303.3004313086595,0.3051679231049935,0.6,1.3569699349930187,1.0529916392530598,0.0,232.70894602029202,233.16892338779235,0.0,0.0
147.79681223774384,11195.86831373334,92.47448757735638,228.99277629866475,23629.563126664932,0.3594777513843658,303.3582817463858,0.3048358760637598,0.6,1.3569699349930187,1.0528925874963813,0.0,232.7894509535982,233.2486029854722,0.0,0.0
147.9468597628583,11181.998968843049,92.391564356338,229.08002787018154,23678.79722662572,0.3600895497730542,303.4160695212794,0.3045045191644285,0.6,1.3569699349930187,1.052793860885706,0.0,232.86989651099478,233.32822545543144,0.0,0.0
148.09690728797278,11168.142055012015,92.30879255477045,229.16720161788885,23728.08985830671,0.3607018945581014,303.4737947632334,0.30417385009070935,0.6,1.3569699349930187,1.0526954570111557,0.0,232.95028276157495,233.40779085793255,0.0,0.0
148.24695481308723,11154.297549556688,92.22617169397812,229.25429768347107,23777.44104070553,0.3613147858051976,303.53145760171975,0.3038438665391748,0.6,1.3569699349930187,1.0525973734903158,0.0,233.03060977443636,233.48729925329494,0.0,0.0
148.3970023382017,11140.465429860371,92.14370129774147,229.34131620819542,23826.850792797133,0.36192822357984356,303.58905816579755,0.3035145662180601,0.6,1.3569699349930187,1.0524996079605922,0.0,233.1108776186618,233.56675070187168,0.0,0.0
148.54704986331615,11126.645673383693,92.06138089462128,229.42825733284607,23876.31913349507,0.36254220794686975,303.64659658406975,0.3031859468549403,0.6,1.3569699349930187,1.0524021581311829,0.0,233.1910863634416,233.646145264195,0.0,0.0
148.69709738843062,11112.838257658304,91.9792100166547,229.51512119776362,23925.846081672764,0.3631567389707012,303.7040729847103,0.30285800619238096,0.6,1.3569699349930187,1.0523050217544685,0.0,233.27123607800445,233.7254830008936,0.0,0.0
148.84714491354507,11099.043160280076,91.89718819791788,229.60190794288815,23975.43165618713,0.3637718167156517,303.76148749549304,0.3025307419831534,0.6,1.3569699349930187,1.0522081965942731,0.0,233.35132683154117,233.8047639726022,0.0,0.0
148.99719243865954,11085.260358916828,91.81531497624923,229.68861770771025,24025.075875849307,0.3643874412455593,303.8188402437602,0.3022041519959193,0.6,1.3569699349930187,1.052111680464501,0.0,233.43135869329484,233.88398824006842,0.0,0.0
149.14723996377398,11071.4898313103,91.7335898937333,229.77525063125898,24074.7787594168,0.36500361262369074,303.8761313564148,0.3018782340168054,0.6,1.3569699349930187,1.0520154712403138,0.0,233.51133173258614,233.96315586418282,0.0,0.0
149.29728748888846,11057.731555265385,91.65201249441753,229.86180685216925,24124.54032563097,0.3656203309132063,303.9333609599663,0.30155298584182016,0.6,1.3569699349930187,1.0519195668074621,0.0,233.59124601869297,234.04226690583556,0.0,0.0
149.44733501400293,11043.985508653233,91.57058232501232,229.94828650866242,24174.360593204852,0.36623759617700863,303.99052918051797,0.30122840527914996,0.6,1.3569699349930187,1.0518239650781167,0.0,233.67110162088645,234.12132142595925,0.0,0.0
149.59738253911738,11030.251669420006,91.48929893685934,230.03468973849132,24224.23958079042,0.3668554084773377,304.0476361437314,0.3009044901556476,0.6,1.3569699349930187,1.0517286640352137,0.0,233.75089860853444,234.20031948565153,0.0,0.0
149.74743006423185,11016.530015575652,91.40816188354356,230.12101667901064,24274.17730701815,0.36747376787626157,304.1046819748736,0.30058123830890604,0.6,1.3569699349930187,1.0516336616793538,0.0,233.8306370509757,234.27926114602573,0.0,0.0
149.8974775893463,11002.820525192274,91.32717072055937,230.20726746718734,24324.1737905019,0.36809267443573634,304.1616667988247,0.30025864758613385,0.6,1.3569699349930187,1.0515389560214963,0.0,233.91031701750194,234.35814646818918,0.0,0.0
150.04752511446077,10989.123176414481,91.24632500763207,230.29344223953544,24374.22904980033,0.3687121282171295,304.2185907400352,0.29993671585181014,0.6,1.3569699349930187,1.0514445451352794,0.0,233.98993857747945,234.43697551338767,0.0,0.0
150.1975726395752,10975.437947453247,91.16562430742569,230.37954113215463,24424.343103438074,0.369332129281482,304.2754539225523,0.29961544098338677,0.6,1.3569699349930187,1.0513504271283662,0.0,234.06950180028093,234.51574834292418,0.0,0.0
150.3476201646897,10961.764816579293,91.08506818413696,230.465564280772,24474.515969929038,0.3699526776897966,304.3322564700481,0.29929482086661885,0.6,1.3569699349930187,1.0512566001110868,0.0,234.14900675521196,234.59446501807167,0.0,0.0
150.49766768980413,10948.103762130817,91.00465620522445,230.55151182069326,24524.747667747,0.3705737735026746,304.3889985057878,0.2989748534012606,0.6,1.3569699349930187,1.0511630622354953,0.0,234.22845351160078,234.6731256001793,0.0,0.0
150.6477152149186,10934.454762515397,90.92438794188608,230.63738388679084,24575.038215317807,0.37119541678021983,304.4456801526228,0.2986555365026183,0.6,1.3569699349930187,1.0510698117064483,0.0,234.30784213882325,234.75173015070214,0.0,0.0
150.79776274003308,10920.817796198558,90.84426300053427,230.72318061357572,24625.38763106001,0.3718176075825406,304.5023015330383,0.29833686820484584,0.6,1.3569699349930187,1.0509768475116505,0.0,234.38717270891178,234.8302787341167,0.0,0.0
150.94781026514752,10907.192841405142,90.7642838719326,230.80890213707642,24675.795934490478,0.37244034598340686,304.558862770394,0.2980188560145745,0.6,1.3569699349930187,1.0508842354389925,0.0,234.46644552804545,234.9087716771793,0.0,0.0
151.097857790262,10893.579877769787,90.68442820294031,230.88442193062255,24725.674260174874,0.373071109405692,304.60868394526545,0.2977079544430691,0.6,1.3569699349930187,1.0508125268198953,0.0,234.53553223853643,234.97708040076742,0.0,0.0
151.24790531537644,10879.978888554115,90.60467057218764,230.9505415488433,24775.065739495647,0.3737093271361848,304.6522970396081,0.2974035365976842,0.6,1.3569699349930187,1.0507594230974173,0.0,234.59523232353544,235.03600413751687,0.0,0.0
151.39795284049092,10866.389860299098,90.52499883009686,231.01660330233767,24824.512527584262,0.37434810734605556,304.6958657314249,0.2970995310776235,0.6,1.3569699349930187,1.05070520177244,0.0,234.6548870962063,235.09488407996636,0.0,0.0
151.54800036560536,10852.812780124876,90.44541383446325,231.08260725297754,24874.01460839284,0.37498744969043435,304.7393900805572,0.2967959403297165,0.6,1.3569699349930187,1.0506498867510095,0.0,234.71449666908293,235.15372034677665,0.0,0.0
151.69804789071983,10839.247634868423,90.3659172617236,231.1485534640131,24923.571966865962,0.37562735383772233,304.78287014770166,0.2964927694851457,0.6,1.3569699349930187,1.0505935210863473,0.0,234.77406122154332,235.2125131313697,0.0,0.0
151.84809541583428,10825.694410380724,90.28652651302981,231.2144420034896,24973.18459152719,0.37626781950296173,304.8263059966615,0.29619007525557406,0.6,1.3569699349930187,1.0505365140317586,0.0,234.8335821979597,235.2712640445642,0.0,0.0
151.99814294094875,10812.153091384465,90.207193881109,231.25,25022.904046622087,0.3769589645072751,304.8497444028779,0.29590706745646667,0.6,1.3569699349930187,1.0506174433091338,0.0,234.86278288320727,235.29969590639422,0.0,0.0
152.1481904660632,10798.623694904269,90.12756692537869,231.25,25072.739436609485,0.3777097125807387,304.8497444028779,0.2956458667922303,0.6,1.3569699349930187,1.0508521849522285,0.0,234.85640760595243,235.29254963299897,0.0,0.0
152.29823799117767,10785.106272278232,90.04758407931902,231.25,25122.63005308943,0.37846129261684763,304.8497444028779,0.2953834986993315,0.6,1.3569699349930187,1.0510751880099956,0.0,234.8500095024024,235.28537777280343,0.0,0.0
152.44828551629215,10771.60087483178,89.9672948165944,231.25,25172.575640358362,0.37921370076354094,304.8497444028779,0.2951201254664561,0.6,1.3569699349930187,1.051287568183318,0.0,234.8435926006681,235.27818484105933,0.0,0.0
152.5983330414066,10758.107549576469,89.88662955135051,231.203318694164,25222.44378256301,0.3800416593846253,304.8189735868786,0.29488528385760504,0.6,1.3569699349930187,1.051694451841901,0.0,234.79047010645135,235.22428337971962,0.0,0.0
152.74838056652106,10744.626386232136,89.80512776563555,231.09996733510496,25272.204954653276,0.38096173637607367,304.75083663974965,0.2946837775930226,0.6,1.3569699349930187,1.0523296632176555,0.0,234.6806166301462,235.11364356784023,0.0,0.0
152.8984280916355,10731.157520777806,89.72271584384309,230.99670981898464,25322.018983362046,0.38188327867404265,304.6827463440216,0.2944791489523201,0.6,1.3569699349930187,1.0529400602758772,0.0,234.57079038461188,235.0030229309684,0.0,0.0
153.04847561674998,10717.701087059093,89.6394297651937,230.89354717311537,25371.885297336576,0.38280627679710644,304.61470340863787,0.29427151336468227,0.6,1.3569699349930187,1.0535263573061833,0.0,234.46099546075015,234.89242593050201,0.0,0.0
153.19852314186443,10704.257213570123,89.55530446360241,230.79048038379884,25421.803340764414,0.38373072152962845,304.5467085160951,0.2940609829604166,0.6,1.3569699349930187,1.0540892506736783,0.0,234.35123581677783,234.7818568840674,0.0,0.0
153.3485706669789,10690.826023696203,89.47037371981497,230.68751039818542,25471.772572655,0.3846566039092028,304.47876232363984,0.2938476662116557,0.6,1.3569699349930187,1.0546294159819385,0.0,234.24151527163764,234.67131995790837,0.0,0.0
153.49861819209335,10677.40763679122,89.38464979898046,230.58705894243948,25522.929933499938,0.3855970518713271,304.4124634045081,0.29363005968715783,0.6,1.3569699349930187,1.0551829753746684,0.0,234.13425670719585,234.56323817365634,0.0,0.0
153.64866571720782,10664.002173383862,89.29811856440614,230.4880917524135,25574.79432165745,0.3865465166569363,304.34712999089555,0.29340877493103834,0.6,1.3569699349930187,1.055734141301468,0.0,234.02842491949878,234.45657621370194,0.0,0.0
153.7987132423223,10650.60975321638,89.21079404017999,230.38922043931802,25626.71370380898,0.38749746745482216,304.28184586306895,0.2931847405721539,0.6,1.3569699349930187,1.0562625040032252,0.0,233.92263281676497,234.34994714311773,0.0,0.0
153.94876076743674,10637.230497402952,89.12266084696401,230.29044589851267,25678.68751557587,0.3884498949434208,304.2166116441489,0.29295790379525166,0.6,1.3569699349930187,1.0567675812299153,0.0,233.81688026181968,234.24335069985912,0.0,0.0
154.0988082925512,10623.864506992177,89.03402676590875,230.25,25730.14783243069,0.38929672413043154,304.18989569757247,0.2926922558086116,0.6,1.3569699349930187,1.056965874109929,0.0,233.76942364702364,234.19504624190586,0.0,0.0
154.24885581766566,10610.511828138919,88.94531098654316,230.25,25781.265572110136,0.3900701347121258,304.18989569757247,0.29240060976572724,0.6,1.3569699349930187,1.0569562252274993,0.0,233.76241345402406,234.18718826903256,0.0,0.0
154.39890334278013,10597.172459681518,88.85661785619772,230.25,25832.433973692667,0.39084431180760143,304.18989569757247,0.2921090381796887,0.6,1.3569699349930187,1.0569429299493762,0.0,233.7554120366586,234.1793401330774,0.0,0.0
154.54895086789458,10583.846396692179,88.7679496583973,230.25,25883.652954228517,0.39161925416182974,304.18989569757247,0.29181754855740166,0.6,1.3569699349930187,1.0569260409529257,0.0,233.74841956956737,234.17150202980068,0.0,0.0
154.69899839300905,10570.533635693406,88.67931495683256,230.25,25934.922424823213,0.39239496042983885,304.18989569757247,0.29152616905131556,0.6,1.3569699349930187,1.0569057606299066,0.0,233.74143672119177,234.16367470848195,0.0,0.0
154.8490459181235,10557.234171293701,88.59071865067521,230.25,25986.24230357717,0.3931714293724893,304.18989569757247,0.29123491576706634,0.6,1.3569699349930187,1.0568822050668705,0.0,233.73446386901298,234.1558585922532,0.0,0.0
154.99909344323797,10543.947997374336,88.50216546985395,230.25,26037.61251106588,0.39394865978808946,304.18989569757247,0.29094380425391697,0.6,1.3569699349930187,1.056855486907325,0.0,233.727501375674,234.1480540876138,0.0,0.0
155.14914096835244,10530.67510711607,88.4136599802894,230.25,26089.032970264598,0.3947266505112563,304.18989569757247,0.29065284952196707,0.6,1.3569699349930187,1.056825715451216,0.0,233.720549589459,234.14026158496776,0.0,0.0
155.2991884934669,10517.415493033935,88.3252065910128,230.25,26140.503606439946,0.3955054004112751,304.18989569757247,0.2903620660655549,0.6,1.3569699349930187,1.056792996799052,0.0,233.71360884491799,234.13248145932394,0.0,0.0
155.44923601858136,10504.169146989592,88.23680955662563,230.25,26192.024347127932,0.3962849083917666,304.18989569757247,0.2900714678713432,0.6,1.3569699349930187,1.0567574338890977,0.0,233.70667946312287,234.12471407058328,0.0,0.0
155.5992835436958,10490.936060214228,88.1484729817762,230.25,26243.595122070117,0.39706517338972186,304.18989569757247,0.2897810684330355,0.6,1.3569699349930187,1.0567191265817168,0.0,233.69976175208092,234.11695976400193,0.0,0.0
155.74933106881028,10477.71622333893,88.06020082737838,230.25,26295.215863119367,0.3978461943740758,304.18989569757247,0.2894908807718202,0.6,1.3569699349930187,1.0566781717850746,0.0,233.69285600728162,234.10921887080454,0.0,0.0
155.89937859392472,10464.509626410507,87.97199691382023,230.25,26346.88650420164,0.3986279703451293,304.18989569757247,0.28920091744691795,0.6,1.3569699349930187,1.0566346635117962,0.0,233.6859625120062,234.101491708531,0.0,0.0
156.0494261190392,10451.31625890945,87.88386492453087,230.25,26398.606981268647,0.39941050033383274,304.18989569757247,0.2889111905673079,0.6,1.3569699349930187,1.056588692944444,0.0,233.6790815376631,234.09377858141264,0.0,0.0
156.19947364415364,10438.136109775538,87.79580841119324,230.25,26450.377232219205,0.40019378340059614,304.18989569757247,0.28862171180886426,0.6,1.3569699349930187,1.0565403485399718,0.0,233.67221334425037,234.0860797808904,0.0,0.0
156.34952116926812,10424.969167427527,87.70783079777286,230.25,26502.197196843623,0.4009778186344479,304.18989569757247,0.28833249242760034,0.6,1.3569699349930187,1.0564897161074285,0.0,233.6653581807232,234.07839558602703,0.0,0.0
156.49956869438256,10411.815419776192,87.61993538314826,230.25,26554.06681679269,0.40176260515256546,304.18989569757247,0.28804354326831605,0.6,1.3569699349930187,1.056436878853586,0.0,233.65851628525098,234.07072626379497,0.0,0.0
156.64961621949703,10398.674854246696,87.5321253456818,230.25,26605.986035509726,0.40254814209924705,304.18989569757247,0.28775487477962386,0.6,1.3569699349930187,1.0563819174744056,0.0,233.65168788562372,234.06307206953207,0.0,0.0
156.7996637446115,10385.547457799867,87.44440374757093,230.25,26657.954798165632,0.4033344286449293,304.18989569757247,0.2874664970282534,0.6,1.3569699349930187,1.05632491024205,0.0,233.64487319963928,234.05543324737565,0.0,0.0
156.94971126972595,10372.43321694161,87.35677353677455,230.25,26709.97305164058,0.4041214639859101,304.18989569757247,0.2871784197053843,0.6,1.3569699349930187,1.0562659330358117,0.0,233.63807243530044,234.0478100304834,0.0,0.0
157.09975879484043,10359.332117744143,87.26923755139518,230.25,26762.040744457725,0.4049092473433456,304.18989569757247,0.2868906521410521,0.6,1.3569699349930187,1.0562050594309291,0.0,233.6312857912014,234.04020264146652,0.0,0.0
157.24980631995487,10346.244145864945,87.18179852356727,230.25,26814.157826725444,0.4056977779623764,304.18989569757247,0.28660320331693057,0.6,1.3569699349930187,1.056142360776477,0.0,233.6245134568738,234.03261129277777,0.0,0.0
157.39985384506934,10333.169287515664,87.09444240895715,230.25,26866.324246284854,0.4064870550538393,304.18989569757247,0.286316027063394,0.6,1.3569699349930187,1.0560775017487813,0.0,233.61775432360548,234.0250347416225,0.0,0.0
157.5499013701838,10320.107528109924,87.00722303392438,230.26620997939662,26918.44227215284,0.4072469290946737,304.20060324406296,0.2860192323948736,0.6,1.3569699349930187,1.055933621865349,0.0,233.62722251002745,234.03368760721133,0.0,0.0
157.69994889529826,10307.058830989457,86.9203595947679,230.3118466742382,26970.431577482894,0.40795261853158554,304.23074666439624,0.2857053751067827,0.6,1.3569699349930187,1.0556523981880637,0.0,233.66615163821055,234.0718055537315,0.0,0.0
157.8499964204127,10294.02313736748,86.83391905569505,230.3574380772401,27022.469547137673,0.4086588446522588,304.260857187195,0.2853930007903413,0.6,1.3569699349930187,1.0553776492362155,0.0,233.70507478173957,234.10992226922434,0.0,0.0
158.00004394552718,10281.000382690445,86.74788016504483,230.4029844136175,27074.556333327204,0.4093656094558424,304.29093497094493,0.285082038915579,0.6,1.3569699349930187,1.0551088884077748,0.0,233.74399043147838,234.1480360348094,0.0,0.0
158.15009147064166,10267.990508045908,86.66223837782593,230.4484858888604,27126.69206714138,0.41007291465360185,304.3209801610343,0.284772473892427,0.6,1.3569699349930187,1.0548460335316705,0.0,233.78289835111525,234.18614656074544,0.0,0.0
158.3001389957561,10254.993454487842,86.57698512955885,230.49394270858014,27178.87688114296,0.41078076197560565,304.35099290286354,0.2844642769317027,0.6,1.3569699349930187,1.0545889042291294,0.0,233.8217979972626,234.22425321306457,0.0,0.0
158.45018652087057,10242.009164327665,86.49211211504507,230.53935507399396,27231.11090417422,0.4114891531002852,304.38097333886464,0.28415742011165124,0.6,1.3569699349930187,1.0543373256839228,0.0,233.86068884505323,234.26235537909034,0.0,0.0
158.60023404598502,10229.037581135908,86.40761128973905,230.58472318191926,27283.394261305653,0.41219808965378774,304.4109216084988,0.2838518763819762,0.6,1.3569699349930187,1.0540911286952575,0.0,233.89957038811337,234.30045246740823,0.0,0.0
158.7502815710995,10216.078649658028,86.3234748511868,230.63004722506787,27335.727074131857,0.41290757321403576,304.44083784845253,0.28354761950220925,0.6,1.3569699349930187,1.0538501492564447,0.0,233.938442137309,234.3385439064251,0.0,0.0
158.90032909621394,10203.132315773179,86.2396952299913,230.6753273921901,27388.109460896532,0.41361760531246616,304.47072219273383,0.28324462401150174,0.6,1.3569699349930187,1.0536142283585732,0.0,233.97730362008184,234.37662914360703,0.0,0.0
159.0503766213284,10190.198526500351,86.15626509200142,230.7205638680532,27440.54153642758,0.4143281874331931,304.5005747726598,0.2829428652353964,0.6,1.3569699349930187,1.0533832120612991,0.0,234.01615438048384,234.4147076455209,0.0,0.0
159.20042414644286,10177.277229949312,86.07317732780253,230.76575683361295,27493.02341229619,0.4150393210152079,304.5303957169711,0.28264231925078004,0.6,1.3569699349930187,1.0531569512611043,0.0,234.05499397843516,234.45277889698175,0.0,0.0
159.35047167155733,10164.368375255686,85.99042503829651,230.8109064662405,27545.55519704237,0.41575100745547533,304.56018515198315,0.282342962837986,0.6,1.3569699349930187,1.05293530136507,0.0,234.09382198874482,234.49084239992752,0.0,0.0
159.5005191966718,10151.471912580377,85.9080015350795,230.85601293972445,27598.136996141115,0.41646324810851404,304.5899432015887,0.28204477348164597,0.6,1.3569699349930187,1.052718122316956,0.0,234.1326380010432,234.52889767334324,0.0,0.0
159.65056672178625,10138.587793095705,85.82590033803965,230.90107642431914,27650.768912022748,0.41717604428671123,304.6196699872912,0.28174772936238923,0.6,1.3569699349930187,1.0525052785572044,0.0,234.17144161955022,234.5669442529953,0.0,0.0
159.80061424690072,10125.715968909026,85.74411515832628,230.9460970870118,27703.45104434986,0.41788939726411123,304.6493656283819,0.2814518093003971,0.6,1.3569699349930187,1.0522966386325487,0.0,234.21023246195074,234.6049816901385,0.0,0.0
159.95066177201517,10112.85639305019,85.66263989578155,230.99107509156627,27756.183490035637,0.41860330827669795,304.6790302419703,0.28115699274659606,0.6,1.3569699349930187,1.0520920751502325,0.0,234.2490101591555,234.6430095512428,0.0,0.0
160.10070929712964,10100.009019475927,85.58146864073152,231.03601059850772,27808.966343193304,0.41931777852174656,304.708663942975,0.28086325978820126,0.6,1.3569699349930187,1.0518914648369349,0.0,234.2877743553363,234.68102741803472,0.0,0.0
160.25075682224409,10087.173803005733,85.50059565972776,231.08090376534665,27861.799695367146,0.420032809160984,304.73826684427274,0.28057059110144594,0.6,1.3569699349930187,1.051694688212771,0.0,234.32652470698275,234.7190348864127,0.0,0.0
160.40080434735856,10074.350699290839,85.42001538870409,231.1257547466875,27914.68363563032,0.42074840132194596,304.76783905677104,0.28027896792873985,0.6,1.3569699349930187,1.0515016294418096,0.0,234.36526088241268,234.7570315658853,0.0,0.0
160.550851872473,10061.539664821701,85.33972243530975,231.17056369420234,27967.61825052413,0.4214645560971854,304.7973806893918,0.2799883720860332,0.6,1.3569699349930187,1.0513121764026514,0.0,234.40398256184744,234.79501707965892,0.0,0.0
160.70089939758748,10048.740656891508,85.25971157104827,231.21533075675842,28020.603624179705,0.4221812745459515,304.8268918491567,0.27969878593663894,0.6,1.3569699349930187,1.0511262205142091,0.0,234.44268943686887,234.83299106401338,0.0,0.0
160.85094692270192,10035.95363354655,85.17997772015192,231.26005608059174,28073.63983849559,0.4228985576966205,304.8563726413025,0.2794101923543375,0.6,1.3569699349930187,1.0509436564819965,0.0,234.48138120967974,234.87095316745223,0.0,0.0
161.0009944478164,10023.178553587582,85.10051596030412,231.3047398093022,28126.72697310526,0.4236164065462847,304.8858231692789,0.2791225747254721,0.6,1.3569699349930187,1.0507643823287378,0.0,234.52005759308676,234.90890305068396,0.0,0.0
161.15104197293087,10010.415376561483,85.02132152130048,231.34938208388274,28179.865105385405,0.42433482206089335,304.9152435347685,0.2788359169442632,0.6,1.3569699349930187,1.0505882993756,0.0,234.55871831036217,234.9468403864637,0.0,0.0
161.30108949804531,9997.664062702392,84.94238977181286,231.39398304292513,28233.054310674965,0.42505380517824065,304.9446338378234,0.27855020336900627,0.6,1.3569699349930187,1.0504153119361623,0.0,234.59736309438614,234.98476485860678,0.0,0.0
161.4511370231598,9984.924575551728,84.86368362331585,231.43854281345577,28286.294651291322,0.42577335665955646,304.9739941708284,0.2782653119458449,0.6,1.3569699349930187,1.050244520166732,0.0,234.63598922214922,235.0226733994337,0.0,0.0
161.60118454827423,9972.196870589261,84.78536437987009,231.5213828935599,28339.309206226357,0.42641871641296003,305.02856980347167,0.27795876443474415,0.6,1.3569699349930187,1.0498958651348904,0.0,234.71293028825582,235.09890106644528,0.0,0.0
161.7512320733887,9959.480876237181,84.70763539671746,231.61741483933463,28392.27832973124,0.4270386075989531,305.09182411244035,0.27764636316671276,0.6,1.3569699349930187,1.0494951658938145,0.0,234.80311306369686,235.18837647065024,0.0,0.0
161.90127959850315,9946.776500016831,84.63049876503264,231.7133594273638,28445.29813831809,0.4276589082180275,305.15500778678506,0.27733609675566867,0.6,1.3569699349930187,1.0491063325511096,0.0,234.8932583599847,235.27782042778517,0.0,0.0
162.05132712361763,9934.083654728724,84.55392850052031,231.8092173151415,28498.36891069449,0.4282796214368041,305.2181213032265,0.27702787809416507,0.6,1.3569699349930187,1.0487287541857773,0.0,234.98336476199972,235.36723127207816,0.0,0.0
162.20137464873207,9921.402256923546,84.47791156792258,231.9049891318513,28551.49091214913,0.4289007502613348,305.28116511940823,0.2767216625856355,0.6,1.3569699349930187,1.048362139572831,0.0,235.07343180559712,235.45660840716246,0.0,0.0
162.35142217384654,9908.732224747559,84.40243209153812,232.00067549463768,28604.664403462128,0.4295222976414843,305.34413968462565,0.2764173963800749,0.6,1.3569699349930187,1.0480061261945035,0.0,235.1634588060632,235.5459509908837,0.0,0.0
162.50146969896102,9896.07347870493,84.32747472370995,232.0962770028484,28657.889637640397,0.43014426643287623,305.407045436047,0.2761150274163153,0.6,1.3569699349930187,1.0476603636369595,0.0,235.25344510546776,235.63525821326243,0.0,0.0
162.65151722407546,9883.425941606572,84.2530246338889,232.19179423842064,28711.166860047033,0.43076665939855013,305.46988279898125,0.2758145053839327,0.6,1.3569699349930187,1.0473245133454723,0.0,235.34339007198287,235.72452929568362,0.0,0.0
162.80156474918994,9870.789538405896,84.1790674707334,232.28722776712084,28764.496309010185,0.4313894792162135,305.5326521877065,0.27551578159645373,0.6,1.3569699349930187,1.0469982477227646,0.0,235.43329309804994,235.8137634886923,0.0,0.0
162.95161227430438,9858.164196165993,84.10558935484983,232.3825781387924,28817.878215883884,0.4320127284790845,305.595354005645,0.27521880896558465,0.6,1.3569699349930187,1.0466812499722649,0.0,235.52315359986315,235.90296007138434,0.0,0.0
163.10165979941885,9845.549844044881,84.03257687644151,232.47784588746677,28871.31280503282,0.43263640969584294,305.65798864544837,0.27492354199162156,0.6,1.3569699349930187,1.046373214061916,0.0,235.61297101708993,235.99211835108,0.0,0.0
163.2517073245333,9832.946413156049,83.96001706320712,232.57303153241617,28924.800294348035,0.43326052529677767,305.7205564897015,0.2746299366560109,0.6,1.3569699349930187,1.0460738439624613,0.0,235.70274481132137,236.08123766145934,0.0,0.0
163.40175484964777,9820.353836501487,83.88789736500743,232.66813557865927,28978.34089545986,0.4338850776363893,305.7830579112658,0.2743379503692143,0.6,1.3569699349930187,1.0457828532933282,0.0,235.79247446524073,236.17031736156918,0.0,0.0
163.55180237476222,9807.772048967603,83.81620565380047,232.76315851699158,29031.93481368609,0.4345100689929026,305.84549327331,0.27404754196884806,0.6,1.3569699349930187,1.0454999653414956,0.0,235.88215948246335,236.25935683563986,0.0,0.0
163.7018498998767,9795.20098723793,83.74493020388178,232.85810082464448,29085.58224833557,0.43513550157192216,305.9078629297537,0.27375867165307977,0.6,1.3569699349930187,1.0452249125995492,0.0,235.97179938654435,236.34835549189347,0.0,0.0
163.85189742499117,9782.640589690865,83.67405966826551,232.95296296605736,29139.28339307944,0.4357613775108685,305.97016722578473,0.2734713009014368,0.6,1.3569699349930187,1.044957436208202,0.0,236.06139371982394,236.4373127611558,0.0,0.0
164.0019449501056,9770.090796390317,83.60358307707953,233.04774539294775,29193.03843592909,0.43638769887882584,306.0324064979147,0.273185392468066,0.6,1.3569699349930187,1.0446972859365455,0.0,236.15094204321716,236.5262280966124,0.0,0.0
164.15199247522008,9757.551549050117,83.53348983005384,233.14244854458005,29246.847559326914,0.4370144676777036,306.0945810741651,0.27290091035559405,0.6,1.3569699349930187,1.0444442200182962,0.0,236.24044393576781,236.6151009732761,0.0,0.0
164.30204000033453,9745.022790914538,83.4637696688734,233.23707284866762,29300.71094059949,0.4376416858476135,306.1566912746686,0.27261781972288773,0.6,1.3569699349930187,1.0441980044942385,0.0,236.3298989933494,236.70393088642152,0.0,0.0
164.452087525449,9732.504466735265,83.39441267210846,233.33161872154636,29354.628752000503,0.4382693552674647,306.2187374117917,0.27233608686709043,0.6,1.3569699349930187,1.0439584131065411,0.0,236.41930682832233,236.79271735118004,0.0,0.0
164.60213505056345,9719.996522763004,83.32540925412923,233.42608656823805,29408.60116069149,0.43889747775483107,306.2807197901847,0.2720556792187594,0.6,1.3569699349930187,1.0437252272912596,0.0,236.5086670693803,236.88145990235995,0.0,0.0
164.75218257567792,9707.49890664578,83.25675014163066,233.520476783218,29462.628329126266,0.4395260550705169,306.34263870729376,0.27177656526351646,0.6,1.3569699349930187,1.0434982356211908,0.0,236.59797936044853,236.9701580931184,0.0,0.0
164.90223010079237,9695.011567380692,83.1884263625529,233.61478975077935,29516.710415208723,0.44015508892047756,306.4044944536077,0.2714987145044909,0.6,1.3569699349930187,1.0432772335516287,0.0,236.68724336010527,237.05881149426907,0.0,0.0
165.05227762590684,9682.534455313002,83.12042924658641,233.7090258450398,29570.847572246963,0.44078458095536927,306.46628731267,0.2712220974628227,0.6,1.3569699349930187,1.0430620234506636,0.0,236.77645874150667,237.14741969419717,0.0,0.0
165.20232515102128,9670.067522073088,83.05275041087187,233.8031854304174,29625.03994917739,0.4414145327732369,306.52801756139826,0.27094668562959734,0.6,1.3569699349930187,1.0428524142655924,0.0,236.8656251916913,237.2359822980221,0.0,0.0
165.35237267613576,9657.610720501963,82.98538174273423,233.89726886219296,29679.287690842204,0.4420449459228173,306.58968547046027,0.2706724514081209,0.6,1.3569699349930187,1.0426482211152852,0.0,236.95474241075922,237.32449892660946,0.0,0.0
165.50242020125023,9645.164004645902,82.9183153988784,233.99127648655062,29733.59093796802,0.442675821903366,306.6512913043071,0.2703993681102551,0.6,1.3569699349930187,1.0424492652869835,0.0,237.0438101117496,237.4129692164289,0.0,0.0
165.65246772636468,9632.727329731968,82.8515438002789,234.08520864076215,29787.94982722803,0.4433071621654524,306.7128353213008,0.2701274099386377,0.6,1.3569699349930187,1.0422553741273246,0.0,237.1328280203472,237.50139281920264,0.0,0.0
165.80251525147915,9620.300652080594,82.78505961185978,234.17906565384735,29842.364491581695,0.44393896811497696,306.7743177741537,0.2698565519190752,0.6,1.3569699349930187,1.0420663805578698,0.0,237.22179587395016,237.58976940078088,0.0,0.0
165.9525627765936,9607.883929094938,82.71885569910052,234.27284784665412,29896.835060280737,0.4445712411133073,306.8357389099867,0.2695867697581569,0.6,1.3569699349930187,1.0418821219985976,0.0,237.31071341847158,237.6780986375468,0.0,0.0
166.10261030170807,9595.47711923238,82.65292536660102,234.36655553207356,29951.361658954604,0.4452039824783372,306.89709897047663,0.2693180406197069,0.6,1.3569699349930187,1.0417024463969995,0.0,237.39958042598607,237.76638023617122,0.0,0.0
166.2526578268225,9583.080181959556,82.58726184679597,234.45943824582528,30005.85085603539,0.4458372310614672,306.95790673294715,0.26905077222411067,0.6,1.3569699349930187,1.0415272871486225,0.0,237.48764588787515,237.85386312220595,0.0,0.0
166.402705351937,9570.693077761205,82.52185796953326,234.54610396090763,30059.629109172896,0.4464712529268311,307.0146335356275,0.268788028177025,0.6,1.3569699349930187,1.0413570964660666,0.0,237.5695172050706,237.93515462739975,0.0,0.0
166.55275287705143,9558.315768184637,82.45670720007669,234.63270148529517,30113.461319052134,0.447105737474761,307.0713052372203,0.2685262536542671,0.6,1.3569699349930187,1.0411909953663858,0.0,237.6513426618527,238.0164029726997,0.0,0.0
166.7028004021659,9545.94821570974,82.391803620227,234.7192310807005,30167.347593601004,0.4477406858487638,307.1279220394518,0.268265428532556,0.6,1.3569699349930187,1.0410288494615174,0.0,237.73312204303127,238.0976078852413,0.0,0.0
166.85284792728038,9533.590383668336,82.32714149941098,234.80569300288033,30221.28803786849,0.4483760991572961,307.1844841399741,0.26800553331950566,0.6,1.3569699349930187,1.0408705286515532,0.0,237.81485514270594,238.1787691032935,0.0,0.0
167.00289545239482,9521.242236243774,82.26271529664892,234.8920875016382,30275.282753995423,0.4490119784734678,307.2409917323711,0.2677465491593831,0.6,1.3569699349930187,1.0407159071873084,0.0,237.89654176434595,238.259886376348,0.0,0.0
167.1529429775093,9508.903738454845,82.1985196572418,234.97841482093685,30329.33184125456,0.4496483248355657,307.297445006236,0.2674884578216189,0.6,1.3569699349930187,1.0405648636014766,0.0,237.9781817205947,238.34095946488642,0.0,0.0
167.30299050262374,9496.574856091962,82.13454939784623,235.06467519934478,30383.435396300483,0.45028513925004204,307.3538441474673,0.2672312416513598,0.6,1.3569699349930187,1.0404172803511278,0.0,238.05977483256328,238.42198813953453,0.0,0.0
167.45303802773822,9484.25555573314,82.07079977054279,235.15086886992412,30437.593513071643,0.4509224226904086,307.41018933819925,0.2669748844279592,0.6,1.3569699349930187,1.040273050522066,0.0,238.14132094890303,238.50297220245483,0.0,0.0
167.60308555285266,9471.945804576842,82.00726420310787,235.23699606140022,30491.806283498605,0.45156017610561255,307.46648075756985,0.2667193640134343,0.6,1.3569699349930187,1.0401320205601587,0.0,238.222819782292,238.583911303917,0.0,0.0
167.75313307796714,9459.64557481985,81.94385114442115,235.29164247149254,30546.204849851638,0.4522607151833905,307.5021914748546,0.2664821696112105,0.6,1.3569699349930187,1.0401351944804698,0.0,238.2728503327545,238.63338363395755,0.0,0.0
167.90318060308158,9447.35486212617,81.88040768948464,235.3406594221934,30600.681827460216,0.45297292467431044,307.5342198857981,0.2662481193796602,0.6,1.3569699349930187,1.0401606534926466,0.0,238.31725278448616,238.6772280298192,0.0,0.0
168.05322812819605,9435.073671234213,81.8169348137418,235.3896385877647,30655.213854479785,0.45368572508479627,307.5662202759478,0.26601404647212495,0.6,1.3569699349930187,1.0401828994199203,0.0,238.36161888775146,238.72103625095778,0.0,0.0
168.20327565331053,9422.802006204996,81.75343715604846,235.43857995157188,30709.80086050341,0.4543991153795675,307.59819264318253,0.2657799659144402,0.6,1.3569699349930187,1.0402020457437158,0.0,238.4059489676395,238.76480866378884,0.0,0.0
168.35332317842497,9410.539870418264,81.6899191915023,235.4874834996977,30764.442777711607,0.45511309455800086,307.6301369871493,0.2655458921923334,0.6,1.3569699349930187,1.0402182022590363,0.0,238.45024333903373,238.8085456229595,0.0,0.0
168.50337070353945,9398.287266599895,81.62638523766798,235.53634922083262,30819.13954077618,0.45582766165284,307.66205330919047,0.26531183927202123,0.6,1.3569699349930187,1.0402314752114088,0.0,238.49450230699907,238.85224747179552,0.0,0.0
168.6534182286539,9386.04419683347,81.56283945693927,235.585177106229,30873.89108683401,0.4565428157298229,307.6939416123136,0.26507782060820145,0.6,1.3569699349930187,1.0402419673382892,0.0,238.53872616695077,238.89591454249612,0.0,0.0
168.80346575376836,9373.810662586662,81.4992858623616,235.63396714959578,30928.6973553936,0.4572585558864291,307.72580190112114,0.264843849163318,0.6,1.3569699349930187,1.0402497779972228,0.0,238.58291520501362,238.93954715654957,0.0,0.0
168.9535132788828,9361.586664743802,81.43572832505704,235.68271934696855,30983.55828821308,0.457974881250258,307.75763418172517,0.2646099374320338,0.6,1.3569699349930187,1.04025500333495,0.0,238.6270696984709,238.98314562525186,0.0,0.0
169.10356080399728,9349.372203615943,81.37217057638836,235.73143369666974,31038.47382927768,0.45869179097870555,307.7894384617205,0.2643760974485437,0.6,1.3569699349930187,1.040257736325986,0.0,238.67118991592062,239.0267102498869,0.0,0.0
169.25360832911173,9337.167278958763,81.30861621179098,235.78011019923693,31093.443924741558,0.4594092842581778,307.82121475013724,0.26414234079931853,0.6,1.3569699349930187,1.040258066853191,0.0,238.71527611751992,239.070241322009,0.0,0.0
169.4036558542262,9324.9718900052,81.24506869823419,235.82874885729296,31148.468522802563,0.4601273603024287,307.85296305735505,0.2639086786476624,0.6,1.3569699349930187,1.0402560818798803,0.0,238.7593285554319,239.11373912395948,0.0,0.0
169.55370337934065,9312.78603547706,81.18153137681551,235.87734967549963,31203.547573670046,0.4608460183521146,307.8846833950725,0.2636751217423984,0.6,1.3569699349930187,1.0402518655009643,0.0,238.80334747400258,239.15720392907065,0.0,0.0
169.70375090445512,9300.609713599111,81.11800746576628,235.92591266050144,31258.681029521435,0.4615652576742026,307.91637577626943,0.26344168042789073,0.6,1.3569699349930187,1.0402454990047163,0.0,238.84733310995713,239.20063600189252,0.0,0.0
169.8537984295696,9288.442922125032,81.05450006634902,235.97443782082226,31313.86884440412,0.46228507756066634,307.9480402151392,0.26320836466347564,0.6,1.3569699349930187,1.040237061007608,0.0,238.89128569275573,239.24403559860434,0.0,0.0
170.00384595468404,9276.285659061678,80.9909974870585,236.0229251639766,31369.110970960464,0.4630054772857579,307.97967672520303,0.26297513637344083,0.6,1.3569699349930187,1.0402262503614583,0.0,238.93520438631177,239.28740178109828,0.0,0.0
170.1538934797985,9264.137922500715,80.92755227947777,236.09771137754737,31424.146588961547,0.4636708797104202,308.0284660739966,0.2627275112295525,0.6,1.3569699349930187,1.0400897495229038,0.0,239.00542965373702,239.35707546908094,0.0,0.0
170.30394100491296,9251.999680461084,80.86448498115368,236.20577354338138,31478.905213550504,0.46426636126208226,308.09895048292,0.2624627083422556,0.6,1.3569699349930187,1.0398029671198343,0.0,239.10896158294545,239.4600595327121,0.0,0.0
170.45398853002743,9239.870869201191,80.80185575499284,236.31375216216992,31533.716811926097,0.4648622434820853,308.16936429513464,0.2621995081821588,0.6,1.3569699349930187,1.0395254566789087,0.0,239.21244492771575,239.56299924011896,0.0,0.0
170.60403605514188,9227.751424229225,80.7396289344154,236.42164780710715,31588.581620359924,0.46545852880615374,308.23970793267864,0.261937793400873,0.6,1.3569699349930187,1.0392563232635763,0.0,239.31587763111443,239.66589221629266,0.0,0.0
170.75408358025635,9215.64128642049,80.67779763593872,236.5294610036147,31643.499852486446,0.4660552194213604,308.3099817860216,0.26167754014507405,0.6,1.3569699349930187,1.0389954109270358,0.0,239.41925965873997,239.76873835912937,0.0,0.0
170.9041311053708,9203.540397309102,80.61634996550711,236.63719227125767,31698.471720502603,0.4666523174967265,308.38018624141347,0.26141870834203695,0.6,1.3569699349930187,1.038742434254884,0.0,239.52259061359354,239.87153716078527,0.0,0.0
171.05417863048527,9191.448700205614,80.55527444731521,236.74484211379453,31753.49743005604,0.4672498251277546,308.4503216744087,0.2611612593237852,0.6,1.3569699349930187,1.038497117873669,0.0,239.6258701157829,239.97428813450358,0.0,0.0
171.20422615559974,9179.366140120364,80.49456000576242,236.8524110198592,31808.57718052867,0.46784774433961646,308.52038845032314,0.2609051557664669,0.6,1.3569699349930187,1.03825919601212,0.0,239.72909780176215,240.0769908136797,0.0,0.0
171.3542736807142,9167.29266369868,80.43419518708467,236.9598994635376,31863.711165269513,0.4684460770897855,308.59038692462195,0.26065035916602286,0.6,1.3569699349930187,1.0380283924360338,0.0,239.83227326917117,240.1796446899603,0.0,0.0
171.50432120582866,9155.228219570976,80.37416824070476,237.06790320486033,31918.823472618893,0.46904252918780825,308.66070498165504,0.2603965031618836,0.6,1.3569699349930187,1.0377993422289624,0.0,239.93599138320002,240.2828445203176,0.0,0.0
171.6543687309431,9143.172755302949,80.31450240841515,237.17892366969568,31973.59365383439,0.46962743950718805,308.7329704454254,0.2601422915490405,0.6,1.3569699349930187,1.0375513383404888,0.0,240.0427551731883,240.3890935280075,0.0,0.0
171.80441625605758,9131.12621647492,80.25520440524602,237.2898623589244,32028.417369810228,0.47021275050015,308.80516578718033,0.2598894490662621,0.6,1.3569699349930187,1.0373110320290075,0.0,240.14946656115248,240.49529368597666,0.0,0.0
171.95446378117202,9119.088548302087,80.19625942001514,237.40071977614133,32083.29482326183,0.47079846418583554,308.87729138369815,0.25963792631292065,0.6,1.3569699349930187,1.0370780594403761,0.0,240.25612493787384,240.60144425042787,0.0,0.0
172.1045113062865,9107.059698812807,80.13765751505152,237.51149639904247,32138.226205476727,0.4713845824592592,308.9493475945138,0.2593876897265038,0.6,1.3569699349930187,1.036852181825812,0.0,240.36273001846837,240.70754484425433,0.0,0.0
172.25455883140094,9095.039617305058,80.07938845770117,237.62219269363945,32193.211703275425,0.47197110716573304,309.0213347711823,0.2591387048308386,0.6,1.3569699349930187,1.0366331522080057,0.0,240.46928148778056,240.81359505782982,0.0,0.0
172.40460635651542,9083.028254564597,80.02144233968562,237.73280911225015,32248.25149796457,0.47255804008977886,309.0932532559826,0.25889093824190995,0.6,1.3569699349930187,1.0364207313739078,0.0,240.57577904242885,240.91959449638196,0.0,0.0
172.5546538816299,9071.025562865278,79.96380960535181,237.84334609349548,32303.34576528094,0.4731453829546228,309.16510338192705,0.25864435775783057,0.6,1.3569699349930187,1.0362146886211936,0.0,240.68222239269522,241.02554278211096,0.0,0.0
172.70470140674433,9059.031495893596,79.9064810336696,237.95380406299407,32358.494675683574,0.4737331374253989,309.23688547322445,0.25839893229874217,0.6,1.3569699349930187,1.0360148013163837,0.0,240.7886112618251,241.13143955332038,0.0,0.0
172.8547489318588,9047.046008667325,79.8494477185341,238.06418343411127,32413.69839467695,0.4743213051126789,309.30859984577756,0.25815463184129805,0.6,1.3569699349930187,1.0358208544087588,0.0,240.8949453852686,241.2372844634766,0.0,0.0
173.00479645697325,9035.069057527628,79.79270106726455,238.17448460803166,32468.95708279821,0.47490988757241753,309.38024680724016,0.2579114274124279,0.6,1.3569699349930187,1.0356326404076732,0.0,241.00122451054304,241.34307718104535,0.0,0.0
173.15484398208773,9023.100600106078,79.7362327931085,238.28470797406237,32524.270895720852,0.4754988863071375,309.4518266572248,0.2576692910636173,0.6,1.3569699349930187,1.0354499592072473,0.0,241.1074483969037,241.44881738908646,0.0,0.0
173.30489150720217,9011.140595228348,79.68003489187278,238.39485391051994,32579.63998465318,0.4760883027702494,309.5233396878879,0.25742819579363296,0.6,1.3569699349930187,1.0352726175052471,0.0,241.2136168144796,241.5545047841776,0.0,0.0
173.45493903231664,8999.18900289626,79.62409963777,238.50492278489543,32635.064496377676,0.4766781383665446,309.5947861840468,0.257188115533817,0.6,1.3569699349930187,1.0351004287116607,0.0,241.31972954405452,241.66013907614894,0.0,0.0
173.6049865574311,8987.24578427848,79.56841958175742,238.61491495393975,32690.544573250412,0.4772683944522594,309.6661664232437,0.25694902514149826,0.6,1.3569699349930187,1.0349332129212396,0.0,241.4257863769473,241.76571998793852,0.0,0.0
173.75503408254556,8975.310901626688,79.51298753123285,238.72483076443572,32746.080353548696,0.47785907233884556,309.73748067625553,0.25671090033285826,0.6,1.3569699349930187,1.0347707964090767,0.0,241.53178711426426,241.87124725466126,0.0,0.0
173.90508160766,8963.384318238523,79.4577965411088,238.83467055353898,32801.671971603326,0.4784501732944414,309.80872920732395,0.2564737176528543,0.6,1.3569699349930187,1.0346130114161016,0.0,241.63773156653122,241.9767206231547,0.0,0.0
174.05512913277448,8951.465998455407,79.40283991379626,238.94443464879788,32857.319557770454,0.4790416985436377,309.8799122741757,0.2562374544741131,0.6,1.3569699349930187,1.0344596961625958,0.0,241.7436195536359,242.08213985191253,0.0,0.0
174.20517665788896,8939.555907609049,79.34811118640584,239.054123368646,32913.02323864285,0.47963364926978547,309.9510301283502,0.2560020889543355,0.6,1.3569699349930187,1.034310694534257,0.0,241.84945090434414,242.18750471048244,0.0,0.0
174.3552241830034,8927.654011963483,79.29360411666649,239.16373702293575,32968.783137285114,0.4802260266175561,310.02208301555316,0.2557675999896062,0.6,1.3569699349930187,1.034165855734515,0.0,241.95522545577134,242.29281497880928,0.0,0.0
174.50527170811787,8915.760278710455,79.23931268212671,239.27327591298067,33024.59937322091,0.48081883169286316,310.09307117569097,0.2555339672108691,0.6,1.3569699349930187,1.0340250342768542,0.0,242.06094305330262,242.3980704471403,0.0,0.0
174.65531923323232,8903.874675946881,79.18523107504375,239.38274033176302,33080.472062504145,0.48141206556367333,310.16399484301246,0.25530117096642,0.6,1.3569699349930187,1.033888089866625,0.0,242.1666035503761,242.50327091575716,0.0,0.0
174.8053667583468,8891.997172605876,79.13135368558942,239.4921305645686,33136.40131801062,0.4820057292631593,310.2348542465269,0.2550691922665401,0.6,1.3569699349930187,1.0337548869824065,0.0,242.2722068078749,242.60841619421777,0.0,0.0
174.95541428346124,8880.127738444515,79.07767509901325,239.6014468890995,33192.38724946456,0.4825998237900313,310.30564961008366,0.2548380127734663,0.6,1.3569699349930187,1.0336252948149125,0.0,242.37775269398287,242.71350610118077,0.0,0.0
175.1054618085757,8868.26634403864,79.02419009484412,239.71068957552168,33248.429963432696,0.4831943501085251,310.37638115240924,0.25460761479798155,0.6,1.3569699349930187,1.0334991872584312,0.0,242.48324108411998,242.81854046432736,0.0,0.0
175.25550933369016,8856.41296072275,78.97089363225804,239.81985888701854,33304.52956357818,0.48378930915114493,310.44704908747184,0.2543779812511831,0.6,1.3569699349930187,1.0333764425462302,0.0,242.58867186041414,242.9235191197024,0.0,0.0
175.40555685880463,8844.567560563724,78.91778084373357,239.92895508003264,33360.68615075724,0.4843847018197347,310.51765362464374,0.25414909562317517,0.6,1.3569699349930187,1.0332569430982632,0.0,242.69404491144732,243.02844191140056,0.0,0.0
175.5556043839191,8832.730116360694,78.86484703540376,240.03797840426685,33416.89982299241,0.484980528985239,310.5881949687076,0.2539209419834825,0.6,1.3569699349930187,1.0331405755411331,0.0,242.79936013223224,243.13330869153992,0.0,0.0
175.70565190903355,8820.900601607002,78.81208767792288,240.1469291030346,33473.170675626156,0.4855767914893754,310.6586733200888,0.2536935049507484,0.6,1.3569699349930187,1.0330272304836552,0.0,242.9046174238749,243.23811931984162,0.0,0.0
175.85569943414802,8809.078990448656,78.75949839632621,240.25580741364234,33529.49880149335,0.48617349014650474,310.7290888751078,0.2534667696592199,0.6,1.3569699349930187,1.0329168022657405,0.0,243.0098166932022,243.3428736631658,0.0,0.0
176.00574695926247,8797.265257682026,78.70707496970665,240.3646135674107,33585.88429090765,0.4867706257435262,310.79944182599917,0.2532407217570576,0.6,1.3569699349930187,1.032809188959939,0.0,243.1149578527175,243.44757159545966,0.0,0.0
176.15579448437694,8785.459378738584,78.65481332777519,240.4733477898147,33642.327231710464,0.48736819904043593,310.8697323610072,0.2530153473945634,0.6,1.3569699349930187,1.0327042922926546,0.0,243.22004082045865,243.55221299758097,0.0,0.0
176.30584200949139,8773.661329635252,78.60270953869573,240.58201030094136,33698.82770948481,0.4879662107726285,310.93996066468634,0.2527906331841982,0.6,1.3569699349930187,1.0326020173395987,0.0,243.32506551956507,243.65679775675773,0.0,0.0
176.45588953460586,8761.87108696606,78.55075980716317,240.69060131556603,33755.38580757394,0.48856466165113105,311.0101269179552,0.25256656619379136,0.6,1.3569699349930187,1.0325022724851474,0.0,243.43003187818272,243.76132576647225,0.0,0.0
176.6059370597203,8750.088627899902,78.49896047419622,240.79912104317313,33812.00160707002,0.4891635523625172,311.08023129811437,0.252343133945304,0.6,1.3569699349930187,1.0324049694260515,0.0,243.53493982943343,243.8657969264244,0.0,0.0
176.75598458483478,8738.31393013707,78.44730800650932,240.90756968835638,33868.67518700254,0.48976288357093667,311.1502739791093,0.2521203243799049,0.6,1.3569699349930187,1.0323100229054236,0.0,243.63978931103833,243.97021114206098,0.0,0.0
176.90603210994925,8726.5469718906,78.3957989919748,241.0159474509905,33925.40662440787,0.49036265591888123,311.22025513164533,0.2518981258427848,0.6,1.3569699349930187,1.0322173506035481,0.0,243.7445802651402,244.0745683243559,0.0,0.0
177.0560796350637,8714.787731887503,78.34443014022082,241.1242545262198,33982.195994304595,0.4909628700269562,311.2901749231842,0.2516765270845877,0.6,1.3569699349930187,1.0321268731615825,0.0,243.84931263830148,244.17886838980922,0.0,0.0
177.20612716017817,8703.036189341636,78.29319827608698,241.23249110470783,34039.0433698052,0.49156352649509216,311.3600335181094,0.2514555172397657,0.6,1.3569699349930187,1.0320385140201194,0.0,243.95398638126684,244.283111260151,0.0,0.0
177.35617468529261,8691.292323923713,78.24210033225437,241.34065737291374,34095.94882224338,0.49216462590391796,311.42983107790775,0.25123508580230136,0.6,1.3569699349930187,1.031952199235779,0.0,244.05860144869743,244.38729686200983,0.0,0.0
177.5062222104071,8679.556115760543,78.19113334924745,241.44875351309904,34152.912421160865,0.492766168814652,311.49956776117796,0.25101522262527,0.6,1.3569699349930187,1.0318678574886437,0.0,244.1631577991496,244.49142512688812,0.0,0.0
177.65626973552153,8667.82754542498,78.1402944731732,241.55677970342006,34209.934234338725,0.49336815576945797,311.5692437236934,0.25079591791309724,0.6,1.3569699349930187,1.0317854200309733,0.0,244.2676553949823,244.59549599104741,0.0,0.0
177.806317260636,8656.106593899776,78.08958094681691,241.66473611826092,34267.014327957186,0.49397058729316035,311.63885911862025,0.25057716219238685,0.6,1.3569699349930187,1.0317048204630688,0.0,244.3720942020458,244.69950939511878,0.0,0.0
177.95636478575045,8644.393242572032,78.03899010835929,241.7726229282846,34324.1527666072,0.4945734638933906,311.7084140965538,0.25035894630738514,0.6,1.3569699349930187,1.0316259947065813,0.0,244.47647418961864,244.80346528402634,0.0,0.0
178.10641231086493,8632.687473232947,77.98851939157987,241.88044030043494,34381.349613276405,0.495176786060464,311.7779088055228,0.2501412614202459,0.6,1.3569699349930187,1.03154888101651,0.0,244.58079533039952,244.90736360697764,0.0,0.0
178.25645983597937,8620.989268046162,77.93816631805727,241.98818839822843,34438.604929489265,0.4957805542688826,311.8473433911808,0.24992409898548265,0.6,1.3569699349930187,1.0314734197848145,0.0,244.68505760023493,245.01120431712326,0.0,0.0
178.40650736109384,8609.298609534351,77.88792849389756,242.09586738187747,34495.91877535861,0.49638476897790007,311.9167179968881,0.24970745073906114,0.6,1.3569699349930187,1.0313995534613145,0.0,244.78926097799388,245.1149873714014,0.0,0.0
178.55655488620832,8597.615480581448,77.83780361050074,242.20347740826983,34553.2912095612,0.4969894306312861,311.9860327637018,0.2494913087005247,0.6,1.3569699349930187,1.0313272265796691,0.0,244.89340544557896,245.2187127305528,0.0,0.0
178.70660241132276,8585.939864413218,77.78778943984639,242.31101863114756,34610.72228942012,0.497594539658218,312.05528783049346,0.249275665157452,0.6,1.3569699349930187,1.0312563856404817,0.0,244.99749098775837,245.32238035891066,0.0,0.0
178.85664993643724,8574.271744575326,77.73788382907118,242.41849120130897,34668.21207099974,0.49820009647429975,312.1244833340821,0.2490605126476558,0.6,1.3569699349930187,1.0311869789754746,0.0,245.10151759197322,245.42599022416053,0.0,0.0
179.00669746155168,8562.611104933703,77.68808470069675,242.52589526660506,34725.76060909193,0.4988061014814369,312.19361940923415,0.2488458439596119,0.6,1.3569699349930187,1.0311189567588095,0.0,245.2054852483312,245.5295422973333,0.0,0.0
179.15674498666615,8550.957929668113,77.63839005120151,242.6332309719989,34783.367957236114,0.4994125550680677,312.2626961887046,0.24863165212755217,0.6,1.3569699349930187,1.0310522709752095,0.0,245.3093939495485,245.63303655273316,0.0,0.0
179.3067925117806,8539.31220324554,77.5887979444139,242.74049845981057,34841.03416783899,0.5000194576104411,312.33171380339667,0.24841793040989008,0.6,1.3569699349930187,1.0309868752525138,0.0,245.41324369072157,245.73647296765202,0.0,0.0
179.45684003689507,8527.673910705713,77.53930347475085,242.84769786708716,34898.75929074668,0.5006268094576137,312.40067238067263,0.2482046625695675,0.6,1.3569699349930187,1.030922644085349,0.0,245.51703425759575,245.83985128535045,0.0,0.0
179.60688756200952,8516.043036064171,77.48992557541119,242.94921754538828,34954.90098740132,0.5012226383625161,312.4659633062796,0.24799477279211832,0.6,1.3569699349930187,1.0308354625878777,0.0,245.61515529160042,245.93756130324863,0.0,0.0
179.756935087124,8504.419560650174,77.44068305226862,243.05054984906099,35011.06130034553,0.5018186232205928,312.5311201223831,0.24778551019797285,0.6,1.3569699349930187,1.03074991891558,0.0,245.71310042490916,246.03509680805445,0.0,0.0
179.90698261223847,8492.803464028335,77.39157112192387,243.15181819488643,35067.27631118265,0.5024150271510444,312.59622224522246,0.24757679592561577,0.6,1.3569699349930187,1.0306664331522088,0.0,245.8109927278299,246.13258082817507,0.0,0.0
180.0570301373529,8481.194726966034,77.34258552225147,243.2530227498319,35123.546086634364,0.5030118507111844,312.6612698162667,0.24736861577931069,0.6,1.3569699349930187,1.0305848983094215,0.0,245.90883205753698,246.23001318331984,0.0,0.0
180.20707766246738,8469.593330743548,77.29372384919664,243.35416367639607,35179.87069131918,0.5036090944355618,312.72626297396727,0.24716096151998246,0.6,1.3569699349930187,1.0305052566469792,0.0,246.00661839504633,246.32739383255702,0.0,0.0
180.35712518758183,8457.99925696722,77.24498336174659,243.45524113423784,35236.25018864334,0.5042067588454365,312.7912018548077,0.2469538238406155,0.6,1.3569699349930187,1.030427441266824,0.0,246.10435169588084,246.42472270672232,0.0,0.0
180.5071727126963,8446.412487651056,77.19636141647997,243.55625527946475,35292.68464039129,0.5048048444444574,312.85608659284895,0.2467471937566724,0.6,1.3569699349930187,1.0303513876789212,0.0,246.2020319192159,246.52199974117502,0.0,0.0
180.65722023781075,8434.833005207574,77.1478554654708,243.65720626471293,35349.17410675578,0.5054033517190057,312.92091731978377,0.24654106259899197,0.6,1.3569699349930187,1.030277033752879,0.0,246.2996590277917,246.61922487569024,0.0,0.0
180.80726776292522,8423.260792414874,77.09946304806627,243.75809423943383,35405.718646484114,0.506002281139767,312.98569416512305,0.24633542198702096,0.6,1.3569699349930187,1.0302043195082133,0.0,246.39723298761396,246.71639805408856,0.0,0.0
180.95731528803967,8411.695832411791,77.0511817897547,243.85891934993666,35462.31831688908,0.5066016331618691,313.05041725622567,0.24613026382485156,0.6,1.3569699349930187,1.0301331870905595,0.0,246.4947537678974,246.8135192241678,0.0,0.0
181.10736281315414,8400.138108697938,77.00300940241205,243.95968173938778,35518.97317383546,0.5072014082247606,313.11508671830074,0.24592558030168984,0.6,1.3569699349930187,1.0300635807841851,0.0,246.59222134106133,246.91058833769787,0.0,0.0
181.2574103382686,8388.587605104694,76.95494367705702,244.06038154806367,35575.68327186946,0.5078016067536008,313.1797026745721,0.24572136386827598,0.6,1.3569699349930187,1.0299954468270893,0.0,246.6896356824667,247.0076053500956,0.0,0.0
181.40745786338306,8377.044305783209,76.90698248088087,244.16101891345554,35632.44866426585,0.5084022291597792,313.2442652463479,0.2455176072270569,0.6,1.3569699349930187,1.0299287333382003,0.0,246.7869967702987,247.10457022028052,0.0,0.0
181.55750538849753,8365.508195206734,76.85912375803183,244.26159397024864,35689.26940300478,0.5090032758406878,313.30877455300924,0.24531430333441842,0.6,1.3569699349930187,1.0298633903434369,0.0,246.8843045855817,247.20148291069387,0.0,0.0
181.70755291361198,8353.979258152836,76.81136552522993,244.3621068504777,35746.14553884811,0.5096047471805489,313.37323071211233,0.2451114453863307,0.6,1.3569699349930187,1.0297993696653949,0.0,246.9815591120169,247.2983433870982,0.0,0.0
181.85760043872645,8342.457479683526,76.76370586679178,244.46255768369974,35803.07712142644,0.5102066435513514,313.43763383950113,0.24490902680212104,0.6,1.3569699349930187,1.0297366247970416,0.0,247.07876033579922,247.39515161835084,0.0,0.0
182.0076479638409,8330.942845145883,76.71614293491008,244.56294659698878,35860.06419922574,0.5108089653127265,313.501984049306,0.24470704122511888,0.6,1.3569699349930187,1.0296751109138962,0.0,247.17590824561464,247.49190757640176,0.0,0.0
182.15769548895537,8319.435340166265,76.66867494834516,244.66327371498633,35917.106819606015,0.5114117128121624,313.566281453978,0.24450548251820817,0.6,1.3569699349930187,1.029614784844293,0.0,247.27300283258595,247.58861123622663,0.0,0.0
182.3077430140698,8307.934950626068,76.6213001863276,244.76353916011243,35974.20502891124,0.5120148863861809,313.63052616442604,0.24430434474403684,0.6,1.3569699349930187,1.029555604912785,0.0,247.3700440900532,247.68526257555519,0.0,0.0
182.4577905391843,8296.441662658613,76.57401698783472,244.86374305259304,36031.358872475896,0.512618486360422,313.6947182900361,0.24410362216247408,0.6,1.3569699349930187,1.0294975309253043,0.0,247.4670320135378,247.78186157482764,0.0,0.0
182.60783806429873,8284.955462650507,76.52682375211,244.96388551044788,36088.56839460886,0.5132225130494875,313.75885793866547,0.24390330923205267,0.6,1.3569699349930187,1.0294405241872355,0.0,247.56396660075168,247.87840821720644,0.0,0.0
182.7578855894132,8273.476337220207,76.47971893327407,245.06396664967752,36145.8336386916,0.5138269667579942,313.82294521676374,0.2437034005924838,0.6,1.3569699349930187,1.0293845473649275,0.0,247.66084785140447,247.9749024883376,0.0,0.0
182.90793311452768,8262.004273217692,76.4327009383791,245.16398658426593,36203.154647171,0.5144318477805098,313.88698022937655,0.2435038907396701,0.6,1.3569699349930187,1.0293295617438034,0.0,247.75767576027445,248.07134436858314,0.0,0.0
183.05798063964212,8250.539257699043,76.38576855825605,245.26394542640236,36260.531461678445,0.5150371564028223,313.95096308028906,0.2433047753980654,0.6,1.3569699349930187,1.0292755388383503,0.0,247.85445034666205,248.16773386601005,0.0,0.0
183.2080281647566,8239.081277930196,76.33892041449771,245.36375977285138,36317.96275804862,0.5156430490295743,314.0148404319492,0.24310609113087847,0.6,1.3569699349930187,1.0292227571397679,0.0,247.9510881031925,248.2639874606493,0.0,0.0
183.35807568987104,8227.6303215208,76.29215295591686,245.46299446291798,36375.44144373928,0.5162503405743712,314.0783339473205,0.2429080414337435,0.6,1.3569699349930187,1.029172747681206,0.0,248.04715361808744,248.35966971035785,0.0,0.0
183.50812321498552,8216.186376565654,76.24546360129797,245.56216874802195,36432.97602735419,0.516858061429612,314.1417759922446,0.2427103601883892,0.6,1.3569699349930187,1.0291235063358084,0.0,248.14316595796058,248.45529965939969,0.0,0.0
183.65817074009996,8204.749431430526,76.19885142740165,245.66128272833348,36490.566544702124,0.5174662118204436,314.2051666619589,0.24251304406264274,0.6,1.3569699349930187,1.0290750117636756,0.0,248.23912515080073,248.5508773270344,0.0,0.0
183.80821826521444,8193.319474614927,76.15231535086423,245.76033650286578,36548.21303108913,0.5180747919666043,314.2685060508589,0.24231608921875328,0.6,1.3569699349930187,1.0290272382308343,0.0,248.33503121278113,248.64640271941698,0.0,0.0
183.95826579032888,8181.896494776564,76.10585432508067,245.8593301692628,36605.91552119013,0.5186838020810753,314.3317942523636,0.24211949194034926,0.6,1.3569699349930187,1.028980160918193,0.0,248.4308841613844,248.7418758443357,0.0,0.0
184.10831331544335,8170.480480733865,76.05946734097596,245.95826382377746,36663.67404903028,0.5192932423698922,314.3950313589028,0.24192324863476936,0.6,1.3569699349930187,1.028933755944829,0.0,248.5266840154248,248.8372967112397,0.0,0.0
184.25836084055783,8159.071421451162,76.01315342324222,246.05713756140005,36721.488648054656,0.5199031130328906,314.4582174620001,0.241727355820898,0.6,1.3569699349930187,1.0288880002704621,0.0,248.6224307949139,248.93266533107305,0.0,0.0
184.40840836567227,8147.669306032879,75.96691162888017,246.15595147590858,36779.35935115237,0.5205134142639677,314.5213526523063,0.24153181012438052,0.6,1.3569699349930187,1.0288428716590317,0.0,248.7181245210053,249.02798171620645,0.0,0.0
184.55845589078675,8136.274123727054,75.920741048202,246.2547056598381,36837.286190633764,0.5211241462508504,314.5844370195806,0.24133660828070935,0.6,1.3569699349930187,1.028798348707886,0.0,248.81376521602414,249.12324588047417,0.0,0.0
184.7085034159012,8124.885863916893,75.87464080271677,246.353400204554,36895.269198268164,0.5217353091755003,314.64747065273883,0.24114174712834713,0.6,1.3569699349930187,1.0287544107937856,0.0,248.90935290339047,249.2184578390793,0.0,0.0
184.85855094101566,8113.50451611041,75.82861004249659,246.45203520034178,36953.30840533217,0.5223469032146314,314.71045363991135,0.24094722360020157,0.6,1.3569699349930187,1.02871103800485,0.0,249.00488760752484,249.31361760847696,0.0,0.0
185.0085984661301,8102.130069942357,75.78264794673215,246.5506107363902,37011.40384259502,0.522958928539561,314.77338606843347,0.2407530347252947,0.6,1.3569699349930187,1.028668211157531,0.0,249.1003693538624,249.40872520639226,0.0,0.0
185.15864599124458,8090.762515172906,75.73675372347573,246.64912690080283,37069.555540321315,0.5235713853162483,314.83626802485367,0.2405591776278359,0.6,1.3569699349930187,1.0286259117919418,0.0,249.1957981688407,249.50378065180516,0.0,0.0
185.30869351635903,8079.401841674675,75.69092660632145,246.74758378071024,37127.76352833258,0.5241842737059461,314.89909959500625,0.24036564951652145,0.6,1.3569699349930187,1.0285841220851324,0.0,249.29117407978248,249.5987839648055,0.0,0.0
185.4587410414735,8068.04803943185,75.6451658542164,246.84598146227788,37186.02783600808,0.5247975938652183,314.9618808640168,0.24017244768383836,0.6,1.3569699349930187,1.0285428248479462,0.0,249.38649711488506,249.69373516658027,0.0,0.0
185.60878856658798,8056.70109854332,75.59947075235252,246.9443200306786,37244.34849226489,0.5254113459457357,315.0246119162861,0.2399795695088171,0.6,1.3569699349930187,1.0285020035508392,0.0,249.4817673032473,249.78863427944688,0.0,0.0
185.75883609170242,8045.361009211112,75.55384060921219,247.0425995701931,37302.72552561307,0.5260255300948613,315.08729283555465,0.2397870124475126,0.6,1.3569699349930187,1.0284616422466197,0.0,249.5769846747659,249.8834813267252,0.0,0.0
185.9088836168169,8034.027761736016,75.50827475546046,247.14082016424769,37361.15896417471,0.526640146455858,315.1499237049275,0.23959477402938636,0.6,1.3569699349930187,1.02842172554247,0.0,249.67214926009393,249.97827633268608,0.0,0.0
186.05893114193134,8022.701346521399,75.46277254499947,247.23898189538127,37419.64883566101,0.527255195167652,315.2125046068543,0.23940285186058743,0.6,1.3569699349930187,1.0283822386299362,0.0,249.76726109067351,250.07301932259227,0.0,0.0
186.2089786670458,8011.381754066873,75.41733335337901,247.33708484530015,37478.195167401114,0.5278706763651418,315.27503562316457,0.23921124361880108,0.6,1.3569699349930187,1.0283431672439847,0.0,249.8623201986791,250.16771032262807,0.0,0.0
186.35902619216026,8000.068974960179,75.37195657570632,247.43512909494842,37536.797986381025,0.5284865901796126,315.3375168351137,0.23901994704650836,0.6,1.3569699349930187,1.028304497608447,0.0,249.95732661694333,250.26234935980773,0.0,0.0
186.50907371727473,7988.762999879379,75.32664162726721,247.53311472448888,37595.457319229004,0.5291029367385868,315.39994832337135,0.23882895995289374,0.6,1.3569699349930187,1.0282662164541991,0.0,250.0522803789751,250.35693646199803,0.0,0.0
186.65912124238918,7977.463819592593,75.28138794351104,247.63104181330542,37654.173192214046,0.5297197161658138,315.46233016802347,0.2386382802137238,0.6,1.3569699349930187,1.0282283110202988,0.0,250.14718151895661,250.4514716579148,0.0,0.0
186.80916876750365,7966.171424947603,75.23619497737505,247.72891044009293,37712.94563129658,0.5303369285818065,315.5246624486306,0.23844790576275152,0.6,1.3569699349930187,1.0281907689834546,0.0,250.24203007165028,250.54595497700728,0.0,0.0
186.9592162926181,7954.885806871527,75.19106219922121,247.82672068286027,37771.77466212739,0.530954574103834,315.5869452442302,0.23825783459145133,0.6,1.3569699349930187,1.0281535784576425,0.0,250.3368260723934,250.6403864494524,0.0,0.0
187.10926381773257,7943.606956374314,75.14598909781346,247.92447261889984,37830.660310027146,0.5315726528457122,315.64917863331794,0.23806806475206685,0.6,1.3569699349930187,1.028116728021793,0.0,250.4315695571294,250.734766106193,0.0,0.0
187.25931134284704,7932.334864539484,75.10097517792681,248.02216632486795,37889.60260003124,0.5321911649182769,315.7113626938995,0.2378785943499334,0.6,1.3569699349930187,1.0280802066566785,0.0,250.5262605623247,250.82909397883517,0.0,0.0
187.4093588679615,7921.069522520749,75.05601995948419,248.119801876814,37948.60155690551,0.5328101104295535,315.77349750350993,0.23768942154067224,0.6,1.3569699349930187,1.0280440037228376,0.0,250.6208991249369,250.92337009960886,0.0,0.0
187.55940639307596,7909.810921545989,75.01112297864908,248.217379350146,38007.65720512279,0.533429489484515,315.8355831391919,0.23750054453361238,0.6,1.3569699349930187,1.028008108991237,0.0,250.7154852824499,251.01759450141162,0.0,0.0
187.7094539181904,7898.559052912449,74.96628378660179,248.31489881967224,38066.769568885655,0.5340493021853234,315.89761967752327,0.2373119615878378,0.6,1.3569699349930187,1.0279725126114405,0.0,250.8100190728304,251.1117672177548,0.0,0.0
187.85950144330488,7887.313907980118,74.92150194782737,248.41236035965866,38125.938672158765,0.5346695486316729,315.9596071946538,0.2371236710066877,0.6,1.3569699349930187,1.0279372050664584,0.0,250.9045005344685,251.20588828268964,0.0,0.0
188.00954896841932,7876.075478174167,74.87677704078484,248.50976404380762,38185.164538654135,0.5352902289206386,316.0215457662925,0.2369356711398358,0.6,1.3569699349930187,1.0279021771918677,0.0,250.99892970619763,251.2999577308329,0.0,0.0
188.1595964935338,7864.843754985355,74.83210865806087,248.60710994525454,38244.447191826504,0.5359113431466304,316.08343546770556,0.2367479603837276,0.6,1.3569699349930187,1.027867420181034,0.0,251.09330662729886,251.39397559737134,0.0,0.0
188.30964401864824,7853.6187299614785,74.7874964041419,248.7043981366418,38303.78665491678,0.5365328914018536,316.1452763737645,0.23656053717444753,0.6,1.3569699349930187,1.027832925525862,0.0,251.1876313374236,251.4879419179666,0.0,0.0
188.45969154376272,7842.400394707376,74.74293989543966,248.8016286901188,38363.1829509494,0.5371548737762807,316.2070685589462,0.23637339998775625,0.6,1.3569699349930187,1.0277986850183691,0.0,251.2819038765928,251.5818567287542,0.0,0.0
188.6097390688772,7831.188740888723,74.69843876132956,248.8988016773091,38422.63610271113,0.5377772903574357,316.2688120973128,0.2361865473423462,0.6,1.3569699349930187,1.0277646907797808,0.0,251.37612428523045,251.675720066385,0.0,0.0
188.75978659399163,7819.983760224335,74.65399264215054,248.99591716937704,38482.14613278924,0.5384001412307944,316.3305070625543,0.23599997779344034,0.6,1.3569699349930187,1.027730935207235,0.0,251.47029260409494,251.76953196794022,0.0,0.0
188.9098341191061,7808.785444483477,74.60960118851256,249.09297523705098,38541.71306358438,0.5390234264799217,316.3921535280042,0.23581368993055254,0.6,1.3569699349930187,1.0276974109558257,0.0,251.56440887425396,251.86329247090057,0.0,0.0
189.05988164422055,7797.593785489994,74.56526406241844,249.18997595058772,38601.33691728691,0.5396471461862281,316.45375156661686,0.23562768238101187,0.6,1.3569699349930187,1.027664110969862,0.0,251.65847313712106,251.95700161319135,0.0,0.0
189.20992916933503,7786.40877511851,74.52098093629293,249.2869193798052,38661.01771589535,0.5402713004291632,316.51530125098907,0.23544195380683847,0.6,1.3569699349930187,1.0276310284573507,0.0,251.75248543442166,252.05065943314068,0.0,0.0
189.35997669444947,7775.230405288894,74.47675149153358,249.3838055941306,38720.755481244196,0.5408958892865104,316.5768026533911,0.23525650290010533,0.6,1.3569699349930187,1.0275981568513832,0.0,251.84644580814313,252.1442659694175,0.0,0.0
189.51002421956395,7764.058667968825,74.43257541921558,249.480634662578,38780.550234988936,0.5415209128342319,316.6382558457526,0.2350713283851422,0.6,1.3569699349930187,1.027565489830003,0.0,251.9403543005572,252.23782126105934,0.0,0.0
189.6600717446784,7752.893555174704,74.38845242036243,249.57740665374064,38840.40199859938,0.5421463711464006,316.6996608996585,0.23488642901935813,0.6,1.3569699349930187,1.0275330213243126,0.0,252.03421095422783,252.3313253474824,0.0,0.0
189.81011926979286,7741.73505896433,74.3443822040282,249.67412163585414,38900.3107933976,0.5427722642955997,316.7610178863893,0.23470180358712203,0.6,1.3569699349930187,1.0275007454670002,0.0,252.12801581194597,252.42477826840042,0.0,0.0
189.96016679490734,7730.583171437194,74.30036448738645,249.77077967679412,38960.276640554875,0.5433985923528919,316.82232687692004,0.23451745090001452,0.6,1.3569699349930187,1.0274686565953692,0.0,252.22176891673126,252.5181800638271,0.0,0.0
190.11021432002178,7719.4378847384305,74.25639899681198,249.86738084404192,39020.29956106912,0.5440253553875857,316.8835879418992,0.23433336980022754,0.6,1.3569699349930187,1.0274367492814662,0.0,252.31547031186727,252.61153077411961,0.0,0.0
190.26026184513626,7708.299191052217,74.21248546615064,249.96392520474174,39080.379575799365,0.5446525534675982,316.9448011516848,0.23414955915504576,0.6,1.3569699349930187,1.0274050182855825,0.0,252.40912004084282,252.70483043990606,0.0,0.0
190.4103093702507,7697.167082599586,74.16862363614574,250.06041282571968,39140.51670547564,0.5452801866595584,317.0059665763575,0.23396601785500049,0.6,1.3569699349930187,1.027373458541143,0.0,252.50271814733162,252.79807910206017,0.0,0.0
190.56035689536517,7686.0415516426165,74.12481325558271,250.1568437734473,39200.710970675864,0.5459082550285689,317.0670842856974,0.23378274481747083,0.6,1.3569699349930187,1.0273420651865273,0.0,252.59626467522963,252.89127680174772,0.0,0.0
190.71040442047962,7674.92259048137,74.08105408049173,250.25321811406832,39260.96239184073,0.5465367586383624,317.12815434920157,0.23359973898412795,0.6,1.3569699349930187,1.0273108335438783,0.0,252.6897596686278,252.9844235803927,0.0,0.0
190.8604519455941,7663.810191449064,74.0373458728808,250.34953591344023,39321.27098929896,0.5471656975515669,317.18917683611073,0.23341699931689455,0.6,1.3569699349930187,1.0272797590850142,0.0,252.7832031717687,253.0775194796237,0.0,0.0
191.01049947070854,7652.7043469147775,73.99368840146808,250.4457972371111,39381.636783251444,0.5477950718295417,317.25015181539493,0.2332345248002414,0.6,1.3569699349930187,1.0272488374519182,0.0,252.8765952290702,253.1705645413032,0.0,0.0
191.160546995823,7641.6050492846525,73.95008144203251,250.5420021503089,39442.05979376363,0.5484248815322986,317.31107935574715,0.23305231444227265,0.6,1.3569699349930187,1.0272180644668611,0.0,252.96993588513658,253.26355880754133,0.0,0.0
191.31059452093746,7630.512290995476,73.90652477571041,250.6381507179973,39502.54004079942,0.5490551267188587,317.37195952561905,0.23287036726930657,0.6,1.3569699349930187,1.0271874360862734,0.0,253.06322518470088,253.35650232062451,0.0,0.0
191.46064204605193,7619.426063773919,73.86303391459988,250.73618572224865,39562.498943478284,0.5496735094883249,317.43402214349095,0.23268783042169086,0.6,1.3569699349930187,1.0271344054791647,0.0,253.15840692138926,253.4513389965115,0.0,0.0
191.6106895711664,7608.346355836154,73.81962844059781,250.83443651215237,39622.43226529696,0.5502905802094339,317.49620919611715,0.23250554275121907,0.6,1.3569699349930187,1.0270792927528574,0.0,253.25381172022702,253.54639961453333,0.0,0.0
191.76073709628085,7597.273154372403,73.77630856003077,250.93262994681672,39682.42131383615,0.5509080672815928,317.55834777885207,0.23232363147136872,0.6,1.3569699349930187,1.0270253406423402,0.0,253.34916644396594,253.64141103788236,0.0,0.0
191.91078462139532,7586.206446637664,73.73307241557238,251.03076613866023,39742.4661362007,0.551525971046178,317.620437991263,0.23214209035755,0.6,1.3569699349930187,1.0269725015107143,0.0,253.4444710735454,253.73637323159753,0.0,0.0
192.06083214650977,7575.146220201945,73.68991829934419,251.12884519730974,39802.56677801905,0.5521442918291527,317.6824799310514,0.23196091366240143,0.6,1.3569699349930187,1.0269207317474955,0.0,253.53972559719614,253.83128616922846,0.0,0.0
192.21087967162424,7564.092462877656,73.64684469851657,251.22686723024464,39862.723283826934,0.5527630299450343,317.74447369446244,0.23178009625852408,0.6,1.3569699349930187,1.0268699930586846,0.0,253.63493001403657,253.92614983678897,0.0,0.0
192.3609271967387,7553.0451627127395,73.60384958379012,251.32483234285726,39922.93569709531,0.5533821856971957,317.80641937632475,0.2315996313989915,0.6,1.3569699349930187,1.0268202326295155,0.0,253.73008428759226,254.0209641806479,0.0,0.0
192.51097472185316,7542.004308204154,73.5609314863313,251.42274063656015,39983.20405905533,0.5540017593658008,317.8683170688553,0.23141951410777703,0.6,1.3569699349930187,1.0267714131273837,0.0,253.8251884143444,254.1157291845965,0.0,0.0
192.6610222469676,7530.969886337958,73.51811079162384,251.52094823883394,40042.60757899008,0.5546082122284498,317.9303918783327,0.231239644493497,0.6,1.3569699349930187,1.0266990439445391,0.0,253.920599843744,254.21080245795864,0.0,0.0
192.81106977208208,7519.941881252761,73.47540519005003,251.6192364669867,40101.7090388607,0.555209831750474,317.99250551715846,0.23106017882577232,0.6,1.3569699349930187,1.026619034855567,0.0,254.01610103615556,254.30596659933482,0.0,0.0
192.96111729719655,7508.920274863913,73.4328210229036,251.71746800643194,40160.86356754783,0.5558118410694849,318.0545712115002,0.2308811998619953,0.6,1.3569699349930187,1.026541248165882,0.0,254.11155507738235,254.4010847429495,0.0,0.0
193.111164822311,7497.905049236708,73.39035482434555,251.81564301642513,40220.071238735305,0.5564142408033519,318.11658909001335,0.23070269624819606,0.6,1.3569699349930187,1.0264655929358395,0.0,254.20696188704582,254.49615677944394,0.0,0.0
193.26121234742547,7486.896186903442,73.3480035119701,251.913761652062,40279.33212399053,0.5570170315479133,318.17855927860455,0.23052465784705778,0.6,1.3569699349930187,1.026391988723397,0.0,254.30232140614106,254.59118262392087,0.0,0.0
193.41125987253992,7475.893670842588,73.30576412026265,252.01182406446424,40338.64629285976,0.5576202138779749,318.24048190055163,0.2303470748990705,0.6,1.3569699349930187,1.026320358148981,0.0,254.39763357979726,254.68616219659776,0.0,0.0
193.5613073976544,7464.897484479738,73.26363379825635,252.10983040077073,40398.013812845835,0.5582237883471085,318.30235707650087,0.2301699380147793,0.6,1.3569699349930187,1.026250626837205,0.0,254.49289835709155,254.78109542259904,0.0,0.0
193.71135492276883,7453.9076116608085,73.22160980255342,252.20778080437663,40457.4347495368,0.558827755488987,318.3641849246207,0.22999323815236988,0.6,1.3569699349930187,1.0261827232313594,0.0,254.58811569080999,254.87598223165944,0.0,0.0
193.8614024478833,7442.924036625558,73.17968949035662,252.30567541516902,40516.90916673361,0.5594321158187072,318.4259655607529,0.22981696659531547,0.6,1.3569699349930187,1.0261165784076207,0.0,254.6832855372078,254.97082255782655,0.0,0.0
194.01144997299775,7431.946744007084,73.1378703194917,252.40351436953156,40576.437126437944,0.560036869832689,318.4876990984179,0.2296411149521065,0.6,1.3569699349930187,1.0260521260822464,0.0,254.7784078559941,255.06561633944332,0.0,0.0
194.16149749811223,7420.975718820856,73.09614984568555,252.5012978004421,40636.01868889712,0.5606420180091543,318.54938564887897,0.2294656751473248,0.6,1.3569699349930187,1.0259893025428546,0.0,254.87348261023186,255.16036351902406,0.0,0.0
194.3115450232267,7410.010946432222,73.05452571397767,252.5990258377621,40695.653912766706,0.5612475608098023,318.61102532132696,0.22929063939422814,0.6,1.3569699349930187,1.0259280464169256,0.0,254.96850976604986,255.25506404289644,0.0,0.0
194.46159254834114,7399.052412551839,73.01299565759089,252.69669860827756,40755.34285512236,0.5618534986799503,318.67261822290834,0.22911600019088876,0.6,1.3569699349930187,1.0258682986464023,0.0,255.0634892925919,255.34971786113974,0.0,0.0
194.61164007345562,7388.100103234566,72.97155749785169,252.79431623570858,40815.08557145261,0.5624598320484794,318.7341644587333,0.2289417503196441,0.6,1.3569699349930187,1.0258100024913932,0.0,255.15842116200278,255.44432492756798,0.0,0.0
194.76168759857006,7377.154004850067,72.93020913641737,252.89187884097143,40874.88211580711,0.5630665613293617,318.795664132043,0.2287678828223027,0.6,1.3569699349930187,1.0257531033203793,0.0,255.25330534916918,255.53888519940764,0.0,0.0
194.91173512368454,7366.214104071653,72.88894855235921,252.98938654227808,40934.732540845565,0.5636736869221733,318.85711734427446,0.22859439099068316,0.6,1.3569699349930187,1.0256975485345972,0.0,255.3481418316138,255.6333986371672,0.0,0.0
195.06178264879898,7355.280387877972,72.8477738027868,253.0868394551208,40994.6368978171,0.5642812092119036,318.91852419505256,0.22842126836832047,0.6,1.3569699349930187,1.0256432875906312,0.0,255.44293058950453,255.7278652046491,0.0,0.0
195.21183017391346,7344.352843534264,72.80668301794663,253.18423769243944,41054.595236652,0.5648891285699044,318.97988478229735,0.2282485087347653,0.6,1.3569699349930187,1.0255902718694874,0.0,255.53767160548924,255.82228486874422,0.0,0.0
195.3618776990279,7333.4314585736,72.76567439624897,253.28158136478845,41114.60760605385,0.5654974453548398,319.04119920233103,0.22807610608967807,0.6,1.3569699349930187,1.0255384545432449,0.0,255.63236486452652,255.91665759922216,0.0,0.0
195.51192522414237,7322.516220797342,72.72474620451113,253.37887058033286,41174.674053486895,0.5661061599125742,319.1024675498771,0.227904054653366,0.6,1.3569699349930187,1.0254877905864745,0.0,255.72701035388366,256.0109833687294,0.0,0.0
195.66197274925682,7311.607118268166,72.6838967762237,253.47610544491027,41234.79462520474,0.5667152725764796,319.16368991810106,0.22773234886109614,0.6,1.3569699349930187,1.0254382367326866,0.0,255.82160806307297,256.10526215271057,0.0,0.0
195.8120202743713,7300.704139286774,72.64312450536237,253.5732860622386,41294.96936636898,0.5673247836686519,319.22486639874285,0.22756098334339672,0.6,1.3569699349930187,1.0253897513065366,0.0,255.91615798364725,256.1994939291535,0.0,0.0
195.96206779948577,7289.807272389076,72.60242784569391,253.6704125339409,41355.19832105589,0.5679346934999933,319.28599708213386,0.22738995292367142,0.6,1.3569699349930187,1.0253422942086374,0.0,256.0106601091676,256.29367867855103,0.0,0.0
196.1121153246002,7278.916506346602,72.56180531104015,253.76748495954186,41415.481532245256,0.5685450023701129,319.34708205719625,0.2272192526188295,0.6,1.3569699349930187,1.025295826927076,0.0,256.10511443520517,256.3878163839025,0.0,0.0
196.26216284971468,7268.031830145346,72.52125546965418,253.86450343665624,41475.81904192891,0.5691557105684386,319.4081214115631,0.22704887762139658,0.6,1.3569699349930187,1.0252503123846843,0.0,256.1995209591555,256.4819070304834,0.0,0.0
196.41221037482913,7257.153232977982,72.48077694216454,253.96146806105824,41536.21089114596,0.5697668183745868,319.46911523162316,0.2268788232928687,0.6,1.3569699349930187,1.0252057148854175,0.0,256.293879680165,256.57595060575454,0.0,0.0
196.5622578999436,7246.280704246182,72.44036840233352,254.0583789266608,41596.657119962256,0.5703783260581675,319.5300636025094,0.22670908516592117,0.6,1.3569699349930187,1.025162000139207,0.0,256.3881905991485,256.66994709938393,0.0,0.0
196.71230542505805,7235.4142335474435,72.40002857358175,254.15523612563297,41657.15776753569,0.5709902338794555,319.5909666081738,0.22653965893330746,0.6,1.3569699349930187,1.0251191351685565,0.0,256.48245371867307,256.76389650310256,0.0,0.0
196.86235295017252,7224.553810661521,72.3597562253769,254.25203974852084,41717.712872184595,0.571602542090094,319.65182433146504,0.22637054043634358,0.6,1.3569699349930187,1.0250770882110487,0.0,256.5766690428369,256.8577988105541,0.0,0.0
197.01240047528697,7213.699425551599,72.31955017362743,254.3487898842371,41778.322471374624,0.5722152509329738,319.71263685412265,0.2262017256659928,0.6,1.3569699349930187,1.025035828733598,0.0,256.67083657727545,256.9516540173027,0.0,0.0
197.16244800040144,7202.851068359989,72.27940927962791,254.44548662009922,41838.98660173569,0.5728283606424139,319.7734042568026,0.22603321075939758,0.6,1.3569699349930187,1.0249953274062105,0.0,256.76495632912275,257.0454621207856,0.0,0.0
197.3124955255159,7192.008729391155,72.23933244551161,254.54213004198084,41899.705299150504,0.5734418714450674,319.8341266191733,0.22586499198544574,0.6,1.3569699349930187,1.0249555559778414,0.0,256.85902830686246,257.1392231201271,0.0,0.0
197.46254305063036,7181.172399110065,72.19931861385322,254.63872023432646,41960.47859875766,0.5740557835599613,319.8948040199257,0.2256970657433875,0.6,1.3569699349930187,1.024916487268142,0.0,256.95305252030903,257.23293701611635,0.0,0.0
197.61259057574483,7170.342068143634,72.15936676816881,254.73525728013848,42021.30653493762,0.5746700971983649,319.9554365367668,0.22552942856427075,0.6,1.3569699349930187,1.0248780951843526,0.0,257.0470289806192,257.32660381122133,0.0,0.0
197.76263810085928,7159.517727265223,72.11947592876369,254.83174126111538,42082.189141393836,0.5752848125646186,320.0160242465068,0.22536207709777187,0.6,1.3569699349930187,1.024840354607755,0.0,257.14095770015604,257.4202235094201,0.0,0.0
197.91268562597375,7148.699367389086,72.07964515126251,254.92817225770116,42143.12645117858,0.5758999298564023,320.0765672250914,0.22519500810746026,0.6,1.3569699349930187,1.0248032413550228,0.0,257.2348386924379,257.51379611613726,0.0,0.0
198.0627331510882,7137.88697957319,72.03987352746057,255.0245503490602,42204.118496671676,0.5765154492645291,320.13706554758716,0.225028218473353,0.6,1.3569699349930187,1.0247667322046496,0.0,257.3286719721603,257.6073216382718,0.0,0.0
198.21278067620267,7127.080555009771,72.00016018282533,255.12087561316142,42265.16530962887,0.5771313709734429,320.1975192882346,0.2248617051839568,0.6,1.3569699349930187,1.0247308048293544,0.0,257.4224575551138,257.70080008409474,0.0,0.0
198.36282820131711,7116.2800850153635,71.96050427381354,255.2171481268672,42326.266921232775,0.5777476951617379,320.25792852050563,0.22469546532774134,0.6,1.3569699349930187,1.0246954377230602,0.0,257.5161954580952,257.7942314631388,0.0,0.0
198.5128757264316,7105.48556103239,71.92090498836865,255.31336796591904,42387.42336207952,0.5783644220020325,320.3182933170948,0.2245294960945971,0.6,1.3569699349930187,1.0246606102171067,0.0,257.6098856989188,257.8876157862128,0.0,0.0
198.66292325154606,7094.696974626746,71.8813615453323,255.4095352049592,42448.63466218782,0.5789815516610686,320.378613749934,0.22436379477388604,0.6,1.3569699349930187,1.0246263024659608,0.0,257.70352829639467,257.98095306537476,0.0,0.0
198.8129707766605,7083.914317475077,71.84187319101642,255.50564991764404,42509.90085106646,0.5795990843003966,320.43888989026436,0.22419835874359373,0.6,1.3569699349930187,1.02459249535292,0.0,257.79712327021736,258.07424331379343,0.0,0.0
198.96301830177498,7073.137581363939,71.8024391990089,255.6017121766515,42571.22195771519,0.5802170200763931,320.4991218086416,0.2240331854696299,0.6,1.3569699349930187,1.0245591704866148,0.0,257.89067064095616,258.16748654573615,0.0,0.0
199.11306582688943,7062.366758191953,71.76305887083608,255.6977220536618,42632.59801060823,0.5808353591400994,320.5593095749245,0.22386827250781452,0.6,1.3569699349930187,1.0245263102216489,0.0,257.9841704300724,258.2606827765912,0.0,0.0
199.2631133520039,7051.6018399581235,71.723731532816,255.79367961946167,42694.02903775696,0.5814541016378607,320.6194532583414,0.22370361749392695,0.6,1.3569699349930187,1.0244938975718878,0.0,258.0776226598184,258.3538320227412,0.0,0.0
199.41316087711834,7040.84281875785,71.68445653498726,255.88958494397986,42755.51506672888,0.5820732477115214,320.6795529275128,0.2235392181402691,0.6,1.3569699349930187,1.0244619161820168,0.0,258.17102735319986,258.44693430151733,0.0,0.0
199.56320840223282,7030.089686786021,71.64523325202559,255.98543809625943,42817.05612462621,0.582692797498215,320.7396086504348,0.22337507223845793,0.6,1.3569699349930187,1.0244303503551313,0.0,258.2643845340024,258.53998963123183,0.0,0.0
199.71325592734726,7019.342436330182,71.60606108141305,256.0812391445188,42878.6522381218,0.5833127511307332,320.7996204945178,0.22321117765361176,0.6,1.3569699349930187,1.024399185002829,0.0,258.3576942267311,258.6329980311035,0.0,0.0
199.86330345246174,7008.601059762933,71.56693944138702,256.1769881562194,42940.30343349898,0.5839331087379296,320.85958852663,0.22304753231785457,0.6,1.3569699349930187,1.0243684055888884,0.0,258.4509564565441,258.72595952117445,0.0,0.0
200.01335097757618,6997.8655495438725,71.52786777150993,256.2726851980483,43002.00973663732,0.5845538704445825,320.9195128130865,0.2228841342320309,0.6,1.3569699349930187,1.0243379981468832,0.0,258.5441712492672,258.81887412232885,0.0,0.0
200.16339850269065,6987.135898218408,71.4888455324,256.36833033592893,43063.77117301652,0.5851750363714386,320.97939341965713,0.22272098146479316,0.6,1.3569699349930187,1.0243079492741258,0.0,258.6373386313836,258.91174185628023,0.0,0.0
200.31344602780513,6976.412098407956,71.44987220306548,256.4639236351083,43125.58776776953,0.5857966066357525,321.0392304116214,0.22255807214419188,0.6,1.3569699349930187,1.0242782460577429,0.0,258.73045862994826,259.00456274546474,0.0,0.0
200.46349355291957,6965.694142809645,71.41094728084961,256.55946516015973,43187.45954568158,0.5864185813512793,321.0990238537707,0.22239540445744344,0.6,1.3569699349930187,1.0242488760744495,0.0,258.8235312725834,259.0973368130359,0.0,0.0
200.61354107803405,6954.982024198933,71.37207028220519,256.65495497495937,43249.38653117218,0.5870409606281002,321.1587738103943,0.22223297665329184,0.6,1.3569699349930187,1.0242198274138363,0.0,258.9165565875011,259.19006408289283,0.0,0.0
200.7635886031485,6944.275735420559,71.3332407402329,256.75039314276694,43311.36874834488,0.5876637445731253,321.21848034533036,0.22207078703424882,0.6,1.3569699349930187,1.0241910886099832,0.0,259.0095346034243,259.2827445795817,0.0,0.0
200.91363612826297,6933.57526938556,71.29445820388099,256.8457797262524,43373.406221001904,0.5882869332902451,321.2781435219831,0.22190883395403693,0.6,1.3569699349930187,1.024162648619965,0.0,259.1024653495599,259.3753783282625,0.0,0.0
201.0636836533774,6922.880619074623,71.25572223890903,256.94111478746584,43435.49897262225,0.5889105268801135,321.3377634033045,0.2217471158205499,0.6,1.3569699349930187,1.0241344968523607,0.0,259.1953488556268,259.46796535474414,0.0,0.0
201.21373117849188,6912.191777532947,71.21703242651114,257.03639838788354,43497.64702638904,0.5895345254404258,321.3973400518235,0.221585631091495,0.6,1.3569699349930187,1.0241066231293938,0.0,259.2881851518113,259.56050568542906,0.0,0.0
201.36377870360633,6901.508737864319,71.17838836169469,257.13163058846044,43559.850405221965,0.5901589290662507,321.4568735296794,0.22142437826927644,0.6,1.3569699349930187,1.0240790176420056,0.0,259.3809742687152,259.65299934724806,0.0,0.0
201.5138262287208,6890.831493233238,71.13978965390109,257.2268114496115,43622.10913176239,0.5907837378498798,321.51636389861056,0.22126335590288915,0.6,1.3569699349930187,1.0240516709685,0.0,259.47371623737286,259.7454463676824,0.0,0.0
201.66387375383528,6880.160036864606,71.10123592695435,257.32194103121424,43684.423228373176,0.5914089518808316,321.5758112199565,0.2211025625877109,0.6,1.3569699349930187,1.024024574074145,0.0,259.56641108924845,259.8378467747602,0.0,0.0
201.81392127894972,6869.494362035873,71.06272681691277,257.41701939267887,43746.79271718262,0.5920345712462958,321.63521555470226,0.22094199695874642,0.6,1.3569699349930187,1.023997718251105,0.0,259.6590588561678,259.9302005969712,0.0,0.0
201.9639688040642,6858.834462077726,71.02426197227805,257.5120465929421,43809.217620078205,0.592660596031071,321.69457696347456,0.22078165769123986,0.6,1.3569699349930187,1.0239710951252776,0.0,259.7516595703231,260.02250786327323,0.0,0.0
202.11401632917864,6848.180330374819,70.9858410542329,257.60702269046067,43871.697958700664,0.5932870263175106,321.75389550653864,0.2206215435013757,0.6,1.3569699349930187,1.023944696663983,0.0,259.84421326427895,260.1147686030998,0.0,0.0
202.2640638542931,6837.531963990573,70.94736275990377,257.6455270829574,43933.7162081523,0.5940369229176495,321.7779408047667,0.2204854769797594,0.6,1.3569699349930187,1.0241277589539945,0.0,259.8802929493941,260.15055505547264,0.0,0.0
202.41411137940756,6826.88940041859,70.90845501566959,257.6373580650455,43995.35994154894,0.5948892824806958,321.77283955067514,0.22036805565903708,0.6,1.3569699349930187,1.0244726657757153,0.0,259.86967349911555,260.1396392613926,0.0,0.0
202.56415890452203,6816.252712798586,70.86904566616383,257.6291935300948,44057.05626792911,0.5957423968970795,321.76774101522176,0.2202490698494578,0.6,1.3569699349930187,1.0248017593336158,0.0,259.8590283107054,260.1286940743837,0.0,0.0
202.71420642963648,6805.621973815568,70.829169662159,257.6210335339426,44118.80474320702,0.5965962600595784,321.7626452334053,0.22012862807856337,0.6,1.3569699349930187,1.0251160010575076,0.0,259.84835969081496,260.1177220733002,0.0,0.0
202.86425395475095,6794.997251918897,70.78884677656833,257.6128781291753,44180.60494542545,0.5974508661661594,321.75755223819687,0.22000679171055915,0.6,1.3569699349930187,1.025415917059149,0.0,259.8376689844684,260.1067247594675,0.0,0.0
203.01430147986542,6784.378612618266,70.74809768047962,257.60472736612377,44242.45646736967,0.5983062096178836,321.75246206116077,0.2198836249061285,0.6,1.3569699349930187,1.0257020621479738,0.0,259.8269575885746,260.09570369264344,0.0,0.0
203.16434900497987,6773.7661183243445,70.70694222790604,257.5965812927407,44304.35891761285,0.5991622850333995,321.7473747323781,0.21975918929165597,0.6,1.3569699349930187,1.025974970152513,0.0,259.816226843873,260.08466036991086,0.0,0.0
203.31439653009434,6763.159828587407,70.66539951807137,257.5884399547838,44366.31191924342,0.6000190872313779,321.7422902805609,0.21963354415252898,0.6,1.3569699349930187,1.0262351555625735,0.0,259.8054780390989,260.07359623032517,0.0,0.0
203.4644440552088,6752.559800156558,70.62348791029626,257.580303395861,44428.31510963106,0.6008766112273086,321.7372087330803,0.2195067464791955,0.6,1.3569699349930187,1.0264831138306705,0.0,259.7947124120337,260.0625126560853,0.0,0.0
203.61449158032326,6741.966087017342,70.58122503102541,257.57217165745965,44490.368140317056,0.6017348522320166,321.7321301159849,0.21937885098880483,0.6,1.3569699349930187,1.0267193214528985,0.0,259.78393115004826,260.05141097314004,0.0,0.0
203.7645391054377,6731.3787405946405,70.53862782717201,257.56404477910195,44552.470675932775,0.6025938056367365,321.7270544540972,0.2192499102907623,0.6,1.3569699349930187,1.0269442373793396,0.0,259.77313539368015,260.04029245517853,0.0,0.0
203.91458663055218,6720.797809781181,70.49571386765984,257.555922798367,44614.62239413349,0.6034534670122254,321.7219817710278,0.2191199789320962,0.6,1.3569699349930187,1.0271583408325318,0.0,259.76232631820375,260.0291584150627,0.0,0.0
204.06463415566662,6710.2233410528925,70.4524948431885,257.54702862111765,44676.90994392319,0.6043168318139612,321.7164267113657,0.2189894235845046,0.6,1.3569699349930187,1.0273670414182507,0.0,259.75072759704415,260.01723261904294,0.0,0.0
204.2146816807811,6699.655380299141,70.40896851328476,257.53604351445506,44739.481154607056,0.6051890067625305,321.70956558202755,0.21885879702054525,0.6,1.3569699349930187,1.0275789030323124,0.0,259.73702039235053,260.0031962165761,0.0,0.0
204.36472920589554,6689.093973051959,70.36514311160515,257.52506518353107,44802.101322228635,0.6060619024394056,321.7027085385163,0.2187272324540612,0.6,1.3569699349930187,1.0277803736181035,0.0,259.7233029593521,259.9891475294152,0.0,0.0
204.51477673101002,6678.539163273191,70.32103375598365,257.5140936741107,44864.77014552924,0.6069355146845374,321.6958556096787,0.2185947768046656,0.6,1.3569699349930187,1.0279718655505001,0.0,259.70957632271217,259.97508770060693,0.0,0.0
204.6648242561245,6667.9909923948335,70.27665459671805,257.5031290293302,44927.48733665474,0.6078098395239842,321.6890068227221,0.21846147398952442,0.6,1.3569699349930187,1.0281537648226553,0.0,259.6958414419429,259.96101780048554,0.0,0.0
204.81487178123894,6657.449499869935,70.23201946953809,257.49217129026874,44990.25261797492,0.6086848731256113,321.68216220357095,0.2183273669526412,0.6,1.3569699349930187,1.0283264499579567,0.0,259.6820992528524,259.9469388730636,0.0,0.0
204.9649193063534,6646.914723121788,70.18714166561449,257.4812204958965,45053.0657224668,0.6095606118044675,321.67532177683427,0.21819249694978957,0.6,1.3569699349930187,1.0284902852234987,0.0,259.668350653189,259.9328519199459,0.0,0.0
205.11496683146785,6636.386697574911,70.14203393790697,257.47027668310625,45115.92639361161,0.6104370520213809,321.6684855658254,0.21805690356804722,0.6,1.3569699349930187,1.0286456207330092,0.0,259.6545965031465,259.9187579008925,0.0,0.0
205.26501435658233,6625.865456801938,70.09670854028478,257.4593398868661,45178.834384596514,0.6113141903718629,321.6616535926571,0.2179206248471669,0.6,1.3569699349930187,1.0287927934978476,0.0,259.6408376280322,259.9046577367907,0.0,0.0
205.41506188169677,6615.3510325959505,70.05117724665791,257.44841014029487,45241.78945795664,0.6121920235811453,321.65482587828876,0.21778369733885056,0.6,1.3569699349930187,1.0289321279080594,0.0,259.6270748196084,259.89055231114935,0.0,0.0
205.56510940681125,6604.843454988337,70.00545135434176,257.4374874746804,45304.791385539895,0.6130705485037201,321.6480024425373,0.21764615611703758,0.6,1.3569699349930187,1.0290639357614326,0.0,259.61330883639346,259.8764424704348,0.0,0.0
205.7151569319257,6594.3427523437995,69.95954170888989,257.42657191957835,45367.83994800776,0.6139497621164068,321.6411833041393,0.21750803485490583,0.6,1.3569699349930187,1.0291885169149928,0.0,259.5995404053802,259.8623290259847,0.0,0.0
205.86520445704016,6583.848951464253,69.91345873198519,257.41566350292027,45430.934934278084,0.6148296615106095,321.63436848081784,0.2173693659113883,0.6,1.3569699349930187,1.0293061600297904,0.0,259.58577022394843,259.8482127561387,0.0,0.0
206.01525198215464,6573.3620776074185,69.86721242562213,257.40476225103276,45494.07614147682,0.6157102438916686,321.6275579892949,0.2172301803440226,0.6,1.3569699349930187,1.0294171426338155,0.0,259.57199896021365,259.83409440662734,0.0,0.0
206.16529950726908,6562.88215453453,69.8208123839038,257.3938681886871,45557.26337471277,0.6165915065757468,321.6207518453218,0.21709050794546667,0.6,1.3569699349930187,1.0295217314068625,0.0,259.55822725387907,259.8199746915207,0.0,0.0
206.31534703238356,6552.409204626847,69.77426782446236,257.38298133922035,45620.496446435194,0.6174734469808927,321.613950063755,0.21695037734100367,0.6,1.3569699349930187,1.0296201830373373,0.0,259.54445571837323,259.8058542956103,0.0,0.0
206.465394557498,6541.943248912635,69.72758759538922,257.37210172456327,45683.77517632707,0.6183560626255747,321.60715265857345,0.21680981600995003,0.6,1.3569699349930187,1.0297127443733358,0.0,259.5306849413728,259.7917338749914,0.0,0.0
206.61544208261247,6531.484307091683,69.68078018072157,257.361229365266,45747.09939121132,0.619239351127397,321.60035964289443,0.2166688503025781,0.6,1.3569699349930187,1.029799652533036,0.0,259.51691548523274,259.7776140575424,0.0,0.0
206.76548960772692,6521.03239763227,69.63385372656994,257.3503642805986,45810.46892451792,0.6201233101956871,321.59357102903635,0.2165275055211933,0.6,1.3569699349930187,1.0298811356169106,0.0,259.5031478887681,259.7634954449096,0.0,0.0
206.9155371328414,6510.5875378185565,69.58681605381382,257.3395064886006,45873.883616045714,0.6210079376281945,321.5867868285496,0.21638580595947574,0.6,1.3569699349930187,1.0299574130333655,0.0,259.4893826681492,259.7493786135048,0.0,0.0
207.06558465795584,6500.149743765791,69.53967466136709,257.32865600609625,45937.343311919074,0.6218932313105049,321.580007052226,0.2162437749125167,0.6,1.3569699349930187,1.0300286955518299,0.0,259.4756203171782,259.73526411481396,0.0,0.0
207.2156321830703,6489.7190304843025,69.49243674315632,257.3178128487616,46000.847864246185,0.622779189211294,321.5732317101407,0.21610143472947813,0.6,1.3569699349930187,1.0300951857564777,0.0,259.46186130846417,259.7211524767052,0.0,0.0
207.36567970818479,6479.295411946817,69.44510920637417,257.30697703119426,46064.39713075356,0.6236658093772457,321.5664608116956,0.2159588068702232,0.6,1.3569699349930187,1.0301570785400362,0.0,259.44810609467567,259.7070442048254,0.0,0.0
207.51572723329923,6468.87890110272,69.39769867487196,257.29614856692797,46127.990974742155,0.6245530899324581,321.5596943656283,0.21581591191576255,0.6,1.3569699349930187,1.0302145611667166,0.0,259.4343551088187,259.69293978290966,0.0,0.0
207.6657747584137,6458.4695099124665,69.35021149790468,257.2853274684687,46191.62926491889,0.6254410290761095,321.55293238003486,0.21567276959533838,0.6,1.3569699349930187,1.0302678134921843,0.0,259.4206087648661,259.67883967348223,0.0,0.0
207.81582228352815,6448.067249422695,69.30265377058342,257.2745137473725,46255.3118749777,0.62632962507663,321.5461748624182,0.215529398849905,0.6,1.3569699349930187,1.0303170085274633,0.0,259.4068674591469,259.66474431940486,0.0,0.0
207.96586980864262,6437.672129022908,69.25503648347419,257.2637074134729,46319.038688197055,0.6272188763358718,321.53942181920513,0.21538583384781615,0.6,1.3569699349930187,1.0303624657417572,0.0,259.3931318862989,259.6506544981323,0.0,0.0
208.11591733375707,6427.284160951622,69.2073332001345,257.2529084795652,46382.80956982798,0.6281087810038135,321.53267325867387,0.2152419923572029,0.6,1.3569699349930187,1.030403390708285,0.0,259.37940044207875,259.63656840986425,0.0,0.0
208.26596485887154,6416.903348838393,69.15968342438072,257.2945160499098,46448.93548955256,0.6289025304705762,321.5586742327794,0.21507640429663968,0.6,1.3569699349930187,1.0302853401099197,0.0,259.418080808663,259.67489477415,0.0,0.0
208.416012383986,6406.529668809513,69.1122961666492,257.3575451919971,46515.62065265416,0.6296511796015373,321.5980577505474,0.21490271629767504,0.6,1.3569699349930187,1.0300987266731574,0.0,259.47820087336754,259.73466302867524,0.0,0.0
208.56605990910046,6396.163070885933,69.06530677842687,257.4423464282255,46578.83851788717,0.6302992297039862,321.6510378693949,0.2147212309212898,0.6,1.3569699349930187,1.0297572343353119,0.0,259.5601194261019,259.81623296318344,0.0,0.0
208.7161074342149,6385.803487089096,69.01880879178673,257.5270905632586,46642.09964571574,0.6309475781437146,321.7039735976331,0.2145413624206926,0.6,1.3569699349930187,1.029428959373586,0.0,259.64201295387295,259.8977817518774,0.0,0.0
208.86615495932938,6375.450844070795,68.97278922791423,257.61177819654773,46705.40442751201,0.6315962288802501,321.7568653315286,0.21436306932206944,0.6,1.3569699349930187,1.0291135374421008,0.0,259.72388120038363,259.97930903496996,0.0,0.0
209.01620248444385,6365.105071447494,68.92722944410349,257.6964099033008,46768.753238725316,0.6322451857065049,321.8097134519318,0.21418629259119312,0.6,1.3569699349930187,1.0288104344790596,0.0,259.80572354118254,260.0608140429285,0.0,0.0
209.1662500095583,6354.76610156488,68.88211168499753,257.7809862364072,46832.146440207885,0.6328944522625438,321.862518325492,0.21401097600105978,0.6,1.3569699349930187,1.0285191420366646,0.0,259.8875393873691,260.1422960487696,0.0,0.0
209.31629753467277,6344.433869420592,68.83741894033044,257.8655077270701,46895.58437857949,0.6335440320394924,321.9152803050637,0.21383706568727187,0.6,1.3569699349930187,1.028239173059706,0.0,259.9693281772794,260.22375435866326,0.0,0.0
209.46634505978722,6334.1083124502875,68.79313488405195,257.9499748865558,46959.0673874374,0.6341939283920924,321.9679997308106,0.2136645099561701,0.6,1.3569699349930187,1.0279700601037602,0.0,260.05108937430276,260.3051883092735,0.0,0.0
209.6163925849017,6323.789370490642,68.74924386413103,258.03438820649643,47022.595787486345,0.6348441445401892,322.0206769304054,0.21349325925114124,0.6,1.3569699349930187,1.0277113550489674,0.0,260.13282246636527,260.38659726714275,0.0,0.0
209.76644011001613,6313.476985740116,68.705730892186,258.11874815921004,47086.16988668357,0.6354946835703675,322.07331221923965,0.2133232661184205,0.6,1.3569699349930187,1.0274626288105433,0.0,260.21452696542923,260.4679806280926,0.0,0.0
209.9164876351306,6303.171102553717,68.66258158506581,258.2030551993797,47149.78998141217,0.6361455484481089,322.1259059014821,0.21315448502321122,0.6,1.3569699349930187,1.0272234696301255,0.0,260.2962024054298,260.5493378147071,0.0,0.0
210.06653516024505,6292.871667377291,68.61978214629163,258.28730976459065,47213.45635680029,0.6367967420211919,322.17845827042294,0.21298687229018612,0.6,1.3569699349930187,1.0269934825439027,0.0,260.3778483415168,260.63066827541854,0.0,0.0
210.21658268535953,6282.578628733917,68.577319362986,258.371512275441,47277.16928672135,0.6374482670198296,322.23096960855236,0.21282038609229287,0.6,1.3569699349930187,1.0267722893097726,0.0,260.45946434982267,260.71197148423363,0.0,0.0
210.366630210474,6272.291937080445,68.53518056521372,258.4556631367153,47340.92903460015,0.6381001260650436,322.2834401883011,0.21265498632250715,0.6,1.3569699349930187,1.0265595272232266,0.0,260.5410500260102,260.79324693896376,0.0,0.0
210.51667773558844,6262.011544695897,68.4933535942516,258.5397627382975,47404.735854028135,0.6387523216750761,322.3358702726184,0.2124906344935261,0.6,1.3569699349930187,1.026354848196229,0.0,260.62260498411615,260.87449415981837,0.0,0.0
210.66672526070292,6251.737405671358,68.45182680027472,258.62381145525273,47468.58998875246,0.6394048562653945,322.38826011503096,0.21232729372915288,0.6,1.3569699349930187,1.0261579187068115,0.0,260.7041288563626,260.9557126891836,0.0,0.0
210.81677278581736,6241.469475836302,68.41058902184155,258.7078096484303,47532.49167306209,0.6400577321527534,322.44060996002634,0.21216492869903253,0.6,1.3569699349930187,1.0259684192104288,0.0,260.78562129238753,261.03690209068685,0.0,0.0
210.96682031093184,6231.207712617102,68.3696295455841,258.7917576656208,47596.44113259968,0.6407109515635977,322.49292004378225,0.21200350549184804,0.6,1.3569699349930187,1.0257860429639356,0.0,260.86708195783524,261.11806194747686,0.0,0.0
211.11686783604628,6220.952075015555,68.32893810038722,258.87565584173143,47660.43858443122,0.6413645166348763,322.54519059428213,0.21184299159597672,0.6,1.3569699349930187,1.0256104958707928,0.0,260.9485105340698,261.19919186188116,0.0,0.0
211.26691536116076,6210.702523584335,68.2885048510532,258.95950449898663,47724.48423713585,0.6420184294150598,322.59742183144743,0.21168335587856302,0.6,1.3569699349930187,1.0254414963117313,0.0,261.0299067178859,261.2802914550582,0.0,0.0
211.4169628862752,6200.459020290587,68.248320359437,259.04330394804407,47788.57829159726,0.6426726918723187,322.6496139678393,0.21152456846342232,0.6,1.3569699349930187,1.025278774009955,0.0,261.11127022016825,261.36136036535856,0.0,0.0
211.56701041138967,6190.2215284728745,68.20837557230344,259.12705448834623,47852.720941216394,0.6433273058967846,322.7017672088838,0.21136660069218766,0.6,1.3569699349930187,1.0251220696879435,0.0,261.1926007654146,261.44239824774917,0.0,0.0
211.71705793650415,6179.990012833797,68.16866181984831,259.21075640818094,47916.91237190229,0.6439822733005441,322.75388175291545,0.21120942511865712,0.6,1.3569699349930187,1.024971135041165,0.0,261.27389809161895,261.52340477367386,0.0,0.0
211.8671054616186,6169.764439344678,68.12917078867315,259.29440998546073,47981.15276261595,0.644637595823275,322.80595779166845,0.21105301542371827,0.6,1.3569699349930187,1.0248257319528467,0.0,261.35516194932944,261.604379629904,0.0,0.0
212.01715298673307,6159.544775171715,68.08989450075865,259.3780154883268,48045.44228578392,0.6452932751365449,322.8579955106581,0.21089734634901083,0.6,1.3569699349930187,1.0246856318856787,0.0,261.4363921009019,261.6853225176279,0.0,0.0
212.1672005118475,6149.33098867054,68.05082531234345,259.46157317519373,48109.78110728401,0.6459493128437419,322.90999508921385,0.21074239369252817,0.6,1.3569699349930187,1.0245506158648878,0.0,261.5175883204021,261.76623315233667,0.0,0.0
212.31724803696198,6139.12304933787,68.01195590049078,259.5450832951442,48174.16938670248,0.6466057104827744,322.9619567007301,0.2105881342659608,0.6,1.3569699349930187,1.024420474095296,0.0,261.5987503931168,261.8471112632276,0.0,0.0
212.46729556207643,6128.92092771753,67.97327923460205,259.6285460886982,48238.60727788122,0.6472624695317185,323.0138805131497,0.2104345458053308,0.6,1.3569699349930187,1.0242950051288122,0.0,261.67987811453474,261.9279565919695,0.0,0.0
212.6173430871909,6118.724595419065,67.93478826850131,259.71196178766064,48303.0949287581,0.6479195914072604,323.0657666888735,0.21028160601715962,0.6,1.3569699349930187,1.0241740065934208,0.0,261.76097127155697,262.00876887165884,0.0,0.0
212.76739061230535,6108.534024948355,67.89647782687977,259.79533061650636,48367.63248239651,0.6485770774752523,323.1176153856268,0.21012929841614575,0.6,1.3569699349930187,1.024057332110117,0.0,261.8420297576045,262.08954795568053,0.0,0.0
212.91743813741982,6098.349189826551,67.85834044827577,259.87841984188407,48432.23576872854,0.6492357213621215,323.1692819148331,0.20997769356729554,0.6,1.3569699349930187,1.0239460155612063,0.0,261.92282037131287,262.17006058607075,0.0,0.0
213.06748566253427,6088.170064779591,67.82036577007604,259.9610185307267,48496.91922338707,0.649896244858527,323.22063523283225,0.20982684388706055,0.6,1.3569699349930187,1.023840884082075,0.0,262.0031315379837,262.25009511053526,0.0,0.0
213.21753318764874,6077.996625920628,67.78254770882528,260.0435713429544,48561.65306755173,0.6505571385599985,323.2719518774599,0.2096765503940752,0.6,1.3569699349930187,1.0237393774017485,0.0,262.0834075349296,262.33009576011597,0.0,0.0
213.3675807127632,6067.82885014642,67.74488113135382,260.126078465599,48626.43741940035,0.6512184035781867,323.32323198241346,0.20952679680945002,0.6,1.3569699349930187,1.0236413486401195,0.0,262.1636482246228,262.4100623580343,0.0,0.0
213.51762823787766,6057.666715094597,67.7073610205348,260.2085400796831,48691.27239301643,0.6518800409820621,323.37447567755913,0.2093775672265695,0.6,1.3569699349930187,1.0235466540833196,0.0,262.24385347125207,262.48999473016266,0.0,0.0
213.66767576299213,6047.510199151172,67.66998256955918,260.29095636015876,48756.15809831036,0.6525420517971566,323.425683088897,0.20922884640227957,0.6,1.3569699349930187,1.023455156040345,0.0,262.3240231463003,262.56989271128384,0.0,0.0
213.81772328810658,6037.3592814203475,67.63274117354091,260.37332747615295,48821.09464118261,0.6532044370072784,323.47685433871675,0.20908061973028153,0.6,1.3569699349930187,1.023366722604629,0.0,262.40415712824455,262.64975614472496,0.0,0.0
213.96777081322105,6027.213941663949,67.59563241217015,260.45565359145854,48886.082123882494,0.6538671975582153,323.52798954590554,0.20893287318678488,0.6,1.3569699349930187,1.023281227147191,0.0,262.48425530196664,262.7295848816378,0.0,0.0
214.1178183383355,6017.074160293468,67.55865204758857,260.53793486459887,48951.12064503245,0.6545303343580252,323.5790888259911,0.2087855933234274,0.6,1.3569699349930187,1.0231985482642267,0.0,262.56431755865435,262.8093787808797,0.0,0.0
214.26786586344997,6006.939918361906,67.52179602240054,260.62017144889376,49016.21029965358,0.6551938482773376,323.6301522911853,0.20863876726062283,0.6,1.3569699349930187,1.0231185697288394,0.0,262.6443437957135,262.88913770890747,0.0,0.0
214.41791338856441,5996.8111975049305,67.48506044279969,260.70236349293714,49081.35117951862,0.6558577401529924,323.68118005068374,0.20849238263476585,0.6,1.3569699349930187,1.0230411799966805,0.0,262.7243339161999,262.9688615390827,0.0,0.0
214.5679609136789,5986.6879799230255,67.44844157351811,260.7845111407417,49146.54337324277,0.6565220107890026,323.7321722107576,0.20834642758214195,0.6,1.3569699349930187,1.0229662720647257,0.0,262.80428782863083,263.04855015144295,0.0,0.0
214.71800843879336,5976.570248380897,67.41193583797465,260.86661453174355,49211.78696626466,0.6571866609563976,323.78312887475926,0.20820089073896708,0.6,1.3569699349930187,1.0228937434857863,0.0,262.8842054469685,263.12820343268277,0.0,0.0
214.8680559639078,5966.457986166605,67.37553980661878,260.94867380113396,49277.082041087124,0.6578516913957093,323.8340501433304,0.2080557612048457,0.6,1.3569699349930187,1.022823496028872,0.0,262.9640866902253,263.20782127567077,0.0,0.0
215.01810348902228,5956.351177059919,67.33925018785945,261.030689080116,49342.42867746047,0.6585171028188742,323.88493611456363,0.20791102851427584,0.6,1.3569699349930187,1.0227554354162665,0.0,263.04393148215064,263.2874035790678,0.0,0.0
215.16815101413673,5946.249805331948,67.30306382817604,261.1126604959074,49407.826952365074,0.6591828959090871,323.935786884006,0.20776668263662923,0.6,1.3569699349930187,1.0226894713357806,0.0,263.12373975121477,263.3669502473088,0.0,0.0
215.3181985392512,5936.153855725507,67.26697770665494,261.19458817189985,49473.27694011815,0.6598490713219183,323.98660254476056,0.2076227139588639,0.6,1.3569699349930187,1.0226255172855954,0.0,263.2035114304171,263.44646119036787,0.0,0.0
215.46824606436564,5926.063313414188,67.2309889232067,261.27647222799123,49538.77871262059,0.6605156296878566,324.0373831876937,0.20747911324868393,0.6,1.3569699349930187,1.022563490228682,0.0,263.28324645689054,263.5259363232751,0.0,0.0
215.61829358948012,5915.978163997588,67.1950946973112,261.35831278062403,49604.33233937045,0.6611825716124754,324.0881289014612,0.20733587165033693,0.6,1.3569699349930187,1.022503310563004,0.0,263.3629447718433,263.6053755660468,0.0,0.0
215.76834111459456,5905.898393497131,67.15929236705205,261.44010994281945,49669.93788747217,0.6618498976765504,324.1388397725311,0.20719298068130929,0.6,1.3569699349930187,1.0224449021004136,0.0,263.44260632051385,263.6847788436306,0.0,0.0
215.91838863970904,5895.823988316059,67.12357937759798,261.5218638245017,49735.59542188065,0.6625176084385719,324.1895158853866,0.2070504321963599,0.6,1.3569699349930187,1.0223881917277615,0.0,263.5222310517878,263.76414608543683,0.0,0.0
216.0684361648235,5885.754935227666,67.08795327785235,261.60357453259377,49801.30500546236,0.6631857044353893,324.2401573225869,0.20690821837686954,0.6,1.3569699349930187,1.0223331093131058,0.0,263.60181891807485,263.84347722518896,0.0,0.0
216.21848368993795,5875.691221376271,67.05241172096521,261.68524217100924,49867.06669897343,0.6638541861820119,324.2907641647639,0.20676633173215375,0.6,1.3569699349930187,1.022279587728168,0.0,263.68136987531244,263.9227722009291,0.0,0.0
216.36853121505243,5865.63283424963,67.01695245642587,261.7668668408763,49932.880561225626,0.6645230541733199,324.34133649076233,0.2066247650747243,0.6,1.3569699349930187,1.0222275626169748,0.0,263.76088388270153,264.0020309546941,0.0,0.0
216.51857874016687,5855.579761659496,66.98157521382176,261.8484486406952,49998.74664919911,0.6651923088852322,324.39187437773904,0.20648351732702425,0.6,1.3569699349930187,1.0221770298988266,0.0,263.84036101488607,264.08125355824274,0.0,0.0
216.66862626528135,5845.531989556516,66.94630758398206,261.933376992718,50063.16680169035,0.6658334086770921,324.444477007041,0.2063413382824489,0.6,1.3569699349930187,1.0220850227759513,0.0,263.9231923265278,264.1638312636528,0.0,0.0
216.8186737903958,5835.489499234181,66.91117423636089,262.0183266699633,50127.60715016369,0.6664743071414321,324.4970843143197,0.20619961617759341,0.6,1.3569699349930187,1.0219953025097899,0.0,264.00605404605597,264.2464404753642,0.0,0.0
216.96872131551027,5825.452270448485,66.87617801829629,262.1032321076908,50192.0968214081,0.6671155583267636,324.549655704492,0.2060583853436227,0.6,1.3569699349930187,1.021908812804568,0.0,264.0888807652459,264.32901580408037,0.0,0.0
217.1187688406247,5815.420282856986,66.84131072135395,262.18809347755905,50256.635923053545,0.6677571632078989,324.60219130126995,0.20591762012880915,0.6,1.3569699349930187,1.0218253096111234,0.0,264.1716721557862,264.41155686102593,0.0,0.0
217.26881636573918,5805.3935176475825,66.80656867854536,262.2729109382837,50321.22455341042,0.668399122666262,324.65469122026286,0.20577730889223547,0.6,1.3569699349930187,1.0217446872184244,0.0,264.2544281468886,264.4940635476575,0.0,0.0
217.41886389085363,5795.371956209556,66.77194943291799,262.3580273065432,50385.888684759906,0.6690409073293064,324.70736762234736,0.2056373094391177,0.6,1.3569699349930187,1.02166606702396,0.0,264.33749139796606,264.5768785043692,0.0,0.0
217.5689114159681,5785.355580019148,66.73745391677481,262.44653554890783,50450.86235792723,0.6696777295040204,324.7621341092884,0.20549641385937079,0.6,1.3569699349930187,1.0215821814107655,0.0,264.4239549195125,264.6630947469666,0.0,0.0
217.71895894108258,5775.344370331278,66.70308401543835,262.5349984166855,50515.88644222075,0.670314907072856,324.81686329274385,0.20535597610066708,0.6,1.3569699349930187,1.0215012220888107,0.0,264.51038156313206,264.74927513918345,0.0,0.0
217.86900646619702,5765.338308588133,66.6688357821403,262.62341607343126,50580.961037092944,0.6709524409083185,324.87155529272735,0.20521598365873545,0.6,1.3569699349930187,1.0214230743525843,0.0,264.59677124723544,264.8354195697837,0.0,0.0
218.0190539913115,5755.337376830462,66.63470516217738,262.71178867741327,50646.086238591204,0.671590331848881,324.9262102258895,0.20507642370817905,0.6,1.3569699349930187,1.0213476199316722,0.0,264.68312387908026,264.92152791566895,0.0,0.0
218.16910151642594,5745.341557704043,66.60068827398457,262.8001163815554,50711.26213929101,0.6722285806983664,324.9808282054855,0.20493728396763433,0.6,1.3569699349930187,1.0212747456014235,0.0,264.7694393713482,265.0076000604672,0.0,0.0
218.3191490415404,5735.350834434207,66.56678140192153,262.8883993336628,50776.488828438836,0.6728671882273866,325.0354093415171,0.20479855267700794,0.6,1.3569699349930187,1.021204342974264,0.0,264.855717641914,265.0936358942464,0.0,0.0
218.46919656665486,5725.365190776464,66.5329809818928,262.9766376768573,50841.76639225094,0.6735061551763011,325.0899537410051,0.20466021855261254,0.6,1.3569699349930187,1.0211363080729066,0.0,264.9419586134026,265.17963531296573,0.0,0.0
218.61924409176933,5715.384611010153,66.49928359962946,263.0648315496342,50907.09491393416,0.6741454822554558,325.1444615080267,0.20452227078143792,0.6,1.3569699349930187,1.0210705412871908,0.0,265.0281622131181,265.26559821838856,0.0,0.0
218.76929161688378,5705.40907993147,66.46568598891879,263.15298108592344,50972.47447371036,0.6747851701454544,325.1989327437562,0.2043846990152674,0.6,1.3569699349930187,1.0210069473293732,0.0,265.1143283729746,265.3515245179985,0.0,0.0
218.91933914199825,5695.438582805075,66.43218501750982,263.2410864155172,51037.90514911313,0.6754252195000918,325.25336754673134,0.20424749332676798,0.6,1.3569699349930187,1.0209454348145988,0.0,265.2004570290679,265.43741412446633,0.0,0.0
219.06938666711272,5685.473105349883,66.39877768301528,263.3291476641954,51103.3870150626,0.6760656309471181,325.3077660129335,0.20411064419647276,0.6,1.3569699349930187,1.0208859161444188,0.0,265.286548121536,265.5232669554796,0.0,0.0
219.21943419222717,5675.512633738475,66.36546111299658,263.4171649537308,51168.920143850904,0.6767064050881222,325.3621282357929,0.20397414251268028,0.6,1.3569699349930187,1.020828307517421,0.0,265.3726015945478,265.60908293372853,0.0,0.0
219.36948171734164,5665.5571545632865,66.33223255515071,263.5051384021878,51234.50460534665,0.677347542500561,325.4164543063754,0.20383797954082486,0.6,1.3569699349930187,1.0207725286385487,0.0,265.4586173960022,265.6948619865329,0.0,0.0
219.5195292424561,5655.606654811131,66.29908936988713,263.5930681241477,51300.140467146084,0.6779890437392613,325.4707443135234,0.2037021469002502,0.6,1.3569699349930187,1.0207185025004775,0.0,265.544595477296,265.7806040455549,0.0,0.0
219.66957676757056,5645.661121862975,66.26602903043509,263.68095423071,51365.82779455876,0.6786309093363068,325.5249983438592,0.20356663656422735,0.6,1.3569699349930187,1.0206661553939842,0.0,265.6305357933135,265.8663090467869,0.0,0.0
219.819624292685,5635.72054347751,66.23304911817554,263.7687968296382,51431.56665070028,0.6792731398019669,325.57921648187613,0.20343144084524975,0.6,1.3569699349930187,1.02061541677279,0.0,265.716438302279,265.95197693036846,0.0,0.0
219.96967181779948,5625.784907757972,66.20014731294152,263.8565960256526,51497.35709669675,0.6799157356267183,325.63339881012183,0.2032965523648362,0.6,1.3569699349930187,1.0205662189645766,0.0,265.8023029654615,266.0376076402204,0.0,0.0
220.11971934291392,5615.8542031484485,66.16732139202068,263.94435192046296,51563.19919169545,0.6805586972813709,325.6875454092196,0.20316196405018444,0.6,1.3569699349930187,1.0205184971468273,0.0,265.888129747133,266.1232011239937,0.0,0.0
220.2697668680284,5605.928418430238,66.13456922928228,264.0320646128007,51629.09299287516,0.6812020252171889,325.7416563578902,0.20302766913121073,0.6,1.3569699349930187,1.0204721893264703,0.0,265.9739186145339,266.20875733302665,0.0,0.0
220.41981439314287,5596.007542689227,66.10188878562147,264.1197341987069,51695.03855564963,0.6818457198679004,325.79573173313116,0.20289366111084434,0.6,1.3569699349930187,1.0204272360542557,0.0,266.0596695375841,266.29427622198676,0.0,0.0
220.56986191825732,5586.091565306559,66.06927810626334,264.20736077161513,51761.03593371718,0.6824897816501976,325.8497716102691,0.20275993375648318,0.6,1.3569699349930187,1.0203835803479857,0.0,266.1453824887941,266.3797577487607,0.0,0.0
220.7199094433718,5576.180475959407,66.03673532116822,264.29494442234403,51827.08517904349,0.6831342109635884,325.9037760629571,0.20262648110100892,0.6,1.3569699349930187,1.0203411677104315,0.0,266.2310574432678,266.46520187445833,0.0,0.0
220.86995696848624,5566.274264598302,66.00425863841691,264.3824852392981,51893.186342001536,0.6837790081917824,325.95774516329936,0.20249329742218547,0.6,1.3569699349930187,1.0202999459325748,0.0,266.316694378502,266.55060856316373,0.0,0.0
221.0200044936007,5556.372921429958,65.97184633918825,264.46998330861925,51959.33947147466,0.684424173703709,326.0116789819465,0.20236037722698139,0.6,1.3569699349930187,1.0202598649450243,0.0,266.4022932742317,266.63597778174363,0.0,0.0
221.17005201871515,5546.476436918047,65.93949677809856,264.55743871417985,52025.54461484127,0.6850697078533872,326.06557758809225,0.2022277152524138,0.6,1.3569699349930187,1.0202208768332437,0.0,266.48785411243114,266.7213094998492,0.0,0.0
221.32009954382963,5536.584801772646,65.90720838020643,264.6448515376761,52091.80181803543,0.6857156109805316,326.1194410495323,0.20209530645612805,0.6,1.3569699349930187,1.0201829357506946,0.0,266.5733768772208,266.80660368980057,0.0,0.0
221.47014706894407,5526.6980069276815,65.87497963437308,264.73222185882713,52158.111125687734,0.6863618834119409,326.17326943278823,0.2019631459957738,0.6,1.3569699349930187,1.0201459977200449,0.0,266.65886155466666,266.8918603263376,0.0,0.0
221.62019459405855,5516.816043538894,65.84280909273231,264.8195497553931,52224.472581130176,0.6870085254615589,326.2270628031199,0.2018312292271989,0.6,1.3569699349930187,1.0201100206211682,0.0,266.7443081327578,266.97707938659306,0.0,0.0
221.770242119173,5506.938902982442,65.81069537040537,264.90683530318745,52290.886226396615,0.6876555374304931,326.2808212245338,0.2016995517033991,0.6,1.3569699349930187,1.0200749641866527,0.0,266.82971660139185,267.06226085007427,0.0,0.0
221.92028964428746,5497.06657683253,65.77863713891966,264.9940785762748,52357.35210236425,0.6883029196084064,326.33454475990624,0.20156810915410414,0.6,1.3569699349930187,1.0200407898040698,0.0,266.91508695217897,267.1474046984197,0.0,0.0
222.07033716940194,5487.199056879417,65.74663221226182,265.08117742574314,52423.93629250794,0.6889518058908631,326.3881705397031,0.20143693352472206,0.6,1.3569699349930187,1.0200091105082496,0.0,267.0003169038492,267.2324086343526,0.0,0.0
222.22038469451638,5477.336335529973,65.7146755507514,265.16805152731695,52490.69109012303,0.6896030917589235,326.44164916951684,0.20130603958757307,0.6,1.3569699349930187,1.0199810914663874,0.0,267.0853258335095,267.3171919988667,0.0,0.0
222.37043221963086,5467.478405769236,65.68276423730885,265.25488369214537,52557.49860484148,0.6902547524993603,326.495093230335,0.20117534872406528,0.6,1.3569699349930187,1.019953643338811,0.0,267.1702963780672,267.40193740779705,0.0,0.0
222.5204797447453,5457.625260876416,65.650897302509,265.3416739790368,52624.35886695966,0.6909067882977618,326.5485027753175,0.20104485779155526,0.6,1.3569699349930187,1.0199267379649712,0.0,267.2552285359631,267.4866448522842,0.0,0.0
222.67052726985978,5447.776894247117,65.61907416715778,265.428422445775,52691.271906097645,0.6915591993330443,326.6018778569483,0.2009145648449056,0.6,1.3569699349930187,1.0199003592499492,0.0,267.34012232746625,267.5713143480602,0.0,0.0
222.82057479497422,5437.933299367721,65.5872940212996,265.51512914934534,52758.237751368564,0.6922119857791077,326.6552185271748,0.20078446723435195,0.6,1.3569699349930187,1.0198744838819889,0.0,267.4249777586783,267.65594589507305,0.0,0.0
222.9706223200887,5428.094469841153,65.55555613704726,265.6017941457073,52825.25643120005,0.6928651478031034,326.7085248372688,0.20065456256367972,0.6,1.3569699349930187,1.0198490910468638,0.0,267.50979483954916,267.7405394977084,0.0,0.0
223.12066984520314,5418.260399376931,65.52385981636706,265.68841748988245,52892.32797339675,0.6935186855660482,326.76179683788087,0.20052484853018476,0.6,1.3569699349930187,1.0198241608092644,0.0,267.5945735809142,267.8250951614581,0.0,0.0
223.2707173703176,5408.431081791965,65.49220439139319,265.7749992359472,52959.4524051309,0.6941725992227403,326.8150345790368,0.2003953229255571,0.6,1.3569699349930187,1.019799674124588,0.0,267.6793139945014,267.90961289292864,0.0,0.0
223.4207648954321,5398.606510998231,65.46058922076914,265.86153943714146,53026.62975302228,0.6948268889225446,326.86823811020474,0.2002659836245664,0.6,1.3569699349930187,1.0197756127282527,0.0,267.76401609282277,267.9940926997066,0.0,0.0
223.57081242054653,5388.786680999671,65.42901368874499,265.9480381458958,53093.86004315554,0.695481554809567,326.9214074803123,0.20013682858221885,0.6,1.3569699349930187,1.0197519591097033,0.0,267.84867988914493,268.0785345903223,0.0,0.0
223.720859945661,5378.9715858947675,65.39747720601189,266.034495413809,53161.14330105913,0.6961365970224547,326.9745427377336,0.20000785583624847,0.6,1.3569699349930187,1.0197286965399683,0.0,267.93330539751156,268.1629385742777,0.0,0.0
223.87090747077545,5369.161219868276,65.36597920725886,266.12091129172063,53228.47955175764,0.6967920156949112,327.027643930334,0.19987906349954815,0.6,1.3569699349930187,1.0197058089980788,0.0,268.01789263267005,268.2473046619553,0.0,0.0
224.02095499588992,5359.355577184679,65.33451914923393,266.2072858297688,53295.868819814226,0.697447810956116,327.0807111055063,0.19975044975415562,0.6,1.3569699349930187,1.0196832811128795,0.0,268.1024416100133,268.33163286454607,0.0,0.0
224.17100252100437,5349.5546521902015,65.30309651138923,266.2936190773723,53363.31112931265,0.698103982930552,327.13374431015984,0.19962201285317266,0.6,1.3569699349930187,1.0196610981845,0.0,268.18695234559584,268.41592319406976,0.0,0.0
224.32105004611884,5339.758439309998,65.27171079508366,266.37991108325565,53430.8065038742,0.6987605317381775,327.18674359073697,0.19949375111825765,0.6,1.3569699349930187,1.0196392461613255,0.0,268.27142485610983,268.5001756633445,0.0,0.0
224.4710975712333,5329.966933039109,65.24036152088497,266.46616189552833,53498.35496671616,0.6994174574949982,327.2397089932615,0.199365662931293,0.6,1.3569699349930187,1.019617711558072,0.0,268.35585915880404,268.5843902858871,0.0,0.0
224.62114509634776,5320.180127942605,65.20904822864271,266.55237156168386,53565.956540648775,0.700074760313042,327.2926405633387,0.19923774673455652,0.6,1.3569699349930187,1.0195964814594138,0.0,268.44025527148483,268.66856707591364,0.0,0.0
224.77119262146223,5310.398018657103,65.17777047798695,266.63854012858627,53633.61124806148,0.7007324403002302,327.34553834614763,0.19911000103219828,0.6,1.3569699349930187,1.019575543536782,0.0,268.5246132125286,268.75270604835526,0.0,0.0
224.92124014657668,5300.620599881594,65.1465278455945,266.7246676425508,53701.31911098362,0.7013904975609706,327.3984023864907,0.1989824243818076,0.6,1.3569699349930187,1.019554885965086,0.0,268.6089330008013,268.8368072187584,0.0,0.0
225.07128767169115,5290.847866142738,65.1153233265343,266.8107541514116,53769.080152710696,0.7020489322119632,327.4512327300631,0.19885502578093087,0.6,1.3569699349930187,1.0195346039591267,0.0,268.693214854387,268.9208708257964,0.0,0.0
225.2213351968056,5281.079812573271,65.08414229132525,266.88712776014734,53835.85287815155,0.7027196154315402,327.49809523942236,0.19873136130377955,0.6,1.3569699349930187,1.019531463717497,0.0,268.7677860296352,268.9952240231894,0.0,0.0
225.37138272192007,5271.316437713216,65.05295555723058,266.9553580730753,53901.8026298035,0.7034006318167318,327.5399553878206,0.19861074805424955,0.6,1.3569699349930187,1.01954172552638,0.0,268.8342144432032,269.0614345234971,0.0,0.0
225.52143024703452,5261.557743063546,65.02175817790206,267.0235558881141,53967.80170152924,0.7040820293089042,327.58179025306634,0.198490148453218,0.6,1.3569699349930187,1.0195507811255888,0.0,268.9006106078999,269.1276128050485,0.0,0.0
225.671477772149,5251.803730187345,64.99055331782294,267.0917211940403,54033.85006581934,0.7047638075356596,327.6235998379615,0.19836957212473844,0.6,1.3569699349930187,1.019558728548544,0.0,268.96697469600383,269.19375906231414,0.0,0.0
225.82152529726343,5242.054400020943,64.95934206330192,267.15985398401034,54099.94769925583,0.70544596616716,327.66538414798646,0.19824902234397682,0.6,1.3569699349930187,1.0195656008524554,0.0,269.03330676395257,269.25987335938436,0.0,0.0
225.9715728223779,5232.3097534091685,64.92812595959886,267.2279542518202,54166.09457890322,0.7061285048788509,327.70714318900525,0.19812850378470856,0.6,1.3569699349930187,1.019571445586396,0.0,269.0996068951627,269.3259557905141,0.0,0.0
226.12162034749235,5222.569790968894,64.89690648315243,267.296021992859,54232.29068324005,0.7068114233610658,327.7488769678496,0.19800802090778324,0.6,1.3569699349930187,1.0195763082566156,0.0,269.16587517050675,269.39200644691397,0.0,0.0
226.27166787260683,5212.834513097003,64.8656850438489,267.3640572040533,54298.53599211351,0.7074947213185423,327.7905854922846,0.19788757796820763,0.6,1.3569699349930187,1.019580232391596,0.0,269.232111668398,269.4580254168517,0.0,0.0
226.4217153977213,5203.1039199871975,64.83446298997978,267.43205988374996,54364.83048663439,0.7081783984693272,327.83226877093597,0.19776717903044844,0.6,1.3569699349930187,1.0195832596910326,0.0,269.29831646496746,269.5240127858652,0.0,0.0
226.57176292283575,5193.3780116661355,64.80324114380015,267.500030031463,54431.1741489385,0.7088624545423023,327.8739268131345,0.1976468265521263,0.6,1.3569699349930187,1.019585415402673,0.0,269.36448960709464,269.58996860656214,0.0,0.0
226.72181044795022,5183.656787900554,64.77202280765444,267.56851467295144,54497.586864280514,0.7095456977788224,327.9158948296208,0.19752632863774053,0.6,1.3569699349930187,1.0195850907926047,0.0,269.4311783104538,269.65644011758434,0.0,0.0
226.87185797306466,5173.940247731687,64.74081388758408,267.6384871339254,54564.10414796061,0.7102260042430609,327.9587690487204,0.19740534481017769,0.6,1.3569699349930187,1.0195794277326593,0.0,269.49935623998226,269.7244010248935,0.0,0.0
227.02190549817914,5164.228389466814,64.70961774467817,267.7084260923301,54630.67071306376,0.7109066853402667,328.0016171395817,0.19728444728106592,0.6,1.3569699349930187,1.01957329529543,0.0,269.5675022659673,269.79233022203795,0.0,0.0
227.17195302329358,5154.521211062711,64.6784354555878,267.77833156257185,54697.286555645675,0.7115877409427872,328.0444391212675,0.19716363925827216,0.6,1.3569699349930187,1.0195667276234555,0.0,269.63561646358687,269.86022779154507,0.0,0.0
227.32200054840806,5144.818710406858,64.64726762103473,267.8482035595562,54763.951672198156,0.7122691709275811,328.08723501312994,0.19704292249726682,0.6,1.3569699349930187,1.0195597439200095,0.0,269.70369888107956,269.9280937856846,0.0,0.0
227.4720480735225,5135.12088528589,64.61611483706298,267.91804209891546,54830.66605986886,0.7129509751784601,328.13000483495,0.19692229873816328,0.6,1.3569699349930187,1.0195523632879575,0.0,269.7717495670761,269.9959282570779,0.0,0.0
227.62209559863697,5125.427733398162,64.58497767195065,267.98784719691787,54897.42971637895,0.7136331535852386,328.17274860688144,0.19680176963540955,0.6,1.3569699349930187,1.0195446039991622,0.0,269.83976856918554,270.0637312571242,0.0,0.0
227.77214312375145,5115.739252358907,64.55385666771954,268.05761887043076,54964.24263999141,0.7143157060434064,328.2154663494282,0.19668133676245939,0.6,1.3569699349930187,1.0195364835395504,0.0,269.9077559340488,270.13150283606524,0.0,0.0
227.9221906488659,5106.055439704693,64.5227523414438,268.1273571368882,55031.104829483425,0.714998632453839,328.25815808342406,0.19656100161582546,0.6,1.3569699349930187,1.0195280186480207,0.0,269.975711707385,270.1992430430406,0.0,0.0
228.07223817398037,5096.376292895408,64.49166518583472,268.19706201427687,55098.01628413667,0.7156819327226959,328.3008238300242,0.1964407656169175,0.6,1.3569699349930187,1.019519225332856,0.0,270.0436359340143,270.2669519261158,0.0,0.0
228.2222856990948,5086.70180931894,64.46059567061626,268.2667335211024,55164.97700370754,0.7163656067611084,328.34346361068424,0.19632063011629486,0.6,1.3569699349930187,1.0195101189129085,0.0,270.1115286579064,270.3346295323398,0.0,0.0
228.37233322420929,5077.03198629497,64.42954424364702,268.3363716763619,55231.986988404315,0.7170496544849444,328.38607744714295,0.1962005963971405,0.6,1.3569699349930187,1.0195007140509933,0.0,270.1793899222205,270.402275907794,0.0,0.0
228.52238074932373,5067.366821077011,64.39851133150583,268.4059764995295,55299.04623887602,0.7177340758146886,328.4286653614138,0.19608066567709484,0.6,1.3569699349930187,1.0194910247705742,0.0,270.24721976932756,270.46989109761836,0.0,0.0
228.6724282744382,5057.706310855845,64.36749734051864,268.4755480105313,55366.154756190976,0.7184188706752193,328.471227375769,0.19596083911143497,0.6,1.3569699349930187,1.0194810644863301,0.0,270.31501824084677,270.5374751460555,0.0,0.0
228.82247579955265,5048.050452763518,64.33650265793557,268.545086229717,55433.31254181227,0.7191040389955543,328.5137635127223,0.19584111779670998,0.6,1.3569699349930187,1.0194708460395425,0.0,270.3827853776873,270.60502809650103,0.0,0.0
228.97252332466712,5038.399243875133,64.30552765245123,268.6145911778466,55500.51959758746,0.7197895807087417,328.5562737950206,0.19572150277236863,0.6,1.3569699349930187,1.0194603817129635,0.0,270.45052122006746,270.67254999152647,0.0,0.0
229.1225708497816,5028.752681211001,64.27457267483864,268.6840628760752,55567.775925736125,0.7204754957517288,328.59875824563454,0.19560199502273234,0.6,1.3569699349930187,1.0194496832493147,0.0,270.51822580753844,270.74004087290757,0.0,0.0
229.27261837489604,5019.110761741081,64.24363805928009,268.7535013459208,55635.081528821356,0.7211617840650679,328.64121688773855,0.19548259548109342,0.6,1.3569699349930187,1.019438761891729,0.0,270.58589917903026,270.80750078168023,0.0,0.0
229.42266590001051,5009.473482386471,64.21272412378976,268.82290660925395,55702.436409741706,0.721848445592831,328.6836497447046,0.19536330503103852,0.6,1.3569699349930187,1.0194276283957737,0.0,270.65354137286783,270.8749297581592,0.0,0.0
229.57271342512496,4999.840840020558,64.18183117054802,268.89227868828897,55769.84057172479,0.72253548028254,328.72605684009665,0.19524412450750203,0.6,1.3569699349930187,1.019416293038729,0.0,270.72115242678404,270.9423278419542,0.0,0.0
229.72276095023943,4990.212831473401,64.15095948722423,268.9616176055527,55837.29401829931,0.7232228880848802,328.7684381976515,0.19512505470083313,0.6,1.3569699349930187,1.0194047656600087,0.0,270.78873237796535,271.00969507202456,0.0,0.0
229.87280847535388,4980.589453533414,64.12010934745982,269.03092338387233,55904.796753284645,0.7239106689535887,328.81079384127116,0.19500609635829932,0.6,1.3569699349930187,1.0193930556752515,0.0,270.85628126306983,271.07703148670083,0.0,0.0
230.02285600046835,4970.970702947871,64.08928101100967,269.1001960463719,55972.34878078975,0.7245988228454427,328.8531237950206,0.19488725018454603,0.6,1.3569699349930187,1.0193811720797246,0.0,270.9237991182331,271.14433712369237,0.0,0.0
230.1729035255828,4961.356576426228,64.05847472473883,269.16943561644786,56039.95010519112,0.7252873497200311,328.8954280831131,0.19476851684466412,0.6,1.3569699349930187,1.0193691234786584,0.0,270.9912859791031,271.21161202012865,0.0,0.0
230.32295105069727,4951.747070642891,64.02769072345762,269.23864211775,56107.60073111511,0.72597624953957,328.93770672989774,0.19464989696676216,0.6,1.3569699349930187,1.019356918112595,0.0,271.05874188086983,271.2788562125954,0.0,0.0
230.47299857581174,4942.142182237121,63.99692922986295,269.3078155741813,56175.30066344068,0.7266655222689314,328.97995975986015,0.19453139114181206,0.6,1.3569699349930187,1.0193445638546297,0.0,271.1261668582639,271.3460697371325,0.0,0.0
230.6230461009262,4932.54190781487,63.9661904550964,269.37695600988513,56243.04990728745,0.7273551678755173,329.0221871976141,0.1944129999253748,0.6,1.3569699349930187,1.0193320682270985,0.0,271.19356094557685,271.41325262925886,0.0,0.0
230.77309362604066,4922.946243952779,63.935474599956684,269.4460634492166,56310.84846798915,0.7280451863289854,329.0643890678838,0.19429472384131855,0.6,1.3569699349930187,1.0193194384389672,0.0,271.2609241767031,271.4804049240226,0.0,0.0
230.9231411511551,4913.355187197761,63.90478185474443,269.515137916745,56378.69635109836,0.7287355776012994,329.106565395506,0.19417656338136688,0.6,1.3569699349930187,1.0193066813801603,0.0,271.32825658513525,271.54752665599534,0.0,0.0
231.07318867626958,4903.768734074667,63.874112413364436,269.5841794371993,56446.59356233278,0.729426341666175,329.1487162053959,0.19405851904798443,0.6,1.3569699349930187,1.0192938040700674,0.0,271.39555820471037,271.61461786011574,0.0,0.0
231.22323620138403,4894.186881058861,63.84346647915771,269.6531880356651,56514.54010777175,0.7301174785010814,329.1908415226679,0.19394059137201572,0.6,1.3569699349930187,1.0192808138468084,0.0,271.4628290701376,271.68167857225677,0.0,0.0
231.3732837264985,4884.609624613548,63.81284398408893,269.72216373731607,56582.53599359281,0.7308089880845567,329.23294137247126,0.19382278005983464,0.6,1.3569699349930187,1.01926770939346,0.0,271.5300692008165,271.7487088111196,0.0,0.0
231.52333125161294,4875.03696127926,63.78224415787619,269.7911065667695,56650.702206986956,0.7315024325645335,329.27501577959697,0.1937050826855609,0.6,1.3569699349930187,1.019256643632104,0.0,271.597278575827,271.8157085502771,0.0,0.0
231.67337877672742,4865.468887888971,63.75166376923673,269.86001654653677,56718.99998852781,0.7321973102969244,329.31706476753254,0.19358748935236478,0.6,1.3569699349930187,1.0192468095233553,0.0,271.66445703291475,271.8826776051304,0.0,0.0
231.82342630184186,4855.905401583854,63.72110245747029,269.92889369691017,56787.34751292221,0.7328925643525341,329.35908835839365,0.193469998885022,0.6,1.3569699349930187,1.019236722120232,0.0,271.7316045703799,271.94961597131976,0.0,0.0
231.97347382695634,4846.346499474271,63.690560584216456,269.9977380384042,56855.74478199328,0.7335881946647548,329.40108657441453,0.19335261230180614,0.6,1.3569699349930187,1.0192263935922967,0.0,271.79872122763595,272.01652369054443,0.0,0.0
232.1235213520708,4836.792178616841,63.660038493360744,270.0665495919207,56924.19179793964,0.7342842011709001,329.4430594380483,0.1932353305665315,0.6,1.3569699349930187,1.0192158355686707,0.0,271.8658070434422,272.0834008037232,0.0,0.0
232.27356887718526,4827.242436018884,63.62953651237567,270.13532837871713,56992.68856330628,0.7349805838119057,329.48500697194777,0.19311815459267034,0.6,1.3569699349930187,1.0192050591792108,0.0,271.9328620559498,272.15024735105027,0.0,0.0
232.42361640229973,4817.697268639826,63.599054952724764,270.2040744203963,57061.23508097669,0.7356773425322457,329.5269291989589,0.19300108524461587,0.6,1.3569699349930187,1.0191940750660737,0.0,271.9998863027168,272.21706337201334,0.0,0.0
232.57366392741417,4808.156673392337,63.5685941101976,270.272787738898,57129.83135416684,0.7363744772798686,329.56882614211565,0.19288412333873395,0.6,1.3569699349930187,1.0191828933931362,0.0,272.06687982072094,272.28384890540866,0.0,0.0
232.72371145252865,4798.620647146747,63.53815426625282,270.34146835646754,57198.4773863953,0.7370719880058894,329.6106978246208,0.19276726964748028,0.6,1.3569699349930187,1.0191715238874426,0.0,272.13384264640604,272.35060398939726,0.0,0.0
232.8737589776431,4789.089186732641,63.507735688482725,270.410116295644,57267.173181474,0.7377698746644936,329.65254426983836,0.19265052490084295,0.6,1.3569699349930187,1.019159975852883,0.0,272.2007748156985,272.4173286615244,0.0,0.0
233.02380650275757,4779.562288939341,63.47733863074602,270.4787315792569,57335.91874350629,0.7384681372129143,329.6943655012919,0.19253388978677372,0.6,1.3569699349930187,1.0191482581733506,0.0,272.26767636401325,272.48402295872717,0.0,0.0
233.173854027872,4770.0399505192445,63.44696333418488,270.54731423040204,57404.71407686497,0.7391667756112055,329.7361615426495,0.19241736495430872,0.6,1.3569699349930187,1.0191363793440489,0.0,272.3345473262891,272.5506869173765,0.0,0.0
233.32390155298648,4760.522168190559,63.41661002805188,270.6158642724221,57473.559186173996,0.7398657898220546,329.77793241771184,0.1923009510161083,0.6,1.3569699349930187,1.019124347496831,0.0,272.4013877370173,272.6173205733119,0.0,0.0
233.47394907810096,4751.008938637131,63.38627892963317,270.68438172890734,57542.45407631149,0.7405651798108103,329.81967815041264,0.19218464854824754,0.6,1.3569699349930187,1.019112170396853,0.0,272.4681976302397,272.6839239618393,0.0,0.0
233.6239966032154,4741.5002585103175,63.35597024482006,270.75286662368273,57611.398752397676,0.7412649455453568,329.8613987648107,0.1920684580919773,0.6,1.3569699349930187,1.019099855459868,0.0,272.5349770395698,272.7504971177559,0.0,0.0
233.77404412832988,4731.99612443296,63.32568416932799,270.82131898077887,57680.39321976755,0.7419650869958352,329.90309428507226,0.19195238015745222,0.6,1.3569699349930187,1.0190874097902025,0.0,272.6017259982337,272.81704007539986,0.0,0.0
233.92409165344432,4722.4965329988945,63.295420888517235,270.88973882443577,57749.43748397574,0.7426656041346891,329.9447647354729,0.1918364152232061,0.6,1.3569699349930187,1.0190748401742598,0.0,272.6684445390652,272.8835528686443,0.0,0.0
234.0741391785588,4713.001480773528,63.26518057756965,270.95812617909866,57818.53155079386,0.743366496936637,329.98641014039555,0.19172056373670945,0.6,1.3569699349930187,1.0190621530853845,0.0,272.73513269451297,272.9500355309058,0.0,0.0
234.22418670367324,4703.51096429811,63.234963402797746,271.02648106938716,57887.67542618083,0.744067765378369,330.028030524311,0.19160482611836704,0.6,1.3569699349930187,1.019049354724853,0.0,272.8017904966847,273.01648809519753,0.0,0.0
234.3742342287877,4694.0249800898955,63.2047695216837,271.09480352009405,57956.86911628255,0.744769409438541,330.0696259117775,0.19148920276165415,0.6,1.3569699349930187,1.019036451022447,0.0,272.8684179773491,273.08291059413193,0.0,0.0
234.52428175390216,4684.543524641713,63.17459908272766,271.16309355618864,58026.11262743631,0.7454714290978167,330.1111963274427,0.191373694032673,0.6,1.3569699349930187,1.0190234476309354,0.0,272.93501516793225,273.14930305991595,0.0,0.0
234.67432927901663,4675.066594425184,63.14445222644816,271.23135120279335,58095.40596614865,0.7461738243386433,330.15274179602943,0.19125830027320875,0.6,1.3569699349930187,1.0190103499573688,0.0,273.0015820995513,273.2156655243916,0.0,0.0
234.8243768041311,4665.594185892698,63.11432908597831,271.2995764851695,58164.74913908194,0.7468765951451127,330.19426234232685,0.1911430218025561,0.6,1.3569699349930187,1.0189971631815302,0.0,273.0681188030348,273.28199801906084,0.0,0.0
234.97442432924555,4656.126295475995,63.08422978661422,271.3677694287277,58234.14215306533,0.74757974150307,330.23575799119686,0.19102785891616214,0.6,1.3569699349930187,1.0189838922409242,0.0,273.1346253089089,273.3483005750683,0.0,0.0
235.12447185436002,4646.662919587872,63.0541544463412,271.43593005901533,58303.58501508394,0.7482832634000045,330.2772287675665,0.19091281188723955,0.6,1.3569699349930187,1.0189705418470374,0.0,273.20110164741527,273.4145732232236,0.0,0.0
235.27451937947447,4637.204054625869,63.024103176971984,271.5040584016902,58373.077732252066,0.7489871608247742,330.31867469641173,0.19079788097023573,0.6,1.3569699349930187,1.0189571165212084,0.0,273.26754784854955,273.48081599404674,0.0,0.0
235.42456690458894,4627.749696970508,62.99407608358914,271.5721544825331,58442.62031182747,0.7496914337677512,330.36009580276533,0.1906830663991527,0.6,1.3569699349930187,1.0189436205763112,0.0,273.3339639420434,273.5470289177473,0.0,0.0
235.5746144297034,4618.2998429855825,62.96407326462246,271.64021832744567,58512.212761209696,0.7503960822208016,330.40149211171524,0.1905683683877949,0.6,1.3569699349930187,1.0189300581187164,0.0,273.4003499573678,273.6132120242279,0.0,0.0
235.72466195481786,4608.854489022275,62.93409481313708,271.70824996242095,58581.855087911135,0.7511011061769931,330.44286364838695,0.19045378713369074,0.6,1.3569699349930187,1.0189164330890992,0.0,273.4667059237765,273.67936534313657,0.0,0.0
235.8747094799323,4599.4136314184425,62.90414081659394,271.7762494135483,58651.547299562364,0.751806505630646,330.48421043794633,0.19033932281737614,0.6,1.3569699349930187,1.0189027492543306,0.0,273.53303187029803,273.7454889038574,0.0,0.0
236.02475700504678,4589.977266496431,62.87421134479743,271.84421670702943,58721.28940392932,0.7525122805775061,330.52553250560936,0.1902249755659357,0.6,1.3569699349930187,1.0188890098166652,0.0,273.59932782507985,273.8115827347731,0.0,0.0
236.17480453016123,4580.545390578999,62.844306551757256,271.9121518690634,58791.08140879663,0.7532184310135641,330.56682987657234,0.19011074576121922,0.6,1.3569699349930187,1.0188752207137177,0.0,273.66559382096,273.8776468695246,0.0,0.0
236.3248520552757,4571.117999885517,62.814427596089736,271.9800549265943,58860.830474731854,0.7539237676915606,330.6081025764661,0.1899966368233865,0.6,1.3569699349930187,1.0188598133278521,0.0,273.7318299475398,273.9436814052906,0.0,0.0
236.47489958039017,4561.695090356498,62.784576903037696,272.04792590857534,58930.512277447655,0.754627979908337,330.6493506321243,0.18988265600101212,0.6,1.3569699349930187,1.0188424524734678,0.0,273.7980363669225,274.009686520277,0.0,0.0
236.62494710550462,4552.276657610506,62.75475617995751,272.1157648462792,59000.24361460873,0.7553325639338622,330.69057407177087,0.189768808367479,0.6,1.3569699349930187,1.0188252187042774,0.0,273.8642132032727,274.0756623498824,0.0,0.0
236.7749946306191,4542.862697166299,62.724965079245116,272.18357177169787,59070.02449982085,0.7560375198242576,330.73177292404733,0.18965509278012405,0.6,1.3569699349930187,1.0188081019986575,0.0,273.9303604668413,274.14160890172826,0.0,0.0
236.92504215573354,4533.453204592086,62.69520342981417,272.25134671646765,59139.85494637314,0.7567428476324565,330.7729472173593,0.1895415086307393,0.6,1.3569699349930187,1.018791098046963,0.0,273.99647817738935,274.2075261941396,0.0,0.0
237.075089680848,4524.048175479492,62.66547106621632,272.3190897120567,59209.734967429205,0.7574485474101361,330.81409697999067,0.18942805532862964,0.6,1.3569699349930187,1.018774202711168,0.0,274.0625663548439,274.27341424564764,0.0,0.0
237.22513720596245,4514.64760544729,62.6357678298317,272.3868007897383,59279.66457599899,0.7581546192074351,330.8552222400875,0.18931473230420887,0.6,1.3569699349930187,1.0187574120636367,0.0,274.12862501933665,274.3392730750367,0.0,0.0
237.37518473107693,4505.251490137519,62.60609356766337,272.4544799806183,59349.643784966414,0.7588610630732342,330.8963230256747,0.18920153900533274,0.6,1.3569699349930187,1.018740722348782,0.0,274.19465419116347,274.40510270129545,0.0,0.0
237.52523225619137,4495.859825212401,62.576448131371514,272.5221273156581,59419.67260711191,0.759567879055385,330.93739936467,0.18908847489436098,0.6,1.3569699349930187,1.0187241299523477,0.0,274.2606538907529,274.4709031435785,0.0,0.0
237.67527978130585,4486.472606357271,62.546831378212595,272.5897428256529,59489.75105508916,0.7602750672004742,330.9784512848711,0.18897553945099263,0.6,1.3569699349930187,1.0187076314320362,0.0,274.32662413869593,274.5366744212429,0.0,0.0
237.82532730642032,4477.089829280262,62.51724317095168,272.65732654123406,59559.879141427504,0.7609826275538524,331.01947881395705,0.18886273217198876,0.6,1.3569699349930187,1.018691223515112,0.0,274.39256495574284,274.60241655384385,0.0,0.0
237.97537483153477,4467.71148970744,62.487683376337785,272.72487849290445,59630.056878566655,0.7616905601599819,331.06048197950975,0.18875005256654379,0.6,1.3569699349930187,1.0186749030495699,0.0,274.4584763627529,274.6681295610745,0.0,0.0
238.12542235664924,4458.337583384003,62.45815186549308,272.79239871102965,59700.28427884778,0.7623988650623499,331.10146080900864,0.1886375001574554,0.6,1.3569699349930187,1.0186586670170183,0.0,274.5243583807069,274.7338134627805,0.0,0.0
238.27546988176368,4448.968106077063,62.428648514800535,272.8598872258178,59770.561354491736,0.7631075423032487,331.14241532981885,0.18852507448380304,0.6,1.3569699349930187,1.0186425125616787,0.0,274.5902110307353,274.79946827899477,0.0,0.0
238.42551740687816,4439.603053570394,62.39917320426002,272.92734406735747,59840.88811763753,0.7638165919241652,331.183345569214,0.18841277509596033,0.6,1.3569699349930187,1.0186264369376328,0.0,274.6560343340647,274.86509402987195,0.0,0.0
238.5755649319926,4430.242421663778,62.36972581728215,272.99476926562255,59911.264580347124,0.7645260139658294,331.2242515543792,0.1883006015549635,0.6,1.3569699349930187,1.0186104375024247,0.0,274.7218283120105,274.93069073568034,0.0,0.0
238.72561245710708,4420.886206176777,62.34030624189835,273.0621628504448,59981.69075457603,0.7652358084679195,331.26513331239465,0.18818855343616633,0.6,1.3569699349930187,1.0185945117564694,0.0,274.7875929860158,274.9962584168487,0.0,0.0
238.87565998222152,4411.534402945423,62.310914369718944,273.12952485153795,60052.16665219792,0.7659459754693098,331.30599087025035,0.1880766303260777,0.6,1.3569699349930187,1.0185786573096678,0.0,274.85332837761786,275.06179709392535,0.0,0.0
239.025707507336,4402.1870078195125,62.28155009508776,273.19685529851694,60122.6922850244,0.7666565150082715,331.3468242548577,0.18796483181979579,0.6,1.3569699349930187,1.0185628718542896,0.0,274.9190345084193,275.127306787544,0.0,0.0
239.17575503245047,4392.84401666561,62.252213316037206,273.2641542208765,60193.26766478161,0.7673674271222368,331.3876334930368,0.18785315752389192,0.6,1.3569699349930187,1.018547153196122,0.0,274.9847114001198,275.1927875184615,0.0,0.0
239.3258025575649,4383.505425366998,62.222903934284936,273.3314216479914,60263.89280311059,0.768078711847804,331.4284186115163,0.18774160705639276,0.6,1.3569699349930187,1.018531499254643,0.0,275.0503590745151,275.2582393075572,0.0,0.0
239.4758500826794,4374.171229819323,62.19362185386253,273.39865760914785,60334.56771159921,0.768790369221059,331.46917963695284,0.18763018004262458,0.6,1.3569699349930187,1.0185159080188129,0.0,275.1159775534524,275.3236621757786,0.0,0.0
239.62589760779383,4364.841425931906,62.1643669815319,273.4658621335339,60405.29240177225,0.7695023992774773,331.50991659592523,0.18751887611646786,0.6,1.3569699349930187,1.0185003775607617,0.0,275.1815668588437,275.3890561441577,0.0,0.0
239.7759451329083,4355.516009630582,62.1351392277022,273.53303525021937,60476.066885068816,0.7702148020516946,331.5506295149223,0.18740769492312376,0.6,1.3569699349930187,1.018484906065751,0.0,275.2471270126954,275.4544212338467,0.0,0.0
239.92599265802275,4346.194976852985,62.10593850493476,273.6001769881893,60546.891172878175,0.7709275775778706,331.5913184203633,0.1872966361145865,0.6,1.3569699349930187,1.0184694917838972,0.0,275.312658037059,275.5197574660587,0.0,0.0
240.07604018313722,4336.878323548019,62.07676472778336,273.66728737634816,60617.76527654347,0.771640725889726,331.6319833386003,0.18718569934915544,0.6,1.3569699349930187,1.018454133025137,0.0,275.37815995402667,275.58506486206187,0.0,0.0
240.22608770825167,4327.5660456796895,62.047617814018125,273.7343664434921,60688.68920733163,0.7723542470202395,331.672624295902,0.18707488429513042,0.6,1.3569699349930187,1.0184388281991594,0.0,275.44363278576986,275.6503434432266,0.0,0.0
240.37613523336614,4318.258139224117,62.01849768368539,273.8014142183304,60759.662976456304,0.7730681410018803,331.71324131846586,0.18696419062796374,0.6,1.3569699349930187,1.0184235757850768,0.0,275.50907655450914,275.7155932309887,0.0,0.0
240.5261827584806,4308.95460016712,61.98940425834033,273.86843072950313,60830.68659509546,0.7737824078667842,331.75383443242987,0.18685361802793587,0.6,1.3569699349930187,1.018408374306615,0.0,275.57449128248896,275.7808142468192,0.0,0.0
240.67623028359506,4299.655424507219,61.960337462014365,273.9354160055591,60901.76007436835,0.7744970476465233,331.7944036638586,0.18674316618307546,0.6,1.3569699349930187,1.018393222363724,0.0,275.6398769920089,275.84600651226197,0.0,0.0
240.82627780870953,4290.3606082557835,61.93129722126317,274.00237007495514,60972.88342533396,0.7752120603720899,331.834949038743,0.18663283478929898,0.6,1.3569699349930187,1.0183781186343237,0.0,275.70523370542514,275.9111700489353,0.0,0.0
240.97632533382398,4281.070147433861,61.90228344133272,274.0692929660789,61044.056659015114,0.7759274460741409,331.8754705830144,0.1865226234785817,0.6,1.3569699349930187,1.0183630610906225,0.0,275.7705614438626,275.9763048770858,0.0,0.0
241.12637285893845,4271.784038147811,61.87329539146335,274.1361847067037,61115.279785817496,0.7766432047771582,331.91596832221427,0.18641252996721921,0.6,1.3569699349930187,1.018348026755798,0.0,275.83586019290135,276.04141097719094,0.0,0.0
241.2764203840529,4262.502276166623,61.84433821036022,274.20447415739164,61186.54711134353,0.7773552133408567,331.95730716947344,0.18630208425804276,0.6,1.3569699349930187,1.0183277845978684,0.0,275.9025590933074,276.10791752390327,0.0,0.0
241.42646790916737,4253.224856591087,61.81541609239985,274.2731038146015,61257.86286309237,0.7780665173240404,331.99884677405885,0.18619165907666002,0.6,1.3569699349930187,1.0183064751270818,0.0,275.9696008693841,276.17476726908063,0.0,0.0
241.57651543428182,4243.951774030655,61.786529303398446,274.3417015888172,61329.228547858576,0.7787781899980409,332.0403618876099,0.18608138164935548,0.6,1.3569699349930187,1.0182855158131658,0.0,276.0366134434977,276.24158813652616,0.0,0.0
241.7265629593963,4234.683023236048,61.75767737461817,274.410267518591,61400.64418670678,0.7794902314923288,332.081852542639,0.18597125046659554,0.6,1.3569699349930187,1.0182648927965086,0.0,276.1035968257771,276.30838013293146,0.0,0.0
241.87661048451073,4225.418599017362,61.72885983490595,274.47880164203616,61472.10980032779,0.7802026419326046,332.1233187713715,0.18586126401259748,0.6,1.3569699349930187,1.0182445921052339,0.0,276.17055102583146,276.3751432644585,0.0,0.0
242.0266580096252,4216.158496247646,61.700076217558,274.547303996801,61543.625409008295,0.7809154214404994,332.16476060572995,0.18575142078600632,0.6,1.3569699349930187,1.0182245998812005,0.0,276.2374760531,276.441877537135,0.0,0.0
242.17670553473968,4206.9027098706265,61.671326076483595,274.6157746200115,61615.19103256877,0.7816285701329609,332.2061780772995,0.18564171934855944,0.6,1.3569699349930187,1.0182049029132652,0.0,276.3043719176792,276.50858295778863,0.0,0.0
242.32675305985413,4197.651234897741,61.6426089853055,274.68421354829337,61686.806690383084,0.7823420881224512,332.2475712173419,0.18553215832233005,0.6,1.3569699349930187,1.0181854886093484,0.0,276.3712386302929,276.57525953401085,0.0,0.0
242.4768005849686,4188.404066399579,61.613924534654416,274.7526208178352,61758.472401442625,0.7830559755175915,332.28894005683344,0.18542273638152448,0.6,1.3569699349930187,1.0181663449093183,0.0,276.4380762022048,276.64190727405094,0.0,0.0
242.62684811008305,4179.161199506568,61.585272332408955,274.8209964643834,61830.188184347826,0.7837702324230799,332.33028462646246,0.18531345225317183,0.6,1.3569699349930187,1.0181474602940748,0.0,276.50488464522414,276.70852618682346,0.0,0.0
242.77689563519752,4169.922629410613,61.55665200426587,274.88934052323043,61901.95405729373,0.7844848589395517,332.37160495662204,0.1852043047188091,0.6,1.3569699349930187,1.0181288238055148,0.0,276.5716639717228,276.77511628192815,0.0,0.0
242.92694316031196,4160.688351356099,61.52806319088537,274.9576530292807,61973.7700381368,0.7851998551642485,332.4129010774505,0.18509529260583554,0.6,1.3569699349930187,1.0181104249542468,0.0,276.6384141945429,276.8416775695393,0.0,0.0
243.07699068542644,4151.458360638234,61.499505547384175,275.0259340170635,62045.63614440631,0.7859152211911345,332.45417301883907,0.18498641478595368,0.6,1.3569699349930187,1.0180922537040715,0.0,276.7051353269801,276.9082100603845,0.0,0.0
243.22703821054088,4142.232652606396,61.47097874443594,275.0941835207076,62117.55239327527,0.7866309571106095,332.49542081041676,0.18487767017845833,0.6,1.3569699349930187,1.0180743005091337,0.0,276.77182738281635,276.974713765785,0.0,0.0
243.37708573565536,4133.011222657927,61.442482466317465,275.1624015739877,62189.51880160766,0.7873470630099826,332.53664448157883,0.18476905774431462,0.6,1.3569699349930187,1.0180565562509467,0.0,276.8384903762574,277.04118869758014,0.0,0.0
243.52713326076983,4123.794066233749,61.41401640951688,275.23058821035664,62261.53538599,0.7880635389737891,332.5778440615061,0.18466057648193526,0.6,1.3569699349930187,1.0180390121936735,0.0,276.90512432188774,277.10763486807235,0.0,0.0
243.67718078588427,4114.581178821104,61.38558028363786,275.2987434629249,62333.60216270869,0.7887803850835684,332.61901957915285,0.18455222542988112,0.6,1.3569699349930187,1.018021660014739,0.0,276.9717292346973,277.17405229006033,0.0,0.0
243.82722831099875,4105.372555951808,61.35717381087022,275.3668673644738,62405.71914776114,0.7894976014179754,332.6601710632551,0.1844440036652395,0.6,1.3569699349930187,1.018004491788383,0.0,277.0383051300645,277.24044097681787,0.0,0.0
243.9772758361132,4096.168193195859,61.32879668825403,275.43495994750293,62477.88635690486,0.7902151880532728,332.70129854235927,0.18433591019016024,0.6,1.3569699349930187,1.0179874987344926,0.0,277.1048520217467,277.3068009398356,0.0,0.0
244.12732336122767,4086.968086278682,61.300447754935334,275.5030212433622,62550.103804734325,0.790933145054156,332.7424020442981,0.18422794142952176,0.6,1.3569699349930187,1.0179706435474123,0.0,277.1713698756878,277.3731321371476,0.0,0.0
244.2773708863421,4077.7722303584324,61.27213729177297,275.57154227972944,62621.905661013516,0.7916441729225598,332.78377806379285,0.18411996416492224,0.6,1.3569699349930187,1.017944882802409,0.0,277.23835027678456,277.4399262210381,0.0,0.0
244.42741841145659,4068.58061837411,61.24388213205498,275.64112710319057,62692.7166451909,0.7923392662380981,332.8257911806233,0.18401182767358962,0.6,1.3569699349930187,1.017899234562607,0.0,277.3063981841431,277.50778826096916,0.0,0.0
244.57746593657103,4059.3932408675764,61.21569684794218,275.7106800706304,62763.57522796875,0.7930347017430064,332.86777976472393,0.1839039419531995,0.6,1.3569699349930187,1.0178551346241316,0.0,277.37441874257894,277.5756234970448,0.0,0.0
244.7275134616855,4050.2100873419167,61.187579775454616,275.78020126123903,62834.48147059653,0.7937304799651628,332.9097438731747,0.18379630185520984,0.6,1.3569699349930187,1.0178125311336421,0.0,277.4424119356289,277.64343190123407,0.0,0.0
244.87756098679995,4041.031147748173,61.159528581404366,275.8496907508164,62905.43543112914,0.7944266014007715,332.9516835609756,0.18368890022507972,0.6,1.3569699349930187,1.017771349833048,0.0,277.5103777072762,277.7112134015789,0.0,0.0
245.02760851191442,4031.856412350318,61.131541217376814,275.9191486127945,62976.43716545335,0.7951230665244577,332.99359888166447,0.18358173076804715,0.6,1.3569699349930187,1.0177315257898063,0.0,277.5783160148381,277.77896794135427,0.0,0.0
245.1776560370289,4022.6858717191526,61.10361573039317,275.9885749182834,63047.48672732193,0.795819875789623,333.03548988734605,0.18347478748004403,0.6,1.3569699349930187,1.0176929971099682,0.0,277.64622681870316,277.8466954675584,0.0,0.0
245.32770356214334,4013.5195167165493,61.07575025800507,276.05796973619033,63118.58416846291,0.7965170296295356,333.07735662876456,0.18336806463273875,0.6,1.3569699349930187,1.0176557047824768,0.0,277.7141100821705,277.9143959307189,0.0,0.0
245.47775108725781,4004.3573384681576,61.0479430196231,276.1273331334267,63189.729538779786,0.797214528459312,333.1191991554295,0.18326155674725564,0.6,1.3569699349930187,1.0176195923986757,0.0,277.7819657711753,277.9820692845591,0.0,0.0
245.62779861237226,3995.1993283613715,61.02019231594691,276.1966651749232,63260.92288635533,0.7979123726759682,333.1610175156257,0.1831552585922961,0.6,1.3569699349930187,1.0175846061388638,0.0,277.8497938542613,278.0497154859663,0.0,0.0
245.77784613748673,3986.045478041826,60.99249652800037,276.26596592365627,63332.16425746895,0.7986105626586106,333.2028117564298,0.18304916518107203,0.6,1.3569699349930187,1.0175506947458346,0.0,277.91759430254444,278.1173344949473,0.0,0.0
245.92789366260118,3976.895779385357,60.96485410820328,276.33523544086046,63403.45369680344,0.7993090987704736,333.2445819238395,0.182943271744284,0.6,1.3569699349930187,1.0175178092348955,0.0,277.9853670894313,278.184926274287,0.0,0.0
246.07794118771565,3967.7502244913976,60.93726357830615,276.4044737860783,63474.791247487585,0.8000079813593545,333.28632806280393,0.18283757372376594,0.6,1.3569699349930187,1.017485902830307,0.0,278.05311219054744,278.2524907894627,0.0,0.0
246.2279887128301,3958.6088056842505,60.909723529936265,276.4736810171508,63546.17695107596,0.8007072107574272,333.3280502172188,0.18273206677398865,0.6,1.3569699349930187,1.0174549309880168,0.0,278.1208295837484,278.3200280086566,0.0,0.0
246.37803623794457,3949.4715154927494,60.88223261814296,276.5428571903712,63617.61084769948,0.8014067872827331,333.36974843001974,0.18262674674250842,0.6,1.3569699349930187,1.0174248511866126,0.0,278.18851924891527,278.38753790250905,0.0,0.0
246.52808376305904,3940.338346637115,60.8547895572143,276.61200236058465,63689.09297615891,0.8021067112401068,333.41142274324324,0.18252160965726108,0.6,1.3569699349930187,1.0173956227929781,0.0,278.2561811678199,278.45502044395465,0.0,0.0
246.6781312881735,3931.209292030528,60.827393121282455,276.68111658117607,63760.62337390477,0.8028069829209936,333.45307319801935,0.1824166517282641,0.6,1.3569699349930187,1.0173672070863848,0.0,278.32381532413774,278.52247560823866,0.0,0.0
246.82817881328796,3922.084344769309,60.80004214125798,276.7501999041448,63832.202077106485,0.8035076026041367,333.49469983461785,0.18231186933828067,0.6,1.3569699349930187,1.0173395671609107,0.0,278.39142170334924,278.58990337279687,0.0,0.0
246.9782263384024,3912.9634981147783,60.77273549903227,276.8192523802414,63903.82912078674,0.8042085705569044,333.536302692531,0.18220725902528023,0.6,1.3569699349930187,1.0173126677369568,0.0,278.4590002925563,278.65730371703387,0.0,0.0
247.12827386351688,3903.8467454924903,60.74547212729153,276.88827405897405,63975.50453882108,0.8049098870352964,333.5778818104778,0.18210281748177795,0.6,1.3569699349930187,1.0172864751585617,0.0,278.52655108047196,278.7246766223105,0.0,0.0
247.27832138863133,3894.734080490999,60.71825100921641,276.9572649886174,64047.22836394006,0.8056115522839743,333.6194372264098,0.18199854155383086,0.6,1.3569699349930187,1.0172609573869134,0.0,278.5940740574066,278.79202207192714,0.0,0.0
247.4283689137458,3885.6254968430235,60.69107117246068,277.0262252163553,64119.00062787152,0.8063135665376643,333.660968977598,0.1818944282228452,0.6,1.3569699349930187,1.0172360838038006,0.0,278.66156921507974,278.85934005089564,0.0,0.0
247.57841643886024,3876.520988421317,60.66393168784782,277.09515478831213,64190.82136136662,0.8070159300214194,333.70247710065166,0.18179047460157244,0.6,1.3569699349930187,1.0172118251713427,0.0,278.7290365465751,278.9266305458854,0.0,0.0
247.72846396397472,3867.420549240721,60.63683167013166,277.16405374953723,64262.690594177955,0.8077186429504157,333.74396163150953,0.18168667793630816,0.6,1.3569699349930187,1.017188153660275,0.0,278.7964760463609,278.9938935452475,0.0,0.0
247.8785114890892,3858.3241734446224,60.60977027366834,277.2329221441072,64334.60835516077,0.8084217055309504,333.78542260550194,0.1815830355938057,0.6,1.3569699349930187,1.0171650427090255,0.0,278.86388771015316,279.06112903884946,0.0,0.0
248.02855901420364,3849.2318552961387,60.58274668960094,277.3017600151929,64406.57467233691,0.8091251179610726,333.82686005739157,0.18147954505274244,0.6,1.3569699349930187,1.0171424669327611,0.0,278.9312715348266,279.1283370179671,0.0,0.0
248.1786065393181,3840.1435891801466,60.555760146580624,277.37056740504386,64478.58957287442,0.809828880430395,333.8682740213643,0.1813762039058124,0.6,1.3569699349930187,1.0171204021499642,0.0,278.9986275184327,279.19551747530704,0.0,0.0
248.32865406443256,3831.0593695972193,60.52880990886368,277.43934435503445,64550.65308312972,0.81053299312051,333.90966453105744,0.18127300985393852,0.6,1.3569699349930187,1.0170988253216524,0.0,279.0659556601394,279.2626704049327,0.0,0.0
248.47870158954703,3821.9791911511866,60.501895272319814,277.5080909057577,64622.76522874246,0.8112374562059262,333.9510316196165,0.181169960694219,0.6,1.3569699349930187,1.0170777144208696,0.0,279.13325596010543,279.3297958021129,0.0,0.0
248.62874911466147,3812.903048549201,60.475015564486995,277.576807097025,64694.92603462958,0.8119422698540143,333.9923753196955,0.18106705432002954,0.6,1.3569699349930187,1.0170570484366963,0.0,279.2005284194792,279.39689366332044,0.0,0.0
248.77879663977595,3803.830936601887,60.44817014469097,277.6454929678649,64767.13552498103,0.8126474342249741,334.0336956634564,0.18096428872131912,0.6,1.3569699349930187,1.0170368073804814,0.0,279.2677730404,279.4639639862334,0.0,0.0
248.9288441648904,3794.7628502103257,60.42135839985375,277.71414855662175,64839.393723358,0.8133529494727976,334.07499268262876,0.1808616619719694,0.6,1.3569699349930187,1.0170169721481996,0.0,279.3349898258677,279.53100676957723,0.0,0.0
249.07889169000487,3785.698784363426,60.394579743667066,277.78277390097537,64911.700652711086,0.8140588157454541,334.1162664085221,0.1807591722272598,0.6,1.3569699349930187,1.0169975244948108,0.0,279.40217877971475,279.598022013091,0.0,0.0
249.2289392151193,3776.6387341405107,60.36783361748913,277.85136903792164,64984.056335355344,0.8147650331846504,334.15751687201407,0.1806568177265055,0.6,1.3569699349930187,1.0169784470660814,0.0,279.46933990663143,279.6650097175581,0.0,0.0
249.37898674023378,3767.582694701996,60.341119487356025,277.919934003843,65056.46079304095,0.8154716019265259,334.1987441035936,0.18055459678403737,0.6,1.3569699349930187,1.0169597233006884,0.0,279.5364732120727,279.73196988469334,0.0,0.0
249.52903426534826,3758.5306612834925,60.314436842080966,277.98846883455315,65128.91404699782,0.8161785221020948,334.2399481333876,0.18045250778345273,0.6,1.3569699349930187,1.0169413373684375,0.0,279.60357870219786,279.79890251706973,0.0,0.0
249.6790817904627,3749.4826291980476,60.287785194029574,278.0569735652799,65201.41611791373,0.8168857938370347,334.28112899115143,0.1803505491798953,0.6,1.3569699349930187,1.016923274197783,0.0,279.6706563838927,279.8658076181454,0.0,0.0
249.82912931557718,3740.438593830605,60.261164077355936,278.12544823070743,65273.96702597569,0.817593417252096,334.32228670629394,0.1802487194947194,0.6,1.3569699349930187,1.016905519418489,0.0,279.73770626471367,279.9326851921962,0.0,0.0
249.97917684069162,3731.398554134681,60.23448444423462,278.15,65346.42117202198,0.8184286989640468,334.33704267804364,0.180160965598534,0.6,1.3569699349930187,1.0170432687013247,0.0,279.76083074890363,279.95563706721776,0.0,0.0
250.1292243658061,3722.3625375091674,60.20752812858532,278.15,65418.84215918893,0.8193357327884196,334.33704267804364,0.18008033942731055,0.6,1.3569699349930187,1.0172593142088295,0.0,279.75938930397916,279.95402130070244,0.0,0.0
250.27927189092054,3713.330588879623,60.18025870612112,278.15,65491.310955807974,0.8202433654004074,334.33704267804364,0.17999877675556542,0.6,1.3569699349930187,1.017463906133602,0.0,279.75793177268883,279.95238750241157,0.0,0.0
250.429319416035,3704.302753929887,60.15270168811483,278.15,65563.82717554457,0.8211515919613782,334.33704267804364,0.17991635388735566,0.6,1.3569699349930187,1.017657880271292,0.0,279.7564595404034,279.95073722525615,0.0,0.0
250.57936694114946,3695.279074541733,60.12487095178732,278.15,65636.39046093269,0.8220604079942626,334.33704267804364,0.179833112329362,0.6,1.3569699349930187,1.0178416813918574,0.0,279.75497336911155,279.9490713233763,0.0,0.0
250.72941446626393,3686.259590700774,60.09678112123569,278.15,65709.00046818965,0.8229698091933682,334.33704267804364,0.17974909582216728,0.6,1.3569699349930187,1.0180157811596768,0.0,279.7534740594926,279.9473906942815,0.0,0.0
250.8794619913784,3677.2443402215767,60.06844631417598,278.15,65781.65686951518,0.8238797914531727,334.33704267804364,0.17966434659177163,0.6,1.3569699349930187,1.0181806357409693,0.0,279.7519623839429,279.9456962037785,0.0,0.0
251.02950951649285,3668.233358935614,60.03987903692256,278.15,65854.35935166833,0.8247903508505026,334.33704267804364,0.17957890204448307,0.6,1.3569699349930187,1.0183366482208431,0.0,279.7504390276966,279.94398861997007,0.0,0.0
251.17955704160732,3659.226680676129,60.01109291592283,278.15,65927.0757374632,0.8257010843834499,334.33704267804364,0.17949280293692038,0.6,1.3569699349930187,1.0184837686493355,0.0,279.7489047345565,279.94226877661123,0.0,0.0
251.32960456672177,3650.2243371129234,59.98210422518963,278.15,65999.54281432259,0.826608695456375,334.33704267804364,0.179406097944554,0.6,1.3569699349930187,1.0186184744418363,0.0,279.7473603880779,279.9405376641102,0.0,0.0
251.47965209183624,3641.226357531326,59.952926903767505,278.15,66072.05456524578,0.827516866047867,334.33704267804364,0.17931882875897884,0.6,1.3569699349930187,1.0187457721798125,0.0,279.7458067459529,279.938796131791,0.0,0.0
251.6296996169507,3632.232769397838,59.92357165661931,278.15,66144.61074048252,0.8284255930299382,334.33704267804364,0.1792310273986717,0.6,1.3569699349930187,1.018866009864072,0.0,279.74424439244586,279.93704483457594,0.0,0.0
251.77974714206516,3623.2435986643036,59.894048632620034,278.15,66217.21110144426,0.8293348734143962,334.33704267804364,0.17914272421885413,0.6,1.3569699349930187,1.01897951771825,0.0,279.74267388121825,279.9352843930839,0.0,0.0
251.9297946671796,3614.2588697786637,59.86436750053616,278.15,66289.85542068236,0.8302447043525688,334.33704267804364,0.1790539481387461,0.6,1.3569699349930187,1.0190866107061867,0.0,279.74109573942445,279.9335153982207,0.0,0.0
252.07984219229408,3605.2786057432213,59.834537466702976,278.15,66362.54348148167,0.8311550831302159,334.33704267804364,0.17896472669443872,0.6,1.3569699349930187,1.0191875890678694,0.0,279.73951046869985,279.9317384122873,0.0,0.0
252.22988971740855,3596.302828248502,59.80456731780306,278.15,66435.27507683844,0.8320660071547271,334.33704267804364,0.1788750861668446,0.6,1.3569699349930187,1.0192827397049007,0.0,279.73791854748094,279.92995397158,0.0,0.0
252.379937242523,3587.331557692723,59.77446542668975,278.15,66508.05000935898,0.8329774739538527,334.33704267804364,0.17878505159911562,0.6,1.3569699349930187,1.0193723363259708,0.0,279.73632043135876,279.9281625867868,0.0,0.0
252.52998476763747,3578.3648132958688,59.74423794392485,278.15,66580.86809038976,0.8338894811648092,334.33704267804364,0.17869464138754354,0.6,1.3569699349930187,1.0194565776654312,0.0,279.7347164571846,279.92636463549644,0.0,0.0
252.68003229275192,3569.4026105892513,59.71396804590971,278.19125330168123,66653.74550857276,0.8346784377562441,334.361835048204,0.17859086111697203,0.6,1.3569699349930187,1.0193873551970354,0.0,279.77436434702366,279.9658183743543,0.0,0.0
252.8300798178664,3560.4449371672213,59.6838799555283,278.2471760191918,66726.67183861903,0.835423726269173,334.3954404952105,0.17848293585325709,0.6,1.3569699349930187,1.01926963512705,0.0,279.8286921014325,280.0199532414037,0.0,0.0
252.98012734298084,3551.4917652203326,59.65396405715472,278.3030707914129,66799.64145585228,0.836169341075746,334.42902577480254,0.17837555791979742,0.6,1.3569699349930187,1.019156880845785,0.0,279.8830018353822,280.07407128825633,0.0,0.0
253.1301748680953,3542.5430694978054,59.62421466321889,278.35893777574944,66872.65453364531,0.836915283900483,334.4625909876206,0.17826871007354528,0.6,1.3569699349930187,1.0190489071082078,0.0,279.9372933914356,280.1281723193997,0.0,0.0
253.28022239320975,3533.598825533806,59.59462490429099,278.4147771247079,66945.71123975131,0.8376615564094515,334.4961362313186,0.17816237154703252,0.6,1.3569699349930187,1.0189454879022544,0.0,279.9915665453934,280.1822560650773,0.0,0.0
253.43026991832423,3524.6590098858574,59.5651882413204,278.47058898440736,67018.81173431988,0.8384081601900536,334.5296615996709,0.1780565225710885,0.6,1.3569699349930187,1.018846408073216,0.0,280.04582108493463,280.23632226962013,0.0,0.0
253.58031744343867,3515.7236000412595,59.535898435091894,278.5263734951644,67091.95617061871,0.839155096758455,334.5631671829259,0.1779511442828374,0.6,1.3569699349930187,1.0187514623057232,0.0,280.1000568085345,280.2903706901628,0.0,0.0
253.73036496855315,3506.792574404439,59.5067495423203,278.5821307915713,67165.14469509666,0.8399023675602871,334.5966530678546,0.17784621871352854,0.6,1.3569699349930187,1.0186604550075702,0.0,280.15427352528883,280.344401096437,0.0,0.0
253.88041249366762,3497.8659122784034,59.477735910016015,278.637861002612,67238.37744749653,0.8406499739718533,334.6301193378223,0.17774172877119557,0.6,1.3569699349930187,1.0185732001350714,0.0,280.2084710546865,280.3984132705029,0.0,0.0
254.03046001878207,3488.9435937711355,59.44885214487661,278.6935642522466,67311.65456158454,0.8413979173076277,334.6635660731408,0.177637658148554,0.6,1.3569699349930187,1.0184895201702946,0.0,280.2626492255333,280.4524070054715,0.0,0.0
254.18050754389654,3480.0255997717245,59.42009310557884,278.74924065956,67384.97616531227,0.8421461988219596,334.69699335115985,0.1775339912995156,0.6,1.3569699349930187,1.0184092458740772,0.0,280.31680787565443,280.5063821051538,0.0,0.0
254.33055506901098,3471.111911946834,59.39145390205412,278.804890338784,67458.34238081091,0.8428948197090587,334.73040124628136,0.177430713436621,0.6,1.3569699349930187,1.0183322162761457,0.0,280.37094685184,280.5603383839969,0.0,0.0
254.48060259412546,3462.202512672818,59.36292987334356,278.8605133997211,67531.75332491788,0.8436437811084176,334.7637898302156,0.17732781046436072,0.6,1.3569699349930187,1.01825827793722,0.0,280.4250660090643,280.6142756661573,0.0,0.0
254.6306501192399,3453.297384991825,59.33451657325406,278.9161099480186,67605.20910950718,0.8443930841082224,334.7971591721471,0.17722526893588497,0.6,1.3569699349930187,1.0181872844748214,0.0,280.47916520997006,280.6681937848899,0.0,0.0
254.78069764435438,3444.396512610878,59.30620977036748,278.9716800851737,67678.70984146897,0.8451427297451866,334.8305093387389,0.17712307605269328,0.6,1.3569699349930187,1.0181190965766205,0.0,280.53324432484277,280.7220925825185,0.0,0.0
254.93074516946882,3435.4998798663187,59.27800543658865,279.02722390875624,67752.2556229739,0.8458927190072857,334.86384039426764,0.17702121963002906,0.6,1.3569699349930187,1.0180535816238456,0.0,280.58730323119863,280.77597190994715,0.0,0.0
255.0807926945833,3426.6074716653957,59.2498997279995,279.0827415127728,67825.84655192948,0.8466430528384483,334.8971524008429,0.1769196880392775,0.6,1.3569699349930187,1.0179906130518985,0.0,280.64134181311306,280.82983162586294,0.0,0.0
255.23084021969777,3417.719273480279,59.22188898305656,279.1382329877042,67899.48272200488,0.847393732138844,334.93044541843136,0.17681847020228383,0.6,1.3569699349930187,1.0179300703004355,0.0,280.69535996113603,280.8836715966374,0.0,0.0
255.3808877448122,3408.8352713376735,59.19396971948014,279.1936984205702,67973.16422269237,0.8481447577655442,334.9637195048962,0.17671755558176172,0.6,1.3569699349930187,1.0178718387189267,0.0,280.7493575721679,280.9374916961786,0.0,0.0
255.5309352699267,3399.955451759582,59.166138614812944,279.2491378952992,68046.89113977509,0.8488961305373219,334.99697471622034,0.17661693412286256,0.6,1.3569699349930187,1.0178158089152192,0.0,280.80333454878263,280.99129180512836,0.0,0.0
255.68098279504113,3391.0798017486422,59.138392501670914,279.30455149282017,68120.6635554274,0.8496478512357045,335.03021110656204,0.17651659623872232,0.6,1.3569699349930187,1.0177618766037637,0.0,280.8572907990472,281.04507181064855,0.0,0.0
255.8310303201556,3382.208308787447,59.11072836781616,279.3599392910663,68194.48154819965,0.8503999206048481,335.0634287282587,0.17641653281043637,0.6,1.3569699349930187,1.0177099426182017,0.0,280.9112262365082,281.09883160640567,0.0,0.0
255.98107784527005,3373.3409607956537,59.083143342106965,279.4153013652432,68268.34519335434,0.8511523393549906,335.0966276319879,0.17631673514480622,0.6,1.3569699349930187,1.0176599124418484,0.0,280.96514077970113,281.1525710919882,0.0,0.0
256.1311253703845,3364.477746102297,59.05563468542326,279.4706377880013,68342.25456307843,0.8519051081646406,335.1298078668722,0.176217194946988,0.6,1.3569699349930187,1.0176116959070132,0.0,281.0190343518279,281.2062901725245,0.0,0.0
256.28117289549897,3355.6186534464837,59.02819979109842,279.5259486294319,68416.20972645911,0.8526582276803542,335.16296948047733,0.17611790432157726,0.6,1.3569699349930187,1.0175652072184984,0.0,281.07290688075716,281.2599887586835,0.0,0.0
256.43122042061344,3346.7636719554903,59.00083617784818,279.58123395720355,68490.2107496492,0.8534116985184461,335.19611251889455,0.17601885575126525,0.6,1.3569699349930187,1.017520364720748,0.0,281.1267582987724,281.3136667663757,0.0,0.0
256.5812679457279,3337.912791107548,58.97354147752029,279.6364938367945,68564.25769616204,0.8541655212680143,335.2292370268811,0.17592004206002881,0.6,1.3569699349930187,1.017477090487306,0.0,281.18058854214615,281.3673241162483,0.0,0.0
256.7313154708424,3329.066000728785,58.94631343419779,279.6917283315118,68638.350626881,0.8549196964910567,335.2623430478721,0.17582145641027405,0.6,1.3569699349930187,1.0174353102977405,0.0,281.2343975510968,281.42096073363376,0.0,0.0
256.8813629959568,3320.223290987925,58.919149902646176,279.7469375025243,68712.4896000895,0.8556742247227991,335.2954306240011,0.1757230922980214,0.6,1.3569699349930187,1.0173949535921512,0.0,281.28818526972526,281.4745765484755,0.0,0.0
257.0314105210713,3311.3846523582883,58.89204883579343,279.80212140909987,68786.6746717742,0.8564291064748012,335.32849979624274,0.1756249435153239,0.6,1.3569699349930187,1.0173559530499896,0.0,281.3419516455834,281.5281714948148,0.0,0.0
257.18145804618575,3302.5500756087854,58.86500828179732,279.85728010866154,68860.9058956883,0.8571843422356176,335.3615506044473,0.1755270041413528,0.6,1.3569699349930187,1.0173182444963014,0.0,281.3956966295631,281.58174551066026,0.0,0.0
257.3315055713002,3293.7195518049934,58.83802638460078,279.912413656781,68935.18332332897,0.8579399324705881,335.3945830873371,0.17542926854390878,0.6,1.3569699349930187,1.0172817669273395,0.0,281.4494201759068,281.63529853800014,0.0,0.0
257.48155309641464,3284.8930722817327,58.81110137490875,279.9675221073495,69009.50700415522,0.8586958776240688,335.4275972826094,0.1753317313523203,0.6,1.3569699349930187,1.0172464622078115,0.0,281.5031222418948,281.68883052243086,0.0,0.0
257.6316006215291,3276.070628626368,58.78423156547414,280.0226055126822,69083.87698571775,0.8594521781207723,335.46059322699966,0.17523438744322492,0.6,1.3569699349930187,1.0172122749154409,0.0,281.5568027876917,281.7423414129729,0.0,0.0
257.7816481466436,3267.2522126777635,58.75741536277183,280.07766392352477,69158.29331365577,0.8602088343657474,335.493570956286,0.1751372319752374,0.6,1.3569699349930187,1.0171791527509377,0.0,281.61046177695187,281.79583116274813,0.0,0.0
257.93169567175806,3258.4378165082176,58.730651201119514,280.132697389166,69232.75603183922,0.8609658467458415,335.52653050535696,0.1750402601924256,0.6,1.3569699349930187,1.0171470442645243,0.0,281.6640991734845,281.84929972522826,0.0,0.0
258.08174319687254,3249.627432430489,58.70393747462886,280.18754576851245,69307.24818351587,0.8617234969412162,335.5593759851615,0.17494351723083654,0.6,1.3569699349930187,1.0171162285395772,0.0,281.71755474877665,281.9025868613283,0.0,0.0
258.23179072198695,3240.821053078169,58.677270854712106,280.24107340708855,69381.6495062287,0.8624837862333464,335.59142745120835,0.174847347264981,0.6,1.3569699349930187,1.0170889514873331,0.0,281.76969267133575,281.9545567181481,0.0,0.0
258.3818382471014,3232.0186718157493,58.650645631050736,280.29307194596674,69455.93848868202,0.863247098204157,335.6225603866473,0.17475179726739296,0.6,1.3569699349930187,1.0170654617095523,0.0,281.8203042815005,282.00500059965697,0.0,0.0
258.5318857722159,3223.2202828359177,58.624056380351114,280.3435576057147,69530.11745991357,0.8640134226120958,335.65278475743804,0.17465684493789085,0.6,1.3569699349930187,1.0170455522421946,0.0,281.8694055145911,282.05393440667854,0.0,0.0
258.6819332973304,3214.425881128266,58.5974979783765,280.39254655048006,69604.1887217857,0.8647827489800185,335.6821104847464,0.17456246891965133,0.6,1.3569699349930187,1.017029025974844,0.0,281.917012265584,282.10137400163705,0.0,0.0
258.8319808224448,3205.6354624357127,58.57096558596788,280.440054889061,69678.15454948912,0.8655550665968302,335.71054744587263,0.17446864875584944,0.6,1.3569699349930187,1.0170156951849203,0.0,281.963140389419,282.14733520877184,0.0,0.0
258.98202834755926,3196.8490231992364,58.544454631141534,280.4860986759731,69752.01719213942,0.8663303645202731,335.7381054751721,0.17437536483469226,0.6,1.3569699349930187,1.017005380936327,0.0,282.00780570110015,282.1918338141217,0.0,0.0
259.13207587267374,3188.066560919944,58.51793848904005,280.50869140049184,69825.04289166238,0.8671675054923714,335.75162679730636,0.17428936695626912,0.6,1.3569699349930187,1.017066188152824,0.0,282.02902030493135,282.2128817544983,0.0,0.0
259.2821233977882,3179.2880896049182,58.49123531110264,280.4972843341321,69896.87765818094,0.8680949336908206,335.7447999499711,0.17421337670700587,0.6,1.3569699349930187,1.0172249262393673,0.0,282.0162260280354,282.19991971486417,0.0,0.0
259.4321709229026,3170.5136426899235,58.46430144057529,280.48459646803,69968.61616700295,0.8690252100713076,335.7372064125688,0.17413709390531998,0.6,1.3569699349930187,1.017377409328635,0.0,282.0021396084776,282.1856641608085,0.0,0.0
259.5822184480171,3161.743252094087,58.43717042795636,280.4824229905436,70041.3103623887,0.8699348286917554,335.73590559483705,0.17405695802604382,0.6,1.3569699349930187,1.017497290139255,0.0,281.99855799208234,282.1819122506958,0.0,0.0
259.7322659731316,3152.976944349751,58.409887346593145,280.4849098166007,70114.44019647314,0.8708354029037483,335.7373939500409,0.17397492325589678,0.6,1.3569699349930187,1.0175997664563925,0.0,281.99962944576197,282.1828125358761,0.0,0.0
259.88231349824605,3144.2147412385752,58.3824600295315,280.4861583574939,70187.47950760373,0.8717386853623545,335.73814119416096,0.17389284345792663,0.6,1.3569699349930187,1.0176988538128087,0.0,281.9994557979326,282.1824668952107,0.0,0.0
260.0323610233605,3135.456664034251,58.35489338739129,280.4861953723909,70260.43027700468,0.8726446293491369,335.73816334732595,0.17381072442164497,0.6,1.3569699349930187,1.0177946529466282,0.0,281.99806407275076,282.18090238490237,0.0,0.0
260.18240854847494,3126.702733302629,58.32719219199564,280.485047403907,70333.29447188631,0.8735531883702446,335.73747629528725,0.17372857160782315,0.6,1.3569699349930187,1.0178872605894342,0.0,281.99548107020365,282.1781458360639,0.0,0.0
260.3324560735894,3117.9529688705097,58.29936106451859,280.4827407778316,70406.07404574146,0.8744643161599606,335.7360957895943,0.173646390113069,0.6,1.3569699349930187,1.0179767690437211,0.0,281.99173336523427,282.17422385376966,0.0,0.0
260.4825035987039,3109.2073898862736,58.27140449461126,280.47930160291327,70478.77093788107,0.875377966674755,335.73403744779375,0.17356418472664512,0.6,1.3569699349930187,1.0180632668302516,0.0,281.9868473085285,282.1691628179643,0.0,0.0
260.63255112381836,3100.466014859781,58.24332685305726,280.47475577071464,70551.3870731498,0.8762940940894907,335.7313167536591,0.17348195996798524,0.6,1.3569699349930187,1.0181468391139092,0.0,281.9808490270361,282.16298888406413,0.0,0.0
260.7825986489328,3091.7288616376395,58.21513238240128,280.46912895548815,70623.92436218394,0.8772126528004272,335.72794905742086,0.1733997200585898,0.6,1.3569699349930187,1.0182275673683523,0.0,281.9737644233715,282.15572798230085,0.0,0.0
260.93264617404725,3082.995947422708,58.18682520223834,280.4624466141029,70696.38470130367,0.8781335974236557,335.723949576017,0.1733174689375661,0.6,1.3569699349930187,1.0183055295473005,0.0,281.96561917602617,282.1474058179675,0.0,0.0
261.0826936991617,3074.2672888336165,58.15840932827313,280.45473398605736,70768.7699720815,0.8790568827893628,335.71933339338386,0.17323521031815345,0.6,1.3569699349930187,1.0183808007337845,0.0,281.956438740376,282.13804787254753,0.0,0.0
261.2327412242762,3065.5429018964364,58.12988866879162,280.4460160934932,70841.0820414766,0.8799824639432456,335.7141154607366,0.17315294767696535,0.6,1.3569699349930187,1.0184534530084008,0.0,281.9462483485225,282.1276794035339,0.0,0.0
261.38278874939067,3056.822802030556,58.10126701862057,280.4363177412267,70913.32276201944,0.8809102961486124,335.7083105968505,0.17307068423573801,0.6,1.3569699349930187,1.0185235552297738,0.0,281.93507300902246,282.11632544412277,0.0,0.0
261.5328362745051,3048.107004111559,58.0725480791948,280.42566351689874,70985.49397136676,0.8818403348804085,335.7019334884029,0.17298842302080744,0.6,1.3569699349930187,1.018591173720744,0.0,281.9229375080837,282.10401080453573,0.0,0.0
261.68288379961956,3039.3955224805377,58.04373546114705,280.4140777911201,71057.59749229945,0.88277253582487,335.6949986903022,0.17290616687052793,0.6,1.3569699349930187,1.018656372349937,0.0,281.909866409852,282.0907600723238,0.0,0.0
261.83293132473403,3030.688370918797,58.01483267453414,280.40158471759787,71129.63513301426,0.8837068548829996,335.68752062599594,0.1728239184058647,0.6,1.3569699349930187,1.0187192121837616,0.0,281.8958840560429,282.0765976119394,0.0,0.0
261.9829788498485,3021.985562691169,57.98584314234069,280.38820823338096,71201.60868684982,0.8846432481667461,335.6795135878409,0.17274168007028795,0.6,1.3569699349930187,1.0187797519467048,0.0,281.88101456689265,282.0615475657725,0.0,0.0
262.1330263749629,3013.2871105742324,57.95677020931587,280.3739720591323,71273.51993213978,0.8855816719967875,335.6709917374798,0.17265945415575992,0.6,1.3569699349930187,1.018838048320931,0.0,281.8652818418932,282.0456338549419,0.0,0.0
262.2830739000774,3004.5930268365196,57.92761713433802,280.3588996993564,71345.37063247038,0.88652208290558,335.6619691061818,0.1725772427796652,0.6,1.3569699349930187,1.0188941556734614,0.0,281.8487095596348,282.02888017909095,0.0,0.0
262.43312142519187,2995.9033232516995,57.89838709370265,280.34301444269914,71417.16253666328,0.8874644376368671,335.6524595952181,0.17249504789425804,0.6,1.3569699349930187,1.0189481261627722,0.0,281.83132117828376,282.0113100168869,0.0,0.0
262.58316895030634,2987.2180111408347,57.869083194439014,280.3263393623363,71488.89737852538,0.8884086931421131,335.64247697628144,0.1724128713259627,0.6,1.3569699349930187,1.0190000101953727,0.0,281.8131399366632,281.9929466271856,0.0,0.0
262.7332164754208,2978.5371013621684,57.83970843815285,280.3088973162981,71560.57687703316,0.8893548065826303,335.6320348918591,0.17233071466729583,0.6,1.3569699349930187,1.0190498551471185,0.0,281.7941888527282,281.9738130472825,0.0,0.0
262.88326400053523,2969.8606043133464,57.81026653892744,280.2934432028275,71632.15744739918,0.890293493920943,335.6227826578152,0.17224774218580985,0.6,1.3569699349930187,1.019087155878672,0.0,281.7772230209202,281.95666439534654,0.0,0.0
263.0333115256497,2961.1885224052753,57.7808997559732,280.31935558204555,71702.98770242867,0.891091441801918,335.63829601362147,0.1721522854877926,0.6,1.3569699349930187,1.0189645103494214,0.0,281.8016283054633,281.98088741892576,0.0,0.0
263.1833590507642,2952.5208333668293,57.75171157714821,280.3442332819886,71773.77209347113,0.8918919639845035,335.6531892477145,0.17205768759887163,0.6,1.3569699349930187,1.018849778791796,0.0,281.82500883544793,282.00408688819516,0.0,0.0
263.33340657587866,2943.857511246441,57.722690649720796,280.36808760676485,71844.51276375602,0.8926950592842728,335.66746920949396,0.17196391055010277,0.6,1.3569699349930187,1.0187425590313597,0.0,281.84737531921115,282.0262734394421,0.0,0.0
263.4834541009931,2935.198531784081,57.693826209103534,280.3909298485201,71915.21182151414,0.8935007260475417,335.68114273664656,0.17187091815391706,0.6,1.3569699349930187,1.0186424686301208,0.0,281.8687384845061,282.0474577321646,0.0,0.0
263.63350162610755,2926.543872266943,57.66510803104743,280.41277128892557,71985.87134134908,0.8943089621629362,335.694216656164,0.17177867585997506,0.6,1.3569699349930187,1.018549143236511,0.0,281.88910907745054,282.0676504477133,0.0,0.0
263.783549151222,2917.8935114666415,57.636526410793536,280.4336232003483,72056.49336493766,0.8951197650655858,335.70669778516776,0.17168715069151666,0.6,1.3569699349930187,1.0184622358775068,0.0,281.90849786254756,282.0868622891724,0.0,0.0
263.9335966763365,2909.247429602523,57.6080721517476,280.4534968468936,72127.0799015121,0.8959331317389695,335.71859293165676,0.1715963112101898,0.6,1.3569699349930187,1.018381416584774,0.0,281.9269156230701,282.10510398166537,0.0,0.0
264.08364420145097,2900.605608231567,57.57973652907209,280.4724034855562,72197.63292893647,0.8967490587237574,335.7299088953167,0.17150612740619994,0.6,1.3569699349930187,1.0183063711422686,0.0,281.9443731602751,282.1223862713343,0.0,0.0
264.2336917265654,2891.9680301642697,57.55151126176087,280.4903543672212,72268.15439456674,0.8975675421244012,335.74065246823926,0.17141657061384663,0.6,1.3569699349930187,1.0182368001297162,0.0,281.9608812929087,282.13871992466443,0.0,0.0
264.38373925167986,2883.3346794374597,57.52338850420147,280.5073607374789,72338.64621564237,0.8983885776104634,335.7508304355271,0.1713276134852255,0.6,1.3569699349930187,1.018172418648858,0.0,281.9764508575255,282.1541157287435,0.0,0.0
264.53378677679433,2874.7055412463383,57.49536082411084,280.52343383747564,72409.11028000615,0.8992121604218767,335.7604495759194,0.17123922992338758,0.6,1.3569699349930187,1.0181129555720834,0.0,281.991092708151,282.16858449078046,0.0,0.0
264.6838343019088,2866.0806018475573,57.46742117039206,280.5385849047485,72479.5484470587,0.9000382853771309,335.7695166624055,0.1711513949855425,0.6,1.3569699349930187,1.0180581524364156,0.0,282.00481771541797,282.1821370370365,0.0,0.0
264.8338818270232,2857.4598485336423,57.43956286494933,280.55282517386735,72549.96254812645,0.9008669468747663,335.7780384627226,0.1710640848577301,0.6,1.3569699349930187,1.0180077631772493,0.0,282.01763676673795,282.1947842129394,0.0,0.0
264.9839293521377,2848.8432695896136,57.411779588973104,280.5661658770677,72620.35438697228,0.9016981388966353,335.78602173984507,0.1709772768130702,0.6,1.3569699349930187,1.017961553668205,0.0,282.0295607661836,282.20653688287524,0.0,0.0
265.13397687725217,2840.230854206173,57.384065354250076,280.5786182449017,72690.72574065831,0.9025318550154547,335.7934732524841,0.17089094912545494,0.6,1.3569699349930187,1.0179193007341691,0.0,282.0406006336288,282.21740592914597,0.0,0.0
265.28402440236664,2831.6225924464193,57.35641449229725,280.5901935067489,72761.07835997074,0.9033680883973403,335.8003997555016,0.1708050810364098,0.6,1.3569699349930187,1.017880791789408,0.0,282.0507673046617,282.22740225181,0.0,0.0
265.4340719274811,2823.0184752141818,57.32882164446132,280.6009028912907,72831.41396982712,0.9042068318042193,335.8068080003007,0.1707196527248786,0.6,1.3569699349930187,1.0178458245095432,0.0,282.06007173051205,282.23653676854343,0.0,0.0
265.58411945259553,2814.4184941901976,57.301281741034245,280.61075762698584,72901.73426994593,0.9050480775994715,335.8127047352154,0.17063464524433544,0.6,1.3569699349930187,1.0178142061167084,0.0,282.0685248774238,282.2448204138791,0.0,0.0
265.73416697771,2805.822641786599,57.27378998633012,280.61976894247624,72972.04093536547,0.9058918177519047,335.81809670585733,0.1705500404777059,0.6,1.3569699349930187,1.017785752873325,0.0,282.0761377262633,282.25226413871866,0.0,0.0
265.8842145028245,2797.2309111239565,57.24634185147326,280.6279480669326,73042.33561677608,0.9067380438375849,335.8229906554248,0.17046582111530165,0.6,1.3569699349930187,1.0177602898467821,0.0,282.08292127246347,282.25887891022774,0.0,0.0
266.03426202793895,2788.643295986335,57.21893305992159,280.63530623039236,73112.6199410305,0.9075867470438871,335.8273933250059,0.17038197061115393,0.6,1.3569699349930187,1.0177376504180193,0.0,282.0888865255911,282.26467571131053,0.0,0.0
266.18430955305337,2780.059790770548,57.19155957087361,280.6418546640643,73182.8955117015,0.9084379181742213,335.83131145386005,0.17029847313308416,0.6,1.3569699349930187,1.0177176757146098,0.0,282.09404450877685,282.2696655399337,0.0,0.0
266.33435707816784,2771.4803904682317,57.16421757356846,280.6476046005731,73253.16390936972,0.9092915476495893,335.8347517796626,0.1702153135452559,0.6,1.3569699349930187,1.0177002144269647,0.0,282.09840625864064,282.27385940901326,0.0,0.0
266.4844046032823,2762.905090631113,57.13690347622467,280.65256727419245,73323.42669204868,0.9101476255118688,335.8377210387407,0.17013247737479023,0.6,1.3569699349930187,1.0176851224353383,0.0,282.1019828249338,282.27726834598525,0.0,0.0
266.6344521283968,2754.333887325835,57.10961389137402,280.6567539210535,73393.68539569277,0.9110061414281903,335.8402259662934,0.1700499507676779,0.6,1.3569699349930187,1.0176722623088552,0.0,282.1047852699771,282.27990339215063,0.0,0.0
266.78449965351126,2745.7667771333454,57.0823454500571,280.6601757793043,73463.94153434274,0.9118670846909656,335.84227329658086,0.16996771993514923,0.6,1.3569699349930187,1.017661496696472,0.0,282.10682465937623,282.2817755922485,0.0,0.0
266.9345471786257,2737.203756998199,57.055096913392205,280.6629538772185,73534.02969994767,0.9127280155613452,335.8439354497658,0.16988574421325608,0.6,1.3569699349930187,1.0176500558118122,0.0,282.1082219571044,282.28300590247613,0.0,0.0
267.08459470374015,2728.64482392638,57.02786846838679,280.6650130516835,73604.08237135972,0.9135908289843192,335.8451674612908,0.16980404660716092,0.6,1.3569699349930187,1.0176400594361916,0.0,282.1089020080739,282.2835191687162,0.0,0.0
267.2346422288546,2720.0899750754493,57.00065754336385,280.6663394871957,73674.13907394356,0.9144560671574307,335.8459610700587,0.16972262331740026,0.6,1.3569699349930187,1.017632015429207,0.0,282.10885086516157,282.28330142792805,0.0,0.0
267.3846897539691,2711.539208034702,56.973460962993826,280.6669444086929,73744.20128530315,0.9153237185559099,335.8463229950628,0.16964146117458426,0.6,1.3569699349930187,1.0176257920129466,0.0,282.108079591396,282.2823637235598,0.0,0.0
267.5347372790835,2702.9925208552672,56.94627622018072,280.66683904411434,73814.27046135916,0.9161937712748246,335.84625995538124,0.16956054900759146,0.6,1.3569699349930187,1.0176212807184866,0.0,282.10659928690467,282.28071714028187,0.0,0.0
267.684784804198,2694.4499119429292,56.91910087181746,280.66603462447966,73884.34803736224,0.9170662130400908,335.84577867030987,0.16947987584412458,0.6,1.3569699349930187,1.0176183748486816,0.0,282.10442105837177,282.27837276974196,0.0,0.0
267.83483232931246,2685.9113800640184,56.89193262989118,280.66454238393277,73954.43542798156,0.9179410312081131,335.84488585947287,0.16939943118174025,0.6,1.3569699349930187,1.0176169727425186,0.0,282.1015560236769,282.2753417157592,0.0,0.0
267.98487985442694,2677.376924315604,56.86476935193378,280.6623735597713,74024.53402768538,0.9188182127690923,335.8435882429234,0.16931920495919126,0.6,1.3569699349930187,1.0176169774504942,0.0,282.0980153114233,282.271635093792,0.0,0.0
268.13492737954135,2668.8465441018097,56.83760903358581,280.6595393924588,74094.64521107082,0.9196977443497545,335.84189254123237,0.16923918753407952,0.6,1.3569699349930187,1.0176182964842209,0.0,282.0938100605572,282.2672640305093,0.0,0.0
268.2849749046558,2660.32023912251,56.8104498050617,280.6560511256255,74164.77033309259,0.9205796122148605,335.83980547556973,0.16915936967214062,0.6,1.3569699349930187,1.0176208417038577,0.0,282.0889514201735,282.26223966357344,0.0,0.0
268.4350224297703,2651.7980093476167,56.783289922867986,280.65192000605083,74234.91072941027,0.9214638022702454,335.83733376777246,0.16907974252241104,0.6,1.3569699349930187,1.0176245290368773,0.0,282.0834505490643,282.2565731411358,0.0,0.0
268.5850699548848,2643.279854995934,56.75612776318435,280.6471572836326,74305.0677166979,0.9223503000654307,335.8344841404042,0.1690002975973605,0.6,1.3569699349930187,1.0176292782552754,0.0,282.0773186153395,282.25027562141526,0.0,0.0
268.73511747999925,2634.7657765242197,56.728961818558204,280.6417742113488,74375.24259286949,0.9232390907952197,335.8312633168084,0.16892102676290324,0.6,1.3569699349930187,1.017635012869975,0.0,282.0705667962076,282.24335827245693,0.0,0.0
268.88516500511366,2626.255774608985,56.70179069203616,280.63578204520456,74445.43663736532,0.9241301593020926,335.8276780211521,0.16884192222079086,0.6,1.3569699349930187,1.0176416599338913,0.0,282.0632062776132,282.23583227173276,0.0,0.0
269.03521253022814,2617.749850123817,56.67461308994452,280.62919204416494,74515.65111147452,0.9250234900791044,335.8237349784589,0.16876297648699506,0.6,1.3569699349930187,1.0176491497965283,0.0,282.055248253793,282.22770880565156,0.0,0.0
269.1852600553426,2609.2480041298036,56.64742781915417,280.6220154700841,74585.88725855041,0.9259190672714614,335.8194409146392,0.16868418238345287,0.6,1.3569699349930187,1.0176574160175822,0.0,282.0467039270555,282.21899906932055,0.0,0.0
269.3353075804571,2600.7502378649465,56.620233783714916,280.6142635876282,74656.14630423469,0.9268168746782341,335.81480255651513,0.16860553302794373,0.6,1.3569699349930187,1.0176663952578373,0.0,282.0375845075221,282.20971426626477,0.0,0.0
269.4853551055715,2592.256552719075,56.59302997672204,280.605947664175,74726.42945679996,0.9277168957556193,335.80982663183,0.16852702180978354,0.6,1.3569699349930187,1.0176760270000185,0.0,282.02790121260665,282.19986560785566,0.0,0.0
269.635402630686,2583.7669502259005,56.56581547817011,280.59707896971895,74796.73790735345,0.9286191136184623,335.80451986926005,0.16844864238335172,0.6,1.3569699349930187,1.0176862534823834,0.0,282.0176652668018,282.18946431308314,0.0,0.0
269.78545015580045,2575.2814320572375,56.538589453230806,280.58766877677357,74867.07283002116,0.9295235110415541,335.79888899842285,0.1683703886628891,0.6,1.3569699349930187,1.017697019647177,0.0,282.006887901485,282.17852160834974,0.0,0.0
269.9354976809149,2566.8,56.51135114474341,280.5777283602488,74937.435382276,0.930430070462803,335.79294074987,0.1682922548000744,0.6,1.3569699349930187,1.0177082728825741,0.0,281.99558035440816,282.1670487269138,0.0,0.0
