time_s,height_m,speed_mps,temperature_k,pressure_pa,density_kg_m3,sound_mps,mach,cd,area_m2,drag_g,spin_g,recovery_k,stagnation_k,theta_deg,spin_rpm
0.0,38969.4,0.0,247.49948330556637,330.19490010038845,0.004647658090564448,315.3785214768626,0.0,0.6,1.3569699349930187,0.0,0.0,247.49948330556637,247.49948330556637,0.0,0.0
0.15001212896494256,38969.29099795179,1.453242317888613,247.49918180775015,330.19980787351705,0.004647732831676206,315.37832938360407,0.004607933337490005,0.6,1.3569699349930187,3.36190480510737e-06,0.0,247.50011944658803,247.5002328402329,0.0,0.0
0.30002425792988513,38968.96399254165,2.906474843126489,247.4982773162714,330.2145316343833,0.004647957062281153,315.37775310438155,0.00921585246428122,0.6,1.3569699349930187,1.3448177382151968e-05,0.0,247.50202784634993,247.5024814178731,0.0,0.0
0.4500363868948277,38968.418985973214,4.359687781261302,247.49676983704038,330.23907270749567,0.004648330804189488,315.3767926408546,0.013823743163708421,0.6,1.3569699349930187,3.0260492306859248e-05,0.0,247.5052084349367,247.50622895940148,0.0,0.0
0.6000485158597703,38967.65598191965,5.812871334637681,247.4946593799087,330.2734333005637,0.004648854093755099,315.37544799579007,0.01843159120844206,0.6,1.3569699349930187,5.380164084804252e-05,0.0,247.5096610958042,247.51147533298834,0.0,0.0
0.7500606448247128,38966.67498552408,7.2660157008609225,247.49194595867056,330.3176165048194,0.004649526981881305,315.3737191730627,0.023039382355362546,0.6,1.3569699349930187,8.407553143582419e-05,0.0,247.5153856657523,247.51822035402853,0.0,0.0
0.9000727737896554,38965.47600340084,8.719111070631872,247.48862959106623,330.37162629541916,0.004650349534028175,315.3716061776575,0.027647102338439932,0.6,1.3569699349930187,0.00012108719030093345,0.0,247.52238193488387,247.52646378509567,0.0,0.0
1.050084902754598,38964.059043636276,10.172147626532414,247.48471029878422,330.43546753201036,0.004651321830222705,315.3691090156713,0.03225473686462722,0.6,1.3569699349930187,0.0001648427623159339,0.0,247.5306496465555,247.5362053358861,0.0,0.0
1.2000970317195405,38962.424115789974,11.62511554148925,247.48018810746478,330.50914595940526,0.004652443965070961,315.3662276943152,0.03686227160873258,0.6,1.3569699349930187,0.0002153495120221377,0.0,247.5401884973173,247.54744466315134,0.0,0.0
1.350109160684483,38960.57123089676,13.078004976756059,247.4750630467055,330.5926682083531,0.004653716047772071,315.36296222191794,0.041469692206763296,0.6,1.3569699349930187,0.00027261582482516924,0.0,247.55099813683836,247.5601813706137,0.0,0.0
1.5001212896494256,38958.500401468555,14.530806080228908,247.46933515006617,330.6860417964601,0.0046551382021348085,315.3593126079294,0.04607698425032509,0.6,1.3569699349930187,0.00033665120838139464,0.0,247.56307816782112,247.5744150088697,0.0,0.0
1.6501334186143681,38956.211641495844,15.98350898529703,247.46300445507347,330.7892751292454,0.004656710566596595,315.35527886292357,0.05068413328271772,0.6,1.3569699349930187,0.0004074662941964571,0.0,247.57642814591063,247.59014507528798,0.0,0.0
1.800145547579311,38953.704966450496,17.436103808891687,247.45607100322812,330.9023775012888,0.004658433294244243,315.35086099860354,0.05529112479248598,0.6,1.3569699349930187,0.000485072839379021,0.0,247.5910475795864,247.6073710138869,0.0,0.0
1.9501576765442534,38950.980393288926,18.888580649420927,247.44853484001413,331.0253590974797,0.004660306552836591,315.3460590278075,0.05989794420660673,0.6,1.3569699349930187,0.0005694837285651873,0.0,247.60693593003967,247.62609221519617,0.0,0.0
2.100169805509196,38948.03794045367,20.34092958583359,247.44039601490306,331.15823099447846,0.004662330524830734,315.3408729645117,0.06450457688725543,0.6,1.3569699349930187,0.0006607129760909327,0.0,247.62409261105148,247.64630801611924,0.0,0.0
2.2501819344741385,38944.877627877104,21.79314067569994,247.43165458136437,331.3010051622199,0.0046645054074092055,315.335302823837,0.0691110081254516,0.6,1.3569699349930187,0.0007587757283022376,0.0,247.64251698885093,247.6680176997737,0.0,0.0
2.400194063439081,38941.49947698549,23.245203953145083,247.4223105968767,331.4536944655246,0.00466683141250921,315.32934862205707,0.07371722313423476,0.6,1.3569699349930187,0.0008636882660331274,0.0,247.66220838195795,247.69122049531325,0.0,0.0
2.5502061924040236,38937.90351070153,24.697109427602932,247.41236412293486,331.61631266592775,0.004669308766855469,315.3230103766023,0.07832320704444065,0.6,1.3569699349930187,0.0009754680073236844,0.0,247.68316606102425,247.71591557774875,0.0,0.0
2.700218321368966,38934.08975344817,26.14884708225059,247.40181522506066,331.78887442357,0.004671937711994395,315.3162881060677,0.08292894489946079,0.6,1.3569699349930187,0.0010941335103093663,0.0,247.70538924866236,247.74210206775518,0.0,0.0
2.8502304503339086,38930.058231153635,27.600406871952035,247.39066397281658,331.97139529918235,0.004674718504330044,315.3091818302214,0.08753442164844254,0.6,1.3569699349930187,0.001219704476256245,0.0,247.72887711925398,247.76977903145533,0.0,0.0
3.000242579298851,38925.80897125558,29.051778721539026,247.37891043981767,332.16389175623516,0.004677651415162924,315.3016915700131,0.09213962214055565,0.6,1.3569699349930187,0.0013522017528034968,0.0,247.75362879875047,247.79894548019456,0.0,0.0
3.1502547082637937,38921.34200270449,30.502952524635184,247.3665547037408,332.3663811632616,0.004680736730731821,315.29381734757993,0.0967445311209789,0.6,1.3569699349930187,0.00149164733744474,0.0,247.7796433644732,247.82960037031592,0.0,0.0
3.3002668372287363,38916.65735596958,31.953918141659823,247.35359684634108,332.5788817962099,0.004683974752256418,315.28555918625773,0.10134913322428055,0.6,1.3569699349930187,0.0016380643811259904,0.0,247.80691984488942,247.86174260290696,0.0,0.0
3.450278966193679,38911.755063044846,33.40466539770863,247.34003695346883,332.80141284091195,0.004687365795982062,315.27691711059185,0.10595341296740428,0.6,1.3569699349930187,0.0017914771920083707,0.0,247.83545721937082,247.89537102352702,0.0,0.0
3.600291095158622,38906.635157452045,34.85518408159228,247.32587511507768,333.033994395841,0.004690910193229286,315.2678911463431,0.11055735474632578,0.6,1.3569699349930187,0.0019519112395361884,0.0,247.86525441796348,247.93048442194842,0.0,0.0
3.7503032241235643,38901.29767424762,36.30546394386317,247.3111114252441,333.27664747481674,0.004694608290442904,315.2584813205008,0.1151609428294936,0.6,1.3569699349930187,0.0021193931585939754,0.0,247.89631032113047,247.9670815318655,0.0,0.0
3.900315353088507,38895.74265002971,37.75549469468457,247.29574598218665,333.52939400985633,0.004698460449243687,315.2486876612949,0.11976416135076604,0.6,1.3569699349930187,0.002293950753823805,0.0,247.92862375947445,248.0051610305814,0.0,0.0
4.050327482053449,38889.97012294244,39.20526600254594,247.27977888827806,333.7922568542737,0.0047024670464842116,315.2385101982051,0.1243669943050288,0.6,1.3569699349930187,0.002475613004225458,0.0,247.96219351346733,248.04472153870358,0.0,0.0
4.200339611018392,38883.98013268239,40.65476749264452,247.2632102500632,334.0652597858282,0.004706628474305816,315.22794896197206,0.12896942554274893,0.6,1.3569699349930187,0.0026644100679120786,0.0,247.99701831316483,248.08576161982157,0.0,0.0
4.350351739983334,38877.77272050672,42.10398874475712,247.24604017828165,334.34842750993397,0.004710945140196868,315.2170039846129,0.13357143876290503,0.6,1.3569699349930187,0.002860373286986347,0.0,248.03309683789516,248.1282797801554,0.0,0.0
4.500363868948277,38871.347929239746,43.55291929145862,247.22826878788612,334.641785663074,0.004715417467054524,315.2056752994333,0.13817301750701352,0.6,1.3569699349930187,0.0030635351926419437,0.0,248.07042771594178,248.17227446819777,0.0,0.0
4.650375997913219,38864.705803278215,45.00154861690028,247.20989619805698,334.94536081642656,0.0047200458932501075,315.19396294103746,0.14277414515492673,0.6,1.3569699349930187,0.0032739295105335808,0.0,248.10900952423188,248.21774407436294,0.0,0.0
4.800388126878162,38857.846388600505,46.4498661547363,247.19092253222797,335.2591804794351,0.004724830872694021,315.18186694534506,0.1473748049179208,0.6,1.3569699349930187,0.0034915911662200105,0.0,248.14884078799278,248.26468693059866,0.0,0.0
4.950400255843105,38850.76973277558,47.89786128591624,247.17134791811108,335.58327310354673,0.00472977287490359,315.169387349608,0.15197497983135203,0.6,1.3569699349930187,0.0037165562907646586,0.0,248.18991998038675,248.31310130997375,0.0,0.0
5.100412384808047,38843.47588496748,49.34552333768294,247.15117248770903,335.9176680862864,0.004734872385076441,315.15652419241883,0.1565746527511359,0.6,1.3569699349930187,0.003948862226706242,0.0,248.23224552217076,248.36298542629507,0.0,0.0
5.25042451377299,38835.96489594555,50.79284158151368,247.13039637734377,336.2623957752136,0.004740129904162465,315.1432775137299,0.1611738063468632,0.6,1.3569699349930187,0.0041885475340625025,0.0,248.2758157813178,248.41433743367986,0.0,0.0
5.400436642737932,38828.23681809449,52.23980523089113,247.10901972768443,336.61748747203075,0.0047455459489384975,315.1296473548717,0.16577242309436913,0.6,1.3569699349930187,0.00443565199648448,0.0,248.3206290726153,248.46715542610195,0.0,0.0
5.550448771702875,38820.291705420495,53.686403439959626,247.08704268376442,336.9829754370128,0.004751121052088286,315.11563375856474,0.17037048527110865,0.6,1.3569699349930187,0.004690216627742727,0.0,248.36668365727905,248.521437436957,0.0,0.0
5.700460900667817,38812.129613560464,55.1326253018284,247.06446539500706,337.3588928934404,0.004756855762282931,315.1012367689366,0.1749679749504033,0.6,1.3569699349930187,0.004952283678349642,0.0,248.41397774254898,248.5771814386065,0.0,0.0
5.85047302963276,38803.75059979339,56.578459846337935,247.04128801525727,337.7452740320755,0.004762750644262371,315.08645643154307,0.1795648739939744,0.6,1.3569699349930187,0.005221896642272128,0.0,248.46250948125288,248.63438534188447,0.0,0.0
6.000485158597702,38795.15472304942,58.0238960381881,247.01751070280673,338.14215401589536,0.004768806278921214,315.071292793385,0.18416116404561986,0.6,1.3569699349930187,0.005499100263889809,0.0,248.51227697136585,248.6930469956011,0.0,0.0
6.150497287562645,38786.34204391714,59.46892277565166,246.9931336204143,338.54956898504275,0.004775023263398292,315.05574590292235,0.18875682652674342,0.6,1.3569699349930187,0.005783940545254985,0.0,248.5632782555832,248.7531641860611,0.0,0.0
6.3005094165275874,38777.31262465616,60.91352888839126,246.96815693534094,338.96755606169256,0.004781402211165356,315.0398158100973,0.19335184262902597,0.6,1.3569699349930187,0.006076464753374013,0.0,248.61551132085083,248.8147346365333,0.0,0.0
6.45052154549253,38768.06652920921,62.3577031351296,246.94258081938335,339.3961533550746,0.004787943752118568,315.0235025663566,0.19794619330662339,0.6,1.3569699349930187,0.006376721427635954,0.0,248.66897409787092,248.8777560066924,0.0,0.0
6.6005336744574725,38758.60382320813,63.80143420259108,246.9164054488907,339.8353999669363,0.0047946485326771406,315.00680622466365,0.2025398592723985,0.6,1.3569699349930187,0.006684760387686736,0.0,248.72366446064612,248.9422258921061,0.0,0.0
6.7505458034224155,38748.92457398755,65.24471070332602,246.88963100480274,340.2853359967947,0.004801517215879184,314.9897268395232,0.2071328209905907,0.6,1.3569699349930187,0.007000632741268645,0.0,248.77958022597406,249.00814182366375,0.0,0.0
6.900557932387358,38739.02885059826,66.68752117334938,246.86225767268692,340.7460025473475,0.004808550481480425,314.9722644670067,0.2117250586688876,0.6,1.3569699349930187,0.00732439089219704,0.0,248.83671915291455,249.0755012669747,0.0,0.0
7.050570061352301,38728.91672381522,68.12985407071777,246.8342856427607,341.2174417302943,0.004815749026059613,314.95441916476733,0.21631655225347343,0.6,1.3569699349930187,0.007656088548726422,0.0,248.89507894228225,249.14430162179684,0.0,0.0
7.200582190317244,38718.588266149636,69.57169777372873,246.80571510992527,341.6996966721049,0.004823113563123573,314.9361909920627,0.22090728142286492,0.6,1.3569699349930187,0.007995780732027136,0.0,248.95465723611807,249.21454022144022,0.0,0.0
7.350594319282186,38708.043551863855,71.01304057854817,246.77654627380684,342.19281151982364,0.00483064482321325,314.91758000978234,0.2254972255799193,0.6,1.3569699349930187,0.008343523784714781,0.0,249.01545161712005,249.28621433212382,0.0,0.0
7.500606448247129,38697.28265698301,72.45387069722057,246.74677933878922,342.6968314471634,0.004838343554014638,314.89858628047,0.23008636384505152,0.6,1.3569699349930187,0.008699375379647335,0.0,249.07745960807364,249.35932115233317,0.0,0.0
7.650618577212071,38686.30565930443,73.89417625629855,246.71641451403994,343.21180266086606,0.004846210520474219,314.87920986834104,0.23467467505141282,0.6,1.3569699349930187,0.009063394529062132,0.0,249.14067867130254,249.43385781220155,0.0,0.0
7.800630706177014,38675.11263841389,75.33394529451827,246.68545201355536,343.73777240690026,0.004854246504912402,314.8594508393129,0.23926213773702035,0.6,1.3569699349930187,0.009435641593669355,0.0,249.20510620806627,249.50982137282926,0.0,0.0
7.950642835141956,38663.70367570092,76.7731657603135,246.6538920562035,344.2747889768439,0.004862452307140234,314.83930926103363,0.2438487301363655,0.6,1.3569699349930187,0.009816178291878556,0.0,249.27073955792815,249.58720882557003,0.0,0.0
8.100654964106898,38652.07885436644,78.21182551068588,246.6217348657452,344.8229017147958,0.004870828744584678,314.81878520289683,0.2484344301763293,0.6,1.3569699349930187,0.01020506770955941,0.0,249.33757599817898,249.66601709138237,0.0,0.0
8.250667093071842,38640.23825944022,79.64991230888069,246.58898067088268,345.38216102397865,0.004879376652409655,314.797878736074,0.2530192154682816,0.6,1.3569699349930187,0.010602374309682668,0.0,249.40561274319666,249.74624302010596,0.0,0.0
8.400679222036784,38628.181977797576,81.08741382185988,246.55562970530605,345.9526183735343,0.004888096883640495,314.77658993354555,0.25760306329952537,0.6,1.3569699349930187,0.011008163942080235,0.0,249.47484694377366,249.827883389702,0.0,0.0
8.550691351001726,38615.910098169494,82.52431761878,246.52168220772148,346.53432630578715,0.0048969903092960475,314.7549188701205,0.26218595062793154,0.6,1.3569699349930187,0.011422503853661004,0.0,249.54527568648214,249.91093490553848,0.0,0.0
8.700703479966668,38603.42271115777,83.96061116906205,246.48713842189343,347.12733844343103,0.004906057818520115,314.73286562246483,0.26676785407525977,0.6,1.3569699349930187,0.011845462698703593,0.0,249.6168959930136,249.99539419964438,0.0,0.0
8.850715608931612,38590.71990925363,85.39628183984716,246.45199859669634,347.7317094967121,0.004915300318713316,314.710430269136,0.2713487499185122,0.6,1.3569699349930187,0.012277110549152245,0.0,249.68970481946832,250.0812578299074,0.0,0.0
9.000727737896554,38577.801786852106,86.83131689386164,246.41626298615475,348.3474952709715,0.004924718735670974,314.6876128906104,0.27592861408258024,0.6,1.3569699349930187,0.01271751890520541,0.0,249.7636990556481,250.16852227927592,0.0,0.0
9.150739866861496,38564.66844026378,88.26570348794398,246.37993184947595,348.97475267448067,0.004934314013725976,314.66441356930574,0.2805074221349889,0.6,1.3569699349930187,0.013166760706286404,0.0,249.83887552437884,250.25718395499607,0.0,0.0
9.300751995826438,38551.31996773487,89.6994286705471,246.34300545110597,349.613539726036,0.004944087115888487,314.64083238961825,0.28508514927735995,0.6,1.3569699349930187,0.013624910341887475,0.0,249.91523098076635,250.34723918777047,0.0,0.0
9.450764124791382,38537.75646946606,91.13247937906348,246.30548406078188,350.2639155627825,0.00495403902398968,314.61686943795837,0.2896617703362997,0.6,1.3569699349930187,0.014092043662526919,0.0,249.9927621114172,250.4386842308787,0.0,0.0
9.600776253756324,38523.97804762192,92.56484243860889,246.26736795355805,350.92594044865194,0.004964170738835411,314.59252480276893,0.2942372597589266,0.6,1.3569699349930187,0.01456823799134457,0.0,250.0714655337356,250.53151525938586,0.0,0.0
9.750788382721266,38509.98480635226,93.99650455951937,246.22865740986583,351.59967578238985,0.00497448328035413,314.56779857456524,0.2988115916042767,0.6,1.3569699349930187,0.015053572135468894,0.0,250.15133779513943,250.62572836925676,0.0,0.0
9.90080051168621,38495.7768518126,95.42745233462618,246.18935271557012,352.285184105802,0.0049849776877487085,314.542690845973,0.303384739533991,0.6,1.3569699349930187,0.015548126397477274,0.0,250.23237537223798,250.72131957642716,0.0,0.0
10.050812640651152,38481.354292176475,96.8576722376149,246.14945416200396,352.9825291125528,0.004995655019657259,314.5172017117527,0.30795667680644884,0.6,1.3569699349930187,0.0160519825873896,0.0,250.31457467006283,250.81828481593752,0.0,0.0
10.200824769616094,38466.71723765386,98.28715062094173,246.10896204601968,353.6917756568429,0.0050065163543126685,314.4913312688339,0.3125273762694711,0.6,1.3569699349930187,0.016565224034692197,0.0,250.39793202126663,250.9166199410288,0.0,0.0
10.350836898581036,38451.86580051377,99.7158737130855,246.06787667005193,354.41298976205337,0.005017562789702187,314.46507961635774,0.3170968103508893,0.6,1.3569699349930187,0.017087935600299812,0.0,250.48244368526227,251.01632072216978,0.0,0.0
10.50084902754598,38436.80009510169,101.14382761624158,246.02619834216608,355.1462386298085,0.005028795443733999,314.4384468557101,0.32166495105051385,0.6,1.3569699349930187,0.017620203688836197,0.0,250.56810584736874,251.11738284609388,0.0,0.0
10.650861156510922,38421.520237853736,102.57099830472833,245.98392737609777,355.89159064937996,0.005040215454409602,314.4114330905487,0.3262317699343601,0.6,1.3569699349930187,0.01816211626134391,0.0,250.6549146179987,251.2198019148835,0.0,0.0
10.800873285475864,38406.02634732093,103.99737162228615,245.94106409132036,356.64911540676053,0.005051823979991723,314.3840384268489,0.3307972381253202,0.6,1.3569699349930187,0.018713762847759843,0.0,250.74286603176233,251.3235734449576,0.0,0.0
10.950885414440807,38390.31854419179,105.42293327918222,245.897608813108,357.4188836939985,0.005063622199176812,314.3562629729459,0.3353613262932036,0.6,1.3569699349930187,0.01927523455947403,0.0,250.83195604653142,251.4286928660148,0.0,0.0
11.10089754340575,38374.39695130365,106.84766885089385,245.85356187256707,358.20096751925894,0.005075611311279287,314.3281068395573,0.3399240046498043,0.6,1.3569699349930187,0.01984662410264993,0.0,250.92218054260272,251.53515552009185,0.0,0.0
11.250909672370693,38358.26169366838,108.27156377539751,245.80892360670776,358.9954401163623,0.005087792536408375,314.29957013983125,0.3444852429394915,0.6,1.3569699349930187,0.020428025791176637,0.0,251.0135353217607,251.64295666050424,0.0,0.0
11.400921801335635,38341.912898496754,109.69460335021517,245.76369435851197,359.80237595455264,0.005100167115649099,314.2706529893925,0.3490450104290128,0.6,1.3569699349930187,0.021019535559676138,0.0,251.10601610629573,251.75209145073754,0.0,0.0
11.550933930300577,38325.35069521316,111.1167727306368,245.7178744769742,360.6218507489321,0.005112736311254105,314.2413555063707,0.3536032759010425,0.6,1.3569699349930187,0.021621250977134843,0.0,251.1996185380924,251.86255496342056,0.0,0.0
11.70094605926552,38308.57521547764,112.53805692745989,245.67146431716318,361.4539414707112,0.005125501406833293,314.2116778114429,0.35816000764616235,0.6,1.3569699349930187,0.022233271260500048,0.0,251.29433817768032,251.97434217925388,0.0,0.0
11.850958188230463,38291.58659321282,113.95844080400855,245.62446424029645,362.29872635739724,0.0051384637075431675,314.1816200278833,0.3627151734525236,0.6,1.3569699349930187,0.02285569728812884,0.0,251.39017050321166,252.0874479858546,0.0,0.0
12.000970317195405,38274.38496462448,115.37790907363228,245.57687461379797,363.15628492347236,0.005151624540284327,314.1511822816034,0.36726874059702935,0.6,1.3569699349930187,0.023488631613581726,0.0,251.4871109094519,252.20186717661818,0.0,0.0
12.150982446160349,38256.9704682185,116.79644629797545,245.52869581134527,364.02669797144983,0.0051649852539054335,314.12036470118437,0.37182067583896156,0.6,1.3569699349930187,0.024132178479894944,0.0,251.58515470682494,252.31759444964234,0.0,0.0
12.30099457512529,38239.3432448296,118.2140368840455,245.47992821294937,364.9100476025216,0.0051785472194015745,314.0891674179317,0.37637094540974136,0.6,1.3569699349930187,0.024786443833480203,0.0,251.68429712035578,252.43462440653235,0.0,0.0
12.451006704090233,38221.50343764807,119.63066508106911,245.4305722050292,365.8064172274796,0.00519231183011752,314.057590565925,0.38091951500200083,0.6,1.3569699349930187,0.025451535338063658,0.0,251.78453328856725,252.552951551155,0.0,0.0
12.601018833055175,38203.451192233086,121.04631497906247,245.38062818044892,366.7158915785108,0.0052062805019650596,314.0256342820456,0.38546634976411953,0.6,1.3569699349930187,0.02612756238953088,0.0,251.885858262504,252.67257028854033,0.0,0.0
12.751030962020119,38185.18665654315,122.46097050588651,245.33009653860248,367.63855672031656,0.00522045467363069,313.993298706033,0.39001141428988584,0.6,1.3569699349930187,0.02681463613022235,0.0,251.98826700463252,252.79347492363837,0.0,0.0
12.90104309098506,38166.70998096478,123.8746154240374,245.2789776854936,368.57450006150276,0.005234835806788146,313.9605839805399,0.39455467260729604,0.6,1.3569699349930187,0.027512869463231972,0.0,252.09175438768992,252.91565966001883,0.0,0.0
13.051055219950003,38148.021318329746,125.28723332871685,245.22727203378372,369.52381036674126,0.005249425386323511,313.92749025116564,0.3990960881714361,0.6,1.3569699349930187,0.028222377067432185,0.0,252.1963151936229,253.03911859867628,0.0,0.0
13.201067348914945,38129.12082394109,126.69880764537481,245.17498000286471,370.48657776867856,0.00526422492055717,313.89401766650616,0.4036356238556442,0.6,1.3569699349930187,0.028943275412374507,0.0,252.30194411248263,253.1638457367822,0.0,0.0
13.351079477879889,38110.008655604695,128.10932162647018,245.12210201894638,371.4628937797602,0.0052792359414651985,313.86016637821353,0.40817324194014964,0.6,1.3569699349930187,0.029675682772930374,0.0,252.40863574123142,253.28983496633705,0.0,0.0
13.501091606844831,38090.684973653355,129.51875834875395,245.0686385151239,372.452851304613,0.005294460004910079,313.82593654104244,0.4127089041023713,0.6,1.3569699349930187,0.030419719244299783,0.0,252.51638458257003,253.41708007284754,0.0,0.0
13.651103735809773,38071.14994096665,130.92710071138788,245.01458993143305,373.456544652855,0.005309898690878747,313.79132831288905,0.4172425714098678,0.6,1.3569699349930187,0.031175506757549716,0.0,252.6251850438345,253.54557473408326,0.0,0.0
13.801115864774715,38051.40372300464,132.3343314327589,244.95995671494398,374.47406955138234,0.005325553603713369,313.75634185485495,0.4217742043090792,0.6,1.3569699349930187,0.03194316909459951,0.0,252.73503143576917,253.67531251869005,0.0,0.0
13.951127993739659,38031.44648783895,133.7404330470632,244.9047393198479,375.5055231569887,0.005341426372347994,313.7209773313061,0.4263037626133179,0.6,1.3569699349930187,0.0327228319031865,0.0,252.84591797124662,253.8062868847447,0.0,0.0
14.101140122704601,38011.278406168414,135.14538790275319,244.84893820750065,376.55100406997576,0.005357518650561265,313.6852349099045,0.43083120549671117,0.6,1.3569699349930187,0.03351462271290026,0.0,252.95783876414794,253.93849117849447,0.0,0.0
14.251152251669543,37990.89965135455,136.5491781593382,244.79255384652157,377.61061234694193,0.005373832117217273,313.64911476167595,0.43535649148282823,0.6,1.3569699349930187,0.03431867095043668,0.0,253.07078782809242,254.0719186329212,0.0,0.0
14.401164380634487,37970.31039945495,137.95178578389786,244.73558671288635,378.68444951387625,0.005390368476511904,313.61261706107274,0.43987957843237285,0.6,1.3569699349930187,0.03513510795478228,0.0,253.1847590751079,254.2065623662397,0.0,0.0
14.55117650959943,37949.5108292433,139.3531925489878,244.67803728998294,379.77261858014583,0.005407129458233793,313.57574198601407,0.44440042353532294,0.6,1.3569699349930187,0.035964066993238855,0.0,253.29974631441618,254.34241538052936,0.0,0.0
14.701188638564371,37928.50112223968,140.75338002997043,244.61990606869603,380.8752240521493,0.005424116818020943,313.5384897179443,0.44891898330119084,0.6,1.3569699349930187,0.03680568327720219,0.0,253.41574325116537,254.47947056030307,0.0,0.0
14.851200767529313,37907.28146274718,142.1523296014981,244.56119354750896,381.99237194684764,0.005441332337616306,313.50086044190226,0.45343521354654037,0.6,1.3569699349930187,0.037660093977533324,0.0,253.53274348505897,254.61772067095836,0.0,0.0
15.001212896494257,37885.85203787982,143.55002243456647,244.5019002325814,383.1241698059476,0.005458777825134277,313.46285434657585,0.4579490693843181,0.6,1.3569699349930187,0.03852743824031685,0.0,253.6507405090135,254.7571583572629,0.0,0.0
15.1512250254592,37864.213037585556,144.94643949447163,244.44202663781368,384.2707267105517,0.005476455115335231,313.4244716243472,0.462460505216058,0.6,1.3569699349930187,0.03940785720319505,0.0,253.76972770790354,254.89777614194037,0.0,0.0
15.301237154424141,37842.36465468534,146.34156153735537,244.38157328495564,385.4321532951676,0.005494366069891084,313.3857124713674,0.4669694747195149,0.6,1.3569699349930187,0.040301494010920154,0.0,253.88969835715915,255.0395664240849,0.0,0.0
15.451249283389084,37820.30708490903,147.73536910650176,244.32054070370629,386.60856176208887,0.005512512577657448,313.3465770876251,0.4714759308354871,0.6,1.3569699349930187,0.0412084938308021,0.0,254.01064562130279,255.18252147750906,0.0,0.0
15.601261412354027,37798.040526913406,149.12784253065422,244.25892943176441,387.80006589692783,0.005530896554964468,313.3070656769834,0.4759798257611068,0.6,1.3569699349930187,0.042129003869409196,0.0,254.13256255268405,255.32663344931927,0.0,0.0
15.75127354131897,37775.56518232323,150.5189619205484,244.1967400149431,389.0067810831424,0.005549519945893045,313.2671784472586,0.48048111093735174,0.6,1.3569699349930187,0.043063173388194535,0.0,254.25544209003436,255.47189435828236,0.0,0.0
15.901285670283912,37752.88125576973,151.90870716513663,244.1339730072763,390.2288243168975,0.005568384722557164,313.2269156102931,0.4849797370355509,0.6,1.3569699349930187,0.04401115371895284,0.0,254.37927705695415,255.61829609311621,0.0,0.0
16.051297799248854,37729.988954913555,153.2970579293223,244.07062897108355,391.46631422297014,0.005587492885403239,313.1862773820024,0.48947565394872466,0.6,1.3569699349930187,0.044973098280240445,0.0,254.50406016054276,255.76583041094673,0.0,0.0
16.201309928213796,37706.88849047979,154.68399365107038,244.00670847706718,392.71937107022507,0.005606846463503804,313.14526398244254,0.49396881078087523,0.6,1.3569699349930187,0.04594916259338736,0.0,254.62978398996643,255.9144889356906,0.0,0.0
16.351322057178738,37683.58007630005,156.0694935376047,243.94221210442964,393.98811678691095,0.005626447514849392,313.1038756358908,0.49845915583331285,0.6,1.3569699349930187,0.046939504297910016,0.0,254.75644101490633,256.06426315630154,0.0,0.0
16.501334186143684,37660.06392934448,157.45353656222468,243.87714044096262,395.27267497671653,0.005646298126653107,313.0621125709081,0.5029466365929595,0.6,1.3569699349930187,0.04794428316731917,0.0,254.88402358404502,256.2151444250628,0.0,0.0
16.651346315108626,37636.34026974824,158.8361014620982,243.81149408312123,396.5731709353407,0.005666400415664158,313.0199750203925,0.5074311997237569,0.6,1.3569699349930187,0.04896366112554243,0.0,255.0125239236604,256.3671239560024,0.0,0.0
16.801358444073568,37612.40932085636,160.2171667345316,243.7452736361486,397.8897316662792,0.005686756528470259,312.9774632216647,0.5119127910531327,0.6,1.3569699349930187,0.049997802262272954,0.0,255.1419341360458,256.5201928231067,0.0,0.0
16.95137057303851,37588.27130926482,161.59671063297588,243.6784797141904,399.222485897023,0.005707368641807427,312.93457741654754,0.5163913555576006,0.6,1.3569699349930187,0.0510468728480995,0.0,255.2722461978633,256.67434195846107,0.0,0.0
17.101382702003452,37563.92646484117,162.97471116521302,243.61111294035265,400.5715640965979,0.005728238962891529,312.89131785140876,0.520866837355357,0.6,1.3569699349930187,0.05211104135108958,0.0,255.40345195873581,256.82956215066446,0.0,0.0
17.251394830968394,37539.37502077166,164.3511460896197,243.54317394683278,401.9370984918671,0.00574936972973176,312.84768477725163,0.5253391796926294,0.6,1.3569699349930187,0.053190478451928105,0.0,255.53554313962712,256.9858440429978,0.0,0.0
17.401406959933336,37514.6172136051,165.72599291110402,243.47466337504207,403.31922308421395,0.005770763211451034,312.8036784497996,0.5298083249289558,0.6,1.3569699349930187,0.05428535705875356,0.0,255.66851133114787,257.1431781315105,0.0,0.0
17.55141908889828,37489.65328327914,167.0992288786702,243.40558187567862,404.7180736674329,0.005792421708626157,312.75929912954933,0.5342742145276881,0.6,1.3569699349930187,0.05539585232308366,0.0,255.80234799203296,257.3015547633044,0.0,0.0
17.701431217863224,37464.48347316025,168.47083098231204,243.33593010883928,406.1337878450597,0.005814347553620393,312.71454708184973,0.53873678904428,0.6,1.3569699349930187,0.056522141655116924,0.0,255.93704444755014,257.4609641347368,0.0,0.0
17.851443346828166,37439.1080300918,169.8407759489294,243.26570874415316,407.566505047484,0.005836543110913767,312.66942257699355,0.5431959881113952,0.6,1.3569699349930187,0.057664404738193675,0.0,256.0725918877697,257.62139628946466,0.0,0.0
18.001455475793108,37413.52720443037,171.20904023891566,243.19491846088323,409.01636654991466,0.00585901077744767,312.62392589028997,0.5476517504261608,0.6,1.3569699349930187,0.05882282354364013,0.0,256.2089813658857,257.78284111655023,0.0,0.0
18.15146760475805,37387.74125007606,172.57560004379158,243.1235599480107,410.4835154909235,0.005881752982979561,312.5780573021256,0.552104013740756,0.6,1.3569699349930187,0.059997582346249564,0.0,256.34620379666507,257.945288348713,0.0,0.0
18.301479733722992,37361.75042452355,173.9404312822101,243.05163390437733,411.9680968900267,0.005904772190423895,312.5318170980631,0.5565527148476945,0.6,1.3569699349930187,0.06118886773832396,0.0,256.48424995469793,258.10872756035053,0.0,0.0
18.451491862687934,37335.5549889087,175.30350959568705,242.97914103881527,413.4702576657264,0.005928070896201331,312.4852055689315,0.5609977895642059,0.6,1.3569699349930187,0.06239686864334527,0.0,256.6231104725741,258.2731481654791,0.0,0.0
18.601503991652876,37309.155208031996,176.6648103466632,242.90608207021276,414.9901466551031,0.005951651630613144,312.4382230108764,0.5654391727241171,0.6,1.3569699349930187,0.06362177633130708,0.0,256.7627758393421,258.43853941599843,0.0,0.0
18.751516120617822,37282.55135041218,178.02430861451532,242.8324577276634,416.5279146318973,0.005975516958193422,312.39086972546306,0.5698767981630435,0.6,1.3569699349930187,0.06486378443214375,0.0,256.90323639872514,258.60489039967365,0.0,0.0
18.901528249582764,37255.74368833594,179.38197919122567,242.75826875060466,418.08371432502815,0.005999669478069198,312.34314601977314,0.5743105987024596,0.6,1.3569699349930187,0.06612308894868349,0.0,257.04448234725515,258.7721900380273,0.0,0.0
19.051540378547706,37228.73249788757,180.73779657879027,242.68351588890064,419.6577004384897,0.006024111824343188,312.29505220646604,0.5787405061393672,0.6,1.3569699349930187,0.06739988827080842,0.0,257.1865037326115,258.9404270844665,0.0,0.0
19.20155250751265,37201.51805899447,182.09173498591403,242.60819990296926,421.25002967054917,0.006048846666466932,312.2465886038684,0.5831664512335943,0.6,1.3569699349930187,0.06869438318871361,0.0,257.32929045188223,259.1095901223192,0.0,0.0
19.35156463647759,37174.10065548148,183.44376832367325,242.5323215639333,422.86086073264806,0.006073876709610551,312.1977555360799,0.5875883636917214,0.6,1.3569699349930187,0.07000677690501839,0.0,257.4728322496707,259.2796675626933,0.0,0.0
19.501576765442532,37146.480575113026,184.79387019180618,242.45588165373806,424.4903543692234,0.006099204695048037,312.1485533330568,0.5920061721209853,0.6,1.3569699349930187,0.07133727503942133,0.0,257.617118714613,259.4506476405584,0.0,0.0
19.651588894407475,37118.65810963838,186.14201381991052,242.37888096527763,426.1386733775671,0.006124833400544418,312.09898233070203,0.5964198038386209,0.6,1.3569699349930187,0.07268608559724954,0.0,257.76213926836573,259.62251840238696,0.0,0.0
19.80160102337242,37090.633554779255,187.48817253982008,242.30132030236155,427.8059826313313,0.006150765640800921,312.04904287085225,0.6008291863834232,0.6000003781525322,1.3569699349930187,0.07405346602741303,0.0,257.90788324245784,259.7952677923042,0.0,0.0
19.951613152337362,37062.40721048217,188.83231757734183,242.2232004804141,429.49244908849977,0.006177004267659814,311.9987353017373,0.6052342404360072,0.600015068500118,1.3569699349930187,0.07544138272600844,0.0,258.05433950980046,259.9688832389497,0.0,0.0
20.101625281302304,37033.979381094825,190.1744177336766,242.1445223269638,431.19824180381215,0.0062035521703795,311.9480599783041,0.6096348787900882,0.6000510569891148,1.3569699349930187,0.07685104351647845,0.0,258.2014964193034,260.1433515821275,0.0,0.0
20.251637410267247,37005.350375782196,191.51444087469068,242.06528668279563,432.9235319267285,0.006230412275685549,311.8970172629693,0.6140310111180683,0.6001082781001474,1.3569699349930187,0.07828280728340624,0.0,258.34934203637954,260.318659342257,0.0,0.0
20.40164953923219,36976.52050857772,192.85235431120012,241.98549440209422,434.668492721136,0.006257587548161018,311.84560752572116,0.6184225451862219,0.6001866645941261,1.3569699349930187,0.0797370383340992,0.0,258.4978642032242,260.4947927879245,0.0,0.0
20.55166166819713,36947.490098447815,194.18812481111448,241.90514635262352,436.4332995844219,0.006285080990628205,311.79383114424644,0.6228093868902635,0.6002861474716703,1.3569699349930187,0.08121410643612548,0.0,258.64705053839447,260.6717379353901,0.0,0.0
20.701673797162073,36918.259469377736,195.5217185952296,241.82424341596527,438.21813006540236,0.006312895644513856,311.7416885040947,0.6271914402383865,0.6004066559322307,1.3569699349930187,0.08271438683991282,0.0,258.7968884337196,260.8494805450957,0.0,0.0
20.851685926127015,36888.82895047313,196.85310132733272,241.74278648780165,440.02316388139354,0.006341034590202268,311.68917999887157,0.6315686073159338,0.6005481173323272,1.3569699349930187,0.08423826029430521,0.0,258.9473650502575,261.0280061170981,0.0,0.0
21.00169805509196,36859.19887603714,198.18223810596496,241.66077647812975,441.8485829368825,0.006369500947414588,311.63630603038837,0.6359407882553959,0.6007104571432306,1.3569699349930187,0.08578611306146619,0.0,259.0984673144305,261.20729988671167,0.0,0.0
21.151710184056903,36829.36958563462,199.50909345873595,241.57821431144046,443.6945713431287,0.006398297875603932,311.58306700878927,0.6403078812145723,0.6008935989084044,1.3569699349930187,0.08735833693182837,0.0,259.2501819145468,261.3873468205875,0.0,0.0
21.301722313021845,36799.341424200575,200.83363133275208,241.49510092702,445.5613154351371,0.006427428574310825,311.52946335275743,0.6446697823420318,0.6010974641999665,1.3569699349930187,0.08895532923257972,0.0,259.40249529673883,261.5681316121238,0.0,0.0
21.451734441986787,36769.114742139594,202.15581508444714,241.41143727922633,447.4490037892759,0.006456896283529958,311.4754954897057,0.6490263857406029,0.6013219725743325,1.3569699349930187,0.09057749283289923,0.0,259.55539366073094,261.74963867668873,0.0,0.0
21.60174657095173,36738.68989537583,203.47560747499008,241.32722433762893,449.3578272440647,0.006486704284127763,311.4211638558791,0.6533775834488739,0.6015670415281628,1.3569699349930187,0.09222523615209056,0.0,259.7088629564358,261.9318521477882,0.0,0.0
21.75175869991667,36708.067245467195,204.7929706608702,241.24246308732603,451.287978917064,0.006516855898200467,311.3664688965727,0.6577232654069014,0.6018325864530796,1.3569699349930187,0.0938989731595853,0.0,259.8628888798501,262.11475587242666,0.0,0.0
21.901770828881613,36677.247159711915,206.1078661837538,241.15715452924098,453.23965422229395,0.006547354489441705,311.31141106633555,0.6620633194195232,0.6021185205895534,1.3569699349930187,0.09559912337108986,0.0,260.0174568687617,262.2983334062592,0.0,0.0
22.05178295784656,36646.2300112119,207.42025496444313,241.0712996802992,455.2130508904385,0.0065782034635549725,311.25599082909866,0.6663976311329262,0.6024247549810352,1.3569699349930187,0.09732611184589328,0.0,260.17255209905363,262.48256800942744,0.0,0.0
22.2017950868115,36615.01617897012,208.730097295229,240.98489957369884,457.20836898700753,0.006609406268635564,311.20020865836324,0.6707260840058552,0.6027511984273418,1.3569699349930187,0.09908036917884323,0.0,260.32815948079644,262.6674426421466,0.0,0.0
22.351807215776443,36583.606048007205,210.037352829926,240.89795525923518,459.22581092929477,0.006640966395534987,311.1440650374245,0.6750485592732184,0.6030977574369422,1.3569699349930187,0.1008623314861125,0.0,260.48426365394283,262.85293995983994,0.0,0.0
22.501819344741385,36552.000009449395,211.34198057562682,240.81046780354544,461.26558150521197,0.006672887378256057,311.08756045954397,0.6793649359152413,0.6034643361790567,1.3569699349930187,0.10267244038918419,0.0,260.64084898423187,263.0390423085181,0.0,0.0
22.651831473706327,36520.19846060217,212.64393888704802,240.72243829031416,463.32788789309694,0.006705172794364625,311.0306954280969,0.6836750906349254,0.6038508364360197,1.3569699349930187,0.10451114299777209,0.0,260.797899559522,263.22573172064415,0.0,0.0
22.80184360267127,36488.20180507424,213.94318545703663,240.63386782061787,465.4129396783189,0.0067378262653525435,310.97347045681016,0.6879788978228943,0.6042571575541722,1.3569699349930187,0.1063788918840077,0.0,260.9553991855337,263.4129899103191,0.0,0.0
22.95185573163621,36456.01045289041,215.23967730658617,240.54475751323912,467.52094887058115,0.006770851457012878,310.9158860699805,0.6922762295206116,0.6046831963939973,1.3569699349930187,0.10827614505178113,0.0,261.1133313814396,263.6007982683015,0.0,0.0
23.101867860601153,36423.62482054842,216.53337078035256,240.45510850482532,469.6521299249114,0.00680425207987425,310.8579428025929,0.6965669554014253,0.6051288472815255,1.3569699349930187,0.11020336590823475,0.0,261.27167937632964,263.7891378580251,0.0,0.0
23.2518799895661,36391.04533114894,217.82422153750153,240.3649219502502,471.8066997578912,0.0068380318895620105,310.7996412005706,0.7008509427362287,0.6055940019579323,1.3569699349930187,0.11216102322457228,0.0,261.4304261049851,263.9779894108187,0.0,0.0
23.40189211853104,36358.272414515865,219.11218454196117,240.2741990229486,473.98487776445694,0.006872194687169691,310.740981821008,0.7051280563571543,0.6060785495283881,1.3569699349930187,0.11414959109129134,0.0,261.58955420349065,264.1673333209467,0.0,0.0
23.551904247495983,36325.306507267815,220.3972140566448,240.1829409151159,476.18688583793227,0.006906744319682494,310.6819652323163,0.7093981586341519,0.6065823764118987,1.3569699349930187,0.11616954887342942,0.0,261.74904600546444,264.3571496413593,0.0,0.0
23.701916376460925,36292.148052928336,221.67926363620248,240.09114883801473,478.412948387486,0.006941684680361826,310.62259201443965,0.7136611094465964,0.6071053662903472,1.3569699349930187,0.11822138115835172,0.0,261.9088835381118,264.547418079232,0.0,0.0
23.851928505425867,36258.79750205697,222.95828611765953,239.99882402233982,480.6632923541165,0.006977019709108058,310.5628627591081,0.7179167661479211,0.6076474000563309,1.3569699349930187,0.12030557769519687,0.0,262.06904851791535,264.73811799109006,0.0,0.0
24.00194063439081,36225.25531234785,224.2342336127459,239.90596771849235,482.938147228763,0.00701275339285803,310.502778070034,0.7221649835357343,0.6082083557612574,1.3569699349930187,0.12242263333095045,0.0,262.22952234655554,264.92922837820265,0.0,0.0
24.15195276335575,36191.52194871228,225.50705750269893,239.8125811968106,485.2377450714404,0.0070488897660000195,310.44233856307926,0.7264056138298861,0.6087881085642406,1.3569699349930187,0.12457304794380016,0.0,262.39028610727917,265.1207278824844,0.0,0.0
24.301964892320697,36157.597883417686,226.7767084295765,239.71866574795632,487.56232052649455,0.007085432910729191,310.3815448665242,0.730638506638979,0.6093865306792744,1.3569699349930187,0.12675732636524695,0.0,262.55132056073677,265.3125947817826,0.0,0.0
24.45197702128564,36123.48359621308,228.04313628727803,239.62422268326398,489.9121108386266,0.007122386957416401,310.32039762131336,0.7348635089258974,0.610003491321893,1.3569699349930187,0.12897597829548757,0.0,262.7126061407165,265.5048069850528,0.0,0.0
24.60198915025058,36089.17957439232,229.3062902175525,239.5292533349177,492.28735587310496,0.007159756085044267,310.25889748118954,0.7390804649895816,0.610638856657945,1.3569699349930187,0.1312295182193981,0.0,262.87412295071397,265.6973420284925,0.0,0.0
24.752001279215524,36054.6863129389,230.5661186019167,239.4337590563542,494.68829813026827,0.00719754452155484,310.1970451129748,0.7432892164331989,0.611292489750322,1.3569699349930187,0.1335184653091918,0.0,263.0358507599184,265.8901770709934,0.0,0.0
24.902013408180466,36020.0043146588,231.82256905322714,239.33774122263225,497.11518276066147,0.0072357565442085405,310.1348411968308,0.7474896021311522,0.6119642505052431,1.3569699349930187,0.13584334331954523,0.0,263.1977689990968,266.08328888948256,0.0,0.0
25.052025537145408,35985.134090259344,233.0755884107251,239.24120123065327,499.56825758379404,0.007274396480001451,310.0722864264221,0.7516814582074307,0.6126539956201629,1.3569699349930187,0.1382046804807991,0.0,263.35985675704876,266.2766538749224,0.0,0.0
25.20203766611035,35950.07615847099,234.32512273393667,239.14414049950042,502.047773103764,0.007313468706034676,310.0093815091581,0.7558646180100016,0.613361578531072,1.3569699349930187,0.1406030093823456,0.0,263.52209277696807,266.4702480281909,0.0,0.0
25.352049795075292,35914.831046191415,235.57111729492343,239.04656047083952,504.5539825230999,0.007352977649856921,309.9461271664743,0.7600389120796999,0.6140868493588096,1.3569699349930187,0.14303886684545192,0.0,263.68445545254156,266.6640469556605,0.0,0.0
25.502061924040238,35879.39928859313,236.81351657204976,238.94846260921912,507.08714175895716,0.00739292778984547,309.8825241340493,0.7642041681240751,0.6148296548561257,1.3569699349930187,0.14551279379060056,0.0,263.8469228242772,266.8580258650455,0.0,0.0
25.65207405300518,35843.78142921401,238.05226424587187,238.84984840232337,509.6475094603504,0.007433323655604869,309.818573161992,0.7683602109980787,0.6155898383560247,1.3569699349930187,0.14802533509977076,0.0,264.0094725762561,267.0521595617307,0.0,0.0
25.80208618197012,35807.97802010911,239.2873031923265,238.75071936139437,512.2353470207846,0.007474169828294357,309.7542750151383,0.7725068626756872,0.6163672397186146,1.3569699349930187,0.15057703946512974,0.0,264.17208203251937,267.24642244467077,0.0,0.0
25.952098310935064,35771.9896219865,240.51857547594443,238.65107702161046,514.8509185917186,0.007515470940969664,309.6896304733209,0.7766439422215804,0.6171616952779696,1.3569699349930187,0.1531684592290048,0.0,264.3347281534386,267.4407885022753,0.0,0.0
26.102110439900006,35735.81680427577,241.7460223469026,238.55092294227836,517.4944911006496,0.007557231678999065,309.62464033151787,0.7807712657754337,0.6179730377915288,1.3569699349930187,0.15580015022165847,0.0,264.4973875327494,267.63523130906066,0.0,0.0
26.252122568864948,35699.46014528514,242.96958423517802,238.45025870727017,520.1663342625216,0.007599456780375323,309.559305400161,0.7848886465263778,0.6188010963878957,1.3569699349930187,0.1584726715836098,0.0,264.66003639425537,267.8297240219028,0.0,0.0
26.40213469782989,35662.920232344,244.18920074474715,238.3490859254204,522.866720591806,0.007642151036039445,309.49362650541923,0.7889958946875806,0.6196456965148175,1.3569699349930187,0.16118658557847687,0.0,264.82265058853756,268.02423937630033,0.0,0.0
26.552146826794836,35626.19766188736,245.40481065024233,238.24740623076238,525.5959254185344,0.00768531929026812,309.42760448937764,0.7930928174789488,0.6205066598890773,1.3569699349930187,0.16394245740085164,0.0,264.9852055900749,268.2187496831183,0.0,0.0
26.702158955759778,35589.29303958674,246.61635189305323,238.14522128289275,528.354226900607,0.0077289664410035664,309.3612402103004,0.7971792191077528,0.6213838044463688,1.3569699349930187,0.1667408549721314,0.0,265.14767649442587,268.41322682538504,0.0,0.0
26.85217108472472,35552.20698050369,247.82376157659613,238.04253276739914,531.1419060339971,0.007773097440151264,309.2945345429359,0.8012549007463743,0.6222769442909382,1.3569699349930187,0.16958234872396288,0.0,265.31003801534376,268.60764225500657,0.0,0.0
27.002183213689662,35514.940109203715,249.02697596270997,237.93934239617818,533.9592466654832,0.007817717293918816,309.22748837874985,0.8053196605138003,0.6231858896464262,1.3569699349930187,0.17246751137355915,0.0,265.4722644820799,268.8019669897055,0.0,0.0
27.152195342654604,35477.493059852364,250.2259304694964,237.8356519077038,536.8065355063807,0.00786283106317183,309.16010262612843,0.809373293461796,0.6241104468082717,1.3569699349930187,0.17539691769081858,0.0,265.63432983701756,268.9961716103362,0.0,0.0
27.302207471619546,35439.86647637587,251.42055966784807,237.73146306747486,539.6840621409247,0.007908443863706274,309.09237821069723,0.8134155915564623,0.6250504180956671,1.3569699349930187,0.17837114425042966,0.0,265.79620763326193,269.19022625812926,0.0,0.0
27.45221960058449,35402.06101260316,252.610797278458,237.62677766841074,542.5921190355659,0.007954560866536299,309.0243160756074,0.817446343661361,0.6260056018044321,1.3569699349930187,0.18139076917356223,0.0,265.95787103234903,269.38410063207556,0.0,0.0
27.60223172954943,35364.07733233763,253.7965761706598,237.52159753105298,545.5310015531685,0.008001187298260866,308.95591718169624,0.8214653355268241,0.6269757921620048,1.3569699349930187,0.18445637186271233,0.0,266.1192928022423,269.5777639866557,0.0,0.0
27.752243858514376,35325.916109521604,254.97782836037877,237.4159245040231,548.50100795962,0.008048328441311217,308.88718250781534,0.8254723497758844,0.6279607792824022,1.3569699349930187,0.187568532720554,0.0,266.2804453154654,269.7711851296925,0.0,0.0
27.902255987479318,35287.57802838371,256.1544850086918,237.30976046443354,551.5024394311341,0.008095989634210207,308.8181130511283,0.8294671658921849,0.6289603491224254,1.3569699349930187,0.19072783285786454,0.0,266.44130054740515,269.96433242039814,0.0,0.0
28.05226811644426,35249.06378352599,257.32647642113295,237.20310731813157,554.5356000657082,0.008144176271898597,308.74870982730073,0.833449560210532,0.6299742834393699,1.3569699349930187,0.19393485379194028,0.0,266.6018300747019,270.15717376754105,0.0,0.0
28.202280245409202,35210.37408005913,258.4937320473797,237.09596700007666,557.6007968902596,0.008192893805993808,308.6789738707776,0.837419305908387,0.6310023597499111,1.3569699349930187,0.1971901771315451,0.0,266.7620050739514,270.3496766279444,0.0,0.0
28.352292374374144,35171.509633759604,259.65618048136804,236.9883414747783,560.6983398653938,0.008242147745011853,308.60890623510073,0.8413761729985845,0.6320443512902933,1.3569699349930187,0.20049438424890928,0.0,266.9217963206603,270.54180800526336,0.0,0.0
28.502304503339086,35132.4711711853,260.81374946184957,236.88023273661935,563.8285418927546,0.008291943654631222,308.53850799315205,0.8453199283236252,0.6331000269779897,1.3569699349930187,0.20384805594050243,0.0,267.0811741882899,270.73353444887306,0.0,0.0
28.65231663230403,35093.25942977315,261.9663658732911,236.77164281012892,566.9917188232234,0.00834228715797113,308.467780237365,0.8492503355511193,0.63416915137479,1.3569699349930187,0.20725177207559464,0.0,267.24010864743235,270.92482205291293,0.0,0.0
28.802328761268974,35053.87515800191,263.1139557476111,236.66257375043665,570.1881894591648,0.008393183935775924,308.3967240800545,0.8531671551715679,0.6352514846517157,1.3569699349930187,0.2107061112306218,0.0,267.3985692654723,271.11563645585187,0.0,0.0
28.952340890233916,35014.31911553372,264.25644426699995,236.55302764366712,573.4182755576029,0.008444639726614946,308.3253406537088,0.8570701444997212,0.6363467825562091,1.3569699349930187,0.21421165031237607,0.0,267.55652520655747,271.3059428404082,0.0,0.0
29.10235301919886,34974.59207328581,265.39375576547945,236.44300660714202,576.6823018383254,0.008496660327161655,308.2536311111561,0.8609590576721499,0.637454796379625,1.3569699349930187,0.21776896416708613,0.0,267.7139452312036,271.495705933082,0.0,0.0
29.2523651481638,34934.694813594586,266.52581373260097,236.3325127898374,579.9805959837158,0.008549251592341704,308.18159662589903,0.8648336456512556,0.6385752729279142,1.3569699349930187,0.22137862517627616,0.0,267.8707976967779,271.6848900046416,0.0,0.0
29.402377277128743,34894.62813036015,267.6525408184942,236.22154837278697,583.3134886392713,0.0086024194354925,308.1092383924138,0.8686936562337245,0.6397079544951358,1.3569699349930187,0.22504120284155138,0.0,268.02705055838146,271.87345887106443,0.0,0.0
29.552389406093685,34854.39282913151,268.7738588370895,236.1101155693215,586.6813134181812,0.008656169828588071,308.03655762634344,0.8725388340533248,0.6408525788369301,1.3569699349930187,0.2287572633533338,0.0,268.18267136927403,272.0613758939836,0.0,0.0
29.702401535058627,34813.989727238935,269.88968877107186,235.99821662543823,590.0844069011749,0.008710508802389128,307.96355556477664,0.8763689205890586,0.6420088791471588,1.3569699349930187,0.23252736914667707,0.0,268.33762728197587,272.2486039818789,0.0,0.0
29.85241366402357,34773.41965394583,270.9999507790397,235.88585382022524,593.5231086337436,0.008765442446551579,307.89023346656285,0.8801836541803478,0.643176584038419,1.3569699349930187,0.23635207844609613,0.0,268.4918850500999,272.43510559207874,0.0,0.0
30.002425792988515,34732.68345055914,272.1045642020439,235.77302946617004,596.9977611258755,0.008820976909775622,307.81659261255254,0.8839827700404077,0.6443554175239027,1.3569699349930187,0.24023194479584575,0.0,268.64541103007684,272.6208427326571,0.0,0.0
30.152437921953457,34691.781970522745,273.20344756885635,235.6597459094219,600.5087098523134,0.008877118399963557,307.7426343058083,0.8877660002655665,0.6455450989998631,1.3569699349930187,0.24416751657311728,0.0,268.798171182683,272.8057769641137,0.0,0.0
30.3024500509184,34650.716079572056,274.2965186051122,235.54600553022317,604.0563032465687,0.008933873184278181,307.66835987192604,0.8915330738568451,0.6467453432338314,1.3569699349930187,0.24815933649203034,0.0,268.95013107583065,272.98986940245027,0.0,0.0
30.45246217988334,34609.48665586583,275.3836942442678,235.43181074327805,607.6408926957491,0.008991247589214312,307.59377065931733,0.8952837167475522,0.6479558603569368,1.3569699349930187,0.25220794109755573,0.0,269.10125588791436,273.17308072287665,0.0,0.0
30.602474308848283,34568.09459005296,276.4648906329465,235.3171639979408,611.2628325399758,0.009049248000743984,307.51886803937316,0.8990176518129916,0.6491763558526655,1.3569699349930187,0.2563138602345442,0.0,269.2515104097854,273.3553711620014,0.0,0.0
30.752486437813225,34526.540785424724,277.5400231426133,235.20206777864107,614.9224800632842,0.009107880864325518,307.4436534067841,0.9027345989002908,0.6504065305542259,1.3569699349930187,0.26047761651206025,0.0,269.40085904867715,273.53670052218024,0.0,0.0
30.902498566778167,34484.82615804577,278.60900638349733,235.08652460525016,618.6201954851294,0.009167152684922191,307.3681281798224,0.9064342748656755,0.6516460806468488,1.3569699349930187,0.26469972475886744,0.0,269.54926583282025,273.71702817664533,0.0,0.0
31.05251069574311,34442.9516368311,279.67175421314045,234.970537033298,622.3563419554729,0.009227070027078298,307.29229380052675,0.9101163935945765,0.6528946976668585,1.3569699349930187,0.26898069145385173,0.0,269.696694414779,273.89631307321866,0.0,0.0
31.202522824708055,34400.91816366517,280.72817974847715,234.8541076543064,626.131285544976,0.009287639514916774,307.2161517349644,0.9137806660330201,0.6541520685068691,1.3569699349930187,0.27332101414758647,0.0,269.84310807596063,274.07451373932645,0.0,0.0
31.352534953672997,34358.72669353608,281.7781953824295,234.73723909616476,629.9453952324897,0.009348867832093202,307.139703473521,0.9174268002336663,0.6554178754286212,1.3569699349930187,0.27772118087917796,0.0,269.9884697324927,274.25158828854205,0.0,0.0
31.50254708263794,34316.37819463158,282.8217127983777,234.61993402339934,633.7990428946778,0.009410761721783775,307.06295053112217,0.921054501395187,0.6566917960763616,1.3569699349930187,0.282181669575295,0.0,270.1327419406834,274.4274944266738,0.0,0.0
31.65255921160288,34273.87364841988,283.8586429811879,234.50219513740106,637.6926032956954,0.009473327986673911,306.985894447428,0.9246634718905605,0.6579735034890181,1.3569699349930187,0.28670294742659047,0.0,270.27588690178266,274.6021894570744,0.0,0.0
31.802571340567823,34231.214049782306,284.8888962360756,234.3840251767967,641.6264540707879,0.009536573488848787,306.9085367871224,0.9282534113206501,0.6592626661240042,1.3569699349930187,0.29128547026650575,0.0,270.4178664690606,274.77563028853075,0.0,0.0
31.952583469532765,34188.4004071228,285.9123822100889,234.2654269177561,645.6009757105022,0.009600505149693194,306.83087914016085,0.9318240165765181,0.6605589478873354,1.3569699349930187,0.29592968194418257,0.0,270.5586421557225,274.9477734440985,0.0,0.0
32.10259559849771,34145.43374242333,286.9290099023282,234.1464031741493,649.61655154849,0.009665129949848542,306.75292312192124,0.9353749818654087,0.6618620081536728,1.3569699349930187,0.30063601365718245,0.0,270.6981751400525,275.1185750668494,0.0,0.0
32.25260772746265,34102.31509136898,287.9386876858483,234.02695679789724,653.6735677413803,0.009730454929041767,306.6746703734812,0.9389059987744817,0.6631715018029309,1.3569699349930187,0.3054048832967993,0.0,270.8364262739249,275.287990929369,0.0,0.0
32.40261985642759,34059.04550345147,288.94132333279254,233.90709067926218,657.7724132490495,0.00979648718591972,306.5961225618573,0.942416756345303,0.6644870792643212,1.3569699349930187,0.3102366947903592,0.0,270.97335609233517,275.4559764444053,0.0,0.0
32.55263198539254,34015.62604202968,289.9368240296338,233.78680774701954,661.913479817391,0.00986323387792303,306.51728138016665,0.9459069411164178,0.6658083865518843,1.3569699349930187,0.31513183740652106,0.0,271.1089248205313,275.6224866728419,0.0,0.0
32.702644114357476,33972.057784421915,290.9250963981595,233.6661109687173,666.0971619565129,0.009930702221085396,306.4381485478469,0.9493762371845645,0.6671350653100848,1.3569699349930187,0.32009068506117655,0.0,271.2430923829292,275.78747633366027,0.0,0.0
32.85265624332242,33928.34182200642,291.9060465237373,233.54500335095872,670.3238569164683,0.009998899489792053,306.3587258108919,0.9528243262897108,0.6684667528719835,1.3569699349930187,0.3251135956311464,0.0,271.3758184141813,275.95089981631236,0.0,0.0
33.00266837228737,33884.479260291504,292.87957997949326,233.42348793960048,674.5939646641729,0.010067833016556208,306.2790149420325,0.9562508878870618,0.6698030823161759,1.3569699349930187,0.330200910247179,0.0,271.50706226937575,276.1127111921295,0.0,0.0
33.152680501252306,33840.47121897329,293.8456018443405,233.30156781991678,678.907887859871,0.01013751019178701,306.19901774089584,0.9596555991991824,0.6711436825194276,1.3569699349930187,0.3353529525585262,0.0,271.636783032853,276.27286422418575,0.0,0.0
33.30269263021725,33796.31883202849,294.80401673360836,233.1792461168606,683.2660318284065,0.010207938463472307,306.1187360342285,0.963038135309186,0.672488178228824,1.3569699349930187,0.34057002802069414,0.0,271.7649395306404,276.431312381204,0.0,0.0
33.45270475918219,33752.023247786725,295.75472883306423,233.05652599526812,687.6688045306627,0.010279125336862658,306.0381716760833,0.9663981692652925,0.6738361901425268,1.3569699349930187,0.34585242318557285,0.0,271.89149034400543,276.5880088527239,0.0,0.0
33.602716888147135,33707.58562896645,296.6976419149046,232.93341065996245,692.1166165367839,0.01035107837418258,305.95732654794057,0.9697353721268541,0.6751873349709808,1.3569699349930187,0.3512004049308639,0.0,272.01639381845746,276.74290655917974,0.0,0.0
33.752729017112074,33663.00715275357,297.6326593717163,232.80990335597568,696.6098809933144,0.01042380519424187,305.8762025589072,0.9730494130689904,0.676541225525115,1.3569699349930187,0.35661421973106716,0.0,272.1396080778225,276.8959581676505,0.0,0.0
33.90274114607702,33618.28901086099,298.559684254615,232.6860073687181,701.1490135902858,0.010497313472044216,305.79480164588205,0.9763399595011902,0.6778974708145467,1.3569699349930187,0.3620940929358931,0.0,272.2610910396659,277.04711610912705,0.0,0.0
34.052753275041965,33573.43240956318,299.4786192962029,232.56172602407813,705.7344325288897,0.010571610938403433,305.713125773676,0.9796066771366285,0.6792556761296918,1.3569699349930187,0.3676402279965811,0.0,272.3808004269185,277.1963325915323,0.0,0.0
34.202765404006904,33528.43856974458,300.38936694174265,232.43706268856087,710.366558485792,0.010646705379503362,305.63117693515795,0.9828492300884363,0.6806154431386197,1.3569699349930187,0.37325280570944547,0.0,272.4986937819645,277.34355961549625,0.0,0.0
34.35277753297185,33483.30872694787,301.2918293906215,232.31202076942608,715.0458145754346,0.010722604636422994,305.54895715140105,0.9860672809998493,0.6819763700022391,1.3569699349930187,0.3789319834873829,0.0,272.61472848375064,277.4887489935171,0.0,0.0
34.50278966193679,33438.044131405084,302.1859086313815,232.1866037147787,719.7726263120325,0.010799316604654413,305.4664684717978,0.9892604911536496,0.6833380514852493,1.3569699349930187,0.38467789460858737,0.0,272.7288617634343,277.6318523674914,0.0,0.0
34.652801790901734,33392.646048059774,303.0715064674981,232.06081501363462,724.5474215704471,0.010876849233600211,305.3837129741599,0.992428520551594,0.684700079058272,1.3569699349930187,0.39049064743110706,0.0,272.8410507177953,277.77282122373936,0.0,0.0
34.80281391986667,33347.11575659912,303.9485245609614,231.93465819601403,729.370630543915,0.010955210526017348,305.300692764836,0.995571028052281,0.6860620410288861,1.3569699349930187,0.3963703246624547,0.0,272.9512523277095,277.91160691370163,0.0,0.0
34.95282604883162,33301.45455147245,304.8168644798529,231.80813683299706,734.242685701023,0.011034408537446222,305.2174099788056,0.9986876715224713,0.6874235226832055,1.3569699349930187,0.4023169826443788,0.0,273.0594234779741,278.0481606761553,0.0,0.0
35.10283817779656,33255.663741898716,305.67642772052375,231.68125453674907,739.164021741713,0.011114451375621202,305.133866779753,1.0017781079055454,0.6887841063956881,1.3569699349930187,0.4083306505511849,0.0,273.16552097052926,278.1824336520312,0.0,0.0
35.2528503067615,33209.74465187631,306.52711575439673,231.554014960552,744.1350755508195,0.011195347199838258,305.05006536014565,1.0048419933708497,0.6901433717780657,1.3569699349930187,0.4144113296718542,0.0,273.26950154458484,278.3143769069714,0.0,0.0
35.40286243572645,33163.698620181014,307.36883007968163,231.42642179880332,749.1562861506608,0.011277104220304217,304.96600794129154,1.007878983479538,0.6915008958403657,1.3569699349930187,0.42055899271474056,0.0,273.37132189836075,278.44394145569845,0.0,0.0
35.552874564691386,33117.527000364156,308.201472252332,231.29847878701523,754.228094651334,0.011359730697445546,304.881696773397,1.0108887332826753,0.6928562531262528,1.3569699349930187,0.4267735830422631,0.0,273.4709387054651,278.5710782803743,0.0,0.0
35.70288669365633,33071.231160738644,309.0249439276416,231.1701897017805,759.3509442000508,0.011443234941198274,304.79713413560296,1.0138708974545596,0.6942090158679134,1.3569699349930187,0.43305501394723084,0.0,273.56830863437654,278.6957383524434,0.0,0.0
35.85289882262127,33024.81248435463,309.8391469150181,231.04155836070933,764.525279929315,0.011527625310275734,304.7123223360023,1.0168251304696583,0.6955587541650762,1.3569699349930187,0.4394031679851039,0.0,273.66338837178387,278.8178726588017,0.0,0.0
36.002910951586216,32978.27236897863,310.64398322380134,230.91258862237615,769.7515489023804,0.011612910211388461,304.6272637116635,1.0197510867505044,0.6969050361555262,1.3569699349930187,0.4458178962821396,0.0,273.7561346437722,278.93743222555196,0.0,0.0
36.15292308055116,32931.6122270667,311.43935509661407,230.78328438624953,775.0302000570061,0.01169909809843272,304.54196062864435,1.0226484207750286,0.6982474281709941,1.3569699349930187,0.4522990178042427,0.0,273.8465042338062,279.05436813817045,0.0,0.0
36.3029352095161,32884.833485713534,312.2251650655039,230.6536495925557,780.3616841495391,0.011786197471680571,304.4564154819609,1.025516787259171,0.6995854949316517,1.3569699349930187,0.45884631872344817,0.0,273.9344540071651,279.1686315689128,0.0,0.0
36.452947338481046,32837.937586601416,313.0013160123597,230.52368822214137,785.7464536966587,0.011874216876928013,304.3706306955571,1.0283558413539424,0.7009187997521241,1.3569699349930187,0.4654595518159962,0.0,274.01994093685204,279.28017380587426,0.0,0.0
36.602959467445984,32790.92598597016,313.76771119686873,230.39340429639518,791.1849629122911,0.01196316490456008,304.28460872231244,1.0311652387361152,0.7022469047019042,1.3569699349930187,0.47213843574424924,0.0,274.1029221208131,279.38894627229945,0.0,0.0
36.75297159641093,32743.800154534885,314.5242543151526,230.26280187702383,796.6776676480501,0.01205305018866948,304.19835204395423,1.0339446358003488,0.7035693708169435,1.3569699349930187,0.4788826544763452,0.0,274.18335480772953,279.494900555522,0.0,0.0
36.90298372537587,32696.56157740588,315.2708495636725,230.13188506583487,802.2250253310895,0.012143881406128659,304.11186317097406,1.0366936898690624,0.7048857583243012,1.3569699349930187,0.4856918567468378,0.0,274.26119642455916,279.59798843786217,0.0,0.0
37.052995854340814,32649.211754041007,316.0074016772899,230.00065800460882,807.8274948956825,0.012235667275554843,304.02514464260355,1.0394120593175675,0.706195626830538,1.3569699349930187,0.49256565542781655,0.0,274.33640459719044,279.69816191979453,0.0,0.0
37.20300798330575,32601.75219815043,316.73381597986616,229.86912487483974,813.4855367178696,0.01232841655632064,303.93819902670276,1.042099403741085,0.7074985355335225,1.3569699349930187,0.499503626972261,0.0,274.40893717465354,279.7953732471183,0.0,0.0
37.3530201122707,32554.184437580992,317.44999845030134,229.73728989741923,819.1996125501335,0.01242213804756056,303.8510289196117,1.0447553841731023,0.7087940434630301,1.3569699349930187,0.5065053109465976,0.0,274.4787522578282,279.8895749431752,0.0,0.0
37.503032241235644,32506.510014232506,318.1558557772961,229.6051573324085,824.9701854498414,0.012516840587070603,303.763636946059,1.047379663266913,0.7100817097076491,1.3569699349930187,0.513570209538331,0.0,274.54580822530147,279.98071983786195,0.0,0.0
37.65304437020058,32458.730483969215,318.8512953987446,229.47273147879764,830.7977197056865,0.01261253305016997,303.67602575906363,1.049971905427006,0.7113610936204857,1.3569699349930187,0.5206977870202097,0.0,274.6100637550532,280.06876109196736,0.0,0.0
37.80305649916553,32410.84741646515,319.5362255677569,229.3400166740811,836.6826807696705,0.012709224348648704,303.58819803971295,1.0525317770289535,0.7126317550715404,1.3569699349930187,0.5278874693610375,0.0,274.67147785363613,280.15365222993256,0.0,0.0
37.95306862813047,32362.86239507159,320.2105554228169,229.2070172938948,842.6255351840649,0.012806923429627855,303.5001564969827,1.0550589466532956,0.7138932547110638,1.3569699349930187,0.5351386438854017,0.0,274.7300098868022,280.23534717422507,0.0,0.0
38.10308075709541,32314.777016741682,320.8741950199795,229.07373775181128,848.6267504987784,0.012905639274256564,303.4119038676609,1.0575530851944923,0.7151451541740491,1.3569699349930187,0.542450658787016,0.0,274.7856195996788,280.3138002679801,0.0,0.0
38.25309288606035,32266.59289183525,321.5270553998911,228.94018249880304,854.6867952010064,0.013005380896605558,303.32344291605165,1.0600138660857727,0.7163870163451486,1.3569699349930187,0.5498228228385994,0.0,274.83826714661575,280.38896630852156,0.0,0.0
38.4031050150253,32218.311643948848,322.1690486599459,228.80635602277567,860.8061386395186,0.013106157342467166,303.2347764337253,1.0624409655412952,0.7176184056359209,1.3569699349930187,0.5572544051609213,0.0,274.8879131227398,280.46080058278926,0.0,0.0
38.55311714399024,32169.934910328146,322.80008894301534,228.67226284971505,866.9852508719358,0.01320797768688046,303.1459072403372,1.0648340658186624,0.7188388898100297,1.3569699349930187,0.5647446393997262,0.0,274.93451886001316,280.52925919906284,0.0,0.0
38.70312927295518,32121.46433107403,323.42024333439775,228.6099669692042,873.2237805478446,0.013306642834878885,303.1046122723331,1.0670251465649474,0.7199618681382058,1.3569699349930187,0.5720438604268978,0.0,275.05014920172454,280.666407103874,0.0,0.0
38.853141401920126,32072.901525261837,324.0296889778013,228.56189088966673,879.5206555000165,0.013405417048546161,303.07273954202475,1.0691482495833995,0.7210550440479422,1.3569699349930187,0.5793423694435632,0.0,275.17725964105597,280.81470377942696,0.0,0.0
39.003153530885065,32024.248100299876,324.6284122752393,228.51372436629646,885.876254932281,0.013505133419854645,303.0408034889494,1.0712366405373432,0.7221351842617066,1.3569699349930187,0.5866882282334963,0.0,275.30151862813074,280.9598150993096,0.0,0.0
39.15316565985001,31975.505669473823,325.21631025550795,228.4654689921546,892.2909906201144,0.013605798847073093,303.0088051495065,1.073289966260367,0.7232018656895066,1.3569699349930187,0.5940803047374756,0.0,275.42288091913673,281.10169015547785,0.0,0.0
39.30317778881495,31926.675862497923,325.79332245870376,228.41712637665705,898.7652731919976,0.013707420215239333,302.97674557134076,1.0753080136376028,0.7242547393054679,1.3569699349930187,0.601517634992126,0.0,275.5413136798469,281.24029194825215,0.0,0.0
39.453189917779895,31877.760317288572,326.35938311289203,228.36869813743147,905.299513094471,0.013810004411283612,302.94462580794976,1.077290551837635,0.7252934489804108,1.3569699349930187,0.6089991881907348,0.0,275.65678273545757,281.3755819742599,0.0,0.0
39.60320204674484,31828.76068158257,326.91442797639303,228.32018590192047,911.8941202731567,0.013913558319005818,302.91244691975226,1.0792373548882241,0.7263176432761439,1.3569699349930187,0.6165239003387094,0.0,275.7692545511701,281.50752244634583,0.0,0.0
39.75321417570978,31779.678612609754,327.45839439398634,228.27159130705883,918.5495041061212,0.014018088818009651,302.8802099738799,1.0811482018657674,0.7273269756872637,1.3569699349930187,0.6240906745775324,0.0,275.87869625832127,281.63607632290154,0.0,0.0
39.903226304674725,31730.515776831344,327.9912213565637,228.22291599901547,925.2660733273592,0.01412360278247989,302.8479160440118,1.0830228770961656,0.7283211048890417,1.3569699349930187,0.6316983815669239,0.0,275.9850756815536,281.76120733835273,0.0,0.0
40.05323843363966,31681.27384978705,328.5128495361962,228.17416163304327,932.0442359339271,0.014230107079700852,302.8155662102801,1.084861170274422,0.7292996949419351,1.3569699349930187,0.6393458597703419,0.0,276.08836135888777,281.8828800256772,0.0,0.0
40.20325056260461,31631.954515797614,329.02322133043214,228.12532987318556,938.8843991112628,0.014337608568858476,302.78316155908095,1.086662876615188,0.7302624155114533,1.3569699349930187,0.6470319158441753,0.0,276.18852256423105,282.0010597416711,0.0,0.0
40.35326269156955,31582.559467641633,329.52228091915003,228.07642239195735,945.7869691610789,0.014446114099880964,302.75070318286805,1.0884277970449878,0.7312089421094209,1.3569699349930187,0.6547553251430592,0.0,276.2855293334325,282.11571269619355,0.0,0.0
40.50327482053449,31533.090406343294,330.0099743109902,228.02744087013608,952.7523514126931,0.014555630512017246,302.7181921800191,1.0901557383599243,0.7321389563159394,1.3569699349930187,0.6625148322045028,0.0,276.379352487311,282.22680597800445,0.0,0.0
40.65328694949943,31483.549040943526,330.4862493747968,227.97838699653616,959.7809501351621,0.014666164632425864,302.6856296546913,1.0918465133340518,0.733052145973375,1.3569699349930187,0.6703091511951069,0.0,276.469963650144,282.3343075755174,0.0,0.0
40.80329907846438,31433.93708811461,330.951055891571,227.92926246762832,966.87316847047,0.014777723275092988,302.6530167165733,1.0934999408960067,0.7339482054153992,1.3569699349930187,0.6781369665313323,0.0,276.5573352738556,282.4381864039579,0.0,0.0
40.95331120742932,31384.256271876828,331.4043456086522,227.88006898726,974.0294083515329,0.014890313239509819,302.6203544807047,1.095115846312918,0.7348268356985864,1.3569699349930187,0.6859969335520263,0.0,276.6414406628263,282.53841233320827,0.0,0.0
41.10332333639426,31334.508323433864,331.8460722620337,227.83080826649328,981.2500704018322,0.015003941309058837,302.5876440673731,1.0966940612688931,0.7356877447748829,1.3569699349930187,0.6938876790409134,0.0,276.72225398928845,282.63495620508377,0.0,0.0
41.25333546535921,31284.69498071272,332.27619163127673,227.78148202315035,988.5355538766951,0.01511861425005327,302.55488660181675,1.0982344240520407,0.7365306477207578,1.3569699349930187,0.7018078020125251,0.0,276.7997503178159,282.7277898608394,0.0,0.0
41.403347594324146,31234.81798813353,332.69466157581763,227.73209198158628,995.8862565706482,0.01523433881024088,302.5220832140782,1.099736779679611,0.7373552669305014,1.3569699349930187,0.7097558744134986,0.0,276.87390562437895,282.8168861625566,0.0,0.0
41.55335972328909,31184.87924860501,333.0991317587745,227.68264002320498,1003.3025520302493,0.015351121359901757,302.48923513899297,1.1011933419902245,0.7396181305631282,1.3569699349930187,0.719136926369435,0.0,276.9440136284344,282.90145318790644,0.0,0.0
41.70337185225403,31134.880670678864,333.4930115793527,227.63312803511263,1010.784811512368,0.01546896823730263,302.45634361570126,1.1026153645601375,0.739163083340756,1.3569699349930187,0.7259254555957073,0.0,277.0110707389521,282.9826076186702,0.0,0.0
41.853383981218975,31084.82375502324,333.87689745653455,227.5835575006067,1018.3334664392344,0.015587886732640228,302.4234096155634,1.1040048053189877,0.7387184622979239,1.3569699349930187,0.732750067979958,0.0,277.07524414560055,283.06053668426784,0.0,0.0
42.00339611018392,31034.710004487413,334.2507400396935,227.53392990523443,1025.9489481100472,0.015707884138988878,302.3904341118398,1.105361487447285,0.7382843240168688,1.3569699349930187,0.7396104280847544,0.0,277.1365104667536,283.13521399575393,0.0,0.0
42.15340823914886,30984.540929604686,334.6144870335246,227.48424674224296,1033.6316867680673,0.015828967737580347,302.35741808331505,1.10668522424451,0.7378607282417569,1.3569699349930187,0.7465061739860402,0.0,277.1948456558481,283.20661241790043,0.0,0.0
42.303420368113805,30934.318048727713,334.9680866815837,227.4345095127142,1041.3821114580394,0.015951144795524213,302.32436251439225,1.1079758306465872,0.7374477341930921,1.3569699349930187,0.7534369284132888,0.0,277.25022603743616,283.2747052305279,0.0,0.0
42.453432497078744,30884.042887936776,335.31148779184423,227.38471972547487,1049.2006499151153,0.016074422564021723,302.2912683950372,1.109233123312235,0.7370454005400848,1.3569699349930187,0.7604022985417859,0.0,277.302628320226,283.3394661431346,0.0,0.0
42.60344462604369,30833.716980931742,335.64463976500906,227.3348788969903,1057.087728454168,0.016198808276583206,302.25813672071246,1.1104569207185506,0.7366537853700639,1.3569699349930187,0.7674018757982548,0.0,277.3520296109241,283.4008693104251,0.0,0.0
42.75345675500863,30783.341868936965,335.96749256265934,227.2849885512712,1065.0437718547298,0.016324309147173862,302.2249684923192,1.111647043057588,0.7362729462215719,1.3569699349930187,0.7744352354570606,0.0,277.398407410137,283.45888932772823,0.0,0.0
42.903468883973574,30732.919100738214,336.2799973224278,227.233867307103,1073.0627864363275,0.016450919632194624,302.1909781584889,1.1128062107335988,0.7359020125652485,1.3569699349930187,0.7815003491810784,0.0,277.4405568886862,283.5123185301786,0.0,0.0
43.05348101293852,30682.45023184154,336.5821143503303,227.17784044536634,1081.118957824932,0.016578514853995734,302.1537217052643,1.1139433016107252,0.7355381434845679,1.3569699349930187,0.7885873842636891,0.0,277.4747828497517,283.55745924447905,0.0,0.0
43.20349314190346,30631.936822403288,336.873817739636,227.11769575673634,1089.2035772475951,0.016706912277500353,302.1137218874065,1.1150563292361284,0.7351819746444389,1.3569699349930187,0.7956874237728304,0.0,277.50185697457687,283.59508120367383,0.0,0.0
43.3535052708684,30581.380436332845,337.1550862452119,227.05420719841698,1097.3283216543693,0.016836241295655276,302.0714924494404,1.1161433457731655,0.7348341293525871,1.3569699349930187,0.8028064003431645,0.0,277.5225387680707,283.6259421648792,0.0,0.0
43.50351739983334,30530.78264100672,337.4258928179526,226.98831352316375,1105.494274419713,0.01696645486459884,302.0276570027943,1.1172019680794691,0.7344953702145699,1.3569699349930187,0.8099419896244459,0.0,277.5377510601604,283.65096303239,0.0,0.0
43.65352952879829,30480.145007555697,337.6862141647399,226.92089955909168,1113.7027758439174,0.01709751180335393,301.98280360640837,1.1182299459835,0.7341664172852801,1.3569699349930187,0.8170921232209425,0.0,277.54836414740754,283.67101234539007,0.0,0.0
43.803541657763226,30429.469110486774,337.9360299595815,226.8527802907306,1121.9562256005217,0.017229390451553125,301.93747417289416,1.1192252001355552,0.7338479359566223,1.3569699349930187,0.8242556258399845,0.0,277.5551796440309,283.6868901011554,0.0,0.0
43.95355378672817,30378.75652720086,338.1753214169127,226.7847216150089,1130.2570013260718,0.017362070668141622,301.89217826309294,1.1201857675232636,0.7335405543925557,1.3569699349930187,0.8314313694373306,0.0,277.5589508147995,283.6993480367808,0.0,0.0
44.10356591569312,30328.008837762893,338.4040713248969,226.7174397103513,1138.6074583198767,0.0174955339927478,301.8473926458064,1.1211098043904153,0.7332448625950672,1.3569699349930187,0.838618279307957,0.0,277.5603819575991,283.7090890133754,0.0,0.0
44.253578044658056,30277.22762472116,338.6222640217631,226.65160043588384,1147.0099294186123,0.017629763813793185,301.8035608691508,1.1219955889406332,0.7329614115389974,1.3569699349930187,0.8458153402020522,0.0,277.5601277988037,283.7167664109704,0.0,0.0
44.403590173623,30226.414472889708,338.829885305359,226.5878187610805,1155.4667250596972,0.017764745543121165,301.7610928456006,1.122841523770346,0.7326907123934893,1.3569699349930187,0.8530216024156064,0.0,277.5587928987517,283.72298353107203,0.0,0.0
44.55360230258794,30175.5709690857,339.026922313045,226.52665822627978,1163.9801335353459,0.01790046679672272,301.72036445276245,1.1236461381317313,0.732433235797846,1.3569699349930187,0.8602361879727612,0.0,277.55693107885116,283.7282930197266,0.0,0.0
44.703614431552886,30124.698701946323,339.21336339695273,226.46863043463475,1172.5524214165944,0.018036917580773762,301.6817171519079,1.1244080900870312,0.73218941117215,1.3569699349930187,0.8674582969611647,0.0,277.5550448784005,283.7331963200925,0.0,0.0
44.853626560517824,30073.79926181007,339.389198046428,226.41419457582776,1181.1858341496459,0.01817409048256968,301.6454576260377,1.1251261687062526,0.7319596260139992,1.3569699349930187,0.8746872142087204,0.0,277.5535850570882,283.738143172374,0.0,0.0
45.00363868948277,30022.87424049898,339.5544167435267,226.36375698170463,1189.882596852261,0.01831198086635276,301.6118574390158,1.1257992959119079,0.7317442253081895,1.3569699349930187,0.8819223158715646,0.0,277.55295010898834,283.74353112278214,0.0,0.0
45.15365081844771,29971.925231180052,339.7090107796269,226.3176707143574,1198.644915280621,0.01845058707312769,301.58115271743975,1.1264265280460357,0.7315435110252686,1.3569699349930187,0.8891630759941961,0.0,277.5534857969975,283.74970505148275,0.0,0.0
45.303662947412654,29920.953828299425,339.8529721679906,226.27623518690447,1207.4749769675007,0.018589910624066362,301.55354385659984,1.1270070575910842,0.7313577415708531,1.3569699349930187,0.8964090735567211,0.0,277.5554847486426,283.7569567653853,0.0,0.0
45.4536750763776,29869.96162744789,339.9862934734672,226.23969581709332,1216.3749525565236,0.01872995642750498,301.52919525165896,1.127540214438312,0.7311871313797402,1.3569699349930187,0.9036599993185545,0.0,277.5591860595223,283.7655245955174,0.0,0.0
45.60368720534254,29818.950225297485,340.10896759827875,226.2082437140997,1225.346997308814,0.018870732988800522,301.5082350552112,1.1280254668201655,0.731031850617547,1.3569699349930187,0.9109156625680176,0.0,277.56477491646774,283.77559301248954,0.0,0.0
45.753699334307484,29767.9212195763,340.22098763431893,226.18201539868437,1234.3932527881682,0.0190122526228257,301.49075496208366,1.1284624222626862,0.7308920248759404,1.3569699349930187,0.9181759982100869,0.0,277.5723822739494,283.78729229761115,0.0,0.0
45.90371146327242,29716.876209042046,340.32234670077446,226.16109255687115,1243.5158487319404,0.019154531668941856,301.47681002209725,1.1288508282803906,0.730767734950275,1.3569699349930187,0.9254410738681037,0.0,277.5820845594424,283.8006982424132,0.0,0.0
46.05372359223737,29665.816793492795,340.41303770407785,226.14550182734442,1252.7169051016945,0.019297590708134513,301.4664184813646,1.1291905725981244,0.7306590167686002,1.3569699349930187,0.9327110967220548,0.0,277.5939033889299,283.81583185545685,0.0,0.0
46.20373572120231,29614.744573836477,340.4930531022729,226.13521462271308,1261.9985343101096,0.019441454782095878,301.45956165250766,1.129481683167705,0.7305658613863344,1.3569699349930187,0.9399864203964785,0.0,277.6078053175006,283.832659104385,0.0,0.0
46.35374785016725,29563.661152141296,340.56238476284165,226.13014698475288,1271.3628436388483,0.01958615361438701,301.4561838139885,1.129724328272474,0.7304882149528084,1.3569699349930187,0.9472675522750705,0.0,277.6237016521319,283.85109072357096,0.0,0.0
46.5037599791322,29512.568131741333,340.62102369999525,226.13015947378307,1280.8119378348085,0.019731721833460385,301.456192138609,1.1299188160095193,0.7304259788769538,1.3569699349930187,0.9545551603442073,0.0,277.6414482621701,283.87098201505654,0.0,0.0
46.65377210809714,29461.46711744877,340.6689597610431,226.13505709226823,1290.3479218756208,0.019878199197460932,301.4594566510217,1.1300655933823016,0.7303790101176635,1.3569699349930187,0.9618500798240066,0.0,277.6608454086499,283.8921326664703,0.0,0.0
46.80378423706208,29410.35971566002,340.7061814789983,226.14458924275755,1299.9729039445338,0.02002563082156686,301.46581021393877,1.1301652457279057,0.7303471213670703,1.3569699349930187,0.9691533205324477,0.0,277.68163765830303,283.91428665972273,0.0,0.0
46.95379636602702,29359.24753458693,340.7326757898602,226.15844972028574,1309.6889985730006,0.02017406740746239,301.47504854256545,1.1302184954843848,0.7303300814449969,1.3569699349930187,0.9764660736871466,0.0,277.7035137912323,283.93713216843446,0.0,0.0
47.103808494991966,29308.13218459724,340.7484276912916,226.1762767392915,1319.4983299537873,0.02032356547532545,301.4869302465681,1.130226200560714,0.7303276158205716,1.3569699349930187,0.9837897184520549,0.0,277.7261067255367,283.9603014701898,0.0,0.0
47.253820623956905,29257.015278456187,340.7534200109419,226.19765299522862,1329.403035464999,0.020474187599387187,301.50117689880125,1.1301893528771056,0.7303394070793262,1.3569699349930187,0.9911258289858658,0.0,277.74899351002534,283.9833709309193,0.0,0.0
47.40383275292185,29205.898431632206,340.7476331566349,226.22210576097618,1339.4052693755636,0.020626002647162096,301.5174731298079,1.1301090766634867,0.7303650954676842,1.3569699349930187,0.9984761814376814,0.0,277.77169534653046,284.00586101825115,0.0,0.0
47.553844881886796,29154.783262769663,340.7310447533038,226.249107018105,1349.507206712289,0.02077908602271812,301.53546674691165,1.1299866262143228,0.7304042796114167,1.3569699349930187,1.0058427604576672,0.0,277.7936776131477,284.0272363116877,0.0,0.0
47.703857010851735,29103.671394163288,340.703629295313,226.27807362320797,1359.7110473207317,0.020933519915270184,301.55476887666424,1.1298233835415172,0.7304565172667145,1.3569699349930187,1.0132277658076563,0.0,277.81434992759927,284.04690555351607,0.0,0.0
47.85386913981668,29052.564452080896,340.6653579398733,226.308367509583,1370.0190201522407,0.021089393554505047,301.57495412931223,1.1296208563586467,0.7305213259652331,1.3569699349930187,1.020633619679714,0.0,277.8330662891064,284.06422178344746,0.0,0.0
48.00388126878162,29001.464067385165,340.61619812740025,226.33929592421185,1380.4333876884896,0.02124680347235137,301.59556078356667,1.1293806753735207,0.7305981838804734,1.3569699349930187,1.0280629732804472,0.0,277.84912520372853,284.07848245045517,0.0,0.0
48.153893397746565,28950.37187627396,340.5561131391437,226.37011170033736,1390.9564505377732,0.02140585377291391,301.61609099005875,1.1291045912745032,0.730686530792159,1.3569699349930187,1.0355187131908252,0.0,277.86176982694406,284.0889295396341,0.0,0.0
48.3039055267115,28899.289520626135,340.48506190209616,226.40001356623316,1401.590552309947,0.021566656413530734,301.6360109919182,1.1287944724584587,0.7307857688132933,1.3569699349930187,1.0430039690175033,0.0,277.8701882179016,284.0947498198589,0.0,0.0
48.45391765567645,28848.218648885762,340.4029985429568,226.4281464898976,1412.3380845799977,0.021729331495582593,301.6547513602061,1.1284523018716899,0.7308952634010593,1.3569699349930187,1.0505221199668764,0.0,277.87351355444906,284.09507504313206,0.0,0.0
48.603929784641394,28797.160920945353,340.30968413240396,226.29404565898264,1423.1783746548927,0.02190908881132202,301.56541144244443,1.1284771768242199,0.7308873034162496,1.3569699349930187,1.0586204609408765,0.0,277.71121123217074,283.9293621647123,0.0,0.0
48.75394191360633,28746.118146513643,340.20331360527604,225.7657346746806,1434.0796336209823,0.022128569846331006,301.21318517029727,1.129443631137644,0.730578038035954,1.3569699349930187,1.0681050602685906,0.0,277.1507623658397,283.3650266936087,0.0,0.0
48.90395404257128,28695.0923787311,340.08290295877526,225.23576653605298,1445.0802669710924,0.02235078193554866,300.8594397640758,1.1303713894616612,0.7302811553722685,1.3569699349930187,1.0776291934582032,0.0,276.5844265070964,282.79429269330643,0.0,0.0
49.05396617153622,28644.085723959317,339.9485043383273,224.7059884454067,1456.1612943917323,0.022575269477352118,300.50540501830767,1.1312558731435018,0.7299981205940794,1.3569699349930187,1.0871710749542494,0.0,276.0140711022205,282.2190300582963,0.0,0.0
49.20397830050116,28593.10028301416,339.8000924989852,224.17642223259605,1467.3228095292232,0.022802047267825604,300.15109452320496,1.1320967962444493,0.7297290252017763,1.3569699349930187,1.096729138995313,0.0,275.43971537195904,281.63925769379216,0.0,0.0
49.3539904294661,28542.138127398768,339.6382259496318,224.00323067629117,1479.0773485595976,0.023002482593851244,300.0351285380797,1.1319948687492631,0.7297616420002359,1.3569699349930187,1.105365243589943,0.0,275.21769607142016,281.4113333947969,0.0,0.0
49.50400255843105,28491.201193420806,339.4638865459325,223.9418158572241,1491.0823923668042,0.023195543500505064,299.9939955011746,1.1315689368342818,0.7298979402130298,1.3569699349930187,1.1137065758174864,0.0,275.1037170408817,281.29099749497294,0.0,0.0
49.654014687395986,28440.291332314504,339.27741003431737,223.88043270093004,1503.1786112778282,0.02339012574525042,299.95287803436946,1.131102366003776,0.7300472428787917,1.3569699349930187,1.1220451800933542,0.0,274.98614014607506,281.16662479289766,0.0,0.0
49.80402681636093,28389.410359268917,339.07867260428253,223.81908339761344,1515.3662068415172,0.02358623340344734,299.91177761147696,1.1305947212368053,0.7302096892042224,1.3569699349930187,1.130378962887507,0.0,274.8649363287051,281.03818245122886,0.0,0.0
49.95403894532588,28338.560116879064,338.8677027561883,223.75777017066275,1527.645363798695,0.023783870280682514,299.87069572935064,1.1300460751324448,0.7303852559576177,1.3569699349930187,1.1387065444565962,0.0,274.74012287889633,280.90568958219154,0.0,0.0
50.104051074290815,28287.74243937754,338.64451076240516,223.69649523352368,1540.0162583094825,0.023983040044845916,299.82963387899804,1.1294564395828586,0.7305739393334852,1.3569699349930187,1.1470264269280523,0.0,274.6117119735344,280.76915956760297,0.0,0.0
50.25406320325576,28236.959159363658,338.4091090459789,223.63526079781226,1552.4790561261275,0.02418374619648826,299.7885935510134,1.128825833690012,0.7307757332191962,1.3569699349930187,1.155337093912988,0.0,274.47971682394285,280.6286069490398,0.0,0.0
50.4040753322207,28186.21210736482,338.16151227461313,223.57406907278562,1565.033912465239,0.02438599206650878,299.74757623522146,1.1281542840875118,0.7309906290919962,1.3569699349930187,1.1636370113814745,0.0,274.3441517000955,280.4840474550424,0.0,0.0
50.554087461185645,28135.50308873516,337.9024055828877,223.52040978564312,1575.8916926380584,0.024561070278284875,299.7116033548967,1.1274251707324399,0.7312239453656193,1.3569699349930187,1.1705694734868677,0.0,274.21271994093536,280.3432102577564,0.0,0.0
50.704099590150584,28084.833643818416,337.6340918043275,223.47164835781516,1585.648831825119,0.024718532632579875,299.6789102266595,1.126652828352055,0.7314710949273424,1.3569699349930187,1.1766014350122571,0.0,274.0834853060778,280.20424357054327,0.0,0.0
50.85411171911553,28034.20513659876,337.3560655409968,223.15298210355536,1596.888010408898,0.024929287828469877,299.4651658317506,1.126528571708853,0.7315108570531671,1.3569699349930187,1.184744302156381,0.0,273.68150029543375,279.7921823801462,0.0,0.0
51.004123848080475,27983.619348821056,337.06417189363134,222.61891529850533,1609.3484682580915,0.025184082610728672,299.10659968280873,1.1269031584427598,0.7313909892983169,1.3569699349930187,1.1945872053770612,0.0,273.0600328221195,279.16014507979435,0.0,0.0
51.154135977045414,27933.078432072005,336.75781773015143,222.08531377432524,1621.8951717612983,0.02544140241724614,298.7479161187218,1.1272306836655042,0.7312861812270387,1.3569699349930187,1.2044276632152893,0.0,272.4347821392021,278.52381077732076,0.0,0.0
51.30414810601036,27882.584556609094,336.437012315851,221.5522004670305,1634.5280771037244,0.02570126052151516,298.3891301613164,1.1275109523391988,0.7311964952514564,1.3569699349930187,1.2142636512495604,0.0,271.80578575159757,277.883218739536,0.0,0.0
51.4541602349753,27832.139889258713,336.1017649416224,221.01959827783975,1647.247126462213,0.025963669967459975,298.0302568811787,1.127743768229621,0.7311219941665213,1.3569699349930187,1.2240930988240002,0.0,271.1730816830615,277.2384088190445,0.0,0.0
51.60417236394024,27781.74659563274,335.75208644181066,220.4875300965722,1660.0522471852485,0.026228643548188057,297.67131141378974,1.1279289389600775,0.7310627395327752,1.3569699349930187,1.2339138965187568,0.0,270.536708950879,276.5894219835113,0.0,0.0
51.75418449290518,27731.406839559262,335.3879910871856,219.9560187956321,1672.9433516619476,0.02649619379870566,297.3123089558927,1.128066282438853,0.731018789619567,1.3569699349930187,1.2437239068126587,0.0,269.8967081199056,275.9363009374341,0.0,0.0
51.90419662187013,27681.122782519327,335.0094963089677,219.42508722405682,1685.9203371951685,0.02676633298861439,296.9532647618682,1.1281556260296295,0.7309901996705186,1.3569699349930187,1.2535209631199873,0.0,269.2531212073585,275.2790900161399,0.0,0.0
52.05420875083507,27630.89658306044,334.6166227503984,218.89475820131793,1698.9830858865294,0.02703907311495318,296.5941941399091,1.1281968068213546,0.7309770218171665,1.3569699349930187,1.2633028706532714,0.0,268.6059916846015,274.61783518853554,0.0,0.0
52.20422087980001,27580.730397130512,334.20936699809806,218.3650545208412,1712.1314642856162,0.027314425889994585,296.2351124547519,1.1281895796506787,0.7309793345117829,1.3569699349930187,1.2730672503822078,0.0,267.9553563803363,273.9525749806831,0.0,0.0
52.35423300876496,27530.626375141346,333.7881731250943,218.03743926071266,1724.9179704083733,0.027559763128099383,296.01280680087734,1.1276139594515173,0.7311635329755145,1.3569699349930187,1.281589164357017,0.0,267.50282559325035,273.4849374954395,0.0,0.0
52.504245137729896,27480.586387601154,333.3560029485025,218.00480127524412,1737.7627281793314,0.027769146156923972,295.9906509195415,1.1262382845974346,0.731603748928821,1.3569699349930187,1.28875968885303,0.0,267.34218052247235,273.3088118479316,0.0,0.0
52.65425726669484,27430.61201638933,332.913327261341,217.97220557660987,1750.6863073996672,0.02797984620306796,295.9685220887421,1.1248268056071231,0.7320554222057206,1.3569699349930187,1.2958913223827473,0.0,267.1786379880566,273.12943321714704,0.0,0.0
52.80426939565978,27380.70483564017,332.46021237428255,217.9396531935585,1763.6886324509194,0.028191862393009786,295.9464210130305,1.1233797362247688,0.732518484408074,1.3569699349930187,1.3029826879017186,0.0,267.0122309825929,272.94683846123263,0.0,0.0
52.954281524624726,27330.866406874226,331.99671854254814,217.90714514667266,1776.7696189884502,0.028405193708703716,295.92434839161604,1.1218972698495062,0.732992873648158,1.3569699349930187,1.3100323624579635,0.0,266.8429908901878,272.7610626363173,0.0,0.0
53.10429365358967,27281.098282399616,331.5229081130183,217.8746824505866,1789.9291729646086,0.028619838971541727,295.9023049198693,1.1203796070557648,0.7334785257421553,1.3569699349930187,1.3170389244126186,0.0,266.67094989361163,272.5721416944996,0.0,0.0
53.25430578255461,27231.402001106428,331.0388596032197,217.84525987463243,1803.417953232324,0.028839410640799652,295.8823243927773,1.1188193153565091,0.7339778190859171,1.3569699349930187,1.3241714059616474,0.0,266.49913886338254,272.3831108722056,0.0,0.0
53.404317911519556,27181.77914514135,330.54384971354045,217.8254208417517,1817.7938160225733,0.0290719502331466,295.86885117601634,1.1171971919304728,0.7344968985822488,1.3569699349930187,1.3318006698551519,0.0,266.33390212999234,272.20029042262,0.0,0.0
53.554330040484494,27132.231386687166,330.03765605790534,217.8056115248531,1832.2624845901719,0.02930601256600988,295.85539752798127,1.1155370455145786,0.7350281454353349,1.3569699349930187,1.3393825095647807,0.0,266.16563514845643,272.0140696671738,0.0,0.0
53.70434216944944,27082.760396536763,329.5203709983747,217.78583259333027,1846.8238573428962,0.02954159624323596,295.8419639059966,1.1138391817297406,0.735571461846483,1.3569699349930187,1.346915342485703,0.0,265.9943806936381,271.8244964727685,0.0,0.0
53.85435429841438,27033.367833052598,328.99206396744006,217.7660847116463,1861.477820446498,0.029778699668837078,295.82855076411687,1.1121038287807676,0.7361267747901544,1.3569699349930187,1.3543974343647744,0.0,265.8201749969097,271.6316113720716,0.0,0.0
54.004366427379324,26984.05534403088,328.45281083133045,217.74636854007846,1876.2242471407303,0.030017321035837628,295.8151585536315,1.1103312366995612,0.7366940042561404,1.3569699349930187,1.361827078517421,0.0,265.64305635655217,271.4354572151277,0.0,0.0
54.15437855634426,26934.824565677376,327.90268996354797,217.72668473430818,1891.0629979048006,0.030257458328862053,295.8017877227852,1.1085216640774551,0.7372730674952144,1.3569699349930187,1.3692025731902262,0.0,265.4630639716201,271.2360778622464,0.0,0.0
54.30439068530921,26885.677122190802,327.3417822336951,217.70703394525404,1905.9939204537973,0.030499109323989183,295.7884387166639,1.1066753780300933,0.7378638790303702,1.3569699349930187,1.376522222688488,0.0,265.28023792493525,271.0335181649589,0.0,0.0
54.454402814274154,26836.61462557228,326.7701710024723,217.687416818995,1921.0168496735603,0.03074227158761082,295.77511197714097,1.1047926541829076,0.7384663506614696,1.3569699349930187,1.383784338516073,0.0,265.09461916768765,270.8278239487662,0.0,0.0
54.60441494323909,26787.63867505341,326.1879421069461,217.66783399654105,1936.1316076785722,0.03098694247728196,295.76180794272096,1.1028737766240515,0.7390803914803036,1.3569699349930187,1.3909872405605712,0.0,264.90624950078296,270.61904199225893,0.0,0.0
54.75442707220404,26738.750856772986,325.59518714231626,217.62743130257576,1951.120164228797,0.031232625075521627,295.7343575653412,1.1009717971993749,0.7396890248962,1.3569699349930187,1.398075259740831,0.0,264.69431769797745,270.38636626325285,0.0,0.0
54.90443920116898,26689.952646460817,324.99521358671336,217.37048989492777,1963.918529488604,0.03147465585214522,295.5597269059217,1.0995923463218016,0.7372758818768276,1.3569699349930187,1.399142283849432,0.0,264.2640760056361,269.93516644700753,0.0,0.0
55.05445133013392,26641.244537339655,324.392790272966,217.11401898729468,1976.7771789777878,0.031718158038349716,295.3853130650751,1.0982021648500189,0.736512968383685,1.3569699349930187,1.4032908001619009,0.0,263.83391880402803,269.48400443934275,0.0,0.0
55.20446345909886,26592.627326570695,323.78239706000494,216.89935122408073,1995.0461814611488,0.03204297322307336,295.2392483698848,1.0966780292515865,0.735678985607682,1.3569699349930187,1.410732137537579,0.0,263.4435955968728,269.0724382863663,0.0,0.0
55.354475588063806,26544.102569639697,323.16019411540464,216.50450124196777,2011.4923155587478,0.03236603909852806,294.9703948351352,1.0955682325205052,0.7350733301959236,1.3569699349930187,1.4183155865669277,0.0,262.8700321305453,268.47726204916484,0.0,0.0
55.50448771702875,26495.67193871944,322.5280977207819,216.27196537975198,2026.5040928054527,0.03264264672526457,294.81194634532335,1.0940129859696854,0.7342268566686765,1.3569699349930187,1.423205704217781,0.0,262.45629311926234,268.04160917861344,0.0,0.0
55.65449984599369,26447.33649717841,321.89188991448174,216.32138329248542,2041.2137220332895,0.032872076157492575,294.84562652864497,1.0917302511970925,0.7329892519682957,1.3569699349930187,1.4251538319957961,0.0,262.32368751053855,267.8869904986307,0.0,0.0
55.804511974958636,26399.096704118423,321.2528870954138,216.3707041608897,2056.0009221007367,0.03310266456527195,294.8792367370515,1.0894388179045653,0.7317526960595,1.3569699349930187,1.4270470682602419,0.0,262.19054696441896,267.73178392451786,0.0,0.0
55.954524103923575,26350.95297313554,320.6111679796661,216.41992755767293,2070.865703901523,0.03333441170759266,294.9127767033347,1.0871389553331645,0.7305173989916978,1.3569699349930187,1.4288860164443302,0.0,262.056898220786,267.5760194816279,0.0,0.0
56.10453623288852,26302.90571458129,319.9666722753592,216.4621189948055,2085.9267708061693,0.033570302833037954,294.94152217895095,1.0848478366542933,0.7292925835895916,1.3569699349930187,1.4308149843398505,0.0,261.9157943051438,267.41274868541024,0.0,0.0
56.25454836185346,26254.9553560262,319.319257441643,216.4933034859703,2101.2552389781044,0.033812123647238145,294.96276670454574,1.082574797521798,0.7280831393617624,1.3569699349930187,1.4329154925551082,0.0,261.7632245820757,267.23795658921335,0.0,0.0
56.404560490818405,26207.102344301376,318.66881443507003,216.52442513477808,2116.6651182242485,0.034055194518774076,294.9839668932084,1.080291982616249,0.7268742137109959,1.3569699349930187,1.4349563527159213,0.0,261.61010733435586,267.0625583531605,0.0,0.0
56.55457261978335,26159.34712837123,318.0154335478226,216.55548364639682,2132.15640160064,0.03429951505530274,295.00512255367835,1.0779996997847296,0.7256660421468604,1.3569699349930187,1.4369382622206828,0.0,261.4564730109513,266.88658814422956,0.0,0.0
56.70458474874829,26111.690142375784,317.3592017957665,216.5864787356243,2147.7290801147183,0.03454508483373249,295.02623350128863,1.0756982456422146,0.7244588514988944,1.3569699349930187,1.43886189472576,0.0,261.3023509611244,266.7100788955361,0.0,0.0
56.854596877713234,26064.131806938043,316.7002184997606,216.61741012603846,2163.383142387144,0.034791903394903845,295.04729955738446,1.0733879583878883,0.7232528875306592,1.3569699349930187,1.4407280957399367,0.0,261.1477738225417,266.5330672252222,0.0,0.0
57.00460900667817,26016.672529445506,316.0385208547323,216.64827754981525,2179.1185746388314,0.035039970243401046,295.0683205491966,1.0710689655416241,0.7220482836630507,1.3569699349930187,1.442536943117698,0.0,260.9927565954425,266.3555699799753,0.0,0.0
57.15462113564312,25969.31272857772,315.37395124916304,216.6936210976642,2195.659932816105,0.035298565499167274,295.0991971956004,1.0687048770252123,0.7208263439609707,1.3569699349930187,1.444628837364098,0.0,260.8518000179714,266.1920831388253,0.0,0.0
57.30463326460806,25922.052843019846,314.7064037261819,216.73972907558047,2212.334965151791,0.03555907570434824,295.13059106747124,1.0663293242083312,0.7196046712391293,1.3569699349930187,1.4466801826896183,0.0,260.71116787136924,266.028867517104,0.0,0.0
57.454645393573,25874.893320977488,314.03589945968895,216.78573981686537,2229.1010699324324,0.035820954666187434,295.1619154045899,1.063944510013183,0.7183844796042549,1.3569699349930187,1.4486705363702674,0.0,260.57000968873734,265.86507400236417,0.0,0.0
57.60465752253795,25827.83459845381,313.3625330747483,216.83165289180127,2245.9582419322332,0.036084201853218076,295.19316993658487,1.0615507572281115,0.7171660058238137,1.3569699349930187,1.4506006640393416,0.0,260.4283566509827,265.7007375983536,0.0,0.0
57.75466965150289,25780.877098212415,312.6863926107455,216.87746788357205,2262.9064727119235,0.03634881668642181,295.2243544019312,1.0591483661440775,0.7159494721730267,1.3569699349930187,1.4524712649981995,0.0,260.2862379193955,265.53589104339983,0.0,0.0
57.90468178046783,25734.021231334085,312.0075466493511,216.9231843867453,2279.9457501329084,0.036614798531678074,295.2554685469114,1.0567375709750084,0.7147350648070829,1.3569699349930187,1.4542828062225632,0.0,260.14367708544523,265.37056083104534,0.0,0.0
58.05469390943277,25687.267391277608,311.3261788178455,216.96569407221077,2296.8896585204157,0.03687968211731296,295.2843972257222,1.0543265466880074,0.7135269360639976,1.3569699349930187,1.4559476458030305,0.0,259.9976214749118,265.20170101771134,0.0,0.0
58.20470603839772,25640.615938875428,310.6425296750165,217.00368835211617,2313.655008416194,0.03714236833066092,295.31025068372537,1.0519192237851298,0.7123270416546048,1.3569699349930187,1.457430274919541,0.0,259.8468334319719,265.02808252576165,0.0,0.0
58.354718167362655,25594.067203383096,309.9567522449913,217.04159953002667,2330.505659758719,0.03740634604817466,295.33604533865946,1.0495053249919644,0.7111302704578724,1.3569699349930187,1.4588599122193358,0.0,259.6957915311049,264.85418952546297,0.0,0.0
58.5047302963276,25547.621496738502,309.26893189302336,217.07942734823317,2347.4415799810668,0.03767161441845848,295.3617810306092,1.0470851401758472,0.7099368174113313,1.3569699349930187,1.4602373578986525,0.0,259.54452284524257,264.6800523949868,0.0,0.0
58.65474242529254,25501.279119954954,308.57914434003715,217.1171715579174,2364.4627336977965,0.03793817254816317,295.3874576057277,1.0446589264189992,0.7087468584642533,1.3569699349930187,1.4615633013064238,0.0,259.39305161651413,264.5056983382824,0.0,0.0
58.804754554257485,25455.040362526335,307.8874647964646,217.15483191963727,2381.5690829991786,0.038206019506614286,295.4130749165637,1.0422269389512437,0.7075605660438029,1.3569699349930187,1.4628384377634196,0.0,259.2414017819241,264.33115421614076,0.0,0.0
58.95476668322243,25408.905502714533,307.19396745039603,217.19240820309344,2398.760587427321,0.03847515432545616,295.4386328218998,1.0397894294196208,0.7063781082260796,1.3569699349930187,1.4640634616006196,0.0,259.0895968337752,264.15644638976465,0.0,0.0
59.10477881218737,25362.87480765146,306.4987254610084,217.229900187047,2416.0372040198176,0.03874557599935274,295.46413118669335,1.0373466458686407,0.7051996487589026,1.3569699349930187,1.4652390657251622,0.0,258.9376598197144,263.981600720831,0.0,0.0
59.254790941152315,25316.948533657025,305.80181097522353,217.2673076590612,2433.3988872721206,0.039017283485415714,295.48956988189803,1.034898832799571,0.7040253471237361,1.3569699349930187,1.4663659414451418,0.0,258.7856133490084,263.8066425785565,0.0,0.0
59.404803070117254,25271.12692631585,305.10329512828343,217.30463041543956,2450.845589189217,0.03929027570403033,295.51494878441883,1.032446231174787,0.7028553585715025,1.3569699349930187,1.467444778146892,0.0,258.6334795946677,263.63159684208546,0.0,0.0
59.5548151990822,25225.41022053065,304.40324803398914,217.3418682611833,2468.3772593472886,0.03956455153983624,295.54026777708043,1.0299890783870909,0.7016898341426989,1.3569699349930187,1.4684762628494161,0.0,258.48128029286113,263.45648789983943,0.0,0.0
59.70482732804714,25179.798640808098,303.7017387996569,217.37902100975896,2485.993844866578,0.039840109841318534,295.56552674846614,1.027527608313113,0.7005289207284618,1.3569699349930187,1.4694610800342243,0.0,258.32903674890946,263.28133965626324,0.0,0.0
59.85483945701208,25134.292400187725,302.9988585450962,217.41608848397163,2503.6952909115153,0.0401169494286442,295.59072559350915,1.025062129187959,0.6993727975183905,1.3569699349930187,1.4704002115569392,0.0,258.176776033588,263.1061824773739,0.0,0.0
60.00485158597703,25088.89170134803,302.29460119093454,217.45367857772024,2521.5547749080665,0.040396129373670105,295.61627752698087,1.0225911905792946,0.6982208228953741,1.3569699349930187,1.4713306003955264,0.0,258.0251069760112,262.9316253053866,0.0,0.0
60.15486371494197,25043.59677152044,301.5886851655915,217.49788167369837,2540.312690657334,0.04068836633296994,295.6463218352255,1.0200995679346823,0.6970660058383987,1.3569699349930187,1.4726216431299521,0.0,257.88004713850734,262.7636768960759,0.0,0.0
60.30487584390691,24998.407869858256,300.8809745822831,217.54198192258542,2559.166015699709,0.04098203177291917,295.67629319732885,1.0176026333686508,0.6959155776680375,1.3569699349930187,1.4738606788858968,0.0,257.7348474862267,262.59558420128985,0.0,0.0
60.45488797287185,24953.32526775342,300.17149850800604,217.5859790551391,2578.114689113293,0.041277124317050745,295.7061914525169,1.0151004854972951,0.6947696271830496,1.3569699349930187,1.4750478158931328,0.0,257.58951888055384,262.42735942849873,0.0,0.0
60.6049001018368,24908.349223190173,299.4603343239508,217.62987281519747,2597.1586476875596,0.0415736425563923,295.7360164489141,1.0125933862224727,0.6936283162949896,1.3569699349930187,1.476183805720233,0.0,257.444084978155,262.25902912627424,0.0,0.0
60.754912230801736,24863.47998381997,298.7475566904563,217.67366295667898,2616.297824737008,0.041871585031011044,295.76576804149994,1.01008158810501,0.6924917998964999,1.3569699349930187,1.4772693761489943,0.0,257.29856853637693,262.09061883388995,0.0,0.0
60.90492435976668,24818.71778603442,298.0332342814617,217.71734924448802,2635.5321505858305,0.04217095023758535,295.79544609272074,1.0075653233283366,0.6913602210288523,1.3569699349930187,1.4783051879228333,0.0,257.15299055745606,261.9221521219254,0.0,0.0
61.05493648873163,24774.062854092288,297.3175542200367,217.76038658531832,2654.1268003642144,0.04246008850926227,295.8246803738241,1.0050464817348104,0.6902344588011614,1.3569699349930187,1.4788889693699434,0.0,257.00685828873816,261.75314256755973,0.0,0.0
61.204948617696566,24729.51528756676,296.60213732955873,217.80169748836303,2670.6041679217165,0.04271558602013592,295.85273920798664,1.0025330105902628,0.6891180535381733,1.3569699349930187,1.4782418169736407,0.0,256.8595237003524,261.58299407791384,0.0,0.0
61.35496074666151,24685.074959568054,295.8878494817495,217.84290951912504,2687.144026486212,0.042972005468659584,295.8807282356545,1.000024067961903,0.6880105902218341,1.3569699349930187,1.477583193872051,0.0,256.7128413500583,261.41358866212676,0.0,0.0
61.50497287562645,24640.741834118755,295.1720541410255,217.64775390942526,2706.3259581004104,0.043317563441290015,295.74816545881725,0.9980520206544714,0.6871449761309092,1.3569699349930187,1.480402485028537,0.0,256.3298492859311,261.0078805378815,0.0,0.0
61.654985004591396,24596.51643134423,294.4514402672032,217.4039493082083,2726.1384249132707,0.04368361609260691,295.5824734952294,0.9961735443422884,0.6863244124802022,1.3569699349930187,1.4838579541522008,0.0,255.89740332604325,260.5526211765301,0.0,0.0
61.804997133556334,24552.399506847036,293.72584072688403,217.16073935616978,2746.0470803266803,0.04405191310325312,295.4170930682832,0.9942750355985386,0.6854990420329259,1.3569699349930187,1.4872119679443474,0.0,255.46471276998307,260.09701572460864,0.0,0.0
61.95500926252128,24508.39180132861,292.99531741717544,216.91812816150625,2766.0515758649367,0.04442245255570995,295.2520274973628,0.9923566652553892,0.6846690640236812,1.3569699349930187,1.4904641385768933,0.0,255.03180746621422,259.64109714348774,0.0,0.0
62.10502139148622,24464.49402492511,292.26036323134696,216.6734120077807,2785.4968237143485,0.04478526536624222,295.08543623387493,0.9904262540415959,0.683837962914724,1.3569699349930187,1.4932933550357816,0.0,254.59612119219472,259.18231583849257,0.0,0.0
62.255033520451164,24420.706768776752,291.52198627918256,216.42316227890697,2803.533474572426,0.04512737938998032,294.91498065254393,0.9884950084059688,0.6830106043559946,1.3569699349930187,1.4952958359470343,0.0,254.15449496303324,258.71754543266434,0.0,0.0
62.40504564941611,24377.030503438727,290.78069708776957,216.173543455239,2821.6410021953993,0.0454712949886054,294.7448566025445,0.9865505387932164,0.6821817254727293,1.3569699349930187,1.4972195356170892,0.0,253.7132318090538,258.2531057119108,0.0,0.0
62.55505777838105,24333.465646095523,290.036653300621,215.92455794710108,2839.819096633324,0.045817009883482154,294.57506630242034,0.9845933565974656,0.681351627466398,1.3569699349930187,1.4990659694643216,0.0,253.27238049062876,257.7890510419618,0.0,0.0
62.705069907345994,24290.012607600056,289.28987897783,215.6762081286946,2858.0674417361543,0.04616452164591037,294.40561195004886,0.982623520868594,0.6805204172970336,1.3569699349930187,1.50083487712594,0.0,252.8319550220879,257.3253968448497,0.0,0.0
62.85508203631093,24246.671708625356,288.5422523715989,215.71747574315373,2876.7721642837846,0.04645775772078172,294.43377647565967,0.9799903252453518,0.6794159560040375,1.3569699349930187,1.50013297117896,0.0,252.68142380701,257.1516703785857,0.0,0.0
63.00509416527588,24203.442856851714,287.7960919874299,215.7927410821768,2895.5966282830213,0.04674544917467408,294.48513700003275,0.9772856277883998,0.6782894447146278,1.3569699349930187,1.4991362822741876,0.0,252.56576132414912,257.01291798012056,0.0,0.0
63.15510629424082,24160.325827706543,287.0513571438361,215.86074419463733,2914.7655258090617,0.047040081004489157,294.5315341316937,0.9746031371142997,0.6771801306847312,1.3569699349930187,1.498333229619425,0.0,252.4436943388051,256.86786480830096,0.0,0.0
63.30511842320576,24117.3204572538,286.3072667475328,215.90590886040602,2934.8835585329975,0.04735484874327784,294.5623450199858,0.9719751067574748,0.6761010140259791,1.3569699349930187,1.4981583441111501,0.0,252.29944522739697,256.70070888275677,0.0,0.0
63.45513055217071,24074.426690194603,285.56344797706925,215.95095692561677,2955.0879717990324,0.04767090403185254,294.59307315455084,0.9693488204566696,0.6750302031450033,1.3569699349930187,1.497954982130416,0.0,252.1556400235204,256.53406464996453,0.0,0.0
63.605142681135646,24031.64447612979,284.82000771529897,215.99588843848582,2975.378662083763,0.04798824489608166,294.62371859416555,0.9667246380378123,0.6739678280791804,1.3569699349930187,1.4977245708478661,0.0,252.01230526854934,256.3679618552564,0.0,0.0
63.75515481010059,23988.973747325163,284.07706312450443,216.0407034654507,2995.7555293027867,0.048306869418736575,294.65428140993845,0.9641029540286284,0.6729140286228055,1.3569699349930187,1.4974686849807397,0.0,251.86946983312174,256.20243285271533,0.0,0.0
63.90516693906553,23946.414466988448,283.33410359761166,216.07884045538069,3017.1825231016232,0.048643794984750154,294.68028746182665,0.9614966309353665,0.6718738977976914,1.3569699349930187,1.4977173345907722,0.0,251.7204427228586,256.03077099370284,0.0,0.0
64.05517906803047,23903.966673721392,282.59063057161234,216.11515947570052,3038.9606842693624,0.04898667432620385,294.70505168593655,0.9588930659823423,0.6708423280456133,1.3569699349930187,1.4980657170765153,0.0,251.5699589317506,255.8576961464148,0.0,0.0
64.20519119699541,23861.630446581432,281.8466917711952,216.15079058260653,3060.754281711067,0.04932984422129579,294.729344832354,0.956289886680654,0.6698183658430023,1.3569699349930187,1.4983373754804896,0.0,251.41916147686416,255.6843528953446,0.0,0.0
64.35520332596036,23819.405813236597,281.10305989509294,216.17143574828495,3080.5174499025234,0.049643623454737315,294.7434197077046,0.9537212405754851,0.6688152938188431,1.3569699349930187,1.497675581575869,0.0,251.25394612343547,255.49666044215118,0.0,0.0
64.5052154549253,23777.29265637352,280.36047117785984,216.19202668120587,3100.3558091374694,0.04995856690652585,294.7574569403451,0.951156500290342,0.6678209882328885,1.3569699349930187,1.4969956302574126,0.0,251.08942725482754,255.30975526204264,0.0,0.0
64.65522758389025,23735.290819891154,279.61890987251934,216.2125634555422,3120.269242815378,0.050274672585083925,294.77145658621475,0.9485956106836837,0.6668353948833617,1.3569699349930187,1.4962973455625328,0.0,250.9255989719008,255.12363073349502,0.0,0.0
64.80523971285518,23693.40014745288,278.8784082075485,216.23304614559171,3140.2576312763586,0.050591938451587395,294.7854187013129,0.9460386793761941,0.6658585221934312,1.3569699349930187,1.4955812049904995,0.0,250.76246730014884,254.93829360171168,0.0,0.0
64.95525184182013,23651.620478138815,278.13899210949927,216.2534748279028,3160.3208538976473,0.05091036245325035,294.7993433431478,0.943485792591282,0.6648903693416336,1.3569699349930187,1.4948476017404078,0.0,250.60003662907047,254.75374877777935,0.0,0.0
65.10526397078507,23609.951647187758,277.40068693187067,216.27384958091184,3180.4587888030464,0.05122994251871156,294.81323057048957,0.9409370345933116,0.6639309338565045,1.3569699349930187,1.4940969224786693,0.0,250.43831114389866,254.57000094358776,0.0,0.0
65.25527609975002,23568.39348609674,276.6635174664344,216.2941704848947,3200.671312873037,0.05155067655819449,294.8270804433365,0.9383924877267407,0.6629802116624408,1.3569699349930187,1.4933295474267274,0.0,250.27729483046295,254.38705455728578,0.0,0.0
65.40528822871495,23526.945822667127,275.9275079483127,216.31443762194414,3220.9583017802292,0.05187256246406913,294.8408930228998,0.9358522324339924,0.6620381971169931,1.3569699349930187,1.4925458503779665,0.0,250.11699147849944,254.20491385699458,0.0,0.0
65.5553003576799,23485.60848109455,275.19268206610724,216.3346510759261,3241.3196300030972,0.052195598111069115,294.85466837157327,0.9333163472904957,0.6611048830540931,1.3569699349930187,1.491746198775958,0.0,249.957404686151,254.02358286585712,0.0,0.0
65.70531248664484,23444.381282090002,274.45906297591733,216.3548109324204,3261.755170823451,0.05251978135625068,294.86840655289285,0.930784909052932,0.6601802608314361,1.3569699349930187,1.4909309538411646,0.0,249.79853786535648,253.8430653980866,0.0,0.0
65.85532461560979,23403.26404292042,273.72667330598017,216.37491727870108,3282.2647963626987,0.052845110039566955,294.8821076315232,0.9282579926755736,0.6592643203654683,1.3569699349930187,1.4901004705898244,0.0,249.64039424494192,253.6633650624335,0.0,0.0
66.00533674457473,23362.25657747669,272.9955351643819,216.3949702037032,3302.84837760443,0.053171581984224905,294.89577167323455,0.9257356713370593,0.6583570501697725,1.3569699349930187,1.489255097890686,0.0,249.4829768744206,253.4844852664497,0.0,0.0
66.15534887353967,23321.358696395757,272.2656701533818,216.41496979796318,3323.5057843890418,0.053499194996598866,294.9093987448622,0.9232180164896325,0.6574584374009208,1.3569699349930187,1.4883951786020018,0.0,249.326288629331,253.3064292224787,0.0,0.0
66.30536100250461,23280.570205193464,271.5371305224966,216.43491615453198,3344.236886421062,0.05382794688220257,294.9229889149282,0.9207052034889781,0.6565685051496988,1.3569699349930187,1.4875214757058608,0.0,249.1703397254148,253.12920837045291,0.0,0.0
66.45537313146956,23239.890909334998,270.80981259728003,216.45640197638437,3365.3126880472596,0.054161800652060985,294.9376272774851,0.9181935011042013,0.6556859072797221,1.3569699349930187,1.4867387864727961,0.0,249.01669536325142,252.954384584941,0.0,0.0
66.6053852604345,23199.320649153175,270.083392316694,216.48281213448848,3387.3181417812484,0.05450930866146718,294.95561961153754,0.9156746790327279,0.6548077766403286,1.3569699349930187,1.4862682370452598,0.0,248.86866033006902,252.78525296821925,0.0,0.0
66.75539738939945,23158.859302231744,269.35772572006204,216.50915172749848,3409.4081138332567,0.05485810968858016,294.97356277894033,0.9131588715356319,0.6539376633518087,1.3569699349930187,1.485774831018881,0.0,248.72120355545349,252.61677807575578,0.0,0.0
66.90540951836438,23118.506758420295,268.6328197294726,216.53542082443008,3431.5824419578344,0.055208200974708445,294.99145683567616,0.9106461000974461,0.6530755497281638,1.3569699349930187,1.4852586691241074,0.0,248.57432530264254,252.44896019427674,0.0,0.0
67.05542164732933,23078.262900121703,267.90870797102696,216.56161949915764,3453.84096371167,0.055559579760146145,295.00930184099894,0.908136476711577,0.6522214485541233,1.3569699349930187,1.4847202201432543,0.0,248.4280321760614,252.2818067179815,0.0,0.0
67.20543377629427,23038.127605771446,267.18542284930464,216.5877478281493,3476.1835146367134,0.05591224325548222,295.0270978558904,0.9056301092037811,0.6513753700085533,1.3569699349930187,1.4841599382424133,0.0,248.28233040807652,252.11532462370204,0.0,0.0
67.35544590525922,22998.10074897522,266.46299610407334,216.61380589102856,3498.609928810129,0.056266188650282586,295.044844943442,0.9031271031193662,0.6505373223550464,1.3569699349930187,1.483578270718723,0.0,248.13722599543814,251.94952062377817,0.0,0.0
67.50545803422415,22958.182198226084,265.74147642587695,216.63979377075867,3521.1200390863078,0.05662141311690671,295.0625431689799,0.9006276214249566,0.6497073317199948,1.3569699349930187,1.4829758996718447,0.0,247.99272885851136,251.78440582826417,0.0,0.0
67.6554701631891,22918.371828234962,265.0202483234686,216.46931721793905,3543.8186541130804,0.057031297106953954,294.9464261253045,0.8985369031421248,0.6490183553957297,1.3569699349930187,1.4840388708996417,0.0,247.6522981636774,251.42342167633325,0.0,0.0
67.80548229215404,22878.66985444225,264.29607100764093,216.17207064141886,3566.6699280995826,0.057477973018675826,294.743852536481,0.8966974840465198,0.6484161683717442,1.3569699349930187,1.486119142139547,0.0,247.184867199273,250.9354094099759,0.0,0.0
67.95549442111898,22839.076741550423,263.56893156150966,215.87563541621617,3589.6055743637244,0.057927022864100446,294.5416931319196,0.8948442197059762,0.6478132126417142,1.3569699349930187,1.488114597297934,0.0,246.7180200066328,250.4479533929786,0.0,0.0
68.10550655008393,22799.59292415372,262.8389366338296,215.5800148264974,3612.625071557164,0.0583784420519231,294.33995100703555,0.8929774423572795,0.6472096799516172,1.3569699349930187,1.490025985429388,0.0,246.25179049812857,249.96109124174467,0.0,0.0
68.25551867904886,22760.218821302755,262.10620910695536,215.28521204012787,3635.727894770717,0.0588322258584814,294.13862918451935,0.8910975407535833,0.6466057780280312,1.3569699349930187,1.4918543115657599,0.0,245.78621599375458,249.47486440646674,0.0,0.0
68.40553080801381,22720.95483380395,261.37087037320754,214.99123008844379,3658.9135173468967,0.059288369462845235,293.9377306002164,0.8892049000973511,0.6460017108321754,1.3569699349930187,1.4936005931774317,0.0,245.32133303186046,248.9893134776755,0.0,0.0
68.55554293697875,22681.801344414827,260.63304033138104,214.6980718677043,3682.181411031519,0.059746867949498086,293.73725810378073,0.8872999020073116,0.645397678531376,1.3569699349930187,1.4952658593305652,0.0,244.8571773717617,248.50447818899045,0.0,0.0
68.7055550659437,22642.758717962064,259.8928376792716,214.40574013996692,3705.531046171653,0.06020771631196603,293.5372144589377,0.885382925494878,0.6447938777902082,1.3569699349930187,1.4968511540184257,0.0,244.39378406428094,248.02039749608605,0.0,0.0
68.85556719490863,22603.82728064042,259.15084830355767,214.12668447302198,3727.247125039117,0.06063948476904578,293.3461284049809,0.8834302661932026,0.6441829936868924,1.3569699349930187,1.4975694155487405,0.0,243.9437421758026,247.54967733565263,0.0,0.0
69.00557932387358,22565.007211377335,258.40811607978026,213.85135810690704,3748.6215599268994,0.06106574960852798,293.15747395756364,0.8814652159173211,0.6435724672742613,1.3569699349930187,1.4980433568630782,0.0,243.4977479988685,247.0830433938624,0.0,0.0
69.15559145283852,22526.298609933077,257.66474168348515,213.57681897552933,3770.0569282481506,0.061493880698109155,292.96923796425216,0.8794941867409477,0.6429643502320911,1.3569699349930187,1.4984619463326556,0.0,243.0528839710841,246.6175810716831,0.0,0.0
69.30560358180347,22487.701548033987,256.92148381261916,213.5394371030997,3792.315057826588,0.06186776447248408,292.9435979673919,0.8770339601045577,0.6422112982781675,1.3569699349930187,1.4971321712842054,0.0,242.84569447282666,246.3898558353094,0.0,0.0
69.45561571076841,22449.21573792447,256.1818446347963,213.7055900765904,3815.300124732306,0.06219434964709278,293.05754409866387,0.8741690831495789,0.6413427773852943,1.3569699349930187,1.4943584044814828,0.0,242.8433535181685,246.36713801497285,0.0,0.0
69.60562783973334,22410.840576632392,255.44627665185564,213.87126734733476,3838.3580974940687,0.06252175398629772,293.1711199003504,0.8713214205365197,0.6404884222830752,1.3569699349930187,1.4916211238609447,0.0,242.84194606676564,246.34552412065835,0.0,0.0
69.75563996869829,22372.575457403662,254.71472674368573,214.0364715177161,3861.4889819597984,0.06284997710186188,293.28432758565043,0.868490753803744,0.6396480066829564,1.3569699349930187,1.4889195053771027,0.0,242.84145472929575,246.3249943453404,0.0,0.0
69.90565209766324,22334.419781420915,253.9871429952241,214.2012051560258,3884.6927819983434,0.063179018579536,293.3971693396076,0.8656768692312558,0.638821309364487,1.3569699349930187,1.4862527464635442,0.0,242.84186253552994,246.30552935589304,0.0,0.0
70.05566422662818,22296.372957532374,253.26347465098425,214.36547079763108,3907.9694995791883,0.06350887798026209,293.50964731999125,0.8628795576687479,0.6380081140120641,1.3569699349930187,1.4836200652093627,0.0,242.8431529195199,246.28711027634438,0.0,0.0
70.20567635559313,22258.434402082836,252.5436720878313,214.52927094570197,3931.3191347937973,0.06383955484054506,293.62176365787315,0.8600986144272812,0.6372082090748453,1.3569699349930187,1.4810206997826756,0.0,242.8453097086977,246.2697186755704,0.0,0.0
70.35568848455806,22220.60353882646,251.82768679621893,214.69260807158494,3954.741685828738,0.06417104867214046,293.7335204579604,0.8573338392008987,0.6364213876388307,1.3569699349930187,1.4784539079663856,0.0,242.84831711470122,246.25333655696542,0.0,0.0
70.505700613523,22182.879798723352,251.11547134515612,214.85548461567856,3978.2371490121077,0.06450335896277896,293.8449197992709,0.8545850359322061,0.6356474472863315,1.3569699349930187,1.4759189664986063,0.0,242.85215972122444,246.2379463447172,0.0,0.0
70.65571274248795,22145.262619711575,250.40697934635236,215.01790298841505,4001.8055188787466,0.06483648517715307,293.95596373587756,0.8518520126754278,0.6348861899587651,1.3569699349930187,1.4734151704162677,0.0,242.8568224720001,246.22353087021781,0.0,0.0
70.8057248714529,22107.751446635066,249.7021654400758,215.17986557056915,4025.44678814092,0.06517042675656468,294.06665429719243,0.8491345815351081,0.6341374218441704,1.3569699349930187,1.4709418326803545,0.0,242.8622906631326,246.21007336343172,0.0,0.0
70.95573700041783,22070.345731114983,249.00098527052822,215.34137471381086,4049.1609476953745,0.06550518311908668,294.17699348841467,0.8464325585689774,0.6334009532575688,1.3569699349930187,1.4684982836738292,0.0,242.8685499334799,246.19755744204775,0.0,0.0
71.10574912938277,22033.044931291413,248.3033954456778,215.50243274181844,4072.9479867152354,0.06584075366092,294.28698329136023,0.8437457636372718,0.6326765985101143,1.3569699349930187,1.466083870516686,0.0,242.87558625232873,246.18596709752921,0.0,0.0
71.25576125834772,21995.848542397125,247.6083405329335,215.47653502761722,4099.9743282336685,0.06628561053693606,294.2692999894251,0.8414344973866849,0.6320598390905986,1.3569699349930187,1.4663070767445499,0.0,242.69665626836598,245.98853010836072,0.0,0.0
71.40577338731266,21958.756590624813,246.91040791093025,215.0505312286282,4124.573117166889,0.06681540323712477,293.97826630192117,0.8398934078254229,0.631651865914952,1.3569699349930187,1.468757527879733,0.0,242.1174182445341,245.39076065582245,0.0,0.0
71.55578551627761,21921.769604155754,246.20896304634232,214.62572803048297,4149.249541899785,0.06734818248931171,293.6877656453966,0.8383357832604407,0.6312421700703023,1.3569699349930187,1.4711147053015436,0.0,241.53904549371265,244.79381592331868,0.0,0.0
71.70579764524254,21884.888098379517,245.50413553244567,214.20213139449672,4174.002883021926,0.06788394351414376,293.39780368583257,0.836762008604976,0.6308309367952645,1.3569699349930187,1.4733794421932345,0.0,240.9615787908067,244.1977408959467,0.0,0.0
71.85580977420749,21848.112570480273,244.79606060896293,213.77974707304145,4198.832418998122,0.06842268136601705,293.10838596544266,0.8351724902126283,0.6304183550840448,1.3569699349930187,1.4755526914729926,0.0,240.3850596359789,243.6025813970395,0.0,0.0
72.00582190317243,21811.443497595003,244.08487209882605,213.35858058837746,4223.737427714583,0.06896439096561477,292.8195178874319,0.8335676318976085,0.6300046112686412,1.3569699349930187,1.4776354272028696,0.0,239.80952868097881,243.00838232674226,0.0,0.0
72.15583403213738,21774.881336317656,243.3707093501133,212.9386372269435,4248.717187151965,0.06950906711388538,292.53120471128574,0.8319478586577063,0.6295898950247424,1.3569699349930187,1.4796287426414614,0.0,239.23502722426994,242.415189338644,0.0,0.0
72.30584616110232,21738.426525370665,242.65368008396672,212.5199220700258,4273.770973892408,0.07005670445883862,292.2434515730475,0.8303134895849477,0.6291743669166376,1.3569699349930187,1.4815333205990042,0.0,238.66158921552233,241.8230398736217,0.0,0.0
72.45585829006725,21702.079482440273,241.93393465916722,212.09711995585934,4298.678074764007,0.0706054552493092,291.95260197999465,0.8286753843548383,0.6287608372754082,1.3569699349930187,1.4833179519969524,0.0,238.08393726912442,241.2266611145347,0.0,0.0
72.6058704190322,21665.840598931838,241.21171043976085,211.6658685069634,4323.252327196034,0.0711537605009552,291.6556412112631,0.8270428421613735,0.6283516486971928,1.3569699349930187,1.4849585375182806,0.0,237.49776505494006,240.6217535093499,0.0,0.0
72.75588254799715,21629.71023432042,240.48715549753032,211.2359035807751,4347.893123769934,0.07170496529258993,291.35926502836094,0.825397316519594,0.6279421726618287,1.3569699349930187,1.4865159954163663,0.0,236.9128448187588,240.0180937044936,0.0,0.0
72.90589467696209,21593.688729269772,239.7603864227653,210.80722927519818,4372.599766460135,0.07225906433445854,291.0634780460632,0.8237391651893242,0.6275325677217887,1.3569699349930187,1.4879913196883894,0.0,236.32920997860433,239.4157186638273,0.0,0.0
73.05590680592702,21557.776406974077,239.0315232067601,210.37984948028858,4397.371557949586,0.07281605222770762,290.7682847507251,0.8220687597056233,0.6271229937204567,1.3569699349930187,1.489385586894133,0.0,235.7468941790809,238.81466563033086,0.0,0.0
73.20591893489197,21521.973572677387,238.30068424940237,209.953767872522,4422.207802268664,0.07337592347841515,290.4736894955716,0.8203864682657785,0.6267136074670646,1.3569699349930187,1.4906998842097046,0.0,235.16593021598135,238.21497092135078,0.0,0.0
73.35593106385691,21486.280505116236,237.5684593519048,209.70738558695842,4446.8454281531585,0.07387141438644793,290.30320296218963,0.8183459807808141,0.6262212320277246,1.3569699349930187,1.4903857848368296,0.0,234.7648474888945,237.79517944818667,0.0,0.0
73.50594319282186,21450.697054297678,236.84018980550817,209.90820554944946,4470.884094728562,0.0741996918755301,290.4421697607411,0.8154469786553762,0.6255295703364515,1.3569699349930187,1.4862014541382917,0.0,234.81227490247431,237.8240562860896,0.0,0.0
73.6559553217868,21415.22238949301,236.11811901640206,210.10841379398303,4494.978890967174,0.07452848946976826,290.5806470964551,0.8125734503510319,0.6248531094867784,1.3569699349930187,1.48209423731697,0.0,234.86086117112856,237.85430610386797,0.0,0.0
73.80596745075174,21379.855610821876,235.40166766906367,210.29589223174594,4520.500200469541,0.07488482339287258,290.71025984658115,0.8097466797122814,0.6241965183076795,1.3569699349930187,1.478601548513313,0.0,234.8983551909762,237.87366171142216,0.0,0.0
73.95597957971668,21344.595931906864,234.69018248425303,210.47962408432196,4546.450393029272,0.07524896034382915,290.8372263619223,0.8069468459041105,0.6235548483663128,1.3569699349930187,1.4753054411177715,0.0,234.9335933193453,237.89094170500576,0.0,0.0
74.10599170868163,21309.44262150484,233.98352467787547,210.66280369193828,4572.470883560243,0.07561382284001086,290.96375609828874,0.8041672537346366,0.6229263471236489,1.3569699349930187,1.4720595787268194,0.0,234.96973164947872,237.90929755245054,0.0,0.0
74.25600383764657,21274.394960788526,233.28162177138367,210.8454347820818,4598.561710497726,0.07597941114914489,291.0898521983069,0.80140760665356,0.6223107632098533,1.3569699349930187,1.4688627656454207,0.0,235.00674980822012,237.9287059659815,0.0,0.0
74.4060159666115,21239.452241825627,232.58440242324818,211.02752102568448,4624.722909835148,0.07634572550369503,291.2155177581911,0.7986676129545168,0.6217078512403751,1.3569699349930187,1.4657138318577247,0.0,235.0446278422144,237.94914413523293,0.0,0.0
74.55602809557645,21204.613767327748,231.89179699841122,211.20906603842724,4650.954515160631,0.0767127661015128,291.34075582878904,0.795946987707707,0.6211173720954484,1.3569699349930187,1.46261164080481,0.0,235.08334632993385,237.97058985266514,0.0,0.0
74.7060402245414,21169.87885022674,231.20373749386545,211.39007338294383,4677.256557829267,0.0770805331083814,291.46556941724435,0.7932454524770584,0.6205390926966846,1.3569699349930187,1.4595550879239554,0.0,235.12288636044607,237.99302148949806,0.0,0.0
74.85605235350634,21135.246813414004,230.52015934519687,211.57054657017497,4703.6290670198805,0.07744902665893438,291.5899614880669,0.7905627414907792,0.6199727871444648,1.3569699349930187,1.4565431261276294,0.0,235.1632298967666,238.01641840284216,0.0,0.0
75.00606448247129,21100.716990313173,229.84097481516395,211.75045699202195,4730.072507823969,0.07781826584922054,291.7139128747891,0.7878985700411808,0.6194182299429363,1.3569699349930187,1.4535747681282716,0.0,235.2043222643537,238.04072276580223,0.0,0.0
75.15607661143622,21066.288732435973,229.16604928202185,211.9181090139281,4756.747857204041,0.0781952131525572,291.82937130520173,0.7852741081443609,0.6188795723317786,1.3569699349930187,1.4507875025491006,0.0,235.23443248551678,238.05419932645486,0.0,0.0
75.30608874040117,21031.961412216777,228.49522404860934,212.08527131136148,4783.495062727813,0.0785729262350485,291.9444470109287,0.7826667929054867,0.6183519364767067,1.3569699349930187,1.448037607413071,0.0,235.26528937993135,238.06857208450288,0.0,0.0
75.45610086936611,20997.734420954457,227.82840241891276,212.24667653666046,4810.309662670428,0.07895329201519431,292.05551648091506,0.7800859410707301,0.6178370203942317,1.3569699349930187,1.4453626719963575,0.0,235.2915987110993,238.0785435516383,0.0,0.0
75.60611299833106,20963.607292167435,227.16309214857907,211.96296972291313,4836.81757898364,0.07949463493640156,291.86025818833133,0.7783282779185218,0.617490536087962,1.3569699349930187,1.4459743959020341,0.0,234.8734956872426,237.6441872802541,0.0,0.0
75.756125127296,20929.580028123546,226.49694282195284,211.68009008523936,4863.393645522848,0.08003823775367465,291.6654390447334,0.7765642153687414,0.6171462071818286,1.3569699349930187,1.446529202421892,0.0,234.45644413056854,237.2109096007677,0.0,0.0
75.90613725626093,20895.652752245674,225.8300407580353,211.3980386762381,4890.0372830617425,0.08058409321154819,291.4710606563526,0.7747940404426333,0.6168041261158435,1.3569699349930187,1.4470280634818369,0.0,234.04046389182528,236.77873263728728,0.0,0.0
76.05614938522588,20861.825571634192,225.16246099454673,211.1168164127769,4916.747917229972,0.08113219408412994,291.277124538078,0.7730180025349425,0.6164643760606497,1.3569699349930187,1.4474718079037039,0.0,233.62557222769078,236.34767562255084,0.0,0.0
76.20616151419082,20828.09858185591,224.49428388675895,210.83642411579777,4943.524975038774,0.08168253310441279,291.0836321406062,0.7712363702343742,0.616127041970074,1.3569699349930187,1.447861357480183,0.0,233.2117871823146,235.9177586836019,0.0,0.0
76.35617364315577,20794.471866595755,223.82558843906463,210.5568625074161,4970.367885397393,0.08223510297512472,290.89058484820174,0.7694494084635489,0.6157922061157557,1.3569699349930187,1.4481976312559726,0.0,232.7991262428768,235.48900133510887,0.0,0.0
76.5061857721207,20760.945503110997,223.1563673597096,210.27813225626048,4997.276074971499,0.08278989628356707,290.6979840097946,0.7676570861674455,0.615459894198187,1.3569699349930187,1.4484803139128177,0.0,232.38758955645247,235.06140366107255,0.0,0.0
76.65619790108565,20727.51952982645,222.48734067872914,210.11433149142343,5024.400247196035,0.0833041541713024,290.5847391654322,0.765653906387924,0.6150926691858685,1.3569699349930187,1.4478872867444756,0.0,232.09141843670992,234.7492242912326,0.0,0.0
76.8062100300506,20694.19384378605,221.81944064740316,209.96383336794693,5051.606963845417,0.08381527353593955,290.48065228214307,0.7636289677288061,0.6147259414939971,1.3569699349930187,1.4471743405969213,0.0,231.8091693127479,234.4510418189928,0.0,0.0
76.95622215901554,20660.968267243676,221.15261193410495,209.81378577114035,5078.878895770397,0.08432802788749531,290.37683984718785,0.7616055469523242,0.6143639940431679,1.3569699349930187,1.4464345252755495,0.0,231.52797719971826,234.15398970304858,0.0,0.0
77.10623428798048,20627.842639354236,220.4869060359298,209.66418798871922,5106.21564141488,0.08484241104698656,290.27330166195776,0.7595838293550717,0.6140068492253957,1.3569699349930187,1.4456686344254095,0.0,231.2478495645088,233.8580763994385,0.0,0.0
77.25624641694542,20594.816788841585,219.8223608247294,209.5150392612189,5133.6168047015735,0.08535841691407778,290.170037494111,0.7575639536152684,0.6136545197133809,1.3569699349930187,1.4448772702828871,0.0,230.96879104878766,233.56330720301827,0.0,0.0
77.40625854591036,20561.890538787487,219.1590132897044,209.36633880361993,5161.081991278392,0.08587603939680478,290.06704709249556,0.7555460555980347,0.6133070164766588,1.3569699349930187,1.4440610269174814,0.0,230.69080601102345,233.2696870942859,0.0,0.0
77.55627067487531,20529.063706806766,218.4968995535499,209.21808580613808,5188.6108085177275,0.08639527241177274,289.96433018766544,0.7535302684028008,0.6129643488237098,1.3569699349930187,1.443220490295019,0.0,230.41389853339913,232.97722074703594,0.0,0.0
77.70628280384025,20496.336106068175,217.8360724584241,209.07027943883392,5216.202864797288,0.08691610987078643,289.86188649504606,0.7515167830184776,0.6126265345449476,1.3569699349930187,1.442356494574228,0.0,230.1380758309818,232.6859163492608,0.0,0.0
77.85629493280518,20463.70750057255,217.17724821878147,209.06809572626582,5243.872837719735,0.08737807943986088,289.8603727057617,0.7492478057331379,0.612251199133886,1.3569699349930187,1.4403821331846387,0.0,230.00864978009662,232.54110220656145,0.0,0.0
78.00630706177013,20431.17750429084,216.52149534053507,209.08901593790753,5271.607988460054,0.08783143844837371,289.8748746522074,0.7469481292585917,0.6118765639809298,1.3569699349930187,1.438244707653613,0.0,229.9033035663728,232.42048592336022,0.0,0.0
78.15631919073508,20398.745638929446,215.86896396727994,209.10987325350217,5299.405785409883,0.08828577695776445,289.88933227674255,0.7446599096002637,0.6115095691950561,1.3569699349930187,1.4361220478882788,0.0,229.79889378411085,232.30092692560436,0.0,0.0
78.30633131970002,20366.41142562974,215.2195419941568,209.1306679790916,5327.266085977344,0.08874109257974741,289.90374579812084,0.7423827567375705,0.6111500671789045,1.3569699349930187,1.4340126269083162,0.0,229.69539371580902,232.1823952276915,0.0,0.0
78.45634344866497,20334.17440013067,214.57322820099608,209.15140041134785,5355.188737659802,0.08919738276500042,289.9181154285382,0.7401166632303325,0.6107979736231414,1.3569699349930187,1.4319165337236355,0.0,229.5927980465008,232.06488483600987,0.0,0.0
78.6063555776299,20302.034097619224,213.93000306565756,209.1720708473156,5383.173590989937,0.08965464501476123,289.9324413803867,0.7378615585310953,0.6104531951263424,1.3569699349930187,1.4298335911572784,0.0,229.4910980135002,231.94838589223212,0.0,0.0
78.75636770659484,20269.99005621901,213.2898473274939,209.1926795821686,5411.220496538239,0.09011287683182644,289.9467238647001,0.7356173730282355,0.6101156395268937,1.3569699349930187,1.4277636259836368,0.0,229.39028497189526,231.83288867027426,0.0,0.0
78.90637983555979,20238.04181692341,212.65274197784436,209.21322690925243,5439.329304956079,0.09057207572124865,289.960963091184,0.7333840380126323,0.6097852158781054,1.3569699349930187,1.425706468792622,0.0,229.2903503915225,231.71838357289903,0.0,0.0
79.05639196452474,20206.188923771875,212.01866344843862,209.23371311997082,5467.499866804613,0.09103223918753521,289.975159268138,0.7311614690842758,0.60946183203479,1.3569699349930187,1.4236618837278556,0.0,229.19128494977807,231.60486011482942,0.0,0.0
79.20640409348968,20174.43092416852,211.38760247345655,209.25645857377006,5495.722439190412,0.09149219061935004,289.99092020180825,0.728945590180373,0.6091448308748305,1.3569699349930187,1.421610262537462,0.0,229.09540215431076,231.49463097509016,0.0,0.0
79.35641622245461,20142.767359765894,210.75963547474672,209.28824008128373,5523.968568208673,0.09194846413614575,290.01294102438624,0.7267249341712121,0.6088325649173839,1.3569699349930187,1.4194959738580246,0.0,229.0094880449995,231.3944833097017,0.0,0.0
79.50642835141956,20111.197765079305,210.1347839503822,209.31992758326544,5552.2756800882125,0.09240565552607385,290.03489504774404,0.7245155239537329,0.6085272636380099,1.3569699349930187,1.4173967183987672,0.0,228.92441139826872,231.29528575428003,0.0,0.0
79.6564404803845,20079.721673148106,209.51302256458672,209.35152154562977,5580.64364607572,0.0928637626390591,290.0567826098121,0.7223172672587567,0.6082288326283075,1.3569699349930187,1.4153122287622213,0.0,228.84016278087537,231.19702767842435,0.0,0.0
79.80645260934945,20048.3386224266,208.8943313695588,209.3830224288827,5609.072335509295,0.0933227832953629,290.0786040446265,0.7201300904544546,0.6079371812479275,1.3569699349930187,1.4132423159789929,0.0,228.75673383510093,231.0996996579814,0.0,0.0
79.95646473831438,20017.04815394914,208.27868903219237,209.41443069096687,5637.561618331773,0.09378271532617069,290.10035968430196,0.7179539151859343,0.6076522193592298,1.3569699349930187,1.4111867712889878,0.0,228.67411601351668,231.00329205645514,0.0,0.0
80.10647686727933,19985.849800904827,207.6662000366128,209.44574679772586,5666.111374645588,0.09424355672779845,290.1220498662808,0.7157890968036643,0.6073739132162346,1.3569699349930187,1.40914722428459,0.0,228.59232404851258,230.90782133156472,0.0,0.0
80.25648899624427,19954.74325281461,207.05389656008262,208.95090939206773,5694.7910662522545,0.09494489883445982,289.7791254078599,0.714523160592252,0.6072135548716213,1.3569699349930187,1.410901984091794,0.0,227.98474578827216,230.28660872096208,0.0,0.0
80.40650112520922,19923.728768803627,206.4385471065779,208.37481911756538,5723.541696067677,0.0956880538533489,289.379380414015,0.7133837483901802,0.6070707309194542,1.3569699349930187,1.4131736744590448,0.0,227.29568921157943,229.58389052933043,0.0,0.0
80.55651325417416,19892.806842693226,205.81993322514847,207.8004425159684,5752.351304749514,0.09643552291807919,288.98027402587576,0.712228313572431,0.6069273569020215,1.3569699349930187,1.415355554711627,0.0,226.60808592942644,228.8825941432998,0.0,0.0
80.7065253831391,19861.977952740326,205.1981765019585,207.22355592139806,5781.313703986967,0.09719088133362577,288.5788679761218,0.7110644585345641,0.6067844226722667,1.3569699349930187,1.4175026258939463,0.0,225.91773980911915,228.1785267599104,0.0,0.0
80.85653751210404,19831.242515938182,204.57477710256944,207.04304132262283,5810.529587450979,0.09776720172704459,288.45314856188077,0.7092131880775182,0.6065601362475305,1.3569699349930187,1.4167334809703411,0.0,225.62381055278507,227.87088166664125,0.0,0.0
81.00654964106899,19800.60041231473,203.95406571699021,207.0331543251534,5839.823592796617,0.09826479125581573,288.4462611785139,0.7070782088964811,0.6063061585512631,1.3569699349930187,1.4147235542964198,0.0,225.50134077966482,227.73479666048365,0.0,0.0
81.15656177003393,19770.051200616155,203.33631609132013,207.0232972056507,5869.176090572554,0.09876339833843906,288.43939444473085,0.7049533455121794,0.6060583626038094,1.3569699349930187,1.4127239563986542,0.0,225.37977774744485,227.59972443891823,0.0,0.0
81.30657389899886,19739.594437542633,202.7215145357119,207.01346982193616,5898.586906971481,0.0992630200476779,288.43254826295737,0.7028385518783244,0.605816672263837,1.3569699349930187,1.4107346200117779,0.0,225.25911397581768,227.46565663419872,0.0,0.0
81.45658602796381,19709.229681992467,202.10964597853896,207.00367203253242,5928.055868936973,0.0997636534685344,288.42572253609427,0.700733777145159,0.6055810116218618,1.3569699349930187,1.4087554573434806,0.0,225.13934179031565,227.33258466085283,0.0,0.0
81.60659815692875,19678.95649508256,201.5006954720916,206.9939036966701,5957.582804140618,0.10026529569786682,288.4189171675219,0.6986389708794803,0.6053513056168897,1.3569699349930187,1.4067863823852653,0.0,225.02045359509924,227.2005000214599,0.0,0.0
81.7566102858937,19648.774440180314,200.89464819630328,206.98416467429797,5987.167540946943,0.1007679438437995,288.4121320611076,0.696554083077679,0.6051274800274342,1.3569699349930187,1.4048273109566374,0.0,224.90244187290727,227.06939430659355,0.0,0.0
81.90662241485865,19618.68308289282,200.29148945704358,206.97445482607984,6016.809908419107,0.10127159502582513,288.40536712120354,0.6944790641599615,0.6049094614604982,1.3569699349930187,1.4028781606786924,0.0,224.78529918402194,226.939259193662,0.0,0.0
82.05663454382358,19588.681990988352,199.69120467598856,206.96477401336898,6046.50973639176,0.10177624637604844,288.39862225262897,0.6924138649354045,0.6046971773377645,1.3569699349930187,1.400938850838354,0.0,224.66901816373036,226.8100864440659,0.0,0.0
82.20664667278852,19558.77073440629,199.0937793916918,206.9551220982116,6076.266855457494,0.10228189503896189,288.3918973606729,0.6903584366057908,0.6044905558862135,1.3569699349930187,1.3990093023980628,0.0,224.55359152183436,226.68186790264807,0.0,0.0
82.35665880175347,19528.94888528929,198.4991992632898,206.9454989433572,6106.081096930449,0.10278853817083282,288.3851923511013,0.6883127307785702,0.6042895261296625,1.3569699349930187,1.39708943803952,0.0,224.43901204263432,226.55459549767448,0.0,0.0
82.50667093071841,19499.216017898856,197.90745005960235,206.9359044122315,6135.9522929258865,0.1032961729410613,288.3785071301386,0.6862766994292375,0.6040940178754216,1.3569699349930187,1.3951791820175181,0.0,224.32527258230354,226.42826123789422,0.0,0.0
82.65668305968336,19469.571708599044,197.3185176569449,206.92633836893114,6165.880276372923,0.10380479653240254,288.3718416044637,0.6842502948938777,0.6039039617043379,1.3569699349930187,1.3932784601271138,0.0,224.21236606785155,226.30285721137795,0.0,0.0
82.80669518864829,19440.015535901934,196.73238804456122,206.91680067823847,6195.864880964588,0.10431440614012369,288.3651956812209,0.6822334698881033,0.6037192889634106,1.3569699349930187,1.3913871997697813,0.0,224.10028549745132,226.1783755858832,0.0,0.0
82.95670731761324,19410.5470804125,196.1490473174169,206.90729120560388,6225.905941208856,0.10482499897287688,288.35856926800716,0.6802261774822145,0.6035399317543743,1.3569699349930187,1.3895053298549773,0.0,223.98902393852163,226.05480860670656,0.0,0.0
83.10671944657818,19381.16592478093,195.56848167003113,206.8978098171304,6256.0032924733705,0.10533657225346518,288.351962272862,0.6782283710799526,0.6033658229230024,1.3569699349930187,1.3876327807151758,0.0,223.8785745260201,225.93214859477254,0.0,0.0
83.25673157554313,19351.87165373761,194.9906774006859,206.8883563795851,6286.156770945822,0.10584912321817491,288.3453746042752,0.6762400044331935,0.6031968960517853,1.3569699349930187,1.385769484156075,0.0,223.7689304625846,225.8103879467905,0.0,0.0
83.40674370450806,19322.663854086357,194.41562091031918,206.87893076039694,6316.36621363625,0.10636264911682045,288.3388061711855,0.6742610316382299,0.6030330854509858,1.3569699349930187,1.3839153734374452,0.0,223.6600850177357,225.68951913436092,0.0,0.0
83.556755833473,19293.542114630698,193.84329869304173,206.8695328276331,6346.631458448866,0.1068771472139708,288.3322568829645,0.6722914071030343,0.6028743261475151,1.3569699349930187,1.3820703831445356,0.0,223.5520315256249,225.56953470145405,0.0,0.0
83.70676796243795,19264.50602619359,193.27369733850202,206.86016245000533,6376.952344157915,0.10739261478854509,288.3257266494205,0.6703310855555611,0.602720553877483,1.3569699349930187,1.3802344492141942,0.0,223.44476338488,225.45042726423617,0.0,0.0
83.8567800914029,19235.5551816793,192.7068109070677,206.85081949689015,6407.328710338223,0.10790904913263746,288.3192153808136,0.6683800476237406,0.6025717070021638,1.3569699349930187,1.378407618825102,0.0,223.33827532005765,225.33219092507358,0.0,0.0
84.00679222036784,19206.689138876794,192.14331527481912,206.9917051349486,6437.757740978957,0.10834772436309248,288.4173854594293,0.6661987971659471,0.60241025441042,1.3569699349930187,1.375560335229479,0.0,223.38287971175538,225.36515151425573,0.0,0.0
84.15680434933277,19177.907308401074,191.58412228944684,207.14662653557087,6468.241893313398,0.1087793587843269,288.52529719418936,0.6640115239548748,0.602253611359464,1.3569699349930187,1.372656494456019,0.0,223.4425337624244,225.41328437828702,0.0,0.0
84.30681647829772,19149.209043100138,191.02918062921592,207.30109952994562,6498.781534160684,0.10921151677359835,288.63285641783256,0.6618414237382491,0.6021033989294855,1.3569699349930187,1.3697959502761161,0.0,223.5027381885513,225.46208840575275,0.0,0.0
84.45682860726266,19120.593710722384,190.4784290245746,207.45512750918513,6529.376763560956,0.10964419985127212,288.7400658842111,0.6596882508884624,0.6019594780117682,1.3569699349930187,1.3669777794731086,0.0,223.5634797337084,225.5115483269499,0.0,0.0
84.60684073622761,19092.0606873244,189.9318057803138,207.60871381983753,6560.02768034804,0.11007740951508217,288.84692831081003,0.6575517589577415,0.6018217127275215,1.3569699349930187,1.3642010581520367,0.0,223.62474519219734,225.561648934429,0.0,0.0
84.75685286519256,19063.609358204667,189.38925055503466,207.7618617588578,6590.734380995211,0.11051114722394711,288.9534463753508,0.6554317068397858,0.6016899707677446,1.3569699349930187,1.3614648877337643,0.0,223.686521702033,225.61237541201848,0.0,0.0
84.90686499415749,19035.239117530302,188.85070429773359,207.9145745756139,6621.496959851832,0.1109454144014723,289.05962271729095,0.6533278585312321,0.6015641232725399,1.3569699349930187,1.358768393763717,0.0,223.74879673083385,225.66371331876599,0.0,0.0
85.05687712312243,19006.94936822559,188.3161092280269,208.0668554724839,6652.315509104142,0.11138021243554676,289.16545993834114,0.6512399830470127,0.601444044724462,1.3569699349930187,1.3561107253356364,0.0,223.81155806788612,225.71564857997072,0.0,0.0
85.20688925208738,18978.739521853146,187.78540880886948,208.21870760549268,6683.190118746086,0.1118155426780816,289.2709606030071,0.6491678543100788,0.6013296128436014,1.3569699349930187,1.3534910544194054,0.0,223.874793815151,225.76816747702597,0.0,0.0
85.35690138105232,18950.60899772629,187.2585756020345,208.36956892167433,6713.9091013727275,0.11224817028924795,289.3757348007624,0.6471122249796224,0.6012207589583918,1.3569699349930187,1.3508701448339873,0.0,223.9379318514215,225.82069667111887,0.0,0.0
85.50691351001726,18922.557212621043,186.73528960937927,208.31374601607376,6743.950296883765,0.11278063584807232,289.3369698398583,0.6453903547574068,0.6011331563677518,1.3569699349930187,1.349506420457814,0.0,223.79522028489447,225.6674771973211,0.0,0.0
85.6569256389822,18894.58388700894,186.21210536211677,208.01312278763376,6774.831826437892,0.11346081317066141,289.12811944083495,0.6440470256654571,0.6010670772584854,1.3569699349930187,1.3498999700213494,0.0,223.4079683651985,225.26974880986745,0.0,0.0
85.80693776794715,18866.689087497314,185.688399611689,207.7133408351728,6805.767753267772,0.11414340936902641,288.9197031592591,0.642698983770357,0.6010027617682616,1.3569699349930187,1.350248765826829,0.0,223.02171478646392,224.87303775807777,0.0,0.0
85.95694989691209,18838.872886105102,185.16422609737788,207.41440095479885,6836.757450205594,0.11482841565102722,288.711722489351,0.6413464077621842,0.6009402389891603,1.3569699349930187,1.3505534019458019,0.0,222.63646990798338,224.4773555577714,0.0,0.0
86.10696202587704,18811.135348155924,184.63964918456128,207.11630387062988,6867.800291542147,0.1155158231690712,288.504178877532,0.6399895138535914,0.6008795386700356,1.3569699349930187,1.3508146433178547,0.0,222.25224565980037,224.08271549418393,0.0,0.0
86.25697415484197,18783.4765293781,184.11473211185375,206.81905020362342,6898.895656466031,0.1162056230966251,288.29707370050403,0.6386285151930485,0.6008206892023108,1.3569699349930187,1.351033251856037,0.0,221.86905356514694,223.68913040901737,0.0,0.0
86.40698628380692,18755.896476161317,183.58953700529855,206.5226404743309,6930.042929019823,0.1168978066280735,288.09040826689943,0.6372636218947396,0.6007637176341928,1.3569699349930187,1.351209986273881,0.0,221.4869047479267,223.29661270849505,0.0,0.0
86.55699841277186,18728.39522561942,183.06412487563307,206.22707510356767,6961.241498270542,0.11759236498334642,287.8841838174833,0.6358950410130713,0.6007086496831315,1.3569699349930187,1.3513456017212562,0.0,221.1058099353624,222.90517436624822,0.0,0.0
86.7070105417368,18700.972800327756,182.53880154454657,206.05,6992.796022105129,0.11822691245331908,287.7605626365434,0.6343426627751719,0.600648680167569,1.3569699349930187,1.350716481683635,0.0,220.84346490915237,222.63251719538601,0.0,0.0
86.85702267070174,18673.629029935757,182.01596013958365,206.09482112968365,7022.366563359882,0.11870103986515822,287.79185856513953,0.6324569466525951,0.6005793993623052,1.3569699349930187,1.3482202043292901,0.0,220.80366228927582,222.58248057600022,0.0,0.0
87.00703479966668,18646.363396742294,181.49707665196317,206.15345892777344,7051.386081150904,0.1191576623832981,287.8327967134779,0.630564267603715,0.6005137959497833,1.3569699349930187,1.345554109413894,0.0,220.7785569249361,222.54724770623017,0.0,0.0
87.15704692863163,18619.17532693325,180.9817599985013,206.23321776016118,7083.423193109691,0.11965274815603696,287.8884712286078,0.6286523361846834,0.600451526002862,1.3569699349930187,1.343343814057703,0.0,220.77538486291184,222.53404637066126,0.0,0.0
87.30705905759658,18592.06431590757,180.46969797683005,206.31275121053747,7115.514714496604,0.12014850111587436,287.9439776998523,0.6267528128855275,0.6003936421485084,1.3569699349930187,1.3411580460082846,0.0,220.77274476061055,222.52146858417382,0.0,0.0
87.45707118656152,18565.029879178408,179.96084627323125,206.39206069446223,7147.660642852208,0.12064492124663875,287.99931721200903,0.6248655309858048,0.6003400620471633,1.3569699349930187,1.3389962418468184,0.0,220.77062651289808,222.50950284837504,0.0,0.0
87.60708331552645,18538.071537779942,179.45516985491008,206.47114761136282,7179.860974810139,0.12114200851708436,288.0544908374967,0.6229903562105826,0.6002907060632792,1.3569699349930187,1.3368579788779087,0.0,220.76902158519906,222.49813942731777,0.0,0.0
87.7570954444914,18511.18881794222,178.95263435650378,206.55001334548686,7212.115706391457,0.12163976288547187,288.109499637038,0.6211271567995825,0.6002454962149387,1.3569699349930187,1.3347428451476708,0.0,220.76792162379215,222.4873687896164,0.0,0.0
87.90710757345634,18484.38125106916,178.45320602036526,206.62865926596578,7244.424832942707,0.12213818429864409,288.1643446597212,0.6192758032958299,0.6002043561259848,1.3569699349930187,1.332650438470969,0.0,220.767318443949,222.47718159514355,0.0,0.0
88.05711970242129,18457.648373536376,177.95685166685405,206.7070867274071,7276.788349292425,0.12263727269447126,288.21902694342987,0.6174361684379098,0.6001672109833873,1.3569699349930187,1.3305803659511874,0.0,220.76720402353942,222.46756868779036,0.0,0.0
88.20713183138623,18430.989726627835,177.46353868475458,206.7852970700792,7309.206249744045,0.12313702800176927,288.27354751498854,0.6156081271228243,0.6001339874977553,1.3569699349930187,1.3285322437785028,0.0,220.76757049951414,222.45852109150144,0.0,0.0
88.35714396035117,18404.404856539026,176.97323502936007,206.86329161990116,7341.678527988865,0.12363745013898622,288.3279073901717,0.6137915563958087,0.6001046138653003,1.3569699349930187,1.3265056971335645,0.0,220.76841016545526,222.45003000753044,0.0,0.0
88.50715608931611,18377.893314219487,176.48590919928535,206.94107168890386,7374.2051772154555,0.12413853901591682,288.38210757404113,0.6119863353657375,0.6000790197295249,1.3569699349930187,1.3245003598053113,0.0,220.7697154663021,222.4420868084722,0.0,0.0
88.65716821828106,18351.45465588565,176.0015224344946,207.01863857372447,7406.786189395682,0.12464029452273521,288.43614905991313,0.6101923181547403,0.600057135842152,1.3569699349930187,1.3225157561064247,0.0,220.77147777552617,222.43468166773704,0.0,0.0
88.807180347246,18325.088439363175,175.5201218228155,207.09652748833398,7438.534492147483,0.1251274721372209,288.4904047201297,0.6084088723612526,0.6000388900239133,1.3569699349930187,1.320391827763773,0.0,220.7742358535142,222.42835377459863,0.0,0.0
88.95719247621093,18298.794197860996,175.04194882832005,207.17456749404104,7469.726186537053,0.12560483235226896,288.5447553954888,0.6066370833474408,0.6000242279814485,1.3569699349930187,1.3181849511457289,0.0,220.77785246264463,222.42296996708484,0.0,0.0
89.10720460517588,18272.571444707013,174.56704277507876,207.24747197181398,7500.995102033262,0.12608625537087662,288.59552020371916,0.6048847974211524,0.6000131236852151,1.3569699349930187,1.3160425789683459,0.0,220.7770429681104,222.4132458503513,0.0,0.0
89.25721673414083,18246.419742569105,174.09437900681826,207.16557556847718,7533.303316733305,0.12667939181916615,288.53849352380445,0.6033662159966031,0.6000062322755747,1.3569699349930187,1.3150678608364605,0.0,220.62197948431253,222.24933388288986,0.0,0.0
89.40722886310577,18220.338833859074,173.62320451727177,207.0839001919252,7565.662930396207,0.12727372622791192,288.48160952344944,0.6018518989965587,0.6000018862414414,1.3569699349930187,1.3140861700848203,0.0,220.46756500533124,222.08612267790159,0.0,0.0
89.55724099207072,18194.32849722478,173.15348221283105,207.00244515439348,7598.073685732606,0.12786925420620246,288.424867807928,0.6003417234055556,0.6000000642261872,1.3569699349930187,1.3130970428130146,0.0,220.3137912709304,221.92360305937115,0.0,0.0
89.70725312103565,18168.388514720165,172.68523269310776,206.92120977874708,7630.535321829053,0.12846597128887322,288.3682679893992,0.5988357661441996,0.6,1.3569699349930187,1.3120992581046649,0.0,220.16065894556178,221.76177585399546,0.0,0.0
89.8572652500006,18142.518663902847,172.21847221498027,206.84019337373314,7663.0475840354575,0.12906387311826378,288.31180966966843,0.5973340891318277,0.6,1.3569699349930187,1.3110895114341057,0.0,220.00816798692546,221.600641097956,0.0,0.0
90.00727737896554,18116.718720082714,171.75321769491828,206.7593952410226,7695.610221267199,0.1296629553948461,288.2554924450874,0.5958367566149229,0.6,1.3569699349930187,1.3100680801842564,0.0,219.8563184251511,221.4401989094787,0.0,0.0
90.15728950793049,18090.98845607395,171.28948598032315,206.67881467443323,7728.222986406416,0.13026321388477974,288.1993159060095,0.5943438326418021,0.6,1.3569699349930187,1.3090353842972997,0.0,219.7051102500521,221.2804493625475,0.0,0.0
90.30730163689542,18065.32764220168,170.82729330492958,206.59845095995055,7760.885636386723,0.13086464442165466,288.1432796368003,0.5928553791719678,0.6,1.3569699349930187,1.3079918373304011,0.0,219.55454332890753,221.1213923947404,0.0,0.0
90.45731376586036,18039.736046419144,170.36665530096428,206.51830337609448,7793.597932136534,0.1314672429056312,288.08738321608956,0.5913714561153658,0.6,1.3569699349930187,1.306937846491912,0.0,219.40461741015233,220.96302781132164,0.0,0.0
90.60732589482531,18014.21343437903,169.90758700610803,206.43837119414263,7826.3596385777155,0.13207100530359697,288.03162621692354,0.5898921213538771,0.6,1.3569699349930187,1.3058738126119749,0.0,219.25533212609983,220.80535528826647,0.0,0.0
90.75733802379025,17988.759569499656,169.45010287069434,206.3586536783374,7859.170524628914,0.1326759276494084,287.9760082069059,0.5884174307637021,0.6,1.3569699349930187,1.3048001301205452,0.0,219.10668699565647,220.64837437527922,0.0,0.0
90.9073501527552,17963.374213093448,168.99421677191776,206.27915008628833,7892.030363126057,0.13328200604260368,287.92052874847553,0.5869474382618595,0.6,1.3569699349930187,1.3037171871215432,0.0,218.95868142825572,220.49208450015428,0.0,0.0
91.05736228172013,17938.057124443887,168.53994202178282,206.19985966921294,7924.9389308062055,0.1338892366482802,287.86518739907183,0.5854821958312499,0.6,1.3569699349930187,1.3026253653861484,0.0,218.81131472664853,220.3364849718748,0.0,0.0
91.20737441068508,17912.80806085027,168.0872913719846,206.1207816720768,7957.896008331036,0.13449761569770194,287.8099837112296,0.5840217535352519,0.6,1.3569699349930187,1.3015250403087182,0.0,218.66458608910554,220.18157498306434,0.0,0.0
91.35738653965002,17887.626777754558,167.63627702860387,206.04191533399072,7990.901380201369,0.1351071394868944,287.754917232854,0.582566159566097,0.6,1.3569699349930187,1.3004165809978936,0.0,218.518494613315,220.0273536143081,0.0,0.0
91.50739866861497,17862.513028823123,167.1869106612122,205.96325988846684,8023.95483472708,0.13571780437625838,287.699987507397,0.5811154602740943,0.6,1.3569699349930187,1.2993003502951135,0.0,218.37303929926338,219.8738198373512,0.0,0.0
91.65741079757991,17837.466565990715,166.7392034076643,205.88481456355603,8057.056164044783,0.1363296067910641,287.6451940739514,0.5796697001820823,0.6,1.3569699349930187,1.2981767047375896,0.0,218.2282190513271,219.72097251742628,0.0,0.0
91.80742292654485,17812.48713955751,166.2931658857788,205.80657858215213,8090.205164063331,0.13694254322061067,287.59053646746133,0.5782289220236341,0.6,1.3569699349930187,1.2970459946182749,0.0,218.08403268152568,219.56881041686364,0.0,0.0
91.95743505550979,17787.57449829108,165.8488082054926,205.7285511623109,8123.401634399965,0.13755661021720897,287.5360142189435,0.5767931667829529,0.6,1.3569699349930187,1.2959085640552894,0.0,217.94047891282125,219.41733219875118,0.0,0.0
92.10744718447474,17762.72838947209,165.40613997402744,205.65073151739347,8156.645378388542,0.13817180439649474,287.4816268555856,0.5753624737107741,0.6,1.3569699349930187,1.294764750968219,0.0,217.7975563811769,219.2665364292241,0.0,0.0
92.25745931343968,17737.948558955628,164.9651703034729,205.57311885625822,8189.936203065438,0.13878812243732788,287.4273739008796,0.5739368803486398,0.6,1.3569699349930187,1.2936148870906308,0.0,217.65526363799478,219.11642158017494,0.0,0.0
92.40747144240461,17713.234751292362,164.5259078259128,205.4957123836403,8223.273919072515,0.139405561080154,287.37325487488545,0.5725164225792095,0.6,1.3569699349930187,1.2924592980895293,0.0,217.51359915381568,218.96698603335446,0.0,0.0
92.55748357136956,17688.586709777155,164.08836069929745,205.41851130030386,8256.658340654896,0.14002411712711738,287.3192692943366,0.5711011346447546,0.6,1.3569699349930187,1.2912983035596601,0.0,217.37256132039698,218.81822808268254,0.0,0.0
92.7074957003345,17664.004176486596,163.65253661216613,205.34151480315973,8290.089285672026,0.1406437874424196,287.26541667272147,0.5696910491617366,0.6,1.3569699349930187,1.2901322170041811,0.0,217.23214845256535,218.6701459363107,0.0,0.0
92.85750782929945,17639.486892401288,163.21844279941024,205.26472208564832,8323.56657549185,0.14126456895050973,287.2116965205505,0.5682861971734904,0.6,1.3569699349930187,1.2889613459718676,0.0,217.09235879191334,218.52273772071948,0.0,0.0
93.0075199582644,17615.034581129577,162.78645064400635,205.28196871439178,8357.076499898962,0.141821371268102,287.2237622311269,0.5667582980582688,0.6,1.3569699349930187,1.287201013800915,0.0,217.04707958630812,218.46989693386354,0.0,0.0
93.15753208722933,17590.646869313117,162.35721785713872,205.3214404754594,8390.629296299494,0.1423633956481746,287.25137469718175,0.5652095417412518,0.6,1.3569699349930187,1.2853154395280098,0.0,217.02458902232482,218.43991293680196,0.0,0.0
93.30754421619427,17566.323338840022,161.93076016219555,205.36080865920692,8424.228228010592,0.14290606636895545,287.2789120621363,0.5636708904243244,0.6,1.3569699349930187,1.2834458768011359,0.0,217.00255749603224,218.41045601745265,0.0,0.0
93.45755634515922,17542.063575657496,161.50705226802503,205.40007393342086,8457.873345166829,0.1434493842636893,287.30637481462344,0.5621422510107303,0.6,1.3569699349930187,1.2815921975681601,0.0,216.98097889563414,218.38151924412844,0.0,0.0
93.60756847412416,17517.867168995603,161.0860708503488,205.4392369606009,8491.564698946826,0.14399335018127782,287.3337634393334,0.5606235373183351,0.6,1.3569699349930187,1.2797543017953772,0.0,216.9598474437105,218.35309606059556,0.0,0.0
93.75758060308911,17493.733711593533,160.6677927351814,205.47829839759328,8525.30234120433,0.14453796498032112,287.36107841676085,0.5591146637547215,0.6,1.3569699349930187,1.2779320887208985,0.0,216.9391574334205,218.32517999041883,0.0,0.0
93.90759273205404,17469.66279968143,160.25219490152426,205.51725889561976,8559.08632443515,0.14508322952858577,287.38832022322856,0.557615545325741,0.6,1.3569699349930187,1.2761254569283864,0.0,216.91890322807555,218.29776463647914,0.0,0.0
94.05760486101899,17445.65403287428,159.83925447052735,205.55611910044917,8592.916701868167,0.14562914470447527,287.41548933101024,0.5561260975967928,0.6,1.3569699349930187,1.2743343042225563,0.0,216.89907925893783,218.27084367848545,0.0,0.0
94.20761698998393,17421.707014217813,159.42894871500593,205.59487965232267,8626.793527344094,0.14617571139507507,287.4425862082815,0.5546462367252825,0.6,1.3569699349930187,1.2725585277977625,0.0,216.87968002568866,218.2444108735085,0.0,0.0
94.35762911894888,17397.821350215858,159.02125506813073,205.6335411859092,8660.716855218505,0.1467229304945905,287.469611319092,0.5531758794901515,0.6,1.3569699349930187,1.2707980243979595,0.0,216.8607000967986,218.21846005640134,0.0,0.0
94.50764124791381,17373.99665069441,158.616151109138,205.6721043305252,8694.686740496752,0.1472708029065265,287.4965651235217,0.5517149432411105,0.6,1.3569699349930187,1.2690526901421706,0.0,216.84213410691706,218.1929851368464,0.0,0.0
94.65765337687876,17350.232528803976,158.21361456593652,205.71056971013036,8728.703238774757,0.14781932954273455,287.52344807768145,0.5502633459069789,0.6,1.3569699349930187,1.2673224205912041,0.0,216.82397675645188,218.16798009888493,0.0,0.0
94.8076655058437,17326.528601096976,157.8136233306608,205.74893794320215,8762.766406070983,0.14836851132070633,287.55026063362783,0.5488210060492121,0.6,1.3569699349930187,1.2656071110072054,0.0,216.80622281284607,218.14343900236327,0.0,0.0
94.95767763480865,17302.884487405896,157.41615544733483,205.78720964293274,8796.87629894348,0.148918349165465,287.57700323950405,0.547387842817992,0.6,1.3569699349930187,1.2639066562064545,0.0,216.78886710825498,218.1193559803053,0.0,0.0
95.10768976377359,17279.299810796638,157.0211891078544,205.82538541730403,8831.032974501393,0.14946884400975385,287.6036763395951,0.5459637759374389,0.6,1.3569699349930187,1.2622209505292505,0.0,216.77190453829738,218.0957252375034,0.0,0.0
95.25770189273852,17255.77419764433,156.62870266657833,205.8634658689648,8865.236490239247,0.15001999679136893,287.63028037424493,0.5445487257557992,0.6,1.3569699349930187,1.2605498880844506,0.0,216.75533006321447,218.0725410518324,0.0,0.0
95.40771402170347,17232.3072775776,156.23867463708888,205.90145159532054,8899.486904060424,0.1505718084535422,287.656815779922,0.543142613233342,0.6,1.3569699349930187,1.2588933627341339,0.0,216.7391387067466,218.04979777297967,0.0,0.0
95.55772615066842,17208.898683380416,155.85108368171774,205.93934318869205,8933.784274364583,0.15112427994635452,287.6832829893329,0.5417453599050335,0.6,1.3569699349930187,1.2572512679692793,0.0,216.72332555409378,218.02748982014,0.0,0.0
95.70773827963336,17185.54805103573,155.46590862058295,205.97714123624442,8968.12865992879,0.15167741222482445,287.70968243137565,0.5403568879113569,0.6,1.3569699349930187,1.2556234970711904,0.0,216.70788575237097,218.0056116825341,0.0,0.0
95.85775040859829,17162.25501974856,155.0831284392397,206.01484631994956,9002.520119817164,0.1522312062474584,287.7360145311161,0.5389771200242603,0.6,1.3569699349930187,1.2540099432554512,0.0,216.69281451089614,217.9841579197364,0.0,0.0
96.00776253756324,17139.019231815302,154.7027222743551,206.0524590167972,9036.958713517812,0.1527856629784614,287.762279709938,0.5376059795964021,0.6,1.3569699349930187,1.2524104994909633,0.0,216.6781070987018,217.96312315885987,0.0,0.0
96.15777466652818,17115.840332624946,154.3246694159319,206.08997989879285,9071.44450088688,0.15334078338684037,287.78847838554464,0.536243390568215,0.6,1.3569699349930187,1.2508250585593739,0.0,216.66375884413895,217.9425020941126,0.0,0.0
96.30778679549313,17092.717970729704,153.94894932160187,206.12740953284307,9105.977541988508,0.1538965684438334,287.8146109718809,0.5348892775170558,0.6,1.3569699349930187,1.2492535132969496,0.0,216.6497651360228,217.92228948809569,0.0,0.0
96.45779892445807,17069.651797727696,153.57554160418155,206.16474848094512,9140.557897214048,0.15445301912483514,287.8406778792685,0.5335435656130474,0.6,1.3569699349930187,1.2476957564402464,0.0,216.63612142141648,217.90248016929613,0.0,0.0
96.607811053423,17046.641468217964,153.20442602752541,206.2019973002595,9175.18562729593,0.15501013640962474,287.86667951445935,0.532206180603928,0.6,1.3569699349930187,1.246151680590906,0.0,216.6228232044603,217.8830690307656,0.0,0.0
96.75782318238795,17023.686639870153,152.83558252002908,206.23915654299697,9209.86079314911,0.15556792127982064,287.89261628055897,0.5308770488614643,0.6,1.3569699349930187,1.2446211784448964,0.0,216.60986604742703,217.86405103131725,0.0,0.0
96.9078353113529,17000.78697336979,152.4689911709355,206.2762267565066,9244.583455898557,0.1561263747193298,287.9184885770909,0.5295560973678547,0.6,1.3569699349930187,1.2431041427670122,0.0,216.59724556963215,217.8454211942932,0.0,0.0
97.05784744031784,16977.94213232443,152.10463221991762,206.3132084834277,9279.353676968003,0.15668549771578097,287.94429680010467,0.5282432536787175,0.6,1.3569699349930187,1.2416004662625795,0.0,216.58495744551536,217.827174605396,0.0,0.0
97.20785956928279,16955.151783303732,151.7424860654118,206.35010226162464,9314.171517966523,0.15724529125870665,287.9700413421333,0.5269384459514961,0.6,1.3569699349930187,1.2401100417281719,0.0,216.57299740506,217.80930641316633,0.0,0.0
97.35787169824772,16932.415595859155,151.38253327139935,206.38690862415453,9349.037040604511,0.1578057563381993,287.9957225921729,0.5256416029684241,0.6,1.3569699349930187,1.238632762181741,0.0,216.56136123402857,217.79181182925117,0.0,0.0
97.50788382721267,16909.73324239932,151.0247545532271,206.4236280994689,9383.950306831268,0.15836689394713002,288.0213409358259,0.5243526540864101,0.6,1.3569699349930187,1.2371685206779701,0.0,216.55004477161663,217.7746861257494,0.0,0.0
97.65789595617761,16887.104398190513,150.6691307795231,206.46026121141264,9418.911378782703,0.15892870508031423,288.04689675530255,0.5230715292430919,0.6,1.3569699349930187,1.235717210361477,0.0,216.53904391009195,217.7579246348077,0.0,0.0
97.80790808514256,16864.52874142146,150.31564298538342,206.49680847911864,9453.920318628854,0.1594911907320683,288.07239042935004,0.52179815900215,0.6,1.3569699349930187,1.2342787246928,0.0,216.5283545958384,217.74152274980295,0.0,0.0
97.95792021410749,16842.00595309131,149.96427235999528,206.53327041718921,9488.977188694378,0.16005435189815315,288.097822333381,0.5205324745095076,0.6,1.3569699349930187,1.232852957289669,0.0,216.51797282726477,217.72547592297678,0.0,0.0
98.10793234307243,16819.53571696666,149.61500024244796,206.56964753576523,9524.082051474506,0.1606181895760374,288.1231928395244,0.5192744074781194,0.6,1.3569699349930187,1.2314398018880472,0.0,216.50789465372048,217.70977966421137,0.0,0.0
98.25794447203738,16797.117719645936,149.2678081342716,206.60594034042165,9559.234969483472,0.1611827047624698,288.1485023165547,0.5180238902310473,0.6,1.3569699349930187,1.2300391525575256,0.0,216.49811617646998,217.6944295421345,0.0,0.0
98.40795660100233,16774.75165050637,148.92267769544807,206.64214933225318,9594.436005285308,0.16174789845398166,288.17375112995387,0.5167808556869234,0.6,1.3569699349930187,1.228650903668001,0.0,216.48863354765564,217.6794211829466,0.0,0.0
98.55796872996727,16752.437201614895,148.57959073416558,206.67827500801823,9629.685221583448,0.16231377164833327,288.19893964201407,0.5155452373236471,0.6,1.3569699349930187,1.2272749497593096,0.0,216.47944296850866,217.66475026839802,0.0,0.0
98.7079808589322,16730.17406776517,148.23852921453647,206.71431786007886,9664.982681112497,0.16288032534278324,288.22406821179777,0.5143169692046858,0.6,1.3569699349930187,1.2259111856823144,0.0,216.47054068974623,217.65041253624128,0.0,0.0
98.85799298789715,16707.961946494685,147.8994752626529,206.75027837637268,9700.32844656013,0.16344756053284284,288.2491371951205,0.5130959859995604,0.6,1.3569699349930187,1.224559506717135,0.0,216.4619230117752,217.6364037804629,0.0,0.0
99.0080051168621,16685.800537966647,147.5624111526906,206.7861570406039,9735.722580704469,0.16401547821448909,288.2741469446861,0.5118822229348399,0.6,1.3569699349930187,1.223219808387134,0.0,216.45358628249733,217.62271984880005,0.0,0.0
99.15801724582704,16663.689544970035,147.22731930857813,206.82195433224314,9771.165146365427,0.16458407938339106,288.2990978100886,0.5106756157993989,0.6,1.3569699349930187,1.221891986506774,0.0,216.44552689698935,217.60935664238204,0.0,0.0
99.30802937479197,16641.628672979365,146.89418231621153,206.85767072643029,9806.656206259411,0.16515336503258682,288.3239901377468,0.5094761009863689,0.6,1.3569699349930187,1.220575937393413,0.0,216.4377412984662,217.5963101168217,0.0,0.0
99.45804150375692,16619.617630048404,146.5629829112776,206.89330669414642,9842.195823120097,0.16572333615442933,288.34882427102576,0.5082836154501523,0.6,1.3569699349930187,1.2192715577063766,0.0,216.43022597632338,217.58357628000027,0.0,0.0
99.60805363272186,16597.656126769463,146.23370397509032,206.92886270227945,9877.784059716369,0.16629399374088188,288.37360055028506,0.5070980966913816,0.6,1.3569699349930187,1.2179787444053802,0.0,216.42297746514214,217.57115119094425,0.0,0.0
99.75806576168681,16575.743876333116,145.90632854627313,206.96433921352732,9913.4209787074,0.1668653387812018,288.3983193128129,0.5059194827970374,0.6,1.3569699349930187,1.2166973949534274,0.0,216.41599234559882,217.55903096085646,0.0,0.0
99.90807789065175,16553.880594477403,145.58083981660118,206.99973668647993,9949.106642676245,0.1674373722624881,288.42298089288533,0.5047477124254085,0.6,1.3569699349930187,1.2154274072776499,0.0,216.40926724349134,217.54721175201496,0.0,0.0
100.05809001961669,16532.065998412716,145.2572518616087,207.03505557735966,9984.8411158457,0.16801009519718801,288.4475856229808,0.50358283134139,0.6,1.3569699349930187,1.2141691937326122,0.0,216.40280279465298,217.5356942219743,0.0,0.0
100.20810214858163,16510.299812991965,144.93520239470055,206.9379014181549,10020.730832545882,0.1686931557871637,288.379898604951,0.5025842754499542,0.6,1.3569699349930187,1.2137057523151675,0.0,216.26415626790381,217.3920298028333,0.0,0.0
100.35811427754658,16488.581928327418,144.61313030942154,206.74369394450366,10056.748161859585,0.16945852026063463,288.2445471845737,0.5017029176160629,0.6,1.3569699349930187,1.2137997637040527,0.0,216.02854561700292,217.15141204579666,0.0,0.0
100.50812640651152,16466.91236873585,144.29095490860664,206.5499172881612,10092.814618293976,0.17022579752458325,288.10943264350266,0.5008199613066734,0.6,1.3569699349930187,1.2138688799895185,0.0,215.79344465390912,216.91131351479535,0.0,0.0
100.65813853547647,16445.291145339874,143.96870583754728,206.3565715573931,10128.929782639245,0.17099498099520297,287.9745553907048,0.49993550868485614,0.6,1.3569699349930187,1.2139135231713942,0.0,215.5588573653302,216.67173866557783,0.0,0.0
100.8081506644414,16423.718266514938,143.6464186879698,206.16365683588177,10165.09323741805,0.17176606408819808,287.8399158181661,0.4990496828060287,0.6,1.3569699349930187,1.2139342220203309,0.0,215.32478843795334,216.4326927414971,0.0,0.0
100.95816279340634,16402.193735330773,143.3241282744375,205.97117315984542,10201.304571282499,0.17253904031290557,287.70551428486874,0.4981626043236924,0.6,1.3569699349930187,1.21393149992291,0.0,215.0912423713614,216.19418078191438,0.0,0.0
101.10817492237129,16380.717549734158,143.00186864989968,205.77912051967095,10237.563378867304,0.17331390326989463,287.5713511178511,0.4972743915345563,0.6,1.3569699349930187,1.2139058749072504,0.0,214.8582234827457,215.95620762728444,0.0,0.0
101.25818705133624,16359.289702597858,142.67967310806443,205.58749886034994,10273.869260863994,0.17409064665327884,287.4374266124355,0.49638516037943,0.6,1.3569699349930187,1.2138578594832432,0.0,214.6257359087364,215.71877792115458,0.0,0.0
101.40819918030117,16337.910184183753,142.3574591446841,205.32641606582467,10310.254089731845,0.17492933625342297,287.254855182489,0.49557894871523195,0.6,1.3569699349930187,1.214202964816415,0.0,214.32387704919054,215.4119877954857,0.0,0.0
101.55821130926611,16316.579087482189,142.03382083416255,204.8873414385651,10346.767919648382,0.17592505168981684,286.94755468770603,0.49498181292655513,0.6,1.3569699349930187,1.2155684301350573,0.0,213.84393890727034,214.927107811693,0.0,0.0
101.70822343823106,16295.29669076017,141.7082056496081,204.44926631185783,10383.327502621629,0.17692495859793006,286.6406254003405,0.49437585984781257,0.6,1.3569699349930187,1.2168786886597402,0.0,213.36484451958435,214.44305274690504,0.0,0.0
101.858235567196,16274.063266100873,141.38125946467528,204.22983535931064,10419.992391932838,0.17774046877935537,286.48676152891363,0.4935001488730445,0.6,1.3569699349930187,1.2168532277854613,0.0,213.10432135711542,214.177560085231,0.0,0.0
102.00824769616095,16252.878812343302,141.05555921668193,204.19285909687125,10456.752703750772,0.17839981258829885,286.46082582469717,0.49240784952216266,0.6,1.3569699349930187,1.2157464014415311,0.0,213.02650385495505,214.09480343502494,0.0,0.0
102.15825982512588,16231.743094925823,140.73149256362797,204.15596765597152,10493.557928529955,0.17906008722674288,286.43494727526405,0.49132095752403065,0.6,1.3569699349930187,1.2146455516198282,0.0,212.94906950630593,214.01246601719998,0.0,0.0
102.30827195409083,16210.655869462214,140.40905067804155,204.11916061173238,10530.408054770327,0.17972129255408179,286.4091255980232,0.4902394446575925,0.6,1.3569699349930187,1.2135506978005404,0.0,212.87201537548208,213.93054459242498,0.0,0.0
102.45828408305577,16189.616892892585,140.08822470566764,204.08243754157476,10567.303072010656,0.1803834284485013,286.3833605118612,0.4891632825848678,0.6,1.3569699349930187,1.2124618576880888,0.0,212.7953385429334,213.84903593917787,0.0,0.0
102.60829621202072,16168.62592277131,139.76907230437286,204.06077561949547,10604.231872728971,0.1810330169440707,286.36816131407323,0.48807476244218934,0.6,1.3569699349930187,1.2112900203599692,0.0,212.73402195745643,213.78292370463245,0.0,0.0
102.75830834098565,16147.682667519,139.4521562457301,204.1545216651248,10641.119800363376,0.1815793411763001,286.43393289628193,0.48685627025980155,0.6,1.3569699349930187,1.2094421179617207,0.0,212.78848070192922,213.83263122710378,0.0,0.0
102.9083204699506,16126.78675593699,139.1379097282962,204.24805640543227,10678.052466577108,0.18212611538828383,286.4995411799846,0.4856479321231689,0.6,1.3569699349930187,1.2076229522396151,0.0,212.84314713600037,213.88259711045464,0.0,0.0
103.05833259891554,16105.937783935136,138.8263729644677,204.3413816450697,10715.0301637673,0.18267334402992133,286.5649875427485,0.4844498769891008,0.6,1.3569699349930187,1.2058334259395342,0.0,212.89802578665692,213.93282621089853,0.0,0.0
103.20834472788049,16085.135348101156,138.51744546860473,204.43449918571127,10752.053190532733,0.18322103163480502,286.63027335851933,0.4832617428911497,0.6,1.3569699349930187,1.2040719977019347,0.0,212.95310384735637,213.98330395524374,0.0,0.0
103.35835685684543,16064.379061115058,138.21109828160428,204.52741075705305,10789.121824111457,0.18376918241260728,286.6953999492725,0.48208341782274555,0.6,1.3569699349930187,1.2023383624287434,0.0,213.00837734652671,214.0340256824336,0.0,0.0
103.50836898581036,16043.6685389234,137.90729086757574,204.620118074223,10826.23634294353,0.18431780058320382,286.7603686253078,0.48091474958232716,0.6,1.3569699349930187,1.2006320112622697,0.0,213.06384092977092,214.0849851831159,0.0,0.0
103.65838111477531,16023.003403489198,137.60598343037043,204.71262282547065,10863.397021650302,0.18486689030252587,286.82518067664563,0.4797555887727357,0.6,1.3569699349930187,1.1989524449381899,0.0,213.11948936730894,214.1361763908765,0.0,0.0
103.80839324374026,16002.383282783827,137.30713691615796,204.80492667220213,10900.604130896256,0.18541645566068596,286.88983737308166,0.47860578880526505,0.6,1.3569699349930187,1.197299173865519,0.0,213.17531755243863,214.18759338050998,0.0,0.0
103.9584053727052,15981.807810513339,137.01071297437906,204.8970312502043,10937.857937732522,0.18596650068721748,286.9543399650738,0.477465205757317,0.6,1.3569699349930187,1.1956717175271763,0.0,213.23132049615594,214.23923036184115,0.0,0.0
104.10841750167015,15961.27662604613,136.71667394816552,204.98893816996744,10975.1587055831,0.18651702935102774,287.0186896839967,0.4763336983340303,0.6,1.3569699349930187,1.1940696043580716,0.0,213.28749332455007,214.29108167676614,0.0,0.0
104.25842963063508,15940.789374436288,136.42498288188426,205.08064901657963,11012.506694058595,0.18706804555780648,287.0828877420955,0.475211127890156,0.6,1.3569699349930187,1.1924923719062772,0.0,213.34383127789474,214.34314179824653,0.0,0.0
104.40844175960002,15920.345706212276,136.1356034915575,205.1721653506718,11049.902159198433,0.18761955315375659,287.14693533317546,0.4740973583214458,0.6,1.3569699349930187,1.1909395663866005,0.0,213.40032970632564,214.3954053253499,0.0,0.0
104.55845388856497,15899.945277228779,135.84850014382755,205.26348870907984,11087.345353604094,0.1881715559277088,287.2108336330918,0.4729922559863194,0.6,1.3569699349930187,1.1894107423711369,0.0,213.45698406634446,214.44786697925082,0.0,0.0
104.70846601752991,15879.58774868622,135.5636378619914,205.3546206047563,11124.836526267984,0.188724057608746,287.27458379971415,0.4718956897227825,0.6,1.3569699349930187,1.187905462924483,0.0,213.51378991989526,214.50052160220628,0.0,0.0
104.85847814649485,15859.27278702751,135.28098231342514,205.44556252723163,11162.375922628236,0.18927706186715967,287.33818697327507,0.47080753079996096,0.6,1.3569699349930187,1.1864232994349848,0.0,213.57074293177652,214.55336415459897,0.0,0.0
105.00849027545979,15839.000063721438,135.0004997783155,205.53631594358293,11199.96378483728,0.1898305723185498,287.4016442770729,0.4697276528041249,0.6,1.3569699349930187,1.184963831136848,0.0,213.62783886536897,214.6063897100313,0.0,0.0
105.15850240442474,15818.76925525037,134.72215714977227,205.62688229848808,11237.600351657109,0.19038459252242082,287.4649568175336,0.46865593163512526,0.6,1.3569699349930187,1.1835266451466078,0.0,213.68507358127826,214.6595934537974,0.0,0.0
105.30851453338968,15798.580043100894,134.44592193601105,205.71726301426676,11275.285858349062,0.1909391259806989,287.5281256842644,0.46759224551008466,0.6,1.3569699349930187,1.1821113365363327,0.0,213.74244303623942,214.7129706816502,0.0,0.0
105.45852666235463,15778.432113527055,134.17176222621637,205.80745949193937,11313.020536989901,0.1914941761425208,287.591151950817,0.4665364748396781,0.6,1.3569699349930187,1.1807175078073016,0.0,213.79994327873578,214.76651679476223,0.0,0.0
105.60853879131956,15758.325157492789,133.89964668304006,205.89747311148406,11350.80461645891,0.19204974640417444,287.65403667489016,0.4654885021981282,0.6,1.3569699349930187,1.179344768799835,0.0,213.85757044705886,214.82022729752003,0.0,0.0
105.7585509202845,15738.258870696527,133.62954454996847,205.9873052317256,11388.63832227149,0.19260584010678347,287.716780898275,0.46444821234537054,0.6,1.3569699349930187,1.1779927368513472,0.0,213.91532076880014,214.8740977969678,0.0,0.0
105.90856304924945,15718.232953392951,133.36142562629044,206.07695719113252,11426.521876795456,0.19316246053961716,287.7793856474338,0.4634154921356149,0.6,1.3569699349930187,1.1766610364185024,0.0,213.97319055742815,214.92812399887404,0.0,0.0
106.0585751782144,15698.24710858361,133.0952941456381,206.1664303159167,11464.455502574836,0.19371961098902568,287.8418519391759,0.4623903482032994,0.6,1.3569699349930187,1.1753498977712715,0.0,214.03118022302675,214.98230620253045,0.0,0.0
106.20858730717934,15678.30104025813,132.8310452424296,206.246715567453,11502.431999291668,0.19428565679876503,287.897892115235,0.4613824862227967,0.6,1.3569699349930187,1.1741081560263236,0.0,214.08026694935253,215.02761992549307,0.0,0.0
106.35859943614427,15658.39451731795,132.56798800912497,206.19559620698945,11540.350336151916,0.19497445456016624,287.8622113817797,0.4605258445447901,0.6,1.3569699349930187,1.1736084532631574,0.0,213.9981513427544,214.94175577821483,0.0,0.0
106.50861156510922,15638.527388299386,132.30573935075927,206.14457769051572,11578.318500660984,0.19566434026608598,287.8265966261643,0.45967169435214134,0.6,1.3569699349930187,1.1731059454851314,0.0,213.91629301766045,214.8561678312603,0.0,0.0
106.65862369407417,15618.699545739664,132.04424511587735,206.09365974395573,11616.336367904958,0.19635531186143826,287.79104768152246,0.4588198492609164,0.6,1.3569699349930187,1.1725997452094528,0.0,213.8346847859271,214.770848060331,0.0,0.0
106.80863582303911,15598.910873814993,131.78350731875994,206.04284207175144,11654.403829725286,0.19704736759343325,287.7555643658593,0.45797031799950616,0.6,1.3569699349930187,1.1720899599370658,0.0,213.7533260621837,214.68579584500765,0.0,0.0
106.95864795200404,15579.161258668422,131.52353109599926,205.9921243833847,11692.520775027766,0.19774050565386714,287.72014650056497,0.4571231201418181,0.6,1.3569699349930187,1.1715767527096344,0.0,213.6722166303997,214.6010109782679,0.0,0.0
107.10866008096899,15559.450585674665,131.26432134457153,205.94150638635332,11730.687095036721,0.19843472427464007,287.68479390551124,0.45627827443561264,0.6,1.3569699349930187,1.1710602831166508,0.0,213.59135624142678,214.51649321620653,0.0,0.0
107.25867220993393,15539.778739504349,131.00588273122986,205.890987786336,11768.902683205495,0.1991300217261889,287.6495063991659,0.455435798834417,0.6,1.3569699349930187,1.1705407074120444,0.0,213.51074461456625,214.4322422797722,0.0,0.0
107.40868433889888,15520.145607807668,130.74818847889674,205.87079958969946,11807.134921278239,0.19979650242119495,287.6354036275529,0.45456222297376553,0.6,1.3569699349930187,1.169842585976066,0.0,213.46060911653123,214.37848509551543,0.0,0.0
107.55869646786383,15500.551021409441,130.49221366781467,205.9817712990337,11845.274723814478,0.20033390464735668,287.71291605817726,0.4535500715631007,0.6,1.3569699349930187,1.1684007787877158,0.0,213.54189172187034,214.45617723981618,0.0,0.0
107.70870859682876,15480.994671915465,130.23838073907922,206.0925271384909,11883.463175113597,0.20087176087271297,287.79025689018624,0.4525461777143311,0.6,1.3569699349930187,1.1669843918023874,0.0,213.62326433558871,214.53399638397838,0.0,0.0
107.8587207257937,15461.476244492522,129.98661935528918,206.20306888713915,11921.700568476066,0.20141007527234273,287.86742750371286,0.45155028647210405,0.6,1.3569699349930187,1.1655923125970449,0.0,213.7047191699908,214.61193358334694,0.0,0.0
108.00873285475865,15441.995430914887,129.73689721870525,206.31339828667635,11959.987190179665,0.20194885191465983,287.9444292510292,0.4505622753534883,0.6,1.3569699349930187,1.1642241068366392,0.0,213.78625285677558,214.68998485164153,0.0,0.0
108.1587449837236,15422.55192792869,129.48917955320442,206.42351705069223,11998.323322527876,0.2024880948045495,288.02126346305266,0.4495820134814987,0.6,1.3569699349930187,1.162879293298408,0.0,213.86786175441145,214.7681458997073,0.0,0.0
108.30875711268853,15403.145437401517,129.2434322769334,206.53342686382018,12036.709243423003,0.20302780787754052,288.0979314487915,0.44860937260809874,0.6,1.3569699349930187,1.1615574006861191,0.0,213.9495423135118,214.8464125451798,0.0,0.0
108.45876924165347,15383.775666219824,128.99962198688996,206.643129382317,12075.145226434064,0.20356799500094316,288.1744344957852,0.44764422705504325,0.6,1.3569699349930187,1.160257967394032,0.0,214.03129107428356,214.92478070955482,0.0,0.0
108.60878137061842,15364.442326301763,128.7577159638177,206.7526262339893,12113.631540637956,0.20410865997179822,288.2507738700895,0.4466864537260426,0.6,1.3569699349930187,1.1589805416181669,0.0,214.11310466569296,215.00324641726235,0.0,0.0
108.75879349958336,15345.145134423825,128.51768214662113,206.86191901917428,12152.168450832049,0.2046498065200453,288.3269508169956,0.4457359320121024,0.6,1.3569699349930187,1.1577246809497614,0.0,214.19497980222837,215.08180579191904,0.0,0.0
108.90880562854831,15325.883812030397,128.27948920933972,206.97100931181723,12190.75621778694,0.20519143831224498,288.40296656181505,0.44479254405257596,0.6,1.3569699349930187,1.156489953819593,0.0,214.27691329250112,215.16045506583913,0.0,0.0
109.05881775751324,15306.658085254354,128.04310596509478,207.07989865935411,12229.39509808128,0.20573355894942794,288.4788223098317,0.4438561726641205,0.6,1.3569699349930187,1.1552759287716714,0.0,214.35890197005924,215.23919050249512,0.0,0.0
109.20882988647818,15287.467685273881,127.80850149588255,207.18858858068947,12268.085343256103,0.206276171955407,288.5545192449264,0.4429267017904444,0.6,1.3569699349930187,1.1540821767418274,0.0,214.44094270544264,215.31800841027547,0.0,0.0
109.35884201544313,15268.312346773462,127.57565350930979,207.2961102960849,12306.675676914749,0.20681770242381192,288.6293830511003,0.44200507987339316,0.6,1.3569699349930187,1.1528996236235893,0.0,214.52206308195667,215.39593593264917,0.0,0.0
109.50885414440808,15249.191807294019,127.34454922477332,207.40217399406225,12345.11928781742,0.20735766466298458,288.7032126681809,0.44109155574633635,0.6,1.3569699349930187,1.151725543048705,0.0,214.60197075344587,215.47268041692868,0.0,0.0
109.65886627337302,15230.105806794943,127.11516640640897,207.50804673539443,12383.613450862887,0.2078981149125251,288.7768905381536,0.4401846912664029,0.6,1.3569699349930187,1.1505711416665572,0.0,214.68192919739982,215.54950490725815,0.0,0.0
109.80887840233795,15211.05408919156,126.88747638104334,207.61372993719456,12422.158408350278,0.20843905656005784,288.85041776294395,0.4392843789659268,0.6,1.3569699349930187,1.1494360226149287,0.0,214.76193554843545,215.62640602034946,0.0,0.0
109.9588905313029,15192.036402620104,126.66145104683926,207.71922499320144,12460.75439874118,0.20898049293339854,288.9237954268632,0.4383905135252238,0.6,1.3569699349930187,1.1483197971706702,0.0,214.84198701296174,215.70338045621565,0.0,0.0
110.10890266026784,15173.05249945166,126.43706287812415,207.8245332737015,12499.40165651988,0.20952242729874365,288.99702459658147,0.43750299178554164,0.6,1.3569699349930187,1.147222084860937,0.0,214.92208086864744,215.78042499758334,0.0,0.0
110.25891478923279,15154.102136144691,126.21428490354889,207.92965612634583,12538.10041238296,0.2100648628634799,289.07010632172415,0.4366217126688193,0.6,1.3569699349930187,1.1461425131167526,0.0,215.00221446180825,215.85753650686559,0.0,0.0
110.40892691819772,15135.185073106371,125.99309068484774,208.03459487691896,12576.850893415933,0.2106078027788037,289.14304163543284,0.43574657709974096,0.6,1.3569699349930187,1.1450807169349944,0.0,215.08238520485844,215.93471192321195,0.0,0.0
110.55893904716267,15116.301074697336,125.77345431947704,208.1393508293113,12615.653322979339,0.2111512501382657,289.21583155437213,0.4348774880113429,0.6,1.3569699349930187,1.1440363389512582,0.0,215.16259057567558,216.0119482618,0.0,0.0
110.70895117612761,15097.449909170646,125.5553504330568,208.24392526585726,12654.507920730184,0.2116952079782119,289.28847707899075,0.4340143503150099,0.6,1.3569699349930187,1.143009029338454,0.0,215.24282811620873,216.08924261223405,0.0,0.0
110.85896330509256,15078.631348487732,125.33875415097206,208.34831944835526,12693.414902899844,0.21223967928181128,289.360979194255,0.43315707079781873,0.6,1.3569699349930187,1.141998445344913,0.0,215.32309542947434,216.1665921350547,0.0,0.0
111.0089754340575,15059.845168296655,125.12364109602447,208.45253461818783,12732.374482241432,0.21278466697844994,289.43333886975637,0.4323055581110147,0.6,1.3569699349930187,1.1410042512803873,0.0,215.40339017859597,216.2439940606476,0.0,0.0
111.15898756302244,15041.091147931604,124.9099873908977,208.55657199632353,12771.386867933345,0.21333017394251372,289.5055570597373,0.43145972277528144,0.6,1.3569699349930187,1.1400261185871527,0.0,215.48371008627737,216.32144568865274,0.0,0.0
111.30899969198738,15022.369070232713,124.69776963045928,208.66043278431576,12810.452265857904,0.21387620299741456,289.5776347038077,0.4306194770808369,0.6,1.3569699349930187,1.1390637253889844,0.0,215.56405293194507,216.39894438464077,0.0,0.0
111.45901182095233,15003.67872150276,124.48696464760681,208.76411816454237,12849.570878599283,0.21442275691568463,289.6495727271342,0.4297847342757186,0.6,1.3569699349930187,1.1381167522418163,0.0,215.64441652535623,216.4764875504998,0.0,0.0
111.60902394991727,14985.019891453407,124.27755053709942,208.8676293005032,12888.742905465033,0.2149698384193999,289.721372040669,0.4289554120972968,0.6,1.3569699349930187,1.137184900886552,0.0,215.72479881936115,216.55407275079926,0.0,0.0
111.7590360788822,14966.392373150564,124.06950505906582,208.97036636249166,12927.94183938287,0.21551762482454306,289.7926168366381,0.4281320428843302,0.6,1.3569699349930187,1.1362687858756513,0.0,215.80459675823914,216.63109653967945,0.0,0.0
111.90904820784715,14947.79596318607,123.86280196924768,209.07057543610748,12967.089411428988,0.2160666296060695,289.86209168513324,0.42731631876787596,0.6,1.3569699349930187,1.1353707009185807,0.0,215.8820527826346,216.70580091698096,0.0,0.0
112.0590603368121,14929.230461968773,123.65741785295769,209.17061853756775,13006.29039461168,0.21661616978251902,289.93143485872247,0.42650572854652125,0.6,1.3569699349930187,1.1344866881393643,0.0,215.9595255986326,216.78054418847708,0.0,0.0
112.20907246577704,14910.695673205086,123.45333256738964,209.27049672173356,13045.544972396414,0.21716624785301092,290.0006471827587,0.4257001967640066,0.6,1.3569699349930187,1.1336164742399313,0.0,216.0370133313983,216.85532412502914,0.0,0.0
112.35908459474199,14892.19140355169,123.25052599881506,209.3702110275973,13084.853325487731,0.21771686627391637,290.06972947063684,0.4248996481768066,0.6,1.3569699349930187,1.132759784753103,0.0,216.11451411255186,216.93013850665346,0.0,0.0
112.50909672370692,14873.71746264556,123.0489784316327,209.46976247812,13124.215631687928,0.2182680274569802,290.13868252369883,0.4241040090253458,0.6,1.3569699349930187,1.1319163508217094,0.0,216.19202612007257,217.00498516727052,0.0,0.0
112.65910885267186,14855.273663107857,122.84867055125743,209.56915208021007,13163.632065809961,0.21881973376820493,290.2075071312372,0.4233132070415497,0.6,1.3569699349930187,1.1310859092757164,0.0,216.26954757801172,217.0798619943859,0.0,0.0
112.80912098163681,14836.859820395099,122.64958342111747,209.66838082552457,13203.102799917906,0.219371987531319,290.27620407106696,0.4225271713663782,0.6,1.3569699349930187,1.1302682022565775,0.0,216.34707675421578,217.15476692644123,0.0,0.0
112.95913311060175,14818.475752748584,122.45169847517599,209.7674496907413,13242.628003360991,0.21992479102834964,290.3447741097316,0.42174583252150133,0.6,1.3569699349930187,1.1294629771108682,0.0,216.4246119592422,217.22969795156587,0.0,0.0
113.1091452395667,14800.121281211494,122.25499752276731,209.86635963746613,13282.207842663272,0.22047814649817662,290.41321800245515,0.4209691224238071,0.6,1.3569699349930187,1.128669986500544,0.0,216.50215154626463,217.3046531074818,0.0,0.0
113.25915736853163,14781.796229529458,122.0594627338092,209.96511161276825,13321.842481664684,0.2210320561386008,290.48153649352935,0.42019697433171677,0.6,1.3569699349930187,1.1278889881694534,0.0,216.57969390948256,217.3796304796566,0.0,0.0
113.40916949749658,14763.500424055333,121.86507662406382,210.06370654969288,13361.532081656309,0.22158652210832655,290.5497303166843,0.41942932279178896,0.6,1.3569699349930187,1.1271197447089836,0.0,216.65723748253856,217.4546281994667,0.0,0.0
113.55918162646152,14745.233693757877,121.67182205801838,210.16214536721392,13401.276801292719,0.22214154652582696,290.61780019507125,0.41866610364660617,0.6,1.3569699349930187,1.1263620236327743,0.0,216.73478073830194,217.52964444396096,0.0,0.0
113.70919375542647,14726.995870184548,121.47968224456483,210.2604289704341,13441.07679660398,0.22269713146960188,290.6857468414163,0.4179072540176458,0.6,1.3569699349930187,1.1256155973257516,0.0,216.81232218812846,217.6046774350066,0.0,0.0
113.8592058843914,14708.786787334193,121.28864071709496,210.35855825127052,13480.932221206122,0.22325327898120387,290.75357095850967,0.41715271223410966,0.6,1.3569699349930187,1.1248802427178854,0.0,216.88986037993917,217.67972543705287,0.0,0.0
114.00921801335635,14690.606281654733,121.09868133403813,210.4565340884666,13520.843226241475,0.2238099910644894,290.82127323922856,0.4164024178328343,0.6,1.3569699349930187,1.1241557413164953,0.0,216.9673938978516,217.75478675671596,0.0,0.0
114.15923014232129,14672.454192858293,120.9097718833932,210.5543573431988,13560.809958516433,0.22436726965974196,290.8888543635165,0.41565625519737276,0.6,1.3569699349930187,1.1234415744238664,0.0,217.04491959710273,217.8298577647733,0.0,0.0
114.30924227128624,14654.330357597906,120.72199917085672,210.64728688868715,13600.83265910934,0.22493018165948642,290.95304013320674,0.4149191880434956,0.6,1.3569699349930187,1.1227647170502595,0.0,217.11770512772102,217.9002071726794,0.0,0.0
114.45925440025118,14636.234665186697,120.53427347979246,210.51687893393517,13640.915285201572,0.225732814117725,290.86296428730844,0.4144022728198946,0.6,1.3569699349930187,1.1232695594296938,0.0,216.96718949868142,217.74725981578726,0.0,0.0
114.60926652921611,14618.167188151994,120.34582640458854,210.38667357637,13681.053491395187,0.2265371437703993,290.7730005412989,0.41388239685443434,0.6,1.3569699349930187,1.1237499164436329,0.0,216.81683067079462,217.5944637216903,0.0,0.0
114.75927865818106,14600.12803197766,120.15669858512541,210.25667157963295,13721.24683724724,0.22734316332221763,290.68314952713285,0.4133596969091247,0.6,1.3569699349930187,1.1242064115858388,0.0,216.6666341058396,217.44182492033818,0.0,0.0
114.909290787146,14582.11729613731,119.96692472378619,210.1268736640633,13761.494891627115,0.22815086563970763,290.59341184747376,0.41283428953562873,0.6,1.3569699349930187,1.12463956505157,0.0,216.5166045637874,217.28934866023616,0.0,0.0
115.05930291611095,14564.13507500224,119.77653876866496,209.9972805132398,13801.79723086632,0.22896024371473395,290.50378808017075,0.4123062888791318,0.6,1.3569699349930187,1.1250498897682593,0.0,216.36674666538744,217.13704003827655,0.0,0.0
115.2093150450759,14546.181457920184,119.58557392228177,209.86789277454727,13842.153438739933,0.22977129066467833,290.4142787786105,0.41177580670351477,0.6,1.3569699349930187,1.1254378913633563,0.0,216.21706489410536,216.98490400184264,0.0,0.0
115.35932717404083,14528.256529262331,119.39406264049182,209.73871105951446,13882.563106517382,0.23058399973401356,290.32488447191037,0.4112429523830345,0.6,1.3569699349930187,1.1258040679580366,0.0,216.06756359679952,216.83294534952606,0.0,0.0
115.50933930300577,14510.3603686034,119.20203665341054,209.6097359451107,13923.02583271098,0.2313983642897963,290.2356056657774,0.41070783296891,0.6,1.3569699349930187,1.126148910348967,0.0,215.91824698770355,216.68116873543408,0.0,0.0
115.65935143197072,14492.493050847228,119.0095269806221,209.48096797465004,13963.541222941703,0.23221437781950074,290.14644284309594,0.41017055323673063,0.6,1.3569699349930187,1.1264729021001922,0.0,215.7691191514049,216.52957867241923,0.0,0.0
115.80936356093567,14474.654646264951,118.8165639312318,209.3524076580653,14004.108889999845,0.23303203393276986,290.0573964640803,0.40963121568232663,0.6,1.3569699349930187,1.1267765193719363,0.0,215.6201840435928,216.37817953288427,0.0,0.0
115.9593756899006,14456.845220613404,118.62317711530382,209.22405547276045,14044.728453721673,0.23385132635945893,289.9684669668292,0.4090899205563398,0.6,1.3569699349930187,1.1270602309496334,0.0,215.4714454935963,216.22697555152442,0.0,0.0
116.10938781886554,14439.064835342959,118.42939636638629,209.09591186510764,14085.399540657125,0.23467224894344976,289.8796547683274,0.4085467690412264,0.6,1.3569699349930187,1.1273245156023521,0.0,215.3229073033771,216.07597093611065,0.0,0.0
116.25939994783049,14421.313534985235,118.2355254582182,209.05,14126.186627099498,0.23540347759362015,289.8478281148575,0.4079227580458709,0.6,1.3569699349930187,1.1271378418668883,0.0,215.25662473357556,216.0072248287925,0.0,0.0
116.40941207679543,14403.59128404264,118.04211982516378,209.05,14167.061336671284,0.23608462736410168,289.8478281148575,0.4072554919348487,0.6,1.3569699349930187,1.1267041498310366,0.0,215.23633617144426,215.9844826630809,0.0,0.0
116.55942420576038,14385.897999340577,117.84940295791311,209.05,14207.987448830585,0.2367666337244172,289.8478281148575,0.40659060212524045,0.6,1.3569699349930187,1.1262724418268852,0.0,215.21615289923938,215.9618585205658,0.0,0.0
116.70943633472531,14368.23357448401,117.65732894339041,209.05,14248.96497232667,0.23744949682036748,289.8478281148575,0.4059279302129755,0.6,1.3569699349930187,1.1258419012840875,0.0,215.19606976664255,215.93934662807348,0.0,0.0
116.85944846369026,14350.59791526199,117.46588119317971,209.05,14289.99388895484,0.23813321634858334,289.8478281148575,0.4052674189665886,0.6,1.3569699349930187,1.125412266923024,0.0,215.17608471449392,215.9169446774189,0.0,0.0
117.0094605926552,14332.990916348344,117.2753633437536,209.14046999829475,14330.94733120421,0.23871237124482877,289.91053965770743,0.40452259335662194,0.6,1.3569699349930187,1.124492818088223,0.0,215.2466990408126,215.98515775186306,0.0,0.0
117.15947272162015,14315.412382836963,117.08639447696424,209.25992104468756,14371.910909024344,0.23925805388128615,289.99331936544905,0.4037554890339118,0.6,1.3569699349930187,1.12343413631873,0.0,215.3464876874427,216.08256852005397,0.0,0.0
117.30948485058508,14297.862080333418,116.89897466680625,209.37918091106738,14412.925734268269,0.2398041855142552,290.07594301885763,0.4029943795070477,0.6,1.3569699349930187,1.1223966135389267,0.0,215.4462776542179,216.18000388845658,0.0,0.0
117.45949697955002,14280.339778733647,116.71307395972367,209.4982511579119,14453.992116878488,0.24035077023572557,290.15841183188746,0.4022391535122722,0.6,1.3569699349930187,1.1213797729301733,0.0,215.54606662397933,216.27746107096874,0.0,0.0
117.60950910851497,14262.845252454379,116.52866227861259,209.6171333150175,14495.110360950028,0.24089781205265107,290.240726995623,0.401489699549884,0.6,1.3569699349930187,1.1203831333490955,0.0,215.64585226210966,216.37493726562917,0.0,0.0
117.75952123747992,14245.378280335144,116.34571023973606,209.73582888216418,14536.280764830113,0.2414453148884835,290.32288967877776,0.4007459086965708,0.6,1.3569699349930187,1.1194062250249792,0.0,215.74563230129368,216.47242974954776,0.0,0.0
117.90953336644486,14227.938645533268,116.16418913505801,209.85433932982832,14577.503621237709,0.2419932825849654,290.40490102822565,0.4000076745390999,0.6,1.3569699349930187,1.1184485892537575,0.0,215.84540453945607,216.56993587650805,0.0,0.0
118.0595454954098,14210.526135524457,115.98407093436603,209.97266609917764,14618.779217136143,0.2425417189006372,290.48676216903397,0.3992748931769738,0.6,1.3569699349930187,1.1175097784582149,0.0,215.9451668390579,216.66745307617902,0.0,0.0
118.20955762437474,14193.140541943092,115.80532825888679,210.0908106031556,14660.107833986836,0.24309062751440727,290.5684742052502,0.3985474631259716,0.6,1.3569699349930187,1.1165893557235687,0.0,216.04491712456857,216.76497885115043,0.0,0.0
118.35956975333968,14175.781660423656,115.62793435443344,210.2087742275581,14701.489748006368,0.2436400120291574,290.6500382206815,0.39782528522029903,0.6,1.3569699349930187,1.1156868943231804,0.0,216.14465337992706,216.86251077395667,0.0,0.0
118.50958188230463,14158.44929059384,115.45186309165238,210.3265583310795,14742.925230066028,0.24418987597059288,290.73145527896065,0.3971082626091312,0.6,1.3569699349930187,1.1148019777447613,0.0,216.24437364779376,216.96004648623247,0.0,0.0
118.65959401126958,14141.143236004798,115.27708895568294,210.4441642457857,14784.414545742457,0.24474022278810026,290.8127264239064,0.3963963007163862,0.6,1.3569699349930187,1.1139341995225636,0.0,216.34407602816304,217.05758369710063,0.0,0.0
118.80960614023451,14123.86330392878,115.10358701177586,210.56159327848846,14825.957955689631,0.24529105585986063,290.89385268050603,0.39568930711710915,0.6,1.3569699349930187,1.1130831626242776,0.0,216.4437586754464,217.15512017973612,0.0,0.0
118.95961826919945,14106.609305327747,114.93133290069733,210.67884671095814,14867.555715606006,0.24584237849258514,290.9748350550934,0.39498719151756245,0.6,1.3569699349930187,1.1122484793879472,0.0,216.54341979748142,217.25265377022959,0.0,0.0
119.1096303981644,14089.381054841533,114.76030283873173,210.79592580000303,14909.208076154937,0.24639419392063136,291.055674535435,0.3942898657513034,0.6,1.3569699349930187,1.1114297715459684,0.0,216.64305765489564,217.35018236686446,0.0,0.0
119.25964252712934,14072.178370597416,114.59047358545055,210.91283177876298,14950.915283318964,0.24694650531086537,291.13637209165324,0.3935972436634475,0.6,1.3569699349930187,1.110626669651306,0.0,216.74267055841923,217.4477039269484,0.0,0.0
119.40965465609428,14055.001072466268,114.42187503927477,211.0295658685594,14992.677582543283,0.24749931581765802,291.2169286844321,0.3929094217021441,0.6,1.3569699349930187,1.109839833657178,0.0,216.84226222384018,217.54522246793846,0.0,0.0
119.55966678505922,14037.848964519184,114.25463523847483,211.14898289702563,15031.529123277842,0.2480003395726485,291.29931368515264,0.39222418272487103,0.6,1.3569699349930187,1.1088380403396785,0.0,216.94469991586672,217.64560675862444,0.0,0.0
119.70967891402417,14020.7218459448,114.08869223051127,211.27799299543966,15072.722340902681,0.24852812474079516,291.38829070512287,0.3915349239134869,0.6,1.3569699349930187,1.1079723733479738,0.0,217.05688688433048,217.75575921662806,0.0,0.0
119.85969104298911,14003.619525577138,113.92401262263782,211.40681699340232,15113.968780061059,0.24905636200842546,291.4771122708081,0.3908506288369987,0.6,1.3569699349930187,1.107124270128981,0.0,217.16904000760792,217.86589624248327,0.0,0.0
120.00970317195406,13986.541815909275,113.76057725872309,211.5354563003262,15155.268713398333,0.24958505477086773,291.56577949559767,0.39017122467364435,0.6,1.3569699349930187,1.1062934351353026,0.0,217.28115820584333,217.97601645529392,0.0,0.0
120.15971530091899,13969.488531908424,113.5983595734049,211.66391230702163,15196.622411385968,0.2501142063897018,291.6542934784647,0.3894966133313338,0.6,1.3569699349930187,1.1054794274969921,0.0,217.39323964849703,218.08611763494537,0.0,0.0
120.30972742988394,13952.45949273053,113.43733509387405,211.79218637278072,15238.030138080716,0.2506438201386226,291.74265529509773,0.38882670406606185,0.6,1.3569699349930187,1.1046818453298162,0.0,217.5052827036015,218.19619778772113,0.0,0.0
120.45973955884888,13935.454521152647,113.27747992993821,211.9202798296518,15279.492152386969,0.25117389921978384,291.83086600088507,0.3881614082918654,0.6,1.3569699349930187,1.1039002965035254,0.0,217.61728578838964,218.30625497835004,0.0,0.0
120.60975168781383,13918.473443556577,113.1187707729356,212.04819398256234,15321.008707992058,0.2517044467631442,291.9189266310352,0.38750063957281433,0.6,1.3569699349930187,1.1031343986419824,0.0,217.72924736864135,218.41628732925884,0.0,0.0
120.75976381677876,13901.51608974034,112.96118486324563,212.17593011073777,15362.580053724072,0.2522354658312099,292.0068382015897,0.3868443135063221,0.6,1.3569699349930187,1.10238377853515,0.0,217.8411659561914,218.52629301760692,0.0,0.0
120.9097759457437,13884.582292844834,112.80469997787581,212.30348946825353,15404.20643363348,0.2527669594202388,292.094601709836,0.38619234767623306,0.6,1.3569699349930187,1.1016480719259119,0.0,217.95304010762152,218.63627027375392,0.0,0.0
121.05978807470865,13867.67188935404,112.64929443212492,212.4308732840326,15445.888086895635,0.25329893045915475,292.18221813433996,0.38554466165470364,0.6,1.3569699349930187,1.100926923562063,0.0,218.06486842382964,218.74621738077664,0.0,0.0
121.2098002036736,13850.784718967989,112.49494705819397,212.5580827628017,15487.625248027807,0.25383138181247655,292.2696884356358,0.38490117692436593,0.6,1.3569699349930187,1.1002199868160831,0.0,218.1766495482655,218.85613267237602,0.0,0.0
121.35981233263854,13833.920624477425,112.34163718356271,212.68511908603472,15529.41814710678,0.2543643162832452,292.35701355690657,0.38426181679987537,0.6,1.3569699349930187,1.0995269232993088,0.0,218.28838216515936,218.96601453077741,0.0,0.0
121.50982446160347,13817.079451758296,112.18934463116629,212.81198341199354,15571.267009692669,0.25489773661219883,292.4441944240425,0.38362650642499113,0.6,1.3569699349930187,1.0988474028858821,0.0,218.40006499904885,219.07586138619519,0.0,0.0
121.65983659056842,13800.261049716035,112.0380497109405,212.93867687614704,15613.172056878222,0.255431645478549,292.53123194595975,0.3829951727398381,0.6,1.3569699349930187,1.0981811035753732,0.0,218.51169681383527,219.18567171572445,0.0,0.0
121.80984871953336,13783.4652701256,111.88773319211897,213.0652005923754,15655.133505600441,0.255966045504093,292.6181270154566,0.3823677443817719,0.6,1.3569699349930187,1.0975277109922004,0.0,218.62327641073028,219.29544404089353,0.0,0.0
121.95986084849831,13766.691967690576,111.73837541645737,213.19155565252424,15697.151568408959,0.25650093925040146,292.70488050893607,0.38174414865298456,0.6,1.3569699349930187,1.0968869009872748,0.0,218.73480253934844,219.4051768280585,0.0,0.0
122.10987297746325,13749.940999674143,111.58995924185389,213.31774312918395,15739.226454308437,0.2570363292296767,292.7914932883417,0.38112432157296267,0.6,1.3569699349930187,1.0962583974794813,0.0,218.8462741922756,219.5148688182593,0.0,0.0
122.25988510642819,13733.212227330268,111.4424543565026,213.43939330949425,15781.35237978238,0.2575773946640092,292.8749675010973,0.3805120502696601,0.6,1.3569699349930187,1.0956636847199568,0.0,218.9533182848587,219.62014651907407,0.0,0.0
122.40989723539313,13716.505516966079,111.29581594886808,213.5593820351557,15823.533435885804,0.25812075111501875,292.9572783531159,0.37990459419382555,0.6,1.3569699349930187,1.0950873965032912,0.0,219.05880587220744,219.72388040674454,0.0,0.0
122.55990936435808,13699.82074041676,111.15002438740022,213.67921385878094,15865.771856468418,0.25866462250169947,293.03945849750266,0.37930053842338596,0.6,1.3569699349930187,1.094521618375461,0.0,219.16423923091423,219.827572482612,0.0,0.0
122.70992149332302,13683.157771759872,111.00506523000004,213.79888968229483,15908.067818584077,0.2592090109470662,293.12150866247015,0.3786998290794912,0.6,1.3569699349930187,1.0939661209498615,0.0,219.2696175104992,219.9312216842689,0.0,0.0
122.85993362228795,13666.516487230356,110.86092351663545,213.91841039214944,15950.421496216371,0.2597539185312545,293.2034295646387,0.3781024106070198,0.6,1.3569699349930187,1.0934206635119732,0.0,219.37493980332786,220.03482688711244,0.0,0.0
123.0099457512529,13649.896765296582,110.7175846398802,214.0377768587776,15992.833060022125,0.26029934728832005,293.2852219086812,0.3775082287451694,0.6,1.3569699349930187,1.092885011146187,0.0,219.48020522987278,220.1383869999831,0.0,0.0
123.15995788021785,13633.298486622785,110.57503433945304,214.15698993686217,16035.3026773625,0.2608452992067429,293.3668863875273,0.3769172305063337,0.6,1.3569699349930187,1.092358934653253,0.0,219.58541293811592,220.24190096446247,0.0,0.0
123.30997000918279,13616.721533950136,110.43325868161686,214.27605046618984,16077.83051254441,0.2613917762326316,293.44842368296764,0.3763293641029248,0.6,1.3569699349930187,1.091842210179534,0.0,219.6905621020606,220.34536775310184,0.0,0.0
123.45998213814774,13600.165792080186,110.29224405681391,214.3949592717694,16120.41672680287,0.2619387802695929,293.5298344657529,0.37574457893710994,0.6,1.3569699349930187,1.091334619191502,0.0,219.7956519213148,220.44878636894083,0.0,0.0
123.60999426711267,13583.631147872764,110.15197718067672,214.51371716384654,16163.061478246218,0.2624863131781231,293.6111193956226,0.3751628256021661,0.6,1.3569699349930187,1.0908359485152934,0.0,219.90068162090802,220.55215584530035,0.0,0.0
123.76000639607761,13567.117490133958,110.01244507467653,214.63232493870805,16205.764922086057,0.2630343767786558,293.69227912187307,0.3745840558138228,0.6,1.3569699349930187,1.0903459899883208,0.0,220.00565044991245,220.6554752441397,0.0,0.0
123.91001852504256,13550.624709573609,109.87363505895341,214.75078337898643,16248.527210690838,0.26358297285233884,293.7733142835831,0.37400822238364034,0.6,1.3569699349930187,1.089864540341465,0.0,220.11055768077222,220.75874365526786,0.0,0.0
124.0600306540075,13534.1526988125,109.7355347548251,214.86909325360816,16291.348493511625,0.26413210314017,293.8542255095955,0.3734352792256915,0.6,1.3569699349930187,1.0893914012662715,0.0,220.215402609229,220.8619601962665,0.0,0.0
124.21004278297244,13517.701352308766,109.59813207244093,214.98725531832167,16334.228917218254,0.2646817693448319,293.9350134188947,0.3728651813122028,0.6,1.3569699349930187,1.0889263791987032,0.0,220.3201845533842,220.96512401137474,0.0,0.0
124.36005491193738,13501.270566283085,109.46141519781493,215.10527031623434,16377.168625841297,0.2652319731325952,294.0156786209899,0.37229788462716507,0.6,1.3569699349930187,1.0884692850898292,0.0,220.424902852723,221.06823427033024,0.0,0.0
124.51006704090233,13484.860238720297,109.32537259396443,215.22313897780052,16420.167760716497,0.2657827161326888,294.0962217159226,0.3717333461684709,0.6,1.3569699349930187,1.088019934445812,0.0,220.52955686797205,221.17129016821121,0.0,0.0
124.66007916986727,13468.47026934105,109.18999299687137,215.34086202102463,16463.226460507496,0.2663339999376716,294.17664329442056,0.3711715239322751,0.6,1.3569699349930187,1.087578147269292,0.0,220.63414598067314,221.27429092493392,0.0,0.0
124.81009129883222,13452.100559505456,109.05526539867604,215.45844015215314,16506.344861409278,0.2668858261061178,294.2569439383858,0.37061237685358084,0.6,1.3569699349930187,1.0871437477555035,0.0,220.73866959201598,221.3772357838606,0.0,0.0
124.96010342779715,13435.75101255913,108.92118555550901,215.57940234453218,16549.36618467352,0.2674312834931828,294.3395328837697,0.37005285864376347,0.6,1.3569699349930187,1.0866886050134998,0.0,220.84665603089414,221.48365299594784,0.0,0.0
125.1101155567621,13419.421523693198,108.78785083413966,215.71268693718332,16591.890859873365,0.2679528005245931,294.430508325856,0.36948566047965564,0.6,1.3569699349930187,1.0861436800830926,0.0,220.9670528104403,221.60249118380221,0.0,0.0
125.26012768572704,13403.111977034348,108.65532847152124,215.84580943958508,16634.472890468347,0.26847480079204,294.5213450803666,0.36892174467650984,0.6,1.3569699349930187,1.0856098415166937,0.0,221.08738166254503,221.72127283182368,0.0,0.0
125.41013981469199,13386.822247594413,108.52364273095398,215.97877086943402,16677.112484313224,0.26899728666235934,294.61204396969384,0.368361188730348,0.6,1.3569699349930187,1.0850876239984797,0.0,221.20764565622886,221.84000125711026,0.0,0.0
125.56015194365693,13370.552220511827,108.39259559025567,216.0653930404484,16719.939472839924,0.269579954444564,294.67111777694504,0.3678426186047348,0.6,1.3569699349930187,1.0848133289411932,0.0,221.28164725258696,221.9124765803416,0.0,0.0
125.71016407262186,13354.301837562622,108.26167017492779,216.09855344736286,16762.97493972879,0.270232352902395,294.6937290779691,0.36737011850796547,0.6,1.3569699349930187,1.0848132298660167,0.0,221.302214035555,221.93152034947536,0.0,0.0
125.86017620158681,13338.071092928252,108.13073643564569,216.13167394936295,16806.069187195797,0.27088554862740766,294.71631143711136,0.36689769870005784,0.6,1.3569699349930187,1.084806660735892,0.0,221.32275533518327,221.95054037934702,0.0,0.0
126.01018833055176,13321.859989757826,107.99983383692177,216.1647545394112,16849.22209020179,0.2715395396086088,294.7388648562264,0.36642549291761733,0.6,1.3569699349930187,1.0847944055111738,0.0,221.34327493193135,221.96954090845819,0.0,0.0
126.1602004595167,13305.668521438552,107.86896094529679,216.19779523039116,16892.433548857163,0.2721943242173667,294.76138935074,0.36595349609016214,0.6,1.3569699349930187,1.0847764310321955,0.0,221.36377269052358,221.9885217836156,0.0,0.0
126.31021258848163,13289.496682894645,107.7381260465246,216.2307960320509,16935.70345848506,0.27284990075359783,294.783884933927,0.36548173612228857,0.6,1.3569699349930187,1.084752899540503,0.0,221.38424940301866,222.0074838914869,0.0,0.0
126.46022471744658,13273.344467820265,107.60733718969428,216.26375695664953,16979.03171700067,0.27350626755759344,294.80635162076175,0.36501024010541033,0.6,1.3569699349930187,1.0847239695711746,0.0,221.4047058375259,222.02642809159042,0.0,0.0
126.61023684641152,13257.211868713202,107.4766021921866,216.29667801888857,17022.418224862537,0.2741634230092499,294.8287894278695,0.3645390343349797,0.6,1.3569699349930187,1.0846897960150337,0.0,221.42514273875014,222.04535521691412,0.0,0.0
126.76024897537647,13241.09887692687,107.34592864802448,216.3295592358058,17065.862884973252,0.2748213655265339,294.8511983734546,0.36406814433923906,0.6,1.3569699349930187,1.0846505302474492,0.0,221.44556082881945,222.06426607485642,0.0,0.0
126.91026110434142,13225.005482687984,107.21532393058375,216.3624006267394,17109.365602671147,0.2754800935653261,294.8735784772747,0.36359759488877574,0.6,1.3569699349930187,1.084606320149991,0.0,221.465960807641,222.0831614476293,0.0,0.0
127.06027323330635,13208.931675127038,107.08479519704744,216.39520221326572,17152.92628568652,0.27613960561872863,294.89592976059805,0.3631274100120027,0.6,1.3569699349930187,1.0845573101659345,0.0,221.48634335339452,222.102042092819,0.0,0.0
127.21028536227129,13192.877442324037,106.95434939577285,216.42796401910599,17196.544844055396,0.2767999002157303,294.91825224613945,0.3626576130205346,0.6,1.3569699349930187,1.0845036414132208,0.0,221.50670912326865,222.12090874422282,0.0,0.0
127.36029749123624,13176.842771328065,106.82399326457791,216.46068607008644,17240.221190102864,0.27746097592092644,294.9405459580325,0.3621882265037173,0.6,1.3569699349930187,1.0844454516185156,0.0,221.52705875338452,222.13976211176802,0.0,0.0
127.51030962020118,13160.827648197312,106.6937333017559,216.4933683940568,17283.95523836975,0.2781228313333806,294.9628109217733,0.3617192722307355,0.6,1.3569699349930187,1.08438287449356,0.0,221.54739285609517,222.15860287849478,0.0,0.0
127.66032174916613,13144.832058036958,106.56357600355277,216.52601102081283,17327.746905543718,0.27878546508555574,294.98504716416784,0.36125077195606803,0.6,1.3569699349930187,1.084316044530629,0.0,221.56771204252303,222.1774317258284,0.0,0.0
127.81033387813106,13128.855984928774,106.43352837999399,216.55793136477965,17371.491496003884,0.27944807381066106,295.00678976479884,0.36078331778346745,0.6,1.3569699349930187,1.0842419956678322,0.0,221.58733435399986,222.1955667709158,0.0,0.0
127.960346007096,13112.89941127994,106.30360749610627,216.58791420576975,17415.001430514865,0.28010921868643696,295.027211172312,0.36031797566638407,0.6,1.3569699349930187,1.0841555385287704,0.0,221.60504614315428,222.21179455659464,0.0,0.0
128.11035813606094,13096.962317116546,106.1738237425958,216.61786059421033,17458.567245961734,0.2807711264726391,295.04760634100927,0.3598531947413345,0.6,1.3569699349930187,1.0840655562363775,0.0,221.62274939615736,222.22801718220046,0.0,0.0
128.2603702650259,13081.044681486872,106.0441822153674,216.64777056892245,17502.188873499275,0.2814337960295615,295.06797530276816,0.35938899199940577,0.6,1.3569699349930187,1.0839721594351446,0.0,221.6404445842621,222.2442351712825,0.0,0.0
128.41038239399083,13065.146482681808,105.91468784871216,216.67764417015175,17545.866246110407,0.282097226245959,295.08831809042044,0.3589253838786596,0.6,1.3569699349930187,1.0838754560987025,0.0,221.65813216265286,222.26044902920594,0.0,0.0
128.5603945229558,13049.267698263153,105.78534541988725,216.7074814395153,17589.599298555542,0.28276141603825766,295.1086347377156,0.3584623862799079,0.6,1.3569699349930187,1.0837755515984455,0.0,221.67581257092183,222.27665924369217,0.0,0.0
128.71040665192072,13033.408305092238,105.65615955378638,216.73728241994803,17633.387967319937,0.28342636434973534,295.12892527928415,0.35800001458278835,0.6,1.3569699349930187,1.083672548774713,0.0,221.69348623355026,222.29286628536485,0.0,0.0
128.86041878088565,13017.56827934518,105.52713472541443,216.76704715567385,17677.232190596897,0.28409207015024734,295.14918975061767,0.35753828365437207,0.6,1.3569699349930187,1.0835665479657697,0.0,221.71115356020528,222.30907060808613,0.0,0.0
129.0104309098506,13001.747596535775,105.39827526366244,216.79677569216287,17721.13190824937,0.2847585324356246,295.16942818803955,0.3570772078621835,0.6,1.3569699349930187,1.083457647062756,0.0,221.72881494614262,222.32527264941317,0.0,0.0
129.16044303881554,12985.94623154236,105.26958535573186,216.82646807608083,17765.087061759565,0.28542575022689043,295.18964062866996,0.35661680108942034,0.6,1.3569699349930187,1.0833459415779767,0.0,221.74647077265968,222.34147283111216,0.0,0.0
129.3104551677805,12970.16415848952,105.14108200838626,216.87238557531765,17809.076292054768,0.28607192891082245,295.220895236767,0.3561437679540372,0.6,1.3569699349930187,1.0831492747344849,0.0,221.7803838372768,222.37393413568972,0.0,0.0
129.46046729674543,12954.40132574543,105.01315342603948,216.98065277433076,17853.03888327942,0.2866350175520136,295.2945762432543,0.3556216804318579,0.6,1.3569699349930187,1.0826419001119836,0.0,221.87671485928098,222.46882165240982,0.0,0.0
129.61047942571037,12938.657627764604,104.8859702695788,217.08878908087408,17897.056651788436,0.28719860315090656,295.3681498243935,0.3551025062517306,0.6,1.3569699349930187,1.082144629191682,0.0,221.97299894482484,222.5636723859157,0.0,0.0
129.76049155467533,12922.932953761137,104.75951889086399,217.1967952539462,17941.12978098954,0.28776268792029613,295.4416165766541,0.35458619575920003,0.6,1.3569699349930187,1.081657228263829,0.0,222.06923533078879,222.65848538901,0.0,0.0
129.91050368364026,12907.227195004756,104.63378462240452,217.3046720384436,17985.258450760564,0.2883272740246137,295.51497708620724,0.3540726959225518,0.6,1.3569699349930187,1.0811794415176872,0.0,222.16542315281782,222.75325960272238,0.0,0.0
130.06051581260522,12891.540245004959,104.5087535286845,217.4124201638957,18029.44283686805,0.28889236357259124,295.588231928081,0.353561956262563,0.6,1.3569699349930187,1.0807110271488076,0.0,222.2615616070551,222.84799403775548,0.0,0.0
130.21052794157015,12875.871999307063,104.384411992798,217.52004034586503,18073.68311147538,0.2894579586238685,295.66138166712756,0.35305392744974695,0.6,1.3569699349930187,1.080251748880261,0.0,222.35764991273186,222.94268773238116,0.0,0.0
130.36054007053508,12860.222355334872,104.26074819072672,217.62753328702775,18117.97944352664,0.290024061193997,295.73442685877234,0.3525485662868609,0.6,1.3569699349930187,1.0798014065386599,0.0,222.45368744947282,223.03733990622058,0.0,0.0
130.51055219950004,12844.591212715468,104.13774600086414,217.73489967494226,18162.33199776724,0.2905906732420195,295.8073680475115,0.35204581511349614,0.6,1.3569699349930187,1.079359709893774,0.0,222.54967319082147,223.13194932553225,0.0,0.0
130.66056432846497,12828.978473512421,104.01538792744539,217.84214018044693,18206.740934011817,0.29115779666123554,295.8802057658394,0.35154561170531134,0.6,1.3569699349930187,1.0789263389240882,0.0,222.64560597491135,223.22651460681104,0.0,0.0
130.8105764574299,12813.384040018516,103.89368990943905,217.95040960622597,18250.864552580013,0.29171842431825296,295.9537241414607,0.3510470774132907,0.6,1.3569699349930187,1.0784757544355839,0.0,222.74264186489202,223.32219196564125,0.0,0.0
130.96058858639486,12797.807812540797,103.7726611269692,218.05864444703397,18295.016515041552,0.292278994430265,296.02720078324376,0.35055110088668284,0.6,1.3569699349930187,1.078032110551007,0.0,222.8397179874412,223.41791860512237,0.0,0.0
131.1106007153598,12782.24969169314,103.65228572879879,218.16675399837936,18339.2239941499,0.2928400629933104,296.1005741692276,0.35005769921121244,0.6,1.3569699349930187,1.0775971734536227,0.0,222.93674196338318,223.51360194355036,0.0,0.0
131.26061284432475,12766.709580404251,103.53255106002696,218.27473893295158,18383.487152529116,0.2934016319241836,296.1738448325346,0.34956682659999,0.6,1.3569699349930187,1.0771707216186721,0.0,223.03371309250178,223.60924111467614,0.0,0.0
131.41062497328969,12751.187383468046,103.41344478547562,218.38259991049424,18427.806149400378,0.2939637030938254,296.2470132968715,0.34907843841059816,0.6,1.3569699349930187,1.0767525392060247,0.0,223.1306306974838,223.7048352794892,0.0,0.0
131.56063710225462,12735.683007542797,103.29495489076008,218.4903375778108,18472.18114052792,0.2945262783267288,296.32008007654696,0.3485924911469934,0.6,1.3569699349930187,1.0763424161013657,0.0,223.22749412378352,223.80038362606473,0.0,0.0
131.71064923121958,12720.196361049895,103.17706966364496,218.5979525694676,18516.612278453147,0.295089359403997,296.3930456769615,0.348108942394342,0.6,1.3569699349930187,1.0759401475600703,0.0,223.32430273838145,223.89588536808742,0.0,0.0
131.8606613601845,12704.727354122835,103.05977768471794,218.7054455081482,18561.099712588424,0.29565294806461817,296.4659105948601,0.34762775078567404,0.6,1.3569699349930187,1.0755455340375335,0.0,223.42105592906296,223.99133974399973,0.0,0.0
132.01067348914947,12689.275898611657,102.94306782922942,218.8128170046219,18605.64358915214,0.2962170460047258,296.53867531832356,0.3471488760065572,0.6,1.3569699349930187,1.075158381244835,0.0,223.51775310434073,224.08674601691916,0.0,0.0
132.1606856181144,12673.841908022616,102.82692925638554,218.92006765816305,18650.24405129131,0.2967816548792354,296.61134032706474,0.3466722787571145,0.6,1.3569699349930187,1.0747784999512988,0.0,223.61439369268507,224.1821034737244,0.0,0.0
132.31069774707933,12658.425297437963,102.71135139445482,219.02719805710785,18694.90123926383,0.29734677630423123,296.68390609281744,0.34619792069989,0.6,1.3569699349930187,1.0744057057014007,0.0,223.71097714151972,224.2774114238626,0.0,0.0
132.4607098760443,12643.025983512758,102.59632394080923,219.13420877887629,18739.615290400132,0.2979124118565582,296.7563730793627,0.3457257644585497,0.6,1.3569699349930187,1.0740398188330371,0.0,223.80750291705556,224.37266919916027,0.0,0.0
132.61072200500922,12627.64388445592,102.48183685926772,219.24110039010364,18784.386339110428,0.2984785630739897,296.82874174262895,0.34525577360741755,0.6,1.3569699349930187,1.073680664441669,0.0,223.90397050399167,224.46787615347213,0.0,0.0
132.76073413397418,12612.278919935316,102.36788036241816,219.3478734472996,18829.2145171149,0.29904523145821393,296.90101253114955,0.3447879126100258,0.6,1.3569699349930187,1.0733280720396048,0.0,224.0003794043826,224.56303166133193,0.0,0.0
132.9107462629391,12596.931011060578,102.25444490870481,219.45452849696747,18874.099953449528,0.29961241847497777,296.9731858861534,0.3443221468079099,0.6,1.3569699349930187,1.0729818755133653,0.0,224.09672913732032,224.65813511758128,0.0,0.0
133.06075839190405,12581.600080385238,102.14152120386318,219.56106607558905,18919.042774416124,0.3001801255535257,297.0452622415656,0.3438584424241677,0.6,1.3569699349930187,1.0726419131698126,0.0,224.1930192388802,224.75318593731112,0.0,0.0
133.210770520869,12566.286051826524,102.02910018605742,219.66748671018175,18964.043103774384,0.3007483540890959,297.11724202439405,0.34339676651172124,0.6,1.3569699349930187,1.0723080274510195,0.0,224.28924926116449,224.848183554722,0.0,0.0
133.36078264983394,12550.988850625154,101.91717301848506,219.77379091857762,19009.101062818754,0.30131710544395585,297.1891256549282,0.34293708692700614,0.6,1.3569699349930187,1.071980064799676,0.0,224.3854187717547,224.9431274224766,0.0,0.0
133.5107947787989,12535.708403351266,101.80573109134015,219.87997920938201,19054.216770320963,0.3018863809467419,297.2609135467205,0.3424793723354394,0.6,1.3569699349930187,1.0716578757149307,0.0,224.48152735369638,225.03801701168763,0.0,0.0
133.66080690776383,12520.444637857538,101.69476601346442,219.98605208229915,19099.390342628198,0.3024561818937617,297.3326061068157,0.3420235921819181,0.6,1.3569699349930187,1.0713413145983535,0.0,224.57757460492044,225.13285181122976,0.0,0.0
133.81081903672876,12505.197483215343,101.58426960040484,220.0920100285754,19144.6218938137,0.3030265095509558,297.40420373606,0.34156971664919283,0.6,1.3569699349930187,1.0710302395257578,0.0,224.67356013746527,225.22763132681405,0.0,0.0
133.96083116569372,12489.966869713766,101.474233874762,220.19785353100607,19189.911535642772,0.30359736515352775,297.47570682911385,0.34111771665796664,0.6,1.3569699349930187,1.0707245122690727,0.0,224.76948357737868,225.32235508087732,0.0,0.0
134.11084329465865,12474.7527288466,101.36465106448412,220.3035830640254,19235.259377574243,0.3041687499060213,297.5471157745217,0.34066756386002833,0.6,1.3569699349930187,1.0704239982766361,0.0,224.86534456451975,225.41702261234903,0.0,0.0
134.26085542362358,12459.554993236596,101.25551358864334,220.4091990942328,19280.665526950444,0.30474066498477215,297.61843095507595,0.34021923058900666,0.6,1.3569699349930187,1.0701285663972322,0.0,224.9611427516746,225.51163347559654,0.0,0.0
134.41086755258854,12444.37359662246,101.14681405524104,220.51470208048315,19326.130089001777,0.3053131115380192,297.6896527478856,0.3397726898519467,0.6,1.3569699349930187,1.0698380888490013,0.0,225.0568778043261,225.606187240156,0.0,0.0
134.56087968155347,12429.208473863227,101.0385452628931,220.62009247385583,19371.65316679959,0.3058860906853659,297.76078152436395,0.33932791533402706,0.6,1.3569699349930187,1.0695524412681459,0.0,225.15254940065367,225.700683490736,0.0,0.0
134.71089181051843,12414.059560874332,100.93070018889415,220.72537071809933,19417.234861414523,0.3064596035198258,297.831817650536,0.33888488135717665,0.6,1.3569699349930187,1.0692715024783934,0.0,225.24815723078845,225.79512182632868,0.0,0.0
134.86090393948336,12398.926794595776,100.82327198331278,220.83053724985174,19462.875271980396,0.30703365110867803,297.902761487195,0.33844356285917326,0.6,1.3569699349930187,1.0689951543830296,0.0,225.3437009963926,225.8895018597117,0.0,0.0
135.0109160684483,12383.810112999108,100.71625397102686,220.93559249859237,19508.57449564201,0.3076082344928592,297.97361338987713,0.3380039353996317,0.6,1.3569699349930187,1.0687232820198493,0.0,225.43918041068457,225.98382321748218,0.0,0.0
135.16092819741326,12368.709455050957,100.60963964519263,221.04053688689496,19554.332627634056,0.308183354688005,298.04437370903963,0.33756597513701414,0.6,1.3569699349930187,1.0684557734402402,0.0,225.53459519800106,226.0780855395354,0.0,0.0
135.3109403263782,12353.624760661865,100.50342265758835,221.14537083078298,19600.149761406545,0.3087590126860746,298.1150427903073,0.33712965879511814,0.6,1.3569699349930187,1.0681925195232496,0.0,225.62994509318705,226.1722884783378,0.0,0.0
135.46095245534315,12338.555970686948,100.39759681918719,221.25009473972486,19646.025988593847,0.30933520945500576,298.1856209744761,0.3366949636641968,0.6,1.3569699349930187,1.0679334139995185,0.0,225.7252298415445,226.26643169887012,0.0,0.0
135.61096458430808,12323.503026917464,100.29215609917199,221.35470901669262,19691.961399011852,0.3099119459387253,298.2561085975593,0.33626186759680904,0.6,1.3569699349930187,1.0676783534434413,0.0,225.82044919870637,226.36051487847922,0.0,0.0
135.760976713273,12308.465872019882,100.187094613391,221.4592140585849,19737.956080815773,0.3104892230591743,298.3265059910795,0.3358303489680088,0.6,1.3569699349930187,1.0674272370472586,0.0,225.91560292993768,226.45453770604328,0.0,0.0
135.91098884223797,12293.444449526141,100.08240662271389,221.56361025629468,19784.010120503335,0.31106704171638927,298.3968134821201,0.3354003866690447,0.6,1.3569699349930187,1.0671799665984203,0.0,226.0106908099684,226.5484998817764,0.0,0.0
136.0610009712029,12278.438703839633,99.97808653489273,221.66789799466738,19830.123602870262,0.3116454027879857,298.46703139330333,0.33497196011289815,0.6,1.3569699349930187,1.0669364465296318,0.0,226.10571262302997,226.64240111727457,0.0,0.0
136.21101310016786,12263.448580183922,99.87412889489725,221.7720776528572,19876.296611141493,0.31222430713084465,298.53716004303675,0.3345450492009086,0.6,1.3569699349930187,1.066696583730529,0.0,226.20066816226787,226.73624113481415,0.0,0.0
136.3610252291328,12248.474024579045,99.77052838049208,221.8761496044917,19922.529227019535,0.3128037555817572,298.6071997456294,0.334119634307151,0.6,1.3569699349930187,1.0664602874668638,0.0,226.2955572294331,226.83001966698606,0.0,0.0
136.51103735809772,12233.51498384594,99.66727980368499,221.9801142176408,19968.821530646543,0.31338374895698773,298.6771508112769,0.33369569628264295,0.6,1.3569699349930187,1.0662274694212217,0.0,226.39037963490102,226.92373645672072,0.0,0.0
136.66104948706268,12218.571405986928,99.56435933655999,222.07018362201603,20014.920655174417,0.3139798139190533,298.7377394474581,0.33328349983739275,0.6,1.3569699349930187,1.0660503564018242,0.0,226.47134530499895,227.00360116387844,0.0,0.0
136.81106161602762,12203.643252831545,99.4616093367206,222.1318249283606,20060.557668028323,0.31460840718203875,298.77919775250894,0.3328933543061078,0.6,1.3569699349930187,1.065981022076855,0.0,226.52390733797716,227.05506519210437,0.0,0.0
136.96107374499258,12188.730505251857,99.35896643855236,222.19340291054064,20106.251696780706,0.3152376354439725,298.82060772435335,0.33250372922809224,0.6,1.3569699349930187,1.0659096070069967,0.0,226.57642487054673,227.10648699637838,0.0,0.0
137.1110858739575,12173.833146891217,99.25643749837747,222.2549176352051,20152.00270686161,0.3158674980783096,298.86196942789314,0.3321146470672817,0.6,1.3569699349930187,1.0658362632882805,0.0,226.62889854435383,227.15786728788422,0.0,0.0
137.26109800292244,12158.951160438522,99.1540246957138,222.3163691729463,20197.81066650334,0.3164979944978245,298.9032829306217,0.33172611462661117,0.6,1.3569699349930187,1.0657610432014633,0.0,226.68132859075988,227.20920631742587,0.0,0.0
137.4111101318874,12144.08452826847,99.05173073686387,222.37775759565633,20243.67554479754,0.31712912412782984,298.94454830084527,0.33133814046738314,0.6,1.3569699349930187,1.0656840106057448,0.0,226.73371528800098,227.2605043881938,0.0,0.0
137.56112226085233,12129.233232354367,98.94955823501601,222.43908297688685,20289.597311976737,0.3177608864100323,298.98576560792475,0.33095073283446413,0.6,1.3569699349930187,1.0656052276533987,0.0,226.78605890684548,227.31176179480676,0.0,0.0
137.71113438981726,12114.39725428606,98.84750971350674,222.50034539177534,20335.57593937406,0.3183932808019579,299.02693492222494,0.3305638996674877,0.6,1.3569699349930187,1.0655247548473434,0.0,226.8383597108515,227.3629788236096,0.0,0.0
137.86114651878222,12099.576575283,98.74558760811654,222.56154491699107,20381.611399396963,0.3190263067765699,299.068056315078,0.33017764860879967,0.6,1.3569699349930187,1.0654426510789654,0.0,226.89061795655766,227.4141557528935,0.0,0.0
138.01115864774715,12084.771176201823,98.64379426844216,222.62268163070388,20427.70366551783,0.31965996382212014,299.109129858762,0.3297919870082913,0.6,1.3569699349930187,1.065358973647121,0.0,226.9428338936145,227.46529285304706,0.0,0.0
138.1611707767121,12069.981037555124,98.54213196137451,222.68375561250656,20473.852712229098,0.32029425144151247,299.150155626448,0.329406921935301,0.6,1.3569699349930187,1.065273778321248,0.0,226.9950077650529,227.5163903868666,0.0,0.0
138.31118290567704,12055.206139523438,98.44060287321211,222.7447669433656,20520.05851501915,0.32092916915195285,299.1911336921666,0.32902246018592324,0.6,1.3569699349930187,1.0651871193764013,0.0,227.04713980745936,227.5674486097586,0.0,0.0
138.46119503464197,12040.44645859268,98.3392667560006,222.80571571950645,20566.32106093654,0.32156471663004343,299.23206414013157,0.32863880092057224,0.6,1.3569699349930187,1.0651002987847769,0.0,227.09923529860927,227.61847342613075,0.0,0.0
138.61120716360693,12025.701973971465,98.23792694400213,222.81996070936162,20612.571527995904,0.32226726179400067,299.24162962541374,0.3282896402715589,0.6,1.3569699349930187,1.0652284385852484,0.0,227.10463579956235,227.62280431606382,0.0,0.0
138.76121929257187,12010.972737572769,98.13588207417502,222.7099079693325,20658.69448724955,0.32314797685820956,299.1677214607984,0.32802964703207227,0.6,1.3569699349930187,1.0659216589044005,0.0,226.9856862507536,227.50277882891436,0.0,0.0
138.91123142153683,11996.258877255597,98.03286309513344,222.5999696068415,20704.872555447088,0.3240302587261718,299.09387187399756,0.32776620423848996,0.6,1.3569699349930187,1.066589061958361,0.0,226.86677553071664,227.38278303402313,0.0,0.0
139.06124355050176,11981.56054535681,97.92889412675719,222.49014676170924,20751.10516062406,0.32491409773962443,299.02008167435474,0.3274993892664567,0.6,1.3569699349930187,1.0672310219476955,0.0,226.74790714396661,227.26282072188033,0.0,0.0
139.2112556794667,11966.877879439135,97.82400592436782,222.3804404633857,20797.391772560328,0.3257994850138974,298.9463515977919,0.3272293018513974,0.6,1.3569699349930187,1.0678480650342428,0.0,226.62908505456085,227.14289621144093,0.0,0.0
139.36126780843165,11952.211014702074,97.71823466093512,222.27085172368044,20843.73186403135,0.3266864116983897,298.87268236906107,0.32695605997294985,0.6,1.3569699349930187,1.068440841412016,0.0,226.51031366984515,227.02301432069092,0.0,0.0
139.51127993739658,11937.560081426464,97.61161387045779,222.16138151766805,20890.12491898101,0.32757486913329165,298.7990746888889,0.32667977292798345,0.6,1.3569699349930187,1.0690099502593842,0.0,226.3915971202446,226.90317956164876,0.0,0.0
139.66129206636154,11922.925202991108,97.5041864778819,222.0520307688677,20936.57043898511,0.32846484897409434,298.7255292239759,0.32640058160136703,0.6,1.3569699349930187,1.0695562035267705,0.0,226.27294028696303,226.78339729414208,0.0,0.0
139.81130419532647,11908.30649901288,97.39597292881817,221.94221661914014,20983.10471208,0.32935778656907566,298.65165386543606,0.32611898065263023,0.6,1.3569699349930187,1.0700846167434983,0.0,226.15376231088408,226.66308690080692,0.0,0.0
139.9613163242914,11893.704088723727,97.28695201766993,221.8242607802622,21030.21238716997,0.3302727346577013,298.5722809800732,0.3258405358271115,0.6,1.3569699349930187,1.0706563614206608,0.0,226.02638329853613,226.5345682940405,0.0,0.0
140.11132845325636,11879.118094307669,97.17711585816792,221.7064370060731,21077.372900429884,0.3311892892849466,298.49297589071415,0.32555913775923134,0.6,1.3569699349930187,1.0712047229808148,0.0,225.89907655773402,226.40611472771758,0.0,0.0
140.2613405822213,11864.548627157583,97.0667589262324,221.70898514245982,21124.340548139062,0.33192347821916346,298.49469121896055,0.32518755536268196,0.6,1.3569699349930187,1.0711424107440195,0.0,225.89210755392216,226.39799476559168,0.0,0.0
140.41135271118625,11849.995676241791,96.9570552952166,221.8221890739086,21171.133465544834,0.3324889602053479,298.57088673326365,0.32473713815853655,0.6,1.3569699349930187,1.0705433265871576,0.0,225.99586140381905,226.50060576693286,0.0,0.0
140.56136484015119,11835.459114314172,96.84824389346768,221.93526603582347,21217.97737746502,0.33305485630646836,298.6469773791714,0.324290052232828,0.6,1.3569699349930187,1.0699597876923415,0.0,226.09957569891088,226.6031877849964,0.0,0.0
140.71137696911612,11820.938811131007,96.74028562769742,222.04821703960835,21264.872584347097,0.33362117005468944,298.7229639171442,0.3238461628766175,0.6,1.3569699349930187,1.069390980038535,0.0,226.20324783383893,226.70573777702933,0.0,0.0
140.86138909808108,11806.434640249372,96.633160228083,222.16104306712162,21311.81937739911,0.3341879048656622,298.7988470868909,0.32340539854888406,0.6,1.3569699349930187,1.0688365037582002,0.0,226.30687680584748,226.808254500266,0.0,0.0
141.011401227046,11791.946478321595,96.52684691433218,222.27374507616383,21358.81804075462,0.33475506406486333,298.87462761108657,0.32296768610261106,0.6,1.3569699349930187,1.068295946466295,0.0,226.4104615539607,226.91073664958918,0.0,0.0
141.16141335601094,11777.47420504816,96.42132549923946,222.38632400084327,21405.86885152489,0.33532265088839747,298.950306195643,0.32253295447751823,0.6,1.3569699349930187,1.0677689076519423,0.0,226.51400105392284,227.0131829639078,0.0,0.0
141.3114254849759,11763.017703081476,96.31657636925065,222.49878075232422,21452.972080012834,0.3358906684857456,299.02588353023486,0.3221011346314172,0.6,1.3569699349930187,1.0672549982774773,0.0,226.61749431686079,227.11559222456708,0.0,0.0
141.46143761394083,11748.57685801897,96.21258048425396,222.61111621887977,21500.127989638895,0.33645911991903676,299.1013602883581,0.3216721595364769,0.6,1.3569699349930187,1.0667538407926787,0.0,226.72094038891376,227.2179632549273,0.0,0.0
141.6114497429058,11734.151558280575,96.10931935325434,222.7233312668447,21547.33683724572,0.3370280081668833,299.17673712799245,0.3212459640942513,0.6,1.3569699349930187,1.066265068629784,0.0,226.82433834971474,227.320294918546,0.0,0.0
141.76146187187072,11719.741694972769,96.0067750068263,222.83542674167222,21594.598873451614,0.3375973361287954,299.2520146923333,0.3208224850400178,0.6,1.3569699349930187,1.065788325628048,0.0,226.92768731072303,227.42258611718148,0.0,0.0
141.91147400083565,11705.347161875745,95.90492999530628,222.9474034680335,21641.914342604905,0.33816710662478155,299.32719360987863,0.3204016609339605,0.6,1.3569699349930187,1.065323266013808,0.0,227.03098641481483,227.52483579032145,0.0,0.0
142.0614861298006,11690.967855390732,95.80376737906961,223.0592622502269,21689.283482869538,0.3387373223965273,299.40227449472457,0.31998343212572244,0.6,1.3569699349930187,1.0648695542106377,0.0,227.13423483551895,227.62704291427715,0.0,0.0
142.21149825876554,11676.603674376547,95.70327069536593,223.1710038734489,21736.706526678998,0.3393079861130042,299.47725794743826,0.3195677406401356,0.6,1.3569699349930187,1.0644268641422574,0.0,227.23743177513495,227.72920649992002,0.0,0.0
142.3615103877305,11662.254520118808,95.60342395245704,223.28262910403322,21784.183700757465,0.33987910037085994,299.55214455523696,0.3191545301550258,0.6,1.3569699349930187,1.063994879124891,0.0,227.34057646416178,227.83132559201232,0.0,0.0
142.51152251669544,11647.920296316099,95.5042116280207,223.39413868955785,21831.715226085995,0.3404506676941477,299.6269348920785,0.3187437459933968,0.6,1.3569699349930187,1.0635732918530822,0.0,227.4436681609658,227.93339926882214,0.0,0.0
142.66153464566037,11633.600908936316,95.40561864009003,223.50553335996233,21879.301318300502,0.34102269053924406,299.70162951942905,0.31833533502327876,0.6,1.3569699349930187,1.0631618037904336,0.0,227.5467061501396,228.03542664014861,0.0,0.0
142.81154677462533,11619.296266151572,95.30763033399626,223.61681382805358,21926.942187834335,0.34159517129668876,299.77622898661906,0.3179292456115673,0.6,1.3569699349930187,1.0627601249059009,0.0,227.6496897416248,228.13740684627734,0.0,0.0
142.96155890359026,11605.006278335582,95.21023248288418,223.7279807895257,21974.638039854093,0.34216811229053623,299.85073383087376,0.3175254276235524,0.6,1.3569699349930187,1.0623679737049103,0.0,227.75261827050872,228.23933905775039,0.0,0.0
143.11157103255522,11590.7308579716,95.1134112694657,223.83903492367614,22022.38907449539,0.34274151578130946,299.9251445778097,0.3171238323594119,0.6,1.3569699349930187,1.0619850768535564,0.0,227.85549109593802,228.3412224740614,0.0,0.0
143.26158316152015,11576.469919550284,95.01715326529023,223.94997689419935,22070.195487135516,0.3433153839693899,299.9994617419822,0.3167244124824823,0.6,1.3569699349930187,1.0616111687477292,0.0,227.95830759991452,228.44305632221037,0.0,0.0
143.41159529048508,11562.223379566474,94.9214454308247,224.0608073492119,22118.057468338553,0.34388971899447135,300.0736858269177,0.31632712201754115,0.6,1.3569699349930187,1.0612459915341732,0.0,228.0610671870919,228.54483985647244,0.0,0.0
143.56160741945004,11547.991157349881,94.82626578918935,224.1715269147895,22165.97520098873,0.34446452290128976,300.1478173208021,0.3159318852811704,0.6,1.3569699349930187,1.0608890863474558,0.0,228.16376849279976,228.64657147142563,0.0,0.0
143.71161954841497,11533.773168807498,94.73160493710769,224.22209551724976,22213.894114452873,0.34513133949433406,300.1816690770723,0.31558091214685446,0.6,1.3569699349930187,1.0608216442033294,0.0,228.2063705184585,228.6882100566377,0.0,0.0
143.86163167737993,11519.569411828685,94.63636264311201,224.12614714004698,22261.734824995805,0.34602269672317376,300.1174358314256,0.31533110490877564,0.6,1.3569699349930187,1.0614238719950384,0.0,228.10241466090778,228.58328581195715,0.0,0.0
144.01164380634486,11505.380007427866,94.54025847483372,224.0302952891714,22309.630282780676,0.34691551930751763,300.0532534760884,0.3150782648732977,0.6,1.3569699349930187,1.062002365332817,0.0,227.99849103210497,228.47838602017674,0.0,0.0
144.1616559353098,11491.205082307893,94.44332686511729,223.9345408218214,22357.579968344522,0.3478097985619897,299.98912261788826,0.3148225043659822,0.6,1.3569699349930187,1.0625577714436885,0.0,227.89460359747213,228.37351502261254,0.0,0.0
144.31166806427476,11477.044758347165,94.34557290131613,223.816653687857,22405.53373757018,0.34873938903930696,299.9101497329719,0.31457945983261215,0.6,1.3569699349930187,1.0631933199453778,0.0,227.76852294671423,228.2464434863493,0.0,0.0
144.4616801932397,11462.899199871663,94.24629761379667,223.529982868834,22453.162474699566,0.3499289235485448,299.7180214117421,0.31444988582893524,0.6,1.3569699349930187,1.0645758802767424,0.0,227.47353978120563,227.9504550646296,0.0,0.0
144.61169232220465,11448.768683895954,94.14502076757785,223.24361562632927,22500.841860616834,0.35112182595904123,299.52597350580555,0.3143133787886782,0.6,1.3569699349930187,1.065910455791461,0.0,227.1787016188926,227.65459246899127,0.0,0.0
144.76170445116958,11434.653505659106,94.04182420639746,222.95755794771017,22548.570788155954,0.3523180776147326,299.33401018914327,0.3141701945160668,0.6,1.3569699349930187,1.0671984904769585,0.0,226.88402182146493,227.3588699529401,0.0,0.0
144.9117165801345,11420.553950095882,93.93673953378261,222.6718156116178,22596.348176043084,0.3535176603436757,299.142135506177,0.31402042167958955,0.6,1.3569699349930187,1.068440306820198,0.0,226.58950933138635,227.06329684155773,0.0,0.0
145.06172870909947,11406.47026863931,93.83036031495055,222.53631015608534,22645.123168660844,0.35449646681168373,299.0511011738967,0.31376029028693886,0.6,1.3569699349930187,1.0689733150383638,0.0,226.4451356690638,226.91785069988504,0.0,0.0
145.2117408380644,11392.402599010771,93.72329641344135,222.41335094036708,22694.026740134457,0.355458427693117,298.96847158061564,0.31348889706642274,0.6,1.3569699349930187,1.0694293786571136,0.0,226.31326131437075,226.78489819008342,0.0,0.0
145.36175296702933,11378.351039291401,93.61557926582528,222.2905319918501,22742.979953886104,0.3564220058614829,298.88591344344474,0.3132150933019439,0.6,1.3569699349930187,1.069864932591131,0.0,226.18148310316812,226.65203648765754,0.0,0.0
145.5117650959943,11364.315685302032,93.50724250087116,222.1678541499313,22791.982340153038,0.3573871934575571,298.80342738608414,0.31293898908344975,0.6,1.3569699349930187,1.0702806428782345,0.0,226.04980485449164,226.51926977198661,0.0,0.0
145.66177722495922,11350.296627809716,93.3983148866221,222.0453182098468,22841.03344332464,0.35835398287732073,298.721014003166,0.3126606783867982,0.6,1.3569699349930187,1.0706770703705732,0.0,225.91822992822122,226.3866017131066,0.0,0.0
145.81178935392418,11336.29395332508,93.28882437454547,221.92292492964026,22890.132819326795,0.3593223667212757,298.6386738649013,0.3123802525882754,0.6,1.3569699349930187,1.0710547625311095,0.0,225.7867615692332,226.25403585663966,0.0,0.0
145.96180148288911,11322.30774427296,93.17879813036747,221.80067503165347,22939.28003517574,0.3602923377863838,298.55640751804816,0.31209780056297964,0.6,1.3569699349930187,1.0714142539241878,0.0,225.65540291169387,226.12157562842694,0.0,0.0
146.11181361185405,11308.338079078714,93.06825874179381,221.6785692032801,22988.474668821582,0.36126388906369633,298.4742154863854,0.31181339597503366,0.6,1.3569699349930187,1.0717559786801754,0.0,225.52415666666803,225.98922398426643,0.0,0.0
146.261825740819,11294.385015093918,92.9576568273522,221.639032499369,23033.02935186598,0.3620286342740686,298.4475976384363,0.3114706151529109,0.6,1.3569699349930187,1.0714735206040489,0.0,225.47548523494356,225.93944784138884,0.0,0.0
146.41183786978394,11280.448515309336,92.8473253672187,221.59726666931164,23082.714560837296,0.3628779576380667,298.41947646595344,0.3111302468148778,0.6,1.3569699349930187,1.0714392916012334,0.0,225.42461783649298,225.88747974192992,0.0,0.0
146.5618499987489,11266.528562196,92.73705374968509,221.5555502449355,23132.447983328453,0.36372827820395637,298.39138591308745,0.31078998298126687,0.6,1.3569699349930187,1.0714004887857789,0.0,225.37381558059198,225.83557868816368,0.0,0.0
146.71186212771383,11252.625146237904,92.6268488860095,221.51388319837125,23182.229502741266,0.3645795941783379,298.3633259697179,0.3104498469607842,0.6,1.3569699349930187,1.0713572718202262,0.0,225.32307899023118,225.7837452696991,0.0,0.0
146.86187425667876,11238.738256939061,92.51671715261135,221.47226549881134,23232.059005595118,0.36543190381944407,298.3352966237319,0.3101098602801123,0.6,1.3569699349930187,1.0713097889440324,0.0,225.27240853883148,225.73198002093616,0.0,0.0
147.01188638564372,11224.867882861758,92.4066647105305,221.43069711262473,23281.936381427888,0.36628520543550225,298.3072978611008,0.30977004375386524,0.6,1.3569699349930187,1.0712581842994517,0.0,225.22180467683714,225.6802834508609,0.0,0.0
147.16189851460865,11211.014011666957,92.29669751313111,221.38917800347767,23331.86152268722,0.36713949738292956,298.2793296659606,0.30943041750996647,0.6,1.3569699349930187,1.0712025980715816,0.0,225.17126783257723,225.62865604399653,0.0,0.0
147.3119106435736,11197.176630132191,92.18682130937697,221.3477081323875,23381.83432470198,0.3679947780658968,298.2513920206473,0.30909100100024034,0.6,1.3569699349930187,1.0711431665310072,0.0,225.12079841269343,225.57709826087648,0.0,0.0
147.46192277253854,11183.355724184617,92.077041649941,221.30628745782158,23431.854685597325,0.36885104593492846,298.22348490576286,0.3087518130204832,0.6,1.3569699349930187,1.0710800221403294,0.0,225.0703968028428,225.52561053882005,0.0,0.0
147.61193490150347,11169.551278941264,91.96736389493407,221.26491593581778,23481.92250618295,0.3697082994850388,298.19560830025534,0.3084128717359628,0.6,1.3569699349930187,1.0710132936982955,0.0,225.02006336855064,225.4741932928741,0.0,0.0
147.76194703046843,11155.763271590227,91.8579824844968,221.28845326291548,23531.729648989804,0.3704530746428853,298.2114683404598,0.30802967771724016,0.6,1.3569699349930187,1.0706196095334375,0.0,225.03467363617065,225.48772396377584,0.0,0.0
147.91195915943337,11141.991617288813,91.74935664477191,221.34855606868598,23581.40921700111,0.37113436388081184,298.2519632891309,0.3076236469090009,0.6,1.3569699349930187,1.070053294045634,0.0,225.08592156154057,225.53790102142665,0.0,0.0
148.06197128839833,11128.23619653373,91.64156344466964,221.40858828686845,23631.135136383327,0.37181613107702377,298.2924051908656,0.3072205723308034,0.6,1.3569699349930187,1.0695014852768698,0.0,225.13717713111487,225.58809518426804,0.0,0.0
148.21198341736326,11114.49688481799,91.53458393145645,221.46855045993053,23680.907709048544,0.3724983803313838,298.3327944326068,0.306820388638615,0.6,1.3569699349930187,1.0689637973470807,0.0,225.1884391078259,225.63830500002365,0.0,0.0
148.3619955463282,11100.773561932348,91.42838962179849,221.52844311159376,23730.727224434926,0.373181115568966,298.3731313884355,0.30642299860027583,0.6,1.3569699349930187,1.0684396200288984,0.0,225.23970547112026,225.68852814044746,0.0,0.0
148.51200767529315,11087.066111678285,91.32296303243162,221.58826674808557,23780.59396039645,0.37386434055245726,298.41341642042323,0.30602834191533196,0.6,1.3569699349930187,1.067928598187122,0.0,225.29097508737675,225.73876327360261,0.0,0.0
148.66201980425808,11073.374420300157,91.21828508826897,221.64802186498162,23830.50818878002,0.37454805895874105,298.4536498832474,0.30563635299468717,0.6,1.3569699349930187,1.067430338147497,0.0,225.34224669152968,225.78900892149977,0.0,0.0
148.812031933223,11059.69837686892,91.11433728612366,221.70770894553087,23880.470173936606,0.3752322743586178,298.4938321230692,0.30524696821392666,0.6,1.3569699349930187,1.0669444581716196,0.0,225.3935190610671,225.8392636553402,0.0,0.0
148.96204406218797,11046.037873246285,91.01110168853162,221.76732846081163,23930.480172752938,0.37591699021737146,298.5339634776454,0.3048601258909915,0.6,1.3569699349930187,1.0664705883450631,0.0,225.44479101530027,225.8895260946782,0.0,0.0
149.1120561911529,11032.392803894982,90.90856088333697,221.8268808705594,23980.53843524896,0.3766022099030766,298.5740442768913,0.30447576614874894,0.6,1.3569699349930187,1.0660083696852232,0.0,225.49606141255308,225.9397949041705,0.0,0.0
149.26206832011786,11018.763061671576,90.80680998482768,221.92436164014046,24030.37511027948,0.3772191024984044,298.63964054426583,0.30406817333202574,0.6,1.3569699349930187,1.0653656768933213,0.0,225.58533319766664,226.02807393319077,0.0,0.0
149.4120804490828,11005.148504956449,90.70611103126295,222.04586172478156,24080.087992828634,0.37779263970171456,298.7213796024824,0.30364787131061166,0.6,1.3569699349930187,1.06462037092777,0.0,225.69871821699599,226.1404775545692,0.0,0.0
149.56209257804773,10991.548972992076,90.60650137122147,222.16722824306055,24129.848899481844,0.37836653009802484,298.8030064807947,0.30323155860563644,0.6,1.3569699349930187,1.0638970858508403,0.0,225.81206631178782,226.25285593881927,0.0,0.0
149.71210470701268,10977.964303887848,90.50795058709643,222.28846263803476,24179.658296642094,0.3789407789927158,298.8845222412661,0.30281912863335375,0.6,1.3569699349930187,1.0631951592254032,0.0,225.9253761914963,226.36520746480596,0.0,0.0
149.86211683597762,10964.394341365287,90.41042192348364,222.40956630270307,24229.516634387794,0.3795153914956938,298.9659279110325,0.3024104537771553,0.6,1.3569699349930187,1.062513778293518,0.0,226.03864602040994,226.47752990635277,0.0,0.0
150.01212896494258,10950.838934442256,90.31388716324919,222.53054058282297,24279.424347435648,0.3800903725328394,299.04722448424616,0.3020054351583087,0.6,1.3569699349930187,1.061852329432553,0.0,226.15187461588047,226.58982177503785,0.0,0.0
150.1621410939075,10937.297936159597,90.21831743485004,222.65138678827367,24329.381859653757,0.38066572689830963,299.12841292975776,0.30160397185684723,0.6,1.3569699349930187,1.061210182433506,0.0,226.2650607193138,226.70208150164794,0.0,0.0
150.31215322287244,10923.77120383556,90.12368478219112,222.77210619078457,24379.3895829782,0.38124145924230995,299.2094941896284,0.3012059661618689,0.6,1.3569699349930187,1.060586727335129,0.0,226.3782031195565,226.81430757476144,0.0,0.0
150.4621653518374,10910.25859899353,90.02996214968556,222.89270002457948,24429.447917529444,0.38181757407269745,299.29046917960227,0.30081132351614964,0.6,1.3569699349930187,1.059981374082639,0.0,226.49130065172116,226.92649853935373,0.0,0.0
150.61217748080233,10896.759987079206,89.93712331996662,223.01316948889973,24479.55725251368,0.38239407576560897,299.3713387908387,0.3004199523014554,0.6,1.3569699349930187,1.0593935510986587,0.0,226.6043521941349,227.03865299307137,0.0,0.0
150.7621896097673,10883.275237388574,89.84514289831277,223.13351574864623,24529.717966352033,0.3829709685671868,299.45210389037965,0.300031763781504,0.6,1.3569699349930187,1.058822704929506,0.0,226.717356667181,227.15076958485628,0.0,0.0
150.91220173873222,10869.804223041067,89.75399630792325,223.25373993461824,24579.930426643878,0.3835482565933943,299.5327653213452,0.29964667208154416,0.6,1.3569699349930187,1.0582683001441964,0.0,226.83031303262587,227.2628470141621,0.0,0.0
151.06221386769715,10856.346820758072,89.66365974137996,223.37384314548936,24630.194990858963,0.3841259438382051,299.6133239042943,0.29926459402059596,0.6,1.3569699349930187,1.0577298182255597,0.0,226.94322029121145,227.37488402801685,0.0,0.0
151.2122259966621,10842.902910727264,89.57411013091188,223.4938264490176,24680.512006717552,0.38470403417819116,299.69378043806876,0.29888544900724834,0.6,1.3569699349930187,1.0572067568945072,0.0,227.05607748101534,227.48687941903805,0.0,0.0
151.36223812562704,10829.472376588048,89.4853251461726,223.61369088217452,24730.881812121996,0.3852825313719507,299.7741356999123,0.2985091590281542,0.6,1.3569699349930187,1.0566986300703467,0.0,227.1688836769428,227.59883202484787,0.0,0.0
151.512250254592,10816.055105301517,89.39728316626933,223.7334374523053,24781.30473552279,0.3858614390645222,299.8543904462791,0.29813564855000996,0.6,1.3569699349930187,1.0562049672387204,0.0,227.2816379892196,227.71074072624333,0.0,0.0
151.66226238355694,10802.650986959452,89.3099632377742,223.85306713883253,24831.781096520124,0.3864407607944928,299.9345454140059,0.2977648443746211,0.6,1.3569699349930187,1.0557253124957178,0.0,227.39433956134135,227.82260444469168,0.0,0.0
151.81227451252187,10789.259914757868,89.22334506952164,223.97258089349188,24882.311205852635,0.3870204999940617,300.0146013204984,0.2973966756178193,0.6,1.3569699349930187,1.0552592244418277,0.0,227.5069875694999,227.9344221416588,0.0,0.0
151.96228664148683,10775.881784946583,89.13740902253316,224.09197964078137,24932.895365477267,0.387600659990147,300.0945588640604,0.29703107367205367,0.6,1.3569699349930187,1.0548062759651171,0.0,227.61958122184998,228.04619281773296,0.0,0.0
152.11229877045176,10762.516496621825,89.05213606445393,224.21126427981193,24983.533869246763,0.3881812440123404,300.1744187251603,0.2966679720499103,0.6,1.3569699349930187,1.0543660532038464,0.0,227.73211975638534,228.1579155100201,0.0,0.0
152.2623108994167,10749.16395409901,88.96744468320327,224.3061373898925,25034.096818385853,0.38880234655600476,300.237920148232,0.29632314478890176,0.6,1.3569699349930187,1.0540453487935995,0.0,227.82029916242956,228.24528541088193,0.0,0.0
152.41232302838165,10735.824084284657,88.88317327167297,224.3892304957484,25084.651421278475,0.3894432382952728,300.2935258297364,0.2959876441760816,0.6,1.3569699349930187,1.053783647851894,0.0,227.89673807881064,228.3209196007864,0.0,0.0
152.56233515734658,10722.496826904438,88.7992876808799,224.47224538730987,25135.26038519157,0.3900846351264712,300.34906889031663,0.29565361400640194,0.6,1.3569699349930187,1.0535277836477466,0.0,227.97313550855003,228.39651674571934,0.0,0.0
152.71234728631154,10709.182124986934,88.7157789654201,224.55518241846715,25185.9238437968,0.39072653861760465,300.40454960142057,0.2953210232106304,0.6,1.3569699349930187,1.0532775687956355,0.0,228.0494910146454,228.47207631303152,0.0,0.0
152.86235941527647,10695.879922540455,88.63264091491557,224.6380419370146,25236.641928297286,0.3913689503037096,300.45996823017964,0.29498984985252646,0.6,1.3569699349930187,1.053032880213825,0.0,228.12580437228695,228.5475980086651,0.0,0.0
153.0123715442414,10682.59016455927,88.54986500168944,224.72082428461172,25287.414767370927,0.39201187168618934,300.5153250393878,0.2946600643081461,0.6,1.3569699349930187,1.0527935392122127,0.0,228.20207517052924,228.62308133065815,0.0,0.0
153.16238367320636,10669.312797291544,88.46744346967013,224.80352979511403,25338.24248610953,0.3926553042194359,300.5706202863899,0.2943316395507203,0.6,1.3569699349930187,1.0525593847611845,0.0,228.27830305409844,228.6985258403967,0.0,0.0
153.3123958021713,10656.047768134329,88.38536879660282,224.88615879522698,25389.12520637841,0.3932992493154532,300.62585422352464,0.29400454935883713,0.6,1.3569699349930187,1.0523302607607237,0.0,228.3544876815309,228.77393111561196,0.0,0.0
153.46240793113626,10642.795025622072,88.30363369227634,224.96871160457738,25440.063046819887,0.3939437083439632,300.68102709817714,0.29367876830966055,0.6,1.3569699349930187,1.05210601601613,0.0,228.43062872499692,228.84929675017378,0.0,0.0
153.6124200601012,10629.554519344489,88.22223108070395,225.05118853622483,25491.05612313037,0.39458868263597463,300.73613915312575,0.2933542717185175,0.6,1.3569699349930187,1.0518865038403882,0.0,228.50672586930918,228.92462235291765,0.0,0.0
153.76243218906612,10616.326199927913,88.1411540962642,225.13358989677778,25542.104548095456,0.3952341734842849,300.79119062662437,0.293031035625225,0.6,1.3569699349930187,1.0516715819798161,0.0,228.5827788116381,228.99990754731144,0.0,0.0
153.91244431803108,10603.110019037944,88.06039608504464,225.21591598637684,25593.20843154335,0.39588018214294834,300.846181752396,0.29270903679781646,0.6,1.3569699349930187,1.051461112661018,0.0,228.65878726150405,229.07515197144863,0.0,0.0
154.062456446996,10589.905929316043,87.97995059117878,225.2981670990896,25644.36788055422,0.3965267098299794,300.9011127599008,0.2923882526861274,0.6,1.3569699349930187,1.0512549622881446,0.0,228.7347509400096,229.15035527714008,0.0,0.0
154.21246857596097,10576.7138843403,87.89981134837872,225.3803435231549,25695.582999578728,0.39717375772890434,300.95598387450366,0.2920686613927978,0.6,1.3569699349930187,1.0510530012600658,0.0,228.81066957933368,229.2255171293175,0.0,0.0
154.3624807049259,10563.533838629392,87.81997228137998,225.46244554095802,25746.85389038967,0.3978213269882017,301.01079531746194,0.29175024167741354,0.6,1.3569699349930187,1.0508551040184444,0.0,228.8865429227346,229.30063720603965,0.0,0.0
154.51249283389083,10550.365747609241,87.74042749905101,225.5444734292383,25798.18065217909,0.3984694187225806,301.06554730606797,0.29143297293281023,0.6,1.3569699349930187,1.0506611489013644,0.0,228.9623707241365,229.3757151980039,0.0,0.0
154.6625049628558,10537.209567555805,87.66117128191102,225.62642745944535,25849.563381750297,0.399118034015455,301.1202400538908,0.29111683514274067,0.6,1.3569699349930187,1.0504710178655015,0.0,229.038152747433,229.4507508077224,0.0,0.0
154.81251709182072,10524.065255592086,87.5821980818183,225.70830789775746,25901.002173499455,0.39976717391875694,301.1748737707927,0.2908018088802195,0.6,1.3569699349930187,1.0502845964919791,0.0,229.11388876640623,229.5257437494292,0.0,0.0
154.96252922078568,10510.932769681604,87.50350252111883,225.7901150051224,25952.49711941199,0.40041683945293893,301.2294486629596,0.29048787530406756,0.6,1.3569699349930187,1.0501017739798784,0.0,229.18957856462686,229.60069374896318,0.0,0.0
155.11254134975061,10497.812068565532,87.42507937890488,225.87184903764864,26004.048309279882,0.40106703160976037,301.28396493316615,0.2901750161124519,0.6,1.3569699349930187,1.049922442837476,0.0,229.26522193470544,229.6756005428817,0.0,0.0
155.26255347871555,10484.703111749026,87.34692358817163,225.95351024669057,26055.655830728516,0.4017177513526683,301.33842278083574,0.2898632135328434,0.6,1.3569699349930187,1.0497464988277543,0.0,229.34081867808968,229.7504638782229,0.0,0.0
155.4125656076805,10471.605859505808,87.2690302374375,226.03509887881975,26107.319769171983,0.4023689996162769,301.392822402025,0.28955245032687005,0.6,1.3569699349930187,1.04957384101873,0.0,229.4163686050955,229.82528351254385,0.0,0.0
155.56257773664544,10458.520272829897,87.19139456026339,226.11661517612552,26159.04020797661,0.4030207773084689,301.4471639896274,0.2892427097548132,0.6,1.3569699349930187,1.0494043715496202,0.0,229.49187153433058,229.90005921323842,0.0,0.0
155.71258986561037,10445.446313405691,87.11401192874402,226.19805937640135,26210.817228554788,0.4036730853116185,301.5014477335009,0.28893397555339323,0.6,1.3569699349930187,1.0492379954893474,0.0,229.5673272923162,229.97479075709057,0.0,0.0
155.86260199457533,10432.383943613047,87.03687785509132,226.27943171311296,26262.65091032028,0.40432592448206484,301.5556738204495,0.2886262319405547,0.6,1.3569699349930187,1.049074620884952,0.0,229.64273571351944,230.04947793031434,0.0,0.0
156.01261412354026,10419.333126502932,86.95998798657887,226.36073241554996,26314.541330761025,0.4049792956510678,301.60984243432756,0.28831946359812016,0.6,1.3569699349930187,1.048914158653958,0.0,229.71809664005625,230.1241205282027,0.0,0.0
156.16262625250522,10406.29382575099,86.88333809469303,226.4419617091151,26366.488565600375,0.4056331996268733,301.66395375623557,0.2880136556351725,0.6,1.3569699349930187,1.0487565223392699,0.0,229.79340992108803,230.1987183544162,0.0,0.0
156.31263838147015,10393.26600564067,86.80692385004807,226.5231198154292,26418.49268884315,0.4062876371953273,301.7180079645926,0.28770879284154327,0.6,1.3569699349930187,1.0486016226833847,0.0,229.8686753955254,230.27327120158228,0.0,0.0
156.46265051043508,10380.249631225632,86.73074198606201,226.6042069513193,26470.553772103744,0.40694260911145586,301.7720052344654,0.2874048635448325,0.6,1.3569699349930187,1.0484493957316905,0.0,229.94389298065946,230.34777895076758,0.0,0.0
156.61266263940004,10367.24466709416,86.65481556861114,226.69853742065348,26522.17061398302,0.407566474675351,301.8348093046284,0.28709351240252184,0.6,1.3569699349930187,1.048219035835046,0.0,230.0323787080105,230.43555784242656,0.0,0.0
156.76267476836497,10354.251061081222,86.5793382965339,226.81008017701006,26573.190721392428,0.40814967882076614,301.90905624647496,0.28677290894464447,0.6,1.3569699349930187,1.04789114033292,0.0,230.1381163707119,230.54059346431876,0.0,0.0
156.91268689732993,10341.26874128975,86.50434262628144,226.92152650220703,26624.26473974928,0.40873331094944365,301.98322076919345,0.28645413611373105,0.6,1.3569699349930187,1.047572377596886,0.0,230.24379965331113,230.64557979156652,0.0,0.0
157.06269902629487,10328.297636454941,86.42981533101175,227.03287700683615,26675.39288342357,0.40931737336334034,302.057303339676,0.28613714806894713,0.6,1.3569699349930187,1.0472624536899011,0.0,230.3494280550856,230.7505161890501,0.0,0.0
157.2127111552598,10315.337677291413,86.35574361555102,227.14413228450766,26726.57536072358,0.4099018682923854,302.13130441299626,0.28582190045923755,0.6,1.3569699349930187,1.0469610842919168,0.0,230.45500109552813,230.85540204636362,0.0,0.0
157.36272328422476,10302.388796401765,86.28211509628557,227.255292912635,26777.81237418797,0.41048679789793363,302.20522443294647,0.28550835035424715,0.6,1.3569699349930187,1.0466679942414823,0.0,230.56051831339587,230.96023677665394,0.0,0.0
157.5127354131897,10289.450928184931,86.20891778060393,227.36635945322112,26829.10412088312,0.4110721642762731,302.2790638325755,0.2851964561738646,0.6,1.3569699349930187,1.046382917065655,0.0,230.66597926573797,231.0650198154359,0.0,0.0
157.66274754215465,10276.524008829165,86.1361400659663,227.47733245291832,26880.450792367894,0.4116579694583329,302.3528230342427,0.28488617768325264,0.6,1.3569699349930187,1.0461055949759706,0.0,230.7713835277101,231.16975062037685,0.0,0.0
157.81275967111958,10263.607976257925,86.06377072831187,227.58821244349264,26931.852574845787,0.4122442154115251,302.4265024499407,0.28457747595238486,0.6,1.3569699349930187,1.0458357786113734,0.0,230.87673069198206,231.27442867057673,0.0,0.0
157.9627718000845,10250.70277001617,85.99179889649619,227.69899994279956,26983.30964955774,0.41283090404433004,302.50010248195724,0.28427031326915075,0.6,1.3569699349930187,1.045573226448046,0.0,230.98202036759824,231.37905346517255,0.0,0.0
158.11278392904947,10237.808331253182,85.92021404877126,227.80969545493116,27034.822192793446,0.41341803720652204,302.57362352298577,0.2839646531259659,0.6,1.3569699349930187,1.0453177047329247,0.0,231.08725217970374,231.48362452301373,0.0,0.0
158.2627960580144,10224.924602706431,85.84900600994408,227.92029947035434,27086.3903758994,0.414005616689359,302.6470659562299,0.2836604602086575,0.6,1.3569699349930187,1.045068987433944,0.0,231.19242576931782,231.58814138239126,0.0,0.0
158.41280818697936,10212.051528590171,85.77816492633868,228.0308124668669,27138.014365669806,0.4145936442301312,302.72043015605055,0.28335770031154006,0.6,1.3569699349930187,1.0448268556608666,0.0,231.2975407922382,231.69260359969408,0.0,0.0
158.5628203159443,10199.189054558929,85.7076812577185,228.14123490991088,27189.694324441214,0.41518212151332756,302.7937164881856,0.28305634030903887,0.6,1.3569699349930187,1.0445910974892811,0.0,231.40259691860547,231.7970107488827,0.0,0.0
158.71283244490922,10186.337127704028,85.63754577726243,228.25156725260177,27241.430410055636,0.41577105017030414,302.86692530978075,0.28275634815412726,0.6,1.3569699349930187,1.0443615079770379,0.0,231.5075938328012,231.90136242137166,0.0,0.0
158.86284457387418,10173.495696475331,85.56774955413927,228.36180993640053,27293.222776125545,0.4163604317823862,302.9400569698461,0.28245769281893435,0.6,1.3569699349930187,1.0441378887650974,0.0,231.61253123266897,232.00565822507488,0.0,0.0
159.01285670283912,10160.664710616955,85.4982839390609,228.47196339166487,27345.07157224548,0.4169502678833572,303.0131118096332,0.28216034424535025,0.6,1.3569699349930187,1.0439200477484216,0.0,231.71740882884936,232.10989778359377,0.0,0.0
159.16286883180405,10147.844121163862,85.42914056404342,228.5820280376785,27396.9769439604,0.4175405599591782,303.08609016266405,0.28186427334291136,0.6,1.3569699349930187,1.043707799086184,0.0,231.82222634467826,232.21408073609956,0.0,0.0
159.312880960769,10135.033880403316,85.36031133417256,228.69200428298157,27448.939032875984,0.4181313094493194,303.1589923549605,0.2815694519601336,0.6,1.3569699349930187,1.043500963020893,0.0,231.92698351578204,232.31820673683956,0.0,0.0
159.46289308973394,10122.23394179118,85.29178840870834,228.80189252608932,27500.95797695485,0.41872251775020325,303.23181870553043,0.2812758528204968,0.6,1.3569699349930187,1.043299365441573,0.0,232.03168008925843,232.42227545413215,0.0,0.0
159.6129052186989,10109.444259940052,85.22356419868635,228.91169315559344,27553.033910523347,0.41931418621535144,303.3045695264439,0.2809834495132987,0.6,1.3569699349930187,1.0431028378411435,0.0,232.13631582349717,232.52628657015333,0.0,0.0
159.76291734766383,10096.664790609266,85.15563136528799,229.02140655024792,27605.166964271186,0.4199063161554514,303.3772451228992,0.2806922164870709,0.6,1.3569699349930187,1.0429112172925346,0.0,232.2408904880455,232.6302397807758,0.0,0.0
159.91292947662876,10083.895490622777,85.08798280130466,229.13103307967367,27657.357265546663,0.42049890884177776,303.44984579369844,0.28040212898691685,0.6,1.3569699349930187,1.0427243460189233,0.0,232.34540386281748,232.73413479459722,0.0,0.0
160.06294160559372,10071.136317842578,85.02061162524365,229.24057310458656,27709.60493842768,0.42109196550706324,303.5223718314071,0.2801131630338891,0.6,1.3569699349930187,1.0425420712662146,0.0,232.4498557377889,232.8379713325708,0.0,0.0
160.21295373455865,10058.38723116805,84.95351118177693,229.35002697680292,27761.910103687387,0.4216854873451704,303.5948235223654,0.27982529542542917,0.6,1.3569699349930187,1.0423642453279212,0.0,232.5542459129518,232.94174912795344,0.0,0.0
160.3629658635236,10045.648190478612,84.88667502892851,229.45939503973162,27814.27287899337,0.4222794755134162,303.66720114702247,0.2795385036918428,0.6,1.3569699349930187,1.0421907252512534,0.0,232.65857419775682,233.0454679256214,0.0,0.0
160.51297799248854,10032.919156586348,84.82009692737202,229.5686776287806,27866.693379067732,0.42287393113444444,303.73950498021287,0.2792527660598434,0.6,1.3569699349930187,1.042021372592962,0.0,232.76284041063482,233.1491274814848,0.0,0.0
160.66299012145348,10020.200091234854,84.75377084059083,229.67787507136657,27919.17171565868,0.4234688552959613,303.8117352911703,0.2789680614521477,0.6,1.3569699349930187,1.0418560534361687,0.0,232.86704437894414,233.25272756242728,0.0,0.0
160.81300225041844,10007.490957071932,84.68769092904806,229.78698768714946,27971.70799762039,0.4240642490516967,303.8838923436898,0.2786843694672276,0.6,1.3569699349930187,1.0416946382630827,0.0,232.97118593869288,233.35626794596627,0.0,0.0
160.96301437938337,9994.791717587586,84.62185153611406,229.8960157885644,28024.30233113746,0.4246601134240016,303.9559763964871,0.27840167033179636,0.6,1.3569699349930187,1.0415370016284586,0.0,233.07526493394258,233.45974841952045,0.0,0.0
161.11302650834833,9982.10233710599,84.55624718646315,230.0049596808905,28076.954819728533,0.42525644940394053,304.0279877032499,0.278119944894663,0.6,1.3569699349930187,1.0413830221328808,0.0,233.17928121669075,233.56316878026962,0.0,0.0
161.26303863731326,9969.422780779858,84.4908725852885,230.1138196622991,28129.665564239578,0.4258532579512654,304.099926512677,0.2778391746233005,0.6,1.3569699349930187,1.041232582415945,0.0,233.2832346467957,233.66652883506453,0.0,0.0
161.4130507662782,9956.75301452954,84.42572260447605,230.22259602437668,28182.434663068394,0.426450539997007,304.1717930688299,0.2775593415572616,0.6,1.3569699349930187,1.041085568834286,0.0,233.38712509139935,233.76982839971672,0.0,0.0
161.56306289524315,9944.093005023622,84.36079227828371,230.33128905229105,28235.262212217945,0.4270482964441244,304.24358761124876,0.2772804282931242,0.6,1.3569699349930187,1.040941871368254,0.0,233.4909524247111,233.87306729873632,0.0,0.0
161.71307502420808,9931.442719680239,84.2960768041054,230.43989902477986,28288.14830526446,0.4276465281671909,304.3153103749507,0.277002417986276,0.6,1.3569699349930187,1.040801383651528,0.0,233.5947165279968,233.97624536532066,0.0,0.0
161.86308715317304,9918.802126624889,84.23157153299688,230.548426214513,28341.093033506957,0.42824523601412784,304.3869615906747,0.27672529431883996,0.6,1.3569699349930187,1.0406640027529381,0.0,233.69841728917612,234.07936244085963,0.0,0.0
162.01309928213797,9906.171194655266,84.16727196168351,230.65687088839414,28394.096486089988,0.4288444208076365,304.4585414850866,0.2764490414725524,0.6,1.3569699349930187,1.0405296289933867,0.0,233.80205460247396,234.18241837450805,0.0,0.0
162.1631114111029,9893.549893241734,84.10317373299243,230.76523330755657,28447.158749977458,0.4294440833449427,304.5300502807813,0.27617364412953016,0.6,1.3569699349930187,1.040398165966447,0.0,233.90562836839848,234.28541302316182,0.0,0.0
162.31312354006786,9880.938192508109,84.03927263175491,230.87351372752818,28500.279910009493,0.430044224398479,304.6014881963972,0.2758990874580662,0.6,1.3569699349930187,1.0402695204492367,0.0,234.00913849355075,234.38834625122442,0.0,0.0
162.4631356690328,9868.336063185383,83.97556457422992,230.98171239862856,28553.460049074434,0.4306448447178674,304.67285544688303,0.27562535707704455,0.6,1.3569699349930187,1.0401436021556378,0.0,234.11258489018533,234.49121793006634,0.0,0.0
162.61314779799773,9855.743476606434,83.91204560706946,231.08982956601432,28606.69924810956,0.4312459450299635,304.7441522435326,0.27535243905193024,0.6,1.3569699349930187,1.0400203237204173,0.0,234.21596747613404,234.59402793793438,0.0,0.0
162.7631599269627,9843.160404703534,83.84871190713062,231.19786546970047,28659.997586089994,0.4318475260387683,304.8153787940037,0.2750803198935581,0.6,1.3569699349930187,1.039899600704019,0.0,234.31928617476996,234.69677615990835,0.0,0.0
162.91317205592762,9830.5868199628,83.78555977106691,231.3058203449512,28713.35514020059,0.43244958842740283,304.8865353025805,0.27480898652318336,0.6,1.3569699349930187,1.0397813513487053,0.0,234.42254091458048,234.79946248737556,0.0,0.0
163.06318418489258,9818.022695409985,83.72258561214409,231.41369442240202,28766.771985876767,0.43305213285860317,304.9576219702582,0.2745384262614343,0.6,1.3569699349930187,1.0396654965096186,0.0,234.52573162901325,234.90208681784313,0.0,0.0
163.2131963138575,9805.468004613173,83.65978596121985,231.5214879280363,28820.248196773227,0.43365515997439863,305.0286389947318,0.2742686268310195,0.6,1.3569699349930187,1.0395519596871237,0.0,234.62885825648698,235.004649054953,0.0,0.0
163.36320844282244,9792.922721651577,83.59715745969109,231.62920108345318,28873.78384487821,0.434258670397434,305.09958657057746,0.27399957633293254,0.6,1.3569699349930187,1.0394406668635034,0.0,234.7319207400975,235.10714910812015,0.0,0.0
163.5132205717874,9780.386821089205,83.53469685346514,231.7368341060936,28927.37900060739,0.4348626647320569,305.1704648894045,0.27373126322607455,0.6,1.3569699349930187,1.0393315463639383,0.0,234.8349190273606,235.2095868922169,0.0,0.0
163.66323270075233,9767.860277976466,83.47240099358173,231.84438720922634,28981.033732780033,0.4354671435640798,305.2412741398509,0.27346367632883617,0.6,1.3569699349930187,1.0392245288793802,0.0,234.9378530702103,235.31196232757267,0.0,0.0
163.8132448297173,9755.343067836826,83.41026683336781,231.9518606020626,29034.748108658503,0.4360721074612522,305.31201450766196,0.27319680480924735,0.6,1.3569699349930187,1.0391195474048571,0.0,235.04072282486885,235.41427533981437,0.0,0.0
163.96325695868222,9742.835166631889,83.34829142039727,232.05925449005568,29088.52219408151,0.4366775569747908,305.3826861758918,0.2729306381580225,0.6,1.3569699349930187,1.039016537050537,0.0,235.14352825151863,235.51652585946252,0.0,0.0
164.11326908764715,9730.336550758087,83.28647189586485,232.16656907492927,29142.356053462838,0.4372834926393905,305.45328932492504,0.272665166186078,0.6,1.3569699349930187,1.0389154350333976,0.0,235.246269314254,235.61871382187365,0.0,0.0
164.2632812166121,9717.847197046438,83.22480549482508,232.27380455467954,29196.249749776805,0.4378899149730874,305.52382413248193,0.27240037902490033,0.6,1.3569699349930187,1.038816180690125,0.0,235.34894598107115,235.72083916722892,0.0,0.0
164.41329334557705,9705.367082728108,83.16328953826404,232.38096112387072,29250.203344691334,0.43849682447878074,305.59429077381617,0.27213626710001876,0.6,1.3569699349930187,1.0387187152899926,0.0,235.4515582235489,235.82290184014022,0.0,0.0
164.563305474542,9692.896185423951,83.10192143073739,232.48803897372483,29304.21689859926,0.43910422164460977,305.664689421777,0.2718728211228471,0.6,1.3569699349930187,1.0386229819834136,0.0,235.55410601673674,235.92490178951425,0.0,0.0
164.71331760350694,9680.434483148181,83.04069866150131,232.59503829209004,29358.290470588217,0.4397121069436376,305.73502024679163,0.27161003209403434,0.6,1.3569699349930187,1.0385289258360182,0.0,235.65658933918053,236.02683896858477,0.0,0.0
164.86332973247187,9667.981954285124,82.9796187992165,232.70195926364036,29412.42411852776,0.4403204808348539,305.80528341699966,0.2713478912856601,0.6,1.3569699349930187,1.0384364937051462,0.0,235.75900817270548,236.1287133346454,0.0,0.0
165.01334186143683,9655.538577569243,82.91867948734266,232.8088020700469,29466.61789914295,0.4409293437640237,305.8754790983685,0.2710863902257307,0.6,1.3569699349930187,1.038345634132758,0.0,235.86136250222367,236.2305248488132,0.0,0.0
165.16335399040176,9643.10433208758,82.85787844489477,232.91556688995692,29520.871867991475,0.44153869616345165,305.9456074546826,0.27082552070033517,0.6,1.3569699349930187,1.0382562973697425,0.0,235.96365231574558,236.33227347604378,0.0,0.0
165.31336611936672,9630.67919727063,82.79721346450522,233.02225389907215,29575.186079490606,0.4421485384523045,306.0156686475977,0.27056527474693803,0.6,1.3569699349930187,1.038168435334077,0.0,236.06587760429247,236.43395918502415,0.0,0.0
165.46337824833165,9618.26315286564,82.7366824062227,233.12886327037796,29629.56058702199,0.44275887103780825,306.0856628367938,0.2703056446336667,0.6,1.3569699349930187,1.0380820014638914,0.0,236.16803836164763,236.53558194786567,0.0,0.0
165.61339037729658,9605.85617893472,82.67628319718085,233.23539517415952,29683.995442928604,0.4433696943152325,306.15559017998885,0.27004662285792486,0.6,1.3569699349930187,1.0379969507144817,0.0,236.2701345843274,236.63714174006986,0.0,0.0
165.76340250626154,9593.45825585621,82.61601383214462,233.34184977799003,29738.49069849766,0.4439810086677175,306.22545083293335,0.26978820214789145,0.6,1.3569699349930187,1.0379132395769965,0.0,236.37216627158887,236.73863854053855,0.0,0.0
165.91341463522647,9581.069364298286,82.5558723673812,233.4482272469573,29793.046404065215,0.44459281446746574,306.2952449495614,0.26953037544208674,0.6,1.3569699349930187,1.0378308259325557,0.0,236.47413342518698,236.84007233127392,0.0,0.0
166.06342676419143,9568.689485211187,82.49585691889312,233.55452774373035,29847.662609040286,0.44520511207602825,306.3649726820372,0.26927313588329815,0.6,1.3569699349930187,1.0377496690134025,0.0,236.57603604929284,236.94144309727903,0.0,0.0
166.21343889315636,9556.318599831591,82.43596566365717,233.660751428522,29902.339361875696,0.4458179018439966,306.43463418073253,0.2690164768223854,0.6,1.3569699349930187,1.0376697294381843,0.0,236.67787415052885,237.04275082660183,0.0,0.0
166.3634510221213,9543.956689665101,82.37619683560236,233.76689845923883,29957.07671013483,0.4464311841117654,306.5042295943276,0.2687603918048081,0.6,1.3569699349930187,1.0375909691173382,0.0,236.7796477378064,237.14399551013497,0.0,0.0
166.51346315108626,9531.603736371828,82.31655551481704,233.87532862514732,30011.614619067495,0.44703657481738085,306.5753056357579,0.2685035422018541,0.6,1.3569699349930187,1.0374940636848045,0.0,236.88371695221934,237.24753733152053,0.0,0.0
166.6634752800512,9519.259715477798,82.25712149555774,233.9922117885409,30065.27049589429,0.44761210163077575,306.6519041717626,0.26824265682525705,0.6,1.3569699349930187,1.0373301955935326,0.0,236.99625746400318,237.35955266337942,0.0,0.0
166.81348740901612,9506.92459241108,82.1979273614677,234.10901115289258,30118.983729083073,0.4481880676841939,306.7284286824743,0.26798274850016957,0.6,1.3569699349930187,1.037170625976442,0.0,237.1087348220187,237.47150733821258,0.0,0.0
166.96349953798108,9494.59833131234,82.13897262521978,234.225727056774,30172.754439524873,0.4487644740880765,306.80487944502624,0.26772381447713434,0.6,1.3569699349930187,1.0370153551253618,0.0,237.22114929146792,237.58340161234906,0.0,0.0
167.113511666946,9482.280896668992,82.08024850720646,234.3423598354793,30226.5827474275,0.4493413219443911,306.88125673407603,0.26746582499279853,0.6,1.3569699349930187,1.0368641737961097,0.0,237.3335005301613,237.6952350616676,0.0,0.0
167.26352379591097,9469.972254400785,82.0217495376547,234.45890981074587,30280.46876754784,0.44991861229557495,306.95756081508085,0.26720876110644726,0.6,1.3569699349930187,1.0367169557834979,0.0,237.44578842538883,237.80700752091818,0.0,0.0
167.4135359248759,9457.6723711636,81.96346998028791,234.57537729734634,30334.412612194516,0.45049634615678097,307.0337919486234,0.2669526030346622,0.6,1.3569699349930187,1.0365735677738932,0.0,237.55801283935355,237.91871879757218,0.0,0.0
167.56354805384083,9445.38121445047,81.90540428943694,234.69176260213175,30388.41439075743,0.45107452451088376,307.1099503897925,0.26669733164125853,0.6,1.3569699349930187,1.0364338808811893,0.0,237.67017364151727,238.03036870819562,0.0,0.0
167.7135601828058,9433.09875259035,81.84754711021165,234.80806602404337,30442.47420968293,0.45165314830826386,307.18603638819843,0.2664429284369519,0.6,1.3569699349930187,1.0362977706627527,0.0,237.7822707085649,238.14195707840773,0.0,0.0
167.86357231177072,9420.824954699836,81.78989326726338,234.92428785456923,30496.592172656223,0.45223221846880973,307.26205018827875,0.26618937554164457,0.6,1.3569699349930187,1.0361651168515833,0.0,237.89430392398575,238.2534837423563,0.0,0.0
168.01358444073568,9408.559790643905,81.73243775557773,235.0404283781162,30550.768380746616,0.45281173588351775,307.33799202954845,0.26593665565342706,0.6,1.3569699349930187,1.0360358031381773,0.0,238.0062731777216,238.36494854227837,0.0,0.0
168.16359656970062,9396.303231034644,81.67517574048831,235.15648787202153,30605.002932385753,0.4533917014143044,307.4138621466143,0.2656847520478277,0.6,1.3569699349930187,1.03590971718153,0.0,238.11817836612684,238.47635132845411,0.0,0.0
168.31360869866555,9384.055247207834,81.61810255243789,235.2724666067747,30659.29592344464,0.45397211589487524,307.48966076932635,0.26543364855986634,0.6,1.3569699349930187,1.0357867504893894,0.0,238.2300193917588,238.5876919589448,0.0,0.0
168.4636208276305,9371.815811171715,81.56121367489806,235.3883648465023,30713.647447434614,0.4545529801329141,307.5653881231011,0.2651833295437447,0.6,1.3569699349930187,1.0356667981274312,0.0,238.34179616293767,238.6989702990411,0.0,0.0
168.61363295659544,9359.584895600265,81.50450474294671,235.50418284903148,30768.057595513124,0.4551342949101865,307.6410444289691,0.26493377986748184,0.6,1.3569699349930187,1.0355497586935385,0.0,238.453508593661,238.81018622115943,0.0,0.0
168.7636450855604,9347.362473827825,81.44797154237806,235.61992086594088,30822.52645648335,0.45571606098257433,307.7166299036139,0.26468498490929787,0.6,1.3569699349930187,1.035435534305454,0.0,238.56515660354472,238.92133960476963,0.0,0.0
168.91365721452533,9335.148519798771,81.39160999782443,235.73557914303706,30877.054116995012,0.4562982790822604,307.7921447596889,0.2644369305180662,0.6,1.3569699349930187,1.0353240303138036,0.0,238.6767401173965,239.03243033585935,0.0,0.0
169.06366934349026,9322.94300805163,81.33541616907551,235.85115792050456,30931.640661593312,0.45688094991828626,307.8675892059209,0.2641896030006372,0.6,1.3569699349930187,1.0352151552191142,0.0,238.78825906505895,239.1434583067399,0.0,0.0
169.21368147245522,9310.745913719627,81.27938625155915,235.96665743290097,30986.286172694647,0.45746407417632867,307.94296344711216,0.26394298912278447,0.6,1.3569699349930187,1.0351088206928158,0.0,238.89971338139955,239.2544234160356,0.0,0.0
169.36369360142015,9298.55721249569,81.22351656815594,236.08207790948788,31040.99073072228,0.4580476525201829,308.01826768436143,0.2636970760818281,0.6,1.3569699349930187,1.0350049413813862,0.0,239.01110300601184,239.36532556830892,0.0,0.0
169.5137057303851,9286.376880603771,81.16780356243054,236.1974195745026,31095.754414214854,0.45863168559295264,308.09350211524617,0.2634518514839327,0.6,1.3569699349930187,1.0349034347452821,0.0,239.12242788296228,239.47616467374377,0.0,0.0
169.66371785935004,9274.204894798966,81.1122437989017,236.3126826471567,31150.577299806613,0.45921617401687154,308.16866693382656,0.26320730334443454,0.6,1.3569699349930187,1.0348042210738422,0.0,239.23368796077335,239.58694064812676,0.0,0.0
169.81372998831498,9262.041232351254,81.05683395940062,236.42786734179003,31205.45946228117,0.45980111839390686,308.24376233075037,0.2629634200753927,0.6,1.3569699349930187,1.0347072234021775,0.0,239.34488319228075,239.6976534126685,0.0,0.0
169.96374211727993,9249.885871007837,81.00157083413295,236.54297386822728,31260.40097472332,0.4603865193074089,308.3187884934901,0.2627201904558704,0.6,1.3569699349930187,1.034612367294857,0.0,239.45601353431368,239.80830289360213,0.0,0.0
170.11375424624487,9237.738788988772,80.94645132076889,236.65800243181906,31315.401908521195,0.4609723773221612,308.39374560637395,0.2624776036284695,0.6,1.3569699349930187,1.0345195808304297,0.0,239.56707894763971,239.91888902211642,0.0,0.0
170.2637663752098,9225.599964984396,80.89147242411806,236.77295323346647,31370.46233336092,0.461558692984353,308.46863385060607,0.2622356490977766,0.6,1.3569699349930187,1.0344287946007118,0.0,239.67807939693552,240.02941173432026,0.0,0.0
170.41377850417476,9213.46937811825,80.83663124732496,236.88782646997186,31425.582317377644,0.4621454668232134,308.54345340449913,0.2619943167011503,0.6,1.3569699349930187,1.0343399414968257,0.0,239.7890148504758,240.13987097085123,0.0,0.0
170.5637906331397,9201.347007936634,80.78192498944016,237.00262233413773,31480.76192718759,0.4627326993513798,308.61820444354294,0.2617535966003522,0.6,1.3569699349930187,1.0342529566548955,0.0,239.89988528003028,240.25026667674837,0.0,0.0
170.71380276210465,9189.23283440763,80.72735094545632,237.11734101477603,31536.001227876965,0.46332039106480405,308.69288714041375,0.26151347928122565,0.6,1.3569699349930187,1.0341677774636833,0.0,240.01069066084878,240.36059880143438,0.0,0.0
170.86381489106958,9177.126837892449,80.67290633810177,237.2319826969793,31591.300283117398,0.46390854244400503,308.76750166515507,0.2612739550083481,0.6,1.3569699349930187,1.03408433926214,0.0,240.12143095985678,240.47086728545057,0.0,0.0
171.0138270200345,9165.029003365999,80.61850451209224,237.30647714531128,31645.15685473944,0.46455353278783235,308.8159767042687,0.261056780068393,0.6,1.3569699349930187,1.0341259284696485,0.0,240.19202971959194,240.54099491887197,0.0,0.0
171.16383914899947,9152.939334478568,80.5640398924809,237.3818289233577,31699.22905874433,0.46519960269637173,308.86500188531943,0.260839005393023,0.6,1.3569699349930187,1.0341653717946169,0.0,240.26348394491984,240.61197779244793,0.0,0.0
171.3138512779644,9140.85783813493,80.50955361249092,237.47267366390957,31754.176029142836,0.46582770300294174,308.9240967139309,0.260612734548332,0.6,1.3569699349930187,1.0341614266293995,0.0,240.35043221829866,240.69845484535563,0.0,0.0
171.46386340692936,9128.784514393985,80.4550829275918,237.5634572964457,31809.181186816375,0.46645629619148987,308.9831405007303,0.2603866437411709,0.6,1.3569699349930187,1.0341561476616734,0.0,240.43732313389071,240.78487499401166,0.0,0.0
171.6138755358943,9116.71936086554,80.40062658234655,237.65417983824153,31864.244514781945,0.467085381899165,309.04213328620534,0.2601607286598917,0.6,1.3569699349930187,1.0341495019920202,0.0,240.52415661708054,240.87123815268768,0.0,0.0
171.76388766485923,9104.66237525099,80.34618654687101,237.74484130588456,31919.365995459393,0.4677149597568501,309.1010751103402,0.25993499543212434,0.6,1.3569699349930187,1.034141539662022,0.0,240.61093282293052,240.95754449319267,0.0,0.0
171.91389979382419,9092.613554959382,80.29176471838016,237.8354417181614,31974.54561242766,0.4683450294092214,309.1599660144928,0.2597094499441634,0.6,1.3569699349930187,1.0341323090104293,0.0,240.69765190312444,241.0437941832823,0.0,0.0
172.06391192278912,9080.572897121068,80.23736292432008,237.92598109595502,32029.783350373516,0.4689755905141431,309.21880604132645,0.25948409785139825,0.6,1.3569699349930187,1.034121856745784,0.0,240.7843140061057,241.12998738682654,0.0,0.0
172.21392405175408,9068.540398599309,80.18298292506702,238.01645946215748,32085.079195049242,0.4696066427421663,309.27759523475237,0.2592589445873225,0.6,1.3569699349930187,1.0341102280084566,0.0,240.87091927719933,241.21612426395694,0.0,0.0
172.363936180719,9056.516055996244,80.12862641526655,238.10687684162536,32140.43313325557,0.47023818577631527,309.33633363989935,0.2590339953681124,0.6,1.3569699349930187,1.0340974663985312,0.0,240.95746785867948,241.30220497114746,0.0,0.0
172.51394830968394,9044.49986566378,80.07429502632051,238.19723326109758,32195.845152801747,0.47087021931161527,309.3950213030593,0.25880925520092957,0.6,1.3569699349930187,1.0340836140329277,0.0,241.0439598898799,241.38822966134867,0.0,0.0
172.6639604386489,9032.491823716344,80.01999032935785,238.28752874909972,32251.31524245668,0.4715027430545178,309.4536582716243,0.25858472889378464,0.6,1.3569699349930187,1.0340687116150926,0.0,241.13039550732532,241.47419848414614,0.0,0.0
172.81397256761383,9020.491926035606,79.96571383631135,238.37776333590858,32306.843391936414,0.4721357567227418,309.51224459406234,0.2583604210592365,0.6,1.3569699349930187,1.0340527984569496,0.0,241.21677484478712,241.56011158582746,0.0,0.0
172.9639846965788,9008.500168279683,79.91146700201887,238.46793705348287,32362.42959187082,0.472769260044878,309.5707803198717,0.2581363361214142,0.6,1.3569699349930187,1.034035912526975,0.0,241.30309803337792,241.64596910949638,0.0,0.0
173.11399682554372,8996.516545894587,79.857251226885,238.5580499353772,32418.07383375935,0.47340325275986966,309.6292654995239,0.25791247832484937,0.6,1.3569699349930187,1.034018090512758,0.0,241.3893652016683,241.73177119521432,0.0,0.0
173.26400895450865,8984.541054119605,79.80306785812758,238.64810201670173,32473.77610995435,0.4740377346168069,309.6877001844371,0.2576888517387038,0.6,1.3569699349930187,1.033999367847871,0.0,241.4755764757484,241.81751798007406,0.0,0.0
173.4140210834736,8972.57368799476,79.7489181914905,238.738093334066,32529.536413635033,0.4746727053746174,309.7460844269385,0.25746546026250516,0.6,1.3569699349930187,1.0339797787507485,0.0,241.56173197930607,241.90320959829438,0.0,0.0
173.56403321243855,8960.614442370463,79.69480347348154,238.82802392550641,32585.3547387701,0.4753081648016255,309.80441828021657,0.2572423076335793,0.6,1.3569699349930187,1.033959356277103,0.0,241.64783183372566,241.98884618133926,0.0,0.0
173.71404534140348,8948.663311914117,79.64072490290968,238.91789383043655,32641.231080094658,0.475944112675277,309.8627017982883,0.2570193974322005,0.6,1.3569699349930187,1.0339381323547556,0.0,241.7338761581591,242.07442785800384,0.0,0.0
173.86405747036844,8936.720291115504,79.58668363212965,239.00770308960682,32697.165433092607,0.4765805487819256,309.9209350359722,0.2567967330857856,0.6,1.3569699349930187,1.0339161378111732,0.0,241.8198650695854,242.15995475448588,0.0,0.0
174.01406959933337,8924.785374295387,79.53268076904439,239.0974517450397,32753.15779396341,0.47721747291644256,309.9791180488457,0.256574317875541,0.6,1.3569699349930187,1.0338934024204658,0.0,241.9057986828989,242.2454269944925,0.0,0.0
174.16408172829833,8912.858555612636,79.4787173787578,239.18713983997608,32809.2081595955,0.4778548848819019,310.0372508932097,0.25635215494196767,0.6,1.3569699349930187,1.0338699549416726,0.0,241.99167711098323,242.33084469932953,0.0,0.0
174.31409385726326,8900.939829067867,79.42479448441831,239.27676741884812,32865.316527555944,0.4784927844894513,310.0953336260705,0.2561302472877356,0.6,1.3569699349930187,1.0338458231365693,0.0,242.07750046475422,242.41620798795307,0.0,0.0
174.4641059862282,8889.029188511762,79.37091306917506,239.36633452721662,32921.482896057685,0.47913117155792856,310.1533663050986,0.2559085977841611,0.6,1.3569699349930187,1.0338210338160043,0.0,242.16326885324568,242.5015169770731,0.0,0.0
174.61411811519315,8877.126627651487,79.31707407766156,239.45584121172266,32977.707263935525,0.47977004591357814,310.21134898859674,0.25568720917614535,0.6,1.3569699349930187,1.0337956128743513,0.0,242.2489823836754,242.58677178123324,0.0,0.0
174.76413024415808,8865.232139881251,79.26328241470101,239.545287521362,33033.98963145451,0.48040940739922156,310.26928173632496,0.2554660969694739,0.6,1.3569699349930187,1.0337696896098063,0.0,242.33464144416607,242.67197282956855,0.0,0.0
174.91414237312304,8853.345718356552,79.20952138651968,239.6346735069267,33090.32999997063,0.48104925587038283,310.3271646091376,0.25524520705844567,0.6,1.3569699349930187,1.0337428299307414,0.0,242.42024490458348,242.7571188491292,0.0,0.0
175.06415450208797,8841.46736431102,79.15571320018739,239.69182561130464,33146.30736133229,0.48174812897460656,310.36416842182393,0.2550414037892571,0.6,1.3569699349930187,1.0338386257653405,0.0,242.4736137356346,242.81003014884223,0.0,0.0
175.2141666310529,8829.597091284075,79.10176977056635,239.74227986326747,33202.254169375854,0.4824597033709669,310.3968319637489,0.2548407767892573,0.6,1.3569699349930187,1.0339549835015764,0.0,242.52027778587228,242.85623582985383,0.0,0.0
175.36417876001786,8817.73492294751,79.0476607704518,239.79269985445566,33258.25732193823,0.48317186592585215,310.42946989224157,0.2546396796602184,0.6,1.3569699349930187,1.0340650700432057,0.0,242.56689853768813,242.90239711947288,0.0,0.0
175.5141908889828,8805.880883126509,78.9933996749085,239.84308548321593,33314.31667248649,0.48388461465024385,310.46208214958784,0.2544381559511916,0.6,1.3569699349930187,1.0341692228074129,0.0,242.61347685846653,242.94851500227472,0.0,0.0
175.66420301794776,8794.034993999312,78.93899505602057,239.893436654894,33370.43208128238,0.4845979476430388,310.49466868262124,0.254236233397971,0.6,1.3569699349930187,1.0342676521056726,0.0,242.6600132763897,242.99459008176444,0.0,0.0
175.8142151469127,8782.197276478966,78.88445518132635,239.9437532802124,33426.6034136325,0.4853118630687288,310.5272294416701,0.2540339387407703,0.6,1.3569699349930187,1.0343605611765199,0.0,242.70650830208518,243.04062294111927,0.0,0.0
175.96422727587762,8770.367750239482,78.8297880191852,239.99403527515904,33482.830539812945,0.4860263591563822,310.55976438048424,0.2538312977421196,0.6,1.3569699349930187,1.0344481462867197,0.0,242.75296242895348,243.08661414356934,0.0,0.0
176.11423940484258,8758.546433800098,78.77500125869564,240.04428256062934,33539.113334715374,0.4867414341950875,310.5922734560012,0.2536283352517299,0.6,1.3569699349930187,1.0345305972082386,0.0,242.79937613426665,243.1325642336722,0.0,0.0
176.2642515338075,8746.733344551827,78.72010231581943,240.09449506231348,33595.45167776459,0.48745708653284975,310.62475662827177,0.25342507522677815,0.6,1.3569699349930187,1.0346080973429044,0.0,242.8457498795428,243.17847373774657,0.0,0.0
176.41426366277247,8734.928498774803,78.66509833670501,240.14467271062267,33651.845452879286,0.488173314576037,310.6572138604106,0.25322154074314224,0.6,1.3569699349930187,1.034680823775709,0.0,242.89208411076345,243.22434316412458,0.0,0.0
176.5642757917374,8723.131911702774,78.60999621285502,240.19481544041517,33708.29454820644,0.48889011678595423,310.6896451184173,0.2530177540448551,0.6,1.3569699349930187,1.0347489476346308,0.0,242.93837925921702,243.2701730041306,0.0,0.0
176.71428792070233,8711.343597566558,78.55480259140985,240.24492319081165,33764.79885595293,0.48960749167665335,310.7220503710557,0.252813736577761,0.6,1.3569699349930187,1.0348126343266384,0.0,242.9846357420876,243.31596373276346,0.0,0.0
176.8643000496673,8699.563569606617,78.49952387759932,240.29499590514175,33821.35827236436,0.49032543781461585,310.7544295898175,0.25260950899787754,0.6,1.3569699349930187,1.0348720435727505,0.0,243.03085396262642,243.36171580889516,0.0,0.0
177.01431217863222,8687.79184011346,78.44416624399094,240.3450335307726,33877.972697569,0.4910439538167232,310.7867827488104,0.25240509120168236,0.6,1.3569699349930187,1.0349273296194264,0.0,243.07703431067895,243.40742967588238,0.0,0.0
177.16432430759716,8676.028420484063,78.38873564395357,240.39503601886884,33934.64203534286,0.49176303834723023,310.81910982460124,0.25220050236997726,0.6,1.3569699349930187,1.0349786415605988,0.0,243.1231771634345,243.4531057624359,0.0,0.0
177.31433643656212,8664.273321235023,78.33323781452071,240.44500332433694,33991.366193080896,0.4924826901173536,310.8514107961787,0.2519957609775264,0.6,1.3569699349930187,1.0350261233870104,0.0,243.1692828856197,243.4987444828441,0.0,0.0
177.46434856552705,8652.526552024854,78.27767828119913,240.4949354057305,34048.14508172387,0.49320290788430293,310.88368564489093,0.2517908848089647,0.6,1.3569699349930187,1.0350699140864141,0.0,243.21535182978766,243.54434623730853,0.0,0.0
177.614360694492,8640.788121711337,78.22206237168662,240.54483222500636,34104.978615513755,0.49392369044813467,310.9159343542868,0.25158589100342815,0.6,1.3569699349930187,1.0351101479758265,0.0,243.2613843370758,243.5899114128229,0.0,0.0
177.76437282345694,8629.058038369738,78.16639522011793,240.59469374744748,34161.8667119371,0.494645036650995,310.94815691006465,0.25138079606860625,0.6,1.3569699349930187,1.0351469547898082,0.0,243.30738073746946,243.6354403834779,0.0,0.0
177.91438495242187,8617.336309307822,78.11068177018136,240.644519941599,34218.80929168249,0.4953669453765411,310.98035330003006,0.2511756158911464,0.6,1.3569699349930187,1.0351804597399068,0.0,243.35334134999934,243.68093351069047,0.0,0.0
178.06439708138683,8605.622941109936,78.05492678559581,240.69431077908095,34275.80627845633,0.496089415547568,311.0125235139736,0.25097036577078174,0.6,1.3569699349930187,1.0352107837661535,0.0,243.39926648332556,243.72639114388062,0.0,0.0
178.21440921035176,8593.91793966622,77.99913485708495,240.74406623446416,34332.85759886892,0.4968124461245292,311.0446675435897,0.25076506044314095,0.6,1.3569699349930187,1.035238043698896,0.0,243.44515643613892,243.77181362093677,0.0,0.0
178.36442133931672,8582.22131018356,77.94331040468668,240.7937862852238,34389.963182408275,0.4975360361051689,311.0767853824457,0.25055971408750805,0.6,1.3569699349930187,1.0352623523000417,0.0,243.49101149731575,243.81720126839465,0.0,0.0
178.51443346828165,8570.533057214623,77.88745768450387,240.8434709116159,34447.12296132535,0.4982601845230348,311.108877025901,0.2503543403488916,0.6,1.3569699349930187,1.03528381842047,0.0,243.5368319463021,243.86255440188293,0.0,0.0
178.66444559724658,8558.853184695046,77.83158080088639,240.8931200965194,34504.336870477506,0.4989848904454616,311.1409424710043,0.2501489523775536,0.6,1.3569699349930187,1.0353025473018014,0.0,243.58261805383725,243.90787332695336,0.0,0.0
178.81445772621154,8547.1816959389,77.77568383934818,240.94273382545546,34561.604847375456,0.499710152974135,311.1729817165049,0.24994356325642034,0.6,1.3569699349930187,1.0353186440994626,0.0,243.628370091189,243.95315834943065,0.0,0.0
178.96446985517647,8535.51859373813,77.7197696017312,240.98877760300564,34618.4538332676,0.5004364733697473,311.2027126299324,0.2497400133338551,0.6,1.3569699349930187,1.0353332190061666,0.0,243.67055375928769,243.99487519399057,0.0,0.0
179.11448198414143,8523.863880460467,77.66384095314244,241.034181895428,34675.27424391938,0.5011634329034407,311.23202784041763,0.24953678929523318,0.6,1.3569699349930187,1.0353454775706463,0.0,243.7120997245474,244.03595455125318,0.0,0.0
179.26449411310637,8512.217558025473,77.60790142803444,241.0795536649954,34732.14711540959,0.5018909443937433,311.2613192945733,0.24933358762316182,0.6,1.3569699349930187,1.0353553323733615,0.0,243.75361519495453,244.07700365892035,0.0,0.0
179.4145062420713,8500.579627795983,77.55195448967505,241.12489290604051,34789.07239293267,0.5026190070434586,311.29058699544737,0.2491304193878797,0.6,1.3569699349930187,1.0353628733622497,0.0,243.7951004049516,244.11802278047227,0.0,0.0
179.56451837103626,8488.950090631326,77.49600346895949,241.17019961485778,34846.050023842276,0.5033476200835997,311.3198309473474,0.24892729522927873,0.6,1.3569699349930187,1.0353681872935592,0.0,243.8365555811458,244.15901217036912,0.0,0.0
179.7145305000012,8477.328946904954,77.44005157710501,241.21547378963479,34903.079957585105,0.5040767827725188,311.34905115579556,0.24872422539792768,0.6,1.3569699349930187,1.0353713580552706,0.0,243.8779809431463,244.1999720749978,0.0,0.0
179.86454262896615,8465.71619651309,77.38410190294353,241.26071543041846,34960.1621456771,0.5048064943955809,311.37824762750665,0.24852121974658944,0.6,1.3569699349930187,1.0353724665810584,0.0,243.9193767033739,244.24090273246253,0.0,0.0
180.01455475793108,8454.111838896033,77.32815741794813,241.3059245390324,35017.29654161785,0.5055367542640454,311.40742037033374,0.24831828774660378,0.6,1.3569699349930187,1.0353715909695023,0.0,243.96074306735397,244.2818043729235,0.0,0.0
180.164566886896,8442.51587306249,77.27222098212364,241.35110111898172,35074.48310078863,0.5062675617137429,311.4365693932064,0.24811543850704013,0.6,1.3569699349930187,1.0353688066267122,0.0,244.00208023405483,244.32267721898734,0.0,0.0
180.31457901586097,8430.928297596793,77.21629534565623,241.3962451754253,35131.721780433734,0.5069989161048137,311.4656947061125,0.24791268078018888,0.6,1.3569699349930187,1.0353641862981673,0.0,244.04338839600064,244.3635214858374,0.0,0.0
180.4645911448259,8419.349110819672,77.16037945869735,241.44135671454933,35189.012538881754,0.5077308168117416,311.4947963196933,0.2477100111152615,0.6,1.3569699349930187,1.035357701004221,0.0,244.08466748583874,244.40433709722745,0.0,0.0
180.61460327379083,8407.778307086395,77.10457450069198,241.52368961615846,35245.959899339985,0.5083791315243287,311.54790255790596,0.24748866504200237,0.6,1.3569699349930187,1.0351807550352916,0.0,244.1631783091843,244.48238569634782,0.0,0.0
180.7646154027558,8396.215851034029,77.04909597018998,241.61479442974795,35302.86454928664,0.5090079081579993,311.60665629239503,0.24726396055510197,0.6,1.3569699349930187,1.0349701146992563,0.0,244.25048614254948,244.56923434072698,0.0,0.0
180.91462753172073,8384.66169401881,76.9939259633951,241.70583418282524,35359.82033623007,0.5096370850010405,311.6653570050636,0.24704037273588988,0.6,1.3569699349930187,1.034765970679823,0.0,244.33775274117255,244.656044631741,0.0,0.0
181.06463966068569,8373.115790480992,76.93905693043108,241.79680923366504,35416.82743602076,0.5102666638867673,311.72400495680864,0.24681787641311576,0.6,1.3569699349930187,1.0345681370038768,0.0,244.42497790219213,244.74281629866724,0.0,0.0
181.21465178965062,8361.57809595543,76.88447975257247,241.88771993192296,35473.886020287544,0.5108966466000566,311.7826004027495,0.24659644140903272,0.6,1.3569699349930187,1.034376384995591,0.0,244.51216130873954,244.8295489440308,0.0,0.0
181.36466391861555,8350.048567340478,76.83018564669453,241.97856661651645,35530.996255064165,0.5115270348622555,311.8411435908676,0.24637603865221502,0.6,1.3569699349930187,1.0341904944008729,0.0,244.59930265810254,244.91624218752364,0.0,0.0
181.5146760475805,8338.527162799104,76.77616614042113,242.06934961640383,35588.15830122857,0.5121578303361128,311.89963476251614,0.24615664009635457,0.6,1.3569699349930187,1.0340102527466217,0.0,244.68640166070622,245.00289566476843,0.0,0.0
181.66468817654544,8327.013841742815,76.72241306833291,242.16006925071073,35645.372314535474,0.512789034626219,311.9580741525075,0.2459382187069968,0.6,1.3569699349930187,1.0338354552568245,0.0,244.77345803988533,245.08950902704777,0.0,0.0
181.8147003055104,8315.508564816386,76.6689185687446,242.25072582885034,35702.638445644836,0.5134206492793958,312.0164619891977,0.24572074845012168,0.6,1.3569699349930187,1.0336659047840606,0.0,244.86047153169184,245.17608194107393,0.0,0.0
181.96471243447533,8304.011293799935,76.61567505901444,242.34131965129464,35759.956840564286,0.5140526757896535,312.07479849498924,0.2455042042116214,0.6,1.3569699349930187,1.0335014111711835,0.0,244.9474418838957,245.26261408777572,0.0,0.0
182.11472456344026,8292.521991578797,76.56267522806878,242.43185100981182,35817.32764075647,0.5146851155994449,312.1330838864897,0.24528856177229696,0.6,1.3569699349930187,1.0333417910684775,0.0,245.03436885563045,245.34910516187236,0.0,0.0
182.26473669240522,8281.040622140486,76.50991203623441,242.52232018748987,35874.75098311268,0.5153179700994425,312.19131837453307,0.24507379780640207,0.6,1.3569699349930187,1.0331868679449348,0.0,245.12125221732535,245.4355548717945,0.0,0.0
182.41474882137015,8269.567150505423,76.45737869788748,242.6127274592824,35932.227000258354,0.5159512406319752,312.2495021645363,0.2448598898248976,0.6,1.3569699349930187,1.0330364716428861,0.0,245.2080917499942,245.52196293882128,0.0,0.0
182.5647609503351,8258.101542673292,76.4050686679453,242.70307309243114,35989.755820783226,0.5165849284936261,312.3076354567768,0.24464681613114042,0.6,1.3569699349930187,1.0328904380336212,0.0,245.29488724466788,245.60832909639277,0.0,0.0
182.71477307930004,8246.643765620784,76.35297564170716,242.79335734648356,36047.33756921579,0.5172190349350133,312.36571844640883,0.24443455581956472,0.6,1.3569699349930187,1.032748609027582,0.0,245.38163850233195,245.69465309003826,0.0,0.0
182.86478520826498,8235.193787266948,76.30109354644304,242.88358047356567,36104.972366160655,0.5178535611623629,312.423751323644,0.24422308874782603,0.6,1.3569699349930187,1.0326108323650665,0.0,245.46834533356127,245.78093467693347,0.0,0.0
183.01479733722994,8223.751576403056,76.24941652364292,242.97374271893477,36162.66032861678,0.5184885083410705,312.4817342741117,0.24401239547895068,0.6,1.3569699349930187,1.0324769611574645,0.0,245.55500755780588,245.8671736250333,0.0,0.0
183.16480946619487,8212.317102683417,76.19793892691058,243.06384432105142,36220.401569990914,0.5191238775959037,312.5396674789096,0.2438024572738514,0.6,1.3569699349930187,1.032346853844351,0.0,245.64162500326017,245.9533697129165,0.0,0.0
183.31482159515983,8200.890336616283,76.14665532014185,243.15388551165117,36278.19620011058,0.5197596700111982,312.59755111465483,0.24359325608476282,0.6,1.3569699349930187,1.0322203741583194,0.0,245.72819750675274,246.03952272965338,0.0,0.0
183.46483372412476,8189.471249494455,76.09556045994829,243.24386651629112,36336.044325543895,0.5203958866344295,312.655385353839,0.24338477449806042,0.6,1.3569699349930187,1.0320973906692033,0.0,245.81472491304763,246.1256324739568,0.0,0.0
183.6148458530897,8178.059813374269,76.04464929042547,243.33378755451554,36393.946049675935,0.5210325284770998,312.7131703649393,0.24317699571681176,0.6,1.3569699349930187,1.0319777766566023,0.0,245.90120707460406,246.21169875389236,0.0,0.0
183.76485798205465,8166.656001075214,75.99391694351117,243.42364883985863,36451.901472682315,0.5216695965144974,312.77090631242385,0.24296990356130366,0.6,1.3569699349930187,1.0318614101316852,0.0,245.98764385155232,246.29772138685135,0.0,0.0
183.91487011101958,8155.259786131138,75.94335872671257,243.5134505802289,36509.9106917481,0.5223070916881483,312.8285933570028,0.24276348242900334,0.6,1.3569699349930187,1.0317481735213208,0.0,246.07403511120035,246.38370019895103,0.0,0.0
184.0648822399845,8143.8711427522285,75.89297011348343,243.60319297820885,36567.97380123516,0.5229450149077,312.8862316558243,0.24255771726307823,0.6,1.3569699349930187,1.0316379534221483,0.0,246.16038072763797,246.46963502455486,0.0,0.0
184.21489436894947,8132.490045824711,75.84274674346229,243.692876231057,36626.0908926576,0.5235833670506936,312.94382136247964,0.24235259355261213,0.6,1.3569699349930187,1.0315306406179818,0.0,246.24668058171076,246.555525706243,0.0,0.0
184.3649064979144,8121.116470887302,75.79268441674539,243.78250053089346,36684.262054776686,0.524222148963649,313.00136262712545,0.2421480973136729,0.6,1.3569699349930187,1.031426129937599,0.0,246.33293456077666,246.64137209451684,0.0,0.0
184.51491862687936,8109.750394081164,75.74277908115945,243.8720660650942,36742.487373832664,0.5248613614646496,313.05885559674056,0.24194421504793892,0.6,1.3569699349930187,1.0313243199244477,0.0,246.41914255820234,246.7271740471869,0.0,0.0
184.6649307558443,8098.391792144108,75.69302683094678,243.96157301633664,36800.76693355152,0.5255010053434548,313.11630041515815,0.24174093373799466,0.6,1.3569699349930187,1.0312251128113783,0.0,246.50530447328174,246.81293142927612,0.0,0.0
184.81494288480923,8087.04064240575,75.64342390589422,244.05102156263774,36859.10081514698,0.5261410813615581,313.17369722309354,0.2415382408440534,0.6,1.3569699349930187,1.031128414507359,0.0,246.591420211178,246.8986441129499,0.0,0.0
184.9649550137742,8075.6969227379195,75.59396667870418,244.14041187774458,36917.48909755361,0.526781590254782,313.2310461583975,0.24133612426297343,0.6,1.3569699349930187,1.031034134268449,0.0,246.67748968242904,246.984311976915,0.0,0.0
185.11496714273912,8064.360611539962,75.54465165131572,244.2297441312503,36975.93185748208,0.5274225327339177,313.28834735613367,0.24113457231602545,0.6,1.3569699349930187,1.030942184608129,0.0,246.76351280278274,247.0699349062203,0.0,0.0
185.26497927170408,8053.031687740152,75.49547545560874,244.3190184885827,37034.429169391406,0.5280639094844528,313.34560094857403,0.24093357375072574,0.6,1.3569699349930187,1.0308524813252868,0.0,246.84948949319985,247.15551279226193,0.0,0.0
185.414991400669,8041.710130761129,75.44643484466145,244.40823511127675,37092.98110564787,0.5287057211683468,313.40280706537624,0.24073311771238612,0.6,1.3569699349930187,1.030764943278228,0.0,246.93541967950813,247.24104553236236,0.0,0.0
185.56500352963394,8030.395920492693,75.39752668582575,244.4973941571886,37151.5877366472,0.5293479684254003,313.4599658337235,0.2405331937215254,0.6,1.3569699349930187,1.03067949220684,0.0,247.02130329212255,247.3265330294308,0.0,0.0
185.7150156585989,8019.089037292852,75.34874796122993,244.5864957804876,37210.24913079131,0.5299906518730304,313.51707737832174,0.24033379167510685,0.6,1.3569699349930187,1.0305960527542455,0.0,247.107140266042,247.41197519196075,0.0,0.0
185.86502778756383,8007.789461971948,75.30009576391177,244.67554013178096,37268.965354552725,0.5306337721070031,313.57414182148227,0.24013490183377464,0.6,1.3569699349930187,1.0305145523708321,0.0,247.19293054068723,247.49737193383305,0.0,0.0
186.0150399165288,7996.497175756576,75.25156728858494,244.76452735839837,37327.73647264577,0.5312773297033387,313.63115928330603,0.2399365147919167,0.6,1.3569699349930187,1.0304349210732748,0.0,247.27867405954106,247.58272317387824,0.0,0.0
186.16505204549372,7985.2121602861,75.20315983086806,244.8534576044191,37386.56254802819,0.5319213252183527,313.6881298817036,0.23973862147486508,0.6,1.3569699349930187,1.030357091431015,0.0,247.36437077009893,247.66802883581784,0.0,0.0
186.31506417445866,7973.934397610746,75.15487078706555,244.94233101068716,37445.44364189583,0.5325657591886247,313.7450537324068,0.23954121313786558,0.6,1.3569699349930187,1.0302809985677075,0.0,247.45002062384475,247.7532888482354,0.0,0.0
186.46507630342361,7962.663870155758,75.10669764498108,245.03114771509362,37504.379813854495,0.5332106321329044,313.8019309491517,0.23934428133634184,0.6,1.3569699349930187,1.0302065799204383,0.0,247.53562357589615,247.83850314414482,0.0,0.0
186.61508843238855,7951.400560715316,75.05863794287065,245.11990785262452,37563.371121937125,0.5338559445523218,313.85876164371126,0.23914781779479624,0.6,1.3569699349930187,1.030133774120302,0.0,247.62117958229447,247.9236716579467,0.0,0.0
186.7651005613535,7940.144452436451,75.0106893801712,245.2086115554875,37622.41762267463,0.534501696931185,313.9155459259783,0.23895181475930735,0.6,1.3569699349930187,1.0300625240387287,0.0,247.70668860749322,248.00879433380712,0.0,0.0
186.91511269031844,7928.89552887171,74.96284911558847,245.2976652469012,37681.62391812331,0.5351484881161626,313.97254392508773,0.23875606503183358,0.6,1.3569699349930187,1.0299939092045298,0.0,247.79255687138914,248.09427736703407,0.0,0.0
187.06512481928337,7917.653774057717,74.91511313285919,245.38701809919792,37740.97742223809,0.5357962465097488,314.029723001762,0.2385605808799151,0.6,1.3569699349930187,1.0299276820432421,0.0,247.87873326534714,248.18006961501354,0.0,0.0
187.21513694824833,7906.419172575033,74.86747867144447,245.47631441000541,37800.386768926146,0.5364444493894444,314.08685549666063,0.23836552648170425,0.6,1.3569699349930187,1.0298627639363271,0.0,247.96486189021712,248.26581515479813,0.0,0.0
187.36514907721326,7895.191709337849,74.81994395545084,245.56555429863084,37859.85200722469,0.5370930971528171,314.14394151151146,0.2381708957857115,0.6,1.3569699349930187,1.0297991113242355,0.0,248.05094273443996,248.35151395900223,0.0,0.0
187.51516120617822,7883.971369518268,74.77250715260817,245.65473788233336,37919.37318508863,0.5377421901853453,314.20098114663824,0.2379766825671104,0.6,1.3569699349930187,1.0297366789590432,0.0,248.13697578099192,248.43716599436266,0.0,0.0
187.66517333514315,7872.758138557696,74.72516649578691,245.74386527623375,37978.95034931996,0.5383917288596621,314.25797450090386,0.2377828808146028,0.6,1.3569699349930187,1.0296754232473402,0.0,248.22296101536784,248.52277123069786,0.0,0.0
187.81518546410808,7861.552002167228,74.67792028329197,245.832936593311,38038.58354555539,0.5390417135354386,314.3149216717099,0.2375894847311457,0.6,1.3569699349930187,1.0296153022631656,0.0,248.30889842558173,248.60832964090915,0.0,0.0
187.96519759307304,7850.352946302616,74.63076687240114,245.92195194460157,38098.27281838978,0.5396921445607447,314.3718227551253,0.2373964887130916,0.6,1.3569699349930187,1.0295562755774275,0.0,248.39478800192276,248.69384120068315,0.0,0.0
188.11520972203797,7839.1609571573545,74.58370467761135,246.0109114392541,38158.01821140333,0.54034302227236,314.42867784592295,0.23720388734439493,0.6,1.3569699349930187,1.0294983042146761,0.0,248.48062973688008,248.77930588840067,0.0,0.0
188.2652218510029,7827.97602116628,74.536732171756,246.0998151845008,38217.81976713365,0.5409943469954858,314.4854870375623,0.23701167539999485,0.6,1.3569699349930187,1.0294413506878892,0.0,248.56642362517476,248.8647236851763,0.0,0.0
188.41523397996787,7816.798124988633,74.48984788166236,246.1886632857922,38277.67752715683,0.54164611904464,314.54225042227694,0.23681984783175805,0.6,1.3569699349930187,1.029385378884731,0.0,248.65216966359407,248.95009457465605,0.0,0.0
188.5652461089328,7805.6272554942425,74.44305038458124,246.2774558469066,38337.591532153565,0.5422983387243936,314.5989680911461,0.2366283997569041,0.6,1.3569699349930187,1.029330353974458,0.0,248.7378678508525,249.03541854284845,0.0,0.0
188.71525823789776,7794.463399766188,74.39633830900746,246.36619296992924,38397.56182188609,0.5429510063291295,314.65564013408186,0.23643732646046167,0.6,1.3569699349930187,1.0292762424341286,0.0,248.82351818761327,249.12069557815124,0.0,0.0
188.8652703668627,7783.30654509443,74.34971033312759,246.45487475530274,38457.588435225174,0.543604122143352,314.71226663986306,0.23624662339014807,0.6,1.3569699349930187,1.0292230120102577,0.0,248.9091206764249,249.20592567127412,0.0,0.0
189.01528249582762,7772.156678956988,74.30316517993268,246.54350130197656,38517.67141024298,0.5442576864427073,314.7688476962318,0.23605628614061286,0.6,1.3569699349930187,1.0291706315892941,0.0,248.99467532153673,249.2911088150138,0.0,0.0
189.16529462479258,7761.013789019307,74.25670161711851,246.63207270741222,38577.81078420967,0.544911699493959,314.8253833898974,0.23586631045297526,0.6,1.3569699349930187,1.02911907119835,0.0,249.0801821288875,249.3762450042407,0.0,0.0
189.3153067537575,7749.877863135962,74.21031845767159,246.7205890675696,38638.00659357705,0.5455661615548212,314.8818738065293,0.23567669221654888,0.6,1.3569699349930187,1.029068302024687,0.0,249.16564110611992,249.46133423591687,0.0,0.0
189.46531888272247,7738.748889331804,74.16401455496784,246.80905047705681,38698.25887407345,0.5462210728750018,314.93831903085345,0.2354874274530634,0.6,1.3569699349930187,1.0290182962852739,0.0,249.25105226239776,249.5463765088728,0.0,0.0
189.6153310116874,7727.626855797006,74.1177888015045,246.89745702916954,38758.56766072418,0.5468764336964345,314.9947191466782,0.2352985123124916,0.6,1.3569699349930187,1.0289690271952305,0.0,249.33641560835247,249.63137182374302,0.0,0.0
189.76534314065233,7716.511750891201,74.07164013012017,246.98580881585815,38818.93298782258,0.547532244252974,315.0510742368747,0.2351099430768123,0.6,1.3569699349930187,1.0289204690042617,0.0,249.42173115612184,249.71632018301304,0.0,0.0
189.9153552696173,7705.403563130977,74.0255675107646,247.074105927827,38879.35488899203,0.5481885047710803,315.1073843834407,0.23492171614958426,0.6,1.3569699349930187,1.0288725969113786,0.0,249.50699891922784,249.8012215908708,0.0,0.0
190.06536739858223,7694.302281195969,73.97956959764396,247.16234845448605,38939.833397146256,0.5488452154693965,315.163649667471,0.2347338269362592,0.6,1.3569699349930187,1.0288253772528564,0.0,249.5922188893409,249.8860760271666,0.0,0.0
190.21537952754719,7683.207893977899,73.93364598664519,247.25049873101415,39000.360243940486,0.549502343510846,315.2198461035354,0.23454629174065816,0.6,1.3569699349930187,1.0287787405984954,0.0,249.67735336595618,249.97084578708015,0.0,0.0
190.36539165651212,7672.12038978054,73.88780415682464,247.3324303591506,39059.58638705276,0.5501545153175842,315.27206912464834,0.23436203645306683,0.6,1.3569699349930187,1.0287228507685762,0.0,249.75627643241535,250.04940501219588,0.0,0.0
190.51540378547705,7661.039756071959,73.84204799882089,247.41431150269239,39118.86589420398,0.5508071189644507,315.32425132598127,0.23417814420649555,0.6,1.3569699349930187,1.028667919929745,0.0,249.83515649763078,250.1279221410692,0.0,0.0
190.665415914442,7649.965979864471,73.79637697298526,247.49614225708456,39178.1988047003,0.5514601547627898,315.3763927886077,0.23399461297805482,0.6,1.3569699349930187,1.0286139374796266,0.0,249.91399361124323,250.2063972178016,0.0,0.0
190.81542804340694,7638.8990486355,73.75078953877862,247.5779227143369,39237.585155576024,0.5521136229987481,315.42849359134317,0.2338114375752219,0.6,1.3569699349930187,1.0285608648164575,0.0,249.99278775401973,250.28483020970685,0.0,0.0
190.9654401723719,7627.838949832857,73.70528573377669,247.6600242346288,39297.05429750177,0.552767107638168,315.4807902823049,0.2336284426947905,0.6,1.3569699349930187,1.0285079326560262,0.0,250.0719102784476,250.36359246834212,0.0,0.0
191.11545230133683,7616.785670699022,73.65986833894448,247.74484591970256,39356.79610238642,0.5534179168265799,315.53481054955216,0.2334445071548668,0.6,1.3569699349930187,1.0284502228457066,0.0,250.153760458025,250.44508328797681,0.0,0.0
191.26546443030176,7605.73919803691,73.61453996810013,247.82961566699322,39416.59206607719,0.5540691579388447,315.58878850093885,0.2332609479499337,0.6,1.3569699349930187,1.0283936011469532,0.0,250.2355663505879,250.52653074584512,0.0,0.0
191.41547655926672,7594.699518592162,73.56929920863486,247.91433357767175,39476.442231061,0.5547208313118485,315.6427242225793,0.23307776027416546,0.6,1.3569699349930187,1.0283380326622917,0.0,250.3173279542777,250.60793482762847,0.0,0.0
191.56548868823165,7583.6666193328265,73.52414453514034,247.9989997512042,39536.34663885679,0.555372937271717,315.6966177994269,0.23289493896907312,0.6,1.3569699349930187,1.0282834792301885,0.0,250.39904525841422,250.6892955093262,0.0,0.0
191.71550081719658,7572.640487455483,73.47907447832202,248.08361428530446,39596.3053299729,0.5560254761333624,315.750469315245,0.23271247905877399,0.6,1.3569699349930187,1.028229904142689,0.0,250.4807182544911,250.77061276958608,0.0,0.0
191.86551294616154,7561.621110378046,73.43408762321421,248.16817727598968,39656.318343938634,0.5566784482008429,315.80427885264356,0.2325303757441458,0.6,1.3569699349930187,1.0281772721004563,0.0,250.5623469361022,250.85188658961536,0.0,0.0
192.01552507512648,7550.608475719817,73.38918260393015,248.25268881773317,39716.38571940389,0.5573318537684573,315.8580464931772,0.23234862438597215,0.6,1.3569699349930187,1.0281255490719228,0.0,250.64393129874054,250.93311695293698,0.0,0.0
192.16553720409144,7539.602571300603,73.34435810350305,248.33714900347115,39776.50749413696,0.5579856931207359,315.9117723173507,0.23216722050428884,0.6,1.3569699349930187,1.0280747022926353,0.0,250.725471339784,251.01430384537232,0.0,0.0
192.31554933305637,7528.603385142009,73.29961285437142,248.42155792459295,39836.68370500965,0.5586399665322878,315.9654564046138,0.23198615977977863,0.6,1.3569699349930187,1.0280247002824046,0.0,250.80696705850627,251.09544725505506,0.0,0.0
192.4655614620213,7517.610905447454,73.25494563311733,248.50591567109404,39896.91438809925,0.5592946742689234,316.0190988334593,0.23180543803690287,0.6,1.3569699349930187,1.0279755127035655,0.0,250.88841845587694,251.1765471721885,0.0,0.0
192.61557359098626,7506.62512075343,73.21035284644418,248.59022233041557,39957.199577851075,0.5599498165785652,316.07269968068647,0.23162504360675626,0.6,1.3569699349930187,1.0279270425584595,0.0,250.9698253764624,251.25760341196678,0.0,0.0
192.7655857199512,7495.646019448272,73.16584369056726,248.67651782373193,40017.50791647383,0.5606003554270604,316.12755558488055,0.23144405603997453,0.6,1.3569699349930187,1.0278703141963623,0.0,251.05322833005255,251.34065655536423,0.0,0.0
192.91559784891615,7484.673587310457,73.12144139852917,248.76773965869094,40077.79403692909,0.5612390173667674,316.18553269467606,0.2312611863526936,0.6,1.3569699349930187,1.0277926983053576,0.0,251.14156632286193,251.42864578982508,0.0,0.0
193.06560997788108,7473.707807458016,73.07715533197177,248.85890650260822,40138.13455376697,0.5618780967234662,316.24346423489845,0.23107878453320926,0.6,1.3569699349930187,1.0277170320805875,0.0,251.22985861703376,251.51659044942815,0.0,0.0
193.215622106846,7462.7486623249415,73.03298423327368,248.95001850095386,40198.52953578832,0.5625175940961437,316.3013503229992,0.23089684618385026,0.6,1.3569699349930187,1.0276432862414029,0.0,251.31810526277036,251.60449057285456,0.0,0.0
193.36563423581097,7451.796134949046,72.98892530979123,249.0410757941804,40258.97904885123,0.5631575100521498,316.3591910731373,0.2307153620610862,0.6,1.3569699349930187,1.0275713881536193,0.0,251.4063062060034,251.69234608251153,0.0,0.0
193.5156463647759,7440.850208699919,72.94497589045992,249.1320785199842,40319.48315735146,0.5637978451429033,316.4169865976186,0.23053432331438845,0.6,1.3569699349930187,1.027501268412491,0.0,251.49446139825443,251.78015690740548,0.0,0.0
193.66565849374086,7429.91086734005,72.90113340427332,249.22302681279731,40380.04192387151,0.5644385999002,316.4747370065746,0.23035372141808222,0.6,1.3569699349930187,1.0274328602380869,0.0,251.58257079470707,251.8679229810426,0.0,0.0
193.8156706227058,7418.9780950222685,72.85739537984264,249.31392080380883,40440.65540917937,0.5650797748362241,316.53244240797886,0.23017354816962712,0.6,1.3569699349930187,1.0273660994700797,0.0,251.67063435417793,251.95564424139354,0.0,0.0
193.96568275167073,7408.05187625488,72.81375943616982,249.40476062125452,40501.32367240704,0.5657213704454601,316.5901029078321,0.22999379566002373,0.6,1.3569699349930187,1.0273009243180697,0.0,251.75865203878806,252.04332063049026,0.0,0.0
194.1156948806357,7397.132195891678,72.77022328004713,249.49554639049987,40562.046771092035,0.5663633872051541,316.6477186102176,0.22981445626527555,0.6,1.3569699349930187,1.027237275295546,0.0,251.8466238138581,252.13095209429827,0.0,0.0
194.26570700960062,7386.219039133913,72.7267847068067,249.58627823402367,40622.82476115352,0.5670058255750846,316.70528961729235,0.22963552264848486,0.6,1.3569699349930187,1.0271750952470236,0.0,251.93454964792124,252.21853858273334,0.0,0.0
194.41571913856558,7375.312391506109,72.68344159396153,249.67695627161908,40683.657697013114,0.5676486859988583,316.76281602941634,0.2294569877394061,0.6,1.3569699349930187,1.0271143291771478,0.0,252.02242951249488,252.3060800493811,0.0,0.0
194.5657312675305,7364.412238748764,72.64019370502686,249.7675806212855,40744.54563218234,0.5682919689101382,316.8202979457202,0.22927885042729199,0.6,1.3569699349930187,1.0270549752761993,0.0,252.11026349930304,252.39357658278794,0.0,0.0
194.71574339649544,7353.518566609881,72.59703621155019,249.85631076203506,40805.353354543084,0.5689379799989577,316.8765682858164,0.22910193897981468,0.6,1.3569699349930187,1.027001063062809,0.0,252.1962107651325,252.4791873007722,0.0,0.0
194.8657555254604,7342.631364777431,72.5539256680854,249.926388667741,40864.8469494428,0.5696077235764262,316.92100280375035,0.22893378799830938,0.6,1.3569699349930187,1.0269892219879855,0.0,252.26351047451615,252.54615102811837,0.0,0.0
195.01576765442533,7331.75062772199,72.51083978932766,249.99642520102023,40924.392084603074,0.5702779042602315,316.9654048649008,0.22876578540245973,0.6,1.3569699349930187,1.0269767219024886,0.0,252.33077204981404,252.6130770130085,0.0,0.0
195.16577978339026,7320.876352621831,72.46777896082446,250.06957814491957,40984.20354538787,0.5709443044361805,317.0117760409916,0.22859648895646678,0.6,1.3569699349930187,1.0269559884911088,0.0,252.40115329605126,252.68312306312572,0.0,0.0
195.31579191235522,7310.008533161354,72.42477312588537,250.15298467522516,41044.76847823059,0.5715973779537106,317.06463862456366,0.22842273878306424,0.6,1.3569699349930187,1.0269107486504656,0.0,252.4817933117861,252.7634285095593,0.0,0.0
195.46580404132015,7299.147159909289,72.38184200626918,250.23634201785512,41105.3871152908,0.5722508762485566,317.11746122901786,0.22824931092014517,0.6,1.3569699349930187,1.0268663283648163,0.0,252.5623905841855,252.84369199200574,0.0,0.0
195.61581617028511,7288.292221425542,72.33898092710052,250.31965026010354,41166.05949384933,0.5729047996006426,317.1702439296325,0.2280761903476345,0.6,1.3569699349930187,1.0268225986766906,0.0,252.64294489171505,252.92391325158235,0.0,0.0
195.76582829925005,7277.443707440248,72.29618843072228,250.4029094802849,41226.78564482891,0.5735591482212208,317.2229867959325,0.2279033722018069,0.6,1.3569699349930187,1.0267795215977948,0.0,252.72345621111722,253.00409225274794,0.0,0.0
195.91584042821498,7266.60160774557,72.25346383770344,250.48611975623896,41287.565598963345,0.5742139223194049,317.27568989708135,0.22773085407565008,0.6,1.3569699349930187,1.0267370811623568,0.0,252.80392456882313,253.08422901571655,0.0,0.0
196.06585255717994,7255.765912221723,72.2108062246731,250.56928116513103,41348.39938664942,0.5748691221005776,317.3283533017542,0.22755863279574748,0.6,1.3569699349930187,1.0266952544186345,0.0,252.8843499750636,253.1643235426242,0.0,0.0
196.21586468614487,7244.936610887662,72.16821470211657,250.65239378306302,41409.28703765888,0.5755247477632949,317.38097707789257,0.22738670529836083,0.6,1.3569699349930187,1.0266540193080773,0.0,252.96473244132753,253.24437583714584,0.0,0.0
196.36587681510983,7234.113693897116,72.12568841338656,250.73545768510377,41470.22858115506,0.5761807994994714,317.4335612927241,0.22721506862620372,0.6,1.3569699349930187,1.0266133546401635,0.0,253.045071980322,253.32438590444684,0.0,0.0
196.51588894407476,7223.297151524917,72.08322653102782,250.81847294539403,41531.22404576547,0.5768372774951719,317.4861060128298,0.22704371991672256,0.6,1.3569699349930187,1.0265732399916996,0.0,253.12536860583543,253.4043537510168,0.0,0.0
196.6659010730397,7212.486974167058,72.04082825684185,250.90143963714596,41592.2734595768,0.5774941819305626,317.53861130414407,0.22687265640221585,0.6,1.3569699349930187,1.0265336557108653,0.0,253.20562233273495,253.48427938466693,0.0,0.0
196.81591320200465,7201.683152343024,71.99849282260952,250.9843578326251,41653.3768501172,0.5781515129797282,317.5910772319443,0.22670187541203277,0.6,1.3569699349930187,1.0264945829397967,0.0,253.28583317698886,253.56416281455722,0.0,0.0
196.96592533096958,7190.885676682004,71.95621948638184,251.0672276032565,41714.53424442972,0.5788092708114685,317.64350386091826,0.22653137436076207,0.6,1.3569699349930187,1.0264560035125312,0.0,253.36600115552955,253.64400405102992,0.0,0.0
197.11593745993454,7180.094537919488,71.91400753158509,251.1500490196504,41775.74566908798,0.5794674555894741,317.6958912551811,0.22636115074532706,0.6,1.3569699349930187,1.0264178999318465,0.0,253.44612628621672,253.7238031055654,0.0,0.0
197.26594958889947,7169.309726901472,71.87185626824447,251.23282215157033,41837.01115016791,0.5801260674720276,317.74823947825575,0.226191202148778,0.6,1.3569699349930187,1.0263802554056773,0.0,253.52620858787844,253.8035599908318,0.0,0.0
197.4159617178644,7158.531234575454,71.829765030582,251.31554706800196,41898.330713295036,0.5807851066125176,317.8005485931169,0.22602152623262564,0.6,1.3569699349930187,1.0263430537814802,0.0,253.60624808022143,253.88327472057622,0.0,0.0
197.56597384682937,7147.759051982821,71.78773317496412,251.39822383721156,41959.70438368438,0.5814445731598759,317.85281866222863,0.22585212073028837,0.6,1.3569699349930187,1.026306279490237,0.0,253.68624478375372,253.9629473095311,0.0,0.0
197.7159859757943,7136.993170261991,71.74576008081452,251.48085252672195,42021.1321861187,0.5821044672583454,317.90504974752946,0.22568298344991003,0.6,1.3569699349930187,1.0262699175739054,0.0,253.76619871981438,254.0425777734503,0.0,0.0
197.86599810475926,7126.233580646069,71.70384515003882,251.5634332033304,42082.6141449587,0.5827647890475983,317.9572419104446,0.22551411227247598,0.6,1.3569699349930187,1.0262339536709868,0.0,253.84610991055015,254.12216612908065,0.0,0.0
198.0160102337242,7115.48027445211,71.66198780411212,251.64596593319095,42144.15028420067,0.583425538663358,318.009395211938,0.22534550514255353,0.6,1.3569699349930187,1.0261983739359912,0.0,253.92597837880794,254.2017123940317,0.0,0.0
198.16602236268912,7104.733243081653,71.62018748426121,251.7284507818106,42205.740627470725,0.5840867162373433,318.0615097125106,0.2251771600688095,0.6,1.3569699349930187,1.0261631650461105,0.0,254.00580414813848,254.28121658678023,0.0,0.0
198.31603449165408,7093.992478023643,71.57844365233204,251.81088781402653,42267.385198004675,0.5847483218970566,318.11358547218646,0.22500907512669038,0.6,1.3569699349930187,1.0261283142272843,0.0,254.08558724282503,254.3606787267051,0.0,0.0
198.466046620619,7083.257970843544,71.53675578783259,251.89327709408974,42329.08401870753,0.5854103557664272,318.16562255056596,0.22484124844903153,0.6,1.3569699349930187,1.0260938091721359,0.0,254.16532768777486,254.4400988339555,0.0,0.0
198.61605874958394,7072.529713180823,71.49512338726933,251.9756186856845,42390.83711216536,0.5860728179659427,318.2176210068385,0.22467367822391238,0.6,1.3569699349930187,1.0260596380225606,0.0,254.24502550849314,254.51947692941943,0.0,0.0
198.7660708785489,7061.8076967533925,71.45354596542307,252.0579126518941,42452.64450061687,0.5867357086123484,318.2695808997613,0.22450636269863095,0.6,1.3569699349930187,1.0260257894071902,0.0,254.32468073112616,254.59881303477619,0.0,0.0
198.91608300751383,7051.09191335069,71.41202305348287,252.14015905525397,42514.506205990394,0.5873990278190473,318.3215022876934,0.2243393001737656,0.6,1.3569699349930187,1.0259922523899276,0.0,254.4042933823927,254.678107172413,0.0,0.0
199.0660951364788,7040.3823548275905,71.37055419739643,252.22235795779844,42576.422249936906,0.5880627756964596,318.3733852286254,0.22417248899792583,0.6,1.3569699349930187,1.0259590164244545,0.0,254.48386348952263,254.75735936535074,0.0,0.0
199.21610726544372,7029.679013107734,71.32913895882245,252.30450942103514,42638.39265380799,0.5887269523517881,318.425229780164,0.2240059275707111,0.6,1.3569699349930187,1.025926071382392,0.0,254.56339108028908,254.8365696372828,0.0,0.0
199.36611939440866,7018.981880182289,71.287776914838,252.38661350595447,42700.41743866107,0.5893915578890799,318.4770359995379,0.22383961434174313,0.6,1.3569699349930187,1.0258934075462391,0.0,254.64287618299608,254.91573801256027,0.0,0.0
199.51613152337362,7008.29094810208,71.24646764642193,252.46867027309017,42762.49662530213,0.5900565924096859,318.52880394363694,0.22367354777443882,0.6,1.3569699349930187,1.025861015279754,0.0,254.72231882580752,254.99486451543237,0.0,0.0
199.66614365233855,6997.606209060798,71.20520988096362,252.55067978188038,42824.630233799784,0.5907220560070605,318.5805336686089,0.22350772365467908,0.6,1.3569699349930187,1.0258288603120835,0.0,254.80171898189087,255.07394910863346,0.0,0.0
199.8161557813035,6986.927655035604,71.16400483908959,252.63264209342637,42886.81828557406,0.5913879487891353,318.63222523160016,0.22334214559548554,0.6,1.3569699349930187,1.0257969801952393,0.0,254.8810767838187,255.15299193337944,0.0,0.0
199.96616791026844,6976.255279221829,71.12284059681154,252.70574316870267,42948.37650638345,0.5920654877013268,318.67832116239504,0.22318066800837735,0.6,1.3569699349930187,1.0257844671620475,0.0,254.95157743373463,255.2231781000445,0.0,0.0
200.11618003923337,6965.589076961651,71.08169377294088,252.77643366710103,43009.80346171165,0.5927464783127167,318.7228906958337,0.22302035984223095,0.6,1.3569699349930187,1.0257763997877372,0.0,255.01967011080262,255.2909566087808,0.0,0.0
200.26619216819833,6954.9290459673275,71.04056383777878,252.8470835020568,43071.282862428474,0.59342790616293,318.76742836518457,0.2228601717625732,0.6,1.3569699349930187,1.0257675346189223,0.0,255.08772469313507,255.35869733342895,0.0,0.0
200.41620429716326,6944.275183587029,70.99945241675353,252.91769269073527,43132.814697308546,0.5941097710192876,318.81193419462045,0.2227001087525523,0.6,1.3569699349930187,1.025757918797047,0.0,255.15574129852055,255.42640040394645,0.0,0.0
200.56621642612822,6933.62748696265,70.9583605882429,252.98826125166934,43194.39895623969,0.5947920726617206,318.8564082091531,0.22254017407640725,0.6,1.3569699349930187,1.0257475837797883,0.0,255.22372001141045,255.4940659127565,0.0,0.0
200.71622855509315,6922.985953076477,70.91728938491168,253.05878920445028,43256.03562996083,0.5954748108798521,318.9008504344375,0.22238037085288834,0.6,1.3569699349930187,1.0257365597933337,0.0,255.29166091427942,255.56169394993861,0.0,0.0
200.86624068405808,6912.350578759435,70.87623979589743,253.1292765696729,43317.72471002068,0.59615798547253,318.9452608967371,0.22222070206224065,0.6,1.3569699349930187,1.0257248758908832,0.0,255.3595640877168,255.6292846033376,0.0,0.0
201.01625281302304,6901.721360698394,70.83521276874617,253.19972336888736,43379.466188741666,0.5968415962474168,318.98963962289315,0.22206117055239463,0.6,1.3569699349930187,1.0257125600042407,0.0,255.42742961050826,255.6968379586609,0.0,0.0
201.16626494198798,6891.098295439843,70.79420921037847,253.27012962457476,43441.26005920469,0.5975256430208127,319.03398664030874,0.22190177904210123,0.6,1.3569699349930187,1.0256996389679136,0.0,255.49525755967977,255.76435409953092,0.0,0.0
201.31627707095294,6880.48137939715,70.75322998901903,253.340495360099,43503.10631521258,0.5982101256172399,319.0783019769181,0.22174253012709486,0.6,1.3569699349930187,1.0256861385708458,0.0,255.56304801057848,255.83183310758136,0.0,0.0
201.46628919991787,6869.870608857475,70.71227593602268,253.41082059966098,43565.004951255476,0.5988950438690523,319.1225856611577,0.22158342628592423,0.6,1.3569699349930187,1.0256720836053894,0.0,255.6308010369486,255.899275062548,0.0,0.0
201.6163013288828,6859.265979984785,70.67134784667566,253.48110536827866,43626.955962498425,0.5995803976162888,319.1668377219531,0.22142446988255732,0.6,1.3569699349930187,1.0256574978871411,0.0,255.6985167109688,255.96668004231287,0.0,0.0
201.76631345784776,6848.6674888263615,70.63044648193063,253.55134969174398,43688.95934474871,0.6002661867063039,319.21105818869154,0.2212656631719183,0.6,1.3569699349930187,1.0256424043016068,0.0,255.7661951033244,256.0340481229906,0.0,0.0
201.9163255868127,6838.075131318748,70.58957256998154,253.62155359658337,43751.015094425675,0.6009524109934257,319.2552470911971,0.2211070083049167,0.6,1.3569699349930187,1.0256268248464355,0.0,255.83383628327348,256.1013793790069,0.0,0.0
202.06633771577762,6827.48890329103,70.54872680713119,253.69171711003608,43813.12320854662,0.6016390703387933,319.29940445971636,0.22094850733124935,0.6,1.3569699349930187,1.0256107806535613,0.0,255.90144031868525,256.1686738831446,0.0,0.0
202.21634984474258,6816.9088004696405,70.50790985907976,253.7618402600223,43875.28368470264,0.6023261646100813,319.34353032489844,0.22079016220352227,0.6,1.3569699349930187,1.025594292023493,0.0,255.96900727609497,256.235931706609,0.0,0.0
202.3663619737075,6806.334818484325,70.4671223625179,253.83192307510367,43937.496521028545,0.6030136936811612,319.3876247177696,0.22063197478232585,0.6,1.3569699349930187,1.025577378468493,0.0,256.0365372207699,256.3031529191062,0.0,0.0
202.51637410267247,6795.766952871371,70.42636492597347,253.9019655844619,43999.76171618755,0.603701657431925,319.4316876697198,0.22047394683896124,0.6,1.3569699349930187,1.0255600587344624,0.0,256.1040302167462,256.3703375888876,0.0,0.0
202.6663862316374,6785.205199076636,70.38563813062133,253.97196781787866,44062.07926935759,0.6043900557481274,319.47571921248976,0.22031608005804793,0.6,1.3569699349930187,1.0255423508218697,0.0,256.1714863268648,256.4374857827921,0.0,0.0
202.81639836060234,6774.649552461928,70.34494253201349,254.04192980569331,44124.44918019767,0.6050788885210082,319.51971937814403,0.22015837604301947,0.6,1.3569699349930187,1.0255242720332243,0.0,256.2389056128421,256.5045975663308,0.0,0.0
202.9664104895673,6764.100008307899,70.30427866082604,254.11185157878379,44186.871448834216,0.6057681556471356,319.56368819905913,0.22000083631852713,0.6,1.3569699349930187,1.0255058389924239,0.0,256.30628813530257,256.5716730037255,0.0,0.0
203.11642261853223,6753.5565618158535,70.26364702333835,254.18173316855453,44249.346075854264,0.6064578570283251,319.6076257079153,0.219843462332001,0.6,1.3569699349930187,1.0254870676564847,0.0,256.373633953801,256.63871215793534,0.0,0.0
203.2664347474972,6743.019208113882,70.22304810310696,254.25157460689596,44311.873062272,0.6071479925712642,319.6515319376712,0.2196862554589594,0.6,1.3569699349930187,1.0254679733617267,0.0,256.440943126891,256.70571509073847,0.0,0.0
203.41644687646212,6732.487942259914,70.18248236176825,254.32137592616414,44374.45240951468,0.6078385621873528,319.69540692155095,0.21952921700557965,0.6,1.3569699349930187,1.0254485708450267,0.0,256.50821571215874,256.7726818627723,0.0,0.0
203.56645900542705,6721.962759208374,70.14195092987205,254.39113715940178,44437.08411962337,0.6085295657949112,319.7392506931826,0.21937235036926794,0.6,1.3569699349930187,1.0254288944447412,0.0,256.57545180947534,256.83961258198985,0.0,0.0
203.716471134392,6711.44365374463,70.10145310454341,254.46058969086624,44499.829249195864,0.6092224823663807,319.7828944795481,0.21921576893171438,0.6,1.3569699349930187,1.0254114144041846,0.0,256.6423827556421,256.90623857945326,0.0,0.0
203.86648326335694,6700.9306219383025,70.0609740466631,254.52854684083502,44562.95812546412,0.6099238563656707,319.82559280743556,0.21905993648496497,0.6,1.3569699349930187,1.025406691765788,0.0,256.7078209441576,256.9713721365809,0.0,0.0
204.0164953923219,6690.4236613919775,70.02050742001941,254.59646497000102,44626.14023280273,0.6106256778978136,319.86826092329096,0.21890420518093023,0.6,1.3569699349930187,1.0254010442298902,0.0,256.77322233973814,257.03646917020137,0.0,0.0
204.16650752128683,6679.922770371261,69.98005485758486,254.66434408918795,44689.37555384073,0.611327946663743,319.9108988460014,0.21874858002656497,0.6,1.3569699349930187,1.0253945195296255,0.0,256.83858705333836,257.1015298033789,0.0,0.0
204.31651965025176,6669.427946609914,69.93961736514036,254.7321842126578,44752.664074305634,0.6120306623991162,319.95350659659437,0.21859306406452997,0.6,1.3569699349930187,1.025387147179262,0.0,256.9039151601669,257.1665541186925,0.0,0.0
204.46653177921672,6658.939187756282,69.8991961606574,254.79998535522512,44816.00578034775,0.6127338248445771,319.99608419642493,0.2184376609988477,0.6,1.3569699349930187,1.0253789629979262,0.0,256.9692067490108,257.2315422138753,0.0,0.0
204.61654390818165,6648.456491279183,69.85879241027703,254.86774753286534,44879.40065911342,0.6134374337521125,320.0386316675569,0.21828237436924022,0.6,1.3569699349930187,1.025370001387323,0.0,257.034461906429,257.29649418402215,0.0,0.0
204.76655603714661,6637.979854475027,69.81840723019987,254.93547076266884,44942.84869870999,0.614141488884652,320.08114903273395,0.21812720755716763,0.6,1.3569699349930187,1.0253602953820038,0.0,257.0996807168326,257.3614101216856,0.0,0.0
204.91656816611155,6627.509274477587,69.77804168931956,255.0031550627778,45006.34988815339,0.6148459900154741,320.1236363153392,0.21797216379419232,0.6,1.3569699349930187,1.0253498767213727,0.0,257.16486326259405,257.42629011700586,0.0,0.0
205.06658029507648,6617.044748264031,69.73769681085253,255.07080045234719,45069.904217339084,0.6155509369278743,320.16609353937054,0.21781724616718962,0.6,1.3569699349930187,1.0253387758928956,0.0,257.230009624118,257.49113425779484,0.0,0.0
205.21659242404144,6606.586272660176,69.69737357373971,255.13840695151075,45133.5116770163,0.616256329414867,320.208520729419,0.21766245762284084,0.6,1.3569699349930187,1.025327022168833,0.0,257.2951198799022,257.55594262960847,0.0,0.0
205.36660455300637,6596.133844348582,69.65707291482559,255.2059745813289,45197.17225874569,0.6169621672787075,320.25091791063534,0.21750780097455677,0.6,1.3569699349930187,1.0253146436657128,0.0,257.3601941066282,257.62071531585497,0.0,0.0
205.5166166819713,6585.687459875297,69.61679573068113,255.2735033637449,45260.88595486438,0.6176684503304948,320.29328510870266,0.21735327890828013,0.6,1.3569699349930187,1.0253016673936814,0.0,257.42523237923825,257.68545239788597,0.0,0.0
205.66662881093626,6575.247115653507,69.57654287858435,255.34099332156154,45324.652758469274,0.6183751783899754,320.33562234982094,0.21719889398564493,0.6,1.3569699349930187,1.0252881192815544,0.0,257.49023477097955,257.75015395504914,0.0,0.0
205.8166409399012,6564.812807970859,69.536315178498,255.40844447839345,45388.47266337855,0.6190823512851102,320.3779296606773,0.21704464865025558,0.6,1.3569699349930187,1.0252740242309906,0.0,257.5552013534862,257.814820064786,0.0,0.0
205.96665306886615,6554.384532995776,69.49611341477573,255.4758568586267,45452.345664098146,0.6197899688516928,320.42020706842004,0.21689054523311033,0.6,1.3569699349930187,1.0252594061629459,0.0,257.62013219685093,257.87945080271663,0.0,0.0
206.11666519783108,6543.962286780356,69.45593833693663,255.5432304873998,45516.27175580935,0.6204980309332044,320.46245460064654,0.21673658595510395,0.6,1.3569699349930187,1.0252442880371992,0.0,257.68502736966,257.94404624268174,0.0,0.0
206.266677326796,6533.546065266964,69.41579066146588,255.61056539056113,45580.250934333526,0.6212065373804153,320.50467228537644,0.21658277293273984,0.6,1.3569699349930187,1.0252286919018547,0.0,257.7498869390686,258.008606456832,0.0,0.0
206.41668945576097,6523.135864293786,69.37567107331004,255.67786159463319,45644.28319610268,0.6219154880510512,320.5468601510287,0.21642910818288172,0.6,1.3569699349930187,1.025212638934114,0.0,257.81471097086285,258.0731315157019,0.0,0.0
206.5667015847259,6512.731679597793,69.33558022667064,255.74511912679324,45708.3685381457,0.6226248828096334,320.5890182264094,0.2162755936253057,0.6,1.3569699349930187,1.0251961494607436,0.0,257.8794995294952,258.13762148825174,0.0,0.0
206.71671371369087,6502.333506819627,69.29551874634294,255.81233801484194,45772.506958063284,0.6233347215271944,320.63114654069193,0.21612223108695558,0.6,1.3569699349930187,1.0251792429945557,0.0,257.94425267814125,258.20207644193516,0.0,0.0
206.8667258426558,6491.941341509402,69.25548722929676,255.8795182871657,45836.69845399569,0.6240450040809147,320.6732451233931,0.21596902230695197,0.6,1.3569699349930187,1.0251619382780641,0.0,258.0089704787644,258.26649644277626,0.0,0.0
207.01673797162073,6481.555179128493,69.21548628353108,255.94665997272517,45900.94302461642,0.6247557303540456,320.7153140043656,0.21581596905780717,0.6,1.3569699349930187,1.0251442544318938,0.0,258.0736529944978,258.33088155804086,0.0,0.0
207.1667501005857,6471.175014708976,69.17551976439523,256.01376310325685,45965.24067124689,0.6254669002592911,320.75735321517726,0.21566308323410263,0.6,1.3569699349930187,1.025126306913345,0.0,258.13830049063336,258.3952320812659,0.0,0.0
207.31676222955062,6460.80084475203,69.13556234209001,256.07222113467077,46029.133773899186,0.6261933339316371,320.79397189718924,0.2155139073630946,0.6,1.3569699349930187,1.0251316079125632,0.0,258.194304864443,258.4509397212289,0.0,0.0
207.46677435851558,6450.4326701184555,69.09558286829149,256.1205346655355,46092.54055791266,0.6269376524574247,320.8242328103459,0.21536896469144554,0.6,1.3569699349930187,1.0251634353020076,0.0,258.24016480246576,258.4965029332372,0.0,0.0
207.6167864874805,6440.070495769126,69.055564208577,256.1688203936343,46155.99812323138,0.6276824489326346,320.85447345784377,0.21522394082390758,0.6,1.3569699349930187,1.0251927493364592,0.0,258.2859959541844,258.5420372399968,0.0,0.0
207.76679861644544,6429.714327529628,69.01550880711378,256.2170782915486,46219.506403051295,0.6284277224884508,320.8846938282429,0.2150788433805917,0.6,1.3569699349930187,1.0252196188290592,0.0,258.33179844614216,258.58754278667044,0.0,0.0
207.9168107454104,6419.364170602981,68.97542038559925,256.26530833476056,46283.06533403211,0.6291734722973065,320.9148939119204,0.21493368395837223,0.6,1.3569699349930187,1.0252441508301022,0.0,258.3775724856839,258.6330198086435,0.0,0.0
208.06682287437533,6409.020029693637,68.93530230981452,256.31351050107554,46346.67485556034,0.6299196975642054,320.94507370070727,0.21478847303977985,0.6,1.3569699349930187,1.0252664421382547,0.0,258.423318260165,258.67846851861304,0.0,0.0
208.2168350033403,6398.681909005561,68.89515780428323,256.36168477063086,46410.33490978174,0.6306663975270764,320.9752331878938,0.21464322066230293,0.6,1.3569699349930187,1.025286585656813,0.0,258.46903595015385,258.7238891213869,0.0,0.0
208.36684713230522,6388.349812265453,68.85498995851333,256.40983112578783,46474.0454414785,0.631413571455305,321.0053723681612,0.21449793643809648,0.6,1.3569699349930187,1.0253046705632467,0.0,258.5147257297305,258.7692818142307,0.0,0.0
208.51685926127016,6378.023742754776,68.81480173584721,256.4579495509824,46537.80639789162,0.6321612186476272,321.035491237487,0.2143526295818217,0.6,1.3569699349930187,1.0253207825562267,0.0,258.56038776690116,258.8146467873506,0.0,0.0
208.66687139023512,6367.70370331771,68.77459597555027,256.50604003268825,46601.61772868986,0.6329093384317396,321.065589793122,0.21420730891736187,0.6,1.3569699349930187,1.0253350039048768,0.0,258.60602222371074,258.85998422402446,0.0,0.0
208.81688351920005,6357.389696374712,68.73437539634287,256.55410255935345,46665.47938590424,0.6336579301635099,321.09566803354954,0.214061982889041,0.6,1.3569699349930187,1.0253474135407603,0.0,258.65162925641687,258.9052943008038,0.0,0.0
208.966895648165,6347.081723953767,68.69414260504982,256.60213712125517,46729.39132375151,0.6344069932248833,321.1257259583943,0.21391665958880532,0.6,1.3569699349930187,1.0253580873009893,0.0,258.6972090158931,258.9505771879842,0.0,0.0
209.11690777712994,6336.779787700893,68.65390009945897,256.6501437104504,46793.35349858579,0.6351565270232968,321.1557635683908,0.21377134676531806,0.6,1.3569699349930187,1.0253670980018128,0.0,258.7427616477739,258.9958330497729,0.0,0.0
209.26691990609487,6326.48388888971,68.61365027078536,256.69812232073156,46857.36586885453,0.6359065309911409,321.18578086535507,0.21362605183181824,0.6,1.3569699349930187,1.0253745155008633,0.0,258.78828729257935,259.04106204443457,0.0,0.0
209.41693203505983,6316.1940284450275,68.57339541016697,256.7460729475168,46921.42839496754,0.6366570045842056,321.2157778521156,0.21348078188655306,0.6,1.3569699349930187,1.0253804068786687,0.0,258.8337860860198,259.08626432464587,0.0,0.0
209.56694416402476,6305.910206958721,68.53313771304907,256.7939955877755,46985.54103921237,0.6374079472806713,321.2457545324663,0.21333554372661087,0.6,1.3569699349930187,1.025384836558623,0.0,258.87925815920636,259.1314400377403,0.0,0.0
209.7169562929897,6295.6324246967015,68.49287928100152,256.84189023999653,47049.70376572514,0.6381593585807478,321.2757109111462,0.21319034385373845,0.6,1.3569699349930187,1.0253878663516631,0.0,258.924703638746,259.1765893258189,0.0,0.0
209.86696842195465,6285.360681614854,68.45262212605054,256.8897569041134,47113.91654040437,0.6389112380056482,321.30564699379204,0.21304518848799792,0.6,1.3569699349930187,1.0253895555754555,0.0,258.9701226469474,259.22171232598987,0.0,0.0
210.01698055091958,6275.094977378334,68.41236817603273,256.93759558141477,47178.17933080312,0.6396635850963094,321.335562786882,0.21290008358460333,0.6,1.3569699349930187,1.025389961204333,0.0,259.01551530207234,259.2668091706611,0.0,0.0
210.16699267988454,6264.835311367521,68.37211927619403,256.9854062745163,47242.49210610414,0.6404163994130846,321.3654582977179,0.21275503483903688,0.6,1.3569699349930187,1.0253891379087796,0.0,259.06088171841986,259.31187998763806,0.0,0.0
210.31700480884948,6254.581682688867,68.33187719209194,257.03318898731067,47306.85483706397,0.6411696805350746,321.3953335343932,0.2126100476962264,0.6,1.3569699349930187,1.025387138133658,0.0,259.1062220064671,259.3569249002878,0.0,0.0
210.4670169378144,6244.334090193549,68.29164361477827,257.0809437248801,47371.26749590689,0.6419234280588708,321.4251885057384,0.21246512736682757,0.6,1.3569699349930187,1.0253840122443305,0.0,259.1515362731106,259.40194402781975,0.0,0.0
210.61702906677937,6234.092532380047,68.2514199663333,257.1286704939509,47435.73005694969,0.6426776416058501,321.45502322160416,0.21232027822219546,0.6,1.3569699349930187,1.0253798026881504,0.0,259.19682461034853,259.44693747254456,0.0,0.0
210.7670411957443,6223.857007861556,68.21120727757761,257.17636930071484,47500.24249366871,0.6434323207878488,321.48483769150005,0.21217550341529248,0.6,1.3569699349930187,1.0253745402390797,0.0,259.24208708574395,259.49190530944713,0.0,0.0
210.91705332470926,6213.627514871375,68.17101039720897,257.2240401531344,47564.804781818886,0.6441874652436472,321.5146319260345,0.2120308179718923,0.6,1.3569699349930187,1.02536837064157,0.0,259.2873239995895,259.5368478741732,0.0,0.0
211.0670654536742,6203.404049644767,68.13085702038472,257.28942840990754,47629.156529155356,0.6448950672784172,321.5554950300382,0.2118790008984927,0.6,1.3569699349930187,1.0252858032449934,0.0,259.3502823843621,259.59951240161865,0.0,0.0
211.21707758263912,6193.1865934978705,68.09091881999726,257.37601146456706,47693.2456705166,0.6455455902147691,321.6095954166785,0.21171917688518724,0.6,1.3569699349930187,1.0251171348263228,0.0,259.43445000852387,259.68338791494085,0.0,0.0
211.36708971160408,6182.975109845184,68.05122879088017,257.46254418593884,47757.38371723158,0.6461964636766458,321.66365526199223,0.21156020482156446,0.6,1.3569699349930187,1.0249547797464154,0.0,259.51858371176087,259.7672314921726,0.0,0.0
211.517101840569,6172.769562130548,68.01177783211963,257.5490268833174,47821.570864438945,0.6468476895550266,321.7176747795943,0.21140205578917556,0.6,1.3569699349930187,1.0247984764199438,0.0,259.60268322751386,259.8510427971134,0.0,0.0
211.66711396953397,6162.569915145563,67.97255722274835,257.6354598545805,47885.80729985945,0.647499269664026,321.7716541758114,0.21124470207561888,0.6,1.3569699349930187,1.0246479741649066,0.0,259.68674830217014,259.93482150945607,0.0,0.0
211.8171260984989,6152.376134986834,67.93355860994738,257.7218433865512,47950.09320401122,0.6481512057431649,321.82559364991477,0.21108811713665698,0.6,1.3569699349930187,1.0245030328686089,0.0,259.7707786946298,260.018567324256,0.0,0.0
211.96713822746383,6142.188188945789,67.894773977539,257.8081777559313,48014.42875085296,0.6488034994639765,321.87949339470873,0.2109322754969115,0.6,1.3569699349930187,1.0243634220655453,0.0,259.8547741752584,260.102279950645,0.0,0.0
212.1171503564288,6132.006045490181,67.85619564090108,257.894463229458,48078.81410785223,0.6494561524307768,321.9333535966342,0.21077715273305098,0.6,1.3569699349930187,1.0242289208018003,0.0,259.9387345256634,260.18595911156115,0.0,0.0
212.26716248539373,6121.82967424881,67.81781624314442,257.9807000640332,48143.2494360343,0.6501091661812347,321.98717443585525,0.2106227254609322,0.6,1.3569699349930187,1.024099317537461,0.0,260.022659538522,260.2696045435405,0.0,0.0
212.4171746143587,6111.65904590992,67.77962872604112,258.06688850758445,48207.734890579275,0.6507625421924981,322.04095608680115,0.2104689712440556,0.6,1.3569699349930187,1.023974409295127,0.0,260.106549016623,260.3532159955386,0.0,0.0
212.56718674332362,6101.494132171682,67.74162587234895,258.15306560781124,48272.29353283684,0.6514164981882842,322.09472168110534,0.21031585217784957,0.6,1.3569699349930187,1.023854327818484,0.0,260.1904395540198,260.43683000674747,0.0,0.0
212.71719887228855,6091.334906289772,67.70379485965628,258.24020423563405,48337.53184316706,0.652076758583755,322.1490780451108,0.2101629322377749,0.6,1.3569699349930187,1.0237476788532027,0.0,260.27530323208447,260.5214185630547,0.0,0.0
212.8672110012535,6081.181343472039,67.66612288976395,258.32729456773916,48402.822089792026,0.6527373959637895,322.203395120236,0.2100105831116805,0.6,1.3569699349930187,1.0236447554370063,0.0,260.3601294412153,260.6059709597684,0.0,0.0
213.01722313021844,6071.033420346298,67.62860372964171,258.4143368041345,48468.16439530006,0.653398411464533,322.2576730510583,0.2098587850192994,0.6,1.3569699349930187,1.0235453772114615,0.0,260.4449179911603,260.6904869594406,0.0,0.0
213.16723525918337,6060.891114363524,67.5912331065736,258.50133113777014,48533.55887762716,0.654059806174138,322.3119119776435,0.20970752427934444,0.6,1.3569699349930187,1.0234494227741098,0.0,260.52966880315796,260.7749664504502,0.0,0.0
213.31724738814833,6050.754403617878,67.55400589862265,258.5882777560821,48599.005651185864,0.6547215811442333,322.3661120365116,0.2095567845883608,0.6,1.3569699349930187,1.0233567447087988,0.0,260.6143817426195,260.85940925926434,0.0,0.0
213.46725951711326,6040.6232669450155,67.51691738177394,258.6751768401488,48664.50482620234,0.6553837373832655,322.4202733601148,0.20940655089130683,0.6,1.3569699349930187,1.0232672073169629,0.0,260.69905669318814,260.94381523355565,0.0,0.0
213.61727164607822,6030.49768387341,67.47996302710537,258.7620285651087,48730.05650900056,0.6560462758594183,322.474396077101,0.2092568087513263,0.6,1.3569699349930187,1.0231806804973458,0.0,260.7836935449313,261.02818422891653,0.0,0.0
213.76728377504315,6020.37763461694,67.44313849902913,258.84883310022366,48795.66080202195,0.656709197500859,322.5284803123567,0.2091075443437212,0.6,1.3569699349930187,1.0230970397051293,0.0,260.8682921942617,261.1125161087625,0.0,0.0
213.91729590400809,6010.263100013432,67.40643963765787,258.935590609406,48861.31780419554,0.657372503199522,322.5825261873387,0.2089587444005315,0.6,1.3569699349930187,1.0230161654347398,0.0,260.95285254337165,261.19681074363484,0.0,0.0
214.06730803297305,6000.154061494401,67.3698624383981,259.0223012514779,48927.0276111088,0.6580361938128756,322.6365338202384,0.20881039614668742,0.6,1.3569699349930187,1.0229379426139655,0.0,261.0373744992385,261.28106801005384,0.0,0.0
214.21732016193798,5990.0505011198065,67.33340302522441,259.10896517987345,48992.79031475664,0.6587002701614276,322.6905033257995,0.20866248721686823,0.6,1.3569699349930187,1.0228622597978743,0.0,261.12185797169894,261.36528778839664,0.0,0.0
214.36733229090294,5979.952401508396,67.29705801253968,259.1955825432357,49058.60600396899,0.6593647330330823,322.7444348156925,0.2085150067760907,0.6,1.3569699349930187,1.0227890201827994,0.0,261.20630289564474,261.44946998770496,0.0,0.0
214.51734441986787,5969.859745648086,67.2608261292487,259.28253475368814,49124.186080966276,0.6600247339220532,322.798565732082,0.20836779734973848,0.6,1.3569699349930187,1.0227106770818604,0.0,261.29109059620794,261.5339959225906,0.0,0.0
214.6673565488328,5959.772515452509,67.2247243296832,259.3700854169721,49189.32974074782,0.6606769062168926,322.85306003741357,0.2082208058424254,0.6,1.3569699349930187,1.0226225642372866,0.0,261.37648568025446,261.6191303209907,0.0,0.0
214.81736867779776,5949.690691012054,67.18875457723286,259.4575894391587,49254.525014443374,0.6613294502687446,322.90751612266484,0.2080742975078643,0.6,1.3569699349930187,1.0225374668191016,0.0,261.46184315848194,261.70422820625595,0.0,0.0
214.9673808067627,5939.614252839797,67.15291252453353,259.54504698893845,49319.77200428001,0.6619823669952596,322.96193411212334,0.20792825850869448,0.6,1.3569699349930187,1.0224552591975744,0.0,261.5471629277012,261.7892894423173,0.0,0.0
215.11739293572765,5929.5431820863105,67.1171940048181,259.6324582294712,49385.07080887645,0.6626356572772545,323.0163141265387,0.20778267557881164,0.6,1.3569699349930187,1.0223758209551652,0.0,261.63244489055336,261.87431390030997,0.0,0.0
215.26740506469258,5919.477460532829,67.08159503027727,259.7198233184452,49450.42152326152,0.6632893219589396,323.07065628316303,0.207637536017762,0.6,1.3569699349930187,1.0222990368480522,0.0,261.7176889554379,261.95930145848564,0.0,0.0
215.4174171936575,5909.417070534309,67.04611177563167,259.8071424085714,49515.824239218455,0.6639433618514033,323.1249606960607,0.20749282763920207,0.6,1.3569699349930187,1.0222247963217503,0.0,261.80289503599596,262.0442520015735,0.0,0.0
215.56742932262247,5899.361994999372,67.01074057239451,259.8944156477573,49581.279045392024,0.6645977777337191,323.1792274762199,0.20734853875261916,0.6,1.3569699349930187,1.022152993347961,0.0,261.8880630509135,262.12916542053847,0.0,0.0
215.7174414515874,5889.312217389755,66.97547790900904,259.98164317911164,49646.78602726914,0.6652525703527888,323.23345673155785,0.2072046581633148,0.6,1.3569699349930187,1.0220835264384331,0.0,261.97319292390546,262.21404161256305,0.0,0.0
215.86745358055236,5879.2677216825,66.94032042001197,260.0688251412727,49712.34526740326,0.6659077404256203,323.2876485671277,0.20706117513831473,0.6,1.3569699349930187,1.022016298327611,0.0,262.0582845833721,262.2988804806223,0.0,0.0
216.0174657095173,5869.228492336447,66.90526487634752,260.1559616686989,49777.95684561196,0.6665632886413349,323.3418030853017,0.20691807937588896,0.6,1.3569699349930187,1.0219512156892054,0.0,262.1433379620878,262.3836819330999,0.0,0.0
216.16747783848223,5859.194514291056,66.87030818523061,260.24305289167893,49843.62083896502,0.6672192156610799,323.3959203857796,0.2067753610047427,0.6,1.3569699349930187,1.0218881891406837,0.0,262.22835299717906,262.4684458837622,0.0,0.0
216.3174899674472,5849.1657729495155,66.83544738543672,260.33009893647824,49909.33732187554,0.6678755221189713,323.45000056568256,0.2066330105690154,0.6,1.3569699349930187,1.0218271331095814,0.0,262.3133296299674,262.5531722515645,0.0,0.0
216.46750209641212,5839.142254137151,66.80067963525268,260.41709992570026,49975.10636635307,0.6685322086246474,323.50404371977896,0.20649101899052552,0.6,1.3569699349930187,1.021767965477455,0.0,262.3982678055929,262.63786096018526,0.0,0.0
216.61751422537705,5829.12394355548,66.76601503938896,260.506020226594,50040.306421028334,0.6691759172171012,323.55926978167474,0.2063486392599417,0.6,1.3569699349930187,1.0216906044797616,0.0,262.48513248174464,262.7244770387186,0.0,0.0
216.767526354342,5819.110823651347,66.73147627243422,260.59608961722824,50105.179263445425,0.6698118587598041,323.6151999050162,0.20620624832214457,0.6,1.3569699349930187,1.0216037595600371,0.0,262.57315477053373,262.81225176060843,0.0,0.0
216.91753848330694,5809.10287523333,66.69706911131473,260.686112772908,50170.10284210136,0.6704481577789683,323.6710916607315,0.20606433762464604,0.6,1.3569699349930187,1.0215200298607867,0.0,262.6611396778196,262.89999017169,0.0,0.0
217.0675506122719,5799.10007876092,66.66278782735526,260.7760898689665,50235.07726302042,0.6710848152079825,323.7269451775225,0.20592288909037001,0.6,1.3569699349930187,1.0214392463543147,0.0,262.7490870277735,262.9876920536666,0.0,0.0
217.21756274123683,5789.102415738567,66.62862775032934,260.86602107133973,50300.10262595583,0.6717218319180671,323.78276057815674,0.20578188792805138,0.6,1.3569699349930187,1.0213612720712277,0.0,262.8369966985316,263.07535724986917,0.0,0.0
217.36757487020176,5779.109868298145,66.59458500051215,260.95590654032225,50365.17902706766,0.6723592087445692,323.8385379818032,0.20564132180047753,0.6,1.3569699349930187,1.0212859939910892,0.0,262.9248686099399,263.16298565106507,0.0,0.0
217.51758699916672,5769.122419123822,66.56065569057529,261.0457464312428,50430.306559387536,0.6729969464915513,323.8942775044547,0.20550117835799012,0.6,1.3569699349930187,1.0212132986109994,0.0,263.01270267693576,263.2505771431199,0.0,0.0
217.66759912813166,5759.140051478214,66.5268360988698,261.13554089422877,50495.48531262578,0.6736350459299393,323.94997925878465,0.20536144577347049,0.6,1.3569699349930187,1.0211430772606387,0.0,263.10049881954603,263.33813161823315,0.0,0.0
217.81761125709662,5749.162749181306,66.49312266349727,261.22529007439624,50560.71537328584,0.6742735077986788,324.00564335426805,0.20522211272349242,0.6,1.3569699349930187,1.021075225932003,0.0,263.18825696269806,263.4256489747036,0.0,0.0
217.96762338606155,5739.1904965611275,66.45951196793028,261.314994112293,50625.99682496453,0.6749123328077087,324.0612698974586,0.20508316834331913,0.6,1.3569699349930187,1.0210096448518793,0.0,263.27597703578687,263.5131291163905,0.0,0.0
218.11763551502648,5729.2232784465405,66.42600073901967,261.40465314396386,50691.32974837902,0.6755515216382559,324.1168589920325,0.20494460222031388,0.6,1.3569699349930187,1.020946238429971,0.0,263.3636589725981,263.6005719526191,0.0,0.0
218.26764764399144,5719.261080162079,66.39258584575458,261.49426730099657,50756.71422138046,0.6761910749430032,324.1724107388189,0.204806404389688,0.6,1.3569699349930187,1.020884915229925,0.0,263.45130271125635,263.68797739811754,0.0,0.0
218.41765977295637,5709.303887482424,66.3592642859847,261.5838367109316,50822.15031923303,0.6768309933488466,324.2279252360567,0.20466856529298427,0.6,1.3569699349930187,1.0208255875739116,0.0,263.53890819382883,263.77534537252274,0.0,0.0
218.56767190192133,5699.351686616477,66.3260331818217,261.67336149740515,50887.63811470071,0.677471277457774,324.28340257948554,0.2045310757634734,0.6,1.3569699349930187,1.0207681714105066,0.0,263.62647536617567,263.8626758001955,0.0,0.0
218.71768403088626,5689.404464207279,66.2928897798427,261.76284178014987,50953.17767803001,0.6781119278467227,324.3388428623484,0.20439392702642728,0.6,1.3569699349930187,1.020712586328608,0.0,263.71400417794223,263.9499686102115,0.0,0.0
218.8676961598512,5679.462207301825,66.25983144234844,261.8522776752663,51018.76907713196,0.6787529450693868,324.39424617556176,0.20425711067171243,0.6,1.3569699349930187,1.0206587552988142,0.0,263.80149458229533,264.03722373603324,0.0,0.0
219.01770828881615,5669.52490332436,66.22685563956342,261.9416692954631,51084.41237774175,0.6793943296578011,324.44961260786704,0.20412061862932734,0.6,1.3569699349930187,1.0206066044428252,0.0,263.88894653568605,264.1244411152146,0.0,0.0
219.16772041778108,5659.592540075726,66.19395994959932,262.03101675006286,51150.10764340813,0.6800360821222626,324.50494224583554,0.20398444316898168,0.6,1.3569699349930187,1.0205560630391528,0.0,263.9763599978353,264.2116206893845,0.0,0.0
219.31773254674604,5649.665105720028,66.16114205470011,262.1203201451219,51215.85493556607,0.6806782029520627,324.560235173945,0.20384857688817506,0.6,1.3569699349930187,1.0205070634153983,0.0,264.0637349316159,264.2987624040998,0.0,0.0
219.46774467571097,5639.742588751446,66.12839973152145,262.20957958372895,51281.65431374269,0.6813206926175228,324.61549147476603,0.20371301268184222,0.6,1.3569699349930187,1.0204595406581032,0.0,264.1510713027633,264.385866208485,0.0,0.0
219.6177568046759,5629.824977989813,66.095730849914,262.29879516604456,51347.505835572796,0.6819635515701651,324.6707112289886,0.2035777437383227,0.6,1.3569699349930187,1.0204134325816157,0.0,264.2383690798285,264.47293205517497,0.0,0.0
219.76776893364087,5619.912262578303,66.0631333724302,262.3879669893222,51413.409556801045,0.6826067802427547,324.7258945154363,0.2034427635375712,0.6,1.3569699349930187,1.0203686797190574,0.0,264.3256282341552,264.5599599002864,0.0,0.0
219.9177810626058,5610.004431952733,66.0306053453297,262.4770951481842,51479.36553147359,0.683250379051191,324.78104141123924,0.2033080658230954,0.6,1.3569699349930187,1.0203252250533288,0.0,264.4128487396137,264.64694970308636,0.0,0.0
220.06779319157073,5600.101475831001,65.99814489551403,262.5661797347168,51545.37381199627,0.6838943483950931,324.8361519918939,0.20317364459224652,0.6,1.3569699349930187,1.0202830139287609,0.0,264.50003057250274,264.7339014258709,0.0,0.0
220.2178053205357,5590.203384214137,65.96575023099764,262.6552208384603,51611.43444911629,0.6845386886576392,324.891226331259,0.20303949409744596,0.6,1.3569699349930187,1.0202419940708247,0.0,264.58717371155467,264.82081503397177,0.0,0.0
220.36781744950062,5580.310147366218,65.9334196350597,262.7442185465904,51677.5474920448,0.6851834002067795,324.9462645016686,0.20290560882789016,0.6,1.3569699349930187,1.0202021154124028,0.0,264.6742781377617,264.9076904955398,0.0,0.0
220.51782957846558,5570.4217557962675,65.90115146093572,262.8331729440803,51743.71298856755,0.6858284833963317,325.00126657403416,0.20277198349294331,0.6,1.3569699349930187,1.0201633299361323,0.0,264.7613438342153,264.9945277813453,0.0,0.0
220.6678417074305,5560.538200258622,65.86894413202916,262.9220841136976,51809.93098503253,0.6864739385658771,325.0562326178436,0.20263861302259292,0.6,1.3569699349930187,1.020125591685518,0.0,264.84837078610485,265.08132686477705,0.0,0.0
220.81785383639544,5550.659471744645,65.83679613957912,263.01095213607925,51876.20152639529,0.6871197660412159,325.1111627012088,0.20250549256005085,0.6,1.3569699349930187,1.0200888566980935,0.0,264.9353589806448,265.16808772175153,0.0,0.0
220.9678659653604,5540.785561460068,65.80470603598972,263.09977708993455,51942.524656361726,0.6877659661357747,325.16605689099276,0.2023726174409705,0.6,1.3569699349930187,1.020053082805316,0.0,265.02230840687804,265.25481033046765,0.0,0.0
221.11787809432533,5530.9164608224,65.77267243411887,263.18855905206897,52008.90041739681,0.6884125391507042,325.2209152528251,0.2022399831910796,0.6,1.3569699349930187,1.0200182296148173,0.0,265.1092190556483,265.34149467137337,0.0,0.0
221.2678902232903,5521.052161460455,65.74069400727099,263.27729809738827,52075.32885071916,0.6890594853748403,325.2757378511056,0.20210758552598743,0.6,1.3569699349930187,1.0199842585142491,0.0,265.1960909195945,265.4281407271587,0.0,0.0
221.41790235225523,5511.192655193347,65.70876948300788,263.3659942990874,52141.80999643401,0.689706805086012,325.3305247491224,0.20197542033191934,0.6,1.3569699349930187,1.019951132485234,0.0,265.2829239929695,265.51474848252957,0.0,0.0
221.56791448122016,5501.337934014394,65.67689781832775,263.4546477287951,52208.34389363418,0.6903544985520357,325.38527600914193,0.2018434842038842,0.6,1.3569699349930187,1.0199188215493864,0.0,265.3697182819924,265.6013179357947,0.0,0.0
221.71792661018512,5491.487990109305,65.6450770350322,263.54325845641074,52274.930580270375,0.6910025660294649,325.43999169230915,0.20171177086649225,0.6,1.3569699349930187,1.0198872665941754,0.0,265.45647373676604,265.68784902256937,0.0,0.0
221.86793873915005,5481.642816149105,65.61330312021065,263.63114138351574,52341.68090709834,0.6916542696558178,325.4942488857822,0.20158052974765378,0.6,1.3569699349930187,1.0198611548663623,0.0,265.5425050207608,265.7736563775279,0.0,0.0
222.017950868115,5471.802405393806,65.58157214485213,263.7189256413685,52408.4934556266,0.6923066198891079,325.54843613530073,0.20144950755529314,0.6,1.3569699349930187,1.0198359480515296,0.0,265.6284410324689,265.8593688710129,0.0,0.0
222.16796299707994,5461.9667515749625,65.54988232662187,263.8066677349341,52475.359135654006,0.6929593483502775,325.6025883463289,0.20131867703981332,0.6,1.3569699349930187,1.0198111961469183,0.0,265.7143381694848,265.9450428876338,0.0,0.0
222.31797512604487,5452.135848559357,65.518233135401,263.89436771853366,52542.27797445235,0.6936124551921686,325.6567055698633,0.20118803640401425,0.6,1.3569699349930187,1.0197868843700444,0.0,265.80019645181443,266.03067844324676,0.0,0.0
222.46798725500983,5442.309690299301,65.48662393461315,263.98202564572637,52609.24999880671,0.6942659405628269,325.7107878563851,0.2010575835255663,0.6,1.3569699349930187,1.0197629945858369,0.0,265.8860158925756,266.11627554607867,0.0,0.0
222.61799938397476,5432.488270839828,65.45505411354043,264.069641569245,52676.275234962464,0.6949198046049873,325.76483525582114,0.20092731636347114,0.6,1.3569699349930187,1.0197395094210282,0.0,265.97179650563817,266.20183420529963,0.0,0.0
222.76801151293972,5422.671584320236,65.42352308785077,264.1572155409822,52743.35370861116,0.6955740474559433,325.8188478175358,0.20079723295961402,0.6,1.3569699349930187,1.0197164122822462,0.0,266.05753830563754,266.28735443103926,0.0,0.0
222.91802364190465,5412.859624963274,65.39203029638551,264.24474761208705,52810.485444960854,0.6962286692482381,325.8728255903909,0.20066733142879695,0.6,1.3569699349930187,1.019693687258727,0.0,266.14324130788054,266.3728362342698,0.0,0.0
223.06803577086959,5403.052387071699,65.36057520015318,264.33223783299565,52877.67046875608,0.6968836701098645,325.9267686227653,0.2005376099555754,0.6,1.3569699349930187,1.0196713190928683,0.0,266.2289055283142,266.45827962676736,0.0,0.0
223.21804789983454,5393.2498650309335,65.3291572831741,264.4196862534075,52944.90880425669,0.6975390501640635,325.9806769625406,0.20040806679679748,0.6,1.3569699349930187,1.0196492932078853,0.0,266.314530983548,266.5436846211396,0.0,0.0
223.36806002879948,5383.452053302484,65.29777605054227,264.5070929223441,53012.20047527966,0.6981948095297367,326.03455065713786,0.2002787002755737,0.6,1.3569699349930187,1.0196275956495358,0.0,266.4001176907965,266.62905123075444,0.0,0.0
223.5180721577644,5373.65894641734,65.26643102646354,264.59445788820796,53079.54550524143,0.6988509483218641,326.0883897535543,0.20014950877518065,0.6,1.3569699349930187,1.0196062130269463,0.0,266.48566566782154,266.7143794696684,0.0,0.0
223.66808428672937,5363.870538977704,65.23512175480963,264.68178119876694,53146.94391714306,0.6995074666513617,326.14219429835407,0.20002049074071263,0.6,1.3569699349930187,1.0195851325310914,0.0,266.5711749329462,266.7996693526435,0.0,0.0
223.8180964156943,5354.0868256555295,65.20384779871847,264.7690629011675,53214.395733577854,0.7001643646251631,326.1959643376768,0.19989164467779774,0.6,1.3569699349930187,1.0195643419238298,0.0,266.65664550504164,266.8849208951314,0.0,0.0
223.96810854465926,5344.30780118388,65.1726087380186,264.8563030420118,53281.900976787816,0.7008216423467697,326.24969991728557,0.19976296914462105,0.6,1.3569699349930187,1.0195438294595065,0.0,266.7420774034525,266.9701341131804,0.0,0.0
224.1181206736242,5334.53346035678,65.14140416920038,264.94350166735865,53349.45966866254,0.7014792999162476,326.3034010825678,0.19963446275179034,0.6,1.3569699349930187,1.0195235838852474,0.0,266.8274706479938,267.0553090234317,0.0,0.0
224.26813280258912,5324.763798031274,65.11023370608217,265.0306588227057,53417.07183072251,0.7021373374300652,326.35706787852456,0.19950612416433788,0.6,1.3569699349930187,1.0195035944627862,0.0,266.91282525896895,267.14044564314185,0.0,0.0
224.41814493155408,5314.998809119324,65.07909697738933,265.1177745530611,53484.73748417252,0.7027957549816185,326.41070034981516,0.19937795209422943,0.6,1.3569699349930187,1.019483850894626,0.0,266.99814125709946,267.2255439900952,0.0,0.0
224.568157060519,5305.238488585371,65.04799362603028,265.2048489029658,53552.45664991676,0.7034545526613813,326.46429854077115,0.19924994529809706,0.6,1.3569699349930187,1.0194643433026394,0.0,267.0834186635027,267.3106040825764,0.0,0.0
224.71816918948397,5295.482831449169,65.01692330999211,265.291881916468,53620.229348536726,0.7041137305566918,326.517862495381,0.19912210257995258,0.6,1.3569699349930187,1.0194450622568694,0.0,267.1686574997163,267.3956259394008,0.0,0.0
224.8681813184489,5285.731832781073,64.9858857009369,265.37887363716504,53688.05560032223,0.7047732887520601,326.57139225731606,0.1989944227868326,0.6,1.3569699349930187,1.0194259987330252,0.0,267.25385778765684,267.480609579863,0.0,0.0
225.01819344741384,5275.9854876970985,64.95488048272746,265.4658241082478,53755.93542530337,0.7054332273294789,326.62488786995823,0.19886690480423055,0.6,1.3569699349930187,1.0194071440676464,0.0,267.33901954957724,267.56555502368377,0.0,0.0
225.1682055763788,5266.243791361071,64.92390735209953,265.55273337248116,53823.86884323399,0.7060935463682676,326.67834937638844,0.1987395475581281,0.6,1.3569699349930187,1.0193884899798684,0.0,267.4241428080842,267.65046229103194,0.0,0.0
225.31821770534373,5256.506738978554,64.89296551478787,265.63960147225856,53891.855873632245,0.706754245945468,326.73177681941996,0.19861234847277587,0.6,1.3569699349930187,1.0193700127427363,0.0,267.5092275571566,267.73533137003136,0.0,0.0
225.4682298343087,5246.7743303829575,64.86196688675794,265.6873480474972,53958.91929641893,0.7075065675424309,326.7611392005055,0.1984996350712245,0.6,1.3569699349930187,1.0194804190992874,0.0,267.55518836098906,267.78107621104266,0.0,0.0
225.61824196327362,5237.046584303638,64.83079635113941,265.7297573161968,54025.90113536623,0.7082717749425612,326.7872171227401,0.1983884098097668,0.6,1.3569699349930187,1.0196023616082268,0.0,267.5958028153738,267.82147360899927,0.0,0.0
225.76825409223855,5227.323527291628,64.7994543615085,265.77214627194576,54092.933979811714,0.709037460894096,326.8132804749381,0.19827668651451172,0.6,1.3569699349930187,1.0197179490486978,0.0,267.6363879542716,267.86184060274434,0.0,0.0
225.9182662212035,5217.605184140677,64.76795141297526,265.81451480646496,54160.01764178028,0.7098036231692268,326.83932919401633,0.19816449743882603,0.6,1.3569699349930187,1.0198274986165858,0.0,267.67694428730056,267.9021777766217,0.0,0.0
226.06827835016844,5207.89157834521,64.73629607176697,265.8568628171389,54227.151941318676,0.7105702596330103,326.8653632203914,0.19805186892230625,0.6,1.3569699349930187,1.019931267711461,0.0,267.7174722177629,267.9424855951168,0.0,0.0
226.2182904791334,5198.182732152603,64.70449665856769,265.89919020678747,54294.33670618752,0.7113373682397892,326.89138249783815,0.1979388265427756,0.6,1.3569699349930187,1.0200295068170986,0.0,267.75797213938966,267.98276451132915,0.0,0.0
226.36830260809833,5188.478666563526,64.67256112562842,265.94149688366485,54361.571771911156,0.7121049470336981,326.91738697348734,0.19782539474070035,0.6,1.3569699349930187,1.0201224555952095,0.0,267.7984444293062,268.0230149590873,0.0,0.0
226.51831473706326,5178.779401414936,64.64049708095718,265.9837827610976,54428.85698125335,0.7128729941426171,326.943376597602,0.19771159689378237,0.6,1.3569699349930187,1.0202103435994834,0.0,267.83888944910086,268.0632373541901,0.0,0.0
226.66832686602822,5169.084955449395,64.6083118087327,266.02604775718254,54496.192183784195,0.7136415077731714,326.9693513233906,0.19759745537994336,0.6,1.3569699349930187,1.0202933908752374,0.0,267.8793075457338,268.1034320954626,0.0,0.0
226.81833899499316,5159.395346326473,64.57601227210866,266.06829179473715,54563.577235846875,0.7144104862102973,326.9953111069751,0.19748299158633162,0.6,1.3569699349930187,1.0203718080119728,0.0,267.9196990516862,268.1435995649287,0.0,0.0
226.9683511239581,5149.7105906694,64.5436051265123,266.1105148010963,54631.012000277326,0.7151799278139891,327.0212559072652,0.19736822595047218,0.6,1.3569699349930187,1.0204457965246017,0.0,267.96006428555773,268.18374012850586,0.0,0.0
227.11836325292305,5140.030704148896,64.5110967444537,266.1527167077467,54698.49634586388,0.7159498310130838,327.04718568573236,0.19725317803665182,0.6,1.3569699349930187,1.0205155495966214,0.0,268.0004035531597,268.2238541372743,0.0,0.0
227.26837538188798,5130.355701499069,64.47849321996098,266.1948974502579,54766.03014727523,0.7167201943043905,327.07310040636645,0.19713786654986534,0.6,1.3569699349930187,1.020581252189143,0.0,268.0407171477347,268.2639419277322,0.0,0.0
227.41838751085294,5120.68559653829,64.44580037415345,266.2370569681909,54833.613284954496,0.7174910162514361,327.0990000356189,0.1970223093532409,0.6,1.3569699349930187,1.0206430811863187,0.0,268.08100535021947,268.30400382210036,0.0,0.0
227.56839963981787,5111.02040224752,64.41302377845109,266.2791952047573,54901.24564460897,0.7182622954786008,327.1248845421915,0.1969065235394628,0.6,1.3569699349930187,1.0207012060941663,0.0,268.12126843026533,268.34404012950847,0.0,0.0
227.7184117687828,5101.360130797413,64.38016876251356,266.32131210670065,54968.927117055624,0.7190340306693139,327.15075389696386,0.19679052545539938,0.6,1.3569699349930187,1.0207557892638344,0.0,268.1615066466065,268.38405114642114,0.0,0.0
227.86842389774776,5091.704793559756,64.34724041710838,266.36340762424715,55036.65759817478,0.7198062205654852,327.17660807296113,0.19667433071119436,0.6,1.3569699349930187,1.0208069859569155,0.0,268.2017202472049,268.42403715680734,0.0,0.0
228.0184360267127,5082.05440116244,64.31424361030834,266.40548171086544,55104.43698855787,0.72057886396345,327.20244704520627,0.196557954230161,0.6,1.3569699349930187,1.020854944829593,0.0,268.2419094699672,268.4639984329722,0.0,0.0
228.16844815567765,5072.408963532422,64.2811830002391,266.4475343230799,55172.26519323602,0.7213519597108373,327.22827079060426,0.19644141028808937,0.6,1.3569699349930187,1.020899808310543,0.0,268.2820745433147,268.5039352362189,0.0,0.0
228.31846028464258,5062.768489904467,64.24806303734677,266.48956542043226,55240.14212164862,0.7221255067061775,327.25407928791805,0.19632471252045522,0.6,1.3569699349930187,1.0209417126512832,0.0,268.3222156863026,268.5438478169871,0.0,0.0
228.46847241360751,5053.132988852025,64.21488797331048,266.53157496534715,55308.06768745468,0.7228995038967164,327.2798725176852,0.19620787394996467,0.6,1.3569699349930187,1.020980788185764,0.0,268.36233310902173,268.58373641531915,0.0,0.0
228.61848454257247,5043.50246833904,64.18166188444803,266.5735629229062,55376.04180819508,0.7236739502745355,327.30565046207823,0.19609090705839846,0.6,1.3569699349930187,1.021017160049863,0.0,268.4024270137334,268.62360126215987,0.0,0.0
228.7684966715374,5033.876935357583,64.14839046465937,266.61552926242797,55444.064407880694,0.7244488449060013,327.3314131058742,0.19597382926370954,0.6,1.3569699349930187,1.0210510052820772,0.0,268.44249769860096,268.6634426954414,0.0,0.0
228.91850880050237,5024.256398621623,64.11506204125266,266.6641644157574,55512.04765874613,0.7252048449862164,327.3612671199405,0.19585414794280415,0.6,1.3569699349930187,1.021054715727365,0.0,268.4892349349477,268.70995040660677,0.0,0.0
229.0685209294673,5014.640854640663,64.08185465023034,266.74361580862956,55579.67417875487,0.7258720419836898,327.4100313992567,0.19572355305169745,0.6,1.3569699349930187,1.0209357206106133,0.0,268.5667962840914,268.7872831827235,0.0,0.0
229.21853305843223,5005.030278829482,64.04882431959665,266.8230263904578,55647.34828295781,0.7265395740325019,327.4587633740366,0.195593557062443,0.6,1.3569699349930187,1.0208214434518221,0.0,268.64432787117823,268.86458753299604,0.0,0.0
229.3685451873972,4995.424645188889,64.01596322145768,266.9023963756991,55715.07012769365,0.7272074425960614,327.5074631902773,0.19546413568067392,0.6,1.3569699349930187,1.0207116435516927,0.0,268.721829450124,268.94186315564457,0.0,0.0
229.51855731636212,4985.82392882119,63.98326491367147,266.9817259697116,55782.83986229244,0.7278756490675526,327.5561309882978,0.19533526886101032,0.6,1.3569699349930187,1.0206061239374669,0.0,268.79930084546845,269.01910982915433,0.0,0.0
229.66856944532708,4976.228105782167,63.95072324013572,267.06101536997755,55850.65763007664,0.7285441947798755,327.604766903494,0.19520693744659204,0.6,1.3569699349930187,1.0205046963651658,0.0,268.8767418909389,269.0963273432619,0.0,0.0
229.818581574292,4966.637153007198,63.918332308345974,267.140264766714,55918.523568844226,0.7292130810104662,327.65337106671615,0.19507912309967063,0.6,1.3569699349930187,1.020407180625095,0.0,268.95415242873673,269.1735154980813,0.0,0.0
229.96859370325694,4957.051048303868,63.8860864874144,267.2194743429331,55986.4378108846,0.729882308981512,327.7019436043101,0.19495180829490247,0.6,1.3569699349930187,1.0203134044930502,0.0,269.0315323094398,269.25067410398725,0.0,0.0
230.1186058322219,4947.469770326461,63.853980400650386,267.2986442746534,56054.400483123696,0.7305518798614371,327.7504846382499,0.19482497629600257,0.6,1.3569699349930187,1.0202232035097378,0.0,269.1088813917473,269.32780298130393,0.0,0.0
230.26861796118683,4937.893298495575,63.822008901103324,267.37777473156353,56122.41170765946,0.7312217947702304,327.79899428654795,0.1946986110802794,0.6,1.3569699349930187,1.0201364202206262,0.0,269.18619954171476,269.4049019593668,0.0,0.0
230.4186300901518,4928.321612982868,63.79016706704547,267.45686587714835,56190.47160183898,0.7318920547802561,327.84747266333574,0.19457269732425586,0.6,1.3569699349930187,1.0200529040455388,0.0,269.263486632585,269.4819708763183,0.0,0.0
230.56864221911673,4918.754694704539,63.75845020037887,267.5359178687427,56258.58027827334,0.7325626609164465,327.8959198788994,0.19444722039824874,0.6,1.3569699349930187,1.0199725112408493,0.0,269.3407425447142,269.559009579018,0.0,0.0
230.71865434808166,4909.192525254929,63.72685380644912,267.6149308580799,56326.73784528,0.7332336141607056,327.94433604001875,0.19432216630407848,0.6,1.3569699349930187,1.0198951042725413,0.0,269.4179671649411,269.6360179222695,0.0,0.0
230.86866647704662,4899.635086917672,63.69537306416982,267.6939049911996,56394.9444067755,0.7339049154508978,327.99272124991376,0.19419752005910274,0.6,1.3569699349930187,1.0198205348591354,0.0,269.4951603564921,269.71299573509725,0.0,0.0
231.01867860601155,4890.082362536676,63.66400500491299,267.77284040951366,56463.20006316847,0.7345765656896773,328.0410756089,0.19407327233865995,0.6,1.3569699349930187,1.0197487137617405,0.0,269.5723220832623,269.78994295992817,0.0,0.0
231.16869073497648,4880.534335440841,63.632746781208624,267.8517136143682,56531.51371226435,0.7352487450880365,328.08938473896325,0.19394942275208493,0.6,1.3569699349930187,1.0196798041442963,0.0,269.64942867629185,269.86683590720645,0.0,0.0
231.31870286394144,4870.990990205058,63.60158359628908,267.9294991017219,56600.267810261415,0.7359292431772922,328.1370206860792,0.19382629690276607,0.6,1.3569699349930187,1.0196241275768765,0.0,269.7254537867439,269.9426481259296,0.0,0.0
231.46871499290637,4861.452313422133,63.57050429862656,268.0072467708585,56669.07203929517,0.7366101018237619,328.18462656395474,0.1937034801544499,0.6,1.3569699349930187,1.019570282636551,0.0,269.80144667653605,270.0184288009352,0.0,0.0
231.61872712187133,4851.9182927098245,63.539507295700055,268.08495672236205,56737.926468113365,0.7372913216186181,328.2322024472488,0.19358096744304568,0.6,1.3569699349930187,1.019518222441234,0.0,269.87740734945714,270.09417792430617,0.0,0.0
231.76873925083626,4842.388915913856,63.50859001690133,268.16262905495995,56806.83116413531,0.7379729031394825,328.2797484094325,0.19345875072894544,0.6,1.3569699349930187,1.0194678686015477,0.0,269.9533357524761,270.16989542465836,0.0,0.0
231.9187513798012,4832.8641712544895,63.47775000355489,268.2402638643281,56875.78619238025,0.7386548469398425,328.32726452205844,0.19333682231951888,0.6,1.3569699349930187,1.0194191461474256,0.0,270.02923183611915,270.2455812349643,0.0,0.0
232.06876350876615,4823.344047325131,63.44698490871613,268.31786124310236,56944.7916154623,0.7393371535490249,328.3747508547696,0.19321517486823112,0.6,1.3569699349930187,1.0193719835290045,0.0,270.1050955544526,270.3212352925324,0.0,0.0
232.21877563773108,4813.828533057728,63.41629248661327,268.3954212811602,57013.84749382541,0.7400198234745445,328.4222074754729,0.19309380134213155,0.6,1.3569699349930187,1.019326312287913,0.0,270.1809268647533,270.3968575386033,0.0,0.0
232.36878776669604,4804.317617706706,63.38567058776848,268.4729440657522,57082.95388584604,0.7407028572031389,328.4696344504208,0.1929726950067158,0.6,1.3569699349930187,1.019282066908549,0.0,270.25672572734993,270.47244791815655,0.0,0.0
232.51879989566098,4794.811290850167,63.35511715953687,268.5504296814915,57152.11084781087,0.74138625520057,328.5170318442066,0.19285184942734387,0.6,1.3569699349930187,1.019239184841617,0.0,270.33249210562883,270.54800637991775,0.0,0.0
232.6688120246259,4785.309542369496,63.32463023995043,268.6278782105205,57221.31843405175,0.7420700179129788,328.56439971986697,0.19273125845021805,0.6,1.3569699349930187,1.0191976063143853,0.0,270.4082259658396,270.6235328761209,0.0,0.0
232.81882415359087,4775.81236242492,63.29420795023548,268.70528973271007,57290.57669711104,0.7427541457685372,328.6117381390055,0.19261091617932863,0.6,1.3569699349930187,1.019157274098146,0.0,270.48392727686047,270.69902736222144,0.0,0.0
232.9688362825558,4766.319741454826,63.26384849470879,268.7826643256647,57359.88568773507,0.7434386391774014,328.65904716179676,0.19249081697594164,0.6,1.3569699349930187,1.019118133510461,0.0,270.5595960101853,270.77448979688063,0.0,0.0
233.11884841152076,4756.831670169011,63.233550158849,268.86000206477763,57429.24545491146,0.7441234985320999,328.7063268470208,0.1923709554525178,0.6,1.3569699349930187,1.0190801323592245,0.0,270.63523213985815,270.8499201418859,0.0,0.0
233.2688605404857,4747.348139520693,63.20331130070689,268.93730302345926,57498.656046062955,0.7448087242094631,328.75357725220437,0.19225132644631351,0.6,1.3569699349930187,1.0190432206738969,0.0,270.71083564220777,270.92531836182536,0.0,0.0
233.41887266945062,4737.86914125532,63.173123452048436,269.01456726866326,57568.11750301278,0.745494316530821,328.8007984308873,0.19213190403893496,0.6,1.3569699349930187,1.019007128093577,0.0,270.7864061043737,271.00068398581203,0.0,0.0
233.56888479841558,4728.394665489194,63.14302181226184,269.0999499792821,57637.28077135468,0.7461531434341084,328.85297344219515,0.1920098856073167,0.6,1.3569699349930187,1.0189359415593082,0.0,270.8701006747043,271.08417440037107,0.0,0.0
233.7188969273805,4718.924695925765,63.1130553502168,269.1922027707453,57706.198205744964,0.7467893115459071,328.9093372675062,0.1918858730936122,0.6,1.3569699349930187,1.01883695389611,0.0,270.9606737059976,271.1745442893451,0.0,0.0
233.86890905634547,4709.459210737702,63.0832350525724,269.2844121516211,57775.165557310065,0.7474258100333641,328.96566491982105,0.19176236847680656,0.6,1.3569699349930187,1.0187419484000961,0.0,271.0512123114475,271.26488083904843,0.0,0.0
234.0189211853104,4699.998188195425,63.05355581985652,269.37657833320344,57844.182966418004,0.7480626400934544,329.0219565467572,0.19163935587045236,0.6,1.3569699349930187,1.0186507671911629,0.0,271.1417164052251,271.35518392771974,0.0,0.0
234.16893331427534,4690.541607653875,63.024012383214824,269.4687015162238,57913.25056616353,0.7486998028551558,329.0782122893698,0.19151681888862226,0.6,1.3569699349930187,1.0185632465870555,0.0,271.23218588205197,271.44545341307304,0.0,0.0
234.3189454432403,4681.089449128609,62.99459947337613,269.56078189498095,57982.368485423634,0.7493372994076976,329.13443228467855,0.19139474115819688,0.6,1.3569699349930187,1.0184792225923878,0.0,271.32262063079673,271.53568914703976,0.0,0.0
234.46895757220523,4671.641693415074,62.96531205912434,269.6528196561784,58051.53684795619,0.7499751307922908,329.19061666496174,0.19127310704365594,0.6,1.3569699349930187,1.0183985385988759,0.0,271.4130205466398,271.6258909895448,0.0,0.0
234.61896970117016,4662.1983220648335,62.93614534024986,269.74481497915616,58120.75577254124,0.7506132980034811,329.24676555790194,0.19115190162492818,0.6,1.3569699349930187,1.0183210451715743,0.0,271.50338553087414,271.7160588082554,0.0,0.0
234.76898183013512,4652.7593173131845,62.90709472519289,269.8367680365958,58190.02537348085,0.7512518019938031,329.3028790870203,0.1910311106286116,0.6,1.3569699349930187,1.0182465993437686,0.0,271.593715490326,271.80619247784665,0.0,0.0
234.91899395910005,4643.3246652048065,62.8780852988301,269.9014761307483,58259.7278243914,0.7519713567052206,329.3423608902974,0.19092012679102197,0.6,1.3569699349930187,1.0182820779561736,0.0,271.6568035355437,271.86908460194184,0.0,0.0
235.069006088065,4633.894369876686,62.84900840513157,269.9615817535691,58329.54603515345,0.7527048926151123,329.379030244705,0.19081059397873404,0.6,1.3569699349930187,1.0183329207370138,0.0,271.7152860915377,271.9273708718436,0.0,0.0
235.21901821702994,4624.4684415692445,62.81986288806946,270.0216597205068,58399.41573315673,0.7534388433907999,329.4156786476758,0.19070088936251878,0.6,1.3569699349930187,1.0183806987553379,0.0,271.77373791449793,271.98562603657547,0.0,0.0
235.36903034599487,4615.046890308597,62.79065336675965,270.0817099674111,58469.33682828161,0.7541732079976111,329.4523060670757,0.1905910270179612,0.6,1.3569699349930187,1.0184255567638878,0.0,271.83215920314115,272.043850326644,0.0,0.0
235.51904247495983,4605.629725353359,62.761384364004925,270.1417324350228,58539.30923565282,0.7549079854567075,329.4889124737637,0.1904810207202418,0.6,1.3569699349930187,1.0184676367877785,0.0,271.89055015524013,272.1020439709063,0.0,0.0
235.66905460392476,4596.216955316751,62.73205977199962,270.20172706819585,58609.33287476363,0.75564317483584,329.5254978411158,0.19037088232318383,0.6,1.3569699349930187,1.018507060752377,0.0,271.94891093709356,272.16020716244157,0.0,0.0
235.81906673288972,4586.808588256409,62.702683409507216,270.2616938153248,58679.40766883458,0.7563787752425777,329.56206214467454,0.1902606234511949,0.6,1.3569699349930187,1.0185439485220094,0.0,272.0072417140557,272.218340092842,0.0,0.0
235.96907886185465,4577.404631664875,62.67325892127856,270.32163262840544,58749.533544909114,0.7571147858252774,329.59860536218474,0.19015025519422038,0.6,1.3569699349930187,1.018578414624175,0.0,272.06554264500693,272.2764429460078,0.0,0.0
236.1190909908196,4568.005092490334,62.643789784150975,270.3815434629027,58819.71043372233,0.7578512057716693,329.6351274735117,0.19003978812660008,0.6,1.3569699349930187,1.0186105684301345,0.0,272.12381388258245,272.334515898419,0.0,0.0
236.26910311978455,4558.609977183628,62.61427932145439,270.4414262774513,58889.93826937424,0.7585880343053959,329.6716284604578,0.18992923235116854,0.6,1.3569699349930187,1.0186405146038018,0.0,272.18205557369413,272.39255911975664,0.0,0.0
236.41911524874948,4549.219290331575,62.58476162007213,270.50951133334854,58959.24003354862,0.7592895866373583,329.71312413482923,0.18981580361502204,0.6,1.3569699349930187,1.0186214877660997,0.0,272.2484998771727,272.4588049983305,0.0,0.0
236.56912737771444,4539.833028417187,62.55528536994925,270.57893989332155,59028.42739020121,0.7599855393438955,329.75543325487394,0.18970206116846342,0.6,1.3569699349930187,1.0185949833752197,0.0,272.31629076084977,272.5263978291146,0.0,0.0
236.71913950667937,4530.451185085247,62.52585221271717,270.6483359745452,59097.66351378673,0.7606818539825522,329.79771715872204,0.18958849306596412,0.6,1.3569699349930187,1.0185690618358798,0.0,272.3840523297887,272.59396172780134,0.0,0.0
236.8691516356443,4521.073753907222,62.49646121263996,270.7176996242824,59166.9484327272,0.7613785307584295,329.8399758848637,0.18947509635537754,0.6,1.3569699349930187,1.0185436946670963,0.0,272.45178457594596,272.66149667965857,0.0,0.0
237.01916376460926,4511.7007286298785,62.46711142716779,270.7870308884998,59236.28217426683,0.7620755698646874,329.882209470974,0.18936186806601404,0.6,1.3569699349930187,1.0185188530952891,0.0,272.51948748970665,272.7290026683496,0.0,0.0
237.1691758935742,4502.332103131172,62.437802141594915,270.85632981219464,59305.6647647919,0.7627729714857715,329.9244179541124,0.18924880591978216,0.6,1.3569699349930187,1.0184945157136436,0.0,272.5871610732209,272.7964796908429,0.0,0.0
237.31918802253915,4492.9678713884505,62.408532627727425,270.9255964396294,59375.096230061055,0.7634707357997343,329.96660137086656,0.1891359075992762,0.6,1.3569699349930187,1.0184706606249445,0.0,272.6548053272358,272.863927742623,0.0,0.0
237.46920015150408,4483.608027487753,62.37930218943108,270.9948308142633,59444.576595131875,0.7641688629775029,330.0087597573104,0.18902317088584267,0.6,1.3569699349930187,1.0184472669268958,0.0,272.72242025355087,272.93134682045127,0.0,0.0
237.61921228046901,4474.25256577148,62.35009967766831,271.05459818442745,59514.16317516933,0.7648947127960093,330.04514913834345,0.18891384963677596,0.6,1.3569699349930187,1.0184604016279704,0.0,272.7805704802003,272.9893014773461,0.0,0.0
237.76922440943397,4464.901492260125,62.32076543998161,271.0772630812502,59584.02411807688,0.765728559294237,330.05894761830814,0.1888170761304479,0.6,1.3569699349930187,1.0186115298290772,0.0,272.8016117013047,273.01014633872177,0.0,0.0
237.9192365383989,4455.554835279315,62.29121665571402,271.09991733998544,59653.93421958011,0.7665629281438828,330.07273904533196,0.18871966474989316,0.6,1.3569699349930187,1.018754697449409,0.0,272.8226311814642,273.0309681164251,0.0,0.0
238.06924866736384,4446.212626166648,62.261467692832234,271.12256088458327,59723.89322522105,0.767397816257924,330.08652337400434,0.18862165912265044,0.6,1.3569699349930187,1.0188903572267214,0.0,272.8436296558524,273.0517676437351,0.0,0.0
238.2192607963288,4436.874894131505,62.23152879882229,271.1451936441512,59793.90089529809,0.7682332207264063,330.10030056206114,0.18852309038453097,0.6,1.3569699349930187,1.0190188284377137,0.0,272.86460763570227,273.07254550228436,0.0,0.0
238.36927292529373,4427.541666900609,62.20141031232544,271.1678155513899,59863.957000109265,0.7690691387596184,330.114070569432,0.18842398994090376,0.6,1.3569699349930187,1.0191404344099069,0.0,272.88556563988425,273.093302281832,0.0,0.0
238.5192850542587,4418.212970656213,62.17112209788742,271.19042654274244,59934.06132048035,0.7699055676943453,330.1278333583307,0.1883243877543794,0.6,1.3569699349930187,1.019255483993605,0.0,272.90650416382255,273.11403854540265,0.0,0.0
238.66929718322362,4408.888830139011,62.14067357702766,271.21302655814554,60004.213647056895,0.7707425049853733,330.14158889310306,0.18822431243931603,0.6,1.3569699349930187,1.0193642725124867,0.0,272.927423681008,273.13475483101274,0.0,0.0
238.81930931218855,4399.569268735835,62.11007375512363,271.23561554081675,60074.41377970472,0.7715799481982913,330.15533714009723,0.18812379134361232,0.6,1.3569699349930187,1.0194670825833438,0.0,272.9483246443141,273.1554516531712,0.0,0.0
238.9693214411535,4390.254308492717,62.07933122461875,271.2581934372228,60144.66152747005,0.7724178950089721,330.1690780676439,0.1880228505587072,0.6,1.3569699349930187,1.0195641841711274,0.0,272.96920748618595,273.17612950309507,0.0,0.0
239.11933357011844,4380.943970179316,62.048454184214975,271.28076019692367,60214.95670815054,0.7732563431984125,330.182811645961,0.1879215149780314,0.6,1.3569699349930187,1.0196558351645217,0.0,272.99007261958656,273.196788849789,0.0,0.0
239.2693456990834,4371.63827339452,62.01745047139708,271.3033157723164,60285.29914755103,0.7740952906438169,330.1965378469974,0.18781980839585302,0.6,1.3569699349930187,1.0197422823880975,0.0,273.0109204395753,273.21743014184614,0.0,0.0
239.41935782804833,4362.337236584899,61.986327567712685,271.32586011859087,60355.68867939518,0.7749347353175039,330.2102566444054,0.18771775352351974,0.6,1.3569699349930187,1.0198237617328771,0.0,273.03175132359485,273.23805380777424,0.0,0.0
239.56936995701327,4353.040877072229,61.955092606460205,271.34839319366245,60426.12514516584,0.775774675284968,330.22396801349987,0.1876153720129952,0.6,1.3569699349930187,1.019900498366375,0.0,273.0525656318676,273.2586602564488,0.0,0.0
239.71938208597822,4343.749211155746,61.92375240423369,271.3709149579249,60496.60839337847,0.7766151086961776,330.2376719311072,0.18751268455269382,0.6,1.3569699349930187,1.0199727077212035,0.0,273.07336370892364,273.2792498788557,0.0,0.0
239.86939421494316,4334.462254143621,61.89231347048528,271.39342537417366,60567.13827938515,0.7774560337832057,330.2513683755183,0.18740971089666916,0.6,1.3569699349930187,1.0200405957716594,0.0,273.0941458840871,273.2998230486453,0.0,0.0
240.01940634390812,4325.180020366901,61.860782011117884,271.4159244075722,60637.714665312626,0.7782974488594603,330.2650573264682,0.18730646987570435,0.6,1.3569699349930187,1.0201043591171526,0.0,273.11491247167675,273.3203801223614,0.0,0.0
240.16941847287305,4315.902523252719,61.829163950973786,271.4384120254747,60708.33741954599,0.7791393523134962,330.27873876502713,0.187202979465661,0.6,1.3569699349930187,1.0201641856829906,0.0,273.1356637721001,273.34092144068967,0.0,0.0
240.31943060183798,4306.629775376199,61.79746494985442,271.46088819730005,60779.00641637307,0.7799817426047478,330.2924126735244,0.18709925683620765,0.6,1.3569699349930187,1.0202202552131245,0.0,273.1564000726415,273.3614473293554,0.0,0.0
240.46944273080294,4297.361788470295,61.765690405105026,271.48335289450836,60849.72153594597,0.7808246182630426,330.30607903553334,0.18699531835882577,0.6,1.3569699349930187,1.0202727393262159,0.0,273.177121647613,273.38195809929636,0.0,0.0
240.61945485976787,4288.098573467345,61.73384546414097,271.50580609049996,60920.48266400008,0.7816679778852245,330.31973783580975,0.18689117964493748,0.6,1.3569699349930187,1.020321801897221,0.0,273.19782875897346,273.4024540473681,0.0,0.0
240.76946698873283,4278.840140565194,61.70193501519586,271.5282477604553,60991.28969138292,0.7825118201295134,330.3333890601943,0.18678685551811522,0.6,1.3569699349930187,1.020367598717497,0.0,273.21852165569334,273.4229354556521,0.0,0.0
240.91947911769776,4269.58649952495,61.66996093151662,271.5509009252022,61062.158020352734,0.7833556992174977,330.3471683643299,0.18668227500440593,0.6,1.3569699349930187,1.0204096072619084,0.0,273.2394234667479,273.4436254662024,0.0,0.0
241.0694912466627,4260.3376581823695,61.63794608440589,271.58069590301386,61133.57004900942,0.7841857895316953,330.3652909640786,0.18657512689826708,0.6,1.3569699349930187,1.020430592172607,0.0,273.2674657676118,273.47145580653375,0.0,0.0
241.21950337562765,4251.093621530685,61.605908303185956,271.6104754891749,61205.02863870824,0.7850163394060798,330.3834032086437,0.1864679269747718,0.6,1.3569699349930187,1.0204497211248793,0.0,273.295492332365,273.49927036909696,0.0,0.0
241.36951550459258,4241.854390652445,61.5738755345809,271.6402396800633,61276.53374882486,0.7858473483201774,330.40150509752533,0.18636075981677505,0.6,1.3569699349930187,1.020467918428459,0.0,273.32350468731966,273.5270708652274,0.0,0.0
241.51952763355752,4232.619971281648,61.54173852276145,271.62863302864685,61347.744765141506,0.7867942196489124,330.3944463199553,0.18626747273821964,0.6,1.3569699349930187,1.020631262413734,0.0,273.3101414146043,273.5134951549682,0.0,0.0
241.66953976252248,4223.390394505592,61.50927698746837,271.5968491959489,61418.83494659288,0.7877981440141346,330.3751156829401,0.1861801148682718,0.6,1.3569699349930187,1.0208557573402264,0.0,273.2765841530344,273.4797234232253,0.0,0.0
241.8195518914874,4214.165712028983,61.47648162464948,271.5650821255564,61489.96995078277,0.7888028296812503,330.3557941103763,0.18609173115973673,0.6,1.3569699349930187,1.0210679709944572,0.0,273.2430263663681,273.4459490757288,0.0,0.0
241.96956402045237,4204.945972394723,61.44339237295087,271.53333198478373,61561.14936736572,0.7898082709801355,330.3364817056284,0.18600244228460575,0.6,1.3569699349930187,1.0212691981265818,0.0,273.2094704300871,273.41217475500554,0.0,0.0
242.1195761494173,4195.73121802,61.41001926269754,271.50159891985174,61632.372831507084,0.7908144628806496,330.31717855925274,0.18591227840631888,0.6,1.3569699349930187,1.021459743474272,0.0,273.1759170632621,273.37840124940413,0.0,0.0
242.26958827838223,4186.521490351495,61.37637765546994,271.4698830736408,61703.6399842402,0.7918214004328944,330.2978847597941,0.18582128583749577,0.6,1.3569699349930187,1.0216400905251917,0.0,273.14236727120374,273.34462966853357,0.0,0.0
242.4196004073472,4177.316828563529,61.342482211059504,271.4381845812074,61774.95048259836,0.792829078910452,330.2786003910569,0.1857295087796445,0.6,1.3569699349930187,1.021810701333941,0.0,273.1088220115371,273.3108610694964,0.0,0.0
242.56961253631212,4168.117269643656,61.30834691232,271.40650357007877,61846.303999050506,0.7938374938025563,330.25932553228364,0.1856369893976755,0.6,1.3569699349930187,1.021972017232633,0.0,273.0752821959197,273.2770964587792,0.0,0.0
242.71962466527708,4158.922848583918,61.27398512427066,271.3748401609115,61917.70022011133,0.7948466407945856,330.24006025855385,0.18554376799803635,0.6,1.3569699349930187,1.0221244606752367,0.0,273.04174869398713,273.24333679659566,0.0,0.0
242.869636794242,4149.733598415879,61.23940960419526,271.3431944676121,61989.13884615629,0.7958565157655761,330.2208046408564,0.18544988305869584,0.6,1.3569699349930187,1.0222684354785283,0.0,273.0082223340887,273.2095829976964,0.0,0.0
243.01964892320694,4140.549550249921,61.20463251198091,271.31156659747194,62060.61959120163,0.7968671147852392,330.2015587461704,0.18535537125986007,0.6,1.3569699349930187,1.022404327073863,0.0,272.97470390405215,273.1758359322099,0.0,0.0
243.1696610521719,4131.370733450843,61.16966546456523,271.2799566517724,62132.14218162016,0.7978784340959244,330.1823226378323,0.18526026764812756,0.6,1.3569699349930187,1.0225325042176614,0.0,272.94119415481504,273.1420964296402,0.0,0.0
243.31967318113684,4122.197176101855,61.13453600444231,271.2526642081976,62203.68864399946,0.7988775798470371,330.16571302688766,0.18516318803662,0.6,1.3569699349930187,1.0226373691455855,0.0,272.91199417688637,273.11266576345037,0.0,0.0
243.4696853101018,4113.028886278694,61.09946653095938,271.30410479124725,62274.951954995304,0.799641164894791,330.19701799433557,0.185039425558978,0.6,1.3569699349930187,1.022440784171265,0.0,272.9615315758625,273.16197300026784,0.0,0.0
243.61969743906673,4103.865837875795,61.06467854374958,271.3555161143877,62346.25630347346,0.8004050735868139,330.228302190095,0.1849165505765701,0.6,1.3569699349930187,1.022252469061912,0.0,273.0110560698492,273.21126930998315,0.0,0.0
243.76970956803166,4094.707986652597,61.0301864069826,271.40689842558805,62417.601987998816,0.8011693090865393,330.25956577093865,0.18479460621986013,0.6,1.3569699349930187,1.0220729203458918,0.0,273.0605686591515,273.26055578388537,0.0,0.0
243.91972169699662,4085.5552895448354,60.99595077097659,271.4582519662205,62488.9892994034,0.8019338744726738,330.29080888956236,0.18467347297990208,0.6,1.3569699349930187,1.0219008354760775,0.0,273.11006742672043,273.3098302438962,0.0,0.0
244.06973382596155,4076.4077091831914,60.96196709396419,271.5095769457069,62560.41848543258,0.8026987723607091,330.32203167916515,0.18455313678009605,0.6,1.3569699349930187,1.0217360760894456,0.0,273.1595523127337,273.3590925976322,0.0,0.0
244.2197459549265,4067.2652085490804,60.92822484290327,271.5608735715039,62631.88979229421,0.8034640053481006,330.35323427169635,0.18443356541438713,0.6,1.3569699349930187,1.021578302707855,0.0,273.2090229319868,273.4083423882152,0.0,0.0
244.36975808389144,4058.127752166156,60.89471397206628,271.6121420424175,62703.403455314656,0.8042295759142624,330.3844167937904,0.18431472816732072,0.6,1.3569699349930187,1.0214271915417,0.0,273.2584789183968,273.45757918124724,0.0,0.0
244.51977021285637,4048.9953060772555,60.86142491638896,271.66338254873205,62774.95969905177,0.8049954864218668,330.4155793668483,0.18419659579313225,0.6,1.3569699349930187,1.0212824342914946,0.0,273.3079199246778,273.5068025644312,0.0,0.0
244.66978234182133,4039.8678376949306,60.82834854362364,271.7145952730492,62846.55873840281,0.805761739128792,330.4467221075496,0.18407914036994444,0.6,1.3569699349930187,1.021143736580475,0.0,273.35734562050436,273.5560121454107,0.0,0.0
244.81979447078626,4030.7453157504156,60.79547613811855,271.7657803905738,62918.20077894466,0.8065283361918414,330.47784512802895,0.18396233524993497,0.6,1.3569699349930187,1.0210108174361143,0.0,273.4067556918406,273.6052075509833,0.0,0.0
244.9698065997512,4021.627710288224,60.76279939974908,271.8169380691441,62989.88601691999,0.8072952796666762,330.5089485358968,0.18384615505546467,0.6,1.3569699349930187,1.0208834092755859,0.0,273.45614984083517,273.65438842697944,0.0,0.0
245.11981872871615,4012.514992566395,60.73031041213675,271.8680684697915,63061.61463996437,0.8080625715156677,330.5400324345816,0.18373057558211536,0.6,1.3569699349930187,1.0207612568696087,0.0,273.505527784592,273.7035544368164,0.0,0.0
245.2698308576811,4003.4071349724245,60.69800161573504,271.9191717472122,63133.38682771737,0.8088302136145076,330.5710969236183,0.1836155737165367,0.6,1.3569699349930187,1.0206441164664966,0.0,273.5548892541218,273.7527052602664,0.0,0.0
245.41984298664605,3994.3041110181507,60.66586580663013,271.97024804979554,63205.20275181273,0.8095982077521676,330.6021420986682,0.18350112743227298,0.6,1.3569699349930187,1.0205317557714066,0.0,273.6042339942425,273.8018405933414,0.0,0.0
245.56985511561098,3985.205895292791,60.633896121873065,272.02129751988764,63277.062576201104,0.8103665556344183,330.6331680516803,0.1833872157447784,0.6,1.3569699349930187,1.0204239534773,0.0,273.6535617629904,273.85096014760103,0.0,0.0
245.7198672445759,3976.112463359855,60.60208600640835,272.0723202943697,63348.96645791792,0.8111352588920998,330.664174871245,0.183273818610697,0.6,1.3569699349930187,1.0203204981815297,0.0,273.7028723303602,273.9000636486704,0.0,0.0
245.86987937354087,3967.0237917422205,60.57042920849919,272.1233165047416,63420.91454715973,0.8119043190819971,330.69516264264615,0.18316091691353964,0.6,1.3569699349930187,1.0202211882507675,0.0,273.752165478089,273.94915083598806,0.0,0.0
246.0198915025058,3957.939857909412,60.53891977616101,272.1742862771932,63492.906987342474,0.8126737376875183,330.7261314479064,0.18304849245242255,0.6,1.3569699349930187,1.0201258317197686,0.0,273.8014409994847,273.99822146260465,0.0,0.0
246.16990363147076,3948.8606401827597,60.507552026726074,272.22522973313636,63564.943915813485,0.8134435161263595,330.7570813661116,0.1829365278494246,0.6,1.3569699349930187,1.0200342452931386,0.0,273.85069869827265,274.047275293826,0.0,0.0
246.3199157604357,3939.7861171915,60.476337187383095,272.2844145975551,63636.879152275294,0.8141870611246907,330.79303458975266,0.1828222811958101,0.6,1.3569699349930187,1.0199135011752998,0.0,273.9082068904987,274.10458071717824,0.0,0.0
246.46992788940062,3930.7162614396857,60.445330243514015,272.3513974731645,63708.720243786796,0.8149057455126597,330.83372018350195,0.18270607424777346,0.6,1.3569699349930187,1.0197672820552781,0.0,273.9735251173679,274.16969762923355,0.0,0.0
246.61994001836558,3921.6510410220612,60.414537621818816,272.41834630669206,63780.6058653481,0.8156247478485629,330.8743801009468,0.18259055779231648,0.6,1.3569699349930187,1.0196273860027147,0.0,274.0388216531976,274.2347943439265,0.0,0.0
246.7699521473305,3912.5904243047175,60.383951567621615,272.4852613314707,63852.53623567988,0.8163440702647832,330.9150144932354,0.18247570803063695,0.6,1.3569699349930187,1.0194935620933259,0.0,274.10409629794987,274.2998706088094,0.0,0.0
246.91996427629547,3903.534380976857,60.35356198339804,272.5521427710649,63924.511564003216,0.817063714797248,330.9556235055049,0.18236149410041422,0.6,1.3569699349930187,1.0193654797911167,0.0,274.16934871722145,274.36492602200093,0.0,0.0
247.0699764052604,3894.4828822264494,60.32336094465657,272.61899083797283,63996.53204858244,0.8177836833709478,330.99620727609755,0.18224789172384195,0.6,1.3569699349930187,1.019242881376972,0.0,274.23457868313625,274.42996030236816,0.0,0.0
247.21998853422534,3885.435900351778,60.293340567883355,272.6858057364951,64068.59787975645,0.818503977830335,331.0367659383059,0.1821348767620573,0.6,1.3569699349930187,1.019125510043608,0.0,274.2997859627617,274.4949731641016,0.0,0.0
247.3700006631903,3876.393408805176,60.26349333814056,272.75258766241194,64140.709239540585,0.8192245999354151,331.0772996201804,0.18202242620462428,0.6,1.3569699349930187,1.019013120966267,0.0,274.36497033529787,274.5599643360222,0.0,0.0
247.52001279215523,3867.355382175598,60.233812103969306,272.81933680311136,64212.86630171584,0.8199455513627154,331.11780844461026,0.18191051815337586,0.6,1.3569699349930187,1.0189054811499239,0.0,274.4301315918723,274.62493356133535,0.0,0.0
247.6700249211202,3858.3217960754478,60.20429004082175,272.88605333842514,64285.0692326844,0.8206668337139064,331.15829252983417,0.1817991317110017,0.6,1.3569699349930187,1.0188023682211553,0.0,274.4952695343617,274.6898805962099,0.0,0.0
247.82003705008512,3849.2926271021956,60.17492063873952,272.9527374409122,64357.31819173151,0.8213884485184817,331.1987519896149,0.1816882469431116,0.6,1.3569699349930187,1.0187035700312486,0.0,274.56038397496434,274.75480520926374,0.0,0.0
247.97004917905005,3840.267852834386,60.14569770154836,273.01938927588776,64429.61333101551,0.8221103972337277,331.23918693325993,0.18157784487518042,0.6,1.3569699349930187,1.0186088846455905,0.0,274.625474736136,274.81970718148875,0.0,0.0
248.120061308015,3831.247451756124,60.1166153225625,273.0860090019811,64501.954796129525,0.8228326812503911,331.27959746596275,0.18146790741841315,0.6,1.3569699349930187,1.0185181195445983,0.0,274.69054164980145,274.88458630529954,0.0,0.0
248.27007343697994,3822.2314031937603,60.08766786411598,273.15259677160304,64574.34272657162,0.8235553018974354,331.3199836890886,0.18135841730724694,0.6,1.3569699349930187,1.0184310909517338,0.0,274.7555845566847,274.94944238372636,0.0,0.0
248.42008556594487,3813.2196873121547,60.058849956675424,273.2191527309736,64646.77725573712,0.8242782604420171,331.36034570019393,0.1812493580961407,0.6,1.3569699349930187,1.018347623818401,0.0,274.8206033062479,275.0142752303427,0.0,0.0
248.57009769490983,3804.2122850791397,60.03015648761828,273.28567702038396,64719.25851116851,0.8250015580920358,331.40068359318747,0.181140714125106,0.6,1.3569699349930187,1.0182675514617234,0.0,274.8855977563144,275.0790846688117,0.0,0.0
248.72010982387476,3795.2091781878694,60.00158257607463,273.3521697747703,64791.78661514596,0.8257251960020785,331.44099745868056,0.18103247044311346,0.6,1.3569699349930187,1.0181907147329559,0.0,274.9505677722632,275.1438705319133,0.0,0.0
248.87012195283972,3786.210349045665,59.97312356947332,273.4186311237959,64864.361684745374,0.8264491752740457,331.48128738403875,0.18092461279719618,0.6,1.3569699349930187,1.0181169619144848,0.0,275.0155132268927,275.2086326613819,0.0,0.0
249.02013408180466,3777.215780764489,59.94477504082149,273.4850611919214,64936.98383188436,0.8271734969576574,331.5215534534268,0.18081712762377822,0.6,1.3569699349930187,1.0180461486415913,0.0,275.08043400031215,275.273370907776,0.0,0.0
249.1701462107696,3768.225457089444,59.91653276553632,273.5514600989329,65009.65316386937,0.8278981620559556,331.56179574813024,0.1807100019781884,0.6,1.3569699349930187,1.0179781371355883,0.0,275.14532997920435,275.33808512958797,0.0,0.0
249.32015833973455,3759.2393623747757,59.88839271372322,273.6178279601191,65082.36978356187,0.8286231715270007,331.60201434666493,0.1806032235109236,0.6,1.3569699349930187,1.0179127959556562,0.0,275.21020105656214,275.4027751929273,0.0,0.0
249.47017046869948,3750.2574815827866,59.86035105015152,273.68416488627906,65155.13378936126,0.8293485262837451,331.64220932478344,0.18049678046719667,0.6,1.3569699349930187,1.0178500000097805,0.0,275.2750471316675,275.4674409714961,0.0,0.0
249.62018259766444,3741.279800236399,59.832404118954145,273.75047098407293,65227.94527556208,0.8300742271976286,331.6823807556889,0.18039066164031664,0.6,1.3569699349930187,1.0177896300507434,0.0,275.339868109601,275.53208234599674,0.0,0.0
249.77019472662937,3732.3063043790994,59.80454843063368,273.8167463563173,65300.804332655374,0.8308002751016215,331.722528710216,0.18028485633207428,0.6,1.3569699349930187,1.0177315722488196,0.0,275.40466390082196,275.5966992036258,0.0,0.0
249.9202068555943,3723.3369805735956,59.77678066184391,273.8829911019953,65373.71104731693,0.8315266707901414,331.76265325683823,0.1801793543517599,0.6,1.3569699349930187,1.0176757181947034,0.0,275.4694344211433,275.6612914380445,0.0,0.0
250.07021898455926,3714.3718158802176,59.74909764856536,273.9492053164158,65446.66550255945,0.8322534150206016,331.802754461766,0.18007414599522353,0.6,1.3569699349930187,1.017621964679538,0.0,275.53417959150573,275.72585894910617,0.0,0.0
250.2202311135242,3705.4107978075317,59.72149637004526,274.0153890915786,65519.66777811418,0.832980508517246,331.8428323891689,0.17996922199605273,0.6,1.3569699349930187,1.0175702131625723,0.0,275.59889933746865,275.7904016422418,0.0,0.0
250.37024324248915,3696.453914305787,59.69397394677525,274.08154251622227,65592.71795046382,0.8337079519715054,331.88288710120634,0.17986457351918786,0.6,1.3569699349930187,1.0175203697118844,0.0,275.6635935891317,275.85491942836603,0.0,0.0
250.52025537145408,3687.5011537622513,59.6665276392199,274.14766567585883,65665.81609286185,0.8344357460422197,331.9229186580494,0.17976019215680916,0.6,1.3569699349930187,1.017472344970485,0.0,275.72826228108227,275.91941222381394,0.0,0.0
250.67026750041902,3678.5525049556322,59.639154832991935,274.21375865311035,65738.96227568536,0.8351638913591779,331.96292711808604,0.17965606988330074,0.6,1.3569699349930187,1.0174260536640283,0.0,275.79290535192786,275.9838799497768,0.0,0.0
250.82027962938398,3669.6079570499105,59.61185286179561,274.2798215277543,65812.15656646926,0.8358923885234857,332.0029125379497,0.17955219852169718,0.6,1.3569699349930187,1.017381408565935,0.0,275.8575227349529,276.0483225218227,0.0,0.0
250.9702917583489,3660.6674995771746,59.584620149447524,274.3458543768503,65885.39903002868,0.836621238108807,332.042874972597,0.1794485731831016,0.6,1.3569699349930187,1.017338359492053,0.0,275.92211441867215,276.1127399177583,0.0,0.0
251.12030388731387,3651.7311221169894,59.55745717902763,274.4122224322273,65958.47856378247,0.8373466456603119,332.083035425101,0.17934507585666898,0.6,1.3569699349930187,1.017292315939223,0.0,275.98704565543744,276.17749739241725,0.0,0.0
251.2703160162788,3642.7988141665387,59.53036444450626,274.4785849121404,66031.59186594708,0.8380721480212554,332.1231876481918,0.1792418194768292,0.6,1.3569699349930187,1.0172476032718265,0.0,276.0519756845689,276.2422541876673,0.0,0.0
251.42032814524373,3633.870565258804,59.50334055734801,274.54491742170893,66104.7531383254,0.8387979999046039,332.1633168875521,0.17913880772539306,0.6,1.3569699349930187,1.0172044866441958,0.0,276.11688003275196,276.3069858207084,0.0,0.0
251.5703402742087,3624.946365241959,59.4763831728937,274.6112200361031,66177.96244386406,0.8395242018634544,332.2034231969786,0.17903603340543373,0.6,1.3569699349930187,1.0171628893704376,0.0,276.18175864637413,276.37169222235366,0.0,0.0
251.72035240317362,3616.026204332518,59.44948976109312,274.6772202080074,66251.18005137869,0.8402510837136514,332.24334175128735,0.17893357756314696,0.6,1.3569699349930187,1.017123126862303,0.0,276.24633883978726,276.4361006902257,0.0,0.0
251.87036453213855,3607.110073161524,59.42265688070572,274.7420667170649,66324.28218002059,0.8409796834117325,332.2825578708743,0.17883170654957306,0.6,1.3569699349930187,1.017086338188722,0.0,276.3097692064762,276.49935979529624,0.0,0.0
252.0203766611035,3598.1979629921475,59.3958800756411,274.80570653946,66397.26199280405,0.8417100846542842,332.32103974371176,0.17873042321198684,0.6,1.3569699349930187,1.0170524699048429,0.0,276.37199648328124,276.5614162454604,0.0,0.0
252.17038879006844,3589.2898657269616,59.36915514791124,274.8681490040481,66470.12174485542,0.8424422957989862,332.3587932648684,0.17862971087573387,0.6,1.3569699349930187,1.0170213858643407,0.0,276.4330297737528,276.6222791170214,0.0,0.0
252.3204009190334,3580.3857738819256,59.342478094699395,274.92940344518667,66542.86366791469,0.8431763248306816,332.3958243252466,0.17852955347788382,0.6,1.3569699349930187,1.0169929559083049,0.0,276.4928781976337,276.6819575037672,0.0,0.0
252.47041304799833,3571.4856805680547,59.31584510325697,274.9894792031928,66615.48997061887,0.8439121793636429,332.4321388119905,0.17842993555085687,0.6,1.3569699349930187,1.0169670557061712,0.0,276.55155089102266,276.74046051709973,0.0,0.0
252.62042517696327,3562.589579451578,59.289252538757395,275.0483856249201,66688.00283896287,0.8446498666456794,332.46774260896365,0.17833084218486495,0.6,1.3569699349930187,1.0169435663570707,0.0,276.6090570062883,276.7977972858673,0.0,0.0
252.77043730592823,3553.6974647255633,59.26269693561171,275.10613206422414,66760.4044366618,0.8453893935612976,332.5026415971584,0.17823225900085052,0.6,1.3569699349930187,1.016922374108003,0.0,276.6654057120545,276.85397695629285,0.0,0.0
252.92044943489316,3544.8093310962076,59.236174993621766,275.1627278823061,66832.69690539304,0.846130766633668,332.53684165503074,0.17813417213805313,0.6,1.3569699349930187,1.016903370236115,0.0,276.72060619332126,276.90900869206723,0.0,0.0
253.07046156385812,3535.9251737549857,59.209683569744016,275.21818244812783,66904.8823651525,0.8468739920277883,332.5703486588758,0.17803656822838587,0.6,1.3569699349930187,1.0168864507815056,0.0,276.7746676514254,276.96290167425565,0.0,0.0
253.22047369282305,3527.0449883465976,59.18321966835095,275.2725051388236,66976.96291464295,0.8476190755540184,332.6031684832011,0.17793943436633297,0.6,1.3569699349930187,1.0168715162283024,0.0,276.8275993039218,277.0156651011142,0.0,0.0
253.37048582178798,3518.1687709578796,59.15678043803855,275.3257053399589,67048.94063149071,0.8483660226698809,332.63530700100574,0.17784275809861547,0.6,1.3569699349930187,1.0168584714079925,0.0,276.8794103846561,277.0673081881402,0.0,0.0
253.52049795075294,3509.296518096208,59.13036316539505,275.3777924458352,67120.81757254679,0.8491148384827545,332.66677008408556,0.17774652740473337,0.6,1.3569699349930187,1.0168472252991896,0.0,276.93011014372473,277.1178401679905,0.0,0.0
253.67051007971787,3500.4282266607215,59.1039652663863,275.4287758598149,67192.59577424577,0.8498655277531996,332.69756360335015,0.17765073067036774,0.6,1.3569699349930187,1.0168376907457295,0.0,276.9797078473308,277.167270290281,0.0,0.0
253.82052220868283,3491.5638939305522,59.077584282915055,275.47866499452425,67264.27725282463,0.8506180948968578,332.7276934290643,0.177555356676405,0.6,1.3569699349930187,1.0168297843505247,0.0,277.02821277779134,277.21560782156956,0.0,0.0
253.97053433764776,3482.7035175469246,59.051217877673665,275.5274692720773,67335.86400459183,0.8513725439868904,332.7571654311012,0.17746039458284923,0.6,1.3569699349930187,1.0168234263110951,0.0,277.0756342334757,277.26286204526053,0.0,0.0
254.1205464666127,3473.847095490229,59.024863827418145,275.5751981243082,67407.35800623611,0.8521288787568622,332.7859854791992,0.17736583390801322,0.6,1.3569699349930187,1.0168185402008996,0.0,277.121981528671,277.3090422614255,0.0,0.0
254.27055859557765,3464.994626065775,58.998520018846044,275.6218609929374,67478.7612150639,0.852887102602897,332.81415944317814,0.17727166451558066,0.6,1.3569699349930187,1.0168150528390332,0.0,277.16726399351904,277.3541577867123,0.0,0.0
254.42057072454259,3456.1461078906505,58.97218444480634,275.66746732971757,67550.0755692283,0.8536472185857622,332.8416931931415,0.17717787660269452,0.6,1.3569699349930187,1.016812894171016,0.0,277.21149097395033,277.39821795425394,0.0,0.0
254.57058285350755,3447.3015398737352,58.945855198488786,275.7120265966011,67621.30298801244,0.854409229433545,332.8685925996908,0.17708446068198846,0.6,1.3569699349930187,1.0168119970803253,0.0,277.2546718315351,277.4412321134809,0.0,0.0
254.72059498247248,3438.460921200979,58.91953046929375,275.75554826586284,67692.44537206976,0.8551731375438972,332.8948635341123,0.17699140756870274,0.6,1.3569699349930187,1.0168122972569598,0.0,277.2968159433779,277.48320962998815,0.0,0.0
254.8706071114374,3429.62425132666,58.893208540309004,275.79804182018137,67763.5046036171,0.8559389449857835,332.92051186853644,0.17689870837266025,0.6,1.3569699349930187,1.016813733120608,0.0,277.33793270205575,277.5241598854564,0.0,0.0
255.02061924040237,3420.7915299531724,58.86688778247423,275.8395167527635,67834.48254671847,0.856706653502222,332.94554347612365,0.17680635448029572,0.6,1.3569699349930187,1.0168162456304062,0.0,277.3780315154265,277.56409227742176,0.0,0.0
255.1706313693673,3411.9627579508483,58.84054183660533,275.8651994048092,67904.8590980454,0.8575156239777783,332.96104293322645,0.17671899786908551,0.6,1.3569699349930187,1.016865594075654,0.0,277.4023373474042,277.5882316032357,0.0,0.0
255.32064349833226,3403.1379448133976,58.81410337018747,275.88255226044663,67974.89779996549,0.8583460933021816,332.9715149573619,0.1766340384333441,0.6,1.3569699349930187,1.0169359037469075,0.0,277.4183091675026,277.60403640737104,0.0,0.0
255.4706556272972,3394.317105166663,58.787566690682524,275.8990462437618,68044.86353088594,0.8591782113942128,332.9814683677582,0.17654906436341122,0.6,1.3569699349930187,1.0170034087778863,0.0,277.43341760917,277.6189772881278,0.0,0.0
255.62066775626212,3385.50025338824,58.7609369113492,275.9146968751774,68114.75820478918,0.860011961518322,332.9909125764239,0.17646408563135524,0.6,1.3569699349930187,1.0170682570244816,0.0,277.44767846656583,277.63307007276967,0.0,0.0
255.77067988522708,3376.6874031465863,58.73421769787923,275.929519582446,68184.58372276933,0.8608473269117823,332.9998569360162,0.17637910790203323,0.6,1.3569699349930187,1.0171305466119454,0.0,277.4611073652244,277.64633041074984,0.0,0.0
255.920692014192,3367.8785675889853,58.70741274214673,275.9435297001112,68254.34197161424,0.8616842907684625,333.0083107396661,0.17629413695936877,0.6,1.3569699349930187,1.0171903768560602,0.0,277.47371983850985,277.658773859477,0.0,0.0
256.07070414315695,3359.0737593159165,58.68052559216956,275.9567424694005,68324.03482408519,0.8625228362427225,333.01628322105995,0.1762091781957003,0.6,1.3569699349930187,1.0172478423749503,0.0,277.48553131864344,277.67041587427,0.0,0.0
256.2207162721219,3350.272990386431,58.65355965350464,275.9691730380765,68393.66413895588,0.8633629464504281,333.0237835544919,0.1761242366159932,0.6,1.3569699349930187,1.0173030331260924,0.0,277.4965571366413,277.68127180830714,0.0,0.0
256.37072840108686,3341.4762723756844,58.62651820821229,275.9808364602388,68463.2317606399,0.8642046044649501,333.0308208548828,0.17603931689481264,0.6,1.3569699349930187,1.0173560350473625,0.0,277.50681252311875,277.6913569135505,0.0,0.0
256.5207405300518,3332.683616382585,58.5994044172514,275.99174769623016,68532.73951921961,0.8650477933179335,333.03740417785843,0.17595442338349604,0.6,1.3569699349930187,1.0174069301304325,0.0,277.5163126083333,277.7006863408064,0.0,0.0
256.6707526590167,3323.895033020523,58.57222131699759,276.00192161257826,68602.18923060942,0.8658924960016801,333.04354251984506,0.1758695600996601,0.6,1.3569699349930187,1.0174557962921613,0.0,277.52507242195776,277.7092751394775,0.0,0.0
256.82076478798166,3315.1105324629343,58.54497183422859,276.01137298188905,68671.58269629025,0.8667386954662921,333.04924481813254,0.1757847307721659,0.6,1.3569699349930187,1.0175027078813914,0.0,277.53310689376576,277.71713825834473,0.0,0.0
256.9707769169466,3306.3301244650115,58.517658793240656,276.0201164827976,68740.92170323587,0.8675863746190862,333.05451995096826,0.17569993886242868,0.6,1.3569699349930187,1.0175477359163805,0.0,277.540430853964,277.724290545945,0.0,0.0
257.1207890459116,3297.5538183535095,58.4902849121383,276.028166699969,68810.20802409308,0.8684355163270773,333.0593767376777,0.17561518755319738,0.6,1.3569699349930187,1.0175909479498944,0.0,277.5470590330108,277.7307467503683,0.0,0.0
257.2708011748765,3288.7816230494977,58.462852810170574,276.03553812407915,68879.44341710527,0.8692861034163117,333.0638239387698,0.1755304797705029,0.6,1.3569699349930187,1.0176324083147732,0.0,277.55300606198966,277.7365215196784,0.0,0.0
257.42081330384144,3280.013547102561,58.43536501902844,276.0422451518086,68948.62962594818,0.8701381186700765,333.06787025604604,0.17544581821748892,0.6,1.3569699349930187,1.0176721785069496,0.0,277.5582864731994,277.741629402575,0.0,0.0
257.5708254328064,3271.2495986868607,58.40782398132297,276.0483020858868,69017.76837986859,0.8709915448307937,333.0715243327371,0.17536120536973251,0.6,1.3569699349930187,1.0177103171272623,0.0,277.56291470012934,277.74608484836097,0.0,0.0
257.7208375617713,3262.4897856026155,58.38023205078152,276.05372313514135,69086.86139378388,0.8718463646014312,333.0747947536391,0.17527664347571792,0.6,1.3569699349930187,1.0177468798824356,0.0,277.56690507752796,277.7499022070131,0.0,0.0
257.8708496907363,3253.734115314892,58.352591505066286,276.058522414538,69155.91036808804,0.8727025606432589,333.07769004524073,0.1751921345952065,0.6,1.3569699349930187,1.0177819200221312,0.0,277.57027184211717,277.75309572997793,0.0,0.0
258.0208618197012,3244.982594958049,58.32490454713959,276.0627139452616,69224.91698873273,0.8735601155769701,333.0802186758723,0.1751076806032028,0.6,1.3569699349930187,1.0178154883815576,0.0,277.57302913275214,277.7556795703411,0.0,0.0
258.17087394866616,3236.235231327085,58.29717330205793,276.0663116548117,69293.88292741103,0.8744190119850721,333.0823890558602,0.17502328318018967,0.6,1.3569699349930187,1.0178476332660717,0.0,277.5751909903594,277.7576677827464,0.0,0.0
258.3208860776311,3227.49203090823,58.26939982704248,276.0693293770917,69362.809841436,0.8752792324104712,333.08420953767427,0.1749389438422231,0.6,1.3569699349930187,1.0178784007948358,0.0,277.5767713585552,277.7590743240784,0.0,0.0
258.470898206596,3218.752999893332,58.24158611619183,276.07178085252053,69431.69937374842,0.8761407593566336,333.08568841608593,0.17485466395493182,0.6,1.3569699349930187,1.017907835060099,0.0,277.5777840840093,277.7599130538562,0.0,0.0
258.620910335561,3210.0181441711275,58.21373409730511,276.0736797281631,69500.55315310761,0.8770035752900206,333.0868339283347,0.1747704447238226,0.6,1.3569699349930187,1.0179359780136967,0.0,277.57824291641754,277.76019773418744,0.0,0.0
258.77092246452594,3201.287469341829,58.18584563655046,276.0750395578607,69569.37279410113,0.8778676626402571,333.08765425429146,0.174686287208139,0.6,1.3569699349930187,1.0179628696250747,0.0,277.5781615088814,277.7599420301775,0.0,0.0
258.92093459349087,3192.56098073022,58.15792253906129,276.0758738023745,69638.15989716747,0.8787330038004443,333.0881575166268,0.17460219232248814,0.6,1.3569699349930187,1.017988547897401,0.0,277.57755341808894,277.7591595101156,0.0,0.0
259.0709467224558,3183.8386833597147,58.129966090279325,276.07619582954,69706.91604892806,0.8795995811313584,333.08835178098326,0.17451815945969112,0.6,1.3569699349930187,1.0180130328027046,0.0,277.57643208080225,277.75786361909934,0.0,0.0
259.22095885142073,3175.1205823131627,58.1019792269887,276.07601891443875,69775.64281947189,0.8804673769271616,333.0882450561555,0.17443419300850221,0.6,1.3569699349930187,1.0180364022763284,0.0,277.57481092610055,277.7560678048318,0.0,0.0
259.3709709803857,3166.406681368936,58.07397339552001,276.0826800205289,69844.35703855212,0.8813131865309923,333.09226337466663,0.1743480103895347,0.6,1.3569699349930187,1.018032248926491,0.0,277.58002750996127,277.76110969494675,0.0,0.0
259.52098310935065,3157.6969786316395,58.04601957160952,276.1015025697859,69913.07142405966,0.8821201009652159,333.1036178331859,0.17425814810777057,0.6,1.3569699349930187,1.017983622903188,0.0,277.59740891400975,277.7783168136506,0.0,0.0
259.6709952383156,3148.9914637653046,58.01813887045865,276.11963878792284,69981.76083890442,0.8829287849734813,333.11455790525156,0.17416872812553832,0.6,1.3569699349930187,1.0179382813375795,0.0,277.614108447885,277.7948426016672,0.0,0.0
259.8210073672805,3140.2901261512166,57.990326582439664,276.13709776525843,70050.42690476294,0.8837392356033558,333.1250891148597,0.17407973304119678,0.6,1.3569699349930187,1.0178960542568174,0.0,277.6301349539637,277.8106958713883,0.0,0.0
259.97101949624545,3131.592955864825,57.96257824407808,276.1538885981438,70119.07122272279,0.8845514495435144,333.13521698742755,0.17399114620255107,0.6,1.3569699349930187,1.0178567796747702,0.0,277.64549729380235,277.8258854559754,0.0,0.0
260.12103162521043,3122.8999436398803,57.93488962679436,276.17002038925347,70187.69537371962,0.8853654231276828,333.14494705003585,0.17390295167254324,0.6,1.3569699349930187,1.0178203032182012,0.0,277.6602043478159,277.84042020896453,0.0,0.0
260.27104375417537,3114.2110808146313,57.90725671946904,276.1855022478816,70256.30091911594,0.8861811523403351,333.15428483167403,0.1738151341764271,0.6,1.3569699349930187,1.0177864775371606,0.0,277.6742650146464,277.85430900352236,0.0,0.0
260.4210558831403,3105.5263593170725,57.8796757239013,276.2003432901413,70324.8894009675,0.8869986328187416,333.16323586342537,0.17372767908770131,0.6,1.3569699349930187,1.0177551621633159,0.0,277.68768821109995,277.86756073235176,0.0,0.0
260.57106801210523,3096.8457716391395,57.8521430469175,276.21455263916715,70393.46234237969,0.8878178598561293,333.1718056786537,0.17364057240400543,0.6,1.3569699349930187,1.017726223251574,0.0,277.700482871916,277.8801843074085,0.0,0.0
260.72108014107016,3088.16931078689,57.824655284285754,276.22813942533577,70462.02124804966,0.8886388284071128,333.1799998131999,0.17355380069843815,0.6,1.3569699349930187,1.0176995330354235,0.0,277.71265794913523,277.8921886591663,0.0,0.0
260.8710922700351,3079.4969702630415,57.79720921518293,276.2411127864101,70530.56760455265,0.8894615330901284,333.18782380553137,0.1734673511025928,0.6,1.3569699349930187,1.0176749696491716,0.0,277.7242224119355,277.903582736415,0.0,0.0
261.0211043990001,3070.8287440477498,57.76980179642214,276.2534818676728,70599.1028806424,0.8902859681900699,333.19528319688413,0.17338121128889492,0.6,1.3569699349930187,1.017652416941684,0.0,277.7351852464454,277.9143755060358,0.0,0.0
261.171116527965,3062.1646265612753,57.742430150530296,276.26525582206864,70667.62852769393,0.8911121276626799,333.2023835314096,0.1732953694344961,0.6,1.3569699349930187,1.0176317640750325,0.0,277.74555545525243,277.9245759524329,0.0,0.0
261.32112865692994,3053.504612660388,57.71509128134318,276.27644381028347,70736.14597987638,0.8919400051357306,333.2091303562822,0.17320981336745367,0.6,1.3569699349930187,1.0176128955098829,0.0,277.7553420428861,277.9341930612509,0.0,0.0
261.4711407858949,3044.848697544263,57.687784745862004,276.2882052063567,70804.60148663704,0.8927651816515,333.21622282278975,0.17312417822028245,0.6,1.3569699349930187,1.0175907560823008,0.0,277.76570435830666,277.9443861784169,0.0,0.0
261.6211529148598,3036.196875797056,57.66051762558244,276.3003836669428,70873.00424395278,0.8935882739956916,333.2235666323375,0.17303853448397372,0.6,1.3569699349930187,1.0175663096484593,0.0,277.7764864183875,277.9549993643677,0.0,0.0
261.7711650438248,3027.5491415324063,57.63329018747061,276.3119735233654,70941.40428513491,0.8944131648291611,333.2305553537137,0.17295319790315952,0.6,1.3569699349930187,1.0175439926743886,0.0,277.7866825652514,277.9650269625321,0.0,0.0
261.9211771727897,3018.905488986092,57.606097835924864,276.32298364550104,71009.80301557464,0.8952398481782264,333.2371943576614,0.1728681516088405,0.6,1.3569699349930187,1.0175236333702986,0.0,277.79630143082517,277.9744775760602,0.0,0.0
262.07118930175466,3010.2659131481605,57.57893805005843,276.3334229215606,71078.20182120836,0.8960683176820053,333.2434890244382,0.1727833849616066,0.6,1.3569699349930187,1.0175051325822717,0.0,277.8053517718918,277.9833599458409,0.0,0.0
262.2212014307196,3001.6304093318686,57.5518081705322,276.3433002586868,71146.6020720709,0.8968985666343643,333.24944474423194,0.17269888690948323,0.6,1.3569699349930187,1.0174883857503425,0.0,277.8138423573371,277.99168282403974,0.0,0.0
262.3712135596845,2992.9989728822447,57.52471145495883,276.35262458323126,71215.00512475178,0.897730588013051,333.25506691738195,0.17261466415818943,0.6,1.3569699349930187,1.0174734971415778,0.0,277.82178227774756,277.9994553211051,0.0,0.0
262.5212256886495,2984.3716002142864,57.49761951177986,276.35789040634404,71283.38518129673,0.8985754593610484,333.25824194399326,0.17253172547625334,0.6,1.3569699349930187,1.0174720024089963,0.0,277.82566459234425,278.0031703206685,0.0,0.0
262.67123781761444,2975.7482957833863,57.470462185519686,276.3369507142273,71351.57220405273,0.8995031586027062,333.2456161833108,0.17245676880534416,0.6,1.3569699349930187,1.0175605401337757,0.0,277.80333870687787,277.9806767954776,0.0,0.0
262.82124994657937,2967.1290730986207,57.4431933803446,276.3159374092362,71419.768864173,0.9004313598358875,333.2329455562374,0.17238149512635845,0.6,1.3569699349930187,1.0176441661282827,0.0,277.78093417723136,277.95810401764413,0.0,0.0
262.9712620755443,2958.5139500455457,57.4158080256007,276.29486337499304,71487.9763276031,0.9013600365875167,333.2202378266805,0.17230588514093995,0.6,1.3569699349930187,1.017722663948702,0.0,277.75846363661054,277.93546459008957,0.0,0.0
263.12127420450923,2949.9029432991306,57.38831476860369,276.27374135189984,71556.19575581275,0.9022891626152061,333.2075006733503,0.17222996076808775,0.6,1.3569699349930187,1.0177963037473088,0.0,277.73594027457017,277.9127717566872,0.0,0.0
263.2712863334742,2941.296068529636,57.36072060060695,276.252583937894,71624.42830431399,0.9032187118883275,333.1947416902069,0.17215373901050032,0.6,1.3569699349930187,1.017865297966504,0.0,277.7133770530397,277.89003852338595,0.0,0.0
263.42129846243915,2932.693340379669,57.33303220724591,276.2314035886731,71692.67512299189,0.9041486585936849,333.18196838658554,0.17207723600673172,0.6,1.3569699349930187,1.017929849130886,0.0,277.6907867754934,277.8672777357184,0.0,0.0
263.5713105914041,2924.094772483781,57.30525597388454,276.21021261805026,71760.93735610046,0.9050789771365646,333.1691881873985,0.17200046704694646,0.6,1.3569699349930187,1.0179901500031172,0.0,277.6681820876089,277.8445020794966,0.0,0.0
263.721322720369,2915.5003775604064,57.277398015874994,276.18902319851225,71829.21614168695,0.9060096421339268,333.15640843345835,0.17192344666338621,0.6,1.3569699349930187,1.018046384617625,0.0,277.6455754793967,277.82172408313073,0.0,0.0
263.87133484933395,2906.9101674392637,57.24946418735324,276.1678473616424,71897.51261152729,0.9069406284145017,333.1436363817174,0.17184618865646456,0.6,1.3569699349930187,1.018098728562597,0.0,277.6229792860987,277.7989561185857,0.0,0.0
264.02134697829894,2898.3241530694613,57.221460082842164,276.1466969985171,71965.8278912175,0.9078719110209569,333.13087920548975,0.17176870609927894,0.6,1.3569699349930187,1.0181473490097075,0.0,277.60040568869414,277.7762104019003,0.0,0.0
264.17135910726387,2889.7423445835816,57.19339105808872,276.12558386026035,72034.16309982113,0.9088034652059577,333.1181439947677,0.17169101139980852,0.6,1.3569699349930187,1.018192405422346,0.0,277.57786671554095,277.75349899495984,0.0,0.0
264.3213712362288,2881.1647513434464,57.16526224503744,276.10451955857127,72102.51934966177,0.9097352664301607,333.1054377565197,0.17161311634552737,0.6,1.3569699349930187,1.0182340500598352,0.0,277.5553742436901,277.73083380690565,0.0,0.0
264.47138336519373,2872.5913819463794,57.13707855314847,276.08351556617174,72170.89774643218,0.910667290364474,333.0927674149395,0.17153503210705207,0.6,1.3569699349930187,1.0182724280016922,0.0,277.53293999942474,277.70822659468547,0.0,0.0
264.62139549415866,2864.0222442599847,57.10884468024822,276.06258321734003,72239.29938907575,0.911599512889176,333.0801398117453,0.17145676927037967,0.6,1.3569699349930187,1.0183076775087163,0.0,277.51057555936984,277.68568896423244,0.0,0.0
264.77140762312365,2855.457345478659,57.08056513105509,276.0417337085117,72307.72536949666,0.9125319100906584,333.0675617065187,0.17137833789215243,0.6,1.3569699349930187,1.0183399306567533,0.0,277.48829235205574,277.66323237214544,0.0,0.0
264.9214197520886,2846.896692133395,57.052244219994584,276.02097809877984,72376.17677264045,0.9134644582631843,333.0550397769814,0.17129974750779214,0.6,1.3569699349930187,1.0183693134175085,0.0,277.4661016585838,277.64086812637447,0.0,0.0
265.0714318810535,2838.340290107387,57.02388607554286,276.00032731042216,72444.65467653175,0.9143971339100287,333.0425806192873,0.1712210071442152,0.6,1.3569699349930187,1.0183959457937617,0.0,277.44401461339544,277.6186073870189,0.0,0.0
265.22144401001844,2829.7881446893875,56.99549465762487,275.9797921295306,72513.1601520093,0.9153299137404635,333.0301907483753,0.1711421253717158,0.6,1.3569699349930187,1.0184199424171523,0.0,277.42204220580413,277.5964611679691,0.0,0.0
265.3714561389834,2821.2402605901398,56.967073762807004,275.9593832065617,72581.69426275454,0.916262774670717,333.0178765982731,0.17106311031923266,0.6,1.3569699349930187,1.0184414127160974,0.0,277.40019528082854,277.57444033777296,0.0,0.0
265.52146826794836,2812.696641951645,56.9386270265854,275.9391110568798,72650.25806538177,0.9171956938257428,333.0056445223962,0.17098396968089832,0.6,1.3569699349930187,1.0184604609814267,0.0,277.37848453987095,277.55255562033136,0.0,0.0
265.6714803969133,2804.1572923850335,56.910157935522165,275.91898606137744,72718.85260929576,0.9181286485377997,332.993500793892,0.17090471075213864,0.6,1.3569699349930187,1.0184771867813454,0.0,277.3569205419701,277.5308175962273,0.0,0.0
265.8214925258782,2795.6222149964683,56.88166983558528,275.8990184670742,72787.47893664712,0.9190616163463424,332.98145160597056,0.1708253404543851,0.6,1.3569699349930187,1.018491685243384,0.0,277.33551370483985,277.5092367038175,0.0,0.0
265.97150465484316,2787.0914123943817,56.85316593398679,275.8792183876792,72856.13808243671,0.9199945749999178,332.9695030722125,0.17074586534027653,0.6,1.3569699349930187,1.0185040471066544,0.0,277.3142743055412,277.487823239918,0.0,0.0
266.1215167838081,2778.5648867124114,56.82464930621665,275.85959580419706,72924.8310744943,0.9209275024563337,332.95766122690225,0.1706662916144527,0.6,1.3569699349930187,1.0185143589587442,0.0,277.29321248146016,277.4665873608269,0.0,0.0
266.2715289127731,2770.0426396405824,56.796122906060184,275.8401605655585,72993.55893339131,0.921860376881912,332.9459320253758,0.17058662516330553,0.6,1.3569699349930187,1.0185227035794846,0.0,277.2723382314603,277.44553908353987,0.0,0.0
266.421541041738,2761.5246724654926,56.76758968221218,275.8209223892746,73062.32267227872,0.922793176649722,332.9343213443816,0.17050687190490268,0.6,1.3569699349930187,1.0185291641099208,0.0,277.25166142242983,277.4246882930101,0.0,0.0
266.57155317070294,2753.0109859079494,56.73905228748061,275.80189086164177,73131.12329836264,0.9237258803599979,332.9228349821704,0.17042703691538388,0.6,1.3569699349930187,1.018533813631579,0.0,277.2311917748364,277.4040447259314,0.0,0.0
266.7215652996679,2744.5015804911873,56.710512090995415,275.78307543914417,73199.96181009339,0.924658466802416,332.9114786593066,0.17034712146117242,0.6,1.3569699349930187,1.0185366796134085,0.0,277.2109388144255,277.3836179164252,0.0,0.0
266.8715774286328,2735.9964567795696,56.681966784941984,275.76170734274973,73268.79068380367,0.925599626771564,332.89858116304873,0.17026797346781122,0.6,1.3569699349930187,1.018547244427965,0.0,277.18813364622366,277.3606389554967,0.0,0.0
267.0215895575978,2727.4956159841286,56.65341142265736,275.740528445721,73337.6585183358,0.9265407890894929,332.8857973718993,0.17018873100003212,0.6,1.3569699349930187,1.0185558805979453,0.0,277.16551789503757,277.3378494379056,0.0,0.0
267.1716016865627,2718.9990594133014,56.62484892876695,275.71965676249505,73406.56817917741,0.9274815910404071,332.87319853770856,0.17010936650206873,0.6,1.3569699349930187,1.0185622960174698,0.0,277.14320972311987,277.31536754378055,0.0,0.0
267.32161381552766,2710.5067878991167,56.596282499893306,275.6991012964862,73475.52062636838,0.9284220112091324,332.86079011654095,0.17002988690881213,0.6,1.3569699349930187,1.0185665846341179,0.0,277.12121829507305,277.2932024572175,0.0,0.0
267.4716259444926,2702.0188017993178,56.567715195976604,275.67887090476313,73544.51681385751,0.9293620284701962,332.8485774766064,0.1699502987960114,0.6,1.3569699349930187,1.018568836120066,0.0,277.0995526219643,277.2713632079073,0.0,0.0
267.6216380734575,2693.535101021301,56.5391499475871,275.6589742988095,73613.55768947492,0.930301621987886,332.8365658986724,0.1698706084018415,0.6,1.3569699349930187,1.01856913611977,0.0,277.0782215624703,277.2498586723276,0.0,0.0
267.7716502024225,2685.055685046379,56.510589622402726,275.63942004528525,73682.6441949023,0.9312407712162702,332.8247605764759,0.16979082182624397,0.6,1.3569699349930187,1.0185675686313476,0.0,277.0572338269909,277.2286975782616,0.0,0.0
267.92166233138744,2676.580552251833,56.482043572506356,275.6202165652117,73751.77727137339,0.932179455976965,332.8131666161839,0.16971096470364155,0.6,1.3569699349930187,1.0185644522229296,0.0,277.03659830521116,277.2078888720721,0.0,0.0
268.07167446035237,2668.1097037513327,56.45345983186565,275.5881724429326,73820.87618693474,0.9331613170556643,332.7938193129767,0.16963494078228017,0.6,1.3569699349930187,1.0186055523152715,0.0,277.00312097543656,277.1742382169026,0.0,0.0
268.2216865893173,2659.6431505800606,56.424765189785546,275.53318966476627,73889.87896515847,0.9342199601840526,332.760619699711,0.1695656332191719,0.6,1.3569699349930187,1.018724727166905,0.0,276.9467001588152,277.11764349065277,0.0,0.0
268.37169871828223,2651.180913701251,56.395910655049654,275.47947866109746,73958.9359038379,0.9352753930131921,332.72818480868204,0.1694954417146151,0.6,1.3569699349930187,1.0188328063846608,0.0,276.8915438408813,277.0623123831881,0.0,0.0
268.52171084724716,2642.7230167040443,56.366908122076396,275.427046741545,74028.04771150496,0.9363275831569996,332.69651927830336,0.1694243998835618,0.6,1.3569699349930187,1.0189301865936626,0.0,276.8376599388726,277.00825288522884,0.0,0.0
268.67172297621215,2634.2694805037745,56.33777376167751,275.37590079336377,74097.2151072194,0.9373764997538145,332.6656274883212,0.16935255435626678,0.6,1.3569699349930187,1.019017422155185,0.0,276.78505616042673,276.9554728036259,0.0,0.0
268.8217351051771,2625.8203237956573,56.30852213274528,275.32604728777807,74166.43881711453,0.9384221134128796,332.63551356341577,0.16927994707940366,0.6,1.3569699349930187,1.0190950123931262,0.0,276.733739714933,276.90397943703874,0.0,0.0
268.971747234142,2617.375563114916,56.279167066495596,275.2774922837215,74235.71957414897,0.9394643962098772,332.60618137524614,0.16920661797022185,0.6,1.3569699349930187,1.0191634333957875,0.0,276.6837173616528,276.8537796294232,0.0,0.0
269.12175936310695,2608.935212970639,56.24972170846562,275.2302414319697,74305.05811725237,0.9405033216731978,332.57763454474167,0.16913260503961625,0.6,1.3569699349930187,1.0192231394038889,0.0,276.6349954160312,276.8048797766063,0.0,0.0
269.2717714920719,2600.4992859804606,56.22019856189767,275.184299979192,74374.45519045941,0.9415388647700657,332.54987644435414,0.1690579445195044,0.6,1.3569699349930187,1.0192745642574306,0.0,276.58757975599207,276.75728583285286,0.0,0.0
269.42178362103687,2592.067792916097,56.19060950109984,275.1396727714455,74443.91154277138,0.9425710019035096,332.5229101999831,0.16898267090019803,0.6,1.3569699349930187,1.0193181217735852,0.0,276.5414758261736,276.7110033151907,0.0,0.0
269.5717957500018,2583.6407427949684,56.160965799258534,275.0963642578875,74513.42792763935,0.943599710903548,332.49673869304166,0.16890681701123658,0.6,1.3569699349930187,1.0193542066474444,0.0,276.49668864310263,276.6660373087616,0.0,0.0
269.72180787896673,2575.2181430161113,56.13127817198187,275.0543784946449,74583.00510207549,0.9446249710128624,332.47136456262774,0.16883041414957228,0.6,1.3569699349930187,1.019383195924284,0.0,276.4532228013067,276.6223924732049,0.0,0.0
269.87182000793166,2566.8000000000006,56.10154875417943,275.0137191509707,74652.64382158822,0.9456467628114359,332.44679020908615,0.16875346794263052,0.6,1.3569699349930187,1.0194051572597531,0.0,276.41108207986434,276.5800726008807,0.0,0.0
